Step Id,Device_id,Name,Type,Accelerator Core,Start Time(us),Duration(us),Wait Time(us),Block Num
1,1,aclnnInplaceOne_OnesLikeAiCore_OnesLike,N/A,N/A,1790547463747201.039	,1.860,0,1
1,1,AivKernel,N/A,N/A,1790547463747318.862	,994.380,115.890000,8
1,1,hcom_allReduce__503_265_1,N/A,COMMUNICATION,1790547463747318.862	,994.380,0.000000,0
1,1,aclnnGroupedMatmulSwigluQuantWeightNzV2_GroupedMatmulSwigluQuantV2_GroupedMatmulSwigluQuantV2,N/A,N/A,1790547463748948.494	,210.905,635.370000,20
1,1,aclnnGroupedMatmulWeightNz_GroupedMatmul_GroupedMatmul,N/A,N/A,1790547463749162.539	,119.622,3.095000,20
1,1,aclnnGroupedMatmulSwigluQuantWeightNzV2_GroupedMatmulSwigluQuantV2_GroupedMatmulSwigluQuantV2,N/A,N/A,1790547463749285.001	,194.504,2.878000,20
1,1,aclnnGroupedMatmulWeightNz_GroupedMatmul_GroupedMatmul,N/A,N/A,1790547463749482.185	,103.922,2.746000,20
1,1,aclnnGroupedMatmulSwigluQuantWeightNzV2_GroupedMatmulSwigluQuantV2_GroupedMatmulSwigluQuantV2,N/A,N/A,1790547463749588.987	,204.144,2.828000,20
1,1,aclnnGroupedMatmulWeightNz_GroupedMatmul_GroupedMatmul,N/A,N/A,1790547463749795.991	,111.923,2.856000,20
1,1,aclnnGroupedMatmulSwigluQuantWeightNzV2_GroupedMatmulSwigluQuantV2_GroupedMatmulSwigluQuantV2,N/A,N/A,1790547463749910.674	,167.943,2.827000,20
1,1,aclnnGroupedMatmulWeightNz_GroupedMatmul_GroupedMatmul,N/A,N/A,1790547463750081.717	,92.402,3.057000,20
1,1,aclnnGroupedMatmulSwigluQuantWeightNzV2_GroupedMatmulSwigluQuantV2_GroupedMatmulSwigluQuantV2,N/A,N/A,1790547463750176.979	,149.263,2.848000,20
1,1,aclnnGroupedMatmulWeightNz_GroupedMatmul_GroupedMatmul,N/A,N/A,1790547463750329.382	,78.882,3.237000,20
1,1,aclnnGroupedMatmulSwigluQuantWeightNzV2_GroupedMatmulSwigluQuantV2_GroupedMatmulSwigluQuantV2,N/A,N/A,1790547463750411.264	,166.023,2.868000,20
1,1,aclnnGroupedMatmulWeightNz_GroupedMatmul_GroupedMatmul,N/A,N/A,1790547463750580.427	,90.282,3.227000,20
1,1,aclnnGroupedMatmulSwigluQuantWeightNzV2_GroupedMatmulSwigluQuantV2_GroupedMatmulSwigluQuantV2,N/A,N/A,1790547463750673.309	,134.922,2.468000,20
1,1,aclnnGroupedMatmulWeightNz_GroupedMatmul_GroupedMatmul,N/A,N/A,1790547463750811.152	,77.281,3.078000,20
1,1,aclnnGroupedMatmulSwigluQuantWeightNzV2_GroupedMatmulSwigluQuantV2_GroupedMatmulSwigluQuantV2,N/A,N/A,1790547463750891.273	,145.743,2.719000,20
1,1,aclnnGroupedMatmulWeightNz_GroupedMatmul_GroupedMatmul,N/A,N/A,1790547463751040.016	,82.702,3.007000,20
1,1,aclnnGroupedMatmulSwigluQuantWeightNzV2_GroupedMatmulSwigluQuantV2_GroupedMatmulSwigluQuantV2,N/A,N/A,1790547463751125.658	,155.263,3.048000,20
1,1,aclnnGroupedMatmulWeightNz_GroupedMatmul_GroupedMatmul,N/A,N/A,1790547463751283.581	,84.542,2.487000,20
1,1,aclnnGroupedMatmulSwigluQuantWeightNzV2_GroupedMatmulSwigluQuantV2_GroupedMatmulSwigluQuantV2,N/A,N/A,1790547463751371.003	,133.122,2.958000,20
1,1,aclnnGroupedMatmulWeightNz_GroupedMatmul_GroupedMatmul,N/A,N/A,1790547463751506.985	,77.822,2.878000,20
1,1,aclnnGroupedMatmulSwigluQuantWeightNzV2_GroupedMatmulSwigluQuantV2_GroupedMatmulSwigluQuantV2,N/A,N/A,1790547463751587.747	,159.423,2.928000,20
1,1,aclnnGroupedMatmulWeightNz_GroupedMatmul_GroupedMatmul,N/A,N/A,1790547463751749.770	,83.882,2.577000,20
1,1,aclnnGroupedMatmulSwigluQuantWeightNzV2_GroupedMatmulSwigluQuantV2_GroupedMatmulSwigluQuantV2,N/A,N/A,1790547463751836.492	,144.963,2.868000,20
1,1,aclnnGroupedMatmulWeightNz_GroupedMatmul_GroupedMatmul,N/A,N/A,1790547463751984.595	,81.542,3.037000,20
1,1,aclnnGroupedMatmulSwigluQuantWeightNzV2_GroupedMatmulSwigluQuantV2_GroupedMatmulSwigluQuantV2,N/A,N/A,1790547463752068.957	,105.722,2.958000,20
1,1,aclnnGroupedMatmulWeightNz_GroupedMatmul_GroupedMatmul,N/A,N/A,1790547463752177.339	,56.701,2.528000,20
1,1,aclnnGroupedMatmulSwigluQuantWeightNzV2_GroupedMatmulSwigluQuantV2_GroupedMatmulSwigluQuantV2,N/A,N/A,1790547463752236.840	,148.403,2.799000,20
1,1,aclnnGroupedMatmulWeightNz_GroupedMatmul_GroupedMatmul,N/A,N/A,1790547463752387.803	,84.722,2.597000,20
1,1,aclnnGroupedMatmulSwigluQuantWeightNzV2_GroupedMatmulSwigluQuantV2_GroupedMatmulSwigluQuantV2,N/A,N/A,1790547463752475.205	,128.362,2.778000,20
1,1,aclnnGroupedMatmulWeightNz_GroupedMatmul_GroupedMatmul,N/A,N/A,1790547463752606.247	,77.322,2.638000,20
1,1,aclnnGroupedMatmulSwigluQuantWeightNzV2_GroupedMatmulSwigluQuantV2_GroupedMatmulSwigluQuantV2,N/A,N/A,1790547463752686.329	,123.082,2.678000,20
1,1,aclnnGroupedMatmulWeightNz_GroupedMatmul_GroupedMatmul,N/A,N/A,1790547463752811.972	,64.121,2.668000,20
1,1,aclnnGroupedMatmulSwigluQuantWeightNzV2_GroupedMatmulSwigluQuantV2_GroupedMatmulSwigluQuantV2,N/A,N/A,1790547463752878.713	,115.142,2.629000,20
1,1,aclnnGroupedMatmulWeightNz_GroupedMatmul_GroupedMatmul,N/A,N/A,1790547463752996.495	,64.962,2.608000,20
1,1,aclnnGroupedMatmulSwigluQuantWeightNzV2_GroupedMatmulSwigluQuantV2_GroupedMatmulSwigluQuantV2,N/A,N/A,1790547463753064.497	,156.443,3.038000,20
1,1,aclnnGroupedMatmulWeightNz_GroupedMatmul_GroupedMatmul,N/A,N/A,1790547463753223.500	,83.441,2.557000,20
1,1,aclnnGroupedMatmulSwigluQuantWeightNzV2_GroupedMatmulSwigluQuantV2_GroupedMatmulSwigluQuantV2,N/A,N/A,1790547463753309.701	,141.683,2.809000,20
1,1,aclnnGroupedMatmulWeightNz_GroupedMatmul_GroupedMatmul,N/A,N/A,1790547463753454.124	,78.882,2.567000,20
1,1,aclnnGroupedMatmulSwigluQuantWeightNzV2_GroupedMatmulSwigluQuantV2_GroupedMatmulSwigluQuantV2,N/A,N/A,1790547463753535.966	,173.143,3.118000,20
1,1,aclnnGroupedMatmulWeightNz_GroupedMatmul_GroupedMatmul,N/A,N/A,1790547463753711.810	,94.201,2.607000,20
1,1,aclnnGroupedMatmulSwigluQuantWeightNzV2_GroupedMatmulSwigluQuantV2_GroupedMatmulSwigluQuantV2,N/A,N/A,1790547463753808.851	,108.183,2.799000,20
1,1,aclnnGroupedMatmulWeightNz_GroupedMatmul_GroupedMatmul,N/A,N/A,1790547463753920.034	,57.001,3.067000,20
1,1,aclnnGroupedMatmulSwigluQuantWeightNzV2_GroupedMatmulSwigluQuantV2_GroupedMatmulSwigluQuantV2,N/A,N/A,1790547463753980.135	,164.883,3.249000,20
1,1,aclnnGroupedMatmulWeightNz_GroupedMatmul_GroupedMatmul,N/A,N/A,1790547463754147.678	,87.322,2.617000,20
1,1,aclnnGroupedMatmulSwigluQuantWeightNzV2_GroupedMatmulSwigluQuantV2_GroupedMatmulSwigluQuantV2,N/A,N/A,1790547463754237.560	,157.623,2.428000,20
1,1,aclnnGroupedMatmulWeightNz_GroupedMatmul_GroupedMatmul,N/A,N/A,1790547463754397.763	,84.602,2.627000,20
1,1,aclnnGroupedMatmulSwigluQuantWeightNzV2_GroupedMatmulSwigluQuantV2_GroupedMatmulSwigluQuantV2,N/A,N/A,1790547463754485.105	,166.863,2.648000,20
1,1,aclnnGroupedMatmulWeightNz_GroupedMatmul_GroupedMatmul,N/A,N/A,1790547463754654.528	,89.662,2.637000,20
1,1,aclnnGroupedMatmulSwigluQuantWeightNzV2_GroupedMatmulSwigluQuantV2_GroupedMatmulSwigluQuantV2,N/A,N/A,1790547463754747.330	,136.503,3.088000,20
1,1,aclnnGroupedMatmulWeightNz_GroupedMatmul_GroupedMatmul,N/A,N/A,1790547463754886.853	,73.581,2.997000,20
1,1,aclnnGroupedMatmulSwigluQuantWeightNzV2_GroupedMatmulSwigluQuantV2_GroupedMatmulSwigluQuantV2,N/A,N/A,1790547463754963.275	,152.463,2.919000,20
1,1,aclnnGroupedMatmulWeightNz_GroupedMatmul_GroupedMatmul,N/A,N/A,1790547463755118.678	,84.141,3.037000,20
1,1,aclnnGroupedMatmulSwigluQuantWeightNzV2_GroupedMatmulSwigluQuantV2_GroupedMatmulSwigluQuantV2,N/A,N/A,1790547463755205.459	,143.963,2.609000,20
1,1,aclnnGroupedMatmulWeightNz_GroupedMatmul_GroupedMatmul,N/A,N/A,1790547463755352.302	,74.982,2.787000,20
1,1,aclnnGroupedMatmulSwigluQuantWeightNzV2_GroupedMatmulSwigluQuantV2_GroupedMatmulSwigluQuantV2,N/A,N/A,1790547463755430.064	,150.703,2.768000,20
1,1,aclnnGroupedMatmulWeightNz_GroupedMatmul_GroupedMatmul,N/A,N/A,1790547463755583.647	,81.842,3.047000,20
1,1,aclnnGroupedMatmulSwigluQuantWeightNzV2_GroupedMatmulSwigluQuantV2_GroupedMatmulSwigluQuantV2,N/A,N/A,1790547463755668.609	,156.963,2.908000,20
1,1,aclnnGroupedMatmulWeightNz_GroupedMatmul_GroupedMatmul,N/A,N/A,1790547463755828.712	,88.302,3.287000,20
1,1,aclnnGroupedMatmulSwigluQuantWeightNzV2_GroupedMatmulSwigluQuantV2_GroupedMatmulSwigluQuantV2,N/A,N/A,1790547463755919.794	,146.283,2.698000,20
1,1,aclnnGroupedMatmulWeightNz_GroupedMatmul_GroupedMatmul,N/A,N/A,1790547463756069.057	,76.141,2.967000,20
1,1,aclnnGroupedMatmulSwigluQuantWeightNzV2_GroupedMatmulSwigluQuantV2_GroupedMatmulSwigluQuantV2,N/A,N/A,1790547463756147.938	,157.023,2.859000,20
1,1,aclnnGroupedMatmulWeightNz_GroupedMatmul_GroupedMatmul,N/A,N/A,1790547463756307.621	,88.702,2.477000,20
1,1,aclnnGroupedMatmulSwigluQuantWeightNzV2_GroupedMatmulSwigluQuantV2_GroupedMatmulSwigluQuantV2,N/A,N/A,1790547463756399.263	,161.703,3.048000,20
1,1,aclnnGroupedMatmulWeightNz_GroupedMatmul_GroupedMatmul,N/A,N/A,1790547463756563.826	,96.262,2.797000,20
1,1,aclnnGroupedMatmulSwigluQuantWeightNzV2_GroupedMatmulSwigluQuantV2_GroupedMatmulSwigluQuantV2,N/A,N/A,1790547463756662.808	,124.323,2.738000,20
1,1,aclnnGroupedMatmulWeightNz_GroupedMatmul_GroupedMatmul,N/A,N/A,1790547463756789.711	,66.261,2.677000,20
1,1,aclnnGroupedMatmulSwigluQuantWeightNzV2_GroupedMatmulSwigluQuantV2_GroupedMatmulSwigluQuantV2,N/A,N/A,1790547463756858.912	,139.143,2.989000,20
1,1,aclnnGroupedMatmulWeightNz_GroupedMatmul_GroupedMatmul,N/A,N/A,1790547463757000.915	,76.742,2.857000,20
1,1,aclnnGroupedMatmulSwigluQuantWeightNzV2_GroupedMatmulSwigluQuantV2_GroupedMatmulSwigluQuantV2,N/A,N/A,1790547463757081.237	,147.463,3.508000,20
1,1,aclnnGroupedMatmulWeightNz_GroupedMatmul_GroupedMatmul,N/A,N/A,1790547463757231.640	,80.141,3.037000,20
1,1,aclnnGroupedMatmulSwigluQuantWeightNzV2_GroupedMatmulSwigluQuantV2_GroupedMatmulSwigluQuantV2,N/A,N/A,1790547463757314.761	,146.963,2.859000,20
1,1,aclnnGroupedMatmulWeightNz_GroupedMatmul_GroupedMatmul,N/A,N/A,1790547463757464.664	,81.722,3.037000,20
1,1,aclnnGroupedMatmulSwigluQuantWeightNzV2_GroupedMatmulSwigluQuantV2_GroupedMatmulSwigluQuantV2,N/A,N/A,1790547463757549.046	,122.563,2.528000,20
1,1,aclnnGroupedMatmulWeightNz_GroupedMatmul_GroupedMatmul,N/A,N/A,1790547463757674.749	,65.801,3.187000,20
1,1,aclnnGroupedMatmulSwigluQuantWeightNzV2_GroupedMatmulSwigluQuantV2_GroupedMatmulSwigluQuantV2,N/A,N/A,1790547463757743.370	,140.863,2.699000,20
1,1,aclnnGroupedMatmulWeightNz_GroupedMatmul_GroupedMatmul,N/A,N/A,1790547463757887.273	,82.182,3.137000,20
1,1,aclnnGroupedMatmulSwigluQuantWeightNzV2_GroupedMatmulSwigluQuantV2_GroupedMatmulSwigluQuantV2,N/A,N/A,1790547463757972.215	,142.082,2.818000,20
1,1,aclnnGroupedMatmulWeightNz_GroupedMatmul_GroupedMatmul,N/A,N/A,1790547463758117.198	,81.681,2.918000,20
1,1,aclnnGroupedMatmulSwigluQuantWeightNzV2_GroupedMatmulSwigluQuantV2_GroupedMatmulSwigluQuantV2,N/A,N/A,1790547463758201.639	,119.703,2.819000,20
1,1,aclnnGroupedMatmulWeightNz_GroupedMatmul_GroupedMatmul,N/A,N/A,1790547463758324.162	,67.741,2.797000,20
1,1,aclnnGroupedMatmulSwigluQuantWeightNzV2_GroupedMatmulSwigluQuantV2_GroupedMatmulSwigluQuantV2,N/A,N/A,1790547463758394.543	,124.463,2.509000,20
1,1,aclnnGroupedMatmulWeightNz_GroupedMatmul_GroupedMatmul,N/A,N/A,1790547463758521.986	,70.381,3.037000,20
1,1,aclnnGroupedMatmulSwigluQuantWeightNzV2_GroupedMatmulSwigluQuantV2_GroupedMatmulSwigluQuantV2,N/A,N/A,1790547463758595.407	,141.983,3.119000,20
1,1,aclnnGroupedMatmulWeightNz_GroupedMatmul_GroupedMatmul,N/A,N/A,1790547463758740.410	,75.761,3.017000,20
1,1,aclnnGroupedMatmulSwigluQuantWeightNzV2_GroupedMatmulSwigluQuantV2_GroupedMatmulSwigluQuantV2,N/A,N/A,1790547463758819.312	,164.323,2.989000,20
1,1,aclnnGroupedMatmulWeightNz_GroupedMatmul_GroupedMatmul,N/A,N/A,1790547463758986.195	,96.802,2.677000,20
1,1,hcom_reduceScatter_,N/A,N/A,1790547463759090.797	,188.824,7.698000,8
1,1,hcom_reduceScatter__503_0_2,hcom_reduceScatter_,COMMUNICATION,1790547463759090.797	,188.824,0.000000,0
1,1,hcom_allGather_,N/A,N/A,1790547463759281.201	,14.440,1.676000,8
1,1,hcom_allGather__503_1_2,hcom_allGather_,COMMUNICATION,1790547463759281.201	,14.440,0.000000,0
1,1,hcom_alltoall__503_2_2,hcom_alltoall_,COMMUNICATION,1790547463759297.121	,16.340,1.310000,0
1,1,hcom_alltoall_,N/A,N/A,1790547463759297.121	,16.340,0.000000,8
1,1,hcom_reduceScatter__503_3_2,hcom_reduceScatter_,COMMUNICATION,1790547463759315.281	,15.041,1.910000,0
1,1,hcom_reduceScatter_,N/A,N/A,1790547463759315.281	,15.041,0.000000,8
1,1,hcom_allGather_,N/A,N/A,1790547463759331.922	,14.180,1.709000,8
1,1,hcom_allGather__503_4_2,hcom_allGather_,COMMUNICATION,1790547463759331.922	,14.180,0.000000,0
1,1,hcom_allGather_,N/A,N/A,1790547463759348.162	,6.820,2.070000,8
1,1,hcom_allGather__503_5_2,hcom_allGather_,COMMUNICATION,1790547463759348.162	,6.820,0.000000,0
1,1,hcom_reduceScatter_,N/A,N/A,1790547463759356.182	,15.281,1.180000,8
1,1,hcom_reduceScatter__503_6_2,hcom_reduceScatter_,COMMUNICATION,1790547463759356.182	,15.281,0.000000,0
1,1,hcom_allGather_,N/A,N/A,1790547463759373.303	,14.200,1.719000,8
1,1,hcom_allGather__503_7_2,hcom_allGather_,COMMUNICATION,1790547463759373.303	,14.200,0.000000,0
1,1,hcom_alltoall__503_8_2,hcom_alltoall_,COMMUNICATION,1790547463759389.143	,15.040,1.800000,0
1,1,hcom_alltoall_,N/A,N/A,1790547463759389.143	,15.040,0.000000,8
1,1,hcom_reduceScatter__503_9_2,hcom_reduceScatter_,COMMUNICATION,1790547463759406.243	,14.301,1.960000,0
1,1,hcom_reduceScatter_,N/A,N/A,1790547463759406.243	,14.301,0.000000,8
1,1,hcom_allGather__503_10_2,hcom_allGather_,COMMUNICATION,1790547463759422.464	,14.640,1.949000,0
1,1,hcom_allGather_,N/A,N/A,1790547463759422.464	,14.640,0.000000,8
1,1,hcom_allGather__503_11_2,hcom_allGather_,COMMUNICATION,1790547463759438.384	,5.780,1.360000,0
1,1,hcom_allGather_,N/A,N/A,1790547463759438.384	,5.780,0.000000,8
1,1,hcom_reduceScatter_,N/A,N/A,1790547463759445.384	,14.980,1.220000,8
1,1,hcom_reduceScatter__503_12_2,hcom_reduceScatter_,COMMUNICATION,1790547463759445.384	,14.980,0.000000,0
1,1,hcom_allGather__503_13_2,hcom_allGather_,COMMUNICATION,1790547463759462.504	,14.261,2.020000,0
1,1,hcom_allGather_,N/A,N/A,1790547463759462.504	,14.261,0.000000,8
1,1,hcom_alltoall__503_14_2,hcom_alltoall_,COMMUNICATION,1790547463759478.345	,15.460,1.489000,0
1,1,hcom_alltoall_,N/A,N/A,1790547463759478.345	,15.460,0.000000,8
1,1,hcom_reduceScatter_,N/A,N/A,1790547463759495.005	,15.520,1.290000,8
1,1,hcom_reduceScatter__503_15_2,hcom_reduceScatter_,COMMUNICATION,1790547463759495.005	,15.520,0.000000,0
1,1,hcom_allGather_,N/A,N/A,1790547463759512.245	,12.941,1.730000,8
1,1,hcom_allGather__503_16_2,hcom_allGather_,COMMUNICATION,1790547463759512.245	,12.941,0.000000,0
1,1,hcom_allGather_,N/A,N/A,1790547463759526.586	,7.000,1.309000,8
1,1,hcom_allGather__503_17_2,hcom_allGather_,COMMUNICATION,1790547463759526.586	,7.000,0.000000,0
1,1,hcom_reduceScatter_,N/A,N/A,1790547463759535.186	,14.340,1.750000,8
1,1,hcom_reduceScatter__503_18_2,hcom_reduceScatter_,COMMUNICATION,1790547463759535.186	,14.340,0.000000,0
1,1,hcom_allGather_,N/A,N/A,1790547463759550.686	,14.080,1.160000,8
1,1,hcom_allGather__503_19_2,hcom_allGather_,COMMUNICATION,1790547463759550.686	,14.080,0.000000,0
1,1,hcom_alltoall__503_20_2,hcom_alltoall_,COMMUNICATION,1790547463759565.986	,15.601,1.170000,0
1,1,hcom_alltoall_,N/A,N/A,1790547463759565.986	,15.601,0.000000,8
1,1,hcom_reduceScatter__503_21_2,hcom_reduceScatter_,COMMUNICATION,1790547463759584.027	,13.760,2.399000,0
1,1,hcom_reduceScatter_,N/A,N/A,1790547463759584.027	,13.760,0.000000,8
1,1,hcom_allGather__503_22_2,hcom_allGather_,COMMUNICATION,1790547463759598.987	,15.160,1.240000,0
1,1,hcom_allGather_,N/A,N/A,1790547463759598.987	,15.160,0.000000,8
1,1,hcom_allGather_,N/A,N/A,1790547463759615.367	,8.161,1.090000,8
1,1,hcom_allGather__503_23_2,hcom_allGather_,COMMUNICATION,1790547463759615.367	,8.161,0.000000,0
1,1,hcom_reduceScatter__503_24_2,hcom_reduceScatter_,COMMUNICATION,1790547463759625.028	,14.120,1.589000,0
1,1,hcom_reduceScatter_,N/A,N/A,1790547463759625.028	,14.120,0.000000,8
1,1,hcom_allGather__503_25_2,hcom_allGather_,COMMUNICATION,1790547463759641.048	,13.940,1.880000,0
1,1,hcom_allGather_,N/A,N/A,1790547463759641.048	,13.940,0.000000,8
1,1,hcom_alltoall__503_26_2,hcom_alltoall_,COMMUNICATION,1790547463759656.748	,15.281,1.810000,0
1,1,hcom_alltoall_,N/A,N/A,1790547463759656.748	,15.281,0.000000,8
1,1,hcom_reduceScatter__503_27_2,hcom_reduceScatter_,COMMUNICATION,1790547463759673.229	,14.660,1.219000,0
1,1,hcom_reduceScatter_,N/A,N/A,1790547463759673.229	,14.660,0.000000,8
1,1,hcom_allGather__503_28_2,hcom_allGather_,COMMUNICATION,1790547463759689.089	,18.740,1.090000,0
1,1,hcom_allGather_,N/A,N/A,1790547463759689.089	,18.740,0.000000,8
1,1,hcom_allGather__503_29_2,hcom_allGather_,COMMUNICATION,1790547463759709.269	,6.760,1.510000,0
1,1,hcom_allGather_,N/A,N/A,1790547463759709.269	,6.760,0.000000,8
1,1,hcom_reduceScatter_,N/A,N/A,1790547463759717.389	,14.461,1.490000,8
1,1,hcom_reduceScatter__503_30_2,hcom_reduceScatter_,COMMUNICATION,1790547463759717.389	,14.461,0.000000,0
1,1,hcom_allGather_,N/A,N/A,1790547463759733.070	,13.740,1.039000,8
1,1,hcom_allGather__503_31_2,hcom_allGather_,COMMUNICATION,1790547463759733.070	,13.740,0.000000,0
1,1,hcom_alltoall_,N/A,N/A,1790547463759748.030	,15.420,1.260000,8
1,1,hcom_alltoall__503_32_2,hcom_alltoall_,COMMUNICATION,1790547463759748.030	,15.420,0.000000,0
1,1,hcom_reduceScatter_,N/A,N/A,1790547463759764.690	,14.301,1.330000,8
1,1,hcom_reduceScatter__503_33_2,hcom_reduceScatter_,COMMUNICATION,1790547463759764.690	,14.301,0.000000,0
1,1,hcom_allGather_,N/A,N/A,1790547463759780.171	,14.600,1.199000,8
1,1,hcom_allGather__503_34_2,hcom_allGather_,COMMUNICATION,1790547463759780.171	,14.600,0.000000,0
1,1,hcom_allGather_,N/A,N/A,1790547463759795.931	,8.140,1.150000,8
1,1,hcom_allGather__503_35_2,hcom_allGather_,COMMUNICATION,1790547463759795.931	,8.140,0.000000,0
1,1,hcom_reduceScatter__503_36_2,hcom_reduceScatter_,COMMUNICATION,1790547463759805.471	,14.341,1.360000,0
1,1,hcom_reduceScatter_,N/A,N/A,1790547463759805.471	,14.341,0.000000,8
1,1,hcom_allGather_,N/A,N/A,1790547463759821.132	,12.860,1.409000,8
1,1,hcom_allGather__503_37_2,hcom_allGather_,COMMUNICATION,1790547463759821.132	,12.860,0.000000,0
1,1,hcom_alltoall__503_38_2,hcom_alltoall_,COMMUNICATION,1790547463759835.172	,15.960,1.140000,0
1,1,hcom_alltoall_,N/A,N/A,1790547463759835.172	,15.960,0.000000,8
1,1,hcom_reduceScatter_,N/A,N/A,1790547463759852.332	,14.180,1.040000,8
1,1,hcom_reduceScatter__503_39_2,hcom_reduceScatter_,COMMUNICATION,1790547463759852.332	,14.180,0.000000,0
1,1,hcom_allGather_,N/A,N/A,1790547463759867.873	,14.880,1.320000,8
1,1,hcom_allGather__503_40_2,hcom_allGather_,COMMUNICATION,1790547463759867.873	,14.880,0.000000,0
1,1,hcom_allGather__503_41_2,hcom_allGather_,COMMUNICATION,1790547463759884.053	,6.180,1.370000,0
1,1,hcom_allGather_,N/A,N/A,1790547463759884.053	,6.180,0.000000,8
1,1,hcom_reduceScatter_,N/A,N/A,1790547463759891.693	,13.860,1.570000,8
1,1,hcom_reduceScatter__503_42_2,hcom_reduceScatter_,COMMUNICATION,1790547463759891.693	,13.860,0.000000,0
1,1,hcom_allGather_,N/A,N/A,1790547463759906.813	,15.421,1.140000,8
1,1,hcom_allGather__503_43_2,hcom_allGather_,COMMUNICATION,1790547463759906.813	,15.421,0.000000,0
1,1,hcom_alltoall__503_44_2,hcom_alltoall_,COMMUNICATION,1790547463759923.534	,15.380,1.329000,0
1,1,hcom_alltoall_,N/A,N/A,1790547463759923.534	,15.380,0.000000,8
1,1,hcom_reduceScatter_,N/A,N/A,1790547463759940.374	,14.880,1.370000,8
1,1,hcom_reduceScatter__503_45_2,hcom_reduceScatter_,COMMUNICATION,1790547463759940.374	,14.880,0.000000,0
1,1,hcom_allGather_,N/A,N/A,1790547463759956.474	,14.881,1.370000,8
1,1,hcom_allGather__503_46_2,hcom_allGather_,COMMUNICATION,1790547463759956.474	,14.881,0.000000,0
1,1,hcom_allGather_,N/A,N/A,1790547463759972.735	,5.420,1.369000,8
1,1,hcom_allGather__503_47_2,hcom_allGather_,COMMUNICATION,1790547463759972.735	,5.420,0.000000,0
1,1,hcom_reduceScatter_,N/A,N/A,1790547463759979.495	,14.160,1.330000,8
1,1,hcom_reduceScatter__503_48_2,hcom_reduceScatter_,COMMUNICATION,1790547463759979.495	,14.160,0.000000,0
1,1,hcom_allGather_,N/A,N/A,1790547463759994.835	,14.540,1.090000,8
1,1,hcom_allGather__503_49_2,hcom_allGather_,COMMUNICATION,1790547463759994.835	,14.540,0.000000,0
1,1,hcom_alltoall__503_50_2,hcom_alltoall_,COMMUNICATION,1790547463760010.555	,15.381,1.210000,0
1,1,hcom_alltoall_,N/A,N/A,1790547463760010.555	,15.381,0.000000,8
1,1,hcom_reduceScatter__503_51_2,hcom_reduceScatter_,COMMUNICATION,1790547463760027.176	,13.600,1.369000,0
1,1,hcom_reduceScatter_,N/A,N/A,1790547463760027.176	,13.600,0.000000,8
1,1,hcom_allGather_,N/A,N/A,1790547463760042.116	,13.820,1.150000,8
1,1,hcom_allGather__503_52_2,hcom_allGather_,COMMUNICATION,1790547463760042.116	,13.820,0.000000,0
1,1,hcom_allGather_,N/A,N/A,1790547463760057.296	,7.100,1.430000,8
1,1,hcom_allGather__503_53_2,hcom_allGather_,COMMUNICATION,1790547463760057.296	,7.100,0.000000,0
1,1,hcom_reduceScatter_,N/A,N/A,1790547463760065.596	,14.481,1.150000,8
1,1,hcom_reduceScatter__503_54_2,hcom_reduceScatter_,COMMUNICATION,1790547463760065.596	,14.481,0.000000,0
1,1,hcom_allGather__503_55_2,hcom_allGather_,COMMUNICATION,1790547463760081.277	,14.320,1.269000,0
1,1,hcom_allGather_,N/A,N/A,1790547463760081.277	,14.320,0.000000,8
1,1,hcom_alltoall_,N/A,N/A,1790547463760096.777	,14.920,1.180000,8
1,1,hcom_alltoall__503_56_2,hcom_alltoall_,COMMUNICATION,1790547463760096.777	,14.920,0.000000,0
1,1,hcom_reduceScatter_,N/A,N/A,1790547463760112.897	,15.681,1.330000,8
1,1,hcom_reduceScatter__503_57_2,hcom_reduceScatter_,COMMUNICATION,1790547463760112.897	,15.681,0.000000,0
1,1,hcom_allGather_,N/A,N/A,1790547463760129.778	,14.580,1.069000,8
1,1,hcom_allGather__503_58_2,hcom_allGather_,COMMUNICATION,1790547463760129.778	,14.580,0.000000,0
1,1,hcom_allGather__503_59_2,hcom_allGather_,COMMUNICATION,1790547463760145.558	,6.000,1.170000,0
1,1,hcom_allGather_,N/A,N/A,1790547463760145.558	,6.000,0.000000,8
1,1,hcom_reduceScatter_,N/A,N/A,1790547463760152.818	,14.780,1.250000,8
1,1,hcom_reduceScatter__503_60_2,hcom_reduceScatter_,COMMUNICATION,1790547463760152.818	,14.780,0.000000,0
1,1,hcom_allGather__503_61_2,hcom_allGather_,COMMUNICATION,1790547463760168.839	,13.580,1.220000,0
1,1,hcom_allGather_,N/A,N/A,1790547463760168.839	,13.580,0.000000,8
1,1,hcom_alltoall_,N/A,N/A,1790547463760183.739	,14.140,1.420000,8
1,1,hcom_alltoall__503_62_2,hcom_alltoall_,COMMUNICATION,1790547463760183.739	,14.140,0.000000,0
1,1,hcom_reduceScatter_,N/A,N/A,1790547463760199.099	,15.180,1.110000,8
1,1,hcom_reduceScatter__503_63_2,hcom_reduceScatter_,COMMUNICATION,1790547463760199.099	,15.180,0.000000,0
1,1,hcom_allGather_,N/A,N/A,1790547463760215.519	,15.701,1.320000,8
1,1,hcom_allGather__503_64_2,hcom_allGather_,COMMUNICATION,1790547463760215.519	,15.701,0.000000,0
1,1,hcom_allGather_,N/A,N/A,1790547463760232.600	,5.960,1.299000,8
1,1,hcom_allGather__503_65_2,hcom_allGather_,COMMUNICATION,1790547463760232.600	,5.960,0.000000,0
1,1,hcom_reduceScatter__503_66_2,hcom_reduceScatter_,COMMUNICATION,1790547463760239.900	,14.720,1.540000,0
1,1,hcom_reduceScatter_,N/A,N/A,1790547463760239.900	,14.720,0.000000,8
1,1,hcom_allGather__503_67_2,hcom_allGather_,COMMUNICATION,1790547463760255.800	,13.321,1.030000,0
1,1,hcom_allGather_,N/A,N/A,1790547463760255.800	,13.321,0.000000,8
1,1,hcom_alltoall_,N/A,N/A,1790547463760270.281	,15.860,1.179000,8
1,1,hcom_alltoall__503_68_2,hcom_alltoall_,COMMUNICATION,1790547463760270.281	,15.860,0.000000,0
1,1,hcom_reduceScatter_,N/A,N/A,1790547463760287.301	,15.060,1.140000,8
1,1,hcom_reduceScatter__503_69_2,hcom_reduceScatter_,COMMUNICATION,1790547463760287.301	,15.060,0.000000,0
1,1,hcom_allGather_,N/A,N/A,1790547463760303.641	,12.860,1.440000,8
1,1,hcom_allGather__503_70_2,hcom_allGather_,COMMUNICATION,1790547463760303.641	,12.860,0.000000,0
1,1,hcom_allGather_,N/A,N/A,1790547463760317.881	,5.741,1.390000,8
1,1,hcom_allGather__503_71_2,hcom_allGather_,COMMUNICATION,1790547463760317.881	,5.741,0.000000,0
1,1,hcom_reduceScatter_,N/A,N/A,1790547463760324.822	,13.900,1.009000,8
1,1,hcom_reduceScatter__503_72_2,hcom_reduceScatter_,COMMUNICATION,1790547463760324.822	,13.900,0.000000,0
1,1,hcom_allGather_,N/A,N/A,1790547463760339.922	,17.000,1.350000,8
1,1,hcom_allGather__503_73_2,hcom_allGather_,COMMUNICATION,1790547463760339.922	,17.000,0.000000,0
1,1,hcom_alltoall_,N/A,N/A,1790547463760358.402	,14.261,1.500000,8
1,1,hcom_alltoall__503_74_2,hcom_alltoall_,COMMUNICATION,1790547463760358.402	,14.261,0.000000,0
1,1,hcom_reduceScatter__503_75_2,hcom_reduceScatter_,COMMUNICATION,1790547463760373.963	,14.300,1.239000,0
1,1,hcom_reduceScatter_,N/A,N/A,1790547463760373.963	,14.300,0.000000,8
1,1,hcom_allGather__503_76_2,hcom_allGather_,COMMUNICATION,1790547463760389.643	,13.820,1.450000,0
1,1,hcom_allGather_,N/A,N/A,1790547463760389.643	,13.820,0.000000,8
1,1,hcom_allGather__503_77_2,hcom_allGather_,COMMUNICATION,1790547463760404.623	,6.260,0.930000,0
1,1,hcom_allGather_,N/A,N/A,1790547463760404.623	,6.260,0.000000,8
1,1,hcom_reduceScatter__503_78_2,hcom_reduceScatter_,COMMUNICATION,1790547463760412.063	,14.701,1.240000,0
1,1,hcom_reduceScatter_,N/A,N/A,1790547463760412.063	,14.701,0.000000,8
1,1,hcom_allGather__503_79_2,hcom_allGather_,COMMUNICATION,1790547463760428.104	,13.340,1.299000,0
1,1,hcom_allGather_,N/A,N/A,1790547463760428.104	,13.340,0.000000,8
1,1,hcom_alltoall_,N/A,N/A,1790547463760442.704	,15.160,1.410000,8
1,1,hcom_alltoall__503_80_2,hcom_alltoall_,COMMUNICATION,1790547463760442.704	,15.160,0.000000,0
1,1,hcom_reduceScatter__503_81_2,hcom_reduceScatter_,COMMUNICATION,1790547463760459.044	,14.461,1.090000,0
1,1,hcom_reduceScatter_,N/A,N/A,1790547463760459.044	,14.461,0.000000,8
1,1,hcom_allGather_,N/A,N/A,1790547463760474.705	,13.900,1.289000,8
1,1,hcom_allGather__503_82_2,hcom_allGather_,COMMUNICATION,1790547463760474.705	,13.900,0.000000,0
1,1,hcom_allGather_,N/A,N/A,1790547463760489.885	,6.960,1.350000,8
1,1,hcom_allGather__503_83_2,hcom_allGather_,COMMUNICATION,1790547463760489.885	,6.960,0.000000,0
1,1,hcom_reduceScatter__503_84_2,hcom_reduceScatter_,COMMUNICATION,1790547463760498.025	,13.080,1.040000,0
1,1,hcom_reduceScatter_,N/A,N/A,1790547463760498.025	,13.080,0.000000,8
1,1,hcom_allGather_,N/A,N/A,1790547463760512.265	,14.501,1.170000,8
1,1,hcom_allGather__503_85_2,hcom_allGather_,COMMUNICATION,1790547463760512.265	,14.501,0.000000,0
1,1,hcom_alltoall_,N/A,N/A,1790547463760527.946	,14.960,1.249000,8
1,1,hcom_alltoall__503_86_2,hcom_alltoall_,COMMUNICATION,1790547463760527.946	,14.960,0.000000,0
1,1,hcom_reduceScatter_,N/A,N/A,1790547463760544.166	,14.600,1.290000,8
1,1,hcom_reduceScatter__503_87_2,hcom_reduceScatter_,COMMUNICATION,1790547463760544.166	,14.600,0.000000,0
1,1,hcom_allGather__503_88_2,hcom_allGather_,COMMUNICATION,1790547463760560.126	,15.841,1.400000,0
1,1,hcom_allGather_,N/A,N/A,1790547463760560.126	,15.841,0.000000,8
1,1,hcom_allGather_,N/A,N/A,1790547463760577.187	,5.760,1.159000,8
1,1,hcom_allGather__503_89_2,hcom_allGather_,COMMUNICATION,1790547463760577.187	,5.760,0.000000,0
1,1,hcom_reduceScatter_,N/A,N/A,1790547463760584.247	,14.580,1.240000,8
1,1,hcom_reduceScatter__503_90_2,hcom_reduceScatter_,COMMUNICATION,1790547463760584.247	,14.580,0.000000,0
1,1,hcom_allGather_,N/A,N/A,1790547463760600.067	,13.260,1.170000,8
1,1,hcom_allGather__503_91_2,hcom_allGather_,COMMUNICATION,1790547463760600.067	,13.260,0.000000,0
1,1,hcom_alltoall_,N/A,N/A,1790547463760614.507	,14.221,1.240000,8
1,1,hcom_alltoall__503_92_2,hcom_alltoall_,COMMUNICATION,1790547463760614.507	,14.221,0.000000,0
1,1,hcom_reduceScatter_,N/A,N/A,1790547463760629.928	,14.700,1.279000,8
1,1,hcom_reduceScatter__503_93_2,hcom_reduceScatter_,COMMUNICATION,1790547463760629.928	,14.700,0.000000,0
1,1,hcom_allGather_,N/A,N/A,1790547463760645.828	,13.380,1.050000,8
1,1,hcom_allGather__503_94_2,hcom_allGather_,COMMUNICATION,1790547463760645.828	,13.380,0.000000,0
1,1,hcom_allGather_,N/A,N/A,1790547463760660.508	,6.260,1.370000,8
1,1,hcom_allGather__503_95_2,hcom_allGather_,COMMUNICATION,1790547463760660.508	,6.260,0.000000,0
1,1,hcom_reduceScatter__503_96_2,hcom_reduceScatter_,COMMUNICATION,1790547463760667.988	,14.061,1.240000,0
1,1,hcom_reduceScatter_,N/A,N/A,1790547463760667.988	,14.061,0.000000,8
1,1,hcom_allGather_,N/A,N/A,1790547463760683.269	,14.460,1.189000,8
1,1,hcom_allGather__503_97_2,hcom_allGather_,COMMUNICATION,1790547463760683.269	,14.460,0.000000,0
1,1,hcom_alltoall__503_98_2,hcom_alltoall_,COMMUNICATION,1790547463760698.929	,14.820,1.290000,0
1,1,hcom_alltoall_,N/A,N/A,1790547463760698.929	,14.820,0.000000,8
1,1,hcom_reduceScatter__503_99_2,hcom_reduceScatter_,COMMUNICATION,1790547463760715.029	,14.361,1.180000,0
1,1,hcom_reduceScatter_,N/A,N/A,1790547463760715.029	,14.361,0.000000,8
1,1,hcom_allGather__503_100_2,hcom_allGather_,COMMUNICATION,1790547463760730.590	,14.340,1.139000,0
1,1,hcom_allGather_,N/A,N/A,1790547463760730.590	,14.340,0.000000,8
1,1,hcom_allGather__503_101_2,hcom_allGather_,COMMUNICATION,1790547463760746.190	,6.620,1.410000,0
1,1,hcom_allGather_,N/A,N/A,1790547463760746.190	,6.620,0.000000,8
1,1,hcom_reduceScatter__503_102_2,hcom_reduceScatter_,COMMUNICATION,1790547463760753.990	,13.960,1.130000,0
1,1,hcom_reduceScatter_,N/A,N/A,1790547463760753.990	,13.960,0.000000,8
1,1,hcom_allGather__503_103_2,hcom_allGather_,COMMUNICATION,1790547463760769.191	,14.140,1.290000,0
1,1,hcom_allGather_,N/A,N/A,1790547463760769.191	,14.140,0.000000,8
1,1,hcom_alltoall_,N/A,N/A,1790547463760784.531	,14.240,1.110000,8
1,1,hcom_alltoall__503_104_2,hcom_alltoall_,COMMUNICATION,1790547463760784.531	,14.240,0.000000,0
1,1,hcom_reduceScatter__503_105_2,hcom_reduceScatter_,COMMUNICATION,1790547463760800.071	,14.340,1.260000,0
1,1,hcom_reduceScatter_,N/A,N/A,1790547463760800.071	,14.340,0.000000,8
1,1,hcom_allGather_,N/A,N/A,1790547463760816.171	,17.141,1.910000,8
1,1,hcom_allGather__503_106_2,hcom_allGather_,COMMUNICATION,1790547463760816.171	,17.141,0.000000,0
1,1,hcom_allGather__503_107_2,hcom_allGather_,COMMUNICATION,1790547463760834.512	,6.020,1.109000,0
1,1,hcom_allGather_,N/A,N/A,1790547463760834.512	,6.020,0.000000,8
1,1,hcom_reduceScatter__503_108_2,hcom_reduceScatter_,COMMUNICATION,1790547463760841.732	,14.320,1.230000,0
1,1,hcom_reduceScatter_,N/A,N/A,1790547463760841.732	,14.320,0.000000,8
1,1,hcom_allGather__503_109_2,hcom_allGather_,COMMUNICATION,1790547463760857.212	,13.801,1.180000,0
1,1,hcom_allGather_,N/A,N/A,1790547463760857.212	,13.801,0.000000,8
1,1,hcom_alltoall_,N/A,N/A,1790547463760872.233	,14.440,1.199000,8
1,1,hcom_alltoall__503_110_2,hcom_alltoall_,COMMUNICATION,1790547463760872.233	,14.440,0.000000,0
1,1,hcom_reduceScatter__503_111_2,hcom_reduceScatter_,COMMUNICATION,1790547463760887.913	,14.700,1.310000,0
1,1,hcom_reduceScatter_,N/A,N/A,1790547463760887.913	,14.700,0.000000,8
1,1,hcom_allGather_,N/A,N/A,1790547463760903.833	,13.720,1.050000,8
1,1,hcom_allGather__503_112_2,hcom_allGather_,COMMUNICATION,1790547463760903.833	,13.720,0.000000,0
1,1,hcom_allGather_,N/A,N/A,1790547463760919.194	,6.240,1.780000,8
1,1,hcom_allGather__503_113_2,hcom_allGather_,COMMUNICATION,1790547463760919.194	,6.240,0.000000,0
1,1,hcom_reduceScatter_,N/A,N/A,1790547463760926.594	,14.280,1.010000,8
1,1,hcom_reduceScatter__503_114_2,hcom_reduceScatter_,COMMUNICATION,1790547463760926.594	,14.280,0.000000,0
1,1,hcom_allGather_,N/A,N/A,1790547463760942.154	,13.640,1.470000,8
1,1,hcom_allGather__503_115_2,hcom_allGather_,COMMUNICATION,1790547463760942.154	,13.640,0.000000,0
1,1,hcom_alltoall__503_116_2,hcom_alltoall_,COMMUNICATION,1790547463760957.154	,14.361,1.360000,0
1,1,hcom_alltoall_,N/A,N/A,1790547463760957.154	,14.361,0.000000,8
1,1,hcom_reduceScatter_,N/A,N/A,1790547463760972.855	,14.380,1.139000,8
1,1,hcom_reduceScatter__503_117_2,hcom_reduceScatter_,COMMUNICATION,1790547463760972.855	,14.380,0.000000,0
1,1,hcom_allGather_,N/A,N/A,1790547463760988.415	,15.320,1.370000,8
1,1,hcom_allGather__503_118_2,hcom_allGather_,COMMUNICATION,1790547463760988.415	,15.320,0.000000,0
1,1,hcom_allGather__503_119_2,hcom_allGather_,COMMUNICATION,1790547463761004.975	,6.160,1.180000,0
1,1,hcom_allGather_,N/A,N/A,1790547463761004.975	,6.160,0.000000,8
1,1,hcom_reduceScatter__503_120_2,hcom_reduceScatter_,COMMUNICATION,1790547463761012.335	,14.061,1.090000,0
1,1,hcom_reduceScatter_,N/A,N/A,1790547463761012.335	,14.061,0.000000,8
1,1,hcom_allGather_,N/A,N/A,1790547463761027.716	,14.480,1.439000,8
1,1,hcom_allGather__503_121_2,hcom_allGather_,COMMUNICATION,1790547463761027.716	,14.480,0.000000,0
1,1,hcom_alltoall_,N/A,N/A,1790547463761043.416	,14.800,1.270000,8
1,1,hcom_alltoall__503_122_2,hcom_alltoall_,COMMUNICATION,1790547463761043.416	,14.800,0.000000,0
1,1,hcom_reduceScatter__503_123_2,hcom_reduceScatter_,COMMUNICATION,1790547463761059.456	,14.461,1.200000,0
1,1,hcom_reduceScatter_,N/A,N/A,1790547463761059.456	,14.461,0.000000,8
1,1,hcom_allGather__503_124_2,hcom_allGather_,COMMUNICATION,1790547463761075.117	,14.880,1.039000,0
1,1,hcom_allGather_,N/A,N/A,1790547463761075.117	,14.880,0.000000,8
1,1,hcom_allGather__503_125_2,hcom_allGather_,COMMUNICATION,1790547463761091.197	,6.440,1.370000,0
1,1,hcom_allGather_,N/A,N/A,1790547463761091.197	,6.440,0.000000,8
1,1,hcom_reduceScatter_,N/A,N/A,1790547463761098.817	,14.080,1.060000,8
1,1,hcom_reduceScatter__503_126_2,hcom_reduceScatter_,COMMUNICATION,1790547463761098.817	,14.080,0.000000,0
1,1,hcom_allGather__503_127_2,hcom_allGather_,COMMUNICATION,1790547463761114.077	,14.861,1.170000,0
1,1,hcom_allGather_,N/A,N/A,1790547463761114.077	,14.861,0.000000,8
1,1,hcom_alltoall_,N/A,N/A,1790547463761130.138	,14.380,1.389000,8
1,1,hcom_alltoall__503_128_2,hcom_alltoall_,COMMUNICATION,1790547463761130.138	,14.380,0.000000,0
1,1,hcom_reduceScatter__503_129_2,hcom_reduceScatter_,COMMUNICATION,1790547463761145.798	,14.120,1.120000,0
1,1,hcom_reduceScatter_,N/A,N/A,1790547463761145.798	,14.120,0.000000,8
1,1,hcom_allGather__503_130_2,hcom_allGather_,COMMUNICATION,1790547463761161.378	,14.101,1.630000,0
1,1,hcom_allGather_,N/A,N/A,1790547463761161.378	,14.101,0.000000,8
1,1,hcom_allGather__503_131_2,hcom_allGather_,COMMUNICATION,1790547463761176.759	,6.540,1.149000,0
1,1,hcom_allGather_,N/A,N/A,1790547463761176.759	,6.540,0.000000,8
1,1,hcom_reduceScatter__503_132_2,hcom_reduceScatter_,COMMUNICATION,1790547463761184.499	,14.240,1.210000,0
1,1,hcom_reduceScatter_,N/A,N/A,1790547463761184.499	,14.240,0.000000,8
1,1,hcom_allGather__503_133_2,hcom_allGather_,COMMUNICATION,1790547463761200.039	,13.660,1.260000,0
1,1,hcom_allGather_,N/A,N/A,1790547463761200.039	,13.660,0.000000,8
1,1,hcom_alltoall__503_134_2,hcom_alltoall_,COMMUNICATION,1790547463761214.939	,15.201,1.340000,0
1,1,hcom_alltoall_,N/A,N/A,1790547463761214.939	,15.201,0.000000,8
1,1,hcom_reduceScatter__503_135_2,hcom_reduceScatter_,COMMUNICATION,1790547463761231.420	,14.400,1.299000,0
1,1,hcom_reduceScatter_,N/A,N/A,1790547463761231.420	,14.400,0.000000,8
1,1,hcom_allGather__503_136_2,hcom_allGather_,COMMUNICATION,1790547463761247.020	,15.700,1.100000,0
1,1,hcom_allGather_,N/A,N/A,1790547463761247.020	,15.700,0.000000,8
1,1,hcom_allGather__503_137_2,hcom_allGather_,COMMUNICATION,1790547463761264.120	,6.201,1.300000,0
1,1,hcom_allGather_,N/A,N/A,1790547463761264.120	,6.201,0.000000,8
1,1,hcom_reduceScatter_,N/A,N/A,1790547463761271.561	,14.720,1.299000,8
1,1,hcom_reduceScatter__503_138_2,hcom_reduceScatter_,COMMUNICATION,1790547463761271.561	,14.720,0.000000,0
1,1,hcom_allGather_,N/A,N/A,1790547463761287.501	,13.900,1.280000,8
1,1,hcom_allGather__503_139_2,hcom_allGather_,COMMUNICATION,1790547463761287.501	,13.900,0.000000,0
1,1,hcom_alltoall_,N/A,N/A,1790547463761302.561	,14.960,1.100000,8
1,1,hcom_alltoall__503_140_2,hcom_alltoall_,COMMUNICATION,1790547463761302.561	,14.960,0.000000,0
1,1,hcom_reduceScatter_,N/A,N/A,1790547463761318.701	,14.961,1.290000,8
1,1,hcom_reduceScatter__503_141_2,hcom_reduceScatter_,COMMUNICATION,1790547463761318.701	,14.961,0.000000,0
1,1,hcom_allGather__503_142_2,hcom_allGather_,COMMUNICATION,1790547463761334.822	,13.400,1.039000,0
1,1,hcom_allGather_,N/A,N/A,1790547463761334.822	,13.400,0.000000,8
1,1,hcom_allGather__503_143_2,hcom_allGather_,COMMUNICATION,1790547463761349.402	,7.360,1.350000,0
1,1,hcom_allGather_,N/A,N/A,1790547463761349.402	,7.360,0.000000,8
1,1,hcom_reduceScatter_,N/A,N/A,1790547463761357.922	,14.221,1.140000,8
1,1,hcom_reduceScatter__503_144_2,hcom_reduceScatter_,COMMUNICATION,1790547463761357.922	,14.221,0.000000,0
1,1,hcom_allGather_,N/A,N/A,1790547463761373.343	,13.940,1.029000,8
1,1,hcom_allGather__503_145_2,hcom_allGather_,COMMUNICATION,1790547463761373.343	,13.940,0.000000,0
1,1,hcom_alltoall_,N/A,N/A,1790547463761388.483	,14.480,1.310000,8
1,1,hcom_alltoall__503_146_2,hcom_alltoall_,COMMUNICATION,1790547463761388.483	,14.480,0.000000,0
1,1,hcom_reduceScatter__503_147_2,hcom_reduceScatter_,COMMUNICATION,1790547463761404.163	,15.581,1.270000,0
1,1,hcom_reduceScatter_,N/A,N/A,1790547463761404.163	,15.581,0.000000,8
1,1,hcom_allGather__503_148_2,hcom_allGather_,COMMUNICATION,1790547463761420.964	,14.340,1.169000,0
1,1,hcom_allGather_,N/A,N/A,1790547463761420.964	,14.340,0.000000,8
1,1,hcom_allGather__503_149_2,hcom_allGather_,COMMUNICATION,1790547463761436.524	,6.640,1.160000,0
1,1,hcom_allGather_,N/A,N/A,1790547463761436.524	,6.640,0.000000,8
1,1,hcom_reduceScatter__503_150_2,hcom_reduceScatter_,COMMUNICATION,1790547463761444.384	,14.600,1.360000,0
1,1,hcom_reduceScatter_,N/A,N/A,1790547463761444.384	,14.600,0.000000,8
1,1,hcom_allGather__503_151_2,hcom_allGather_,COMMUNICATION,1790547463761460.284	,16.321,1.150000,0
1,1,hcom_allGather_,N/A,N/A,1790547463761460.284	,16.321,0.000000,8
1,1,hcom_alltoall__503_152_2,hcom_alltoall_,COMMUNICATION,1790547463761477.885	,14.660,1.429000,0
1,1,hcom_alltoall_,N/A,N/A,1790547463761477.885	,14.660,0.000000,8
1,1,hcom_reduceScatter_,N/A,N/A,1790547463761493.885	,14.240,1.340000,8
1,1,hcom_reduceScatter__503_153_2,hcom_reduceScatter_,COMMUNICATION,1790547463761493.885	,14.240,0.000000,0
1,1,hcom_allGather_,N/A,N/A,1790547463761509.305	,13.581,1.010000,8
1,1,hcom_allGather__503_154_2,hcom_allGather_,COMMUNICATION,1790547463761509.305	,13.581,0.000000,0
1,1,hcom_allGather_,N/A,N/A,1790547463761524.326	,5.920,1.419000,8
1,1,hcom_allGather__503_155_2,hcom_allGather_,COMMUNICATION,1790547463761524.326	,5.920,0.000000,0
1,1,hcom_reduceScatter_,N/A,N/A,1790547463761531.446	,14.040,1.330000,8
1,1,hcom_reduceScatter__503_156_2,hcom_reduceScatter_,COMMUNICATION,1790547463761531.446	,14.040,0.000000,0
1,1,hcom_allGather_,N/A,N/A,1790547463761546.746	,14.140,1.210000,8
1,1,hcom_allGather__503_157_2,hcom_allGather_,COMMUNICATION,1790547463761546.746	,14.140,0.000000,0
1,1,hcom_alltoall__503_158_2,hcom_alltoall_,COMMUNICATION,1790547463761562.086	,15.681,1.110000,0
1,1,hcom_alltoall_,N/A,N/A,1790547463761562.086	,15.681,0.000000,8
1,1,hcom_reduceScatter__503_159_2,hcom_reduceScatter_,COMMUNICATION,1790547463761579.027	,13.740,1.319000,0
1,1,hcom_reduceScatter_,N/A,N/A,1790547463761579.027	,13.740,0.000000,8
1,1,hcom_allGather_,N/A,N/A,1790547463761593.947	,13.800,1.260000,8
1,1,hcom_allGather__503_160_2,hcom_allGather_,COMMUNICATION,1790547463761593.947	,13.800,0.000000,0
1,1,hcom_allGather_,N/A,N/A,1790547463761609.547	,5.660,1.700000,8
1,1,hcom_allGather__503_161_2,hcom_allGather_,COMMUNICATION,1790547463761609.547	,5.660,0.000000,0
1,1,hcom_reduceScatter_,N/A,N/A,1790547463761616.607	,13.301,1.340000,8
1,1,hcom_reduceScatter__503_162_2,hcom_reduceScatter_,COMMUNICATION,1790547463761616.607	,13.301,0.000000,0
1,1,hcom_allGather_,N/A,N/A,1790547463761631.168	,13.780,1.449000,8
1,1,hcom_allGather__503_163_2,hcom_allGather_,COMMUNICATION,1790547463761631.168	,13.780,0.000000,0
1,1,hcom_alltoall_,N/A,N/A,1790547463761646.148	,14.540,1.220000,8
1,1,hcom_alltoall__503_164_2,hcom_alltoall_,COMMUNICATION,1790547463761646.148	,14.540,0.000000,0
1,1,hcom_reduceScatter_,N/A,N/A,1790547463761662.128	,14.021,1.460000,8
1,1,hcom_reduceScatter__503_165_2,hcom_reduceScatter_,COMMUNICATION,1790547463761662.128	,14.021,0.000000,0
1,1,hcom_allGather_,N/A,N/A,1790547463761677.329	,13.820,0.979000,8
1,1,hcom_allGather__503_166_2,hcom_allGather_,COMMUNICATION,1790547463761677.329	,13.820,0.000000,0
1,1,hcom_allGather_,N/A,N/A,1790547463761692.349	,6.140,1.180000,8
1,1,hcom_allGather__503_167_2,hcom_allGather_,COMMUNICATION,1790547463761692.349	,6.140,0.000000,0
1,1,hcom_reduceScatter_,N/A,N/A,1790547463761699.709	,14.500,1.360000,8
1,1,hcom_reduceScatter__503_168_2,hcom_reduceScatter_,COMMUNICATION,1790547463761699.709	,14.500,0.000000,0
1,1,hcom_allGather__503_169_2,hcom_allGather_,COMMUNICATION,1790547463761715.369	,13.621,1.000000,0
1,1,hcom_allGather_,N/A,N/A,1790547463761715.369	,13.621,0.000000,8
1,1,hcom_alltoall_,N/A,N/A,1790547463761730.230	,14.900,1.379000,8
1,1,hcom_alltoall__503_170_2,hcom_alltoall_,COMMUNICATION,1790547463761730.230	,14.900,0.000000,0
1,1,hcom_reduceScatter_,N/A,N/A,1790547463761746.270	,14.580,1.100000,8
1,1,hcom_reduceScatter__503_171_2,hcom_reduceScatter_,COMMUNICATION,1790547463761746.270	,14.580,0.000000,0
1,1,hcom_allGather_,N/A,N/A,1790547463761762.250	,13.341,1.420000,8
1,1,hcom_allGather__503_172_2,hcom_allGather_,COMMUNICATION,1790547463761762.250	,13.341,0.000000,0
1,1,hcom_allGather_,N/A,N/A,1790547463761776.751	,6.680,1.159000,8
1,1,hcom_allGather__503_173_2,hcom_allGather_,COMMUNICATION,1790547463761776.751	,6.680,0.000000,0
1,1,hcom_reduceScatter_,N/A,N/A,1790547463761784.691	,13.340,1.320000,8
1,1,hcom_reduceScatter__503_174_2,hcom_reduceScatter_,COMMUNICATION,1790547463761784.691	,13.340,0.000000,0
1,1,hcom_allGather_,N/A,N/A,1790547463761799.211	,14.680,1.160000,8
1,1,hcom_allGather__503_175_2,hcom_allGather_,COMMUNICATION,1790547463761799.211	,14.680,0.000000,0
1,1,hcom_alltoall_,N/A,N/A,1790547463761815.071	,15.081,1.070000,8
1,1,hcom_alltoall__503_176_2,hcom_alltoall_,COMMUNICATION,1790547463761815.071	,15.081,0.000000,0
1,1,hcom_reduceScatter__503_177_2,hcom_reduceScatter_,COMMUNICATION,1790547463761831.352	,13.940,1.169000,0
1,1,hcom_reduceScatter_,N/A,N/A,1790547463761831.352	,13.940,0.000000,8
1,1,hcom_allGather_,N/A,N/A,1790547463761846.672	,15.440,1.560000,8
1,1,hcom_allGather__503_178_2,hcom_allGather_,COMMUNICATION,1790547463761846.672	,15.440,0.000000,0
1,1,hcom_allGather__503_179_2,hcom_allGather_,COMMUNICATION,1790547463761863.312	,6.260,1.060000,0
1,1,hcom_allGather_,N/A,N/A,1790547463761863.312	,6.260,0.000000,8
1,1,hcom_reduceScatter_,N/A,N/A,1790547463761870.853	,14.060,1.240000,8
1,1,hcom_reduceScatter__503_180_2,hcom_reduceScatter_,COMMUNICATION,1790547463761870.853	,14.060,0.000000,0
1,1,hcom_allGather_,N/A,N/A,1790547463761886.453	,13.100,1.690000,8
1,1,hcom_allGather__503_181_2,hcom_allGather_,COMMUNICATION,1790547463761886.453	,13.100,0.000000,0
1,1,hcom_alltoall_,N/A,N/A,1790547463761900.833	,15.120,1.150000,8
1,1,hcom_alltoall__503_182_2,hcom_alltoall_,COMMUNICATION,1790547463761900.833	,15.120,0.000000,0
1,1,hcom_reduceScatter_,N/A,N/A,1790547463761917.173	,14.221,1.380000,8
1,1,hcom_reduceScatter__503_183_2,hcom_reduceScatter_,COMMUNICATION,1790547463761917.173	,14.221,0.000000,0
1,1,hcom_allGather__503_184_2,hcom_allGather_,COMMUNICATION,1790547463761932.614	,15.240,1.029000,0
1,1,hcom_allGather_,N/A,N/A,1790547463761932.614	,15.240,0.000000,8
1,1,hcom_allGather_,N/A,N/A,1790547463761949.034	,6.500,1.260000,8
1,1,hcom_allGather__503_185_2,hcom_allGather_,COMMUNICATION,1790547463761949.034	,6.500,0.000000,0
1,1,hcom_reduceScatter__503_186_2,hcom_reduceScatter_,COMMUNICATION,1790547463761956.714	,14.301,1.250000,0
1,1,hcom_reduceScatter_,N/A,N/A,1790547463761956.714	,14.301,0.000000,8
1,1,hcom_allGather__503_187_2,hcom_allGather_,COMMUNICATION,1790547463761972.255	,12.800,1.199000,0
1,1,hcom_allGather_,N/A,N/A,1790547463761972.255	,12.800,0.000000,8
1,1,hcom_alltoall_,N/A,N/A,1790547463761986.295	,15.520,1.200000,8
1,1,hcom_alltoall__503_188_2,hcom_alltoall_,COMMUNICATION,1790547463761986.295	,15.520,0.000000,0
1,1,hcom_reduceScatter_,N/A,N/A,1790547463762003.015	,14.360,1.230000,8
1,1,hcom_reduceScatter__503_189_2,hcom_reduceScatter_,COMMUNICATION,1790547463762003.015	,14.360,0.000000,0
1,1,hcom_allGather_,N/A,N/A,1790547463762018.635	,13.821,1.390000,8
1,1,hcom_allGather__503_190_2,hcom_allGather_,COMMUNICATION,1790547463762018.635	,13.821,0.000000,0
1,1,hcom_allGather_,N/A,N/A,1790547463762033.656	,6.240,1.179000,8
1,1,hcom_allGather__503_191_2,hcom_allGather_,COMMUNICATION,1790547463762033.656	,6.240,0.000000,0
1,1,hcom_reduceScatter__503_192_2,hcom_reduceScatter_,COMMUNICATION,1790547463762041.316	,13.580,1.260000,0
1,1,hcom_reduceScatter_,N/A,N/A,1790547463762041.316	,13.580,0.000000,8
1,1,hcom_allGather__503_193_2,hcom_allGather_,COMMUNICATION,1790547463762056.176	,15.281,1.420000,0
1,1,hcom_allGather_,N/A,N/A,1790547463762056.176	,15.281,0.000000,8
1,1,hcom_alltoall__503_194_2,hcom_alltoall_,COMMUNICATION,1790547463762072.677	,14.520,1.219000,0
1,1,hcom_alltoall_,N/A,N/A,1790547463762072.677	,14.520,0.000000,8
1,1,hcom_reduceScatter_,N/A,N/A,1790547463762088.557	,14.480,1.230000,8
1,1,hcom_reduceScatter__503_195_2,hcom_reduceScatter_,COMMUNICATION,1790547463762088.557	,14.480,0.000000,0
1,1,hcom_allGather__503_196_2,hcom_allGather_,COMMUNICATION,1790547463762104.237	,13.940,1.270000,0
1,1,hcom_allGather_,N/A,N/A,1790547463762104.237	,13.940,0.000000,8
1,1,hcom_allGather_,N/A,N/A,1790547463762119.497	,6.441,1.310000,8
1,1,hcom_allGather__503_197_2,hcom_allGather_,COMMUNICATION,1790547463762119.497	,6.441,0.000000,0
1,1,hcom_reduceScatter__503_198_2,hcom_reduceScatter_,COMMUNICATION,1790547463762127.218	,14.040,1.309000,0
1,1,hcom_reduceScatter_,N/A,N/A,1790547463762127.218	,14.040,0.000000,8
1,1,hcom_allGather__503_199_2,hcom_allGather_,COMMUNICATION,1790547463762142.458	,13.880,1.210000,0
1,1,hcom_allGather_,N/A,N/A,1790547463762142.458	,13.880,0.000000,8
1,1,hcom_alltoall__503_200_2,hcom_alltoall_,COMMUNICATION,1790547463762157.538	,14.701,1.120000,0
1,1,hcom_alltoall_,N/A,N/A,1790547463762157.538	,14.701,0.000000,8
1,1,hcom_reduceScatter__503_201_2,hcom_reduceScatter_,COMMUNICATION,1790547463762173.399	,14.600,1.299000,0
1,1,hcom_reduceScatter_,N/A,N/A,1790547463762173.399	,14.600,0.000000,8
1,1,hcom_allGather_,N/A,N/A,1790547463762189.339	,13.540,1.150000,8
1,1,hcom_allGather__503_202_2,hcom_allGather_,COMMUNICATION,1790547463762189.339	,13.540,0.000000,0
1,1,hcom_allGather_,N/A,N/A,1790547463762204.139	,6.380,1.460000,8
1,1,hcom_allGather__503_203_2,hcom_allGather_,COMMUNICATION,1790547463762204.139	,6.380,0.000000,0
1,1,hcom_reduceScatter__503_204_2,hcom_reduceScatter_,COMMUNICATION,1790547463762211.679	,14.441,1.120000,0
1,1,hcom_reduceScatter_,N/A,N/A,1790547463762211.679	,14.441,0.000000,8
1,1,hcom_allGather_,N/A,N/A,1790547463762227.260	,14.040,1.059000,8
1,1,hcom_allGather__503_205_2,hcom_allGather_,COMMUNICATION,1790547463762227.260	,14.040,0.000000,0
1,1,hcom_alltoall_,N/A,N/A,1790547463762242.440	,14.860,1.210000,8
1,1,hcom_alltoall__503_206_2,hcom_alltoall_,COMMUNICATION,1790547463762242.440	,14.860,0.000000,0
1,1,hcom_reduceScatter_,N/A,N/A,1790547463762258.460	,14.581,1.140000,8
1,1,hcom_reduceScatter__503_207_2,hcom_reduceScatter_,COMMUNICATION,1790547463762258.460	,14.581,0.000000,0
1,1,hcom_allGather__503_208_2,hcom_allGather_,COMMUNICATION,1790547463762274.241	,15.400,1.169000,0
1,1,hcom_allGather_,N/A,N/A,1790547463762274.241	,15.400,0.000000,8
1,1,hcom_allGather_,N/A,N/A,1790547463762290.841	,6.660,1.100000,8
1,1,hcom_allGather__503_209_2,hcom_allGather_,COMMUNICATION,1790547463762290.841	,6.660,0.000000,0
1,1,hcom_reduceScatter__503_210_2,hcom_reduceScatter_,COMMUNICATION,1790547463762298.801	,14.060,1.340000,0
1,1,hcom_reduceScatter_,N/A,N/A,1790547463762298.801	,14.060,0.000000,8
1,1,hcom_allGather_,N/A,N/A,1790547463762314.081	,13.381,1.190000,8
1,1,hcom_allGather__503_211_2,hcom_allGather_,COMMUNICATION,1790547463762314.081	,13.381,0.000000,0
1,1,hcom_alltoall__503_212_2,hcom_alltoall_,COMMUNICATION,1790547463762328.642	,14.660,1.369000,0
1,1,hcom_alltoall_,N/A,N/A,1790547463762328.642	,14.660,0.000000,8
1,1,hcom_reduceScatter_,N/A,N/A,1790547463762344.502	,15.000,1.090000,8
1,1,hcom_reduceScatter__503_213_2,hcom_reduceScatter_,COMMUNICATION,1790547463762344.502	,15.000,0.000000,0
1,1,hcom_allGather__503_214_2,hcom_allGather_,COMMUNICATION,1790547463762360.962	,13.321,1.500000,0
1,1,hcom_allGather_,N/A,N/A,1790547463762360.962	,13.321,0.000000,8
1,1,hcom_allGather__503_215_2,hcom_allGather_,COMMUNICATION,1790547463762375.483	,6.760,1.179000,0
1,1,hcom_allGather_,N/A,N/A,1790547463762375.483	,6.760,0.000000,8
1,1,hcom_reduceScatter_,N/A,N/A,1790547463762383.443	,14.340,1.240000,8
1,1,hcom_reduceScatter__503_216_2,hcom_reduceScatter_,COMMUNICATION,1790547463762383.443	,14.340,0.000000,0
1,1,hcom_allGather__503_217_2,hcom_allGather_,COMMUNICATION,1790547463762399.043	,13.460,1.160000,0
1,1,hcom_allGather_,N/A,N/A,1790547463762399.043	,13.460,0.000000,8
1,1,hcom_alltoall__503_218_2,hcom_alltoall_,COMMUNICATION,1790547463762413.683	,15.161,1.290000,0
1,1,hcom_alltoall_,N/A,N/A,1790547463762413.683	,15.161,0.000000,8
1,1,hcom_reduceScatter_,N/A,N/A,1790547463762430.024	,13.320,1.089000,8
1,1,hcom_reduceScatter__503_219_2,hcom_reduceScatter_,COMMUNICATION,1790547463762430.024	,13.320,0.000000,0
1,1,hcom_allGather__503_220_2,hcom_allGather_,COMMUNICATION,1790547463762444.504	,15.060,1.180000,0
1,1,hcom_allGather_,N/A,N/A,1790547463762444.504	,15.060,0.000000,8
1,1,hcom_allGather__503_221_2,hcom_allGather_,COMMUNICATION,1790547463762460.704	,6.100,1.190000,0
1,1,hcom_allGather_,N/A,N/A,1790547463762460.704	,6.100,0.000000,8
1,1,hcom_reduceScatter__503_222_2,hcom_reduceScatter_,COMMUNICATION,1790547463762467.984	,13.681,1.150000,0
1,1,hcom_reduceScatter_,N/A,N/A,1790547463762467.984	,13.681,0.000000,8
1,1,hcom_allGather__503_223_2,hcom_allGather_,COMMUNICATION,1790547463762482.925	,14.700,1.319000,0
1,1,hcom_allGather_,N/A,N/A,1790547463762482.925	,14.700,0.000000,8
1,1,hcom_alltoall__503_224_2,hcom_alltoall_,COMMUNICATION,1790547463762498.905	,15.240,1.300000,0
1,1,hcom_alltoall_,N/A,N/A,1790547463762498.905	,15.240,0.000000,8
1,1,hcom_reduceScatter_,N/A,N/A,1790547463762515.345	,13.981,1.010000,8
1,1,hcom_reduceScatter__503_225_2,hcom_reduceScatter_,COMMUNICATION,1790547463762515.345	,13.981,0.000000,0
1,1,hcom_allGather_,N/A,N/A,1790547463762530.526	,14.060,1.269000,8
1,1,hcom_allGather__503_226_2,hcom_allGather_,COMMUNICATION,1790547463762530.526	,14.060,0.000000,0
1,1,hcom_allGather_,N/A,N/A,1790547463762545.786	,5.880,1.190000,8
1,1,hcom_allGather__503_227_2,hcom_allGather_,COMMUNICATION,1790547463762545.786	,5.880,0.000000,0
1,1,hcom_reduceScatter_,N/A,N/A,1790547463762552.846	,14.640,1.120000,8
1,1,hcom_reduceScatter__503_228_2,hcom_reduceScatter_,COMMUNICATION,1790547463762552.846	,14.640,0.000000,0
1,1,hcom_allGather_,N/A,N/A,1790547463762568.746	,13.221,1.360000,8
1,1,hcom_allGather__503_229_2,hcom_allGather_,COMMUNICATION,1790547463762568.746	,13.221,0.000000,0
1,1,hcom_alltoall_,N/A,N/A,1790547463762583.127	,15.380,1.279000,8
1,1,hcom_alltoall__503_230_2,hcom_alltoall_,COMMUNICATION,1790547463762583.127	,15.380,0.000000,0
1,1,hcom_reduceScatter_,N/A,N/A,1790547463762599.747	,14.020,1.120000,8
1,1,hcom_reduceScatter__503_231_2,hcom_reduceScatter_,COMMUNICATION,1790547463762599.747	,14.020,0.000000,0
1,1,hcom_allGather_,N/A,N/A,1790547463762615.107	,15.241,1.230000,8
1,1,hcom_allGather__503_232_2,hcom_allGather_,COMMUNICATION,1790547463762615.107	,15.241,0.000000,0
1,1,hcom_allGather_,N/A,N/A,1790547463762631.528	,6.920,1.259000,8
1,1,hcom_allGather__503_233_2,hcom_allGather_,COMMUNICATION,1790547463762631.528	,6.920,0.000000,0
1,1,hcom_reduceScatter_,N/A,N/A,1790547463762639.628	,14.160,1.330000,8
1,1,hcom_reduceScatter__503_234_2,hcom_reduceScatter_,COMMUNICATION,1790547463762639.628	,14.160,0.000000,0
1,1,hcom_allGather__503_235_2,hcom_allGather_,COMMUNICATION,1790547463762654.948	,13.820,1.090000,0
1,1,hcom_allGather_,N/A,N/A,1790547463762654.948	,13.820,0.000000,8
1,1,hcom_alltoall__503_236_2,hcom_alltoall_,COMMUNICATION,1790547463762669.908	,14.561,1.180000,0
1,1,hcom_alltoall_,N/A,N/A,1790547463762669.908	,14.561,0.000000,8
1,1,hcom_reduceScatter__503_237_2,hcom_reduceScatter_,COMMUNICATION,1790547463762685.849	,14.160,1.189000,0
1,1,hcom_reduceScatter_,N/A,N/A,1790547463762685.849	,14.160,0.000000,8
1,1,hcom_allGather_,N/A,N/A,1790547463762701.389	,13.220,1.590000,8
1,1,hcom_allGather__503_238_2,hcom_allGather_,COMMUNICATION,1790547463762701.389	,13.220,0.000000,0
1,1,hcom_allGather_,N/A,N/A,1790547463762715.769	,6.061,1.030000,8
1,1,hcom_allGather__503_239_2,hcom_allGather_,COMMUNICATION,1790547463762715.769	,6.061,0.000000,0
1,1,hcom_reduceScatter__503_240_2,hcom_reduceScatter_,COMMUNICATION,1790547463762723.050	,14.140,1.189000,0
1,1,hcom_reduceScatter_,N/A,N/A,1790547463762723.050	,14.140,0.000000,8
1,1,hcom_allGather_,N/A,N/A,1790547463762738.390	,13.100,1.360000,8
1,1,hcom_allGather__503_241_2,hcom_allGather_,COMMUNICATION,1790547463762738.390	,13.100,0.000000,0
1,1,hcom_alltoall_,N/A,N/A,1790547463762752.690	,14.640,1.150000,8
1,1,hcom_alltoall__503_242_2,hcom_alltoall_,COMMUNICATION,1790547463762752.690	,14.640,0.000000,0
1,1,hcom_reduceScatter__503_243_2,hcom_reduceScatter_,COMMUNICATION,1790547463762768.770	,14.681,1.360000,0
1,1,hcom_reduceScatter_,N/A,N/A,1790547463762768.770	,14.681,0.000000,8
1,1,hcom_allGather__503_244_2,hcom_allGather_,COMMUNICATION,1790547463762784.631	,13.000,1.319000,0
1,1,hcom_allGather_,N/A,N/A,1790547463762784.631	,13.000,0.000000,8
1,1,hcom_allGather__503_245_2,hcom_allGather_,COMMUNICATION,1790547463762798.951	,5.820,1.250000,0
1,1,hcom_allGather_,N/A,N/A,1790547463762798.951	,5.820,0.000000,8
1,1,hcom_reduceScatter__503_246_2,hcom_reduceScatter_,COMMUNICATION,1790547463762806.151	,14.240,1.430000,0
1,1,hcom_reduceScatter_,N/A,N/A,1790547463762806.151	,14.240,0.000000,8
1,1,hcom_allGather_,N/A,N/A,1790547463762821.732	,12.400,1.260000,8
1,1,hcom_allGather__503_247_2,hcom_allGather_,COMMUNICATION,1790547463762821.732	,12.400,0.000000,0
1,1,hcom_alltoall_,N/A,N/A,1790547463762835.472	,14.900,1.350000,8
1,1,hcom_alltoall__503_248_2,hcom_alltoall_,COMMUNICATION,1790547463762835.472	,14.900,0.000000,0
1,1,hcom_reduceScatter_,N/A,N/A,1790547463762851.572	,13.600,1.100000,8
1,1,hcom_reduceScatter__503_249_2,hcom_reduceScatter_,COMMUNICATION,1790547463762851.572	,13.600,0.000000,0
1,1,hcom_allGather_,N/A,N/A,1790547463762866.352	,12.861,1.150000,8
1,1,hcom_allGather__503_250_2,hcom_allGather_,COMMUNICATION,1790547463762866.352	,12.861,0.000000,0
1,1,hcom_allGather_,N/A,N/A,1790547463762880.473	,5.600,1.389000,8
1,1,hcom_allGather__503_251_2,hcom_allGather_,COMMUNICATION,1790547463762880.473	,5.600,0.000000,0
1,1,hcom_reduceScatter__503_252_2,hcom_reduceScatter_,COMMUNICATION,1790547463762887.433	,14.340,1.400000,0
1,1,hcom_reduceScatter_,N/A,N/A,1790547463762887.433	,14.340,0.000000,8
1,1,hcom_allGather__503_253_2,hcom_allGather_,COMMUNICATION,1790547463762902.933	,12.260,1.160000,0
1,1,hcom_allGather_,N/A,N/A,1790547463762902.933	,12.260,0.000000,8
1,1,hcom_alltoall__503_254_2,hcom_alltoall_,COMMUNICATION,1790547463762916.853	,15.061,1.490000,0
1,1,hcom_alltoall_,N/A,N/A,1790547463762916.853	,15.061,0.000000,8
1,1,hcom_reduceScatter__503_255_2,hcom_reduceScatter_,COMMUNICATION,1790547463762933.054	,14.100,1.189000,0
1,1,hcom_reduceScatter_,N/A,N/A,1790547463762933.054	,14.100,0.000000,8
1,1,hcom_allGather__503_256_2,hcom_allGather_,COMMUNICATION,1790547463762948.334	,12.500,1.150000,0
1,1,hcom_allGather_,N/A,N/A,1790547463762948.334	,12.500,0.000000,8
1,1,hcom_allGather__503_257_2,hcom_allGather_,COMMUNICATION,1790547463762962.134	,5.360,1.500000,0
1,1,hcom_allGather_,N/A,N/A,1790547463762962.134	,5.360,0.000000,8
1,1,hcom_reduceScatter__503_258_2,hcom_reduceScatter_,COMMUNICATION,1790547463762968.674	,13.941,1.140000,0
1,1,hcom_reduceScatter_,N/A,N/A,1790547463762968.674	,13.941,0.000000,8
1,1,hcom_allGather__503_259_2,hcom_allGather_,COMMUNICATION,1790547463762983.795	,34.800,1.059000,0
1,1,hcom_allGather_,N/A,N/A,1790547463762983.795	,34.800,0.000000,8
1,1,hcom_allGather__503_260_2,hcom_allGather_,COMMUNICATION,1790547463763019.775	,15.981,1.200000,0
1,1,hcom_allGather_,N/A,N/A,1790547463763019.775	,15.981,0.000000,8
1,1,hcom_allGather_,N/A,N/A,1790547463763036.956	,11.640,1.269000,8
1,1,hcom_allGather__503_261_2,hcom_allGather_,COMMUNICATION,1790547463763036.956	,11.640,0.000000,0
1,1,hcom_allGather_,N/A,N/A,1790547463763049.796	,11.480,1.110000,8
1,1,hcom_allGather__503_262_2,hcom_allGather_,COMMUNICATION,1790547463763049.796	,11.480,0.000000,0
1,1,hcom_allGather__503_263_2,hcom_allGather_,COMMUNICATION,1790547463763062.476	,13.441,1.270000,0
1,1,hcom_allGather_,N/A,N/A,1790547463763062.476	,13.441,0.000000,8
1,1,hcom_allGather__503_264_2,hcom_allGather_,COMMUNICATION,1790547463763077.097	,239.184,1.059000,0
1,1,hcom_allGather_,N/A,N/A,1790547463763077.097	,239.184,0.000000,9
2,1,aclnnInplaceOne_OnesLikeAiCore_OnesLike,N/A,N/A,1790547463764650.948	,1.740,1334.816000,1
2,1,hcom_allReduce__503_266_1,N/A,COMMUNICATION,1790547463764725.050	,218.784,72.260000,0
2,1,AivKernel,N/A,N/A,1790547463764725.050	,218.784,0.000000,8
2,1,aclnnGroupedMatmulSwigluQuantWeightNzV2_GroupedMatmulSwigluQuantV2_GroupedMatmulSwigluQuantV2,N/A,N/A,1790547463765547.826	,214.544,603.966000,20
2,1,aclnnGroupedMatmulWeightNz_GroupedMatmul_GroupedMatmul,N/A,N/A,1790547463765765.430	,118.843,3.206000,20
2,1,aclnnGroupedMatmulSwigluQuantWeightNzV2_GroupedMatmulSwigluQuantV2_GroupedMatmulSwigluQuantV2,N/A,N/A,1790547463765887.313	,192.364,2.907000,20
2,1,hcom_reduceScatter__503_0_3,hcom_reduceScatter_,COMMUNICATION,1790547463765913.813	,284.986,0.000000,0
2,1,hcom_reduceScatter_,N/A,N/A,1790547463765913.813	,284.986,0.000000,8
2,1,aclnnGroupedMatmulWeightNz_GroupedMatmul_GroupedMatmul,N/A,N/A,1790547463766082.777	,209.544,0.000000,20
2,1,hcom_allGather__503_1_3,hcom_allGather_,COMMUNICATION,1790547463766199.939	,107.702,0.000000,0
2,1,hcom_allGather_,N/A,N/A,1790547463766199.939	,107.702,0.000000,8
2,1,aclnnGroupedMatmulSwigluQuantWeightNzV2_GroupedMatmulSwigluQuantV2_GroupedMatmulSwigluQuantV2,N/A,N/A,1790547463766295.221	,199.924,0.000000,20
2,1,hcom_alltoall__503_2_3,hcom_alltoall_,COMMUNICATION,1790547463766308.921	,207.084,0.000000,0
2,1,hcom_alltoall_,N/A,N/A,1790547463766308.921	,207.084,0.000000,8
2,1,aclnnGroupedMatmulWeightNz_GroupedMatmul_GroupedMatmul,N/A,N/A,1790547463766497.925	,118.982,0.000000,20
2,1,hcom_reduceScatter_,N/A,N/A,1790547463766517.185	,112.643,0.000000,8
2,1,hcom_reduceScatter__503_3_3,hcom_reduceScatter_,COMMUNICATION,1790547463766517.185	,112.643,0.000000,0
2,1,aclnnGroupedMatmulSwigluQuantWeightNzV2_GroupedMatmulSwigluQuantV2_GroupedMatmulSwigluQuantV2,N/A,N/A,1790547463766619.867	,162.824,0.000000,20
2,1,hcom_allGather__503_4_3,hcom_allGather_,COMMUNICATION,1790547463766631.028	,172.583,0.000000,0
2,1,hcom_allGather_,N/A,N/A,1790547463766631.028	,172.583,0.000000,8
2,1,aclnnGroupedMatmulWeightNz_GroupedMatmul_GroupedMatmul,N/A,N/A,1790547463766785.611	,101.542,0.000000,20
2,1,hcom_allGather__503_5_3,hcom_allGather_,COMMUNICATION,1790547463766804.791	,98.962,0.000000,0
2,1,hcom_allGather_,N/A,N/A,1790547463766804.791	,98.962,0.000000,8
2,1,aclnnGroupedMatmulSwigluQuantWeightNzV2_GroupedMatmulSwigluQuantV2_GroupedMatmulSwigluQuantV2,N/A,N/A,1790547463766890.013	,143.123,0.000000,20
2,1,hcom_reduceScatter__503_6_3,hcom_reduceScatter_,COMMUNICATION,1790547463766905.133	,158.543,0.000000,0
2,1,hcom_reduceScatter_,N/A,N/A,1790547463766905.133	,158.543,0.000000,8
2,1,aclnnGroupedMatmulWeightNz_GroupedMatmul_GroupedMatmul,N/A,N/A,1790547463767035.776	,91.122,0.000000,20
2,1,hcom_allGather__503_7_3,hcom_allGather_,COMMUNICATION,1790547463767065.036	,87.102,0.000000,0
2,1,hcom_allGather_,N/A,N/A,1790547463767065.036	,87.102,0.000000,8
2,1,aclnnGroupedMatmulSwigluQuantWeightNzV2_GroupedMatmulSwigluQuantV2_GroupedMatmulSwigluQuantV2,N/A,N/A,1790547463767129.538	,170.223,0.000000,20
2,1,hcom_alltoall_,N/A,N/A,1790547463767153.298	,170.103,0.000000,8
2,1,hcom_alltoall__503_8_3,hcom_alltoall_,COMMUNICATION,1790547463767153.298	,170.103,0.000000,0
2,1,aclnnGroupedMatmulWeightNz_GroupedMatmul_GroupedMatmul,N/A,N/A,1790547463767302.381	,102.902,0.000000,20
2,1,hcom_reduceScatter__503_9_3,hcom_reduceScatter_,COMMUNICATION,1790547463767324.581	,134.663,0.000000,0
2,1,hcom_reduceScatter_,N/A,N/A,1790547463767324.581	,134.663,0.000000,8
2,1,aclnnGroupedMatmulSwigluQuantWeightNzV2_GroupedMatmulSwigluQuantV2_GroupedMatmulSwigluQuantV2,N/A,N/A,1790547463767408.063	,177.404,0.000000,20
2,1,hcom_allGather__503_10_3,hcom_allGather_,COMMUNICATION,1790547463767460.424	,169.164,0.000000,0
2,1,hcom_allGather_,N/A,N/A,1790547463767460.424	,169.164,0.000000,8
2,1,aclnnGroupedMatmulWeightNz_GroupedMatmul_GroupedMatmul,N/A,N/A,1790547463767588.307	,110.102,0.000000,20
2,1,hcom_allGather_,N/A,N/A,1790547463767630.848	,144.422,0.000000,8
2,1,hcom_allGather__503_11_3,hcom_allGather_,COMMUNICATION,1790547463767630.848	,144.422,0.000000,0
2,1,aclnnGroupedMatmulSwigluQuantWeightNzV2_GroupedMatmulSwigluQuantV2_GroupedMatmulSwigluQuantV2,N/A,N/A,1790547463767701.189	,202.644,0.000000,20
2,1,hcom_reduceScatter_,N/A,N/A,1790547463767776.951	,168.343,0.000000,8
2,1,hcom_reduceScatter__503_12_3,hcom_reduceScatter_,COMMUNICATION,1790547463767776.951	,168.343,0.000000,0
2,1,aclnnGroupedMatmulWeightNz_GroupedMatmul_GroupedMatmul,N/A,N/A,1790547463767906.413	,109.382,0.000000,20
2,1,hcom_allGather_,N/A,N/A,1790547463767946.934	,90.582,0.000000,8
2,1,hcom_allGather__503_13_3,hcom_allGather_,COMMUNICATION,1790547463767946.934	,90.582,0.000000,0
2,1,aclnnGroupedMatmulSwigluQuantWeightNzV2_GroupedMatmulSwigluQuantV2_GroupedMatmulSwigluQuantV2,N/A,N/A,1790547463768018.795	,157.604,0.000000,20
2,1,hcom_alltoall_,N/A,N/A,1790547463768039.116	,199.864,0.000000,8
2,1,hcom_alltoall__503_14_3,hcom_alltoall_,COMMUNICATION,1790547463768039.116	,199.864,0.000000,0
2,1,aclnnGroupedMatmulWeightNz_GroupedMatmul_GroupedMatmul,N/A,N/A,1790547463768179.059	,135.602,0.000000,20
2,1,hcom_reduceScatter_,N/A,N/A,1790547463768240.240	,143.783,0.000000,8
2,1,hcom_reduceScatter__503_15_3,hcom_reduceScatter_,COMMUNICATION,1790547463768240.240	,143.783,0.000000,0
2,1,aclnnGroupedMatmulSwigluQuantWeightNzV2_GroupedMatmulSwigluQuantV2_GroupedMatmulSwigluQuantV2,N/A,N/A,1790547463768317.441	,187.804,0.000000,20
2,1,hcom_allGather__503_16_3,hcom_allGather_,COMMUNICATION,1790547463768385.643	,148.863,0.000000,0
2,1,hcom_allGather_,N/A,N/A,1790547463768385.643	,148.863,0.000000,8
2,1,aclnnGroupedMatmulWeightNz_GroupedMatmul_GroupedMatmul,N/A,N/A,1790547463768508.005	,92.282,0.000000,20
2,1,hcom_allGather_,N/A,N/A,1790547463768535.866	,147.383,0.000000,8
2,1,hcom_allGather__503_17_3,hcom_allGather_,COMMUNICATION,1790547463768535.866	,147.383,0.000000,0
2,1,aclnnGroupedMatmulSwigluQuantWeightNzV2_GroupedMatmulSwigluQuantV2_GroupedMatmulSwigluQuantV2,N/A,N/A,1790547463768603.307	,214.484,0.000000,20
2,1,hcom_reduceScatter__503_18_3,hcom_reduceScatter_,COMMUNICATION,1790547463768684.609	,166.423,0.000000,0
2,1,hcom_reduceScatter_,N/A,N/A,1790547463768684.609	,166.423,0.000000,8
2,1,aclnnGroupedMatmulWeightNz_GroupedMatmul_GroupedMatmul,N/A,N/A,1790547463768820.711	,105.082,0.000000,20
2,1,hcom_allGather__503_19_3,hcom_allGather_,COMMUNICATION,1790547463768852.472	,146.583,0.000000,0
2,1,hcom_allGather_,N/A,N/A,1790547463768852.472	,146.583,0.000000,8
2,1,aclnnGroupedMatmulSwigluQuantWeightNzV2_GroupedMatmulSwigluQuantV2_GroupedMatmulSwigluQuantV2,N/A,N/A,1790547463768928.814	,192.503,0.000000,20
2,1,hcom_alltoall_,N/A,N/A,1790547463769000.235	,160.003,0.000000,8
2,1,hcom_alltoall__503_20_3,hcom_alltoall_,COMMUNICATION,1790547463769000.235	,160.003,0.000000,0
2,1,aclnnGroupedMatmulWeightNz_GroupedMatmul_GroupedMatmul,N/A,N/A,1790547463769124.217	,99.962,0.000000,20
2,1,hcom_reduceScatter_,N/A,N/A,1790547463769161.938	,132.243,0.000000,8
2,1,hcom_reduceScatter__503_21_3,hcom_reduceScatter_,COMMUNICATION,1790547463769161.938	,132.243,0.000000,0
2,1,aclnnGroupedMatmulSwigluQuantWeightNzV2_GroupedMatmulSwigluQuantV2_GroupedMatmulSwigluQuantV2,N/A,N/A,1790547463769226.859	,157.164,0.000000,20
2,1,hcom_allGather_,N/A,N/A,1790547463769295.561	,135.783,0.000000,8
2,1,hcom_allGather__503_22_3,hcom_allGather_,COMMUNICATION,1790547463769295.561	,135.783,0.000000,0
2,1,aclnnGroupedMatmulWeightNz_GroupedMatmul_GroupedMatmul,N/A,N/A,1790547463769387.063	,90.682,0.000000,20
2,1,hcom_allGather__503_23_3,hcom_allGather_,COMMUNICATION,1790547463769432.744	,102.642,0.000000,0
2,1,hcom_allGather_,N/A,N/A,1790547463769432.744	,102.642,0.000000,8
2,1,aclnnGroupedMatmulSwigluQuantWeightNzV2_GroupedMatmulSwigluQuantV2_GroupedMatmulSwigluQuantV2,N/A,N/A,1790547463769480.525	,190.363,0.000000,20
2,1,hcom_reduceScatter_,N/A,N/A,1790547463769536.566	,147.403,0.000000,8
2,1,hcom_reduceScatter__503_24_3,hcom_reduceScatter_,COMMUNICATION,1790547463769536.566	,147.403,0.000000,0
2,1,aclnnGroupedMatmulWeightNz_GroupedMatmul_GroupedMatmul,N/A,N/A,1790547463769673.508	,89.842,0.000000,20
2,1,hcom_allGather_,N/A,N/A,1790547463769685.229	,136.102,0.000000,8
2,1,hcom_allGather__503_25_3,hcom_allGather_,COMMUNICATION,1790547463769685.229	,136.102,0.000000,0
2,1,aclnnGroupedMatmulSwigluQuantWeightNzV2_GroupedMatmulSwigluQuantV2_GroupedMatmulSwigluQuantV2,N/A,N/A,1790547463769766.290	,166.324,0.000000,20
2,1,hcom_alltoall_,N/A,N/A,1790547463769823.091	,138.583,0.000000,8
2,1,hcom_alltoall__503_26_3,hcom_alltoall_,COMMUNICATION,1790547463769823.091	,138.583,0.000000,0
2,1,aclnnGroupedMatmulWeightNz_GroupedMatmul_GroupedMatmul,N/A,N/A,1790547463769935.694	,91.501,0.000000,20
2,1,hcom_reduceScatter_,N/A,N/A,1790547463769962.874	,120.203,0.000000,8
2,1,hcom_reduceScatter__503_27_3,hcom_reduceScatter_,COMMUNICATION,1790547463769962.874	,120.203,0.000000,0
2,1,aclnnGroupedMatmulSwigluQuantWeightNzV2_GroupedMatmulSwigluQuantV2_GroupedMatmulSwigluQuantV2,N/A,N/A,1790547463770029.776	,158.463,0.000000,20
2,1,hcom_allGather__503_28_3,hcom_allGather_,COMMUNICATION,1790547463770084.277	,136.902,0.000000,0
2,1,hcom_allGather_,N/A,N/A,1790547463770084.277	,136.902,0.000000,8
2,1,aclnnGroupedMatmulWeightNz_GroupedMatmul_GroupedMatmul,N/A,N/A,1790547463770191.259	,81.981,0.000000,20
2,1,hcom_allGather_,N/A,N/A,1790547463770222.419	,130.263,0.000000,8
2,1,hcom_allGather__503_29_3,hcom_allGather_,COMMUNICATION,1790547463770222.419	,130.263,0.000000,0
2,1,aclnnGroupedMatmulSwigluQuantWeightNzV2_GroupedMatmulSwigluQuantV2_GroupedMatmulSwigluQuantV2,N/A,N/A,1790547463770276.220	,173.624,0.000000,20
2,1,hcom_reduceScatter_,N/A,N/A,1790547463770353.922	,142.283,0.000000,8
2,1,hcom_reduceScatter__503_30_3,hcom_reduceScatter_,COMMUNICATION,1790547463770353.922	,142.283,0.000000,0
2,1,aclnnGroupedMatmulWeightNz_GroupedMatmul_GroupedMatmul,N/A,N/A,1790547463770452.904	,95.462,0.000000,20
2,1,hcom_allGather__503_31_3,hcom_allGather_,COMMUNICATION,1790547463770497.405	,162.123,0.000000,0
2,1,hcom_allGather_,N/A,N/A,1790547463770497.405	,162.123,0.000000,8
2,1,aclnnGroupedMatmulSwigluQuantWeightNzV2_GroupedMatmulSwigluQuantV2_GroupedMatmulSwigluQuantV2,N/A,N/A,1790547463770551.166	,246.045,0.000000,20
2,1,hcom_alltoall_,N/A,N/A,1790547463770660.888	,157.123,0.000000,8
2,1,hcom_alltoall__503_32_3,hcom_alltoall_,COMMUNICATION,1790547463770660.888	,157.123,0.000000,0
2,1,aclnnGroupedMatmulWeightNz_GroupedMatmul_GroupedMatmul,N/A,N/A,1790547463770799.851	,90.422,0.000000,20
2,1,hcom_reduceScatter_,N/A,N/A,1790547463770819.191	,124.303,0.000000,8
2,1,hcom_reduceScatter__503_33_3,hcom_reduceScatter_,COMMUNICATION,1790547463770819.191	,124.303,0.000000,0
2,1,aclnnGroupedMatmulSwigluQuantWeightNzV2_GroupedMatmulSwigluQuantV2_GroupedMatmulSwigluQuantV2,N/A,N/A,1790547463770893.293	,177.783,0.000000,20
2,1,hcom_allGather__503_34_3,hcom_allGather_,COMMUNICATION,1790547463770944.654	,157.423,0.000000,0
2,1,hcom_allGather_,N/A,N/A,1790547463770944.654	,157.423,0.000000,8
2,1,aclnnGroupedMatmulWeightNz_GroupedMatmul_GroupedMatmul,N/A,N/A,1790547463771074.036	,100.922,0.000000,20
2,1,hcom_allGather_,N/A,N/A,1790547463771103.377	,126.503,0.000000,8
2,1,hcom_allGather__503_35_3,hcom_allGather_,COMMUNICATION,1790547463771103.377	,126.503,0.000000,0
2,1,aclnnGroupedMatmulSwigluQuantWeightNzV2_GroupedMatmulSwigluQuantV2_GroupedMatmulSwigluQuantV2,N/A,N/A,1790547463771177.818	,205.245,0.000000,20
2,1,hcom_reduceScatter_,N/A,N/A,1790547463771231.080	,181.163,0.000000,8
2,1,hcom_reduceScatter__503_36_3,hcom_reduceScatter_,COMMUNICATION,1790547463771231.080	,181.163,0.000000,0
2,1,aclnnGroupedMatmulWeightNz_GroupedMatmul_GroupedMatmul,N/A,N/A,1790547463771385.983	,106.782,0.000000,20
2,1,hcom_allGather_,N/A,N/A,1790547463771413.623	,165.864,0.000000,8
2,1,hcom_allGather__503_37_3,hcom_allGather_,COMMUNICATION,1790547463771413.623	,165.864,0.000000,0
2,1,aclnnGroupedMatmulSwigluQuantWeightNzV2_GroupedMatmulSwigluQuantV2_GroupedMatmulSwigluQuantV2,N/A,N/A,1790547463771495.865	,175.903,0.000000,20
2,1,hcom_alltoall__503_38_3,hcom_alltoall_,COMMUNICATION,1790547463771580.667	,165.983,0.000000,0
2,1,hcom_alltoall_,N/A,N/A,1790547463771580.667	,165.983,0.000000,8
2,1,aclnnGroupedMatmulWeightNz_GroupedMatmul_GroupedMatmul,N/A,N/A,1790547463771674.368	,121.043,0.000000,20
2,1,hcom_reduceScatter_,N/A,N/A,1790547463771747.830	,155.783,0.000000,8
2,1,hcom_reduceScatter__503_39_3,hcom_reduceScatter_,COMMUNICATION,1790547463771747.830	,155.783,0.000000,0
2,1,aclnnGroupedMatmulSwigluQuantWeightNzV2_GroupedMatmulSwigluQuantV2_GroupedMatmulSwigluQuantV2,N/A,N/A,1790547463771798.191	,257.185,0.000000,20
2,1,hcom_allGather__503_40_3,hcom_allGather_,COMMUNICATION,1790547463771905.033	,164.303,0.000000,0
2,1,hcom_allGather_,N/A,N/A,1790547463771905.033	,164.303,0.000000,8
2,1,aclnnGroupedMatmulWeightNz_GroupedMatmul_GroupedMatmul,N/A,N/A,1790547463772057.976	,89.502,0.000000,20
2,1,hcom_allGather__503_41_3,hcom_allGather_,COMMUNICATION,1790547463772070.596	,141.823,0.000000,0
2,1,hcom_allGather_,N/A,N/A,1790547463772070.596	,141.823,0.000000,8
2,1,aclnnGroupedMatmulSwigluQuantWeightNzV2_GroupedMatmulSwigluQuantV2_GroupedMatmulSwigluQuantV2,N/A,N/A,1790547463772150.558	,196.424,0.000000,20
2,1,hcom_reduceScatter__503_42_3,hcom_reduceScatter_,COMMUNICATION,1790547463772213.659	,175.964,0.000000,0
2,1,hcom_reduceScatter_,N/A,N/A,1790547463772213.659	,175.964,0.000000,8
2,1,aclnnGroupedMatmulWeightNz_GroupedMatmul_GroupedMatmul,N/A,N/A,1790547463772349.622	,120.002,0.000000,20
2,1,hcom_allGather__503_43_3,hcom_allGather_,COMMUNICATION,1790547463772390.823	,144.143,0.000000,0
2,1,hcom_allGather_,N/A,N/A,1790547463772390.823	,144.143,0.000000,8
2,1,aclnnGroupedMatmulSwigluQuantWeightNzV2_GroupedMatmulSwigluQuantV2_GroupedMatmulSwigluQuantV2,N/A,N/A,1790547463772472.224	,211.985,0.000000,20
2,1,hcom_alltoall__503_44_3,hcom_alltoall_,COMMUNICATION,1790547463772536.186	,161.723,0.000000,0
2,1,hcom_alltoall_,N/A,N/A,1790547463772536.186	,161.723,0.000000,8
2,1,aclnnGroupedMatmulWeightNz_GroupedMatmul_GroupedMatmul,N/A,N/A,1790547463772687.149	,95.582,0.000000,20
2,1,hcom_reduceScatter__503_45_3,hcom_reduceScatter_,COMMUNICATION,1790547463772699.249	,130.862,0.000000,0
2,1,hcom_reduceScatter_,N/A,N/A,1790547463772699.249	,130.862,0.000000,8
2,1,aclnnGroupedMatmulSwigluQuantWeightNzV2_GroupedMatmulSwigluQuantV2_GroupedMatmulSwigluQuantV2,N/A,N/A,1790547463772785.351	,159.563,0.000000,20
2,1,hcom_allGather__503_46_3,hcom_allGather_,COMMUNICATION,1790547463772831.332	,144.902,0.000000,0
2,1,hcom_allGather_,N/A,N/A,1790547463772831.332	,144.902,0.000000,8
2,1,aclnnGroupedMatmulWeightNz_GroupedMatmul_GroupedMatmul,N/A,N/A,1790547463772947.874	,91.402,0.000000,20
2,1,hcom_allGather_,N/A,N/A,1790547463772977.574	,108.203,0.000000,8
2,1,hcom_allGather__503_47_3,hcom_allGather_,COMMUNICATION,1790547463772977.574	,108.203,0.000000,0
2,1,aclnnGroupedMatmulSwigluQuantWeightNzV2_GroupedMatmulSwigluQuantV2_GroupedMatmulSwigluQuantV2,N/A,N/A,1790547463773041.936	,181.163,0.000000,20
2,1,hcom_reduceScatter_,N/A,N/A,1790547463773086.997	,150.023,0.000000,8
2,1,hcom_reduceScatter__503_48_3,hcom_reduceScatter_,COMMUNICATION,1790547463773086.997	,150.023,0.000000,0
2,1,aclnnGroupedMatmulWeightNz_GroupedMatmul_GroupedMatmul,N/A,N/A,1790547463773225.839	,86.682,0.000000,20
2,1,hcom_allGather_,N/A,N/A,1790547463773238.200	,152.223,0.000000,8
2,1,hcom_allGather__503_49_3,hcom_allGather_,COMMUNICATION,1790547463773238.200	,152.223,0.000000,0
2,1,aclnnGroupedMatmulSwigluQuantWeightNzV2_GroupedMatmulSwigluQuantV2_GroupedMatmulSwigluQuantV2,N/A,N/A,1790547463773315.661	,194.864,0.000000,20
2,1,hcom_alltoall__503_50_3,hcom_alltoall_,COMMUNICATION,1790547463773391.603	,160.783,0.000000,0
2,1,hcom_alltoall_,N/A,N/A,1790547463773391.603	,160.783,0.000000,8
2,1,aclnnGroupedMatmulWeightNz_GroupedMatmul_GroupedMatmul,N/A,N/A,1790547463773513.445	,107.622,0.000000,20
2,1,hcom_reduceScatter__503_51_3,hcom_reduceScatter_,COMMUNICATION,1790547463773553.546	,156.303,0.000000,0
2,1,hcom_reduceScatter_,N/A,N/A,1790547463773553.546	,156.303,0.000000,8
2,1,aclnnGroupedMatmulSwigluQuantWeightNzV2_GroupedMatmulSwigluQuantV2_GroupedMatmulSwigluQuantV2,N/A,N/A,1790547463773623.967	,219.845,0.000000,20
2,1,hcom_allGather__503_52_3,hcom_allGather_,COMMUNICATION,1790547463773711.049	,185.444,0.000000,0
2,1,hcom_allGather_,N/A,N/A,1790547463773711.049	,185.444,0.000000,8
2,1,aclnnGroupedMatmulWeightNz_GroupedMatmul_GroupedMatmul,N/A,N/A,1790547463773846.692	,122.162,0.000000,20
2,1,hcom_allGather_,N/A,N/A,1790547463773897.673	,112.102,0.000000,8
2,1,hcom_allGather__503_53_3,hcom_allGather_,COMMUNICATION,1790547463773897.673	,112.102,0.000000,0
2,1,aclnnGroupedMatmulSwigluQuantWeightNzV2_GroupedMatmulSwigluQuantV2_GroupedMatmulSwigluQuantV2,N/A,N/A,1790547463773971.714	,176.584,0.000000,20
2,1,hcom_reduceScatter_,N/A,N/A,1790547463774011.075	,159.063,0.000000,8
2,1,hcom_reduceScatter__503_54_3,hcom_reduceScatter_,COMMUNICATION,1790547463774011.075	,159.063,0.000000,0
2,1,aclnnGroupedMatmulWeightNz_GroupedMatmul_GroupedMatmul,N/A,N/A,1790547463774151.298	,93.342,0.000000,20
2,1,hcom_allGather__503_55_3,hcom_allGather_,COMMUNICATION,1790547463774171.598	,114.983,0.000000,0
2,1,hcom_allGather_,N/A,N/A,1790547463774171.598	,114.983,0.000000,8
2,1,aclnnGroupedMatmulSwigluQuantWeightNzV2_GroupedMatmulSwigluQuantV2_GroupedMatmulSwigluQuantV2,N/A,N/A,1790547463774247.220	,164.223,0.000000,20
2,1,hcom_alltoall__503_56_3,hcom_alltoall_,COMMUNICATION,1790547463774287.761	,175.523,0.000000,0
2,1,hcom_alltoall_,N/A,N/A,1790547463774287.761	,175.523,0.000000,8
2,1,aclnnGroupedMatmulWeightNz_GroupedMatmul_GroupedMatmul,N/A,N/A,1790547463774414.163	,118.223,0.000000,20
2,1,hcom_reduceScatter__503_57_3,hcom_reduceScatter_,COMMUNICATION,1790547463774464.544	,131.683,0.000000,0
2,1,hcom_reduceScatter_,N/A,N/A,1790547463774464.544	,131.683,0.000000,8
2,1,aclnnGroupedMatmulSwigluQuantWeightNzV2_GroupedMatmulSwigluQuantV2_GroupedMatmulSwigluQuantV2,N/A,N/A,1790547463774534.946	,202.284,0.000000,20
2,1,hcom_allGather_,N/A,N/A,1790547463774597.427	,162.583,0.000000,8
2,1,hcom_allGather__503_58_3,hcom_allGather_,COMMUNICATION,1790547463774597.427	,162.583,0.000000,0
2,1,aclnnGroupedMatmulWeightNz_GroupedMatmul_GroupedMatmul,N/A,N/A,1790547463774739.970	,98.862,0.000000,20
2,1,hcom_allGather__503_59_3,hcom_allGather_,COMMUNICATION,1790547463774761.190	,123.623,0.000000,0
2,1,hcom_allGather_,N/A,N/A,1790547463774761.190	,123.623,0.000000,8
2,1,aclnnGroupedMatmulSwigluQuantWeightNzV2_GroupedMatmulSwigluQuantV2_GroupedMatmulSwigluQuantV2,N/A,N/A,1790547463774841.952	,188.523,0.000000,20
2,1,hcom_reduceScatter__503_60_3,hcom_reduceScatter_,COMMUNICATION,1790547463774886.033	,156.483,0.000000,0
2,1,hcom_reduceScatter_,N/A,N/A,1790547463774886.033	,156.483,0.000000,8
2,1,aclnnGroupedMatmulWeightNz_GroupedMatmul_GroupedMatmul,N/A,N/A,1790547463775033.156	,96.021,0.000000,20
2,1,hcom_allGather_,N/A,N/A,1790547463775043.736	,147.383,0.000000,8
2,1,hcom_allGather__503_61_3,hcom_allGather_,COMMUNICATION,1790547463775043.736	,147.383,0.000000,0
2,1,aclnnGroupedMatmulSwigluQuantWeightNzV2_GroupedMatmulSwigluQuantV2_GroupedMatmulSwigluQuantV2,N/A,N/A,1790547463775132.097	,168.404,0.000000,20
2,1,hcom_alltoall__503_62_3,hcom_alltoall_,COMMUNICATION,1790547463775192.339	,154.023,0.000000,0
2,1,hcom_alltoall_,N/A,N/A,1790547463775192.339	,154.023,0.000000,8
2,1,aclnnGroupedMatmulWeightNz_GroupedMatmul_GroupedMatmul,N/A,N/A,1790547463775303.321	,99.682,0.000000,20
2,1,hcom_reduceScatter_,N/A,N/A,1790547463775347.662	,114.062,0.000000,8
2,1,hcom_reduceScatter__503_63_3,hcom_reduceScatter_,COMMUNICATION,1790547463775347.662	,114.062,0.000000,0
2,1,aclnnGroupedMatmulSwigluQuantWeightNzV2_GroupedMatmulSwigluQuantV2_GroupedMatmulSwigluQuantV2,N/A,N/A,1790547463775405.923	,178.724,0.000000,20
2,1,hcom_allGather__503_64_3,hcom_allGather_,COMMUNICATION,1790547463775462.944	,142.483,0.000000,0
2,1,hcom_allGather_,N/A,N/A,1790547463775462.944	,142.483,0.000000,8
2,1,aclnnGroupedMatmulWeightNz_GroupedMatmul_GroupedMatmul,N/A,N/A,1790547463775587.367	,85.141,0.000000,20
2,1,hcom_allGather__503_65_3,hcom_allGather_,COMMUNICATION,1790547463775606.707	,115.422,0.000000,0
2,1,hcom_allGather_,N/A,N/A,1790547463775606.707	,115.422,0.000000,8
2,1,aclnnGroupedMatmulSwigluQuantWeightNzV2_GroupedMatmulSwigluQuantV2_GroupedMatmulSwigluQuantV2,N/A,N/A,1790547463775675.408	,174.224,0.000000,20
2,1,hcom_reduceScatter__503_66_3,hcom_reduceScatter_,COMMUNICATION,1790547463775723.329	,150.843,0.000000,0
2,1,hcom_reduceScatter_,N/A,N/A,1790547463775723.329	,150.843,0.000000,8
2,1,aclnnGroupedMatmulWeightNz_GroupedMatmul_GroupedMatmul,N/A,N/A,1790547463775852.532	,93.602,0.000000,20
2,1,hcom_allGather__503_67_3,hcom_allGather_,COMMUNICATION,1790547463775875.452	,136.783,0.000000,0
2,1,hcom_allGather_,N/A,N/A,1790547463775875.452	,136.783,0.000000,8
2,1,aclnnGroupedMatmulSwigluQuantWeightNzV2_GroupedMatmulSwigluQuantV2_GroupedMatmulSwigluQuantV2,N/A,N/A,1790547463775948.994	,185.004,0.000000,20
2,1,hcom_alltoall_,N/A,N/A,1790547463776013.535	,162.263,0.000000,8
2,1,hcom_alltoall__503_68_3,hcom_alltoall_,COMMUNICATION,1790547463776013.535	,162.263,0.000000,0
2,1,aclnnGroupedMatmulWeightNz_GroupedMatmul_GroupedMatmul,N/A,N/A,1790547463776137.078	,100.022,0.000000,20
2,1,hcom_reduceScatter_,N/A,N/A,1790547463776176.958	,157.464,0.000000,8
2,1,hcom_reduceScatter__503_69_3,hcom_reduceScatter_,COMMUNICATION,1790547463776176.958	,157.464,0.000000,0
2,1,aclnnGroupedMatmulSwigluQuantWeightNzV2_GroupedMatmulSwigluQuantV2_GroupedMatmulSwigluQuantV2,N/A,N/A,1790547463776240.200	,201.344,0.000000,20
2,1,hcom_allGather__503_70_3,hcom_allGather_,COMMUNICATION,1790547463776335.602	,153.223,0.000000,0
2,1,hcom_allGather_,N/A,N/A,1790547463776335.602	,153.223,0.000000,8
2,1,aclnnGroupedMatmulWeightNz_GroupedMatmul_GroupedMatmul,N/A,N/A,1790547463776444.204	,100.742,0.000000,20
2,1,hcom_allGather__503_71_3,hcom_allGather_,COMMUNICATION,1790547463776490.065	,84.981,0.000000,0
2,1,hcom_allGather_,N/A,N/A,1790547463776490.065	,84.981,0.000000,8
2,1,aclnnGroupedMatmulSwigluQuantWeightNzV2_GroupedMatmulSwigluQuantV2_GroupedMatmulSwigluQuantV2,N/A,N/A,1790547463776547.926	,150.243,0.000000,20
2,1,hcom_reduceScatter__503_72_3,hcom_reduceScatter_,COMMUNICATION,1790547463776576.226	,159.324,0.000000,0
2,1,hcom_reduceScatter_,N/A,N/A,1790547463776576.226	,159.324,0.000000,8
2,1,aclnnGroupedMatmulWeightNz_GroupedMatmul_GroupedMatmul,N/A,N/A,1790547463776700.869	,102.162,0.000000,20
2,1,hcom_allGather__503_73_3,hcom_allGather_,COMMUNICATION,1790547463776736.850	,121.582,0.000000,0
2,1,hcom_allGather_,N/A,N/A,1790547463776736.850	,121.582,0.000000,8
2,1,aclnnGroupedMatmulSwigluQuantWeightNzV2_GroupedMatmulSwigluQuantV2_GroupedMatmulSwigluQuantV2,N/A,N/A,1790547463776805.831	,183.084,0.000000,20
2,1,hcom_alltoall__503_74_3,hcom_alltoall_,COMMUNICATION,1790547463776859.652	,142.843,0.000000,0
2,1,hcom_alltoall_,N/A,N/A,1790547463776859.652	,142.843,0.000000,8
2,1,aclnnGroupedMatmulWeightNz_GroupedMatmul_GroupedMatmul,N/A,N/A,1790547463776991.615	,84.161,0.000000,20
2,1,hcom_reduceScatter_,N/A,N/A,1790547463777003.895	,127.862,0.000000,8
2,1,hcom_reduceScatter__503_75_3,hcom_reduceScatter_,COMMUNICATION,1790547463777003.895	,127.862,0.000000,0
2,1,aclnnGroupedMatmulSwigluQuantWeightNzV2_GroupedMatmulSwigluQuantV2_GroupedMatmulSwigluQuantV2,N/A,N/A,1790547463777078.776	,151.623,0.000000,20
2,1,hcom_allGather_,N/A,N/A,1790547463777132.957	,162.644,0.000000,8
2,1,hcom_allGather__503_76_3,hcom_allGather_,COMMUNICATION,1790547463777132.957	,162.644,0.000000,0
2,1,aclnnGroupedMatmulWeightNz_GroupedMatmul_GroupedMatmul,N/A,N/A,1790547463777233.339	,117.763,0.000000,20
2,1,hcom_allGather_,N/A,N/A,1790547463777296.781	,129.742,0.000000,8
2,1,hcom_allGather__503_77_3,hcom_allGather_,COMMUNICATION,1790547463777296.781	,129.742,0.000000,0
2,1,aclnnGroupedMatmulSwigluQuantWeightNzV2_GroupedMatmulSwigluQuantV2_GroupedMatmulSwigluQuantV2,N/A,N/A,1790547463777354.082	,180.223,0.000000,20
2,1,hcom_reduceScatter_,N/A,N/A,1790547463777427.783	,145.263,0.000000,8
2,1,hcom_reduceScatter__503_78_3,hcom_reduceScatter_,COMMUNICATION,1790547463777427.783	,145.263,0.000000,0
2,1,aclnnGroupedMatmulWeightNz_GroupedMatmul_GroupedMatmul,N/A,N/A,1790547463777537.286	,94.301,0.000000,20
2,1,hcom_allGather_,N/A,N/A,1790547463777574.326	,139.723,0.000000,8
2,1,hcom_allGather__503_79_3,hcom_allGather_,COMMUNICATION,1790547463777574.326	,139.723,0.000000,0
2,1,aclnnGroupedMatmulSwigluQuantWeightNzV2_GroupedMatmulSwigluQuantV2_GroupedMatmulSwigluQuantV2,N/A,N/A,1790547463777634.307	,204.485,0.000000,20
2,1,hcom_alltoall_,N/A,N/A,1790547463777715.249	,137.683,0.000000,8
2,1,hcom_alltoall__503_80_3,hcom_alltoall_,COMMUNICATION,1790547463777715.249	,137.683,0.000000,0
2,1,aclnnGroupedMatmulWeightNz_GroupedMatmul_GroupedMatmul,N/A,N/A,1790547463777841.892	,77.421,0.000000,20
2,1,hcom_reduceScatter__503_81_3,hcom_reduceScatter_,COMMUNICATION,1790547463777854.112	,126.962,0.000000,0
2,1,hcom_reduceScatter_,N/A,N/A,1790547463777854.112	,126.962,0.000000,8
2,1,aclnnGroupedMatmulSwigluQuantWeightNzV2_GroupedMatmulSwigluQuantV2_GroupedMatmulSwigluQuantV2,N/A,N/A,1790547463777922.013	,209.224,0.000000,20
2,1,hcom_allGather__503_82_3,hcom_allGather_,COMMUNICATION,1790547463777982.274	,160.644,0.000000,0
2,1,hcom_allGather_,N/A,N/A,1790547463777982.274	,160.644,0.000000,8
2,1,aclnnGroupedMatmulWeightNz_GroupedMatmul_GroupedMatmul,N/A,N/A,1790547463778133.877	,94.942,0.000000,20
2,1,hcom_allGather__503_83_3,hcom_allGather_,COMMUNICATION,1790547463778144.118	,123.782,0.000000,0
2,1,hcom_allGather_,N/A,N/A,1790547463778144.118	,123.782,0.000000,8
2,1,hcom_reduceScatter__503_84_3,hcom_reduceScatter_,COMMUNICATION,1790547463778269.940	,126.283,2.218000,0
2,1,hcom_reduceScatter_,N/A,N/A,1790547463778269.940	,126.283,0.000000,8
2,1,hcom_allGather__503_85_3,hcom_allGather_,COMMUNICATION,1790547463778398.283	,74.741,1.967000,0
2,1,hcom_allGather_,N/A,N/A,1790547463778398.283	,74.741,0.000000,8
2,1,hcom_alltoall__503_86_3,hcom_alltoall_,COMMUNICATION,1790547463778474.964	,15.601,2.009000,0
2,1,hcom_alltoall_,N/A,N/A,1790547463778474.964	,15.601,0.000000,8
2,1,hcom_reduceScatter__503_87_3,hcom_reduceScatter_,COMMUNICATION,1790547463778492.785	,13.780,2.149000,0
2,1,hcom_reduceScatter_,N/A,N/A,1790547463778492.785	,13.780,0.000000,8
2,1,hcom_allGather_,N/A,N/A,1790547463778508.765	,12.860,2.220000,8
2,1,hcom_allGather__503_88_3,hcom_allGather_,COMMUNICATION,1790547463778508.765	,12.860,0.000000,0
2,1,hcom_allGather__503_89_3,hcom_allGather_,COMMUNICATION,1790547463778523.765	,5.700,2.140000,0
2,1,hcom_allGather_,N/A,N/A,1790547463778523.765	,5.700,0.000000,8
2,1,hcom_reduceScatter_,N/A,N/A,1790547463778531.565	,14.021,2.050000,8
2,1,hcom_reduceScatter__503_90_3,hcom_reduceScatter_,COMMUNICATION,1790547463778531.565	,14.021,0.000000,0
2,1,hcom_allGather__503_91_3,hcom_allGather_,COMMUNICATION,1790547463778547.926	,12.000,2.479000,0
2,1,hcom_allGather_,N/A,N/A,1790547463778547.926	,12.000,0.000000,8
2,1,hcom_alltoall__503_92_3,hcom_alltoall_,COMMUNICATION,1790547463778562.286	,14.780,2.250000,0
2,1,hcom_alltoall_,N/A,N/A,1790547463778562.286	,14.780,0.000000,8
2,1,hcom_reduceScatter_,N/A,N/A,1790547463778578.906	,14.461,1.970000,8
2,1,hcom_reduceScatter__503_93_3,hcom_reduceScatter_,COMMUNICATION,1790547463778578.906	,14.461,0.000000,0
2,1,hcom_allGather_,N/A,N/A,1790547463778594.567	,13.520,1.039000,8
2,1,hcom_allGather__503_94_3,hcom_allGather_,COMMUNICATION,1790547463778594.567	,13.520,0.000000,0
2,1,hcom_allGather__503_95_3,hcom_allGather_,COMMUNICATION,1790547463778610.407	,5.380,2.480000,0
2,1,hcom_allGather_,N/A,N/A,1790547463778610.407	,5.380,0.000000,8
2,1,hcom_reduceScatter__503_96_3,hcom_reduceScatter_,COMMUNICATION,1790547463778617.067	,14.960,1.120000,0
2,1,hcom_reduceScatter_,N/A,N/A,1790547463778617.067	,14.960,0.000000,8
2,1,hcom_allGather__503_97_3,hcom_allGather_,COMMUNICATION,1790547463778633.207	,14.461,1.290000,0
2,1,hcom_allGather_,N/A,N/A,1790547463778633.207	,14.461,0.000000,8
2,1,hcom_alltoall__503_98_3,hcom_alltoall_,COMMUNICATION,1790547463778649.008	,15.720,1.289000,0
2,1,hcom_alltoall_,N/A,N/A,1790547463778649.008	,15.720,0.000000,8
2,1,hcom_reduceScatter__503_99_3,hcom_reduceScatter_,COMMUNICATION,1790547463778665.908	,15.220,1.280000,0
2,1,hcom_reduceScatter_,N/A,N/A,1790547463778665.908	,15.220,0.000000,8
2,1,hcom_allGather__503_100_3,hcom_allGather_,COMMUNICATION,1790547463778682.308	,13.221,1.030000,0
2,1,hcom_allGather_,N/A,N/A,1790547463778682.308	,13.221,0.000000,8
2,1,hcom_allGather__503_101_3,hcom_allGather_,COMMUNICATION,1790547463778696.769	,7.380,1.279000,0
2,1,hcom_allGather_,N/A,N/A,1790547463778696.769	,7.380,0.000000,8
2,1,hcom_reduceScatter__503_102_3,hcom_reduceScatter_,COMMUNICATION,1790547463778705.409	,14.500,1.370000,0
2,1,hcom_reduceScatter_,N/A,N/A,1790547463778705.409	,14.500,0.000000,8
2,1,hcom_allGather_,N/A,N/A,1790547463778721.069	,17.481,1.000000,8
2,1,hcom_allGather__503_103_3,hcom_allGather_,COMMUNICATION,1790547463778721.069	,17.481,0.000000,0
2,1,hcom_alltoall_,N/A,N/A,1790547463778739.730	,15.360,1.269000,8
2,1,hcom_alltoall__503_104_3,hcom_alltoall_,COMMUNICATION,1790547463778739.730	,15.360,0.000000,0
2,1,hcom_reduceScatter_,N/A,N/A,1790547463778756.310	,13.880,1.140000,8
2,1,hcom_reduceScatter__503_105_3,hcom_reduceScatter_,COMMUNICATION,1790547463778756.310	,13.880,0.000000,0
2,1,hcom_allGather__503_106_3,hcom_allGather_,COMMUNICATION,1790547463778771.870	,14.060,1.620000,0
2,1,hcom_allGather_,N/A,N/A,1790547463778771.870	,14.060,0.000000,8
2,1,hcom_allGather_,N/A,N/A,1790547463778787.151	,7.400,1.440000,8
2,1,hcom_allGather__503_107_3,hcom_allGather_,COMMUNICATION,1790547463778787.151	,7.400,0.000000,0
2,1,hcom_reduceScatter_,N/A,N/A,1790547463778795.871	,14.560,1.100000,8
2,1,hcom_reduceScatter__503_108_3,hcom_reduceScatter_,COMMUNICATION,1790547463778795.871	,14.560,0.000000,0
2,1,hcom_allGather_,N/A,N/A,1790547463778811.591	,13.160,1.190000,8
2,1,hcom_allGather__503_109_3,hcom_allGather_,COMMUNICATION,1790547463778811.591	,13.160,0.000000,0
2,1,hcom_alltoall_,N/A,N/A,1790547463778825.951	,15.541,1.340000,8
2,1,hcom_alltoall__503_110_3,hcom_alltoall_,COMMUNICATION,1790547463778825.951	,15.541,0.000000,0
2,1,hcom_reduceScatter_,N/A,N/A,1790547463778842.672	,14.580,1.209000,8
2,1,hcom_reduceScatter__503_111_3,hcom_reduceScatter_,COMMUNICATION,1790547463778842.672	,14.580,0.000000,0
2,1,hcom_allGather_,N/A,N/A,1790547463778858.592	,13.900,1.170000,8
2,1,hcom_allGather__503_112_3,hcom_allGather_,COMMUNICATION,1790547463778858.592	,13.900,0.000000,0
2,1,hcom_allGather__503_113_3,hcom_allGather_,COMMUNICATION,1790547463778873.772	,6.360,1.350000,0
2,1,hcom_allGather_,N/A,N/A,1790547463778873.772	,6.360,0.000000,8
2,1,hcom_reduceScatter__503_114_3,hcom_reduceScatter_,COMMUNICATION,1790547463778881.332	,14.361,1.140000,0
2,1,hcom_reduceScatter_,N/A,N/A,1790547463778881.332	,14.361,0.000000,8
2,1,hcom_allGather_,N/A,N/A,1790547463778896.873	,12.960,1.139000,8
2,1,hcom_allGather__503_115_3,hcom_allGather_,COMMUNICATION,1790547463778896.873	,12.960,0.000000,0
2,1,hcom_alltoall__503_116_3,hcom_alltoall_,COMMUNICATION,1790547463778911.013	,14.620,1.290000,0
2,1,hcom_alltoall_,N/A,N/A,1790547463778911.013	,14.620,0.000000,8
2,1,hcom_reduceScatter__503_117_3,hcom_reduceScatter_,COMMUNICATION,1790547463778926.813	,16.081,1.130000,0
2,1,hcom_reduceScatter_,N/A,N/A,1790547463778926.813	,16.081,0.000000,8
2,1,hcom_allGather_,N/A,N/A,1790547463778944.054	,13.400,1.169000,8
2,1,hcom_allGather__503_118_3,hcom_allGather_,COMMUNICATION,1790547463778944.054	,13.400,0.000000,0
2,1,hcom_allGather_,N/A,N/A,1790547463778958.694	,6.160,1.350000,8
2,1,hcom_allGather__503_119_3,hcom_allGather_,COMMUNICATION,1790547463778958.694	,6.160,0.000000,0
2,1,hcom_reduceScatter_,N/A,N/A,1790547463778966.054	,14.700,1.090000,8
2,1,hcom_reduceScatter__503_120_3,hcom_reduceScatter_,COMMUNICATION,1790547463778966.054	,14.700,0.000000,0
2,1,hcom_allGather_,N/A,N/A,1790547463778982.074	,13.261,1.300000,8
2,1,hcom_allGather__503_121_3,hcom_allGather_,COMMUNICATION,1790547463778982.074	,13.261,0.000000,0
2,1,hcom_alltoall_,N/A,N/A,1790547463778996.635	,14.800,1.489000,8
2,1,hcom_alltoall__503_122_3,hcom_alltoall_,COMMUNICATION,1790547463778996.635	,14.800,0.000000,0
2,1,hcom_reduceScatter_,N/A,N/A,1790547463779012.635	,15.500,1.200000,8
2,1,hcom_reduceScatter__503_123_3,hcom_reduceScatter_,COMMUNICATION,1790547463779012.635	,15.500,0.000000,0
2,1,hcom_allGather_,N/A,N/A,1790547463779029.335	,14.521,1.000000,8
2,1,hcom_allGather__503_124_3,hcom_allGather_,COMMUNICATION,1790547463779029.335	,14.521,0.000000,0
2,1,hcom_allGather__503_125_3,hcom_allGather_,COMMUNICATION,1790547463779045.076	,6.540,1.229000,0
2,1,hcom_allGather_,N/A,N/A,1790547463779045.076	,6.540,0.000000,8
2,1,hcom_reduceScatter_,N/A,N/A,1790547463779052.896	,13.940,1.460000,8
2,1,hcom_reduceScatter__503_126_3,hcom_reduceScatter_,COMMUNICATION,1790547463779052.896	,13.940,0.000000,0
2,1,hcom_allGather__503_127_3,hcom_allGather_,COMMUNICATION,1790547463779068.276	,13.380,1.310000,0
2,1,hcom_allGather_,N/A,N/A,1790547463779068.276	,13.380,0.000000,8
2,1,hcom_alltoall__503_128_3,hcom_alltoall_,COMMUNICATION,1790547463779082.976	,15.741,1.370000,0
2,1,hcom_alltoall_,N/A,N/A,1790547463779082.976	,15.741,0.000000,8
2,1,hcom_reduceScatter_,N/A,N/A,1790547463779099.897	,13.900,1.259000,8
2,1,hcom_reduceScatter__503_129_3,hcom_reduceScatter_,COMMUNICATION,1790547463779099.897	,13.900,0.000000,0
2,1,hcom_allGather_,N/A,N/A,1790547463779114.997	,13.340,1.100000,8
2,1,hcom_allGather__503_130_3,hcom_allGather_,COMMUNICATION,1790547463779114.997	,13.340,0.000000,0
2,1,hcom_allGather__503_131_3,hcom_allGather_,COMMUNICATION,1790547463779129.937	,6.560,1.660000,0
2,1,hcom_allGather_,N/A,N/A,1790547463779129.937	,6.560,0.000000,8
2,1,hcom_reduceScatter__503_132_3,hcom_reduceScatter_,COMMUNICATION,1790547463779137.698	,14.560,1.190000,0
2,1,hcom_reduceScatter_,N/A,N/A,1790547463779137.698	,14.560,0.000000,8
2,1,hcom_allGather__503_133_3,hcom_allGather_,COMMUNICATION,1790547463779153.478	,14.640,1.190000,0
2,1,hcom_allGather_,N/A,N/A,1790547463779153.478	,14.640,0.000000,8
2,1,hcom_alltoall_,N/A,N/A,1790547463779169.338	,15.020,1.110000,8
2,1,hcom_alltoall__503_134_3,hcom_alltoall_,COMMUNICATION,1790547463779169.338	,15.020,0.000000,0
2,1,hcom_reduceScatter__503_135_3,hcom_reduceScatter_,COMMUNICATION,1790547463779185.818	,14.181,1.480000,0
2,1,hcom_reduceScatter_,N/A,N/A,1790547463779185.818	,14.181,0.000000,8
2,1,hcom_allGather_,N/A,N/A,1790547463779201.179	,14.200,1.319000,8
2,1,hcom_allGather__503_136_3,hcom_allGather_,COMMUNICATION,1790547463779201.179	,14.200,0.000000,0
2,1,hcom_allGather__503_137_3,hcom_allGather_,COMMUNICATION,1790547463779216.619	,5.980,1.050000,0
2,1,hcom_allGather_,N/A,N/A,1790547463779216.619	,5.980,0.000000,8
2,1,hcom_reduceScatter_,N/A,N/A,1790547463779223.919	,14.401,1.520000,8
2,1,hcom_reduceScatter__503_138_3,hcom_reduceScatter_,COMMUNICATION,1790547463779223.919	,14.401,0.000000,0
2,1,hcom_allGather_,N/A,N/A,1790547463779239.560	,13.940,1.099000,8
2,1,hcom_allGather__503_139_3,hcom_allGather_,COMMUNICATION,1790547463779239.560	,13.940,0.000000,0
2,1,hcom_alltoall__503_140_3,hcom_alltoall_,COMMUNICATION,1790547463779254.660	,15.360,1.310000,0
2,1,hcom_alltoall_,N/A,N/A,1790547463779254.660	,15.360,0.000000,8
2,1,hcom_reduceScatter__503_141_3,hcom_reduceScatter_,COMMUNICATION,1790547463779271.180	,14.000,1.140000,0
2,1,hcom_reduceScatter_,N/A,N/A,1790547463779271.180	,14.000,0.000000,8
2,1,hcom_allGather__503_142_3,hcom_allGather_,COMMUNICATION,1790547463779286.380	,15.221,1.250000,0
2,1,hcom_allGather_,N/A,N/A,1790547463779286.380	,15.221,0.000000,8
2,1,hcom_allGather__503_143_3,hcom_allGather_,COMMUNICATION,1790547463779302.781	,5.980,1.029000,0
2,1,hcom_allGather_,N/A,N/A,1790547463779302.781	,5.980,0.000000,8
2,1,hcom_reduceScatter_,N/A,N/A,1790547463779309.921	,15.360,1.270000,8
2,1,hcom_reduceScatter__503_144_3,hcom_reduceScatter_,COMMUNICATION,1790547463779309.921	,15.360,0.000000,0
2,1,hcom_allGather_,N/A,N/A,1790547463779326.561	,11.821,1.140000,8
2,1,hcom_allGather__503_145_3,hcom_allGather_,COMMUNICATION,1790547463779326.561	,11.821,0.000000,0
2,1,hcom_alltoall_,N/A,N/A,1790547463779339.602	,14.800,1.179000,8
2,1,hcom_alltoall__503_146_3,hcom_alltoall_,COMMUNICATION,1790547463779339.602	,14.800,0.000000,0
2,1,hcom_reduceScatter__503_147_3,hcom_reduceScatter_,COMMUNICATION,1790547463779355.682	,15.140,1.450000,0
2,1,hcom_reduceScatter_,N/A,N/A,1790547463779355.682	,15.140,0.000000,8
2,1,hcom_allGather_,N/A,N/A,1790547463779372.022	,17.081,1.110000,8
2,1,hcom_allGather__503_148_3,hcom_allGather_,COMMUNICATION,1790547463779372.022	,17.081,0.000000,0
2,1,hcom_allGather__503_149_3,hcom_allGather_,COMMUNICATION,1790547463779390.323	,6.740,1.169000,0
2,1,hcom_allGather_,N/A,N/A,1790547463779390.323	,6.740,0.000000,8
2,1,hcom_reduceScatter__503_150_3,hcom_reduceScatter_,COMMUNICATION,1790547463779398.283	,14.480,1.260000,0
2,1,hcom_reduceScatter_,N/A,N/A,1790547463779398.283	,14.480,0.000000,8
2,1,hcom_allGather__503_151_3,hcom_allGather_,COMMUNICATION,1790547463779414.003	,13.300,1.270000,0
2,1,hcom_allGather_,N/A,N/A,1790547463779414.003	,13.300,0.000000,8
2,1,hcom_alltoall_,N/A,N/A,1790547463779428.503	,15.081,1.200000,8
2,1,hcom_alltoall__503_152_3,hcom_alltoall_,COMMUNICATION,1790547463779428.503	,15.081,0.000000,0
2,1,hcom_reduceScatter__503_153_3,hcom_reduceScatter_,COMMUNICATION,1790547463779444.744	,13.740,1.169000,0
2,1,hcom_reduceScatter_,N/A,N/A,1790547463779444.744	,13.740,0.000000,8
2,1,hcom_allGather_,N/A,N/A,1790547463779459.664	,16.940,1.260000,8
2,1,hcom_allGather__503_154_3,hcom_allGather_,COMMUNICATION,1790547463779459.664	,16.940,0.000000,0
2,1,hcom_allGather__503_155_3,hcom_allGather_,COMMUNICATION,1790547463779477.864	,6.640,1.060000,0
2,1,hcom_allGather_,N/A,N/A,1790547463779477.864	,6.640,0.000000,8
2,1,hcom_reduceScatter_,N/A,N/A,1790547463779485.704	,13.781,1.360000,8
2,1,hcom_reduceScatter__503_156_3,hcom_reduceScatter_,COMMUNICATION,1790547463779485.704	,13.781,0.000000,0
2,1,hcom_allGather_,N/A,N/A,1790547463779500.685	,14.040,1.219000,8
2,1,hcom_allGather__503_157_3,hcom_allGather_,COMMUNICATION,1790547463779500.685	,14.040,0.000000,0
2,1,hcom_alltoall__503_158_3,hcom_alltoall_,COMMUNICATION,1790547463779516.125	,14.500,1.210000,0
2,1,hcom_alltoall_,N/A,N/A,1790547463779516.125	,14.500,0.000000,8
2,1,hcom_reduceScatter__503_159_3,hcom_reduceScatter_,COMMUNICATION,1790547463779531.885	,15.481,1.500000,0
2,1,hcom_reduceScatter_,N/A,N/A,1790547463779531.885	,15.481,0.000000,8
2,1,hcom_allGather__503_160_3,hcom_allGather_,COMMUNICATION,1790547463779548.546	,12.720,1.019000,0
2,1,hcom_allGather_,N/A,N/A,1790547463779548.546	,12.720,0.000000,8
2,1,hcom_allGather__503_161_3,hcom_allGather_,COMMUNICATION,1790547463779562.446	,7.460,1.280000,0
2,1,hcom_allGather_,N/A,N/A,1790547463779562.446	,7.460,0.000000,8
2,1,hcom_reduceScatter_,N/A,N/A,1790547463779571.266	,13.900,1.290000,8
2,1,hcom_reduceScatter__503_162_3,hcom_reduceScatter_,COMMUNICATION,1790547463779571.266	,13.900,0.000000,0
2,1,hcom_allGather__503_163_3,hcom_allGather_,COMMUNICATION,1790547463779586.466	,13.221,1.350000,0
2,1,hcom_allGather_,N/A,N/A,1790547463779586.466	,13.221,0.000000,8
2,1,hcom_alltoall__503_164_3,hcom_alltoall_,COMMUNICATION,1790547463779600.887	,15.140,1.279000,0
2,1,hcom_alltoall_,N/A,N/A,1790547463779600.887	,15.140,0.000000,8
2,1,hcom_reduceScatter__503_165_3,hcom_reduceScatter_,COMMUNICATION,1790547463779617.327	,13.820,1.110000,0
2,1,hcom_reduceScatter_,N/A,N/A,1790547463779617.327	,13.820,0.000000,8
2,1,hcom_allGather_,N/A,N/A,1790547463779632.347	,17.001,1.180000,8
2,1,hcom_allGather__503_166_3,hcom_allGather_,COMMUNICATION,1790547463779632.347	,17.001,0.000000,0
2,1,hcom_allGather__503_167_3,hcom_allGather_,COMMUNICATION,1790547463779650.748	,6.000,1.499000,0
2,1,hcom_allGather_,N/A,N/A,1790547463779650.748	,6.000,0.000000,8
2,1,hcom_reduceScatter__503_168_3,hcom_reduceScatter_,COMMUNICATION,1790547463779657.948	,14.560,1.250000,0
2,1,hcom_reduceScatter_,N/A,N/A,1790547463779657.948	,14.560,0.000000,8
2,1,hcom_allGather__503_169_3,hcom_allGather_,COMMUNICATION,1790547463779673.668	,13.660,1.190000,0
2,1,hcom_allGather_,N/A,N/A,1790547463779673.668	,13.660,0.000000,8
2,1,hcom_alltoall__503_170_3,hcom_alltoall_,COMMUNICATION,1790547463779688.489	,15.260,1.090000,0
2,1,hcom_alltoall_,N/A,N/A,1790547463779688.489	,15.260,0.000000,8
2,1,hcom_reduceScatter__503_171_3,hcom_reduceScatter_,COMMUNICATION,1790547463779705.089	,13.560,1.240000,0
2,1,hcom_reduceScatter_,N/A,N/A,1790547463779705.089	,13.560,0.000000,8
2,1,hcom_allGather__503_172_3,hcom_allGather_,COMMUNICATION,1790547463779720.009	,14.520,1.440000,0
2,1,hcom_allGather_,N/A,N/A,1790547463779720.009	,14.520,0.000000,8
2,1,hcom_allGather__503_173_3,hcom_allGather_,COMMUNICATION,1790547463779735.689	,6.381,1.230000,0
2,1,hcom_allGather_,N/A,N/A,1790547463779735.689	,6.381,0.000000,8
2,1,hcom_reduceScatter__503_174_3,hcom_reduceScatter_,COMMUNICATION,1790547463779743.250	,14.380,1.119000,0
2,1,hcom_reduceScatter_,N/A,N/A,1790547463779743.250	,14.380,0.000000,8
2,1,hcom_allGather__503_175_3,hcom_allGather_,COMMUNICATION,1790547463779758.810	,13.600,1.120000,0
2,1,hcom_allGather_,N/A,N/A,1790547463779758.810	,13.600,0.000000,8
2,1,hcom_alltoall_,N/A,N/A,1790547463779773.770	,16.161,1.400000,8
2,1,hcom_alltoall__503_176_3,hcom_alltoall_,COMMUNICATION,1790547463779773.770	,16.161,0.000000,0
2,1,hcom_reduceScatter_,N/A,N/A,1790547463779791.111	,13.700,1.089000,8
2,1,hcom_reduceScatter__503_177_3,hcom_reduceScatter_,COMMUNICATION,1790547463779791.111	,13.700,0.000000,0
2,1,hcom_allGather__503_178_3,hcom_allGather_,COMMUNICATION,1790547463779806.011	,14.360,1.300000,0
2,1,hcom_allGather_,N/A,N/A,1790547463779806.011	,14.360,0.000000,8
2,1,hcom_allGather__503_179_3,hcom_allGather_,COMMUNICATION,1790547463779821.551	,5.240,1.140000,0
2,1,hcom_allGather_,N/A,N/A,1790547463779821.551	,5.240,0.000000,8
2,1,hcom_reduceScatter__503_180_3,hcom_reduceScatter_,COMMUNICATION,1790547463779828.011	,14.501,1.260000,0
2,1,hcom_reduceScatter_,N/A,N/A,1790547463779828.011	,14.501,0.000000,8
2,1,hcom_allGather_,N/A,N/A,1790547463779843.732	,14.140,1.249000,8
2,1,hcom_allGather__503_181_3,hcom_allGather_,COMMUNICATION,1790547463779843.732	,14.140,0.000000,0
2,1,hcom_alltoall_,N/A,N/A,1790547463779859.152	,15.380,1.360000,8
2,1,hcom_alltoall__503_182_3,hcom_alltoall_,COMMUNICATION,1790547463779859.152	,15.380,0.000000,0
2,1,hcom_reduceScatter_,N/A,N/A,1790547463779875.772	,13.941,1.120000,8
2,1,hcom_reduceScatter__503_183_3,hcom_reduceScatter_,COMMUNICATION,1790547463779875.772	,13.941,0.000000,0
2,1,hcom_allGather__503_184_3,hcom_allGather_,COMMUNICATION,1790547463779891.073	,16.660,1.309000,0
2,1,hcom_allGather_,N/A,N/A,1790547463779891.073	,16.660,0.000000,8
2,1,hcom_allGather__503_185_3,hcom_allGather_,COMMUNICATION,1790547463779908.893	,6.540,1.340000,0
2,1,hcom_allGather_,N/A,N/A,1790547463779908.893	,6.540,0.000000,8
2,1,hcom_reduceScatter__503_186_3,hcom_reduceScatter_,COMMUNICATION,1790547463779916.593	,14.160,0.960000,0
2,1,hcom_reduceScatter_,N/A,N/A,1790547463779916.593	,14.160,0.000000,8
2,1,hcom_allGather__503_187_3,hcom_allGather_,COMMUNICATION,1790547463779931.933	,14.061,1.340000,0
2,1,hcom_allGather_,N/A,N/A,1790547463779931.933	,14.061,0.000000,8
2,1,hcom_alltoall_,N/A,N/A,1790547463779947.194	,15.200,1.189000,8
2,1,hcom_alltoall__503_188_3,hcom_alltoall_,COMMUNICATION,1790547463779947.194	,15.200,0.000000,0
2,1,hcom_reduceScatter__503_189_3,hcom_reduceScatter_,COMMUNICATION,1790547463779963.674	,14.520,1.300000,0
2,1,hcom_reduceScatter_,N/A,N/A,1790547463779963.674	,14.520,0.000000,8
2,1,hcom_allGather_,N/A,N/A,1790547463779979.374	,12.861,0.980000,8
2,1,hcom_allGather__503_190_3,hcom_allGather_,COMMUNICATION,1790547463779979.374	,12.861,0.000000,0
2,1,hcom_allGather_,N/A,N/A,1790547463779993.415	,6.180,1.389000,8
2,1,hcom_allGather__503_191_3,hcom_allGather_,COMMUNICATION,1790547463779993.415	,6.180,0.000000,0
2,1,hcom_reduceScatter_,N/A,N/A,1790547463780001.255	,14.560,1.570000,8
2,1,hcom_reduceScatter__503_192_3,hcom_reduceScatter_,COMMUNICATION,1790547463780001.255	,14.560,0.000000,0
2,1,hcom_allGather_,N/A,N/A,1790547463780017.195	,14.540,1.440000,8
2,1,hcom_allGather__503_193_3,hcom_allGather_,COMMUNICATION,1790547463780017.195	,14.540,0.000000,0
2,1,hcom_alltoall_,N/A,N/A,1790547463780032.935	,15.141,1.210000,8
2,1,hcom_alltoall__503_194_3,hcom_alltoall_,COMMUNICATION,1790547463780032.935	,15.141,0.000000,0
2,1,hcom_reduceScatter__503_195_3,hcom_reduceScatter_,COMMUNICATION,1790547463780049.336	,13.980,1.109000,0
2,1,hcom_reduceScatter_,N/A,N/A,1790547463780049.336	,13.980,0.000000,8
2,1,hcom_allGather__503_196_3,hcom_allGather_,COMMUNICATION,1790547463780064.556	,14.040,1.270000,0
2,1,hcom_allGather_,N/A,N/A,1790547463780064.556	,14.040,0.000000,8
2,1,hcom_allGather__503_197_3,hcom_allGather_,COMMUNICATION,1790547463780079.856	,6.800,1.210000,0
2,1,hcom_allGather_,N/A,N/A,1790547463780079.856	,6.800,0.000000,8
2,1,hcom_reduceScatter__503_198_3,hcom_reduceScatter_,COMMUNICATION,1790547463780087.916	,13.881,1.450000,0
2,1,hcom_reduceScatter_,N/A,N/A,1790547463780087.916	,13.881,0.000000,8
2,1,hcom_allGather_,N/A,N/A,1790547463780102.977	,14.340,1.119000,8
2,1,hcom_allGather__503_199_3,hcom_allGather_,COMMUNICATION,1790547463780102.977	,14.340,0.000000,0
2,1,hcom_alltoall_,N/A,N/A,1790547463780118.597	,15.060,1.160000,8
2,1,hcom_alltoall__503_200_3,hcom_alltoall_,COMMUNICATION,1790547463780118.597	,15.060,0.000000,0
2,1,hcom_reduceScatter_,N/A,N/A,1790547463780134.817	,13.821,1.190000,8
2,1,hcom_reduceScatter__503_201_3,hcom_reduceScatter_,COMMUNICATION,1790547463780134.817	,13.821,0.000000,0
2,1,hcom_allGather__503_202_3,hcom_allGather_,COMMUNICATION,1790547463780149.818	,16.680,1.179000,0
2,1,hcom_allGather_,N/A,N/A,1790547463780149.818	,16.680,0.000000,8
2,1,hcom_allGather__503_203_3,hcom_allGather_,COMMUNICATION,1790547463780167.658	,6.600,1.320000,0
2,1,hcom_allGather_,N/A,N/A,1790547463780167.658	,6.600,0.000000,8
2,1,hcom_reduceScatter_,N/A,N/A,1790547463780175.418	,14.661,1.150000,8
2,1,hcom_reduceScatter__503_204_3,hcom_reduceScatter_,COMMUNICATION,1790547463780175.418	,14.661,0.000000,0
2,1,hcom_allGather_,N/A,N/A,1790547463780191.439	,12.980,1.339000,8
2,1,hcom_allGather__503_205_3,hcom_allGather_,COMMUNICATION,1790547463780191.439	,12.980,0.000000,0
2,1,hcom_alltoall_,N/A,N/A,1790547463780205.559	,14.720,1.020000,8
2,1,hcom_alltoall__503_206_3,hcom_alltoall_,COMMUNICATION,1790547463780205.559	,14.720,0.000000,0
2,1,hcom_reduceScatter_,N/A,N/A,1790547463780221.499	,14.340,1.280000,8
2,1,hcom_reduceScatter__503_207_3,hcom_reduceScatter_,COMMUNICATION,1790547463780221.499	,14.340,0.000000,0
2,1,hcom_allGather__503_208_3,hcom_allGather_,COMMUNICATION,1790547463780237.019	,14.041,1.160000,0
2,1,hcom_allGather_,N/A,N/A,1790547463780237.019	,14.041,0.000000,8
2,1,hcom_allGather__503_209_3,hcom_allGather_,COMMUNICATION,1790547463780252.740	,5.400,1.709000,0
2,1,hcom_allGather_,N/A,N/A,1790547463780252.740	,5.400,0.000000,8
2,1,hcom_reduceScatter_,N/A,N/A,1790547463780259.560	,14.240,1.350000,8
2,1,hcom_reduceScatter__503_210_3,hcom_reduceScatter_,COMMUNICATION,1790547463780259.560	,14.240,0.000000,0
2,1,hcom_allGather_,N/A,N/A,1790547463780275.140	,12.500,1.510000,8
2,1,hcom_allGather__503_211_3,hcom_allGather_,COMMUNICATION,1790547463780275.140	,12.500,0.000000,0
2,1,hcom_alltoall_,N/A,N/A,1790547463780288.861	,15.280,1.000000,8
2,1,hcom_alltoall__503_212_3,hcom_alltoall_,COMMUNICATION,1790547463780288.861	,15.280,0.000000,0
2,1,hcom_reduceScatter_,N/A,N/A,1790547463780305.321	,14.200,1.220000,8
2,1,hcom_reduceScatter__503_213_3,hcom_reduceScatter_,COMMUNICATION,1790547463780305.321	,14.200,0.000000,0
2,1,hcom_allGather__503_214_3,hcom_allGather_,COMMUNICATION,1790547463780320.721	,13.260,1.300000,0
2,1,hcom_allGather_,N/A,N/A,1790547463780320.721	,13.260,0.000000,8
2,1,hcom_allGather__503_215_3,hcom_allGather_,COMMUNICATION,1790547463780335.181	,5.881,1.240000,0
2,1,hcom_allGather_,N/A,N/A,1790547463780335.181	,5.881,0.000000,8
2,1,hcom_reduceScatter_,N/A,N/A,1790547463780342.262	,14.280,1.119000,8
2,1,hcom_reduceScatter__503_216_3,hcom_reduceScatter_,COMMUNICATION,1790547463780342.262	,14.280,0.000000,0
2,1,hcom_allGather_,N/A,N/A,1790547463780357.802	,13.240,1.220000,8
2,1,hcom_allGather__503_217_3,hcom_allGather_,COMMUNICATION,1790547463780357.802	,13.240,0.000000,0
2,1,hcom_alltoall__503_218_3,hcom_alltoall_,COMMUNICATION,1790547463780372.502	,14.900,1.510000,0
2,1,hcom_alltoall_,N/A,N/A,1790547463780372.502	,14.900,0.000000,8
2,1,hcom_reduceScatter_,N/A,N/A,1790547463780388.583	,14.560,1.100000,8
2,1,hcom_reduceScatter__503_219_3,hcom_reduceScatter_,COMMUNICATION,1790547463780388.583	,14.560,0.000000,0
2,1,hcom_allGather__503_220_3,hcom_allGather_,COMMUNICATION,1790547463780404.303	,13.300,1.190000,0
2,1,hcom_allGather_,N/A,N/A,1790547463780404.303	,13.300,0.000000,8
2,1,hcom_allGather__503_221_3,hcom_allGather_,COMMUNICATION,1790547463780418.883	,5.540,1.450000,0
2,1,hcom_allGather_,N/A,N/A,1790547463780418.883	,5.540,0.000000,8
2,1,hcom_reduceScatter__503_222_3,hcom_reduceScatter_,COMMUNICATION,1790547463780425.583	,13.961,0.960000,0
2,1,hcom_reduceScatter_,N/A,N/A,1790547463780425.583	,13.961,0.000000,8
2,1,hcom_allGather_,N/A,N/A,1790547463780440.704	,13.740,1.289000,8
2,1,hcom_allGather__503_223_3,hcom_allGather_,COMMUNICATION,1790547463780440.704	,13.740,0.000000,0
2,1,hcom_alltoall__503_224_3,hcom_alltoall_,COMMUNICATION,1790547463780455.644	,14.920,1.260000,0
2,1,hcom_alltoall_,N/A,N/A,1790547463780455.644	,14.920,0.000000,8
2,1,hcom_reduceScatter_,N/A,N/A,1790547463780471.944	,13.560,1.330000,8
2,1,hcom_reduceScatter__503_225_3,hcom_reduceScatter_,COMMUNICATION,1790547463780471.944	,13.560,0.000000,0
2,1,hcom_allGather__503_226_3,hcom_allGather_,COMMUNICATION,1790547463780486.784	,15.181,1.190000,0
2,1,hcom_allGather_,N/A,N/A,1790547463780486.784	,15.181,0.000000,8
2,1,hcom_allGather__503_227_3,hcom_allGather_,COMMUNICATION,1790547463780503.325	,5.900,1.319000,0
2,1,hcom_allGather_,N/A,N/A,1790547463780503.325	,5.900,0.000000,8
2,1,hcom_reduceScatter_,N/A,N/A,1790547463780510.405	,13.780,1.350000,8
2,1,hcom_reduceScatter__503_228_3,hcom_reduceScatter_,COMMUNICATION,1790547463780510.405	,13.780,0.000000,0
2,1,hcom_allGather__503_229_3,hcom_allGather_,COMMUNICATION,1790547463780525.345	,15.561,0.970000,0
2,1,hcom_allGather_,N/A,N/A,1790547463780525.345	,15.561,0.000000,8
2,1,hcom_alltoall__503_230_3,hcom_alltoall_,COMMUNICATION,1790547463780542.106	,14.260,1.189000,0
2,1,hcom_alltoall_,N/A,N/A,1790547463780542.106	,14.260,0.000000,8
2,1,hcom_reduceScatter__503_231_3,hcom_reduceScatter_,COMMUNICATION,1790547463780557.526	,14.120,1.240000,0
2,1,hcom_reduceScatter_,N/A,N/A,1790547463780557.526	,14.120,0.000000,8
2,1,hcom_allGather__503_232_3,hcom_allGather_,COMMUNICATION,1790547463780572.826	,14.340,1.130000,0
2,1,hcom_allGather_,N/A,N/A,1790547463780572.826	,14.340,0.000000,8
2,1,hcom_allGather__503_233_3,hcom_allGather_,COMMUNICATION,1790547463780588.406	,5.381,1.410000,0
2,1,hcom_allGather_,N/A,N/A,1790547463780588.406	,5.381,0.000000,8
2,1,hcom_reduceScatter__503_234_3,hcom_reduceScatter_,COMMUNICATION,1790547463780595.147	,14.140,1.369000,0
2,1,hcom_reduceScatter_,N/A,N/A,1790547463780595.147	,14.140,0.000000,8
2,1,hcom_allGather__503_235_3,hcom_allGather_,COMMUNICATION,1790547463780610.687	,12.200,1.360000,0
2,1,hcom_allGather_,N/A,N/A,1790547463780610.687	,12.200,0.000000,8
2,1,hcom_alltoall__503_236_3,hcom_alltoall_,COMMUNICATION,1790547463780624.047	,14.801,1.050000,0
2,1,hcom_alltoall_,N/A,N/A,1790547463780624.047	,14.801,0.000000,8
2,1,hcom_reduceScatter_,N/A,N/A,1790547463780640.028	,14.640,1.199000,8
2,1,hcom_reduceScatter__503_237_3,hcom_reduceScatter_,COMMUNICATION,1790547463780640.028	,14.640,0.000000,0
2,1,hcom_allGather_,N/A,N/A,1790547463780655.908	,14.520,1.360000,8
2,1,hcom_allGather__503_238_3,hcom_allGather_,COMMUNICATION,1790547463780655.908	,14.520,0.000000,0
2,1,hcom_allGather__503_239_3,hcom_allGather_,COMMUNICATION,1790547463780671.568	,5.780,0.980000,0
2,1,hcom_allGather_,N/A,N/A,1790547463780671.568	,5.780,0.000000,8
2,1,hcom_reduceScatter__503_240_3,hcom_reduceScatter_,COMMUNICATION,1790547463780678.568	,13.881,1.220000,0
2,1,hcom_reduceScatter_,N/A,N/A,1790547463780678.568	,13.881,0.000000,8
2,1,hcom_allGather__503_241_3,hcom_allGather_,COMMUNICATION,1790547463780693.749	,12.820,1.369000,0
2,1,hcom_allGather_,N/A,N/A,1790547463780693.749	,12.820,0.000000,8
2,1,hcom_alltoall__503_242_3,hcom_alltoall_,COMMUNICATION,1790547463780707.849	,14.580,1.180000,0
2,1,hcom_alltoall_,N/A,N/A,1790547463780707.849	,14.580,0.000000,8
2,1,hcom_reduceScatter_,N/A,N/A,1790547463780723.949	,14.000,1.670000,8
2,1,hcom_reduceScatter__503_243_3,hcom_reduceScatter_,COMMUNICATION,1790547463780723.949	,14.000,0.000000,0
2,1,hcom_allGather_,N/A,N/A,1790547463780739.250	,13.260,1.250000,8
2,1,hcom_allGather__503_244_3,hcom_allGather_,COMMUNICATION,1790547463780739.250	,13.260,0.000000,0
2,1,hcom_allGather_,N/A,N/A,1790547463780753.670	,6.520,1.240000,8
2,1,hcom_allGather__503_245_3,hcom_allGather_,COMMUNICATION,1790547463780753.670	,6.520,0.000000,0
2,1,hcom_reduceScatter_,N/A,N/A,1790547463780761.570	,14.380,1.230000,8
2,1,hcom_reduceScatter__503_246_3,hcom_reduceScatter_,COMMUNICATION,1790547463780761.570	,14.380,0.000000,0
2,1,hcom_allGather_,N/A,N/A,1790547463780777.130	,12.801,1.370000,8
2,1,hcom_allGather__503_247_3,hcom_allGather_,COMMUNICATION,1790547463780777.130	,12.801,0.000000,0
2,1,hcom_alltoall_,N/A,N/A,1790547463780791.111	,15.280,0.949000,8
2,1,hcom_alltoall__503_248_3,hcom_alltoall_,COMMUNICATION,1790547463780791.111	,15.280,0.000000,0
2,1,hcom_reduceScatter_,N/A,N/A,1790547463780807.611	,13.940,1.220000,8
2,1,hcom_reduceScatter__503_249_3,hcom_reduceScatter_,COMMUNICATION,1790547463780807.611	,13.940,0.000000,0
2,1,hcom_allGather_,N/A,N/A,1790547463780822.751	,12.880,1.310000,8
2,1,hcom_allGather__503_250_3,hcom_allGather_,COMMUNICATION,1790547463780822.751	,12.880,0.000000,0
2,1,hcom_allGather_,N/A,N/A,1790547463780836.811	,5.461,1.120000,8
2,1,hcom_allGather__503_251_3,hcom_allGather_,COMMUNICATION,1790547463780836.811	,5.461,0.000000,0
2,1,hcom_reduceScatter_,N/A,N/A,1790547463780843.992	,13.760,1.789000,8
2,1,hcom_reduceScatter__503_252_3,hcom_reduceScatter_,COMMUNICATION,1790547463780843.992	,13.760,0.000000,0
2,1,hcom_allGather_,N/A,N/A,1790547463780858.912	,12.760,1.240000,8
2,1,hcom_allGather__503_253_3,hcom_allGather_,COMMUNICATION,1790547463780858.912	,12.760,0.000000,0
2,1,hcom_alltoall_,N/A,N/A,1790547463780872.832	,15.060,0.990000,8
2,1,hcom_alltoall__503_254_3,hcom_alltoall_,COMMUNICATION,1790547463780872.832	,15.060,0.000000,0
2,1,hcom_reduceScatter__503_255_3,hcom_reduceScatter_,COMMUNICATION,1790547463780889.253	,13.720,1.440000,0
2,1,hcom_reduceScatter_,N/A,N/A,1790547463780889.253	,13.720,0.000000,8
2,1,hcom_allGather__503_256_3,hcom_allGather_,COMMUNICATION,1790547463780904.133	,13.060,1.280000,0
2,1,hcom_allGather_,N/A,N/A,1790547463780904.133	,13.060,0.000000,8
2,1,hcom_allGather_,N/A,N/A,1790547463780918.353	,5.420,0.940000,8
2,1,hcom_allGather__503_257_3,hcom_allGather_,COMMUNICATION,1790547463780918.353	,5.420,0.000000,0
2,1,hcom_reduceScatter_,N/A,N/A,1790547463780924.973	,14.681,1.330000,8
2,1,hcom_reduceScatter__503_258_3,hcom_reduceScatter_,COMMUNICATION,1790547463780924.973	,14.681,0.000000,0
2,1,hcom_allGather_,N/A,N/A,1790547463780940.814	,33.980,1.069000,8
2,1,hcom_allGather__503_259_3,hcom_allGather_,COMMUNICATION,1790547463780940.814	,33.980,0.000000,0
2,1,hcom_allGather_,N/A,N/A,1790547463780976.054	,11.780,1.270000,8
2,1,hcom_allGather__503_260_3,hcom_allGather_,COMMUNICATION,1790547463780976.054	,11.780,0.000000,0
2,1,hcom_allGather_,N/A,N/A,1790547463780989.015	,12.100,1.220000,8
2,1,hcom_allGather__503_261_3,hcom_allGather_,COMMUNICATION,1790547463780989.015	,12.100,0.000000,0
2,1,hcom_allGather__503_262_3,hcom_allGather_,COMMUNICATION,1790547463781002.315	,12.740,1.150000,0
2,1,hcom_allGather_,N/A,N/A,1790547463781002.315	,12.740,0.000000,8
2,1,hcom_allGather_,N/A,N/A,1790547463781016.315	,11.380,1.260000,8
2,1,hcom_allGather__503_263_3,hcom_allGather_,COMMUNICATION,1790547463781016.315	,11.380,0.000000,0
2,1,hcom_allGather_,N/A,N/A,1790547463781028.875	,176.024,1.370000,9
2,1,hcom_allGather__503_264_3,hcom_allGather_,COMMUNICATION,1790547463781028.875	,176.024,0.000000,0
