3610003704991929,3610003714899269,3610003715002679,3610003715645314,3610003717232325,3610003717259855,3610003727363777,3610004235809169,3610004235827010,1,16,128,4,model.layers.2.self_attn.indexer.k_cache
3610004236993938,3610004237213789,3610004237216999,3610004237219019,3610004237348850,3610004237374670,3610004237470241,3610004237527831,3610004237537862,0,16,128,4,model.layers.2.self_attn.attn
3610004238387988,3610004238564909,3610004238566779,3610004238567669,3610004238695340,3610004238711780,3610004239098623,3610004239102333,3610004239109673,0,16,128,128,model.layers.3.self_attn.attn
3610004239926318,3610004240117930,3610004240119440,3610004240120270,3610004240222950,3610004240235821,3610004240589483,3610004240593453,3610004240600593,0,16,128,1,model.layers.0.self_attn.swa_cache
3610004241374209,3610004241568860,3610004241570390,3610004241571270,3610004241672571,3610004241685381,3610004241770521,3610004241773411,3610004241780991,0,16,128,1,model.layers.1.self_attn.swa_cache
3610004242677648,3610004242845099,3610004242846409,3610004242847139,3610004242947870,3610004242959180,3610004243040160,3610004243042540,3610004243049820,0,16,128,1,model.layers.2.self_attn.compressor.state_cache
3610004243627904,3610004243787966,3610004243789236,3610004243790036,3610004243895186,3610004243906826,3610004243986317,3610004243988507,3610004243995417,0,16,128,1,model.layers.2.self_attn.indexer.compressor.state_cache
3610004244811153,3610004244995574,3610004244997064,3610004244997864,3610004245093595,3610004245104375,3610004245181765,3610004245184155,3610004245190966,0,16,128,1,model.layers.3.self_attn.compressor.state_cache
3610004968786183,3610004969345107,3610004969426378,3610004969762820,3610004969868701,3610004969885561,3610004970160443,3610005350489761,3610005350504842,1,16,128,4,model.layers.2.self_attn.indexer.k_cache
3610005352134043,3610005352738557,3610005352818538,3610005353175720,3610005353290331,3610005353306301,3610005353594793,3610005354204508,3610005354212778,1,16,128,4,model.layers.2.self_attn.attn
3610005355552687,3610005356064501,3610005356141971,3610005356468304,3610005356592444,3610005356608365,3610005356906727,3610005356910267,3610005356916927,1,16,128,128,model.layers.3.self_attn.attn
3610005358450908,3610005359028832,3610005359132342,3610005359434544,3610005359557835,3610005359571855,3610005359875468,3610005359879468,3610005359886578,1,16,128,1,model.layers.0.self_attn.swa_cache
3610005361429509,3610005362020553,3610005362109033,3610005362413755,3610005362547006,3610005362560996,3610005362864109,3610005362867369,3610005362874409,1,16,128,1,model.layers.1.self_attn.swa_cache
3610005364446630,3610005364926333,3610005365012124,3610005365260726,3610005365363056,3610005365374866,3610005365619328,3610005365622598,3610005365628628,1,16,128,1,model.layers.2.self_attn.compressor.state_cache
3610005366780936,3610005367270250,3610005367354950,3610005367599392,3610005367701963,3610005367713333,3610005367961115,3610005367963575,3610005367969865,1,16,128,1,model.layers.2.self_attn.indexer.compressor.state_cache
3610005369290374,3610005369770697,3610005369842258,3610005370086680,3610005370187530,3610005370199090,3610005370445712,3610005370448532,3610005370455012,1,16,128,1,model.layers.3.self_attn.compressor.state_cache
3610006162236686,3610006167442733,3610006167523294,3610006167877456,3610006168065188,3610006168082328,3610006168548791,3610006169516338,3610006169527608,1,15,120,4,model.layers.2.self_attn.indexer.k_cache
3610006170231133,3610006170395774,3610006170396974,3610006170397764,3610006170494245,3610006170508145,3610006170586355,3610006170635556,3610006170643346,0,15,120,4,model.layers.2.self_attn.attn
3610006171383981,3610006171540892,3610006171542202,3610006171542902,3610006171635453,3610006171649203,3610006172028225,3610006172032325,3610006172038835,0,15,120,128,model.layers.3.self_attn.attn
3610006172806941,3610006172969782,3610006172971052,3610006172971672,3610006173064513,3610006173075953,3610006173421695,3610006173425405,3610006173431675,0,15,120,1,model.layers.0.self_attn.swa_cache
3610006174141080,3610006174301471,3610006174302711,3610006174303411,3610006174396562,3610006174408342,3610006174482933,3610006174485833,3610006174492663,0,15,120,1,model.layers.1.self_attn.swa_cache
3610006175359689,3610006175507020,3610006175508250,3610006175508910,3610006175600611,3610006175611721,3610006175683891,3610006175686401,3610006175693131,0,15,120,1,model.layers.2.self_attn.compressor.state_cache
3610006176292555,3610006176447977,3610006176449297,3610006176450047,3610006176540867,3610006176551767,3610006176626858,3610006176628818,3610006176635458,0,15,120,1,model.layers.2.self_attn.indexer.compressor.state_cache
3610006177450734,3610006177606595,3610006177607825,3610006177608565,3610006177702375,3610006177713815,3610006177798546,3610006177800786,3610006177808236,0,15,120,1,model.layers.3.self_attn.compressor.state_cache
3610006579326062,3610006580015417,3610006580105168,3610006580437470,3610006580543961,3610006580560381,3610006580869693,3610006635700169,3610006635728699,1,15,120,4,model.layers.2.self_attn.indexer.k_cache
3610006639198224,3610006639993349,3610006640112340,3610006640503633,3610006640665074,3610006640684484,3610006641053207,3610006641886753,3610006641896263,1,15,120,4,model.layers.2.self_attn.attn
3610006643807396,3610006644496781,3610006644604672,3610006644952854,3610006645082215,3610006645099165,3610006645426548,3610006645431268,3610006645438988,1,15,120,128,model.layers.3.self_attn.attn
3610006647334341,3610006647818014,3610006647914955,3610006648161467,3610006648277058,3610006648288658,3610006648527109,3610006648530079,3610006648535649,1,15,120,1,model.layers.0.self_attn.swa_cache
3610006649904329,3610006650422503,3610006650502003,3610006650749185,3610006650858036,3610006650869736,3610006651115088,3610006651118298,3610006651123748,1,15,120,1,model.layers.1.self_attn.swa_cache
3610006652466277,3610006652991121,3610006653069531,3610006653317193,3610006653422044,3610006653458314,3610006653695576,3610006653698936,3610006653704946,1,15,120,1,model.layers.2.self_attn.compressor.state_cache
3610006654946795,3610006655437498,3610006655526439,3610006655757140,3610006655873601,3610006655885041,3610006656143053,3610006656145873,3610006656151613,1,15,120,1,model.layers.2.self_attn.indexer.compressor.state_cache
3610006657593093,3610006658076247,3610006658148747,3610006658406239,3610006658500850,3610006658512860,3610006658750321,3610006658753261,3610006658758561,1,15,120,1,model.layers.3.self_attn.compressor.state_cache
3610007348599455,3610007349205229,3610007349281559,3610007349587241,3610007349747393,3610007349763643,3610007350193836,3610007351186433,3610007351197173,1,14,112,4,model.layers.2.self_attn.indexer.k_cache
3610007351945878,3610007352132059,3610007352133179,3610007352133959,3610007352223400,3610007352235510,3610007352309781,3610007352360051,3610007352367231,0,14,112,4,model.layers.2.self_attn.attn
3610007353076746,3610007353246227,3610007353247417,3610007353248147,3610007353335718,3610007353347838,3610007353649070,3610007353652550,3610007353659040,0,14,112,128,model.layers.3.self_attn.attn
3610007354390465,3610007354557686,3610007354558886,3610007354559616,3610007354645137,3610007354656337,3610007354962469,3610007354965519,3610007354971039,0,14,112,1,model.layers.0.self_attn.swa_cache
3610007355663714,3610007355833075,3610007355834295,3610007355835115,3610007355924046,3610007355935506,3610007356064817,3610007356067267,3610007356073627,0,14,112,1,model.layers.1.self_attn.swa_cache
3610007356852493,3610007356989224,3610007356990274,3610007356991054,3610007357077214,3610007357087964,3610007357162755,3610007357165045,3610007357171155,0,14,112,1,model.layers.2.self_attn.compressor.state_cache
3610007357723059,3610007357884970,3610007357886250,3610007357886980,3610007357973350,3610007357984491,3610007358055581,3610007358057451,3610007358063471,0,14,112,1,model.layers.2.self_attn.indexer.compressor.state_cache
3610007358850437,3610007358992548,3610007358993708,3610007358994598,3610007359083678,3610007359095198,3610007359173679,3610007359176089,3610007359182269,0,14,112,1,model.layers.3.self_attn.compressor.state_cache
3610007732907488,3610007733494042,3610007733569643,3610007733859495,3610007733964185,3610007733980105,3610007734263417,3610007816206454,3610007816230294,1,14,112,4,model.layers.2.self_attn.indexer.k_cache
3610007818179647,3610007819026783,3610007819155944,3610007819578787,3610007819741588,3610007819763659,3610007820211732,3610007821186469,3610007821199999,1,14,112,4,model.layers.2.self_attn.attn
3610007823215433,3610007823999248,3610007824138539,3610007824527692,3610007824683893,3610007824704703,3610007825090546,3610007825095996,3610007825105856,1,14,112,128,model.layers.3.self_attn.attn
3610007826374745,3610007826848138,3610007826926149,3610007827159291,3610007827255361,3610007827266801,3610007827507803,3610007827510983,3610007827516243,1,14,112,1,model.layers.0.self_attn.swa_cache
3610007828721202,3610007829187635,3610007829262875,3610007829497287,3610007829593368,3610007829604268,3610007829839139,3610007829842109,3610007829847939,1,14,112,1,model.layers.1.self_attn.swa_cache
3610007831031738,3610007831502131,3610007831580322,3610007831809163,3610007831904244,3610007831915604,3610007832171916,3610007832174976,3610007832180446,1,14,112,1,model.layers.2.self_attn.compressor.state_cache
3610007833278774,3610007833752547,3610007833829137,3610007834058519,3610007834148880,3610007834160000,3610007834395161,3610007834397671,3610007834403521,1,14,112,1,model.layers.2.self_attn.indexer.compressor.state_cache
3610007835657830,3610007836145904,3610007836219034,3610007836454996,3610007836552107,3610007836564187,3610007836808018,3610007836811198,3610007836816918,1,14,112,1,model.layers.3.self_attn.compressor.state_cache
3610008517345303,3610008517999588,3610008518083589,3610008518428211,3610008518601892,3610008518618172,3610008519096546,3610008520121313,3610008520132823,1,13,104,4,model.layers.2.self_attn.indexer.k_cache
3610008520939299,3610008521106520,3610008521107710,3610008521108520,3610008521202530,3610008521216401,3610008521295791,3610008521348421,3610008521356512,0,13,104,4,model.layers.2.self_attn.attn
3610008522178697,3610008522364749,3610008522365919,3610008522366639,3610008522461619,3610008522475799,3610008522815732,3610008522819742,3610008522826952,0,13,104,128,model.layers.3.self_attn.attn
3610008523650668,3610008523837149,3610008523838339,3610008523839219,3610008523939000,3610008523950430,3610008524308282,3610008524311562,3610008524317892,0,13,104,1,model.layers.0.self_attn.swa_cache
3610008525074888,3610008525294249,3610008525295479,3610008525296149,3610008525391090,3610008525402350,3610008525479321,3610008525481761,3610008525488961,0,13,104,1,model.layers.1.self_attn.swa_cache
3610008526405897,3610008526623379,3610008526624749,3610008526625489,3610008526726939,3610008526738709,3610008526815750,3610008526818140,3610008526825080,0,13,104,1,model.layers.2.self_attn.compressor.state_cache
3610008527436094,3610008527670986,3610008527672576,3610008527673216,3610008527782527,3610008527794277,3610008527876757,3610008527879017,3610008527886217,0,13,104,1,model.layers.2.self_attn.indexer.compressor.state_cache
3610008528817354,3610008528985175,3610008528986465,3610008528987125,3610008529081766,3610008529093296,3610008529170516,3610008529172716,3610008529179567,0,13,104,1,model.layers.3.self_attn.compressor.state_cache
3610008960127885,3610008960664159,3610008960740460,3610008961035762,3610008961142953,3610008961158053,3610008961436275,3610008966977154,3610008966987914,1,13,104,4,model.layers.2.self_attn.indexer.k_cache
3610008968343123,3610008968860197,3610008968939927,3610008969215859,3610008969336970,3610008969352220,3610008969687443,3610008970540069,3610008970555929,1,13,104,4,model.layers.2.self_attn.attn
3610008972990176,3610008973927452,3610008974067993,3610008974515077,3610008974689968,3610008974715158,3610008975221312,3610008975226362,3610008975238232,1,13,104,128,model.layers.3.self_attn.attn
3610008977885820,3610008978701496,3610008978779927,3610008979069189,3610008979181219,3610008979192689,3610008979440871,3610008979444081,3610008979450591,1,13,104,1,model.layers.0.self_attn.swa_cache
3610008980936142,3610008981457655,3610008981539286,3610008981790388,3610008981894688,3610008981906758,3610008982201921,3610008982205001,3610008982211381,1,13,104,1,model.layers.1.self_attn.swa_cache
3610008983655031,3610008984182634,3610008984276905,3610008984616058,3610008984730568,3610008984757079,3610008985038321,3610008985041331,3610008985054551,1,13,104,1,model.layers.2.self_attn.compressor.state_cache
3610008986263849,3610008986831923,3610008986928614,3610008987237076,3610008987341687,3610008987353917,3610008987647169,3610008987649989,3610008987656239,1,13,104,1,model.layers.2.self_attn.indexer.compressor.state_cache
3610008989060859,3610008989541162,3610008989614423,3610008989866824,3610008989969435,3610008989981535,3610008990230697,3610008990233807,3610008990240477,1,13,104,1,model.layers.3.self_attn.compressor.state_cache
3610009708922047,3610009710097506,3610009710264347,3610009710813461,3610009710974572,3610009710990282,3610009711713477,3610009712862195,3610009712876895,1,12,96,4,model.layers.2.self_attn.indexer.k_cache
3610009713732471,3610009713908012,3610009713909712,3610009713911402,3610009714032363,3610009714051253,3610009714130924,3610009714181614,3610009714189684,0,12,96,4,model.layers.2.self_attn.attn
3610009714983350,3610009715147291,3610009715148481,3610009715149191,3610009715242682,3610009715257912,3610009715629474,3610009715632874,3610009715639244,0,12,96,128,model.layers.3.self_attn.attn
3610009716409760,3610009716578461,3610009716579541,3610009716580361,3610009716672192,3610009716683322,3610009717018494,3610009717022004,3610009717028734,0,12,96,1,model.layers.0.self_attn.swa_cache
3610009717748029,3610009717916390,3610009717917780,3610009717918530,3610009718011941,3610009718023681,3610009718101562,3610009718103962,3610009718110912,0,12,96,1,model.layers.1.self_attn.swa_cache
3610009718989158,3610009719149839,3610009719151019,3610009719151659,3610009719244150,3610009719255340,3610009719330840,3610009719333130,3610009719339910,0,12,96,1,model.layers.2.self_attn.compressor.state_cache
3610009719933955,3610009720166846,3610009720168406,3610009720169066,3610009720262407,3610009720273377,3610009720347818,3610009720349858,3610009720357098,0,12,96,1,model.layers.2.self_attn.indexer.compressor.state_cache
3610009721179803,3610009721343935,3610009721345135,3610009721345835,3610009721445535,3610009721456785,3610009721533406,3610009721535956,3610009721542836,0,12,96,1,model.layers.3.self_attn.compressor.state_cache
3610010101179202,3610010101733526,3610010101809057,3610010102135749,3610010102244020,3610010102259640,3610010102552122,3610010123881652,3610010123893112,1,12,96,4,model.layers.2.self_attn.indexer.k_cache
3610010125300862,3610010125836685,3610010125918196,3610010126211858,3610010126323389,3610010126337289,3610010126602301,3610010127176795,3610010127184665,1,12,96,4,model.layers.2.self_attn.attn
3610010128487994,3610010128992718,3610010129070778,3610010129330730,3610010129434171,3610010129447571,3610010129693343,3610010129696333,3610010129702543,1,12,96,128,model.layers.3.self_attn.attn
3610010130990032,3610010131485915,3610010131561886,3610010131811367,3610010131915618,3610010131927718,3610010132189260,3610010132192540,3610010132199050,1,12,96,1,model.layers.0.self_attn.swa_cache
3610010133447249,3610010133936622,3610010134013723,3610010134266275,3610010134365025,3610010134376615,3610010134617837,3610010134620947,3610010134627277,1,12,96,1,model.layers.1.self_attn.swa_cache
3610010135865116,3610010136372019,3610010136446200,3610010136693732,3610010136793882,3610010136805262,3610010137047734,3610010137050714,3610010137056654,1,12,96,1,model.layers.2.self_attn.compressor.state_cache
3610010138174492,3610010138655415,3610010138734396,3610010138984348,3610010139083688,3610010139095179,3610010139337790,3610010139340250,3610010139346090,1,12,96,1,model.layers.2.self_attn.indexer.compressor.state_cache
3610010140626329,3610010141124973,3610010141198933,3610010141448625,3610010141547376,3610010141559396,3610010141803918,3610010141807008,3610010141812658,1,12,96,1,model.layers.3.self_attn.compressor.state_cache
3610010838757172,3610010839386126,3610010839465067,3610010839807339,3610010839988611,3610010840015771,3610010840496324,3610010841466791,3610010841478271,1,11,88,4,model.layers.2.self_attn.indexer.k_cache
3610010842286677,3610010842460728,3610010842461948,3610010842462828,3610010842559229,3610010842573029,3610010842652979,3610010842703510,3610010842711310,0,11,88,4,model.layers.2.self_attn.attn
3610010843472755,3610010843646296,3610010843647586,3610010843648446,3610010843744687,3610010843758437,3610010844104429,3610010844107789,3610010844114389,0,11,88,128,model.layers.3.self_attn.attn
3610010844899915,3610010845068146,3610010845069426,3610010845070136,3610010845170427,3610010845182467,3610010845524139,3610010845527609,3610010845534379,0,11,88,1,model.layers.0.self_attn.swa_cache
3610010846260575,3610010846479686,3610010846480876,3610010846481686,3610010846572717,3610010846584237,3610010846660247,3610010846662557,3610010846669527,0,11,88,1,model.layers.1.self_attn.swa_cache
3610010847487663,3610010847644584,3610010847645764,3610010847646484,3610010847737765,3610010847748665,3610010847822946,3610010847825336,3610010847831926,0,11,88,1,model.layers.2.self_attn.compressor.state_cache
3610010848445950,3610010848617671,3610010848618891,3610010848619981,3610010848714642,3610010848726212,3610010848800642,3610010848802372,3610010848809342,0,11,88,1,model.layers.2.self_attn.indexer.compressor.state_cache
3610010849629998,3610010849790869,3610010849792129,3610010849792909,3610010849884800,3610010849895690,3610010849970771,3610010849973001,3610010849979981,0,11,88,1,model.layers.3.self_attn.compressor.state_cache
3610011229918878,3610011230482122,3610011230558142,3610011230875934,3610011230987415,3610011231001505,3610011231285637,3610011298331688,3610011298347788,1,11,88,4,model.layers.2.self_attn.indexer.k_cache
3610011300395012,3610011301227288,3610011301388339,3610011301830282,3610011302006624,3610011302029304,3610011302465447,3610011303440994,3610011303455304,1,11,88,4,model.layers.2.self_attn.attn
3610011305596699,3610011306421815,3610011306550456,3610011306970319,3610011307139590,3610011307162130,3610011307584173,3610011307590023,3610011307601173,1,11,88,128,model.layers.3.self_attn.attn
3610011309665457,3610011310166081,3610011310245742,3610011310496673,3610011310600254,3610011310611604,3610011310859076,3610011310862526,3610011310868726,1,11,88,1,model.layers.0.self_attn.swa_cache
3610011312142275,3610011312640988,3610011312717959,3610011312966511,3610011313068491,3610011313080311,3610011313328473,3610011313331583,3610011313337723,1,11,88,1,model.layers.1.self_attn.swa_cache
3610011314589422,3610011315082095,3610011315159416,3610011315408488,3610011315512148,3610011315524399,3610011315778170,3610011315781380,3610011315787570,1,11,88,1,model.layers.2.self_attn.compressor.state_cache
3610011316955089,3610011317452902,3610011317530653,3610011317779734,3610011317880705,3610011317892565,3610011318141687,3610011318144717,3610011318150947,1,11,88,1,model.layers.2.self_attn.indexer.compressor.state_cache
3610011319435766,3610011319927179,3610011320010920,3610011320257912,3610011320359513,3610011320373463,3610011320628424,3610011320631414,3610011320637904,1,11,88,1,model.layers.3.self_attn.compressor.state_cache
3610012045759393,3610012046461508,3610012046545979,3610012046909871,3610012047082202,3610012047100802,3610012047610656,3610012048595403,3610012048605753,1,10,80,4,model.layers.2.self_attn.indexer.k_cache
3610012049377848,3610012049541290,3610012049542410,3610012049543040,3610012049638560,3610012049651740,3610012049727781,3610012049774171,3610012049781961,0,10,80,4,model.layers.2.self_attn.attn
3610012050526696,3610012050687028,3610012050688138,3610012050688878,3610012050781968,3610012050794998,3610012051127371,3610012051130831,3610012051137551,0,10,80,128,model.layers.3.self_attn.attn
3610012051873706,3610012052049167,3610012052050467,3610012052051217,3610012052147418,3610012052159118,3610012052495270,3610012052498780,3610012052505000,0,10,80,1,model.layers.0.self_attn.swa_cache
3610012053210235,3610012053366476,3610012053367616,3610012053368366,3610012053460307,3610012053471677,3610012053544838,3610012053547098,3610012053554108,0,10,80,1,model.layers.1.self_attn.swa_cache
3610012054414124,3610012054573885,3610012054574995,3610012054575755,3610012054668806,3610012054679876,3610012054752506,3610012054754606,3610012054761746,0,10,80,1,model.layers.2.self_attn.compressor.state_cache
3610012055345780,3610012055505711,3610012055506831,3610012055507501,3610012055597682,3610012055608682,3610012055680653,3610012055682423,3610012055689393,0,10,80,1,model.layers.2.self_attn.indexer.compressor.state_cache
3610012056506448,3610012056663210,3610012056664460,3610012056665120,3610012056759980,3610012056771300,3610012056843701,3610012056845971,3610012056852961,0,10,80,1,model.layers.3.self_attn.compressor.state_cache
3610012439138053,3610012439714007,3610012439792197,3610012440127830,3610012440240871,3610012440255491,3610012440541263,3610012537736565,3610012537756765,1,10,80,4,model.layers.2.self_attn.indexer.k_cache
3610012540215822,3610012541274199,3610012541436231,3610012541984124,3610012542197816,3610012542226626,3610012542757360,3610012543921708,3610012543938748,1,10,80,4,model.layers.2.self_attn.attn
3610012546563017,3610012547495343,3610012547572894,3610012547828955,3610012547929766,3610012547943116,3610012548201918,3610012548205058,3610012548211698,1,10,80,128,model.layers.3.self_attn.attn
3610012549473187,3610012549958820,3610012550036611,3610012550288213,3610012550389663,3610012550401973,3610012550647335,3610012550650785,3610012550657245,1,10,80,1,model.layers.0.self_attn.swa_cache
3610012551883074,3610012552396357,3610012552472898,3610012552720860,3610012552822120,3610012552834331,3610012553079832,3610012553083222,3610012553089532,1,10,80,1,model.layers.1.self_attn.swa_cache
3610012554317621,3610012554807314,3610012554883075,3610012555131597,3610012555232927,3610012555245117,3610012555486909,3610012555490309,3610012555496539,1,10,80,1,model.layers.2.self_attn.compressor.state_cache
3610012556629567,3610012557122311,3610012557201031,3610012557448763,3610012557550704,3610012557562064,3610012557806025,3610012557808715,3610012557815065,1,10,80,1,model.layers.2.self_attn.indexer.compressor.state_cache
3610012559086144,3610012559574158,3610012559649748,3610012559894610,3610012559992201,3610012560013671,3610012560258543,3610012560261493,3610012560267603,1,10,80,1,model.layers.3.self_attn.compressor.state_cache
3610013281507210,3610013282513607,3610013282650678,3610013283186102,3610013283488094,3610013283513694,3610013284272040,3610013285959252,3610013285970202,1,9,72,4,model.layers.2.self_attn.indexer.k_cache
3610013286740227,3610013286917058,3610013286918268,3610013286918968,3610013287016059,3610013287029819,3610013287109360,3610013287160490,3610013287168320,0,9,72,4,model.layers.2.self_attn.attn
3610013287913025,3610013288103027,3610013288104317,3610013288105037,3610013288201447,3610013288214557,3610013288550550,3610013288553900,3610013288560160,0,9,72,128,model.layers.3.self_attn.attn
3610013289325105,3610013289488506,3610013289489786,3610013289490506,3610013289583817,3610013289595567,3610013289924589,3610013289927769,3610013289934289,0,9,72,1,model.layers.0.self_attn.swa_cache
3610013290647224,3610013290814656,3610013290815956,3610013290816736,3610013290909536,3610013290921336,3610013290997027,3610013290999177,3610013291006367,0,9,72,1,model.layers.1.self_attn.swa_cache
3610013291827683,3610013291989734,3610013291991164,3610013291991924,3610013292099445,3610013292111065,3610013292189685,3610013292192065,3610013292199165,0,9,72,1,model.layers.2.self_attn.compressor.state_cache
3610013292787959,3610013292947421,3610013292948471,3610013292949121,3610013293041621,3610013293052621,3610013293129342,3610013293131422,3610013293138542,0,9,72,1,model.layers.2.self_attn.indexer.compressor.state_cache
3610013293949178,3610013294109329,3610013294110589,3610013294111379,3610013294205969,3610013294217779,3610013294321990,3610013294324560,3610013294331670,0,9,72,1,model.layers.3.self_attn.compressor.state_cache
3610013682192040,3610013682755754,3610013682834494,3610013683160957,3610013683276807,3610013683292047,3610013683586710,3610013726819423,3610013726832933,1,9,72,4,model.layers.2.self_attn.indexer.k_cache
3610013728353133,3610013728917457,3610013729000488,3610013729291170,3610013729403521,3610013729418841,3610013729701233,3610013730326547,3610013730335887,1,9,72,4,model.layers.2.self_attn.attn
3610013731791097,3610013732488752,3610013732593823,3610013732933605,3610013733072336,3610013733089456,3610013733425419,3610013733429679,3610013733437849,1,9,72,128,model.layers.3.self_attn.attn
3610013735137081,3610013735807586,3610013735911676,3610013736261389,3610013736404630,3610013736422100,3610013736754192,3610013736758002,3610013736766212,1,9,72,1,model.layers.0.self_attn.swa_cache
3610013738461054,3610013739125919,3610013739230259,3610013739571302,3610013739732733,3610013739744823,3610013739992725,3610013739996105,3610013740012605,1,9,72,1,model.layers.1.self_attn.swa_cache
3610013741256444,3610013741762397,3610013741839848,3610013742085630,3610013742184530,3610013742196270,3610013742442632,3610013742445472,3610013742451282,1,9,72,1,model.layers.2.self_attn.compressor.state_cache
3610013743569280,3610013744076103,3610013744154174,3610013744407136,3610013744507166,3610013744518577,3610013744765068,3610013744767938,3610013744774468,1,9,72,1,model.layers.2.self_attn.indexer.compressor.state_cache
3610013746051607,3610013746538311,3610013746614491,3610013746862313,3610013746962304,3610013746973974,3610013747215815,3610013747218665,3610013747224776,1,9,72,1,model.layers.3.self_attn.compressor.state_cache
3610014483460435,3610014490225153,3610014490302373,3610014490646905,3610014490816537,3610014490832337,3610014491290320,3610014492253817,3610014492264327,1,8,64,4,model.layers.2.self_attn.indexer.k_cache
3610014492954902,3610014493117183,3610014493118313,3610014493119003,3610014493215933,3610014493229644,3610014493304224,3610014493352044,3610014493359474,0,8,64,4,model.layers.2.self_attn.attn
3610014494100340,3610014494261991,3610014494263161,3610014494263911,3610014494357441,3610014494370432,3610014494698534,3610014494701944,3610014494707974,0,8,64,128,model.layers.3.self_attn.attn
3610014495452099,3610014495612030,3610014495613330,3610014495614160,3610014495706891,3610014495717661,3610014496052933,3610014496056243,3610014496062623,0,8,64,1,model.layers.0.self_attn.swa_cache
3610014496774838,3610014496935720,3610014496936840,3610014496937540,3610014497030570,3610014497042180,3610014497115661,3610014497118041,3610014497125261,0,8,64,1,model.layers.1.self_attn.swa_cache
3610014497961257,3610014498121058,3610014498122288,3610014498122998,3610014498217009,3610014498228149,3610014498301739,3610014498303969,3610014498311069,0,8,64,1,model.layers.2.self_attn.compressor.state_cache
3610014498890143,3610014499048944,3610014499050144,3610014499050784,3610014499144285,3610014499155705,3610014499230886,3610014499233196,3610014499240146,0,8,64,1,model.layers.2.self_attn.indexer.compressor.state_cache
3610014500054131,3610014500209892,3610014500211153,3610014500211883,3610014500308523,3610014500320313,3610014500395464,3610014500398024,3610014500405044,0,8,64,1,model.layers.3.self_attn.compressor.state_cache
3610014885000878,3610014885550442,3610014885626943,3610014885946975,3610014886058736,3610014886072686,3610014886353908,3610014927714767,3610014927739788,1,8,64,4,model.layers.2.self_attn.indexer.k_cache
3610014930866010,3610014932265419,3610014932469131,3610014933134325,3610014933403807,3610014933438628,3610014934084412,3610014935048149,3610014935057529,1,8,64,4,model.layers.2.self_attn.attn
3610014936367418,3610014936861932,3610014936937612,3610014937190554,3610014937292215,3610014937305655,3610014937549516,3610014937552816,3610014937558596,1,8,64,128,model.layers.3.self_attn.attn
3610014938823545,3610014939321179,3610014939399639,3610014939648501,3610014939750492,3610014939762052,3610014940027264,3610014940030734,3610014940037684,1,8,64,1,model.layers.0.self_attn.swa_cache
3610014941295353,3610014941788866,3610014941865797,3610014942118568,3610014942219649,3610014942231409,3610014942477151,3610014942480331,3610014942486391,1,8,64,1,model.layers.1.self_attn.swa_cache
3610014943745170,3610014944244063,3610014944320194,3610014944571206,3610014944671486,3610014944683376,3610014944927898,3610014944931028,3610014944937188,1,8,64,1,model.layers.2.self_attn.compressor.state_cache
3610014946067556,3610014946555049,3610014946631830,3610014946879732,3610014946981992,3610014946993973,3610014947234864,3610014947237534,3610014947243824,1,8,64,1,model.layers.2.self_attn.indexer.compressor.state_cache
3610014948517723,3610014949007017,3610014949082447,3610014949329559,3610014949430740,3610014949442890,3610014949697641,3610014949700801,3610014949706882,1,8,64,1,model.layers.3.self_attn.compressor.state_cache
3610015674676359,3610015681511807,3610015681622188,3610015682200632,3610015682431214,3610015682455924,3610015683120118,3610015684346267,3610015684361247,1,7,56,4,model.layers.2.self_attn.indexer.k_cache
3610015685329264,3610015685515285,3610015685516625,3610015685517345,3610015685614616,3610015685629846,3610015685709797,3610015685760317,3610015685767667,0,7,56,4,model.layers.2.self_attn.attn
3610015686687273,3610015686868325,3610015686869565,3610015686870395,3610015686962635,3610015686985665,3610015687407978,3610015687411638,3610015687417709,0,7,56,128,model.layers.3.self_attn.attn
3610015688222584,3610015688492476,3610015688493836,3610015688494666,3610015688612887,3610015688624547,3610015688982429,3610015688986159,3610015688992400,0,7,56,1,model.layers.0.self_attn.swa_cache
3610015689777215,3610015689950836,3610015689952036,3610015689952786,3610015690039547,3610015690050457,3610015690124907,3610015690127277,3610015690133628,0,7,56,1,model.layers.1.self_attn.swa_cache
3610015691155605,3610015691359766,3610015691361096,3610015691361886,3610015691454547,3610015691466417,3610015691544927,3610015691547417,3610015691553867,0,7,56,1,model.layers.2.self_attn.compressor.state_cache
3610015692215862,3610015692386083,3610015692387253,3610015692388033,3610015692476344,3610015692487284,3610015692564115,3610015692565985,3610015692572225,0,7,56,1,model.layers.2.self_attn.indexer.compressor.state_cache
3610015693462281,3610015693606392,3610015693607462,3610015693608752,3610015693705643,3610015693716773,3610015693797163,3610015693799833,3610015693806483,0,7,56,1,model.layers.3.self_attn.compressor.state_cache
3610016114141336,3610016114681770,3610016114773090,3610016115061272,3610016115173143,3610016115187723,3610016115476465,3610016116140050,3610016116148820,1,7,56,4,model.layers.2.self_attn.indexer.k_cache
3610016117327528,3610016117803821,3610016117878382,3610016118153204,3610016118260785,3610016118273265,3610016118552467,3610016119160711,3610016119168311,1,7,56,4,model.layers.2.self_attn.attn
3610016120442380,3610016120956013,3610016121028564,3610016121272716,3610016121366436,3610016121379626,3610016121682449,3610016121685899,3610016121691729,1,7,56,128,model.layers.3.self_attn.attn
3610016123074248,3610016123568842,3610016123644272,3610016123984035,3610016124101815,3610016124118296,3610016124405158,3610016124408028,3610016124413518,1,7,56,1,model.layers.0.self_attn.swa_cache
3610016125732797,3610016126348911,3610016126480032,3610016126764564,3610016126885205,3610016126895885,3610016127132617,3610016127135467,3610016127141377,1,7,56,1,model.layers.1.self_attn.swa_cache
3610016128517306,3610016129062990,3610016129164821,3610016129430843,3610016129542644,3610016129554414,3610016129825286,3610016129828206,3610016129834146,1,7,56,1,model.layers.2.self_attn.compressor.state_cache
3610016131035814,3610016131515277,3610016131592948,3610016131846230,3610016131941900,3610016131953230,3610016132208912,3610016132211572,3610016132217322,1,7,56,1,model.layers.2.self_attn.indexer.compressor.state_cache
3610016133473231,3610016133953674,3610016134028815,3610016134278527,3610016134375847,3610016134387827,3610016134624319,3610016134627099,3610016134632809,1,7,56,1,model.layers.3.self_attn.compressor.state_cache
3610016844287476,3610016845094512,3610016845177003,3610016845555455,3610016845747097,3610016845767057,3610016846320641,3610016847401068,3610016847414248,1,6,48,4,model.layers.2.self_attn.indexer.k_cache
3610016848345515,3610016848524476,3610016848525786,3610016848526516,3610016848628187,3610016848642697,3610016848728087,3610016848782458,3610016848790728,0,6,48,4,model.layers.2.self_attn.attn
3610016849618524,3610016849804595,3610016849805955,3610016849806785,3610016849905566,3610016849920576,3610016850462220,3610016850468900,3610016850480460,0,6,48,128,model.layers.3.self_attn.attn
3610016851446406,3610016851613138,3610016851614998,3610016851616258,3610016851725238,3610016851737009,3610016852120291,3610016852123641,3610016852129401,0,6,48,1,model.layers.0.self_attn.swa_cache
3610016852832506,3610016852988727,3610016852989677,3610016852990267,3610016853075388,3610016853086138,3610016853154408,3610016853156508,3610016853162178,0,6,48,1,model.layers.1.self_attn.swa_cache
3610016853979944,3610016854133155,3610016854134365,3610016854135095,3610016854226846,3610016854236906,3610016854305636,3610016854307766,3610016854314717,0,6,48,1,model.layers.2.self_attn.compressor.state_cache
3610016854897101,3610016855058342,3610016855059452,3610016855060182,3610016855150672,3610016855161412,3610016855234973,3610016855236893,3610016855242733,0,6,48,1,model.layers.2.self_attn.indexer.compressor.state_cache
3610016856058189,3610016856223810,3610016856224940,3610016856225750,3610016856318111,3610016856329101,3610016856401621,3610016856403851,3610016856410511,0,6,48,1,model.layers.3.self_attn.compressor.state_cache
3610017232140680,3610017232684264,3610017232760014,3610017233103227,3610017233211218,3610017233224568,3610017233509730,3610017291396845,3610017291410135,1,6,48,4,model.layers.2.self_attn.indexer.k_cache
3610017292750594,3610017293298868,3610017293377498,3610017293664640,3610017293769851,3610017293785431,3610017294054033,3610017294653277,3610017294661297,1,6,48,4,model.layers.2.self_attn.attn
3610017295980267,3610017296502550,3610017296578651,3610017296836723,3610017296941613,3610017296956124,3610017297204765,3610017297207655,3610017297213995,1,6,48,128,model.layers.3.self_attn.attn
3610017298487424,3610017298975408,3610017299051538,3610017299304610,3610017299400221,3610017299411631,3610017299659222,3610017299662632,3610017299669232,1,6,48,1,model.layers.0.self_attn.swa_cache
3610017301140393,3610017301611896,3610017301686547,3610017301939048,3610017302031579,3610017302041769,3610017302284841,3610017302287491,3610017302292881,1,6,48,1,model.layers.1.self_attn.swa_cache
3610017303520679,3610017303996363,3610017304083833,3610017304329085,3610017304426076,3610017304436396,3610017304668307,3610017304671127,3610017304676398,1,6,48,1,model.layers.2.self_attn.compressor.state_cache
3610017305751655,3610017306218138,3610017306293969,3610017306541711,3610017306638601,3610017306649311,3610017306891313,3610017306893643,3610017306899113,1,6,48,1,model.layers.2.self_attn.indexer.compressor.state_cache
3610017308143062,3610017308615535,3610017308685716,3610017308925707,3610017309020438,3610017309030908,3610017309288040,3610017309290910,3610017309296360,1,6,48,1,model.layers.3.self_attn.compressor.state_cache
3610018003412655,3610018004277341,3610018004390572,3610018004863595,3610018005108677,3610018005131997,3610018005806092,3610018007175811,3610018007190871,1,5,40,4,model.layers.2.self_attn.indexer.k_cache
3610018008250909,3610018008524271,3610018008526241,3610018008527181,3610018008678652,3610018008701242,3610018008815293,3610018008891343,3610018008903873,0,5,40,4,model.layers.2.self_attn.attn
3610018009942711,3610018010097952,3610018010099052,3610018010099712,3610018010190792,3610018010203993,3610018010535685,3610018010538985,3610018010545285,0,5,40,128,model.layers.3.self_attn.attn
3610018011264810,3610018011423951,3610018011424871,3610018011425471,3610018011518722,3610018011529542,3610018011836764,3610018011839834,3610018011845974,0,5,40,1,model.layers.0.self_attn.swa_cache
3610018012563279,3610018012722960,3610018012723960,3610018012724590,3610018012815991,3610018012826421,3610018012897271,3610018012900051,3610018012906791,0,5,40,1,model.layers.1.self_attn.swa_cache
3610018013718867,3610018013879018,3610018013880108,3610018013880768,3610018013971589,3610018013982269,3610018014052359,3610018014054449,3610018014061360,0,5,40,1,model.layers.2.self_attn.compressor.state_cache
3610018014662284,3610018014821755,3610018014822835,3610018014823445,3610018014913895,3610018014924776,3610018014994416,3610018014996276,3610018015002996,0,5,40,1,model.layers.2.self_attn.indexer.compressor.state_cache
3610018015791962,3610018015950723,3610018015951913,3610018015952553,3610018016058253,3610018016069474,3610018016140304,3610018016142514,3610018016149204,0,5,40,1,model.layers.3.self_attn.compressor.state_cache
3610018394363969,3610018394917943,3610018394992403,3610018395319656,3610018395426156,3610018395440286,3610018395724308,3610018423255241,3610018423269621,1,5,40,4,model.layers.2.self_attn.indexer.k_cache
3610018425125824,3610018425944550,3610018426063301,3610018426485784,3610018426646455,3610018426669635,3610018427069228,3610018427963104,3610018427975664,1,5,40,4,model.layers.2.self_attn.attn
3610018429938478,3610018430689103,3610018430807094,3610018431195376,3610018431347348,3610018431368428,3610018431753280,3610018431757750,3610018431767030,1,5,40,128,model.layers.3.self_attn.attn
3610018433336131,3610018433817065,3610018433891655,3610018434138897,3610018434237958,3610018434249328,3610018434495600,3610018434498460,3610018434504670,1,5,40,1,model.layers.0.self_attn.swa_cache
3610018435759038,3610018436249702,3610018436326062,3610018436572644,3610018436671095,3610018436682615,3610018436925827,3610018436928697,3610018436935007,1,5,40,1,model.layers.1.self_attn.swa_cache
3610018438186945,3610018438666929,3610018438742089,3610018438986301,3610018439083902,3610018439095202,3610018439336673,3610018439339753,3610018439345903,1,5,40,1,model.layers.2.self_attn.compressor.state_cache
3610018440482431,3610018440965355,3610018441041235,3610018441285357,3610018441382268,3610018441393958,3610018441635039,3610018441637929,3610018441644160,1,5,40,1,model.layers.2.self_attn.indexer.compressor.state_cache
3610018442902018,3610018443380352,3610018443454452,3610018443698484,3610018443796565,3610018443807705,3610018444062326,3610018444065246,3610018444071386,1,5,40,1,model.layers.3.self_attn.compressor.state_cache
3610019186563847,3610019194706784,3610019194794694,3610019195296408,3610019195502319,3610019195520879,3610019196136644,3610019197312562,3610019197326752,1,4,32,4,model.layers.2.self_attn.indexer.k_cache
3610019198165168,3610019198362739,3610019198364019,3610019198364709,3610019198465610,3610019198479680,3610019198567850,3610019198622871,3610019198630681,0,4,32,4,model.layers.2.self_attn.attn
3610019199504047,3610019199683508,3610019199684878,3610019199685608,3610019199779809,3610019199793469,3610019200176952,3610019200180202,3610019200186492,0,4,32,128,model.layers.3.self_attn.attn
3610019201024098,3610019201219169,3610019201220459,3610019201221209,3610019201317140,3610019201328570,3610019201701372,3610019201704482,3610019201711012,0,4,32,1,model.layers.0.self_attn.swa_cache
3610019202508578,3610019202700739,3610019202701849,3610019202702599,3610019202799290,3610019202811190,3610019202893261,3610019202895571,3610019202902261,0,4,32,1,model.layers.1.self_attn.swa_cache
3610019203827387,3610019204028269,3610019204029519,3610019204030359,3610019204132189,3610019204143509,3610019204229680,3610019204231980,3610019204238750,0,4,32,1,model.layers.2.self_attn.compressor.state_cache
3610019204878205,3610019205058206,3610019205059486,3610019205060426,3610019205157147,3610019205168317,3610019205250137,3610019205252207,3610019205259527,0,4,32,1,model.layers.2.self_attn.indexer.compressor.state_cache
3610019206161184,3610019206355695,3610019206356945,3610019206357665,3610019206456536,3610019206468126,3610019206551426,3610019206553866,3610019206561266,0,4,32,1,model.layers.3.self_attn.compressor.state_cache
3610019629420602,3610019630128217,3610019630209887,3610019630579210,3610019630707111,3610019630727751,3610019631075833,3610019631870909,3610019631882699,1,4,32,4,model.layers.2.self_attn.indexer.k_cache
3610019633376159,3610019633937333,3610019634016524,3610019634303086,3610019634411057,3610019634424827,3610019634711969,3610019635360013,3610019635368943,1,4,32,4,model.layers.2.self_attn.attn
3610019636810583,3610019637363157,3610019637443248,3610019637715380,3610019637822140,3610019637835901,3610019638114012,3610019638117543,3610019638123803,1,4,32,128,model.layers.3.self_attn.attn
3610019639544852,3610019640098116,3610019640180197,3610019640451459,3610019640558410,3610019640570810,3610019640852822,3610019640856222,3610019640862772,1,4,32,1,model.layers.0.self_attn.swa_cache
3610019642221321,3610019642747905,3610019642830245,3610019643092987,3610019643201038,3610019643212898,3610019643483110,3610019643486500,3610019643492900,1,4,32,1,model.layers.1.self_attn.swa_cache
3610019644842720,3610019645360283,3610019645439384,3610019645697725,3610019645802806,3610019645814856,3610019646086078,3610019646089248,3610019646095418,1,4,32,1,model.layers.2.self_attn.compressor.state_cache
3610019647312017,3610019647839350,3610019647920041,3610019648191393,3610019648296694,3610019648308474,3610019648578276,3610019648581046,3610019648587216,1,4,32,1,model.layers.2.self_attn.indexer.compressor.state_cache
3610019649967715,3610019650481619,3610019650558549,3610019650814991,3610019650918932,3610019650930462,3610019651195484,3610019651198854,3610019651205354,1,4,32,1,model.layers.3.self_attn.compressor.state_cache
3610020328515505,3610020329104849,3610020329187970,3610020329522022,3610020329700953,3610020329717744,3610020330174167,3610020331138014,3610020331148724,1,3,24,4,model.layers.2.self_attn.indexer.k_cache
3610020331921329,3610020332109330,3610020332110550,3610020332111290,3610020332212041,3610020332226361,3610020332305972,3610020332360172,3610020332368552,0,3,24,4,model.layers.2.self_attn.attn
3610020333137687,3610020333313839,3610020333315269,3610020333315999,3610020333415279,3610020333429270,3610020333772192,3610020333775622,3610020333782542,0,3,24,128,model.layers.3.self_attn.attn
3610020334566837,3610020334739529,3610020334740769,3610020334741499,3610020334838519,3610020334850199,3610020335190552,3610020335193812,3610020335200612,0,3,24,1,model.layers.0.self_attn.swa_cache
3610020335964547,3610020336157659,3610020336158979,3610020336159739,3610020336252489,3610020336264239,3610020336343920,3610020336346300,3610020336353270,0,3,24,1,model.layers.1.self_attn.swa_cache
3610020337183566,3610020337342467,3610020337343797,3610020337344537,3610020337438768,3610020337450028,3610020337525858,3610020337528278,3610020337535478,0,3,24,1,model.layers.2.self_attn.compressor.state_cache
3610020338118572,3610020338284043,3610020338285253,3610020338285933,3610020338379214,3610020338390094,3610020338464915,3610020338467195,3610020338473975,0,3,24,1,model.layers.2.self_attn.indexer.compressor.state_cache
3610020339298301,3610020339462802,3610020339464102,3610020339464902,3610020339559552,3610020339570802,3610020339647623,3610020339649953,3610020339656953,0,3,24,1,model.layers.3.self_attn.compressor.state_cache
3610020722861590,3610020723433144,3610020723510194,3610020723827646,3610020723940627,3610020723955547,3610020724260479,3610020761033326,3610020761057766,1,3,24,4,model.layers.2.self_attn.indexer.k_cache
3610020764153518,3610020765420347,3610020765605868,3610020766227032,3610020766481844,3610020766515894,3610020767146469,3610020768580669,3610020768601689,1,3,24,4,model.layers.2.self_attn.attn
3610020770468302,3610020770968855,3610020771043286,3610020771294798,3610020771395998,3610020771409729,3610020771659190,3610020771662720,3610020771668630,1,3,24,128,model.layers.3.self_attn.attn
3610020772946359,3610020773450103,3610020773528793,3610020773778075,3610020773880706,3610020773892936,3610020774144398,3610020774147438,3610020774153748,1,3,24,1,model.layers.0.self_attn.swa_cache
3610020775408576,3610020775906940,3610020775988260,3610020776249312,3610020776352383,3610020776364103,3610020776613405,3610020776616715,3610020776622775,1,3,24,1,model.layers.1.self_attn.swa_cache
3610020777893474,3610020778387527,3610020778465818,3610020778712499,3610020778814490,3610020778826830,3610020779074792,3610020779077832,3610020779084262,1,3,24,1,model.layers.2.self_attn.compressor.state_cache
3610020780253860,3610020780749114,3610020780824794,3610020781071006,3610020781170497,3610020781182017,3610020781431348,3610020781434179,3610020781440549,1,3,24,1,model.layers.2.self_attn.indexer.compressor.state_cache
3610020782727718,3610020783219631,3610020783298082,3610020783543043,3610020783643924,3610020783655244,3610020783902966,3610020783906146,3610020783912236,1,3,24,1,model.layers.3.self_attn.compressor.state_cache
3610021474176315,3610021480676650,3610021480756031,3610021481096463,3610021481286974,3610021481302875,3610021481780848,3610021482758305,3610021482768845,1,2,16,4,model.layers.2.self_attn.indexer.k_cache
3610021483481950,3610021483650271,3610021483651511,3610021483652281,3610021483750642,3610021483764582,3610021483843822,3610021483895323,3610021483903583,0,2,16,4,model.layers.2.self_attn.attn
3610021484688358,3610021484860849,3610021484862249,3610021484863099,3610021484957430,3610021484971340,3610021485306673,3610021485310623,3610021485317403,0,2,16,128,model.layers.3.self_attn.attn
3610021486086008,3610021486252179,3610021486253529,3610021486254409,3610021486352190,3610021486363660,3610021486697742,3610021486701652,3610021486708092,0,2,16,1,model.layers.0.self_attn.swa_cache
3610021487449388,3610021487615919,3610021487617389,3610021487618329,3610021487714469,3610021487726149,3610021487802940,3610021487805560,3610021487812440,0,2,16,1,model.layers.1.self_attn.swa_cache
3610021488692626,3610021488865377,3610021488866687,3610021488867597,3610021488965618,3610021488976988,3610021489054359,3610021489056889,3610021489064409,0,2,16,1,model.layers.2.self_attn.compressor.state_cache
3610021489667853,3610021489840034,3610021489841484,3610021489842434,3610021489938025,3610021489949155,3610021490024335,3610021490026416,3610021490033136,0,2,16,1,model.layers.2.self_attn.indexer.compressor.state_cache
3610021490879381,3610021491036013,3610021491037253,3610021491038023,3610021491135563,3610021491147443,3610021491224224,3610021491226824,3610021491234244,0,2,16,1,model.layers.3.self_attn.compressor.state_cache
3610021891864840,3610021892492814,3610021892575085,3610021892921547,3610021893041538,3610021893057898,3610021893364131,3610021945324003,3610021945341043,1,2,16,4,model.layers.2.self_attn.indexer.k_cache
3610021947672649,3610021948641626,3610021948778077,3610021949257891,3610021949446942,3610021949506462,3610021949790234,3610021950431679,3610021950440359,1,2,16,4,model.layers.2.self_attn.attn
3610021951849169,3610021952416353,3610021952497293,3610021952771705,3610021952883356,3610021952897816,3610021953183178,3610021953186728,3610021953193578,1,2,16,128,model.layers.3.self_attn.attn
3610021954597968,3610021955142702,3610021955228022,3610021955503554,3610021955614165,3610021955626595,3610021955902447,3610021955906167,3610021955912477,1,2,16,1,model.layers.0.self_attn.swa_cache
3610021957314877,3610021957871171,3610021957951521,3610021958207233,3610021958312114,3610021958324124,3610021958582666,3610021958586006,3610021958592226,1,2,16,1,model.layers.1.self_attn.swa_cache
3610021959879815,3610021960395368,3610021960474409,3610021960724471,3610021960827111,3610021960838361,3610021961095313,3610021961098263,3610021961104293,1,2,16,1,model.layers.2.self_attn.compressor.state_cache
3610021962259021,3610021962756715,3610021962835025,3610021963087797,3610021963191418,3610021963203208,3610021963455290,3610021963457930,3610021963464150,1,2,16,1,model.layers.2.self_attn.indexer.compressor.state_cache
3610021964806209,3610021965308513,3610021965384573,3610021965637555,3610021965739936,3610021965751466,3610021966022338,3610021966025458,3610021966031618,1,2,16,1,model.layers.3.self_attn.compressor.state_cache
3610022666966688,3610022676449045,3610022676531205,3610022676907968,3610022677087769,3610022677104179,3610022677572942,3610022678533039,3610022678543339,1,1,8,4,model.layers.2.self_attn.indexer.k_cache
3610022679289654,3610022679456036,3610022679457206,3610022679457726,3610022679554716,3610022679568426,3610022679646797,3610022679697407,3610022679705597,0,1,8,4,model.layers.2.self_attn.attn
3610022680531463,3610022680696594,3610022680697824,3610022680698644,3610022680792305,3610022680805875,3610022681145607,3610022681149107,3610022681156017,0,1,8,128,model.layers.3.self_attn.attn
3610022681947003,3610022682110734,3610022682111854,3610022682112614,3610022682207155,3610022682219275,3610022682551597,3610022682555237,3610022682562257,0,1,8,1,model.layers.0.self_attn.swa_cache
3610022683298832,3610022683468114,3610022683469194,3610022683469934,3610022683564524,3610022683575954,3610022683651855,3610022683654375,3610022683661135,0,1,8,1,model.layers.1.self_attn.swa_cache
3610022684524301,3610022684687682,3610022684688982,3610022684689772,3610022684787783,3610022684799173,3610022684876913,3610022684879353,3610022684886783,0,1,8,1,model.layers.2.self_attn.compressor.state_cache
3610022685487208,3610022685652999,3610022685654409,3610022685655339,3610022685750249,3610022685761490,3610022685838360,3610022685840690,3610022685847430,0,1,8,1,model.layers.2.self_attn.indexer.compressor.state_cache
3610022686677456,3610022686835197,3610022686836567,3610022686837217,3610022686932178,3610022686943688,3610022687021618,3610022687024388,3610022687032068,0,1,8,1,model.layers.3.self_attn.compressor.state_cache
3610023067201770,3610023067757124,3610023067832854,3610023068165166,3610023068276927,3610023068292657,3610023068584169,3610023137116957,3610023137137227,1,1,8,4,model.layers.2.self_attn.indexer.k_cache
3610023139724945,3610023140604722,3610023140696032,3610023141021335,3610023141148695,3610023141166276,3610023141477038,3610023142176733,3610023142186643,1,1,8,4,model.layers.2.self_attn.attn
3610023143715853,3610023144339768,3610023144431488,3610023144728580,3610023144852301,3610023144868671,3610023145172103,3610023145176273,3610023145184414,1,1,8,128,model.layers.3.self_attn.attn
3610023146736784,3610023147333689,3610023147429939,3610023147727861,3610023147854222,3610023147868052,3610023148211415,3610023148214915,3610023148221405,1,1,8,1,model.layers.0.self_attn.swa_cache
3610023149487044,3610023149984357,3610023150061428,3610023150307299,3610023150409300,3610023150421500,3610023150673962,3610023150677392,3610023150683722,1,1,8,1,model.layers.1.self_attn.swa_cache
3610023151965471,3610023152474164,3610023152550285,3610023152817947,3610023152919787,3610023152931468,3610023153177449,3610023153180569,3610023153186769,1,1,8,1,model.layers.2.self_attn.compressor.state_cache
3610023154336477,3610023154837661,3610023154914091,3610023155160913,3610023155261974,3610023155273824,3610023155522556,3610023155525336,3610023155531596,1,1,8,1,model.layers.2.self_attn.indexer.compressor.state_cache
3610023156836505,3610023157324288,3610023157400069,3610023157647090,3610023157750391,3610023157762761,3610023158014193,3610023158017473,3610023158023743,1,1,8,1,model.layers.3.self_attn.compressor.state_cache
3610127171658741,3610127172359485,3610127172437366,3610127172896239,3610127173104330,3610127173126680,3610127173812415,3610127174297248,3610127174314018,1,1,96,4,model.layers.2.self_attn.indexer.k_cache
3610127175156824,3610127175337405,3610127175338655,3610127175339315,3610127175441996,3610127175454616,3610127175541576,3610127175597797,3610127175605367,0,1,96,4,model.layers.2.self_attn.attn
3610127176439212,3610127176623033,3610127176624273,3610127176624983,3610127176722164,3610127176740224,3610127177093787,3610127177097877,3610127177104787,0,1,96,128,model.layers.3.self_attn.attn
3610127177937452,3610127178115793,3610127178117013,3610127178117623,3610127178218854,3610127178231204,3610127178588326,3610127178592196,3610127178598526,0,1,96,1,model.layers.0.self_attn.swa_cache
3610127179392772,3610127179574853,3610127179576093,3610127179576863,3610127179676394,3610127179688434,3610127179769554,3610127179771374,3610127179778454,0,1,96,1,model.layers.1.self_attn.swa_cache
3610127180674060,3610127180852001,3610127180853231,3610127180854041,3610127180955352,3610127180968482,3610127181055223,3610127181057613,3610127181064823,0,1,96,1,model.layers.2.self_attn.compressor.state_cache
3610127181705227,3610127181926149,3610127181927489,3610127181928269,3610127182028689,3610127182041119,3610127182120890,3610127182122740,3610127182129730,0,1,96,1,model.layers.2.self_attn.indexer.compressor.state_cache
3610127183086366,3610127183263657,3610127183264787,3610127183265547,3610127183363778,3610127183375808,3610127183456779,3610127183458859,3610127183466169,0,1,96,1,model.layers.3.self_attn.compressor.state_cache
3610127718230219,3610127718780382,3610127718863233,3610127719183735,3610127719304546,3610127719322066,3610127719807859,3610127720860576,3610127720870496,1,1,8,4,model.layers.2.self_attn.indexer.k_cache
3610127721599031,3610127721762312,3610127721763552,3610127721764222,3610127721864033,3610127721886173,3610127721973394,3610127722026764,3610127722034614,0,1,8,4,model.layers.2.self_attn.attn
3610127722744799,3610127722921140,3610127722922760,3610127722923520,3610127723024441,3610127723038741,3610127723400253,3610127723404203,3610127723411003,0,1,8,128,model.layers.3.self_attn.attn
3610127724142308,3610127724310179,3610127724311469,3610127724312209,3610127724411200,3610127724424190,3610127724762072,3610127724765662,3610127724772492,0,1,8,1,model.layers.0.self_attn.swa_cache
3610127725481897,3610127725644048,3610127725645268,3610127725646028,3610127725742879,3610127725755379,3610127725834079,3610127725836349,3610127725843409,0,1,8,1,model.layers.1.self_attn.swa_cache
3610127726629734,3610127726787055,3610127726788155,3610127726788995,3610127726888946,3610127726901216,3610127726982537,3610127726984887,3610127726992127,0,1,8,1,model.layers.2.self_attn.compressor.state_cache
3610127727587021,3610127727747452,3610127727748662,3610127727749392,3610127727846122,3610127727858043,3610127727937923,3610127727940133,3610127727947123,0,1,8,1,model.layers.2.self_attn.indexer.compressor.state_cache
3610127728797269,3610127728956870,3610127728957950,3610127728958760,3610127729055640,3610127729067741,3610127729146921,3610127729149321,3610127729156431,0,1,8,1,model.layers.3.self_attn.compressor.state_cache
3610127859932767,3610127860483590,3610127860560341,3610127860851223,3610127860967513,3610127860983463,3610127861425756,3610127862174071,3610127862183981,1,1,8,4,model.layers.2.self_attn.indexer.k_cache
3610127862902346,3610127863078657,3610127863079977,3610127863080777,3610127863181438,3610127863195528,3610127863279329,3610127863330449,3610127863338269,0,1,8,4,model.layers.2.self_attn.attn
3610127864065504,3610127864236995,3610127864238395,3610127864239225,3610127864339656,3610127864353966,3610127864695818,3610127864699428,3610127864706488,0,1,8,128,model.layers.3.self_attn.attn
3610127865452043,3610127865617544,3610127865618844,3610127865619594,3610127865715485,3610127865727635,3610127866086237,3610127866090337,3610127866097687,0,1,8,1,model.layers.0.self_attn.swa_cache
3610127866822822,3610127866995663,3610127866996913,3610127866997973,3610127867097424,3610127867110114,3610127867192695,3610127867194965,3610127867201995,0,1,8,1,model.layers.1.self_attn.swa_cache
3610127867906919,3610127868092901,3610127868094261,3610127868094941,3610127868193071,3610127868205431,3610127868287032,3610127868289692,3610127868296652,0,1,8,1,model.layers.2.self_attn.compressor.state_cache
3610127868927326,3610127869098687,3610127869099947,3610127869100757,3610127869199208,3610127869211678,3610127869292548,3610127869294428,3610127869301339,0,1,8,1,model.layers.2.self_attn.indexer.compressor.state_cache
3610127870036303,3610127870203994,3610127870205415,3610127870206115,3610127870307105,3610127870319715,3610127870399256,3610127870401676,3610127870409076,0,1,8,1,model.layers.3.self_attn.compressor.state_cache
3610127923839309,3610127924400663,3610127924479944,3610127924762916,3610127924880026,3610127924895906,3610127925295389,3610127926050204,3610127926059724,1,1,8,4,model.layers.2.self_attn.indexer.k_cache
3610127926736009,3610127926913220,3610127926914570,3610127926915300,3610127927013220,3610127927027540,3610127927113251,3610127927165071,3610127927172901,0,1,8,4,model.layers.2.self_attn.attn
3610127927892286,3610127928087658,3610127928088808,3610127928089528,3610127928191038,3610127928205358,3610127928562591,3610127928566571,3610127928573771,0,1,8,128,model.layers.3.self_attn.attn
3610127929338936,3610127929519267,3610127929520577,3610127929521327,3610127929619908,3610127929632008,3610127929973340,3610127929977160,3610127929984000,0,1,8,1,model.layers.0.self_attn.swa_cache
3610127930706575,3610127930873286,3610127930874356,3610127930875096,3610127930973057,3610127930985537,3610127931066617,3610127931068967,3610127931076197,0,1,8,1,model.layers.1.self_attn.swa_cache
3610127931781272,3610127931947263,3610127931948383,3610127931949183,3610127932056004,3610127932069324,3610127932150614,3610127932153064,3610127932160284,0,1,8,1,model.layers.2.self_attn.compressor.state_cache
3610127932756508,3610127932922370,3610127932923530,3610127932924180,3610127933024190,3610127933036410,3610127933116191,3610127933117861,3610127933125021,0,1,8,1,model.layers.2.self_attn.indexer.compressor.state_cache
3610127933863326,3610127934032727,3610127934034027,3610127934034777,3610127934130178,3610127934142458,3610127934222238,3610127934224528,3610127934231908,0,1,8,1,model.layers.3.self_attn.compressor.state_cache
3610127989675535,3610127990224309,3610127990290799,3610127990578541,3610127990688642,3610127990703782,3610127991097324,3610127991520757,3610127991530657,1,1,88,4,model.layers.2.self_attn.indexer.k_cache
3610127992209502,3610127992380823,3610127992382013,3610127992382853,3610127992482134,3610127992495454,3610127992578054,3610127992629485,3610127992637515,0,1,88,4,model.layers.2.self_attn.attn
3610127993357099,3610127993520080,3610127993521361,3610127993522151,3610127993621851,3610127993635361,3610127993991434,3610127993995444,3610127994002194,0,1,88,128,model.layers.3.self_attn.attn
3610127994732409,3610127994903410,3610127994904760,3610127994905510,3610127995004550,3610127995016620,3610127995368473,3610127995372463,3610127995379013,0,1,88,1,model.layers.0.self_attn.swa_cache
3610127996107138,3610127996274749,3610127996276289,3610127996277129,3610127996377939,3610127996390570,3610127996473990,3610127996476350,3610127996483430,0,1,88,1,model.layers.1.self_attn.swa_cache
3610127997305666,3610127997471227,3610127997472597,3610127997473387,3610127997575747,3610127997587637,3610127997669308,3610127997671518,3610127997678688,0,1,88,1,model.layers.2.self_attn.compressor.state_cache
3610127998276772,3610127998446123,3610127998447393,3610127998448213,3610127998545334,3610127998559734,3610127998640494,3610127998642254,3610127998649494,0,1,88,1,model.layers.2.self_attn.indexer.compressor.state_cache
3610127999507400,3610127999673281,3610127999675011,3610127999675921,3610127999773792,3610127999786452,3610127999867683,3610127999869753,3610127999876833,0,1,88,1,model.layers.3.self_attn.compressor.state_cache
3610128426513836,3610128427050749,3610128427128650,3610128427412782,3610128427525292,3610128427542963,3610128427962595,3610128428724300,3610128428734400,1,1,8,4,model.layers.2.self_attn.indexer.k_cache
3610128429463585,3610128429634246,3610128429635456,3610128429636216,3610128429735357,3610128429749547,3610128429830648,3610128429881768,3610128429889548,0,1,8,4,model.layers.2.self_attn.attn
3610128430608623,3610128430775184,3610128430776264,3610128430776994,3610128430876535,3610128430890695,3610128431230397,3610128431234187,3610128431241247,0,1,8,128,model.layers.3.self_attn.attn
3610128431970872,3610128432165603,3610128432166833,3610128432167613,3610128432270854,3610128432283564,3610128432635976,3610128432639766,3610128432646786,0,1,8,1,model.layers.0.self_attn.swa_cache
3610128433390471,3610128433573412,3610128433574642,3610128433575462,3610128433676363,3610128433689803,3610128433774624,3610128433777264,3610128433785014,0,1,8,1,model.layers.1.self_attn.swa_cache
3610128434480838,3610128434654870,3610128434656220,3610128434656930,3610128434753320,3610128434765600,3610128434846231,3610128434848761,3610128434856201,0,1,8,1,model.layers.2.self_attn.compressor.state_cache
3610128435439645,3610128435606996,3610128435608226,3610128435608926,3610128435705777,3610128435717987,3610128435799327,3610128435801047,3610128435808377,0,1,8,1,model.layers.2.self_attn.indexer.compressor.state_cache
3610128436596102,3610128436760284,3610128436761564,3610128436762324,3610128436859114,3610128436871394,3610128436951655,3610128436953825,3610128436961255,0,1,8,1,model.layers.3.self_attn.compressor.state_cache
3610128489605743,3610128490133527,3610128490212037,3610128490484479,3610128490595260,3610128490609710,3610128491001282,3610128491723157,3610128491733117,1,1,8,4,model.layers.2.self_attn.indexer.k_cache
3610128492411892,3610128492576343,3610128492577393,3610128492578103,3610128492674794,3610128492689484,3610128492772584,3610128492824054,3610128492832475,0,1,8,4,model.layers.2.self_attn.attn
3610128493538909,3610128493707950,3610128493709060,3610128493709690,3610128493807771,3610128493821741,3610128494183823,3610128494187744,3610128494194874,0,1,8,128,model.layers.3.self_attn.attn
3610128494917998,3610128495087649,3610128495088939,3610128495089679,3610128495188330,3610128495201040,3610128495562563,3610128495566293,3610128495573563,0,1,8,1,model.layers.0.self_attn.swa_cache
3610128496347528,3610128496511069,3610128496512199,3610128496512939,3610128496611810,3610128496624120,3610128496708790,3610128496711430,3610128496718190,0,1,8,1,model.layers.1.self_attn.swa_cache
3610128497417675,3610128497584336,3610128497585646,3610128497586456,3610128497683097,3610128497695287,3610128497776657,3610128497779147,3610128497786237,0,1,8,1,model.layers.2.self_attn.compressor.state_cache
3610128498380881,3610128498542972,3610128498544172,3610128498545012,3610128498641803,3610128498654023,3610128498731044,3610128498732694,3610128498739884,0,1,8,1,model.layers.2.self_attn.indexer.compressor.state_cache
3610128499476139,3610128499645350,3610128499646620,3610128499647380,3610128499746070,3610128499758710,3610128499838541,3610128499840751,3610128499847941,0,1,8,1,model.layers.3.self_attn.compressor.state_cache
3610128553227954,3610128553767138,3610128553843438,3610128554134580,3610128554247691,3610128554263031,3610128554711244,3610128555467259,3610128555476959,1,1,8,4,model.layers.2.self_attn.indexer.k_cache
3610128556204244,3610128556388325,3610128556389625,3610128556390465,3610128556494726,3610128556509746,3610128556600587,3610128556655367,3610128556663867,0,1,8,4,model.layers.2.self_attn.attn
3610128557398802,3610128557564173,3610128557565373,3610128557566133,3610128557665974,3610128557680724,3610128558027106,3610128558030946,3610128558038146,0,1,8,128,model.layers.3.self_attn.attn
3610128558763211,3610128558931742,3610128558933022,3610128558933722,3610128559032163,3610128559044863,3610128559397615,3610128559401305,3610128559408865,0,1,8,1,model.layers.0.self_attn.swa_cache
3610128560153330,3610128560317571,3610128560318711,3610128560319441,3610128560417462,3610128560429612,3610128560509892,3610128560512462,3610128560519482,0,1,8,1,model.layers.1.self_attn.swa_cache
3610128561282017,3610128561453349,3610128561454509,3610128561455339,3610128561552299,3610128561564529,3610128561645040,3610128561647260,3610128561654490,0,1,8,1,model.layers.2.self_attn.compressor.state_cache
3610128562257074,3610128562425495,3610128562426665,3610128562427405,3610128562525376,3610128562538206,3610128562618826,3610128562620726,3610128562628076,0,1,8,1,model.layers.2.self_attn.indexer.compressor.state_cache
3610128563389541,3610128563562723,3610128563563913,3610128563564653,3610128563662703,3610128563678293,3610128563759194,3610128563761664,3610128563768804,0,1,8,1,model.layers.3.self_attn.compressor.state_cache
3610128617339248,3610128617867982,3610128617944122,3610128618215134,3610128618327635,3610128618344625,3610128618758068,3610128619495593,3610128619505563,1,1,8,4,model.layers.2.self_attn.indexer.k_cache
3610128620192977,3610128620362278,3610128620363368,3610128620364098,3610128620465999,3610128620480369,3610128620565410,3610128620616970,3610128620624760,0,1,8,4,model.layers.2.self_attn.attn
3610128621342395,3610128621524456,3610128621525796,3610128621526486,3610128621626997,3610128621641657,3610128622010139,3610128622013939,3610128622021129,0,1,8,128,model.layers.3.self_attn.attn
3610128622787324,3610128622962066,3610128622963456,3610128622964306,3610128623064696,3610128623076966,3610128623428319,3610128623432269,3610128623439259,0,1,8,1,model.layers.0.self_attn.swa_cache
3610128624185954,3610128624353255,3610128624354485,3610128624355245,3610128624454906,3610128624468246,3610128624550066,3610128624552286,3610128624559546,0,1,8,1,model.layers.1.self_attn.swa_cache
3610128625280021,3610128625449402,3610128625450712,3610128625451492,3610128625549803,3610128625562653,3610128625641263,3610128625643903,3610128625651213,0,1,8,1,model.layers.2.self_attn.compressor.state_cache
3610128626244807,3610128626409538,3610128626410798,3610128626411508,3610128626510569,3610128626522689,3610128626601520,3610128626603120,3610128626610200,0,1,8,1,model.layers.2.self_attn.indexer.compressor.state_cache
3610128627382505,3610128627551076,3610128627552316,3610128627553176,3610128627652887,3610128627665847,3610128627746647,3610128627748797,3610128627755997,0,1,8,1,model.layers.3.self_attn.compressor.state_cache
3610128680746478,3610128681273391,3610128681350942,3610128681621744,3610128681731324,3610128681747285,3610128682139007,3610128682882682,3610128682892432,1,1,8,4,model.layers.2.self_attn.indexer.k_cache
3610128683558107,3610128683724938,3610128683726148,3610128683727048,3610128683827068,3610128683841698,3610128683923879,3610128683976889,3610128683984899,0,1,8,4,model.layers.2.self_attn.attn
3610128684727704,3610128684894625,3610128684895875,3610128684896715,3610128684995176,3610128685009036,3610128685355178,3610128685358958,3610128685366089,0,1,8,128,model.layers.3.self_attn.attn
3610128686095683,3610128686266934,3610128686268144,3610128686268984,3610128686366955,3610128686378985,3610128686729348,3610128686732938,3610128686740048,0,1,8,1,model.layers.0.self_attn.swa_cache
3610128687453212,3610128687618333,3610128687619663,3610128687620433,3610128687728384,3610128687740974,3610128687830125,3610128687832385,3610128687839925,0,1,8,1,model.layers.1.self_attn.swa_cache
3610128688547480,3610128688711331,3610128688712631,3610128688713391,3610128688810451,3610128688823201,3610128688905312,3610128688907812,3610128688914682,0,1,8,1,model.layers.2.self_attn.compressor.state_cache
3610128689506306,3610128689669927,3610128689671037,3610128689671797,3610128689769438,3610128689781598,3610128689860198,3610128689862058,3610128689868918,0,1,8,1,model.layers.2.self_attn.indexer.compressor.state_cache
3610128690604863,3610128690771754,3610128690772824,3610128690773534,3610128690870585,3610128690882685,3610128690962416,3610128690964726,3610128690972016,0,1,8,1,model.layers.3.self_attn.compressor.state_cache
3610128743629524,3610128744169397,3610128744248168,3610128744520550,3610128744632050,3610128744647421,3610128744933262,3610128746068900,3610128746078830,1,1,8,4,model.layers.2.self_attn.indexer.k_cache
3610128746737144,3610128746908566,3610128746909836,3610128746910586,3610128747011516,3610128747026546,3610128747111727,3610128747162167,3610128747170217,0,1,8,4,model.layers.2.self_attn.attn
3610128747887162,3610128748085723,3610128748086953,3610128748087753,3610128748189604,3610128748203834,3610128748466106,3610128748469516,3610128748475766,0,1,8,128,model.layers.3.self_attn.attn
3610128749198211,3610128749369732,3610128749370942,3610128749371662,3610128749471623,3610128749484603,3610128749742714,3610128749746164,3610128749752964,0,1,8,1,model.layers.0.self_attn.swa_cache
3610128750465499,3610128750629220,3610128750630460,3610128750631210,3610128750733011,3610128750745601,3610128750828431,3610128750830842,3610128750838102,0,1,8,1,model.layers.1.self_attn.swa_cache
3610128751551696,3610128751716077,3610128751717057,3610128751717717,3610128751814638,3610128751826978,3610128751905919,3610128751908479,3610128751915479,0,1,8,1,model.layers.2.self_attn.compressor.state_cache
3610128752524513,3610128752690844,3610128752692104,3610128752692864,3610128752790724,3610128752803235,3610128752882015,3610128752883955,3610128752891135,0,1,8,1,model.layers.2.self_attn.indexer.compressor.state_cache
3610128753630660,3610128753794361,3610128753795711,3610128753796551,3610128753895142,3610128753907202,3610128753991652,3610128753993912,3610128754001522,0,1,8,1,model.layers.3.self_attn.compressor.state_cache
3610128807016653,3610128807546247,3610128807623447,3610128807899209,3610128808042910,3610128808059710,3610128808490743,3610128809521510,3610128809531460,1,1,8,4,model.layers.2.self_attn.indexer.k_cache
3610128810196854,3610128810362295,3610128810363515,3610128810364205,3610128810461076,3610128810475606,3610128810560257,3610128810611667,3610128810619587,0,1,8,4,model.layers.2.self_attn.attn
3610128811337352,3610128811508743,3610128811509903,3610128811510633,3610128811607563,3610128811622084,3610128811975316,3610128811979306,3610128811986006,0,1,8,128,model.layers.3.self_attn.attn
3610128812726111,3610128812897682,3610128812899082,3610128812899932,3610128812998913,3610128813011753,3610128813362215,3610128813366555,3610128813373745,0,1,8,1,model.layers.0.self_attn.swa_cache
3610128814107890,3610128814276071,3610128814277211,3610128814277951,3610128814377252,3610128814389802,3610128814473282,3610128814475862,3610128814483023,0,1,8,1,model.layers.1.self_attn.swa_cache
3610128815171397,3610128815339718,3610128815340938,3610128815341618,3610128815439259,3610128815451779,3610128815534279,3610128815536909,3610128815543660,0,1,8,1,model.layers.2.self_attn.compressor.state_cache
3610128816143583,3610128816305635,3610128816306805,3610128816307415,3610128816406045,3610128816418445,3610128816498336,3610128816500036,3610128816507646,0,1,8,1,model.layers.2.self_attn.indexer.compressor.state_cache
3610128817241781,3610128817407472,3610128817408792,3610128817409752,3610128817507253,3610128817519293,3610128817600723,3610128817603053,3610128817610133,0,1,8,1,model.layers.3.self_attn.compressor.state_cache
3610128870367962,3610128870895016,3610128870970596,3610128871243248,3610128871353429,3610128871368939,3610128871756461,3610128872968059,3610128872977449,1,1,8,4,model.layers.2.self_attn.indexer.k_cache
3610128873662894,3610128873830715,3610128873831975,3610128873832725,3610128873932276,3610128873947206,3610128874029796,3610128874078587,3610128874086257,0,1,8,4,model.layers.2.self_attn.attn
3610128874805841,3610128874977053,3610128874978273,3610128874979053,3610128875079353,3610128875094103,3610128875431436,3610128875435056,3610128875441636,0,1,8,128,model.layers.3.self_attn.attn
3610128876196901,3610128876361882,3610128876363042,3610128876363782,3610128876463592,3610128876476043,3610128876837235,3610128876840865,3610128876848015,0,1,8,1,model.layers.0.self_attn.swa_cache
3610128877577020,3610128877756051,3610128877757381,3610128877758131,3610128877862322,3610128877875512,3610128877956552,3610128877959122,3610128877966142,0,1,8,1,model.layers.1.self_attn.swa_cache
3610128878670627,3610128878834218,3610128878835608,3610128878836388,3610128878933709,3610128878946229,3610128879026399,3610128879028909,3610128879036059,0,1,8,1,model.layers.2.self_attn.compressor.state_cache
3610128879625553,3610128879790094,3610128879791294,3610128879791944,3610128879886985,3610128879899285,3610128879975596,3610128879977416,3610128879984526,0,1,8,1,model.layers.2.self_attn.indexer.compressor.state_cache
3610128880739771,3610128880901612,3610128880902792,3610128880903672,3610128881001832,3610128881014753,3610128881093133,3610128881095413,3610128881102623,0,1,8,1,model.layers.3.self_attn.compressor.state_cache
3610128933609930,3610128934135514,3610128934213294,3610128934486746,3610128934596637,3610128934611917,3610128935002160,3610128936306308,3610128936315848,1,1,8,4,model.layers.2.self_attn.indexer.k_cache
3610128936976373,3610128937143804,3610128937145004,3610128937145994,3610128937242624,3610128937257435,3610128937340425,3610128937391865,3610128937399925,0,1,8,4,model.layers.2.self_attn.attn
3610128938121470,3610128938295441,3610128938296701,3610128938297451,3610128938396442,3610128938411002,3610128938764335,3610128938768175,3610128938775125,0,1,8,128,model.layers.3.self_attn.attn
3610128939511899,3610128939673071,3610128939674281,3610128939674981,3610128939772071,3610128939785051,3610128940151574,3610128940155164,3610128940162154,0,1,8,1,model.layers.0.self_attn.swa_cache
3610128940909259,3610128941080450,3610128941081620,3610128941082480,3610128941184301,3610128941197481,3610128941279021,3610128941281311,3610128941289031,0,1,8,1,model.layers.1.self_attn.swa_cache
3610128941987826,3610128942155517,3610128942156697,3610128942157477,3610128942257198,3610128942270148,3610128942352488,3610128942354908,3610128942362198,0,1,8,1,model.layers.2.self_attn.compressor.state_cache
3610128942946342,3610128943108633,3610128943109793,3610128943110563,3610128943207124,3610128943219324,3610128943298145,3610128943300005,3610128943307245,0,1,8,1,model.layers.2.self_attn.indexer.compressor.state_cache
3610128944060660,3610128944230141,3610128944231331,3610128944232111,3610128944331261,3610128944343901,3610128944425722,3610128944428402,3610128944435702,0,1,8,1,model.layers.3.self_attn.compressor.state_cache
3610129004876142,3610129005398785,3610129005465106,3610129005756038,3610129005870178,3610129005884808,3610129006193411,3610129006545963,3610129006554603,1,1,96,4,model.layers.2.self_attn.indexer.k_cache
3610129007223927,3610129007395598,3610129007396738,3610129007397548,3610129007496599,3610129007511099,3610129007594720,3610129007647490,3610129007655230,0,1,96,4,model.layers.2.self_attn.attn
3610129008385365,3610129008552946,3610129008554236,3610129008555236,3610129008652747,3610129008666197,3610129008932059,3610129008935329,3610129008942019,0,1,96,128,model.layers.3.self_attn.attn
3610129009657163,3610129009820985,3610129009822215,3610129009823025,3610129009924315,3610129009937095,3610129010204777,3610129010208527,3610129010214967,0,1,96,1,model.layers.0.self_attn.swa_cache
3610129010929422,3610129011100193,3610129011101443,3610129011102253,3610129011203324,3610129011216064,3610129011298264,3610129011300654,3610129011307824,0,1,96,1,model.layers.1.self_attn.swa_cache
3610129012023529,3610129012192790,3610129012194170,3610129012195030,3610129012292771,3610129012305451,3610129012384241,3610129012386671,3610129012393902,0,1,96,1,model.layers.2.self_attn.compressor.state_cache
3610129012988035,3610129013165807,3610129013167087,3610129013167897,3610129013267237,3610129013279557,3610129013359298,3610129013360948,3610129013368458,0,1,96,1,model.layers.2.self_attn.indexer.compressor.state_cache
3610129014107843,3610129014270664,3610129014271764,3610129014272554,3610129014371105,3610129014383955,3610129014462945,3610129014465425,3610129014472815,0,1,96,1,model.layers.3.self_attn.compressor.state_cache
3610129442687098,3610129443221911,3610129443300342,3610129443584243,3610129443696664,3610129443712864,3610129444157757,3610129444916942,3610129444926052,1,1,8,4,model.layers.2.self_attn.indexer.k_cache
3610129445642577,3610129445813388,3610129445814578,3610129445815468,3610129445913919,3610129445932489,3610129446019060,3610129446073370,3610129446080820,0,1,8,4,model.layers.2.self_attn.attn
3610129446815835,3610129446988056,3610129446989216,3610129446990136,3610129447087487,3610129447101437,3610129447436529,3610129447439779,3610129447446149,0,1,8,128,model.layers.3.self_attn.attn
3610129448191634,3610129448368345,3610129448369495,3610129448370285,3610129448468926,3610129448481636,3610129448830738,3610129448834288,3610129448840458,0,1,8,1,model.layers.0.self_attn.swa_cache
3610129449583283,3610129449752914,3610129449754114,3610129449754934,3610129449856595,3610129449869465,3610129449954356,3610129449956806,3610129449963916,0,1,8,1,model.layers.1.self_attn.swa_cache
3610129450672340,3610129450850032,3610129450851202,3610129450852012,3610129450955222,3610129450967502,3610129451049393,3610129451051613,3610129451058593,0,1,8,1,model.layers.2.self_attn.compressor.state_cache
3610129451652217,3610129451816688,3610129451817788,3610129451818708,3610129451914699,3610129451926809,3610129452017659,3610129452019639,3610129452026629,0,1,8,1,model.layers.2.self_attn.indexer.compressor.state_cache
3610129452793154,3610129452963436,3610129452964646,3610129452965416,3610129453065086,3610129453078046,3610129453157917,3610129453160067,3610129453166817,0,1,8,1,model.layers.3.self_attn.compressor.state_cache
3610129506047747,3610129506580540,3610129506656331,3610129506939123,3610129507051133,3610129507066323,3610129507363925,3610129508018580,3610129508028080,1,1,8,4,model.layers.2.self_attn.indexer.k_cache
3610129508698484,3610129508869035,3610129508870145,3610129508870955,3610129508969216,3610129508983676,3610129509069497,3610129509121237,3610129509129727,0,1,8,4,model.layers.2.self_attn.attn
3610129509867682,3610129510033303,3610129510034363,3610129510035123,3610129510132364,3610129510146894,3610129510415976,3610129510419316,3610129510426026,0,1,8,128,model.layers.3.self_attn.attn
3610129511136740,3610129511309961,3610129511311151,3610129511312021,3610129511409412,3610129511421262,3610129511677774,3610129511681394,3610129511687494,0,1,8,1,model.layers.0.self_attn.swa_cache
3610129512406419,3610129512570950,3610129512572010,3610129512572750,3610129512670900,3610129512683170,3610129512763611,3610129512766051,3610129512773211,0,1,8,1,model.layers.1.self_attn.swa_cache
3610129513465806,3610129513630197,3610129513631287,3610129513632017,3610129513728177,3610129513740497,3610129513821928,3610129513824348,3610129513831318,0,1,8,1,model.layers.2.self_attn.compressor.state_cache
3610129514414732,3610129514575623,3610129514576743,3610129514577623,3610129514672254,3610129514684424,3610129514761844,3610129514763634,3610129514770534,0,1,8,1,model.layers.2.self_attn.indexer.compressor.state_cache
3610129515494079,3610129515658470,3610129515659610,3610129515660360,3610129515758061,3610129515770811,3610129515850191,3610129515852521,3610129515859352,0,1,8,1,model.layers.3.self_attn.compressor.state_cache
3610129567913366,3610129568457579,3610129568535260,3610129568807722,3610129568918472,3610129568932633,3610129569219394,3610129569874989,3610129569883779,1,1,8,4,model.layers.2.self_attn.indexer.k_cache
3610129570542933,3610129570714074,3610129570715464,3610129570716314,3610129570812375,3610129570826375,3610129570907046,3610129570956316,3610129570964256,0,1,8,4,model.layers.2.self_attn.attn
3610129571685471,3610129571862302,3610129571863652,3610129571864572,3610129571962483,3610129571977243,3610129572258015,3610129572261155,3610129572267695,0,1,8,128,model.layers.3.self_attn.attn
3610129572984539,3610129573150290,3610129573151560,3610129573152370,3610129573250671,3610129573263041,3610129573520603,3610129573523823,3610129573530433,0,1,8,1,model.layers.0.self_attn.swa_cache
3610129574235588,3610129574401449,3610129574402789,3610129574403529,3610129574500709,3610129574513059,3610129574591520,3610129574593820,3610129574600690,0,1,8,1,model.layers.1.self_attn.swa_cache
3610129575294505,3610129575458326,3610129575459386,3610129575460176,3610129575557166,3610129575569266,3610129575647837,3610129575650017,3610129575657057,0,1,8,1,model.layers.2.self_attn.compressor.state_cache
3610129576260931,3610129576417792,3610129576418862,3610129576419592,3610129576516583,3610129576528743,3610129576608053,3610129576609773,3610129576616723,0,1,8,1,model.layers.2.self_attn.indexer.compressor.state_cache
3610129577342908,3610129577508249,3610129577509439,3610129577510289,3610129577605870,3610129577618340,3610129577699641,3610129577701801,3610129577708891,0,1,8,1,model.layers.3.self_attn.compressor.state_cache
3610129629931526,3610129630449799,3610129630527040,3610129630794642,3610129630906012,3610129630920523,3610129631335895,3610129632109430,3610129632119480,1,1,8,4,model.layers.2.self_attn.indexer.k_cache
3610129632833655,3610129633007526,3610129633008776,3610129633009556,3610129633108687,3610129633123217,3610129633207738,3610129633258768,3610129633266338,0,1,8,4,model.layers.2.self_attn.attn
3610129633976763,3610129634148104,3610129634149244,3610129634150024,3610129634249205,3610129634264385,3610129634618307,3610129634622017,3610129634628997,0,1,8,128,model.layers.3.self_attn.attn
3610129635351612,3610129635522803,3610129635523973,3610129635524673,3610129635621824,3610129635634204,3610129635973126,3610129635976796,3610129635983196,0,1,8,1,model.layers.0.self_attn.swa_cache
3610129636729251,3610129636893752,3610129636895022,3610129636895842,3610129636994003,3610129637006373,3610129637087623,3610129637090293,3610129637097453,0,1,8,1,model.layers.1.self_attn.swa_cache
3610129637829148,3610129637992639,3610129637993789,3610129637994529,3610129638091960,3610129638104120,3610129638185711,3610129638188271,3610129638195551,0,1,8,1,model.layers.2.self_attn.compressor.state_cache
3610129638781625,3610129638947186,3610129638948276,3610129638949056,3610129639045946,3610129639058806,3610129639138457,3610129639140347,3610129639147157,0,1,8,1,model.layers.2.self_attn.indexer.compressor.state_cache
3610129639876232,3610129640052953,3610129640054143,3610129640054933,3610129640152234,3610129640164084,3610129640243974,3610129640246134,3610129640253514,0,1,8,1,model.layers.3.self_attn.compressor.state_cache
3610129692970223,3610129693503596,3610129693582037,3610129693855349,3610129693966759,3610129693982120,3610129694377222,3610129695128127,3610129695137827,1,1,8,4,model.layers.2.self_attn.indexer.k_cache
3610129695812462,3610129695985143,3610129695986313,3610129695987073,3610129696104054,3610129696118614,3610129696205734,3610129696258855,3610129696266755,0,1,8,4,model.layers.2.self_attn.attn
3610129696986599,3610129697150261,3610129697151441,3610129697152231,3610129697248851,3610129697263031,3610129697604114,3610129697607664,3610129697614494,0,1,8,128,model.layers.3.self_attn.attn
3610129698351058,3610129698526700,3610129698527970,3610129698528680,3610129698629350,3610129698641650,3610129699003303,3610129699007093,3610129699013853,0,1,8,1,model.layers.0.self_attn.swa_cache
3610129699736758,3610129699902199,3610129699903329,3610129699904039,3610129700020039,3610129700034630,3610129700122950,3610129700125590,3610129700133140,0,1,8,1,model.layers.1.self_attn.swa_cache
3610129700842565,3610129701008946,3610129701010276,3610129701011056,3610129701107957,3610129701119777,3610129701198627,3610129701201017,3610129701208047,0,1,8,1,model.layers.2.self_attn.compressor.state_cache
3610129701802501,3610129701969842,3610129701971352,3610129701972092,3610129702072533,3610129702085083,3610129702165404,3610129702167154,3610129702174514,0,1,8,1,model.layers.2.self_attn.indexer.compressor.state_cache
3610129702902209,3610129703065260,3610129703066490,3610129703067200,3610129703163740,3610129703176060,3610129703254041,3610129703256471,3610129703263391,0,1,8,1,model.layers.3.self_attn.compressor.state_cache
3610129755686807,3610129756224211,3610129756301222,3610129756573993,3610129756683894,3610129756699184,3610129756987006,3610129757677921,3610129757687001,1,1,8,4,model.layers.2.self_attn.indexer.k_cache
3610129758344375,3610129758506406,3610129758507856,3610129758508646,3610129758606067,3610129758620607,3610129758700587,3610129758750928,3610129758759198,0,1,8,4,model.layers.2.self_attn.attn
3610129759496333,3610129759662924,3610129759663964,3610129759664754,3610129759762554,3610129759777165,3610129760045216,3610129760048456,3610129760054886,0,1,8,128,model.layers.3.self_attn.attn
3610129760766791,3610129760931332,3610129760932522,3610129760933372,3610129761030633,3610129761043473,3610129761295645,3610129761299155,3610129761305645,0,1,8,1,model.layers.0.self_attn.swa_cache
3610129762013099,3610129762183340,3610129762184450,3610129762185250,3610129762285301,3610129762297971,3610129762381382,3610129762383982,3610129762391372,0,1,8,1,model.layers.1.self_attn.swa_cache
3610129763079756,3610129763242537,3610129763243757,3610129763244537,3610129763341188,3610129763353668,3610129763431469,3610129763433849,3610129763440829,0,1,8,1,model.layers.2.self_attn.compressor.state_cache
3610129764035713,3610129764203934,3610129764205034,3610129764205914,3610129764305684,3610129764318385,3610129764397225,3610129764398975,3610129764406185,0,1,8,1,model.layers.2.self_attn.indexer.compressor.state_cache
3610129765135730,3610129765299431,3610129765300691,3610129765301551,3610129765400872,3610129765413622,3610129765498462,3610129765500832,3610129765508262,0,1,8,1,model.layers.3.self_attn.compressor.state_cache
3610129817909059,3610129818439072,3610129818516223,3610129818801285,3610129818913765,3610129818928856,3610129819351858,3610129820106643,3610129820116353,1,1,8,4,model.layers.2.self_attn.indexer.k_cache
3610129820811448,3610129820980209,3610129820981329,3610129820982119,3610129821080630,3610129821094900,3610129821179310,3610129821234441,3610129821242321,0,1,8,4,model.layers.2.self_attn.attn
3610129821956086,3610129822132807,3610129822134117,3610129822134877,3610129822234317,3610129822248958,3610129822599740,3610129822603310,3610129822610450,0,1,8,128,model.layers.3.self_attn.attn
3610129823344475,3610129823509486,3610129823510676,3610129823511416,3610129823610007,3610129823622467,3610129823961449,3610129823965129,3610129823971759,0,1,8,1,model.layers.0.self_attn.swa_cache
3610129824708894,3610129824884985,3610129824886395,3610129824887265,3610129824990466,3610129825002866,3610129825085636,3610129825088046,3610129825095226,0,1,8,1,model.layers.1.self_attn.swa_cache
3610129825802621,3610129825967492,3610129825968572,3610129825969322,3610129826065433,3610129826077903,3610129826157553,3610129826159743,3610129826167073,0,1,8,1,model.layers.2.self_attn.compressor.state_cache
3610129826757277,3610129826920898,3610129826921938,3610129826922768,3610129827018869,3610129827030879,3610129827109810,3610129827111730,3610129827119050,0,1,8,1,model.layers.2.self_attn.indexer.compressor.state_cache
3610129827851065,3610129828025716,3610129828026846,3610129828027676,3610129828124636,3610129828136676,3610129828215647,3610129828218097,3610129828225147,0,1,8,1,model.layers.3.self_attn.compressor.state_cache
3610130652221375,3610130652785118,3610130652856609,3610130653255501,3610130653374842,3610130653390492,3610130653926966,3610130654379949,3610130654390369,1,1,8096,4,model.layers.2.self_attn.indexer.k_cache
3610130655111884,3610130655291745,3610130655292965,3610130655293675,3610130655392066,3610130655404976,3610130655484716,3610130655540047,3610130655547257,0,1,8096,4,model.layers.2.self_attn.attn
3610130656301232,3610130656467373,3610130656468423,3610130656469103,3610130656565653,3610130656578973,3610130656920616,3610130656923936,3610130656930466,0,1,8096,128,model.layers.3.self_attn.attn
3610130657657330,3610130657824502,3610130657825502,3610130657826192,3610130657927662,3610130657940032,3610130658278405,3610130658281655,3610130658287675,0,1,8096,1,model.layers.0.self_attn.swa_cache
3610130658994389,3610130659161230,3610130659162210,3610130659162950,3610130659257371,3610130659269241,3610130659344462,3610130659346902,3610130659353502,0,1,8096,1,model.layers.1.self_attn.swa_cache
3610130660171097,3610130660338958,3610130660340068,3610130660340728,3610130660441349,3610130660453719,3610130660534140,3610130660536200,3610130660543080,0,1,8096,1,model.layers.2.self_attn.compressor.state_cache
3610130661122523,3610130661291615,3610130661292635,3610130661293305,3610130661390735,3610130661402415,3610130661478906,3610130661480756,3610130661486966,0,1,8096,1,model.layers.2.self_attn.indexer.compressor.state_cache
3610130662329891,3610130662494872,3610130662495992,3610130662496752,3610130662594123,3610130662606643,3610130662683564,3610130662685824,3610130662692064,0,1,8096,1,model.layers.3.self_attn.compressor.state_cache
3610131088411157,3610131088934360,3610131089000821,3610131089289073,3610131089399723,3610131089413914,3610131089816886,3610131090237869,3610131090246779,1,1,8096,4,model.layers.2.self_attn.indexer.k_cache
3610131090988774,3610131091156335,3610131091157675,3610131091158325,3610131091256256,3610131091269986,3610131091350916,3610131091402127,3610131091409387,0,1,8096,4,model.layers.2.self_attn.attn
3610131092131882,3610131092296233,3610131092297393,3610131092298063,3610131092397263,3610131092410883,3610131092753166,3610131092756746,3610131092763066,0,1,8096,128,model.layers.3.self_attn.attn
3610131093479650,3610131093647902,3610131093649152,3610131093649902,3610131093748432,3610131093761282,3610131094105205,3610131094108845,3610131094114925,0,1,8096,1,model.layers.0.self_attn.swa_cache
3610131094813399,3610131094974430,3610131094975620,3610131094976250,3610131095073601,3610131095086661,3610131095167562,3610131095169722,3610131095176412,0,1,8096,1,model.layers.1.self_attn.swa_cache
3610131095901806,3610131096084748,3610131096086018,3610131096086678,3610131096184308,3610131096196358,3610131096274609,3610131096276929,3610131096283499,0,1,8096,1,model.layers.2.self_attn.compressor.state_cache
3610131096868273,3610131097034454,3610131097035664,3610131097036364,3610131097134275,3610131097146335,3610131097226375,3610131097228255,3610131097234915,0,1,8096,1,model.layers.2.self_attn.indexer.compressor.state_cache
3610131097975540,3610131098139981,3610131098141001,3610131098141751,3610131098240532,3610131098253282,3610131098332643,3610131098334983,3610131098341603,0,1,8096,1,model.layers.3.self_attn.compressor.state_cache
3610131504556467,3610131505068500,3610131505134421,3610131505418713,3610131505526283,3610131505541063,3610131505940406,3610131506370019,3610131506378409,1,1,8096,4,model.layers.2.self_attn.indexer.k_cache
3610131507093814,3610131507256935,3610131507257975,3610131507258645,3610131507356895,3610131507369745,3610131507450826,3610131507501906,3610131507509016,0,1,8096,4,model.layers.2.self_attn.attn
3610131508212131,3610131508374042,3610131508375202,3610131508375812,3610131508473343,3610131508486473,3610131508833535,3610131508836765,3610131508843215,0,1,8096,128,model.layers.3.self_attn.attn
3610131509574390,3610131509737391,3610131509738371,3610131509739021,3610131509837172,3610131509849322,3610131510197084,3610131510200524,3610131510206584,0,1,8096,1,model.layers.0.self_attn.swa_cache
3610131510899619,3610131511066350,3610131511067590,3610131511068310,3610131511167311,3610131511179551,3610131511258821,3610131511261181,3610131511267541,0,1,8096,1,model.layers.1.self_attn.swa_cache
3610131511978616,3610131512161877,3610131512162927,3610131512163647,3610131512260928,3610131512272868,3610131512350938,3610131512353118,3610131512359688,0,1,8096,1,model.layers.2.self_attn.compressor.state_cache
3610131512967002,3610131513130154,3610131513131194,3610131513131934,3610131513228454,3610131513240484,3610131513317755,3610131513319305,3610131513326105,0,1,8096,1,model.layers.2.self_attn.indexer.compressor.state_cache
3610131514048830,3610131514210641,3610131514211801,3610131514212511,3610131514307341,3610131514319111,3610131514396252,3610131514398232,3610131514404512,0,1,8096,1,model.layers.3.self_attn.compressor.state_cache
3610131917313064,3610131917775247,3610131917841267,3610131918134659,3610131918230380,3610131918245280,3610131918649422,3610131919029585,3610131919038005,1,1,8096,4,model.layers.2.self_attn.indexer.k_cache
3610131919729470,3610131919865400,3610131919866350,3610131919866920,3610131919954711,3610131919967841,3610131920058282,3610131920101242,3610131920108332,0,1,8096,4,model.layers.2.self_attn.attn
3610131920750536,3610131920886867,3610131920887757,3610131920888407,3610131920976328,3610131920989178,3610131921323820,3610131921327580,3610131921333750,0,1,8096,128,model.layers.3.self_attn.attn
3610131921981714,3610131922112255,3610131922113405,3610131922114035,3610131922202146,3610131922213166,3610131922538398,3610131922541878,3610131922548208,0,1,8096,1,model.layers.0.self_attn.swa_cache
3610131923202993,3610131923339453,3610131923340403,3610131923341043,3610131923429814,3610131923441704,3610131923509735,3610131923511785,3610131923518385,0,1,8096,1,model.layers.1.self_attn.swa_cache
3610131924174669,3610131924311050,3610131924312050,3610131924312680,3610131924400610,3610131924412641,3610131924481891,3610131924483911,3610131924490501,0,1,8096,1,model.layers.2.self_attn.compressor.state_cache
3610131925041105,3610131925173886,3610131925174946,3610131925175536,3610131925265116,3610131925276056,3610131925354957,3610131925356797,3610131925363387,0,1,8096,1,model.layers.2.self_attn.indexer.compressor.state_cache
3610131926057551,3610131926230153,3610131926231253,3610131926232033,3610131926323263,3610131926335113,3610131926417124,3610131926419744,3610131926426754,0,1,8096,1,model.layers.3.self_attn.compressor.state_cache
3610132330651084,3610132331159667,3610132331225958,3610132331536730,3610132331713051,3610132331728591,3610132332196444,3610132332615707,3610132332625127,1,2,8096,4,model.layers.2.self_attn.indexer.k_cache
3610132333379882,3610132333525213,3610132333526153,3610132333526833,3610132333662694,3610132333676704,3610132333751514,3610132333797705,3610132333805485,0,2,8096,4,model.layers.2.self_attn.attn
3610132334483669,3610132334633430,3610132334634590,3610132334635310,3610132334774571,3610132334788851,3610132335127833,3610132335131213,3610132335137873,0,2,8096,128,model.layers.3.self_attn.attn
3610132335829578,3610132335991279,3610132335992359,3610132335993049,3610132336144100,3610132336158210,3610132336490542,3610132336494072,3610132336500782,0,2,8096,1,model.layers.0.self_attn.swa_cache
3610132337193457,3610132337339408,3610132337340498,3610132337341208,3610132337473409,3610132337489299,3610132337562339,3610132337564679,3610132337571659,0,2,8096,1,model.layers.1.self_attn.swa_cache
3610132338260814,3610132338415165,3610132338416295,3610132338416945,3610132338548266,3610132338562496,3610132338635236,3610132338637266,3610132338643827,0,2,8096,1,model.layers.2.self_attn.compressor.state_cache
3610132339217830,3610132339367291,3610132339368381,3610132339369151,3610132339502012,3610132339516562,3610132339589713,3610132339591633,3610132339598413,0,2,8096,1,model.layers.2.self_attn.indexer.compressor.state_cache
3610132340347478,3610132340501839,3610132340502789,3610132340503439,3610132340629700,3610132340643550,3610132340713340,3610132340715600,3610132340722590,0,2,8096,1,model.layers.3.self_attn.compressor.state_cache
3610133162630897,3610133163196571,3610133163266222,3610133163610794,3610133163735505,3610133163758695,3610133164282098,3610133164725061,3610133164735971,1,2,8096,4,model.layers.2.self_attn.indexer.k_cache
3610133165462366,3610133165630157,3610133165631257,3610133165631927,3610133165730918,3610133165743848,3610133165826929,3610133165878879,3610133165886359,0,2,8096,4,model.layers.2.self_attn.attn
3610133166600054,3610133166769375,3610133166770475,3610133166771115,3610133166867605,3610133166885316,3610133167241408,3610133167244578,3610133167250798,0,2,8096,128,model.layers.3.self_attn.attn
3610133167961033,3610133168145994,3610133168147154,3610133168147814,3610133168244944,3610133168256725,3610133168585967,3610133168589217,3610133168595317,0,2,8096,1,model.layers.0.self_attn.swa_cache
3610133169296161,3610133169459513,3610133169460533,3610133169461193,3610133169561583,3610133169573893,3610133169655694,3610133169657914,3610133169664954,0,2,8096,1,model.layers.1.self_attn.swa_cache
3610133170344178,3610133170505209,3610133170506329,3610133170506969,3610133170602530,3610133170614680,3610133170692681,3610133170694681,3610133170700911,0,2,8096,1,model.layers.2.self_attn.compressor.state_cache
3610133171277545,3610133171448046,3610133171449226,3610133171449906,3610133171548226,3610133171560876,3610133171640567,3610133171642297,3610133171648607,0,2,8096,1,model.layers.2.self_attn.indexer.compressor.state_cache
3610133172385242,3610133172548613,3610133172549723,3610133172550423,3610133172646674,3610133172658294,3610133172736494,3610133172738564,3610133172745304,0,2,8096,1,model.layers.3.self_attn.compressor.state_cache
3610133664253919,3610133664797833,3610133664864463,3610133665171975,3610133665352986,3610133665368206,3610133665821769,3610133666258892,3610133666268682,1,4,8096,4,model.layers.2.self_attn.indexer.k_cache
3610133667004037,3610133667175438,3610133667176668,3610133667177338,3610133667274349,3610133667287679,3610133667369490,3610133667421040,3610133667428370,0,4,8096,4,model.layers.2.self_attn.attn
3610133668185105,3610133668355406,3610133668356876,3610133668357556,3610133668456917,3610133668471197,3610133668820999,3610133668824529,3610133668831379,0,4,8096,128,model.layers.3.self_attn.attn
3610133669594994,3610133669759585,3610133669760925,3610133669761555,3610133669859586,3610133669871536,3610133670224099,3610133670227719,3610133670234169,0,4,8096,1,model.layers.0.self_attn.swa_cache
3610133670943143,3610133671111284,3610133671112594,3610133671113204,3610133671211705,3610133671224035,3610133671307776,3610133671310386,3610133671316836,0,4,8096,1,model.layers.1.self_attn.swa_cache
3610133672908296,3610133673092637,3610133673093867,3610133673094637,3610133673203508,3610133673216128,3610133673301519,3610133673303949,3610133673310729,0,4,8096,1,model.layers.2.self_attn.compressor.state_cache
3610133673921103,3610133674087184,3610133674088494,3610133674089174,3610133674186855,3610133674199565,3610133674284135,3610133674286275,3610133674293205,0,4,8096,1,model.layers.2.self_attn.indexer.compressor.state_cache
3610133675127991,3610133675312082,3610133675313502,3610133675314152,3610133675415493,3610133675427933,3610133675507473,3610133675510053,3610133675516933,0,4,8096,1,model.layers.3.self_attn.compressor.state_cache
3610134139429685,3610134139998049,3610134140174870,3610134140509542,3610134140690023,3610134140706013,3610134141200726,3610134141643489,3610134141653499,1,6,8096,4,model.layers.2.self_attn.indexer.k_cache
3610134142400254,3610134142570396,3610134142571586,3610134142572266,3610134142672536,3610134142686156,3610134142769557,3610134142823067,3610134142830737,0,6,8096,4,model.layers.2.self_attn.attn
3610134143572532,3610134143739853,3610134143741043,3610134143741883,3610134143840914,3610134143854924,3610134144246107,3610134144249867,3610134144256907,0,6,8096,128,model.layers.3.self_attn.attn
3610134145007812,3610134145178673,3610134145179963,3610134145180693,3610134145279203,3610134145291893,3610134145631156,3610134145635056,3610134145641826,0,6,8096,1,model.layers.0.self_attn.swa_cache
3610134146351730,3610134146518102,3610134146519342,3610134146520052,3610134146617582,3610134146630292,3610134146710293,3610134146712273,3610134146719003,0,6,8096,1,model.layers.1.self_attn.swa_cache
3610134147449068,3610134147614479,3610134147615709,3610134147616419,3610134147719920,3610134147733520,3610134147817060,3610134147819480,3610134147826200,0,6,8096,1,model.layers.2.self_attn.compressor.state_cache
3610134148443744,3610134148616315,3610134148617495,3610134148618135,3610134148717026,3610134148729546,3610134148812577,3610134148814557,3610134148821707,0,6,8096,1,model.layers.2.self_attn.indexer.compressor.state_cache
3610134149607562,3610134149775613,3610134149776853,3610134149777633,3610134149876284,3610134149888544,3610134149969214,3610134149971374,3610134149978114,0,6,8096,1,model.layers.3.self_attn.compressor.state_cache
3610134617504240,3610134618046073,3610134618111734,3610134618422686,3610134618601317,3610134618617317,3610134619095600,3610134619535073,3610134619544033,1,8,8096,4,model.layers.2.self_attn.indexer.k_cache
3610134620341588,3610134620508819,3610134620509999,3610134620510699,3610134620606510,3610134620619830,3610134620700201,3610134620750501,3610134620757801,0,8,8096,4,model.layers.2.self_attn.attn
3610134621487206,3610134621650797,3610134621651867,3610134621652547,3610134621748228,3610134621760808,3610134622117030,3610134622120150,3610134622126580,0,8,8096,128,model.layers.3.self_attn.attn
3610134622865055,3610134623040666,3610134623041846,3610134623042486,3610134623139727,3610134623151657,3610134623493329,3610134623496669,3610134623502849,0,8,8096,1,model.layers.0.self_attn.swa_cache
3610134624220084,3610134624386525,3610134624387725,3610134624388345,3610134624485466,3610134624497736,3610134624577596,3610134624579456,3610134624585856,0,8,8096,1,model.layers.1.self_attn.swa_cache
3610134625312311,3610134625473182,3610134625474312,3610134625474952,3610134625571333,3610134625583673,3610134625662013,3610134625664083,3610134625670483,0,8,8096,1,model.layers.2.self_attn.compressor.state_cache
3610134626247967,3610134626423068,3610134626424188,3610134626424818,3610134626523289,3610134626535699,3610134626620360,3610134626622520,3610134626629450,0,8,8096,1,model.layers.2.self_attn.indexer.compressor.state_cache
3610134627431225,3610134627604966,3610134627606416,3610134627607166,3610134627705427,3610134627718137,3610134627799898,3610134627802298,3610134627808738,0,8,8096,1,model.layers.3.self_attn.compressor.state_cache
3610135094049133,3610135094594627,3610135094663197,3610135094967819,3610135095156560,3610135095172650,3610135095624013,3610135096055686,3610135096065306,1,10,8096,4,model.layers.2.self_attn.indexer.k_cache
3610135096819511,3610135096983132,3610135096984272,3610135096984922,3610135097083963,3610135097097943,3610135097182414,3610135097234654,3610135097242074,0,10,8096,4,model.layers.2.self_attn.attn
3610135097982899,3610135098154770,3610135098155990,3610135098156760,3610135098256541,3610135098270391,3610135098635483,3610135098639123,3610135098645773,0,10,8096,128,model.layers.3.self_attn.attn
3610135099411558,3610135099578249,3610135099579419,3610135099580099,3610135099679620,3610135099692650,3610135100052103,3610135100055903,3610135100062543,0,10,8096,1,model.layers.0.self_attn.swa_cache
3610135100769337,3610135100933928,3610135100935018,3610135100935638,3610135101031199,3610135101043189,3610135101123270,3610135101125630,3610135101132400,0,10,8096,1,model.layers.1.self_attn.swa_cache
3610135101854124,3610135102037056,3610135102038256,3610135102038976,3610135102138686,3610135102151186,3610135102232367,3610135102234907,3610135102241847,0,10,8096,1,model.layers.2.self_attn.compressor.state_cache
3610135102824561,3610135102990652,3610135102991912,3610135102992572,3610135103094543,3610135103106773,3610135103187923,3610135103189743,3610135103196763,0,10,8096,1,model.layers.2.self_attn.indexer.compressor.state_cache
3610135103989599,3610135104179480,3610135104180760,3610135104181480,3610135104286180,3610135104299931,3610135104389961,3610135104392471,3610135104399381,0,10,8096,1,model.layers.3.self_attn.compressor.state_cache
3610135574639313,3610135575192677,3610135575260987,3610135575604839,3610135575788710,3610135575805421,3610135576312824,3610135576756437,3610135576766317,1,12,8096,4,model.layers.2.self_attn.indexer.k_cache
3610135577488532,3610135577663913,3610135577665163,3610135577665773,3610135577766784,3610135577780484,3610135577898994,3610135577958355,3610135577966165,0,12,8096,4,model.layers.2.self_attn.attn
3610135578704750,3610135578875791,3610135578877141,3610135578877791,3610135578976171,3610135578989542,3610135579339524,3610135579343264,3610135579350064,0,12,8096,128,model.layers.3.self_attn.attn
3610135580110639,3610135580285820,3610135580287150,3610135580288000,3610135580386251,3610135580398801,3610135580755533,3610135580758953,3610135580765423,0,12,8096,1,model.layers.0.self_attn.swa_cache
3610135581468508,3610135581633189,3610135581634539,3610135581635309,3610135581732970,3610135581744950,3610135581825490,3610135581827510,3610135581834210,0,12,8096,1,model.layers.1.self_attn.swa_cache
3610135582560065,3610135582730716,3610135582731976,3610135582732776,3610135582831057,3610135582843537,3610135582924148,3610135582926488,3610135582933248,0,12,8096,1,model.layers.2.self_attn.compressor.state_cache
3610135583512711,3610135583675052,3610135583676443,3610135583677193,3610135583772523,3610135583784713,3610135583866694,3610135583868484,3610135583875444,0,12,8096,1,model.layers.2.self_attn.indexer.compressor.state_cache
3610135584680959,3610135584843000,3610135584844290,3610135584844850,3610135584947091,3610135584959881,3610135585041242,3610135585043432,3610135585050122,0,12,8096,1,model.layers.3.self_attn.compressor.state_cache
3610136047689162,3610136048251316,3610136048317156,3610136048625718,3610136048771869,3610136048787129,3610136049251702,3610136049702605,3610136049713215,1,12,2352,4,model.layers.2.self_attn.indexer.k_cache
3610136050509291,3610136050681182,3610136050682442,3610136050683042,3610136050782422,3610136050796172,3610136050876393,3610136050927013,3610136050934483,0,12,2352,4,model.layers.2.self_attn.attn
3610136051646578,3610136051813899,3610136051815189,3610136051815909,3610136051917750,3610136051931620,3610136052305202,3610136052308962,3610136052315392,0,12,2352,128,model.layers.3.self_attn.attn
3610136053039697,3610136053215478,3610136053216698,3610136053217468,3610136053318469,3610136053331339,3610136053671701,3610136053675321,3610136053682051,0,12,2352,1,model.layers.0.self_attn.swa_cache
3610136054387346,3610136054559247,3610136054560647,3610136054561377,3610136054660938,3610136054673008,3610136054756689,3610136054759239,3610136054766829,0,12,2352,1,model.layers.1.self_attn.swa_cache
3610136055601334,3610136055768355,3610136055769615,3610136055770265,3610136055870816,3610136055883496,3610136055963357,3610136055965777,3610136055972797,0,12,2352,1,model.layers.2.self_attn.compressor.state_cache
3610136056577311,3610136056745452,3610136056746632,3610136056747302,3610136056853842,3610136056866352,3610136056947833,3610136056949493,3610136056956133,0,12,2352,1,model.layers.2.self_attn.indexer.compressor.state_cache
3610136057805289,3610136057969260,3610136057970570,3610136057971220,3610136058074830,3610136058086981,3610136058169031,3610136058171931,3610136058179691,0,12,2352,1,model.layers.3.self_attn.compressor.state_cache
3610136504326923,3610136504922846,3610136505003447,3610136505433030,3610136505564361,3610136505581901,3610136506146325,3610136507207232,3610136507216842,1,12,96,4,model.layers.2.self_attn.indexer.k_cache
3610136507978187,3610136508169568,3610136508171058,3610136508171798,3610136508273419,3610136508288149,3610136508373189,3610136508427320,3610136508435060,0,12,96,4,model.layers.2.self_attn.attn
3610136509153954,3610136509318965,3610136509320285,3610136509320995,3610136509419926,3610136509434406,3610136509796779,3610136509800779,3610136509807699,0,12,96,128,model.layers.3.self_attn.attn
3610136510531423,3610136510703105,3610136510704325,3610136510705085,3610136510807475,3610136510820705,3610136511173418,3610136511177388,3610136511184308,0,12,96,1,model.layers.0.self_attn.swa_cache
3610136511899102,3610136512083324,3610136512084494,3610136512085254,3610136512185574,3610136512197384,3610136512281495,3610136512283775,3610136512290765,0,12,96,1,model.layers.1.self_attn.swa_cache
3610136512993090,3610136513162871,3610136513164091,3610136513164831,3610136513263851,3610136513275892,3610136513355402,3610136513357662,3610136513365122,0,12,96,1,model.layers.2.self_attn.compressor.state_cache
3610136513950716,3610136514117067,3610136514118277,3610136514119147,3610136514220588,3610136514233288,3610136514315168,3610136514317118,3610136514324178,0,12,96,1,model.layers.2.self_attn.indexer.compressor.state_cache
3610136515053473,3610136515214794,3610136515216174,3610136515216894,3610136515313805,3610136515326505,3610136515406296,3610136515408776,3610136515415866,0,12,96,1,model.layers.3.self_attn.compressor.state_cache
3610136638018604,3610136638562368,3610136638640148,3610136638948320,3610136639064201,3610136639079771,3610136639508544,3610136643112488,3610136643123198,1,12,96,4,model.layers.2.self_attn.indexer.k_cache
3610136643882523,3610136644091224,3610136644092674,3610136644093404,3610136644203675,3610136644219595,3610136644311365,3610136644369126,3610136644377716,0,12,96,4,model.layers.2.self_attn.attn
3610136645150211,3610136645329492,3610136645330972,3610136645331692,3610136645439913,3610136645455333,3610136645845876,3610136645850036,3610136645857156,0,12,96,128,model.layers.3.self_attn.attn
3610136646644231,3610136646830322,3610136646831672,3610136646832522,3610136646938883,3610136646952393,3610136647331125,3610136647334895,3610136647342385,0,12,96,1,model.layers.0.self_attn.swa_cache
3610136648123421,3610136648302862,3610136648304272,3610136648304992,3610136648453703,3610136648469443,3610136648571014,3610136648574224,3610136648583844,0,12,96,1,model.layers.1.self_attn.swa_cache
3610136649471049,3610136649688581,3610136649690171,3610136649691031,3610136649816192,3610136649831272,3610136649933793,3610136649937173,3610136649946473,0,12,96,1,model.layers.2.self_attn.compressor.state_cache
3610136650680417,3610136650891369,3610136650892869,3610136650893649,3610136651016980,3610136651032930,3610136651137010,3610136651139570,3610136651148561,0,12,96,1,model.layers.2.self_attn.indexer.compressor.state_cache
3610136652083647,3610136652307738,3610136652309338,3610136652310198,3610136652433899,3610136652449459,3610136652548560,3610136652551740,3610136652560550,0,12,96,1,model.layers.3.self_attn.compressor.state_cache
3610136706883198,3610136707406951,3610136707487612,3610136707758494,3610136707869494,3610136707885014,3610136708292257,3610136712038482,3610136712048602,1,12,96,4,model.layers.2.self_attn.indexer.k_cache
3610136712749316,3610136712923798,3610136712925108,3610136712925838,3610136713026288,3610136713041298,3610136713127789,3610136713180059,3610136713187689,0,12,96,4,model.layers.2.self_attn.attn
3610136713890684,3610136714061565,3610136714062885,3610136714063645,3610136714162596,3610136714177336,3610136714658759,3610136714664219,3610136714674059,0,12,96,128,model.layers.3.self_attn.attn
3610136715704846,3610136715946158,3610136715947908,3610136715948878,3610136716109519,3610136716127359,3610136716646462,3610136716651332,3610136716660742,0,12,96,1,model.layers.0.self_attn.swa_cache
3610136717693749,3610136717939721,3610136717941491,3610136717942891,3610136718084122,3610136718102422,3610136718216942,3610136718220323,3610136718230673,0,12,96,1,model.layers.1.self_attn.swa_cache
3610136719247209,3610136719492701,3610136719494731,3610136719495921,3610136719637382,3610136719654872,3610136719771013,3610136719774803,3610136719784923,0,12,96,1,model.layers.2.self_attn.compressor.state_cache
3610136720647489,3610136720894780,3610136720896520,3610136720897520,3610136721043621,3610136721062451,3610136721177462,3610136721180312,3610136721190452,0,12,96,1,model.layers.2.self_attn.indexer.compressor.state_cache
3610136722238159,3610136722494501,3610136722495721,3610136722496531,3610136722595731,3610136722607981,3610136722686502,3610136722688842,3610136722696162,0,12,96,1,model.layers.3.self_attn.compressor.state_cache
3610136776801469,3610136777358652,3610136777440003,3610136777749265,3610136777866356,3610136777882366,3610136778335749,3610136779090224,3610136779100634,1,12,96,4,model.layers.2.self_attn.indexer.k_cache
3610136779819358,3610136779994900,3610136779996150,3610136779996900,3610136780151701,3610136780167051,3610136780254901,3610136780308812,3610136780316852,0,12,96,4,model.layers.2.self_attn.attn
3610136781032926,3610136781202438,3610136781203838,3610136781204558,3610136781301498,3610136781316118,3610136781685051,3610136781689301,3610136781695661,0,12,96,128,model.layers.3.self_attn.attn
3610136782425706,3610136782593097,3610136782594447,3610136782595197,3610136782695667,3610136782708507,3610136783061330,3610136783065200,3610136783072010,0,12,96,1,model.layers.0.self_attn.swa_cache
3610136783813275,3610136783980926,3610136783982186,3610136783982906,3610136784096357,3610136784108967,3610136784191897,3610136784194447,3610136784201747,0,12,96,1,model.layers.1.self_attn.swa_cache
3610136784910762,3610136785079633,3610136785080923,3610136785081623,3610136785179284,3610136785191794,3610136785270254,3610136785272704,3610136785279814,0,12,96,1,model.layers.2.self_attn.compressor.state_cache
3610136785871848,3610136786032729,3610136786034079,3610136786034939,3610136786134300,3610136786146570,3610136786225451,3610136786227661,3610136786234761,0,12,96,1,model.layers.2.self_attn.indexer.compressor.state_cache
3610136786965866,3610136787131717,3610136787132957,3610136787133627,3610136787229717,3610136787241727,3610136787324968,3610136787327238,3610136787334238,0,12,96,1,model.layers.3.self_attn.compressor.state_cache
3610136841582765,3610136842126859,3610136842206300,3610136842500842,3610136842617722,3610136842633662,3610136843068245,3610136843821530,3610136843830580,1,12,96,4,model.layers.2.self_attn.indexer.k_cache
3610136844535665,3610136844700356,3610136844701496,3610136844702296,3610136844799547,3610136844814177,3610136844896997,3610136844949918,3610136844957798,0,12,96,4,model.layers.2.self_attn.attn
3610136845678892,3610136845846904,3610136845848314,3610136845849074,3610136845947294,3610136845961594,3610136846308967,3610136846312547,3610136846319277,0,12,96,128,model.layers.3.self_attn.attn
3610136847034471,3610136847196632,3610136847197882,3610136847198572,3610136847298583,3610136847310573,3610136847661406,3610136847665166,3610136847672176,0,12,96,1,model.layers.0.self_attn.swa_cache
3610136848399160,3610136848568552,3610136848569752,3610136848570412,3610136848670422,3610136848684022,3610136848764373,3610136848766813,3610136848774133,0,12,96,1,model.layers.1.self_attn.swa_cache
3610136849501158,3610136849667289,3610136849668449,3610136849669139,3610136849768659,3610136849781350,3610136849861850,3610136849864460,3610136849871490,0,12,96,1,model.layers.2.self_attn.compressor.state_cache
3610136850465204,3610136850626875,3610136850628105,3610136850628825,3610136850725546,3610136850738046,3610136850817886,3610136850820156,3610136850827056,0,12,96,1,model.layers.2.self_attn.indexer.compressor.state_cache
3610136851564491,3610136851729042,3610136851730292,3610136851731052,3610136851826913,3610136851839123,3610136851919284,3610136851921674,3610136851928394,0,12,96,1,model.layers.3.self_attn.compressor.state_cache
3610136905739928,3610136906275772,3610136906355492,3610136906646114,3610136906764265,3610136906780835,3610136907179118,3610136907940343,3610136907950233,1,12,96,4,model.layers.2.self_attn.indexer.k_cache
3610136908649837,3610136908819279,3610136908820589,3610136908821249,3610136908922639,3610136908937889,3610136909022830,3610136909073740,3610136909081540,0,12,96,4,model.layers.2.self_attn.attn
3610136909798325,3610136909967766,3610136909968916,3610136909969676,3610136910069657,3610136910084617,3610136910438549,3610136910442339,3610136910449179,0,12,96,128,model.layers.3.self_attn.attn
3610136911171074,3610136911338975,3610136911340405,3610136911341145,3610136911439856,3610136911452336,3610136911813328,3610136911817108,3610136911823598,0,12,96,1,model.layers.0.self_attn.swa_cache
3610136912555573,3610136912721964,3610136912723354,3610136912724084,3610136912822385,3610136912834695,3610136912918046,3610136912920376,3610136912927786,0,12,96,1,model.layers.1.self_attn.swa_cache
3610136913638820,3610136913799121,3610136913800351,3610136913801071,3610136913899092,3610136913912162,3610136913990673,3610136913993383,3610136914000393,0,12,96,1,model.layers.2.self_attn.compressor.state_cache
3610136914599037,3610136914766078,3610136914767348,3610136914768068,3610136914866188,3610136914878348,3610136914958389,3610136914960389,3610136914967359,0,12,96,1,model.layers.2.self_attn.indexer.compressor.state_cache
3610136915705104,3610136915869255,3610136915870575,3610136915871285,3610136915969086,3610136915981876,3610136916079886,3610136916082566,3610136916089916,0,12,96,1,model.layers.3.self_attn.compressor.state_cache
3610136969338587,3610136969867311,3610136969944581,3610136970219633,3610136970330024,3610136970345584,3610136970765567,3610136973232083,3610136973241423,1,12,96,4,model.layers.2.self_attn.indexer.k_cache
3610136973911317,3610136974078329,3610136974079629,3610136974080299,3610136974179309,3610136974193689,3610136974276930,3610136974328790,3610136974336860,0,12,96,4,model.layers.2.self_attn.attn
3610136975048535,3610136975213026,3610136975214276,3610136975214996,3610136975313957,3610136975329077,3610136975675719,3610136975679529,3610136975686769,0,12,96,128,model.layers.3.self_attn.attn
3610136976421144,3610136976592475,3610136976593665,3610136976594405,3610136976696186,3610136976708706,3610136977078218,3610136977082108,3610136977088938,0,12,96,1,model.layers.0.self_attn.swa_cache
3610136977810293,3610136977977924,3610136977979204,3610136977979974,3610136978077275,3610136978089155,3610136978169036,3610136978171236,3610136978178146,0,12,96,1,model.layers.1.self_attn.swa_cache
3610136979047481,3610136979252663,3610136979254163,3610136979255103,3610136979374904,3610136979390934,3610136979488494,3610136979491764,3610136979500144,0,12,96,1,model.layers.2.self_attn.compressor.state_cache
3610136980224909,3610136980422140,3610136980423850,3610136980424640,3610136980543131,3610136980558291,3610136980654912,3610136980657292,3610136980666172,0,12,96,1,model.layers.2.self_attn.indexer.compressor.state_cache
3610136981562828,3610136981761469,3610136981763089,3610136981763879,3610136981885920,3610136981901360,3610136982001701,3610136982004821,3610136982013751,0,12,96,1,model.layers.3.self_attn.compressor.state_cache
3610137036016767,3610137036554320,3610137036630281,3610137036911023,3610137037023953,3610137037040104,3610137037439696,3610137038816005,3610137038825485,1,12,96,4,model.layers.2.self_attn.indexer.k_cache
3610137039515320,3610137039691151,3610137039692451,3610137039693131,3610137039792912,3610137039807332,3610137039890022,3610137039940633,3610137039948333,0,12,96,4,model.layers.2.self_attn.attn
3610137040684168,3610137040847149,3610137040848469,3610137040849169,3610137040946589,3610137040960829,3610137041317352,3610137041320952,3610137041327602,0,12,96,128,model.layers.3.self_attn.attn
3610137042044246,3610137042209168,3610137042210288,3610137042211018,3610137042311278,3610137042323878,3610137042680701,3610137042684401,3610137042691371,0,12,96,1,model.layers.0.self_attn.swa_cache
3610137043403055,3610137043569267,3610137043570427,3610137043571117,3610137043668087,3610137043680317,3610137043761378,3610137043763638,3610137043770358,0,12,96,1,model.layers.1.self_attn.swa_cache
3610137044491483,3610137044655144,3610137044656414,3610137044657164,3610137044755064,3610137044767414,3610137044849335,3610137044852055,3610137044859025,0,12,96,1,model.layers.2.self_attn.compressor.state_cache
3610137045517829,3610137045693761,3610137045695101,3610137045695951,3610137045799031,3610137045812751,3610137045898772,3610137045901362,3610137045908942,0,12,96,1,model.layers.2.self_attn.indexer.compressor.state_cache
3610137046682767,3610137046849638,3610137046851028,3610137046851808,3610137046953109,3610137046965979,3610137047049999,3610137047052779,3610137047060790,0,12,96,1,model.layers.3.self_attn.compressor.state_cache
3610137100613212,3610137101143476,3610137101220206,3610137101495598,3610137101608259,3610137101629969,3610137102032722,3610137104733950,3610137104744780,1,12,96,4,model.layers.2.self_attn.indexer.k_cache
3610137105470294,3610137105654946,3610137105656386,3610137105657176,3610137105765506,3610137105782037,3610137105870677,3610137105926677,3610137105935508,0,12,96,4,model.layers.2.self_attn.attn
3610137106716953,3610137106902974,3610137106904434,3610137106905274,3610137107012685,3610137107029165,3610137107408067,3610137107411957,3610137107419647,0,12,96,128,model.layers.3.self_attn.attn
3610137108225073,3610137108408024,3610137108409384,3610137108410164,3610137108518765,3610137108532155,3610137108920717,3610137108924707,3610137108932237,0,12,96,1,model.layers.0.self_attn.swa_cache
3610137109705582,3610137109884024,3610137109885394,3610137109886194,3610137109993704,3610137110007434,3610137110095875,3610137110098405,3610137110105985,0,12,96,1,model.layers.1.self_attn.swa_cache
3610137110866950,3610137111051411,3610137111052911,3610137111053681,3610137111159792,3610137111173312,3610137111257323,3610137111260253,3610137111268273,0,12,96,1,model.layers.2.self_attn.compressor.state_cache
3610137111910247,3610137112096358,3610137112097548,3610137112098218,3610137112198329,3610137112210889,3610137112292289,3610137112294029,3610137112300729,0,12,96,1,model.layers.2.self_attn.indexer.compressor.state_cache
3610137113040484,3610137113205775,3610137113207025,3610137113207725,3610137113307456,3610137113319676,3610137113398647,3610137113401087,3610137113408207,0,12,96,1,model.layers.3.self_attn.compressor.state_cache
3610137167035180,3610137167574184,3610137167651594,3610137167952496,3610137168081297,3610137168097867,3610137168545130,3610137170319072,3610137170329232,1,12,96,4,model.layers.2.self_attn.indexer.k_cache
3610137171006516,3610137171177097,3610137171178327,3610137171178987,3610137171278168,3610137171293198,3610137171377789,3610137171429839,3610137171437559,0,12,96,4,model.layers.2.self_attn.attn
3610137172200784,3610137172372055,3610137172373355,3610137172374105,3610137172475256,3610137172490336,3610137172853569,3610137172857499,3610137172864689,0,12,96,128,model.layers.3.self_attn.attn
3610137173588733,3610137173760104,3610137173761464,3610137173762184,3610137173860675,3610137173873375,3610137174224858,3610137174228498,3610137174235488,0,12,96,1,model.layers.0.self_attn.swa_cache
3610137174952742,3610137175118093,3610137175119523,3610137175120243,3610137175219774,3610137175232344,3610137175313225,3610137175315565,3610137175322495,0,12,96,1,model.layers.1.self_attn.swa_cache
3610137176057110,3610137176233121,3610137176234281,3610137176234991,3610137176334931,3610137176347532,3610137176429012,3610137176431492,3610137176438652,0,12,96,1,model.layers.2.self_attn.compressor.state_cache
3610137177072556,3610137177239387,3610137177240647,3610137177241327,3610137177340328,3610137177351998,3610137177432439,3610137177434379,3610137177441069,0,12,96,1,model.layers.2.self_attn.indexer.compressor.state_cache
3610137178180924,3610137178346825,3610137178348185,3610137178348995,3610137178446345,3610137178458325,3610137178537946,3610137178540506,3610137178547556,0,12,96,1,model.layers.3.self_attn.compressor.state_cache
3610137232356921,3610137232897384,3610137232975325,3610137233267127,3610137233383337,3610137233398918,3610137233877121,3610137236538928,3610137236548488,1,12,96,4,model.layers.2.self_attn.indexer.k_cache
3610137237251753,3610137237430914,3610137237432154,3610137237432884,3610137237534545,3610137237549375,3610137237634755,3610137237688886,3610137237696946,0,12,96,4,model.layers.2.self_attn.attn
3610137238422011,3610137238590262,3610137238591342,3610137238592042,3610137238692432,3610137238707002,3610137239075255,3610137239078925,3610137239085735,0,12,96,128,model.layers.3.self_attn.attn
3610137239803290,3610137239971301,3610137239972691,3610137239973471,3610137240091842,3610137240104652,3610137240459554,3610137240463424,3610137240469964,0,12,96,1,model.layers.0.self_attn.swa_cache
3610137241193649,3610137241356470,3610137241357720,3610137241358580,3610137241457281,3610137241469561,3610137241605582,3610137241608472,3610137241617052,0,12,96,1,model.layers.1.self_attn.swa_cache
3610137242463127,3610137242662479,3610137242663739,3610137242664529,3610137242783189,3610137242797939,3610137242896070,3610137242899190,3610137242907750,0,12,96,1,model.layers.2.self_attn.compressor.state_cache
3610137243612875,3610137243804646,3610137243805996,3610137243806796,3610137243924827,3610137243940007,3610137244095648,3610137244098648,3610137244108228,0,12,96,1,model.layers.2.self_attn.indexer.compressor.state_cache
3610137245001044,3610137245198995,3610137245200365,3610137245201275,3610137245320256,3610137245334876,3610137245431477,3610137245434367,3610137245442767,0,12,96,1,model.layers.3.self_attn.compressor.state_cache
3610137300048287,3610137300594210,3610137300671661,3610137300962223,3610137301078363,3610137301095014,3610137301509346,3610137302727574,3610137302737214,1,12,96,4,model.layers.2.self_attn.indexer.k_cache
3610137303427529,3610137303600680,3610137303601830,3610137303602550,3610137303701321,3610137303715851,3610137303799431,3610137303850692,3610137303858492,0,12,96,4,model.layers.2.self_attn.attn
3610137304603577,3610137304773238,3610137304774458,3610137304775218,3610137304873429,3610137304888039,3610137305256011,3610137305259881,3610137305267071,0,12,96,128,model.layers.3.self_attn.attn
3610137305983416,3610137306152647,3610137306153967,3610137306154737,3610137306253068,3610137306265968,3610137306618890,3610137306622660,3610137306629620,0,12,96,1,model.layers.0.self_attn.swa_cache
3610137307344025,3610137307519976,3610137307521186,3610137307521806,3610137307619307,3610137307631667,3610137307710857,3610137307713217,3610137307720197,0,12,96,1,model.layers.1.self_attn.swa_cache
3610137308437342,3610137308605143,3610137308606303,3610137308606963,3610137308705334,3610137308717454,3610137308797314,3610137308799644,3610137308806964,0,12,96,1,model.layers.2.self_attn.compressor.state_cache
3610137309399458,3610137309562839,3610137309564009,3610137309564689,3610137309661730,3610137309674330,3610137309754811,3610137309756701,3610137309764081,0,12,96,1,model.layers.2.self_attn.indexer.compressor.state_cache
3610137310493016,3610137310663457,3610137310664617,3610137310665397,3610137310762257,3610137310774247,3610137310855298,3610137310857828,3610137310865018,0,12,96,1,model.layers.3.self_attn.compressor.state_cache
3610137366058182,3610137366597565,3610137366675696,3610137366983348,3610137367103809,3610137367119499,3610137367588682,3610137371106665,3610137371116065,1,12,96,4,model.layers.2.self_attn.indexer.k_cache
3610137371869820,3610137372061651,3610137372063001,3610137372063831,3610137372165282,3610137372180192,3610137372265813,3610137372317873,3610137372325663,0,12,96,4,model.layers.2.self_attn.attn
3610137373286259,3610137373510871,3610137373512771,3610137373513911,3610137373647762,3610137373667222,3610137374141725,3610137374146445,3610137374155095,0,12,96,128,model.layers.3.self_attn.attn
3610137375137192,3610137375363103,3610137375364813,3610137375365773,3610137375501984,3610137375519164,3610137376025517,3610137376030817,3610137376039997,0,12,96,1,model.layers.0.self_attn.swa_cache
3610137377015514,3610137377244695,3610137377246325,3610137377247275,3610137377384676,3610137377401676,3610137377512087,3610137377515357,3610137377525037,0,12,96,1,model.layers.1.self_attn.swa_cache
3610137378479514,3610137378694445,3610137378696075,3610137378697015,3610137378829476,3610137378845756,3610137378955237,3610137378958687,3610137378968617,0,12,96,1,model.layers.2.self_attn.compressor.state_cache
3610137379765632,3610137379992124,3610137379993794,3610137379994664,3610137380147435,3610137380164805,3610137380273425,3610137380275875,3610137380285625,0,12,96,1,model.layers.2.self_attn.indexer.compressor.state_cache
3610137381193561,3610137381356993,3610137381358143,3610137381358933,3610137381456133,3610137381468743,3610137381549184,3610137381551554,3610137381558714,0,12,96,1,model.layers.3.self_attn.compressor.state_cache
3610137435560140,3610137436114473,3610137436194234,3610137436475406,3610137436591307,3610137436608317,3610137437048640,3610137439475916,3610137439487486,1,12,96,4,model.layers.2.self_attn.indexer.k_cache
3610137440299051,3610137440499892,3610137440501412,3610137440502292,3610137440617563,3610137440634123,3610137440729584,3610137440789624,3610137440798764,0,12,96,4,model.layers.2.self_attn.attn
3610137441639450,3610137441829681,3610137441831061,3610137441831921,3610137441946112,3610137441962882,3610137442395085,3610137442399685,3610137442407605,0,12,96,128,model.layers.3.self_attn.attn
3610137443236170,3610137443434462,3610137443435992,3610137443436832,3610137443551422,3610137443565392,3610137443974305,3610137443978525,3610137443986145,0,12,96,1,model.layers.0.self_attn.swa_cache
3610137444825801,3610137445023862,3610137445025272,3610137445026262,3610137445139503,3610137445154183,3610137445245444,3610137445248444,3610137445256694,0,12,96,1,model.layers.1.self_attn.swa_cache
3610137446069959,3610137446258120,3610137446259410,3610137446260280,3610137446373961,3610137446388341,3610137446480922,3610137446483812,3610137446491652,0,12,96,1,model.layers.2.self_attn.compressor.state_cache
3610137447186176,3610137447352177,3610137447353567,3610137447354247,3610137447454648,3610137447467288,3610137447549099,3610137447551019,3610137447558139,0,12,96,1,model.layers.2.self_attn.indexer.compressor.state_cache
3610137448315544,3610137448482915,3610137448484175,3610137448485005,3610137448581716,3610137448593556,3610137448672506,3610137448675006,3610137448682036,0,12,96,1,model.layers.3.self_attn.compressor.state_cache
3610137502296860,3610137502815673,3610137502892803,3610137503165725,3610137503277546,3610137503293266,3610137503691129,3610137507246302,3610137507256302,1,12,96,4,model.layers.2.self_attn.indexer.k_cache
3610137507925937,3610137508111788,3610137508112868,3610137508113758,3610137508220179,3610137508235249,3610137508317879,3610137508368430,3610137508376430,0,12,96,4,model.layers.2.self_attn.attn
3610137509096104,3610137509261035,3610137509262245,3610137509262955,3610137509361906,3610137509375986,3610137509738829,3610137509742689,3610137509749779,0,12,96,128,model.layers.3.self_attn.attn
3610137510468493,3610137510643525,3610137510644835,3610137510645555,3610137510743775,3610137510756515,3610137511124898,3610137511128768,3610137511135368,0,12,96,1,model.layers.0.self_attn.swa_cache
3610137511845152,3610137512068414,3610137512069914,3610137512070934,3610137512206645,3610137512222775,3610137512335236,3610137512338686,3610137512348536,0,12,96,1,model.layers.1.self_attn.swa_cache
3610137513297252,3610137513521653,3610137513523203,3610137513524093,3610137513664304,3610137513681835,3610137513793515,3610137513796895,3610137513806465,0,12,96,1,model.layers.2.self_attn.compressor.state_cache
3610137514650791,3610137514871662,3610137514873162,3610137514874232,3610137515009223,3610137515026963,3610137515135584,3610137515138014,3610137515147604,0,12,96,1,model.layers.2.self_attn.indexer.compressor.state_cache
3610137516148811,3610137516376682,3610137516378392,3610137516379502,3610137516513763,3610137516531073,3610137516640934,3610137516644534,3610137516654104,0,12,96,1,model.layers.3.self_attn.compressor.state_cache
3610137571439725,3610137571964299,3610137572052099,3610137572327431,3610137572438162,3610137572453392,3610137572849534,3610137575645063,3610137575654913,1,12,96,4,model.layers.2.self_attn.indexer.k_cache
3610137576344867,3610137576511389,3610137576512689,3610137576513479,3610137576612899,3610137576627389,3610137576710120,3610137576761830,3610137576770120,0,12,96,4,model.layers.2.self_attn.attn
3610137577562425,3610137577777487,3610137577779087,3610137577780207,3610137577908958,3610137577927208,3610137578382601,3610137578386841,3610137578395571,0,12,96,128,model.layers.3.self_attn.attn
3610137579297857,3610137579511838,3610137579513528,3610137579514538,3610137579641009,3610137579656199,3610137580129852,3610137580134382,3610137580142793,0,12,96,1,model.layers.0.self_attn.swa_cache
3610137581042818,3610137581262850,3610137581264440,3610137581265420,3610137581391201,3610137581406571,3610137581515662,3610137581518602,3610137581527732,0,12,96,1,model.layers.1.self_attn.swa_cache
3610137582408997,3610137582617249,3610137582618819,3610137582619679,3610137582746210,3610137582761600,3610137582868110,3610137582871270,3610137582880191,0,12,96,1,model.layers.2.self_attn.compressor.state_cache
3610137583644506,3610137583856417,3610137583858077,3610137583859137,3610137583982658,3610137583998478,3610137584119319,3610137584121879,3610137584131079,0,12,96,1,model.layers.2.self_attn.indexer.compressor.state_cache
3610137585073615,3610137585285836,3610137585287406,3610137585288556,3610137585446267,3610137585459258,3610137585540658,3610137585542998,3610137585550298,0,12,96,1,model.layers.3.self_attn.compressor.state_cache
3610137639262312,3610137639790546,3610137639868816,3610137640174568,3610137640289259,3610137640305919,3610137640782752,3610137643128358,3610137643139088,1,12,96,4,model.layers.2.self_attn.indexer.k_cache
3610137643923293,3610137644145934,3610137644147264,3610137644148124,3610137644265665,3610137644283945,3610137644381366,3610137644442566,3610137644451786,0,12,96,4,model.layers.2.self_attn.attn
3610137645290062,3610137645493433,3610137645494803,3610137645495593,3610137645611154,3610137645628574,3610137646032347,3610137646036897,3610137646044777,0,12,96,128,model.layers.3.self_attn.attn
3610137646932673,3610137647129044,3610137647130394,3610137647131214,3610137647247305,3610137647261795,3610137647683988,3610137647688538,3610137647696228,0,12,96,1,model.layers.0.self_attn.swa_cache
3610137648549793,3610137648743245,3610137648744615,3610137648745465,3610137648861355,3610137648875795,3610137648970066,3610137648972976,3610137648981256,0,12,96,1,model.layers.1.self_attn.swa_cache
3610137649799592,3610137649993403,3610137649994903,3610137649995633,3610137650110144,3610137650124654,3610137650218944,3610137650221874,3610137650230284,0,12,96,1,model.layers.2.self_attn.compressor.state_cache
3610137650924109,3610137651146810,3610137651148020,3610137651148820,3610137651247191,3610137651259281,3610137651340082,3610137651342002,3610137651349152,0,12,96,1,model.layers.2.self_attn.indexer.compressor.state_cache
3610137652098267,3610137652284058,3610137652285408,3610137652286158,3610137652392429,3610137652405329,3610137652488639,3610137652491049,3610137652498349,0,12,96,1,model.layers.3.self_attn.compressor.state_cache
3610137706623666,3610137707153039,3610137707230800,3610137707503762,3610137707616782,3610137707631863,3610137708058785,3610137710541732,3610137710551732,1,12,96,4,model.layers.2.self_attn.indexer.k_cache
3610137711249136,3610137711420427,3610137711421587,3610137711422267,3610137711524988,3610137711539728,3610137711624689,3610137711674949,3610137711682689,0,12,96,4,model.layers.2.self_attn.attn
3610137712453294,3610137712623735,3610137712625055,3610137712625915,3610137712725316,3610137712740426,3610137713102009,3610137713105739,3610137713112519,0,12,96,128,model.layers.3.self_attn.attn
3610137713838933,3610137714005855,3610137714007105,3610137714007845,3610137714106515,3610137714119675,3610137714473228,3610137714477008,3610137714483848,0,12,96,1,model.layers.0.self_attn.swa_cache
3610137715207882,3610137715377234,3610137715378444,3610137715379154,3610137715478774,3610137715491104,3610137715572635,3610137715575025,3610137715582145,0,12,96,1,model.layers.1.self_attn.swa_cache
3610137716493881,3610137716696442,3610137716697792,3610137716698602,3610137716816873,3610137716831703,3610137716931294,3610137716934274,3610137716943164,0,12,96,1,model.layers.2.self_attn.compressor.state_cache
3610137717664489,3610137717865300,3610137717866580,3610137717867470,3610137717986781,3610137718001941,3610137718097471,3610137718099981,3610137718108752,0,12,96,1,model.layers.2.self_attn.indexer.compressor.state_cache
3610137719012187,3610137719208659,3610137719210359,3610137719211319,3610137719329140,3610137719343930,3610137719440000,3610137719443470,3610137719451360,0,12,96,1,model.layers.3.self_attn.compressor.state_cache
3610137774160751,3610137774692854,3610137774768615,3610137775050647,3610137775163687,3610137775179707,3610137775590700,3610137778662010,3610137778671210,1,12,96,4,model.layers.2.self_attn.indexer.k_cache
3610137779350585,3610137779519106,3610137779520276,3610137779520986,3610137779621877,3610137779636427,3610137779721927,3610137779773868,3610137779781728,0,12,96,4,model.layers.2.self_attn.attn
3610137780519853,3610137780684494,3610137780685614,3610137780686354,3610137780785584,3610137780799804,3610137781149917,3610137781154107,3610137781161287,0,12,96,128,model.layers.3.self_attn.attn
3610137782131393,3610137782346655,3610137782348185,3610137782349225,3610137782479216,3610137782495826,3610137782953569,3610137782958659,3610137782967249,0,12,96,1,model.layers.0.self_attn.swa_cache
3610137783894025,3610137784128226,3610137784129906,3610137784130866,3610137784260157,3610137784276267,3610137784380358,3610137784383218,3610137784392458,0,12,96,1,model.layers.1.self_attn.swa_cache
3610137785313164,3610137785538806,3610137785540646,3610137785541556,3610137785671397,3610137785688357,3610137785794357,3610137785797367,3610137785806207,0,12,96,1,model.layers.2.self_attn.compressor.state_cache
3610137786568502,3610137786786284,3610137786787804,3610137786788724,3610137786918805,3610137786937815,3610137787041896,3610137787044386,3610137787053686,0,12,96,1,model.layers.2.self_attn.indexer.compressor.state_cache
3610137788032932,3610137788256494,3610137788258184,3610137788259134,3610137788389164,3610137788404725,3610137788507595,3610137788510765,3610137788520085,0,12,96,1,model.layers.3.self_attn.compressor.state_cache
3610137842322990,3610137842850063,3610137842926544,3610137843200636,3610137843312046,3610137843327406,3610137843736449,3610137846370346,3610137846382136,1,12,96,4,model.layers.2.self_attn.indexer.k_cache
3610137847201032,3610137847409343,3610137847410763,3610137847411663,3610137847533914,3610137847551584,3610137847653025,3610137847715365,3610137847725295,0,12,96,4,model.layers.2.self_attn.attn
3610137848619031,3610137848823993,3610137848825433,3610137848826383,3610137848945313,3610137848962953,3610137849406246,3610137849410886,3610137849419126,0,12,96,128,model.layers.3.self_attn.attn
3610137850294162,3610137850493704,3610137850495154,3610137850496084,3610137850612054,3610137850627024,3610137851060157,3610137851064677,3610137851073207,0,12,96,1,model.layers.0.self_attn.swa_cache
3610137851951543,3610137852181565,3610137852182995,3610137852183865,3610137852304885,3610137852320476,3610137852418486,3610137852421336,3610137852429906,0,12,96,1,model.layers.1.self_attn.swa_cache
3610137853277772,3610137853479663,3610137853481433,3610137853482203,3610137853600654,3610137853616124,3610137853710855,3610137853714075,3610137853722665,0,12,96,1,model.layers.2.self_attn.compressor.state_cache
3610137854550500,3610137854715801,3610137854717001,3610137854717731,3610137854815962,3610137854828282,3610137854907393,3610137854909353,3610137854916373,0,12,96,1,model.layers.2.self_attn.indexer.compressor.state_cache
3610137855661728,3610137855826559,3610137855828309,3610137855828939,3610137855926209,3610137855938719,3610137856031410,3610137856034130,3610137856041290,0,12,96,1,model.layers.3.self_attn.compressor.state_cache
3610137910463409,3610137911006032,3610137911082623,3610137911419255,3610137911542876,3610137911584786,3610137912119369,3610137913601299,3610137913610799,1,12,96,4,model.layers.2.self_attn.indexer.k_cache
3610137914304334,3610137914468115,3610137914469355,3610137914470115,3610137914570416,3610137914584986,3610137914671356,3610137914727087,3610137914735217,0,12,96,4,model.layers.2.self_attn.attn
3610137915454671,3610137915625783,3610137915626903,3610137915627633,3610137915726163,3610137915740193,3610137916129656,3610137916133706,3610137916140446,0,12,96,128,model.layers.3.self_attn.attn
3610137916877281,3610137917048852,3610137917050072,3610137917050862,3610137917149213,3610137917161553,3610137917517415,3610137917521365,3610137917527985,0,12,96,1,model.layers.0.self_attn.swa_cache
3610137918244260,3610137918410981,3610137918412121,3610137918412851,3610137918512202,3610137918524602,3610137918606442,3610137918608712,3610137918615692,0,12,96,1,model.layers.1.self_attn.swa_cache
3610137919317247,3610137919526628,3610137919527738,3610137919528498,3610137919630709,3610137919642879,3610137919726840,3610137919729550,3610137919736490,0,12,96,1,model.layers.2.self_attn.compressor.state_cache
3610137920395254,3610137920570655,3610137920571895,3610137920572675,3610137920673996,3610137920687426,3610137920769506,3610137920771586,3610137920778717,0,12,96,1,model.layers.2.self_attn.indexer.compressor.state_cache
3610137921553232,3610137921725013,3610137921726243,3610137921727183,3610137921828043,3610137921841043,3610137921923644,3610137921926194,3610137921933924,0,12,96,1,model.layers.3.self_attn.compressor.state_cache
3610137976115441,3610137976655445,3610137976732805,3610137977016377,3610137977128678,3610137977144488,3610137977556730,3610137981188884,3610137981198354,1,12,96,4,model.layers.2.self_attn.indexer.k_cache
3610137981887029,3610137982056030,3610137982057420,3610137982058120,3610137982160641,3610137982175521,3610137982259921,3610137982311542,3610137982319132,0,12,96,4,model.layers.2.self_attn.attn
3610137983043377,3610137983213398,3610137983214628,3610137983215378,3610137983315788,3610137983330579,3610137983692481,3610137983696401,3610137983703031,0,12,96,128,model.layers.3.self_attn.attn
3610137984631877,3610137984857639,3610137984859409,3610137984860379,3610137984994719,3610137985011870,3610137985506093,3610137985511263,3610137985520413,0,12,96,1,model.layers.0.self_attn.swa_cache
3610137986503969,3610137986737131,3610137986738551,3610137986739641,3610137986875992,3610137986893392,3610137987004873,3610137987008513,3610137987018823,0,12,96,1,model.layers.1.self_attn.swa_cache
3610137987980229,3610137988230071,3610137988231741,3610137988232731,3610137988368592,3610137988385462,3610137988497243,3610137988500633,3610137988510773,0,12,96,1,model.layers.2.self_attn.compressor.state_cache
3610137989317888,3610137989544419,3610137989546149,3610137989547199,3610137989678820,3610137989695530,3610137989801351,3610137989803731,3610137989812971,0,12,96,1,model.layers.2.self_attn.indexer.compressor.state_cache
3610137990823068,3610137991045249,3610137991047109,3610137991048089,3610137991178750,3610137991195630,3610137991305881,3610137991309351,3610137991319191,0,12,96,1,model.layers.3.self_attn.compressor.state_cache
3610138045803780,3610138046345604,3610138046422544,3610138046722306,3610138046840607,3610138046857127,3610138047315020,3610138048241236,3610138048250906,1,12,96,4,model.layers.2.self_attn.indexer.k_cache
3610138048925091,3610138049102082,3610138049103312,3610138049104082,3610138049205082,3610138049220153,3610138049305783,3610138049357983,3610138049366013,0,12,96,4,model.layers.2.self_attn.attn
3610138050116388,3610138050283250,3610138050284430,3610138050285220,3610138050386340,3610138050401240,3610138050756273,3610138050759503,3610138050766163,0,12,96,128,model.layers.3.self_attn.attn
3610138051494768,3610138051658269,3610138051659439,3610138051660229,3610138051759769,3610138051772899,3610138052145202,3610138052149142,3610138052156002,0,12,96,1,model.layers.0.self_attn.swa_cache
3610138052882977,3610138053049128,3610138053050398,3610138053051168,3610138053151088,3610138053164048,3610138053248049,3610138053250309,3610138053257709,0,12,96,1,model.layers.1.self_attn.swa_cache
3610138053962964,3610138054131155,3610138054132355,3610138054133105,3610138054232266,3610138054245126,3610138054328016,3610138054330466,3610138054337616,0,12,96,1,model.layers.2.self_attn.compressor.state_cache
3610138054932550,3610138055093621,3610138055094801,3610138055095601,3610138055190632,3610138055202792,3610138055281932,3610138055283732,3610138055290583,0,12,96,1,model.layers.2.self_attn.indexer.compressor.state_cache
3610138056044007,3610138056214829,3610138056216039,3610138056216849,3610138056315509,3610138056328329,3610138056408790,3610138056410860,3610138056417950,0,12,96,1,model.layers.3.self_attn.compressor.state_cache
3610138114429962,3610138114986486,3610138115065966,3610138115382178,3610138115575920,3610138115593660,3610138116084553,3610138117103110,3610138117113860,1,11,88,4,model.layers.2.self_attn.indexer.k_cache
3610138117844955,3610138118018486,3610138118019866,3610138118020656,3610138118124146,3610138118139146,3610138118225147,3610138118278677,3610138118286887,0,11,88,4,model.layers.2.self_attn.attn
3610138119039402,3610138119205914,3610138119207184,3610138119207924,3610138119307844,3610138119322574,3610138119684587,3610138119688537,3610138119695257,0,11,88,128,model.layers.3.self_attn.attn
3610138120477662,3610138120642243,3610138120643403,3610138120644123,3610138120741484,3610138120753824,3610138121126156,3610138121129976,3610138121137016,0,11,88,1,model.layers.0.self_attn.swa_cache
3610138121866881,3610138122034012,3610138122035192,3610138122035932,3610138122137223,3610138122150353,3610138122231883,3610138122234293,3610138122241674,0,11,88,1,model.layers.1.self_attn.swa_cache
3610138122984728,3610138123150409,3610138123151640,3610138123152410,3610138123251610,3610138123264340,3610138123345711,3610138123348021,3610138123355091,0,11,88,1,model.layers.2.self_attn.compressor.state_cache
3610138123958135,3610138124154376,3610138124155746,3610138124156446,3610138124258227,3610138124270377,3610138124353067,3610138124354967,3610138124362057,0,11,88,1,model.layers.2.self_attn.indexer.compressor.state_cache
3610138125151653,3610138125319244,3610138125320414,3610138125321194,3610138125420594,3610138125433255,3610138125514775,3610138125517375,3610138125524415,0,11,88,1,model.layers.3.self_attn.compressor.state_cache
3610138264444470,3610138264981284,3610138265058774,3610138265358146,3610138265476207,3610138265492157,3610138265938740,3610138266719575,3610138266729325,1,11,88,4,model.layers.2.self_attn.indexer.k_cache
3610138267459530,3610138267636051,3610138267637261,3610138267637951,3610138267738532,3610138267753142,3610138267839073,3610138267891763,3610138267900313,0,11,88,4,model.layers.2.self_attn.attn
3610138268654528,3610138268818269,3610138268819499,3610138268820129,3610138268918360,3610138268933770,3610138269313532,3610138269317282,3610138269324302,0,11,88,128,model.layers.3.self_attn.attn
3610138270055947,3610138270226018,3610138270227388,3610138270227988,3610138270329119,3610138270341479,3610138270691971,3610138270696071,3610138270702911,0,11,88,1,model.layers.0.self_attn.swa_cache
3610138271417846,3610138271584517,3610138271585857,3610138271586567,3610138271688118,3610138271700598,3610138271783679,3610138271786469,3610138271793719,0,11,88,1,model.layers.1.self_attn.swa_cache
3610138272519263,3610138272686334,3610138272687544,3610138272688194,3610138272785565,3610138272797865,3610138272878136,3610138272880596,3610138272888086,0,11,88,1,model.layers.2.self_attn.compressor.state_cache
3610138273518130,3610138273682101,3610138273683321,3610138273684061,3610138273779452,3610138273791642,3610138273873362,3610138273875422,3610138273882842,0,11,88,1,model.layers.2.self_attn.indexer.compressor.state_cache
3610138274619797,3610138274789988,3610138274791278,3610138274791988,3610138274890439,3610138274903359,3610138274985230,3610138274987710,3610138274994850,0,11,88,1,model.layers.3.self_attn.compressor.state_cache
3610138329589679,3610138330123273,3610138330204033,3610138330482045,3610138330594566,3610138330610216,3610138331036799,3610138334599182,3610138334609382,1,11,88,4,model.layers.2.self_attn.indexer.k_cache
3610138335306827,3610138335488508,3610138335489878,3610138335490608,3610138335592859,3610138335607379,3610138335689639,3610138335740720,3610138335748620,0,11,88,4,model.layers.2.self_attn.attn
3610138336486225,3610138336650686,3610138336651996,3610138336652856,3610138336752266,3610138336767327,3610138337122359,3610138337125959,3610138337132379,0,11,88,128,model.layers.3.self_attn.attn
3610138338180366,3610138338413477,3610138338415267,3610138338416437,3610138338549648,3610138338566598,3610138339070012,3610138339075282,3610138339084222,0,11,88,1,model.layers.0.self_attn.swa_cache
3610138340070458,3610138340305040,3610138340306660,3610138340307710,3610138340443171,3610138340461571,3610138340570852,3610138340574132,3610138340584392,0,11,88,1,model.layers.1.self_attn.swa_cache
3610138341543768,3610138341774080,3610138341775860,3610138341776850,3610138341910810,3610138341927571,3610138342040661,3610138342043881,3610138342052871,0,11,88,1,model.layers.2.self_attn.compressor.state_cache
3610138342852947,3610138343080558,3610138343082258,3610138343083388,3610138343217339,3610138343233929,3610138343340180,3610138343342560,3610138343351830,0,11,88,1,model.layers.2.self_attn.indexer.compressor.state_cache
3610138344368437,3610138344591038,3610138344592978,3610138344593998,3610138344726459,3610138344743629,3610138344852890,3610138344856210,3610138344865920,0,11,88,1,model.layers.3.self_attn.compressor.state_cache
3610138405457039,3610138405998003,3610138406065423,3610138406359615,3610138406472306,3610138406487246,3610138406920459,3610138407346931,3610138407355992,1,12,4272,4,model.layers.2.self_attn.indexer.k_cache
3610138408066956,3610138408244137,3610138408245377,3610138408246077,3610138408346378,3610138408360248,3610138408444789,3610138408496069,3610138408503559,0,12,4272,4,model.layers.2.self_attn.attn
3610138409233734,3610138409402085,3610138409403315,3610138409403985,3610138409499596,3610138409514096,3610138409864398,3610138409868088,3610138409874958,0,12,4272,128,model.layers.3.self_attn.attn
3610138410601843,3610138410769864,3610138410770804,3610138410771534,3610138410870915,3610138410883715,3610138411245867,3610138411249587,3610138411256347,0,12,4272,1,model.layers.0.self_attn.swa_cache
3610138411972852,3610138412165333,3610138412166723,3610138412167573,3610138412268074,3610138412280524,3610138412360925,3610138412363245,3610138412370005,0,12,4272,1,model.layers.1.self_attn.swa_cache
3610138413178850,3610138413342671,3610138413343871,3610138413344561,3610138413443592,3610138413455942,3610138413535662,3610138413538122,3610138413544842,0,12,4272,1,model.layers.2.self_attn.compressor.state_cache
3610138414144296,3610138414314377,3610138414315427,3610138414316247,3610138414415278,3610138414427898,3610138414508199,3610138414510329,3610138414517209,0,12,4272,1,model.layers.2.self_attn.indexer.compressor.state_cache
3610138415373134,3610138415537325,3610138415538565,3610138415539225,3610138415639316,3610138415651846,3610138415729417,3610138415732287,3610138415739197,0,12,4272,1,model.layers.3.self_attn.compressor.state_cache
3610138843200902,3610138843749205,3610138843828206,3610138844169218,3610138844292899,3610138844308759,3610138844764212,3610138845580788,3610138845590338,1,12,96,4,model.layers.2.self_attn.indexer.k_cache
3610138846397823,3610138846570064,3610138846571304,3610138846572214,3610138846671115,3610138846685655,3610138846765815,3610138846815776,3610138846824036,0,12,96,4,model.layers.2.self_attn.attn
3610138847576451,3610138847744932,3610138847746142,3610138847746812,3610138847842602,3610138847856992,3610138848225565,3610138848229265,3610138848236325,0,12,96,128,model.layers.3.self_attn.attn
3610138848947230,3610138849111371,3610138849112671,3610138849113321,3610138849210981,3610138849223911,3610138849578854,3610138849582414,3610138849589174,0,12,96,1,model.layers.0.self_attn.swa_cache
3610138850296449,3610138850467210,3610138850468660,3610138850469330,3610138850566390,3610138850578710,3610138850660741,3610138850662951,3610138850670331,0,12,96,1,model.layers.1.self_attn.swa_cache
3610138851365756,3610138851535417,3610138851536667,3610138851537317,3610138851634517,3610138851647497,3610138851725058,3610138851727478,3610138851734558,0,12,96,1,model.layers.2.self_attn.compressor.state_cache
3610138852329152,3610138852489173,3610138852490383,3610138852491033,3610138852586834,3610138852599204,3610138852678994,3610138852680664,3610138852687984,0,12,96,1,model.layers.2.self_attn.indexer.compressor.state_cache
3610138853420469,3610138853586830,3610138853588170,3610138853588920,3610138853687811,3610138853700311,3610138853777271,3610138853779211,3610138853786532,0,12,96,1,model.layers.3.self_attn.compressor.state_cache
3610138911334770,3610138911860644,3610138911937484,3610138912222776,3610138912333017,3610138912348157,3610138912743790,3610138916655875,3610138916665476,1,12,96,4,model.layers.2.self_attn.indexer.k_cache
3610138917331640,3610138917500091,3610138917501281,3610138917502031,3610138917602182,3610138917616342,3610138917700022,3610138917752843,3610138917761013,0,12,96,4,model.layers.2.self_attn.attn
3610138918475157,3610138918639899,3610138918641219,3610138918641879,3610138918742669,3610138918756779,3610138919120872,3610138919124682,3610138919131602,0,12,96,128,model.layers.3.self_attn.attn
3610138919847326,3610138920033218,3610138920034418,3610138920035168,3610138920137038,3610138920148878,3610138920633762,3610138920639282,3610138920648302,0,12,96,1,model.layers.0.self_attn.swa_cache
3610138921671418,3610138921915390,3610138921917080,3610138921918010,3610138922063221,3610138922081471,3610138922197522,3610138922201242,3610138922211872,0,12,96,1,model.layers.1.self_attn.swa_cache
3610138923212629,3610138923460440,3610138923462230,3610138923463210,3610138923603561,3610138923621271,3610138923736952,3610138923741132,3610138923751182,0,12,96,1,model.layers.2.self_attn.compressor.state_cache
3610138924605398,3610138924842439,3610138924844199,3610138924845209,3610138924986080,3610138925004310,3610138925120501,3610138925123441,3610138925133931,0,12,96,1,model.layers.2.self_attn.indexer.compressor.state_cache
3610138926181838,3610138926420300,3610138926421960,3610138926423030,3610138926563101,3610138926580491,3610138926693852,3610138926697052,3610138926706872,0,12,96,1,model.layers.3.self_attn.compressor.state_cache
3610138980616507,3610138981138100,3610138981215251,3610138981485862,3610138981595603,3610138981610883,3610138981997776,3610138985979392,3610138985993462,1,12,96,4,model.layers.2.self_attn.indexer.k_cache
3610138986925898,3610138987176920,3610138987178780,3610138987179910,3610138987321511,3610138987342971,3610138987458922,3610138987527532,3610138987538642,0,12,96,4,model.layers.2.self_attn.attn
3610138988582979,3610138988820741,3610138988822521,3610138988823481,3610138988962712,3610138988983232,3610138989484315,3610138989489405,3610138989499025,0,12,96,128,model.layers.3.self_attn.attn
3610138990575232,3610138990829644,3610138990831334,3610138990832514,3610138990977155,3610138990995155,3610138991506568,3610138991511628,3610138991521708,0,12,96,1,model.layers.0.self_attn.swa_cache
3610138992561025,3610138992801817,3610138992803567,3610138992804577,3610138992948088,3610138992966518,3610138993082049,3610138993085019,3610138993095039,0,12,96,1,model.layers.1.self_attn.swa_cache
3610138994111335,3610138994320617,3610138994321817,3610138994322537,3610138994420177,3610138994433418,3610138994511878,3610138994514368,3610138994521648,0,12,96,1,model.layers.2.self_attn.compressor.state_cache
3610138995136242,3610138995298623,3610138995299863,3610138995300583,3610138995397394,3610138995410244,3610138995486434,3610138995488404,3610138995495885,0,12,96,1,model.layers.2.self_attn.indexer.compressor.state_cache
3610138996230129,3610138996400501,3610138996401781,3610138996402531,3610138996498351,3610138996510541,3610138996589132,3610138996591572,3610138996598892,0,12,96,1,model.layers.3.self_attn.compressor.state_cache
3610139049856532,3610139050378116,3610139050454056,3610139050725648,3610139050837029,3610139050852069,3610139051257742,3610139055084637,3610139055093797,1,12,96,4,model.layers.2.self_attn.indexer.k_cache
3610139055764881,3610139055932842,3610139055933892,3610139055934572,3610139056050313,3610139056064693,3610139056151754,3610139056206704,3610139056215014,0,12,96,4,model.layers.2.self_attn.attn
3610139056915299,3610139057075680,3610139057076840,3610139057077500,3610139057176051,3610139057190601,3610139057552383,3610139057555893,3610139057563123,0,12,96,128,model.layers.3.self_attn.attn
3610139058282078,3610139058450249,3610139058451479,3610139058452199,3610139058550250,3610139058562710,3610139058909262,3610139058913162,3610139058920292,0,12,96,1,model.layers.0.self_attn.swa_cache
3610139059897919,3610139060162150,3610139060163940,3610139060164970,3610139060306671,3610139060324251,3610139060436452,3610139060439682,3610139060450092,0,12,96,1,model.layers.1.self_attn.swa_cache
3610139061446349,3610139061687070,3610139061689040,3610139061690190,3610139061834061,3610139061852361,3610139061967802,3610139061971122,3610139061981432,0,12,96,1,model.layers.2.self_attn.compressor.state_cache
3610139062822628,3610139063065159,3610139063067219,3610139063068339,3610139063209920,3610139063227990,3610139063343651,3610139063346181,3610139063356721,0,12,96,1,model.layers.2.self_attn.indexer.compressor.state_cache
3610139064408308,3610139064645550,3610139064647250,3610139064648260,3610139064788651,3610139064806091,3610139064921802,3610139064925212,3610139064935362,0,12,96,1,model.layers.3.self_attn.compressor.state_cache
3610139119993834,3610139120532258,3610139120609718,3610139120891230,3610139121003871,3610139121019531,3610139121436334,3610139124084341,3610139124094161,1,11,88,4,model.layers.2.self_attn.indexer.k_cache
3610139124850406,3610139125057398,3610139125058818,3610139125059678,3610139125187598,3610139125206039,3610139125304499,3610139125365590,3610139125375000,0,11,88,4,model.layers.2.self_attn.attn
3610139126228045,3610139126429127,3610139126430677,3610139126431567,3610139126550477,3610139126568067,3610139127018350,3610139127023150,3610139127031471,0,11,88,128,model.layers.3.self_attn.attn
3610139127898586,3610139128127018,3610139128128648,3610139128129458,3610139128250639,3610139128266319,3610139128686901,3610139128691541,3610139128700222,0,11,88,1,model.layers.0.self_attn.swa_cache
3610139129562377,3610139129761289,3610139129762719,3610139129763549,3610139129884569,3610139129899339,3610139129998960,3610139130002130,3610139130010790,0,11,88,1,model.layers.1.self_attn.swa_cache
3610139130864436,3610139131064287,3610139131065687,3610139131066657,3610139131183918,3610139131198878,3610139131296549,3610139131299639,3610139131308309,0,11,88,1,model.layers.2.self_attn.compressor.state_cache
3610139132032553,3610139132242665,3610139132244185,3610139132245065,3610139132363186,3610139132378216,3610139132473286,3610139132475686,3610139132484166,0,11,88,1,model.layers.2.self_attn.indexer.compressor.state_cache
3610139133310782,3610139133471713,3610139133472733,3610139133473403,3610139133571174,3610139133583844,3610139133664744,3610139133666924,3610139133673984,0,11,88,1,model.layers.3.self_attn.compressor.state_cache
3610139187016515,3610139187554509,3610139187631370,3610139187922241,3610139188076742,3610139188093193,3610139188535815,3610139189686153,3610139189695223,1,11,88,4,model.layers.2.self_attn.indexer.k_cache
3610139190369368,3610139190536389,3610139190537529,3610139190538249,3610139190637699,3610139190652949,3610139190735330,3610139190784970,3610139190793000,0,11,88,4,model.layers.2.self_attn.attn
3610139191535255,3610139191701526,3610139191702766,3610139191703616,3610139191802287,3610139191817597,3610139192205950,3610139192209830,3610139192217010,0,11,88,128,model.layers.3.self_attn.attn
3610139192938974,3610139193101826,3610139193103166,3610139193103866,3610139193201196,3610139193213406,3610139193572999,3610139193576649,3610139193583879,0,11,88,1,model.layers.0.self_attn.swa_cache
3610139194291083,3610139194461335,3610139194462615,3610139194463345,3610139194560285,3610139194575005,3610139194656756,3610139194658986,3610139194666126,0,11,88,1,model.layers.1.self_attn.swa_cache
3610139195365880,3610139195527002,3610139195528182,3610139195528882,3610139195626102,3610139195638822,3610139195718793,3610139195721203,3610139195728403,0,11,88,1,model.layers.2.self_attn.compressor.state_cache
3610139196329447,3610139196494788,3610139196495968,3610139196496728,3610139196595319,3610139196607119,3610139196688159,3610139196689889,3610139196697159,0,11,88,1,model.layers.2.self_attn.indexer.compressor.state_cache
3610139197430614,3610139197599455,3610139197600745,3610139197601485,3610139197698116,3610139197710116,3610139197789106,3610139197791556,3610139197798606,0,11,88,1,model.layers.3.self_attn.compressor.state_cache
3610139252633408,3610139253183231,3610139253261052,3610139253554984,3610139253669734,3610139253685044,3610139254128637,3610139255633237,3610139255642337,1,10,80,4,model.layers.2.self_attn.indexer.k_cache
3610139256435603,3610139256587204,3610139256588374,3610139256589154,3610139256690434,3610139256705394,3610139256786685,3610139256833165,3610139256841195,0,10,80,4,model.layers.2.self_attn.attn
3610139257585520,3610139257758371,3610139257759701,3610139257760471,3610139257861572,3610139257878142,3610139258256975,3610139258261145,3610139258268675,0,10,80,128,model.layers.3.self_attn.attn
3610139259017830,3610139259198671,3610139259199831,3610139259200541,3610139259303051,3610139259316011,3610139259677854,3610139259681774,3610139259688354,0,10,80,1,model.layers.0.self_attn.swa_cache
3610139260444619,3610139260617350,3610139260618780,3610139260619550,3610139260721541,3610139260734391,3610139260818601,3610139260821031,3610139260828431,0,10,80,1,model.layers.1.self_attn.swa_cache
3610139261702967,3610139261871578,3610139261872808,3610139261873558,3610139261978449,3610139261991779,3610139262076660,3610139262079290,3610139262086560,0,10,80,1,model.layers.2.self_attn.compressor.state_cache
3610139262695684,3610139262860665,3610139262861885,3610139262862785,3610139262962356,3610139262975606,3610139263057966,3610139263059736,3610139263067256,0,10,80,1,model.layers.2.self_attn.indexer.compressor.state_cache
3610139263943862,3610139264130353,3610139264131553,3610139264132333,3610139264274654,3610139264287834,3610139264367665,3610139264369845,3610139264377435,0,10,80,1,model.layers.3.self_attn.compressor.state_cache
3610139393260593,3610139393815407,3610139393892478,3610139394202860,3610139394382211,3610139394399391,3610139394877094,3610139395871951,3610139395882101,1,9,72,4,model.layers.2.self_attn.indexer.k_cache
3610139396621956,3610139396797527,3610139396798857,3610139396799557,3610139396899077,3610139396913947,3610139396997888,3610139397050518,3610139397058488,0,9,72,4,model.layers.2.self_attn.attn
3610139397805033,3610139397970684,3610139397972044,3610139397972714,3610139398071385,3610139398086205,3610139398458008,3610139398461708,3610139398468268,0,9,72,128,model.layers.3.self_attn.attn
3610139399218983,3610139399388104,3610139399389364,3610139399390104,3610139399487264,3610139399499334,3610139399856347,3610139399860007,3610139399866987,0,9,72,1,model.layers.0.self_attn.swa_cache
3610139400590172,3610139400759633,3610139400760933,3610139400761573,3610139400858963,3610139400871873,3610139400951154,3610139400953454,3610139400960364,0,9,72,1,model.layers.1.self_attn.swa_cache
3610139401814820,3610139401983311,3610139401984431,3610139401985151,3610139402083121,3610139402095222,3610139402173762,3610139402176292,3610139402183402,0,9,72,1,model.layers.2.self_attn.compressor.state_cache
3610139402768296,3610139402934237,3610139402935647,3610139402936377,3610139403034968,3610139403047338,3610139403127448,3610139403129128,3610139403136178,0,9,72,1,model.layers.2.self_attn.indexer.compressor.state_cache
3610139404034024,3610139404198675,3610139404199975,3610139404200675,3610139404299396,3610139404311926,3610139404390877,3610139404393277,3610139404400527,0,9,72,1,model.layers.3.self_attn.compressor.state_cache
3610139541636040,3610139542171954,3610139542250014,3610139542553176,3610139542671127,3610139542687047,3610139543155230,3610139543894115,3610139543903555,1,9,72,4,model.layers.2.self_attn.indexer.k_cache
3610139544637070,3610139544810811,3610139544811901,3610139544812581,3610139544914672,3610139544928852,3610139545012152,3610139545065213,3610139545072643,0,9,72,4,model.layers.2.self_attn.attn
3610139545781868,3610139545948249,3610139545949239,3610139545949899,3610139546048329,3610139546062599,3610139546421482,3610139546424712,3610139546431112,0,9,72,128,model.layers.3.self_attn.attn
3610139547138887,3610139547309258,3610139547310288,3610139547310908,3610139547409528,3610139547420818,3610139547779581,3610139547783081,3610139547789901,0,9,72,1,model.layers.0.self_attn.swa_cache
3610139548511606,3610139548677207,3610139548678367,3610139548679047,3610139548777287,3610139548789497,3610139548870268,3610139548872598,3610139548879728,0,9,72,1,model.layers.1.self_attn.swa_cache
3610139549567232,3610139549726804,3610139549727764,3610139549728494,3610139549824484,3610139549836164,3610139549913985,3610139549916305,3610139549923345,0,9,72,1,model.layers.2.self_attn.compressor.state_cache
3610139550502219,3610139550665800,3610139550666900,3610139550667600,3610139550763350,3610139550774860,3610139550853991,3610139550855981,3610139550863121,0,9,72,1,model.layers.2.self_attn.indexer.compressor.state_cache
3610139551585786,3610139551753187,3610139551754347,3610139551755017,3610139551855568,3610139551867048,3610139551947828,3610139551950048,3610139551957318,0,9,72,1,model.layers.3.self_attn.compressor.state_cache
3610139612326406,3610139612867099,3610139612933290,3610139613228902,3610139613344242,3610139613358822,3610139613808085,3610139614242618,3610139614251728,1,10,4256,4,model.layers.2.self_attn.indexer.k_cache
3610139614949363,3610139615115354,3610139615116574,3610139615117294,3610139615215935,3610139615229495,3610139615314595,3610139615367916,3610139615375266,0,10,4256,4,model.layers.2.self_attn.attn
3610139616106631,3610139616277032,3610139616278152,3610139616278912,3610139616379462,3610139616393252,3610139616747185,3610139616750505,3610139616757255,0,10,4256,128,model.layers.3.self_attn.attn
3610139617482740,3610139617649971,3610139617651001,3610139617651801,3610139617750811,3610139617763071,3610139618157394,3610139618161204,3610139618167794,0,10,4256,1,model.layers.0.self_attn.swa_cache
3610139618883589,3610139619050110,3610139619051330,3610139619051980,3610139619151421,3610139619163991,3610139619243631,3610139619245961,3610139619253131,0,10,4256,1,model.layers.1.self_attn.swa_cache
3610139620075897,3610139620240398,3610139620241568,3610139620242308,3610139620341498,3610139620353719,3610139620434289,3610139620436559,3610139620443599,0,10,4256,1,model.layers.2.self_attn.compressor.state_cache
3610139621035303,3610139621200154,3610139621201304,3610139621202034,3610139621300025,3610139621312465,3610139621391055,3610139621392825,3610139621400015,0,10,4256,1,model.layers.2.self_attn.indexer.compressor.state_cache
3610139622251671,3610139622421882,3610139622423152,3610139622423912,3610139622523173,3610139622535423,3610139622617423,3610139622619733,3610139622626573,0,10,4256,1,model.layers.3.self_attn.compressor.state_cache
3610140051890509,3610140052445382,3610140052524543,3610140052815995,3610140052931485,3610140052947126,3610140053383548,3610140054162444,3610140054172304,1,9,72,4,model.layers.2.self_attn.indexer.k_cache
3610140054925659,3610140055099740,3610140055100860,3610140055101540,3610140055202910,3610140055218170,3610140055301101,3610140055352811,3610140055360521,0,9,72,4,model.layers.2.self_attn.attn
3610140056085356,3610140056246927,3610140056248087,3610140056248737,3610140056348688,3610140056363308,3610140056732120,3610140056735760,3610140056742411,0,9,72,128,model.layers.3.self_attn.attn
3610140057508466,3610140057681727,3610140057683027,3610140057683687,3610140057781737,3610140057794087,3610140058155530,3610140058159500,3610140058166760,0,9,72,1,model.layers.0.self_attn.swa_cache
3610140058880375,3610140059050786,3610140059052106,3610140059052716,3610140059155406,3610140059168026,3610140059249007,3610140059251327,3610140059258437,0,9,72,1,model.layers.1.self_attn.swa_cache
3610140059955602,3610140060148293,3610140060149513,3610140060150123,3610140060254714,3610140060266994,3610140060349074,3610140060351384,3610140060358404,0,9,72,1,model.layers.2.self_attn.compressor.state_cache
3610140060945848,3610140061112759,3610140061113909,3610140061114619,3610140061211790,3610140061224010,3610140061300500,3610140061302331,3610140061309201,0,9,72,1,model.layers.2.self_attn.indexer.compressor.state_cache
3610140062051405,3610140062215597,3610140062216857,3610140062217527,3610140062316947,3610140062329987,3610140062409268,3610140062411558,3610140062418648,0,9,72,1,model.layers.3.self_attn.compressor.state_cache
3610140133847918,3610140134398252,3610140134465682,3610140134780664,3610140134899615,3610140134915505,3610140135402548,3610140135838431,3610140135848271,1,10,8096,4,model.layers.2.self_attn.indexer.k_cache
3610140136607316,3610140136781397,3610140136782697,3610140136783337,3610140136883958,3610140136898788,3610140136981379,3610140137032689,3610140137040579,0,10,8096,4,model.layers.2.self_attn.attn
3610140137749744,3610140137912565,3610140137913625,3610140137914225,3610140138011025,3610140138025245,3610140138382878,3610140138385858,3610140138392158,0,10,8096,128,model.layers.3.self_attn.attn
3610140139111703,3610140139280644,3610140139281954,3610140139282554,3610140139380734,3610140139393214,3610140139745427,3610140139748997,3610140139755467,0,10,8096,1,model.layers.0.self_attn.swa_cache
3610140140516352,3610140140702193,3610140140703473,3610140140704113,3610140140802934,3610140140815754,3610140140896214,3610140140898434,3610140140905364,0,10,8096,1,model.layers.1.self_attn.swa_cache
3610140141611939,3610140141781170,3610140141782240,3610140141782820,3610140141884141,3610140141896831,3610140141975571,3610140141978101,3610140141985201,0,10,8096,1,model.layers.2.self_attn.compressor.state_cache
3610140142580975,3610140142741426,3610140142742556,3610140142743136,3610140142841087,3610140142853057,3610140142932078,3610140142933888,3610140142940508,0,10,8096,1,model.layers.2.self_attn.indexer.compressor.state_cache
3610140143677403,3610140143844774,3610140143845884,3610140143846434,3610140143943434,3610140143956014,3610140144050075,3610140144052895,3610140144059765,0,10,8096,1,model.layers.3.self_attn.compressor.state_cache
3610140625197171,3610140625750865,3610140625819236,3610140626129118,3610140626244468,3610140626259538,3610140626755272,3610140627198705,3610140627208235,1,9,392,4,model.layers.2.self_attn.indexer.k_cache
3610140627956540,3610140628151801,3610140628153161,3610140628153851,3610140628253822,3610140628267222,3610140628350552,3610140628404503,3610140628412173,0,9,392,4,model.layers.2.self_attn.attn
3610140629127017,3610140629293058,3610140629294228,3610140629294918,3610140629393789,3610140629407539,3610140629759901,3610140629763832,3610140629770322,0,9,392,128,model.layers.3.self_attn.attn
3610140630489876,3610140630658277,3610140630659467,3610140630660217,3610140630774108,3610140630787358,3610140631154271,3610140631157491,3610140631164141,0,9,392,1,model.layers.0.self_attn.swa_cache
3610140631875255,3610140632060447,3610140632061767,3610140632062427,3610140632159887,3610140632171757,3610140632252558,3610140632255028,3610140632261908,0,9,392,1,model.layers.1.self_attn.swa_cache
3610140633053123,3610140633220394,3610140633221604,3610140633222244,3610140633321975,3610140633334125,3610140633414206,3610140633416436,3610140633423386,0,9,392,1,model.layers.2.self_attn.compressor.state_cache
3610140634010179,3610140634174691,3610140634175891,3610140634176511,3610140634271991,3610140634283851,3610140634363132,3610140634364872,3610140634371742,0,9,392,1,model.layers.2.self_attn.indexer.compressor.state_cache
3610140635278898,3610140635443979,3610140635445299,3610140635445989,3610140635549840,3610140635563210,3610140635648980,3610140635651310,3610140635659340,0,9,392,1,model.layers.3.self_attn.compressor.state_cache
3610141071941610,3610141072527604,3610141072595195,3610141072908617,3610141073026497,3610141073041657,3610141073516071,3610141073962523,3610141073972174,1,11,8096,4,model.layers.2.self_attn.indexer.k_cache
3610141074721608,3610141074897440,3610141074898520,3610141074899140,3610141074998990,3610141075013270,3610141075097781,3610141075150681,3610141075158251,0,11,8096,4,model.layers.2.self_attn.attn
3610141075867896,3610141076048667,3610141076049867,3610141076050547,3610141076152768,3610141076167168,3610141076521220,3610141076524760,3610141076531200,0,11,8096,128,model.layers.3.self_attn.attn
3610141077251225,3610141077427126,3610141077428306,3610141077428956,3610141077528697,3610141077541057,3610141077888029,3610141077891799,3610141077898379,0,11,8096,1,model.layers.0.self_attn.swa_cache
3610141078612364,3610141078779945,3610141078781165,3610141078781855,3610141078881176,3610141078893676,3610141078974336,3610141078976456,3610141078983517,0,11,8096,1,model.layers.1.self_attn.swa_cache
3610141079685101,3610141079850372,3610141079851512,3610141079852122,3610141079950123,3610141079962343,3610141080083364,3610141080086214,3610141080093444,0,11,8096,1,model.layers.2.self_attn.compressor.state_cache
3610141080682318,3610141080852609,3610141080853879,3610141080854499,3610141080952949,3610141080965780,3610141081045010,3610141081046880,3610141081053830,0,11,8096,1,model.layers.2.self_attn.indexer.compressor.state_cache
3610141081783235,3610141081947506,3610141081948696,3610141081949286,3610141082046057,3610141082057787,3610141082134647,3610141082136847,3610141082143837,0,11,8096,1,model.layers.3.self_attn.compressor.state_cache
3610141559991591,3610141560548664,3610141560617025,3610141560929737,3610141561048898,3610141561064238,3610141561547011,3610141561977434,3610141561986454,1,11,4592,4,model.layers.2.self_attn.indexer.k_cache
3610141562728229,3610141562897410,3610141562898460,3610141562899220,3610141563000970,3610141563014470,3610141563099871,3610141563151711,3610141563159061,0,11,4592,4,model.layers.2.self_attn.attn
3610141563864016,3610141564038787,3610141564039987,3610141564040637,3610141564139348,3610141564152678,3610141564501190,3610141564504190,3610141564510290,0,11,4592,128,model.layers.3.self_attn.attn
3610141565234005,3610141565402066,3610141565403216,3610141565403856,3610141565500797,3610141565513087,3610141565873769,3610141565876949,3610141565883309,0,11,4592,1,model.layers.0.self_attn.swa_cache
3610141566592524,3610141566759985,3610141566761005,3610141566761715,3610141566859986,3610141566872186,3610141566953516,3610141566955786,3610141566962246,0,11,4592,1,model.layers.1.self_attn.swa_cache
3610141567761842,3610141567920783,3610141567921923,3610141567922613,3610141568032733,3610141568047554,3610141568131724,3610141568134364,3610141568141064,0,11,4592,1,model.layers.2.self_attn.compressor.state_cache
3610141568731138,3610141568897249,3610141568898409,3610141568899089,3610141568997250,3610141569009320,3610141569087420,3610141569089150,3610141569095670,0,11,4592,1,model.layers.2.self_attn.indexer.compressor.state_cache
3610141569937086,3610141570100777,3610141570101927,3610141570102557,3610141570203128,3610141570215278,3610141570297778,3610141570299978,3610141570307468,0,11,4592,1,model.layers.3.self_attn.compressor.state_cache
3610141998743166,3610141999281479,3610141999347160,3610141999662712,3610141999779642,3610141999795853,3610142000107275,3610142000459587,3610142000468477,1,12,4272,4,model.layers.2.self_attn.indexer.k_cache
3610142001200832,3610142001366653,3610142001367793,3610142001368433,3610142001468914,3610142001482424,3610142001564134,3610142001614915,3610142001622125,0,12,4272,4,model.layers.2.self_attn.attn
3610142002363609,3610142002525421,3610142002526571,3610142002527231,3610142002625521,3610142002639431,3610142002901853,3610142002904993,3610142002911103,0,12,4272,128,model.layers.3.self_attn.attn
3610142003646178,3610142003811489,3610142003812869,3610142003813539,3610142003910620,3610142003922790,3610142004195141,3610142004198332,3610142004204402,0,12,4272,1,model.layers.0.self_attn.swa_cache
3610142004915786,3610142005087597,3610142005088797,3610142005089417,3610142005187948,3610142005200228,3610142005280589,3610142005282909,3610142005289659,0,12,4272,1,model.layers.1.self_attn.swa_cache
3610142005990703,3610142006165864,3610142006167064,3610142006167664,3610142006267075,3610142006281275,3610142006363326,3610142006365826,3610142006372476,0,12,4272,1,model.layers.2.self_attn.compressor.state_cache
3610142006957710,3610142007136751,3610142007138081,3610142007138731,3610142007237711,3610142007249882,3610142007330982,3610142007332932,3610142007339862,0,12,4272,1,model.layers.2.self_attn.indexer.compressor.state_cache
3610142008091297,3610142008257468,3610142008258938,3610142008259588,3610142008365659,3610142008378149,3610142008458970,3610142008461410,3610142008468610,0,12,4272,1,model.layers.3.self_attn.compressor.state_cache
3610142429779960,3610142430357803,3610142430435694,3610142430744706,3610142430883707,3610142430900407,3610142431396770,3610142432230046,3610142432240076,1,12,96,4,model.layers.2.self_attn.indexer.k_cache
3610142432979181,3610142433150692,3610142433151842,3610142433152552,3610142433252593,3610142433267013,3610142433352433,3610142433404414,3610142433412804,0,12,96,4,model.layers.2.self_attn.attn
3610142434127068,3610142434301249,3610142434302449,3610142434303219,3610142434402960,3610142434417320,3610142434775793,3610142434779563,3610142434786243,0,12,96,128,model.layers.3.self_attn.attn
3610142435499147,3610142435666408,3610142435667638,3610142435668308,3610142435771149,3610142435783659,3610142436163442,3610142436167432,3610142436174112,0,12,96,1,model.layers.0.self_attn.swa_cache
3610142436895726,3610142437065548,3610142437066808,3610142437067598,3610142437166228,3610142437178558,3610142437258989,3610142437261549,3610142437268569,0,12,96,1,model.layers.1.self_attn.swa_cache
3610142437963243,3610142438133215,3610142438134565,3610142438135255,3610142438235415,3610142438247605,3610142438327576,3610142438330016,3610142438336956,0,12,96,1,model.layers.2.self_attn.compressor.state_cache
3610142438923730,3610142439087191,3610142439088311,3610142439088941,3610142439188942,3610142439201162,3610142439280592,3610142439282482,3610142439289482,0,12,96,1,model.layers.2.self_attn.indexer.compressor.state_cache
3610142440030367,3610142440200068,3610142440201238,3610142440202018,3610142440298929,3610142440310929,3610142440389339,3610142440391919,3610142440398789,0,12,96,1,model.layers.3.self_attn.compressor.state_cache
3610142500068212,3610142500600955,3610142500678906,3610142500962858,3610142501073758,3610142501089589,3610142501513321,3610142505066765,3610142505077175,1,11,88,4,model.layers.2.self_attn.indexer.k_cache
3610142505786579,3610142505952351,3610142505953531,3610142505954231,3610142506054431,3610142506069451,3610142506152062,3610142506203262,3610142506211222,0,11,88,4,model.layers.2.self_attn.attn
3610142506932177,3610142507094758,3610142507095998,3610142507096698,3610142507194099,3610142507208399,3610142507590191,3610142507593851,3610142507600811,0,11,88,128,model.layers.3.self_attn.attn
3610142508379256,3610142508545948,3610142508547278,3610142508547978,3610142508646728,3610142508659108,3610142509014481,3610142509018481,3610142509025591,0,11,88,1,model.layers.0.self_attn.swa_cache
3610142509739175,3610142509914747,3610142509948827,3610142509949827,3610142510086058,3610142510102278,3610142510213929,3610142510217509,3610142510226979,0,11,88,1,model.layers.1.self_attn.swa_cache
3610142511174185,3610142511395166,3610142511396876,3610142511397816,3610142511530607,3610142511546877,3610142511653228,3610142511656428,3610142511666558,0,11,88,1,model.layers.2.self_attn.compressor.state_cache
3610142512486193,3610142512711635,3610142512713275,3610142512714285,3610142512846206,3610142512863396,3610142512969287,3610142512972227,3610142512981997,0,11,88,1,model.layers.2.self_attn.indexer.compressor.state_cache
3610142514011594,3610142514239115,3610142514240785,3610142514241725,3610142514374856,3610142514391226,3610142514497737,3610142514500997,3610142514511217,0,11,88,1,model.layers.3.self_attn.compressor.state_cache
3610142568559462,3610142569082296,3610142569158086,3610142569431008,3610142569544639,3610142569559519,3610142569986142,3610142572024725,3610142572034075,1,11,88,4,model.layers.2.self_attn.indexer.k_cache
3610142572700319,3610142572880731,3610142572882201,3610142572883001,3610142572985391,3610142573000001,3610142573084262,3610142573136612,3610142573144922,0,11,88,4,model.layers.2.self_attn.attn
3610142573856287,3610142574021538,3610142574022828,3610142574023558,3610142574121719,3610142574136329,3610142574496531,3610142574499921,3610142574506881,0,11,88,128,model.layers.3.self_attn.attn
3610142575227046,3610142575433897,3610142575435297,3610142575436017,3610142575550958,3610142575565258,3610142575972071,3610142575976081,3610142575983901,0,11,88,1,model.layers.0.self_attn.swa_cache
3610142576826636,3610142577014778,3610142577016068,3610142577016858,3610142577131558,3610142577145499,3610142577238139,3610142577240839,3610142577249369,0,11,88,1,model.layers.1.self_attn.swa_cache
3610142578058935,3610142578254626,3610142578256166,3610142578257006,3610142578370487,3610142578385097,3610142578476977,3610142578479777,3610142578487987,0,11,88,1,model.layers.2.self_attn.compressor.state_cache
3610142579157312,3610142579343043,3610142579344333,3610142579345103,3610142579459294,3610142579472744,3610142579564084,3610142579566065,3610142579574015,0,11,88,1,model.layers.2.self_attn.indexer.compressor.state_cache
3610142580424640,3610142580610621,3610142580612061,3610142580612871,3610142580723482,3610142580737612,3610142580830363,3610142580833163,3610142580841703,0,11,88,1,model.layers.3.self_attn.compressor.state_cache
3610142634251834,3610142634782388,3610142634859918,3610142635144820,3610142635259441,3610142635276011,3610142635694644,3610142637062153,3610142637071483,1,11,88,4,model.layers.2.self_attn.indexer.k_cache
3610142637751977,3610142637922348,3610142637923708,3610142637924458,3610142638026709,3610142638041709,3610142638124360,3610142638176380,3610142638184350,0,11,88,4,model.layers.2.self_attn.attn
3610142638896125,3610142639063566,3610142639064966,3610142639065756,3610142639162426,3610142639176816,3610142639545849,3610142639549389,3610142639556229,0,11,88,128,model.layers.3.self_attn.attn
3610142640313604,3610142640476425,3610142640477665,3610142640478335,3610142640577176,3610142640589596,3610142641001838,3610142641005718,3610142641013309,0,11,88,1,model.layers.0.self_attn.swa_cache
3610142641789974,3610142641969115,3610142641970525,3610142641971235,3610142642074196,3610142642087666,3610142642175176,3610142642177536,3610142642185156,0,11,88,1,model.layers.1.self_attn.swa_cache
3610142642918331,3610142643092152,3610142643093472,3610142643094242,3610142643198233,3610142643210643,3610142643294204,3610142643296904,3610142643304084,0,11,88,1,model.layers.2.self_attn.compressor.state_cache
3610142643924018,3610142644113759,3610142644115159,3610142644115859,3610142644219940,3610142644233140,3610142644319570,3610142644321750,3610142644329150,0,11,88,1,model.layers.2.self_attn.indexer.compressor.state_cache
3610142645089245,3610142645263126,3610142645264406,3610142645265206,3610142645370527,3610142645383137,3610142645470528,3610142645472828,3610142645480348,0,11,88,1,model.layers.3.self_attn.compressor.state_cache
3610142699915466,3610142700504150,3610142700582720,3610142700906942,3610142701030573,3610142701047333,3610142701533796,3610142702294361,3610142702303671,1,10,80,4,model.layers.2.self_attn.indexer.k_cache
3610142702984856,3610142703156867,3610142703158067,3610142703158747,3610142703256518,3610142703270758,3610142703353788,3610142703403279,3610142703410859,0,10,80,4,model.layers.2.self_attn.attn
3610142704154444,3610142704325325,3610142704326505,3610142704327145,3610142704427225,3610142704441735,3610142704809628,3610142704813478,3610142704820018,0,10,80,128,model.layers.3.self_attn.attn
3610142705580073,3610142705745764,3610142705746944,3610142705747654,3610142705844725,3610142705857365,3610142706224037,3610142706227747,3610142706234267,0,10,80,1,model.layers.0.self_attn.swa_cache
3610142706953932,3610142707117723,3610142707118853,3610142707119473,3610142707217264,3610142707230004,3610142707310634,3610142707313104,3610142707320384,0,10,80,1,model.layers.1.self_attn.swa_cache
3610142708040639,3610142708214040,3610142708215370,3610142708215990,3610142708316511,3610142708328331,3610142708407651,3610142708410131,3610142708417552,0,10,80,1,model.layers.2.self_attn.compressor.state_cache
3610142709009565,3610142709171747,3610142709172947,3610142709173697,3610142709271877,3610142709284367,3610142709361808,3610142709363798,3610142709370738,0,10,80,1,model.layers.2.self_attn.indexer.compressor.state_cache
3610142710102853,3610142710269264,3610142710270434,3610142710271074,3610142710370084,3610142710382664,3610142710462455,3610142710464745,3610142710471765,0,10,80,1,model.layers.3.self_attn.compressor.state_cache
3610142764949593,3610142765490137,3610142765568227,3610142765857829,3610142765978830,3610142765994380,3610142766293072,3610142768515327,3610142768524277,1,9,72,4,model.layers.2.self_attn.indexer.k_cache
3610142769227991,3610142769392772,3610142769394082,3610142769394842,3610142769493573,3610142769508143,3610142769588954,3610142769639594,3610142769647624,0,9,72,4,model.layers.2.self_attn.attn
3610142770363559,3610142770530270,3610142770531470,3610142770532100,3610142770629520,3610142770644341,3610142770905672,3610142770909142,3610142770916012,0,9,72,128,model.layers.3.self_attn.attn
3610142771636237,3610142771809188,3610142771810458,3610142771811288,3610142771910909,3610142771923179,3610142772336962,3610142772341072,3610142772348672,0,9,72,1,model.layers.0.self_attn.swa_cache
3610142773177547,3610142773369788,3610142773371128,3610142773371938,3610142773486499,3610142773500989,3610142773595250,3610142773598100,3610142773606500,0,9,72,1,model.layers.1.self_attn.swa_cache
3610142774420135,3610142774608097,3610142774609477,3610142774610267,3610142774724437,3610142774739367,3610142774834618,3610142774837388,3610142774846058,0,9,72,1,model.layers.2.self_attn.compressor.state_cache
3610142775521093,3610142775713444,3610142775715074,3610142775716044,3610142775828535,3610142775842935,3610142775935565,3610142775937805,3610142775946085,0,9,72,1,model.layers.2.self_attn.indexer.compressor.state_cache
3610142776816961,3610142777027452,3610142777028822,3610142777029752,3610142777144713,3610142777159373,3610142777248964,3610142777251804,3610142777260494,0,9,72,1,model.layers.3.self_attn.compressor.state_cache
3610142837620561,3610142838192394,3610142838260785,3610142838571097,3610142838690838,3610142838705828,3610142839014450,3610142839362162,3610142839370932,1,10,4256,4,model.layers.2.self_attn.indexer.k_cache
3610142840080087,3610142840249208,3610142840250358,3610142840251058,3610142840351989,3610142840365919,3610142840446269,3610142840497790,3610142840505390,0,10,4256,4,model.layers.2.self_attn.attn
3610142841220744,3610142841385865,3610142841387015,3610142841387825,3610142841486016,3610142841500476,3610142841762898,3610142841766168,3610142841772468,0,10,4256,128,model.layers.3.self_attn.attn
3610142842486253,3610142842654394,3610142842655634,3610142842656324,3610142842756474,3610142842769615,3610142843031826,3610142843035196,3610142843041276,0,10,4256,1,model.layers.0.self_attn.swa_cache
3610142843753731,3610142843917992,3610142843919172,3610142843919962,3610142844030673,3610142844044473,3610142844129143,3610142844131393,3610142844138474,0,10,4256,1,model.layers.1.self_attn.swa_cache
3610142844843898,3610142845018159,3610142845019389,3610142845020239,3610142845120780,3610142845133610,3610142845216131,3610142845218651,3610142845225701,0,10,4256,1,model.layers.2.self_attn.compressor.state_cache
3610142845825645,3610142845990096,3610142845991246,3610142845991986,3610142846089886,3610142846102356,3610142846181227,3610142846183317,3610142846190427,0,10,4256,1,model.layers.2.self_attn.indexer.compressor.state_cache
3610142846961092,3610142847135413,3610142847136643,3610142847137453,3610142847235224,3610142847248584,3610142847327234,3610142847329894,3610142847336745,0,10,4256,1,model.layers.3.self_attn.compressor.state_cache
3610143261710018,3610143262234941,3610143262311572,3610143262582454,3610143262698104,3610143262713974,3610143263122707,3610143263931482,3610143263941052,1,10,80,4,model.layers.2.self_attn.indexer.k_cache
3610143264680547,3610143264855988,3610143264857388,3610143264858078,3610143264957809,3610143264972629,3610143265053890,3610143265104770,3610143265112710,0,10,80,4,model.layers.2.self_attn.attn
3610143265814775,3610143265979346,3610143265980626,3610143265981316,3610143266080016,3610143266094127,3610143266460529,3610143266463949,3610143266470889,0,10,80,128,model.layers.3.self_attn.attn
3610143267184944,3610143267359735,3610143267360985,3610143267361805,3610143267461906,3610143267474776,3610143267829118,3610143267832858,3610143267839368,0,10,80,1,model.layers.0.self_attn.swa_cache
3610143268556383,3610143268722774,3610143268724034,3610143268724774,3610143268820394,3610143268832355,3610143268906735,3610143268908905,3610143268915945,0,10,80,1,model.layers.1.self_attn.swa_cache
3610143269565589,3610143269712390,3610143269713470,3610143269714120,3610143269806281,3610143269818561,3610143269889272,3610143269891532,3610143269898412,0,10,80,1,model.layers.2.self_attn.compressor.state_cache
3610143270458395,3610143270610156,3610143270611396,3610143270612056,3610143270710507,3610143270723557,3610143270800648,3610143270802578,3610143270809378,0,10,80,1,model.layers.2.self_attn.indexer.compressor.state_cache
3610143271545112,3610143271699693,3610143271700893,3610143271701513,3610143271793864,3610143271806084,3610143271879435,3610143271881555,3610143271888885,0,10,80,1,model.layers.3.self_attn.compressor.state_cache
3610143341395321,3610143341963345,3610143342032306,3610143342347138,3610143342466339,3610143342482039,3610143342817721,3610143343160953,3610143343171143,1,11,8096,4,model.layers.2.self_attn.indexer.k_cache
3610143343918038,3610143344106249,3610143344107569,3610143344108179,3610143344209320,3610143344223210,3610143344304761,3610143344358071,3610143344365391,0,11,8096,4,model.layers.2.self_attn.attn
3610143345073886,3610143345242567,3610143345243857,3610143345244417,3610143345344677,3610143345358548,3610143345615379,3610143345618519,3610143345624759,0,11,8096,128,model.layers.3.self_attn.attn
3610143346332784,3610143346503855,3610143346505105,3610143346505865,3610143346602846,3610143346614866,3610143346870267,3610143346873577,3610143346879878,0,11,8096,1,model.layers.0.self_attn.swa_cache
3610143347583042,3610143347746293,3610143347747583,3610143347748283,3610143347845404,3610143347857804,3610143347937594,3610143347940004,3610143347947425,0,11,8096,1,model.layers.1.self_attn.swa_cache
3610143348694429,3610143348857890,3610143348859131,3610143348859731,3610143348955591,3610143348967911,3610143349046922,3610143349049432,3610143349056272,0,11,8096,1,model.layers.2.self_attn.compressor.state_cache
3610143349638606,3610143349798047,3610143349799487,3610143349800177,3610143349896937,3610143349909017,3610143349987358,3610143349989078,3610143349995728,0,11,8096,1,model.layers.2.self_attn.indexer.compressor.state_cache
3610143350729823,3610143350894904,3610143350896144,3610143350896834,3610143350994915,3610143351007715,3610143351088875,3610143351091165,3610143351098015,0,11,8096,1,model.layers.3.self_attn.compressor.state_cache
3610143822553623,3610143823103207,3610143823170377,3610143823485189,3610143823603420,3610143823619150,3610143824103303,3610143824546356,3610143824556426,1,11,416,4,model.layers.2.self_attn.indexer.k_cache
3610143825283861,3610143825449132,3610143825450342,3610143825451142,3610143825549653,3610143825562963,3610143825646583,3610143825699834,3610143825707604,0,11,416,4,model.layers.2.self_attn.attn
3610143826417289,3610143826581250,3610143826582510,3610143826583210,3610143826681540,3610143826695620,3610143827053353,3610143827057133,3610143827064053,0,11,416,128,model.layers.3.self_attn.attn
3610143827804528,3610143827976599,3610143827977889,3610143827978639,3610143828129450,3610143828143320,3610143828500162,3610143828504102,3610143828510532,0,11,416,1,model.layers.0.self_attn.swa_cache
3610143829221967,3610143829400038,3610143829401268,3610143829402048,3610143829501489,3610143829514729,3610143829600229,3610143829602669,3610143829609649,0,11,416,1,model.layers.1.self_attn.swa_cache
3610143830411805,3610143830575496,3610143830576716,3610143830577396,3610143830675867,3610143830688237,3610143830768947,3610143830771267,3610143830778367,0,11,416,1,model.layers.2.self_attn.compressor.state_cache
3610143831364781,3610143831532082,3610143831533382,3610143831534112,3610143831633233,3610143831646003,3610143831726823,3610143831728623,3610143831735383,0,11,416,1,model.layers.2.self_attn.indexer.compressor.state_cache
3610143832620979,3610143832782010,3610143832783190,3610143832783950,3610143832890841,3610143832903381,3610143832986922,3610143832989432,3610143832996332,0,11,416,1,model.layers.3.self_attn.compressor.state_cache
3610144265668564,3610144266214638,3610144266281438,3610144266575270,3610144266691641,3610144266706961,3610144267008283,3610144267362055,3610144267370665,1,12,4272,4,model.layers.2.self_attn.indexer.k_cache
3610144268108390,3610144268284361,3610144268285531,3610144268286301,3610144268387132,3610144268400842,3610144268484412,3610144268536893,3610144268544463,0,12,4272,4,model.layers.2.self_attn.attn
3610144269254928,3610144269424349,3610144269425559,3610144269426269,3610144269526169,3610144269540319,3610144269802741,3610144269806151,3610144269812491,0,12,4272,128,model.layers.3.self_attn.attn
3610144270526536,3610144270698167,3610144270699387,3610144270700147,3610144270798078,3610144270810548,3610144271070419,3610144271073719,3610144271079910,0,12,4272,1,model.layers.0.self_attn.swa_cache
3610144271786784,3610144271950805,3610144271951975,3610144271952765,3610144272072916,3610144272086406,3610144272169477,3610144272171897,3610144272179097,0,12,4272,1,model.layers.1.self_attn.swa_cache
3610144272845431,3610144273004072,3610144273005152,3610144273005792,3610144273101273,3610144273113883,3610144273190043,3610144273192133,3610144273199003,0,12,4272,1,model.layers.2.self_attn.compressor.state_cache
3610144273768487,3610144273928488,3610144273929738,3610144273930528,3610144274021109,3610144274033469,3610144274105639,3610144274107339,3610144274114669,0,12,4272,1,model.layers.2.self_attn.indexer.compressor.state_cache
3610144274813984,3610144274961185,3610144274962515,3610144274963305,3610144275053056,3610144275065866,3610144275140916,3610144275143106,3610144275149986,0,12,4272,1,model.layers.3.self_attn.compressor.state_cache
3610144694175459,3610144694721432,3610144694799743,3610144695084285,3610144695199625,3610144695215226,3610144695521238,3610144696275413,3610144696284283,1,12,96,4,model.layers.2.self_attn.indexer.k_cache
3610144697022737,3610144697207779,3610144697209189,3610144697209889,3610144697309699,3610144697324459,3610144697415050,3610144697469030,3610144697476810,0,12,96,4,model.layers.2.self_attn.attn
3610144698178625,3610144698344566,3610144698345856,3610144698346526,3610144698445927,3610144698461417,3610144698727649,3610144698731129,3610144698737339,0,12,96,128,model.layers.3.self_attn.attn
3610144699447193,3610144699615924,3610144699617064,3610144699617714,3610144699716595,3610144699729455,3610144699992627,3610144699995757,3610144700012197,0,12,96,1,model.layers.0.self_attn.swa_cache
3610144700730852,3610144700905833,3610144700907183,3610144700907913,3610144701005914,3610144701018514,3610144701099924,3610144701102314,3610144701109524,0,12,96,1,model.layers.1.self_attn.swa_cache
3610144701815659,3610144701988780,3610144701990050,3610144701990760,3610144702090051,3610144702102931,3610144702184791,3610144702187411,3610144702194571,0,12,96,1,model.layers.2.self_attn.compressor.state_cache
3610144702774945,3610144702948666,3610144702949826,3610144702950466,3610144703047087,3610144703059527,3610144703140028,3610144703142108,3610144703148748,0,12,96,1,model.layers.2.self_attn.indexer.compressor.state_cache
3610144703926323,3610144704110934,3610144704112304,3610144704113074,3610144704211205,3610144704223845,3610144704302365,3610144704304665,3610144704311665,0,12,96,1,model.layers.3.self_attn.compressor.state_cache
3610144757875277,3610144758398860,3610144758476781,3610144758738403,3610144758848373,3610144758864123,3610144759147205,3610144763205222,3610144763218092,1,12,96,4,model.layers.2.self_attn.indexer.k_cache
3610144764190668,3610144764432570,3610144764434390,3610144764435430,3610144764577721,3610144764599251,3610144764717322,3610144764791872,3610144764803532,0,12,96,4,model.layers.2.self_attn.attn
3610144765815819,3610144766059521,3610144766061461,3610144766062521,3610144766209802,3610144766230432,3610144766612144,3610144766617144,3610144766626474,0,12,96,128,model.layers.3.self_attn.attn
3610144767648231,3610144767902943,3610144767905003,3610144767906133,3610144768065984,3610144768086004,3610144768468387,3610144768473317,3610144768482617,0,12,96,1,model.layers.0.self_attn.swa_cache
3610144769493613,3610144769733225,3610144769735065,3610144769736005,3610144769874596,3610144769892436,3610144770007077,3610144770010237,3610144770020327,0,12,96,1,model.layers.1.self_attn.swa_cache
3610144771053674,3610144771217435,3610144771218595,3610144771219235,3610144771317975,3610144771330765,3610144771411886,3610144771414046,3610144771420786,0,12,96,1,model.layers.2.self_attn.compressor.state_cache
3610144772015150,3610144772187631,3610144772188801,3610144772189451,3610144772288752,3610144772301662,3610144772384172,3610144772386202,3610144772392682,0,12,96,1,model.layers.2.self_attn.indexer.compressor.state_cache
3610144773114987,3610144773283158,3610144773284368,3610144773285128,3610144773388299,3610144773400829,3610144773480859,3610144773483179,3610144773489990,0,12,96,1,model.layers.3.self_attn.compressor.state_cache
3610144826601268,3610144827123262,3610144827200642,3610144827464714,3610144827575545,3610144827591635,3610144827870927,3610144831187308,3610144831196858,1,12,96,4,model.layers.2.self_attn.indexer.k_cache
3610144831846953,3610144832035894,3610144832037134,3610144832037884,3610144832139455,3610144832154575,3610144832241065,3610144832292526,3610144832300626,0,12,96,4,model.layers.2.self_attn.attn
3610144833012900,3610144833179761,3610144833180811,3610144833181561,3610144833278682,3610144833292612,3610144833551094,3610144833554254,3610144833560614,0,12,96,128,model.layers.3.self_attn.attn
3610144834271489,3610144834439540,3610144834440660,3610144834441390,3610144834540510,3610144834553150,3610144834816252,3610144834819912,3610144834826272,0,12,96,1,model.layers.0.self_attn.swa_cache
3610144835541817,3610144835719388,3610144835720748,3610144835721548,3610144835818499,3610144835830459,3610144835909119,3610144835911239,3610144835918259,0,12,96,1,model.layers.1.self_attn.swa_cache
3610144836776545,3610144837011117,3610144837012757,3610144837013747,3610144837150598,3610144837167978,3610144837278128,3610144837281188,3610144837290608,0,12,96,1,model.layers.2.self_attn.compressor.state_cache
3610144838082584,3610144838313495,3610144838315055,3610144838316255,3610144838449066,3610144838466446,3610144838576067,3610144838578897,3610144838588567,0,12,96,1,model.layers.2.self_attn.indexer.compressor.state_cache
3610144839563873,3610144839780535,3610144839782215,3610144839783325,3610144839913946,3610144839930166,3610144840051467,3610144840055127,3610144840064627,0,12,96,1,model.layers.3.self_attn.compressor.state_cache
3610144894228732,3610144894757576,3610144894833706,3610144895101398,3610144895213009,3610144895229249,3610144895642772,3610144898986124,3610144898995254,1,12,96,4,model.layers.2.self_attn.indexer.k_cache
3610144899641088,3610144899814239,3610144899815569,3610144899816269,3610144899916080,3610144899931390,3610144900034910,3610144900089491,3610144900097761,0,12,96,4,model.layers.2.self_attn.attn
3610144900808305,3610144900971407,3610144900972697,3610144900973437,3610144901072227,3610144901086467,3610144901444190,3610144901448200,3610144901454990,0,12,96,128,model.layers.3.self_attn.attn
3610144902201695,3610144902364896,3610144902366486,3610144902367216,3610144902516147,3610144902532367,3610144902989060,3610144902994010,3610144903002970,0,12,96,1,model.layers.0.self_attn.swa_cache
3610144903943036,3610144904190578,3610144904192318,3610144904193318,3610144904321869,3610144904338519,3610144904445019,3610144904448209,3610144904457029,0,12,96,1,model.layers.1.self_attn.swa_cache
3610144905380836,3610144905596757,3610144905598477,3610144905599497,3610144905724338,3610144905740448,3610144905843149,3610144905846389,3610144905855419,0,12,96,1,model.layers.2.self_attn.compressor.state_cache
3610144906612324,3610144906824505,3610144906825945,3610144906826865,3610144906954186,3610144906970086,3610144907074527,3610144907076787,3610144907086287,0,12,96,1,model.layers.2.self_attn.indexer.compressor.state_cache
3610144908034193,3610144908251894,3610144908253324,3610144908254234,3610144908378885,3610144908394385,3610144908499796,3610144908503146,3610144908512666,0,12,96,1,model.layers.3.self_attn.compressor.state_cache
3610144962102858,3610144962631581,3610144962707932,3610144962984954,3610144963095804,3610144963110925,3610144963395406,3610144966485957,3610144966494817,1,12,96,4,model.layers.2.self_attn.indexer.k_cache
3610144967165731,3610144967337842,3610144967339102,3610144967339732,3610144967440113,3610144967454903,3610144967538234,3610144967589454,3610144967597204,0,12,96,4,model.layers.2.self_attn.attn
3610144968457780,3610144968690181,3610144968691791,3610144968692671,3610144968825102,3610144968845012,3610144969191984,3610144969196725,3610144969205235,0,12,96,128,model.layers.3.self_attn.attn
3610144970152851,3610144970379162,3610144970381002,3610144970381932,3610144970510643,3610144970527323,3610144970859035,3610144970863305,3610144970871366,0,12,96,1,model.layers.0.self_attn.swa_cache
3610144971780931,3610144971993943,3610144971995503,3610144971996413,3610144972140904,3610144972156194,3610144972263485,3610144972266965,3610144972276305,0,12,96,1,model.layers.1.self_attn.swa_cache
3610144973181261,3610144973395532,3610144973397122,3610144973398102,3610144973524013,3610144973540013,3610144973642794,3610144973645884,3610144973655294,0,12,96,1,model.layers.2.self_attn.compressor.state_cache
3610144974414969,3610144974622450,3610144974624170,3610144974624980,3610144974750811,3610144974767401,3610144974871502,3610144974873912,3610144974882892,0,12,96,1,model.layers.2.self_attn.indexer.compressor.state_cache
3610144975827108,3610144976044259,3610144976045959,3610144976046900,3610144976175170,3610144976191410,3610144976384832,3610144976387622,3610144976395002,0,12,96,1,model.layers.3.self_attn.compressor.state_cache
3610145030377016,3610145030911090,3610145030987690,3610145031284412,3610145031398733,3610145031413853,3610145031854286,3610145034958996,3610145034970926,1,12,96,4,model.layers.2.self_attn.indexer.k_cache
3610145035819752,3610145036060144,3610145036061894,3610145036062934,3610145036192214,3610145036210705,3610145036323995,3610145036391666,3610145036401686,0,12,96,4,model.layers.2.self_attn.attn
3610145037292242,3610145037503203,3610145037504663,3610145037505473,3610145037631094,3610145037649254,3610145038117287,3610145038122037,3610145038130817,0,12,96,128,model.layers.3.self_attn.attn
3610145039036933,3610145039244514,3610145039245904,3610145039246764,3610145039374485,3610145039390895,3610145039836418,3610145039841368,3610145039849528,0,12,96,1,model.layers.0.self_attn.swa_cache
3610145040800675,3610145041020846,3610145041022396,3610145041023316,3610145041149677,3610145041166597,3610145041269468,3610145041272328,3610145041281238,0,12,96,1,model.layers.1.self_attn.swa_cache
3610145042168284,3610145042384125,3610145042385225,3610145042385955,3610145042485416,3610145042497196,3610145042578176,3610145042580596,3610145042587526,0,12,96,1,model.layers.2.self_attn.compressor.state_cache
3610145043174660,3610145043341721,3610145043342851,3610145043343551,3610145043441792,3610145043453852,3610145043536153,3610145043538033,3610145043545183,0,12,96,1,model.layers.2.self_attn.indexer.compressor.state_cache
3610145044313448,3610145044480789,3610145044482029,3610145044482779,3610145044581079,3610145044593500,3610145044673920,3610145044676190,3610145044683480,0,12,96,1,model.layers.3.self_attn.compressor.state_cache
3610145097928900,3610145098451453,3610145098529034,3610145098796025,3610145098906866,3610145098922606,3610145099213328,3610145102153968,3610145102163278,1,12,96,4,model.layers.2.self_attn.indexer.k_cache
3610145102813412,3610145102994553,3610145102996683,3610145102997373,3610145103099344,3610145103114314,3610145103206834,3610145103262285,3610145103270035,0,12,96,4,model.layers.2.self_attn.attn
3610145103972469,3610145104163111,3610145104164261,3610145104164871,3610145104265121,3610145104279831,3610145104543313,3610145104546683,3610145104553143,0,12,96,128,model.layers.3.self_attn.attn
3610145105265238,3610145105430289,3610145105431489,3610145105432209,3610145105528640,3610145105541330,3610145105800291,3610145105803581,3610145105810352,0,12,96,1,model.layers.0.self_attn.swa_cache
3610145106516366,3610145106685477,3610145106686707,3610145106687387,3610145106783818,3610145106796158,3610145106876869,3610145106880049,3610145106887059,0,12,96,1,model.layers.1.self_attn.swa_cache
3610145107597013,3610145107807625,3610145107809025,3610145107809875,3610145107937366,3610145107953766,3610145108076706,3610145108080466,3610145108090227,0,12,96,1,model.layers.2.self_attn.compressor.state_cache
3610145108859492,3610145109067233,3610145109068703,3610145109069653,3610145109199904,3610145109218684,3610145109326165,3610145109328745,3610145109337995,0,12,96,1,model.layers.2.self_attn.indexer.compressor.state_cache
3610145110270111,3610145110478482,3610145110480062,3610145110480952,3610145110604783,3610145110619863,3610145110720424,3610145110723394,3610145110732274,0,12,96,1,model.layers.3.self_attn.compressor.state_cache
3610145165576014,3610145166097117,3610145166173378,3610145166436820,3610145166546640,3610145166563030,3610145166846122,3610145169858882,3610145169868262,1,12,96,4,model.layers.2.self_attn.indexer.k_cache
3610145170524386,3610145170689648,3610145170690798,3610145170691458,3610145170790468,3610145170805708,3610145170886859,3610145170936479,3610145170944399,0,12,96,4,model.layers.2.self_attn.attn
3610145171657064,3610145171827745,3610145171829055,3610145171829755,3610145171929626,3610145171944016,3610145172226138,3610145172229358,3610145172236108,0,12,96,128,model.layers.3.self_attn.attn
3610145172998623,3610145173213644,3610145173215394,3610145173216334,3610145173342385,3610145173358455,3610145173690287,3610145173694827,3610145173703287,0,12,96,1,model.layers.0.self_attn.swa_cache
3610145174617493,3610145174827665,3610145174829465,3610145174830405,3610145174955936,3610145174972776,3610145175079916,3610145175082936,3610145175092316,0,12,96,1,model.layers.1.self_attn.swa_cache
3610145175995082,3610145176236774,3610145176238844,3610145176239944,3610145176368045,3610145176384455,3610145176489166,3610145176492496,3610145176501586,0,12,96,1,model.layers.2.self_attn.compressor.state_cache
3610145177266951,3610145177481672,3610145177483542,3610145177484592,3610145177612653,3610145177628663,3610145177735444,3610145177738484,3610145177747884,0,12,96,1,model.layers.2.self_attn.indexer.compressor.state_cache
3610145178699510,3610145178921352,3610145178923262,3610145178924172,3610145179050662,3610145179066133,3610145179168943,3610145179172183,3610145179181723,0,12,96,1,model.layers.3.self_attn.compressor.state_cache
3610145232687485,3610145233210438,3610145233286179,3610145233549430,3610145233657781,3610145233673101,3610145233958533,3610145237680447,3610145237689707,1,12,96,4,model.layers.2.self_attn.indexer.k_cache
3610145238328852,3610145238501893,3610145238503133,3610145238503873,3610145238603133,3610145238617664,3610145238705654,3610145238757004,3610145238765115,0,12,96,4,model.layers.2.self_attn.attn
3610145239574540,3610145239833502,3610145239835202,3610145239836312,3610145239981983,3610145240019423,3610145240398685,3610145240403025,3610145240412855,0,12,96,128,model.layers.3.self_attn.attn
3610145241464032,3610145241701744,3610145241703414,3610145241704594,3610145241843785,3610145241861185,3610145242239867,3610145242244857,3610145242254727,0,12,96,1,model.layers.0.self_attn.swa_cache
3610145243276524,3610145243511556,3610145243513116,3610145243514056,3610145243655837,3610145243674677,3610145243789387,3610145243792688,3610145243802838,0,12,96,1,model.layers.1.self_attn.swa_cache
3610145244928895,3610145245163477,3610145245165107,3610145245166127,3610145245307427,3610145245325108,3610145245439738,3610145245443218,3610145245453438,0,12,96,1,model.layers.2.self_attn.compressor.state_cache
3610145246285774,3610145246525685,3610145246527455,3610145246528625,3610145246669966,3610145246688037,3610145246802117,3610145246804967,3610145246815367,0,12,96,1,model.layers.2.self_attn.indexer.compressor.state_cache
3610145247954455,3610145248154216,3610145248155476,3610145248156216,3610145248254367,3610145248267037,3610145248349447,3610145248351897,3610145248359248,0,12,96,1,model.layers.3.self_attn.compressor.state_cache
3610145308847315,3610145309423798,3610145309507609,3610145309802311,3610145309917062,3610145309932752,3610145310433625,3610145311246710,3610145311255940,1,12,96,4,model.layers.2.self_attn.indexer.k_cache
3610145312020115,3610145312211797,3610145312213017,3610145312213667,3610145312314227,3610145312332288,3610145312418838,3610145312479169,3610145312487129,0,12,96,4,model.layers.2.self_attn.attn
3610145313218003,3610145313394525,3610145313395855,3610145313396485,3610145313497755,3610145313511925,3610145313863788,3610145313867278,3610145313874028,0,12,96,128,model.layers.3.self_attn.attn
3610145314608943,3610145314788254,3610145314789494,3610145314790164,3610145314893564,3610145314906724,3610145315266827,3610145315270827,3610145315278027,0,12,96,1,model.layers.0.self_attn.swa_cache
3610145316017782,3610145316203063,3610145316204293,3610145316205083,3610145316303884,3610145316315954,3610145316395134,3610145316397254,3610145316404414,0,12,96,1,model.layers.1.self_attn.swa_cache
3610145317122999,3610145317301220,3610145317302290,3610145317302950,3610145317405331,3610145317417421,3610145317502202,3610145317504462,3610145317511042,0,12,96,1,model.layers.2.self_attn.compressor.state_cache
3610145318137616,3610145318311897,3610145318313077,3610145318313667,3610145318415818,3610145318428318,3610145318508608,3610145318510398,3610145318516778,0,12,96,1,model.layers.2.self_attn.indexer.compressor.state_cache
3610145319249553,3610145319416184,3610145319417164,3610145319417834,3610145319515395,3610145319526655,3610145319605415,3610145319607405,3610145319613835,0,12,96,1,model.layers.3.self_attn.compressor.state_cache
3610145373112587,3610145373637650,3610145373713811,3610145373985972,3610145374099293,3610145374114373,3610145374395765,3610145377398795,3610145377407995,1,12,96,4,model.layers.2.self_attn.indexer.k_cache
3610145378066529,3610145378229000,3610145378230150,3610145378230820,3610145378326741,3610145378341211,3610145378424922,3610145378523522,3610145378533122,0,12,96,4,model.layers.2.self_attn.attn
3610145379426158,3610145379634949,3610145379636579,3610145379637509,3610145379763090,3610145379781890,3610145380120623,3610145380125083,3610145380133233,0,12,96,128,model.layers.3.self_attn.attn
3610145381033219,3610145381254230,3610145381255610,3610145381256450,3610145381382841,3610145381398481,3610145381723323,3610145381727063,3610145381735173,0,12,96,1,model.layers.0.self_attn.swa_cache
3610145382628699,3610145382844031,3610145382845521,3610145382846481,3610145382972411,3610145382988151,3610145383089282,3610145383092162,3610145383101452,0,12,96,1,model.layers.1.self_attn.swa_cache
3610145383986208,3610145384212430,3610145384213960,3610145384214930,3610145384340300,3610145384356040,3610145384458081,3610145384461201,3610145384470121,0,12,96,1,model.layers.2.self_attn.compressor.state_cache
3610145385211076,3610145385424427,3610145385425997,3610145385426967,3610145385550278,3610145385565708,3610145385665819,3610145385668299,3610145385677459,0,12,96,1,model.layers.2.self_attn.indexer.compressor.state_cache
3610145386634595,3610145386842607,3610145386843977,3610145386844907,3610145386987848,3610145387000648,3610145387087918,3610145387090378,3610145387097788,0,12,96,1,model.layers.3.self_attn.compressor.state_cache
3610145440639860,3610145441159803,3610145441237474,3610145441500506,3610145441610076,3610145441625517,3610145442023099,3610145446073676,3610145446086016,1,12,96,4,model.layers.2.self_attn.indexer.k_cache
3610145446916081,3610145447134863,3610145447136383,3610145447137303,3610145447262914,3610145447282254,3610145447388404,3610145447454725,3610145447464935,0,12,96,4,model.layers.2.self_attn.attn
3610145448427311,3610145448645103,3610145448647093,3610145448647983,3610145448773273,3610145448792554,3610145449261057,3610145449265817,3610145449274947,0,12,96,128,model.layers.3.self_attn.attn
3610145450203703,3610145450425464,3610145450427074,3610145450428034,3610145450556025,3610145450571995,3610145451031268,3610145451036248,3610145451045088,0,12,96,1,model.layers.0.self_attn.swa_cache
3610145451978474,3610145452224636,3610145452226146,3610145452227126,3610145452358507,3610145452374347,3610145452476868,3610145452479748,3610145452489698,0,12,96,1,model.layers.1.self_attn.swa_cache
3610145453359474,3610145453539505,3610145453540925,3610145453541635,3610145453649905,3610145453663466,3610145453748466,3610145453751026,3610145453759096,0,12,96,1,model.layers.2.self_attn.compressor.state_cache
3610145454391720,3610145454572642,3610145454574012,3610145454574872,3610145454681922,3610145454695522,3610145454782733,3610145454784723,3610145454792273,0,12,96,1,model.layers.2.self_attn.indexer.compressor.state_cache
3610145455580578,3610145455760499,3610145455761989,3610145455762759,3610145455868100,3610145455881230,3610145455966411,3610145455968711,3610145455975981,0,12,96,1,model.layers.3.self_attn.compressor.state_cache
3610145509260921,3610145509777524,3610145509853894,3610145510128366,3610145510267757,3610145510284047,3610145510570139,3610145512423711,3610145512432521,1,12,96,4,model.layers.2.self_attn.indexer.k_cache
3610145513067076,3610145513231147,3610145513232267,3610145513232957,3610145513331797,3610145513346137,3610145513427508,3610145513480818,3610145513488468,0,12,96,4,model.layers.2.self_attn.attn
3610145514199703,3610145514362134,3610145514363254,3610145514364024,3610145514460095,3610145514474355,3610145514735847,3610145514738967,3610145514745227,0,12,96,128,model.layers.3.self_attn.attn
3610145515457251,3610145515624172,3610145515625462,3610145515626092,3610145515724143,3610145515736913,3610145515991995,3610145515995305,3610145516021015,0,12,96,1,model.layers.0.self_attn.swa_cache
3610145516733600,3610145516898581,3610145516899711,3610145516900511,3610145516996751,3610145517009111,3610145517088772,3610145517091282,3610145517098352,0,12,96,1,model.layers.1.self_attn.swa_cache
3610145517795367,3610145517965378,3610145517966568,3610145517967428,3610145518066298,3610145518078378,3610145518157259,3610145518159249,3610145518166479,0,12,96,1,model.layers.2.self_attn.compressor.state_cache
3610145518865634,3610145519046705,3610145519047945,3610145519048845,3610145519158826,3610145519172196,3610145519260726,3610145519262616,3610145519270576,0,12,96,1,model.layers.2.self_attn.indexer.compressor.state_cache
3610145520086762,3610145520276703,3610145520278033,3610145520278783,3610145520382854,3610145520395524,3610145520484774,3610145520487474,3610145520495334,0,12,96,1,model.layers.3.self_attn.compressor.state_cache
3610145574050046,3610145574570449,3610145574647550,3610145574933572,3610145575045473,3610145575060733,3610145575352635,3610145578653416,3610145578662996,1,12,96,4,model.layers.2.self_attn.indexer.k_cache
3610145579364301,3610145579538392,3610145579539622,3610145579540292,3610145579644203,3610145579659303,3610145579745983,3610145579799514,3610145579807764,0,12,96,4,model.layers.2.self_attn.attn
3610145580560249,3610145580732290,3610145580733720,3610145580734540,3610145580835951,3610145580850461,3610145581127672,3610145581131062,3610145581137233,0,12,96,128,model.layers.3.self_attn.attn
3610145581876157,3610145582052969,3610145582054159,3610145582054949,3610145582156899,3610145582169719,3610145582436851,3610145582439941,3610145582446461,0,12,96,1,model.layers.0.self_attn.swa_cache
3610145583210636,3610145583391157,3610145583392377,3610145583393177,3610145583496128,3610145583508908,3610145583594579,3610145583596909,3610145583604119,0,12,96,1,model.layers.1.self_attn.swa_cache
3610145584442754,3610145584655006,3610145584656576,3610145584657496,3610145584778576,3610145584793917,3610145584894037,3610145584897007,3610145584905447,0,12,96,1,model.layers.2.self_attn.compressor.state_cache
3610145585648482,3610145585861114,3610145585862614,3610145585863494,3610145585986494,3610145586002494,3610145586105495,3610145586107815,3610145586116215,0,12,96,1,model.layers.2.self_attn.indexer.compressor.state_cache
3610145587035411,3610145587242813,3610145587244363,3610145587245173,3610145587366563,3610145587381624,3610145587481814,3610145587484534,3610145587493304,0,12,96,1,model.layers.3.self_attn.compressor.state_cache
3610145642465715,3610145643018649,3610145643095659,3610145643430352,3610145643561492,3610145643579203,3610145644129676,3610145644911601,3610145644920391,1,12,96,4,model.layers.2.self_attn.indexer.k_cache
3610145645608196,3610145645776467,3610145645777707,3610145645778417,3610145645876918,3610145645891468,3610145645975058,3610145646029169,3610145646037249,0,12,96,4,model.layers.2.self_attn.attn
3610145646749893,3610145646918304,3610145646919464,3610145646920154,3610145647018505,3610145647032845,3610145647385148,3610145647388648,3610145647395298,0,12,96,128,model.layers.3.self_attn.attn
3610145648148733,3610145648324904,3610145648326214,3610145648326944,3610145648429904,3610145648441984,3610145648792247,3610145648795807,3610145648802787,0,12,96,1,model.layers.0.self_attn.swa_cache
3610145649521992,3610145649693073,3610145649694393,3610145649695023,3610145649794193,3610145649806553,3610145649887134,3610145649889704,3610145649896684,0,12,96,1,model.layers.1.self_attn.swa_cache
3610145650596179,3610145650762360,3610145650763640,3610145650764370,3610145650863140,3610145650875550,3610145650956751,3610145650959171,3610145650966331,0,12,96,1,model.layers.2.self_attn.compressor.state_cache
3610145651546065,3610145651708296,3610145651709426,3610145651710066,3610145651804837,3610145651816757,3610145651895957,3610145651897767,3610145651904497,0,12,96,1,model.layers.2.self_attn.indexer.compressor.state_cache
3610145652655432,3610145652818333,3610145652819523,3610145652820163,3610145652918394,3610145652930174,3610145653008874,3610145653011294,3610145653018335,0,12,96,1,model.layers.3.self_attn.compressor.state_cache
3610145706643526,3610145707177290,3610145707255831,3610145707532112,3610145707643123,3610145707658663,3610145707946745,3610145711213216,3610145711221877,1,12,96,4,model.layers.2.self_attn.indexer.k_cache
3610145711885231,3610145712073892,3610145712075112,3610145712075852,3610145712181633,3610145712196213,3610145712281563,3610145712334474,3610145712342234,0,12,96,4,model.layers.2.self_attn.attn
3610145713073069,3610145713237530,3610145713238790,3610145713239540,3610145713338800,3610145713353161,3610145713614932,3610145713618082,3610145713624312,0,12,96,128,model.layers.3.self_attn.attn
3610145714328547,3610145714549178,3610145714550748,3610145714551708,3610145714687409,3610145714707779,3610145715056832,3610145715061002,3610145715069492,0,12,96,1,model.layers.0.self_attn.swa_cache
3610145716043738,3610145716271830,3610145716273410,3610145716274430,3610145716406811,3610145716423081,3610145716529931,3610145716533041,3610145716542581,0,12,96,1,model.layers.1.self_attn.swa_cache
3610145717498548,3610145717726059,3610145717727849,3610145717728799,3610145717863180,3610145717879850,3610145717989321,3610145717992771,3610145718002341,0,12,96,1,model.layers.2.self_attn.compressor.state_cache
3610145718806576,3610145719029808,3610145719031458,3610145719032298,3610145719164799,3610145719181749,3610145719291180,3610145719293570,3610145719303300,0,12,96,1,model.layers.2.self_attn.indexer.compressor.state_cache
3610145720324256,3610145720548758,3610145720550298,3610145720551208,3610145720682529,3610145720698909,3610145720808159,3610145720811529,3610145720821210,0,12,96,1,model.layers.3.self_attn.compressor.state_cache
3610145774522202,3610145775051305,3610145775129076,3610145775397298,3610145775510028,3610145775525549,3610145775812580,3610145779071112,3610145779080202,1,12,96,4,model.layers.2.self_attn.indexer.k_cache
3610145779735836,3610145779900777,3610145779901857,3610145779902537,3610145780041948,3610145780058018,3610145780250410,3610145780342730,3610145780354090,0,12,96,4,model.layers.2.self_attn.attn
3610145781339927,3610145781573058,3610145781574768,3610145781575718,3610145781711149,3610145781731349,3610145782080772,3610145782085222,3610145782093722,0,12,96,128,model.layers.3.self_attn.attn
3610145783078358,3610145783308710,3610145783310430,3610145783311480,3610145783448541,3610145783465631,3610145783828913,3610145783833623,3610145783841773,0,12,96,1,model.layers.0.self_attn.swa_cache
3610145784834950,3610145785058821,3610145785060451,3610145785061451,3610145785198912,3610145785215562,3610145785323973,3610145785326943,3610145785336733,0,12,96,1,model.layers.1.self_attn.swa_cache
3610145786293479,3610145786519851,3610145786521561,3610145786522501,3610145786659402,3610145786676852,3610145786789462,3610145786792533,3610145786802183,0,12,96,1,model.layers.2.self_attn.compressor.state_cache
3610145787601178,3610145787827679,3610145787829379,3610145787830259,3610145787962930,3610145787979760,3610145788183742,3610145788186342,3610145788193662,0,12,96,1,model.layers.2.self_attn.indexer.compressor.state_cache
3610145788939387,3610145789105428,3610145789106788,3610145789107428,3610145789203618,3610145789216278,3610145789295559,3610145789297649,3610145789304809,0,12,96,1,model.layers.3.self_attn.compressor.state_cache
3610145842622889,3610145843153202,3610145843230093,3610145843504745,3610145843615495,3610145843631316,3610145844050238,3610145847349650,3610145847361710,1,12,96,4,model.layers.2.self_attn.indexer.k_cache
3610145848181305,3610145848381617,3610145848383177,3610145848384087,3610145848503528,3610145848521418,3610145848622108,3610145848684349,3610145848693909,0,12,96,4,model.layers.2.self_attn.attn
3610145849554854,3610145849760856,3610145849762226,3610145849763166,3610145849880187,3610145849897237,3610145850324409,3610145850329290,3610145850337290,0,12,96,128,model.layers.3.self_attn.attn
3610145851210565,3610145851416447,3610145851417847,3610145851418847,3610145851536797,3610145851551958,3610145851986870,3610145851991400,3610145851999530,0,12,96,1,model.layers.0.self_attn.swa_cache
3610145852882096,3610145853084818,3610145853086458,3610145853087288,3610145853206728,3610145853221949,3610145853317819,3610145853320569,3610145853329339,0,12,96,1,model.layers.1.self_attn.swa_cache
3610145854254125,3610145854438166,3610145854439516,3610145854440416,3610145854546317,3610145854559847,3610145854646368,3610145854648788,3610145854656468,0,12,96,1,model.layers.2.self_attn.compressor.state_cache
3610145855298142,3610145855476533,3610145855478153,3610145855478873,3610145855585344,3610145855598234,3610145855683775,3610145855685815,3610145855693655,0,12,96,1,model.layers.2.self_attn.indexer.compressor.state_cache
3610145856516500,3610145856686741,3610145856687901,3610145856688631,3610145856794892,3610145856808482,3610145856894213,3610145856896663,3610145856904563,0,12,96,1,model.layers.3.self_attn.compressor.state_cache
3610145913504314,3610145914036558,3610145914116138,3610145914403860,3610145914517521,3610145914538161,3610145914971354,3610145918676808,3610145918686578,1,12,96,4,model.layers.2.self_attn.indexer.k_cache
3610145919360993,3610145919535484,3610145919536764,3610145919537544,3610145919638554,3610145919653335,3610145919737005,3610145919789225,3610145919797235,0,12,96,4,model.layers.2.self_attn.attn
3610145920814492,3610145921060444,3610145921062144,3610145921063184,3610145921205525,3610145921226265,3610145921747338,3610145921752548,3610145921762838,0,12,96,128,model.layers.3.self_attn.attn
3610145922813175,3610145923053957,3610145923055907,3610145923057107,3610145923200368,3610145923218658,3610145923722141,3610145923727571,3610145923737171,0,12,96,1,model.layers.0.self_attn.swa_cache
3610145924822748,3610145925064000,3610145925065780,3610145925066820,3610145925209051,3610145925228111,3610145925344342,3610145925348002,3610145925358902,0,12,96,1,model.layers.1.self_attn.swa_cache
3610145926362839,3610145926603440,3610145926605040,3610145926606050,3610145926749831,3610145926768731,3610145926885882,3610145926889412,3610145926899332,0,12,96,1,model.layers.2.self_attn.compressor.state_cache
3610145927739648,3610145927982649,3610145927984379,3610145927985609,3610145928142470,3610145928198481,3610145928279891,3610145928281801,3610145928289501,0,12,96,1,model.layers.2.self_attn.indexer.compressor.state_cache
3610145929025446,3610145929187637,3610145929188667,3610145929189387,3610145929288958,3610145929304288,3610145929385908,3610145929388578,3610145929395508,0,12,96,1,model.layers.3.self_attn.compressor.state_cache
3610145986043490,3610145986573804,3610145986651854,3610145986944546,3610145987059347,3610145987075187,3610145987539410,3610145989803585,3610145989813615,1,10,80,4,model.layers.2.self_attn.indexer.k_cache
3610145990505260,3610145990670191,3610145990671631,3610145990672421,3610145990772651,3610145990787581,3610145990867742,3610145990919302,3610145990927472,0,10,80,4,model.layers.2.self_attn.attn
3610145991651847,3610145991820928,3610145991822228,3610145991823048,3610145991923439,3610145991937879,3610145992317711,3610145992321591,3610145992329071,0,10,80,128,model.layers.3.self_attn.attn
3610145993062126,3610145993235217,3610145993236587,3610145993237397,3610145993338538,3610145993351118,3610145993835641,3610145993840231,3610145993848401,0,10,80,1,model.layers.0.self_attn.swa_cache
3610145994681387,3610145994876668,3610145994878098,3610145994879048,3610145994994239,3610145995009169,3610145995101400,3610145995103960,3610145995112230,0,10,80,1,model.layers.1.self_attn.swa_cache
3610145995939675,3610145996149247,3610145996150687,3610145996151557,3610145996266917,3610145996280737,3610145996373858,3610145996376628,3610145996384918,0,10,80,1,model.layers.2.self_attn.compressor.state_cache
3610145997069493,3610145997260784,3610145997262314,3610145997263264,3610145997376925,3610145997391385,3610145997483625,3610145997486055,3610145997494385,0,10,80,1,model.layers.2.self_attn.indexer.compressor.state_cache
3610145998357161,3610145998543072,3610145998544632,3610145998545552,3610145998658093,3610145998672313,3610145998765224,3610145998767894,3610145998776274,0,10,80,1,model.layers.3.self_attn.compressor.state_cache
3610146054473189,3610146055014833,3610146055092053,3610146055404715,3610146055522996,3610146055538816,3610146056023110,3610146057123967,3610146057135127,1,9,72,4,model.layers.2.self_attn.indexer.k_cache
3610146057818171,3610146057996292,3610146057997582,3610146057998272,3610146058099943,3610146058114783,3610146058198974,3610146058252124,3610146058259974,0,9,72,4,model.layers.2.self_attn.attn
3610146059010749,3610146059178190,3610146059179480,3610146059180240,3610146059280111,3610146059295221,3610146059659893,3610146059663473,3610146059670163,0,9,72,128,model.layers.3.self_attn.attn
3610146060422918,3610146060593910,3610146060595200,3610146060595980,3610146060694830,3610146060708210,3610146061075443,3610146061079133,3610146061086093,0,9,72,1,model.layers.0.self_attn.swa_cache
3610146061802497,3610146061974729,3610146061975979,3610146061976669,3610146062073779,3610146062086749,3610146062167070,3610146062169260,3610146062176090,0,9,72,1,model.layers.1.self_attn.swa_cache
3610146062892195,3610146063055746,3610146063057036,3610146063057816,3610146063155796,3610146063168406,3610146063248307,3610146063250687,3610146063257717,0,9,72,1,model.layers.2.self_attn.compressor.state_cache
3610146063842181,3610146064014742,3610146064015872,3610146064016692,3610146064117153,3610146064129393,3610146064209713,3610146064211793,3610146064219043,0,9,72,1,model.layers.2.self_attn.indexer.compressor.state_cache
3610146064960258,3610146065128859,3610146065130109,3610146065130839,3610146065228090,3610146065240900,3610146065321561,3610146065323991,3610146065331031,0,9,72,1,model.layers.3.self_attn.compressor.state_cache
3610146120476223,3610146121040596,3610146121119417,3610146121459059,3610146121609220,3610146121625640,3610146122088153,3610146123105740,3610146123115360,1,8,64,4,model.layers.2.self_attn.indexer.k_cache
3610146123841995,3610146124684350,3610146124686230,3610146124687350,3610146124823161,3610146124838941,3610146124940022,3610146125004832,3610146125013472,0,8,64,4,model.layers.2.self_attn.attn
3610146125798397,3610146125983709,3610146125984939,3610146125985649,3610146126086579,3610146126101219,3610146126510142,3610146126513582,3610146126520352,0,8,64,128,model.layers.3.self_attn.attn
3610146127282337,3610146127458048,3610146127459228,3610146127459878,3610146127566589,3610146127580079,3610146127944102,3610146127947812,3610146127954772,0,8,64,1,model.layers.0.self_attn.swa_cache
3610146128719097,3610146128890198,3610146128891448,3610146128892158,3610146128992048,3610146129004908,3610146129085049,3610146129087509,3610146129094769,0,8,64,1,model.layers.1.self_attn.swa_cache
3610146129971555,3610146130160696,3610146130162046,3610146130162816,3610146130264317,3610146130276997,3610146130361337,3610146130363507,3610146130370777,0,8,64,1,model.layers.2.self_attn.compressor.state_cache
3610146130983681,3610146131150953,3610146131152363,3610146131153053,3610146131250863,3610146131263083,3610146131344874,3610146131346714,3610146131353914,0,8,64,1,model.layers.2.self_attn.indexer.compressor.state_cache
3610146132291990,3610146132459551,3610146132460831,3610146132461621,3610146132563892,3610146132576342,3610146132657902,3610146132660182,3610146132667503,0,8,64,1,model.layers.3.self_attn.compressor.state_cache
3610146260280050,3610146260834254,3610146260914554,3610146261210026,3610146261330047,3610146261346647,3610146261793720,3610146262610465,3610146262620545,1,8,64,4,model.layers.2.self_attn.indexer.k_cache
3610146263345540,3610146263514931,3610146263516211,3610146263517011,3610146263617672,3610146263632952,3610146263719113,3610146263771063,3610146263779043,0,8,64,4,model.layers.2.self_attn.attn
3610146264541608,3610146264715899,3610146264717179,3610146264718019,3610146264818360,3610146264833810,3610146265203962,3610146265208142,3610146265215162,0,8,64,128,model.layers.3.self_attn.attn
3610146265950677,3610146266119738,3610146266120968,3610146266121808,3610146266222109,3610146266234499,3610146266597842,3610146266601612,3610146266608392,0,8,64,1,model.layers.0.self_attn.swa_cache
3610146267335366,3610146267507217,3610146267508387,3610146267509147,3610146267607738,3610146267620148,3610146267703619,3610146267706219,3610146267713499,0,8,64,1,model.layers.1.self_attn.swa_cache
3610146268436294,3610146268606925,3610146268608015,3610146268608665,3610146268708515,3610146268721305,3610146268801626,3610146268804256,3610146268811236,0,8,64,1,model.layers.2.self_attn.compressor.state_cache
3610146269435790,3610146269599501,3610146269600741,3610146269601451,3610146269701962,3610146269715062,3610146269794292,3610146269796273,3610146269803573,0,8,64,1,model.layers.2.self_attn.indexer.compressor.state_cache
3610146270542707,3610146270706088,3610146270707458,3610146270708298,3610146270806759,3610146270819619,3610146270901030,3610146270903500,3610146270911080,0,8,64,1,model.layers.3.self_attn.compressor.state_cache
3610146330330750,3610146330877383,3610146330943214,3610146331251596,3610146331368727,3610146331383687,3610146331831580,3610146332275933,3610146332284913,1,9,4248,4,model.layers.2.self_attn.indexer.k_cache
3610146332999687,3610146333186689,3610146333187969,3610146333188719,3610146333286969,3610146333301209,3610146333383600,3610146333434050,3610146333442070,0,9,4248,4,model.layers.2.self_attn.attn
3610146334161435,3610146334328576,3610146334329756,3610146334330556,3610146334427947,3610146334441707,3610146334810489,3610146334814649,3610146334821189,0,9,4248,128,model.layers.3.self_attn.attn
3610146335544524,3610146335715155,3610146335716525,3610146335717295,3610146335816256,3610146335828336,3610146336203328,3610146336207258,3610146336213958,0,9,4248,1,model.layers.0.self_attn.swa_cache
3610146336968633,3610146337136974,3610146337138174,3610146337138854,3610146337239185,3610146337251695,3610146337332296,3610146337334776,3610146337341756,0,9,4248,1,model.layers.1.self_attn.swa_cache
3610146338169991,3610146338336022,3610146338337232,3610146338338042,3610146338436893,3610146338449583,3610146338531934,3610146338534224,3610146338541764,0,9,4248,1,model.layers.2.self_attn.compressor.state_cache
3610146339136978,3610146339306889,3610146339308039,3610146339308789,3610146339412459,3610146339424539,3610146339506940,3610146339509050,3610146339516130,0,9,4248,1,model.layers.2.self_attn.indexer.compressor.state_cache
3610146340362976,3610146340538707,3610146340539967,3610146340540697,3610146340641657,3610146340654018,3610146340734878,3610146340737258,3610146340744448,0,9,4248,1,model.layers.3.self_attn.compressor.state_cache
3610146766163070,3610146766691153,3610146766768994,3610146767047806,3610146767163326,3610146767180007,3610146767663090,3610146769596532,3610146769606112,1,9,72,4,model.layers.2.self_attn.indexer.k_cache
3610146770384178,3610146770560959,3610146770562269,3610146770562949,3610146770661669,3610146770677109,3610146770763890,3610146770814310,3610146770822070,0,9,72,4,model.layers.2.self_attn.attn
3610146771535425,3610146771698696,3610146771699926,3610146771700556,3610146771797127,3610146771811277,3610146772200169,3610146772203690,3610146772210300,0,9,72,128,model.layers.3.self_attn.attn
3610146772931024,3610146773151696,3610146773153066,3610146773153756,3610146773258956,3610146773272477,3610146773655289,3610146773659069,3610146773666369,0,9,72,1,model.layers.0.self_attn.swa_cache
3610146774442224,3610146774620645,3610146774621905,3610146774622705,3610146774728836,3610146774742386,3610146774829617,3610146774832037,3610146774839427,0,9,72,1,model.layers.1.self_attn.swa_cache
3610146775596052,3610146775782693,3610146775783953,3610146775784773,3610146775888934,3610146775902144,3610146775989284,3610146775991874,3610146775999654,0,9,72,1,model.layers.2.self_attn.compressor.state_cache
3610146776677359,3610146776857740,3610146776859040,3610146776859790,3610146776966121,3610146776978931,3610146777065161,3610146777067271,3610146777074821,0,9,72,1,model.layers.2.self_attn.indexer.compressor.state_cache
3610146777884307,3610146778059878,3610146778061228,3610146778062078,3610146778167169,3610146778180049,3610146778264669,3610146778266899,3610146778274129,0,9,72,1,model.layers.3.self_attn.compressor.state_cache
3610146843161275,3610146843700479,3610146843768169,3610146844081451,3610146844197442,3610146844213782,3610146844534124,3610146844888366,3610146844897296,1,11,8096,4,model.layers.2.self_attn.indexer.k_cache
3610146845601211,3610146845768552,3610146845769792,3610146845770482,3610146845869753,3610146845883843,3610146845965753,3610146846016394,3610146846023724,0,11,8096,4,model.layers.2.self_attn.attn
3610146846730948,3610146846894490,3610146846895870,3610146846896570,3610146846997120,3610146847011130,3610146847280712,3610146847284192,3610146847290032,0,11,8096,128,model.layers.3.self_attn.attn
3610146848024147,3610146848200498,3610146848201648,3610146848202338,3610146848305279,3610146848317499,3610146848582941,3610146848586831,3610146848593541,0,11,8096,1,model.layers.0.self_attn.swa_cache
3610146849307925,3610146849465696,3610146849467016,3610146849467776,3610146849567047,3610146849579417,3610146849660378,3610146849662678,3610146849669788,0,11,8096,1,model.layers.1.self_attn.swa_cache
3610146850374782,3610146850539783,3610146850541183,3610146850541863,3610146850640764,3610146850652694,3610146850731635,3610146850734045,3610146850741045,0,11,8096,1,model.layers.2.self_attn.compressor.state_cache
3610146851327179,3610146851493160,3610146851494410,3610146851495170,3610146851593330,3610146851605320,3610146851685221,3610146851687021,3610146851693911,0,11,8096,1,model.layers.2.self_attn.indexer.compressor.state_cache
3610146852448466,3610146852628157,3610146852629507,3610146852630197,3610146852730518,3610146852743958,3610146852823488,3610146852825898,3610146852832818,0,11,8096,1,model.layers.3.self_attn.compressor.state_cache
3610147327859185,3610147328421198,3610147328488009,3610147328792271,3610147328905112,3610147328920492,3610147329394285,3610147329834538,3610147329843538,1,12,4600,4,model.layers.2.self_attn.indexer.k_cache
3610147330564932,3610147330736304,3610147330737434,3610147330738054,3610147330836834,3610147330849514,3610147330930935,3610147330982885,3610147330989525,0,12,4600,4,model.layers.2.self_attn.attn
3610147331706780,3610147331885501,3610147331887041,3610147331887781,3610147331987532,3610147332017882,3610147332380454,3610147332384164,3610147332390434,0,12,4600,128,model.layers.3.self_attn.attn
3610147333103849,3610147333267290,3610147333268450,3610147333269070,3610147333366451,3610147333378371,3610147333734283,3610147333737423,3610147333743523,0,12,4600,1,model.layers.0.self_attn.swa_cache
3610147334445078,3610147334618079,3610147334619259,3610147334619999,3610147334717830,3610147334729690,3610147334808140,3610147334810480,3610147334816840,0,12,4600,1,model.layers.1.self_attn.swa_cache
3610147335616416,3610147335780567,3610147335781617,3610147335782297,3610147335883207,3610147335895607,3610147335975728,3610147335978028,3610147335984698,0,12,4600,1,model.layers.2.self_attn.compressor.state_cache
3610147336585432,3610147336749803,3610147336750893,3610147336751513,3610147336849154,3610147336861334,3610147336938714,3610147336940414,3610147336946754,0,12,4600,1,model.layers.2.self_attn.indexer.compressor.state_cache
3610147337805170,3610147337972761,3610147337974031,3610147337974891,3610147338078102,3610147338091222,3610147338171152,3610147338173502,3610147338180032,0,12,4600,1,model.layers.3.self_attn.compressor.state_cache
3610147761811671,3610147762344925,3610147762422405,3610147762712707,3610147762827728,3610147762843858,3610147763132310,3610147774585165,3610147774608135,1,12,96,4,model.layers.2.self_attn.indexer.k_cache
3610147776411947,3610147776858630,3610147776861980,3610147776863960,3610147777118772,3610147777155682,3610147777368223,3610147777500244,3610147777520534,0,12,96,4,model.layers.2.self_attn.attn
3610147779340576,3610147779761319,3610147779764319,3610147779766119,3610147780044231,3610147780081181,3610147780645455,3610147780648895,3610147780655815,0,12,96,128,model.layers.3.self_attn.attn
3610147781435170,3610147781627561,3610147781629081,3610147781629951,3610147781734542,3610147781748612,3610147782024544,3610147782028064,3610147782035034,0,12,96,1,model.layers.0.self_attn.swa_cache
3610147782792389,3610147782973320,3610147782974720,3610147782975500,3610147783080771,3610147783094131,3610147783182861,3610147783185041,3610147783192671,0,12,96,1,model.layers.1.self_attn.swa_cache
3610147783951836,3610147784160738,3610147784162108,3610147784162908,3610147784273688,3610147784288589,3610147784378209,3610147784381149,3610147784388659,0,12,96,1,model.layers.2.self_attn.compressor.state_cache
3610147785034823,3610147785217735,3610147785219185,3610147785220015,3610147785323545,3610147785336565,3610147785422926,3610147785424766,3610147785431876,0,12,96,1,model.layers.2.self_attn.indexer.compressor.state_cache
3610147786228571,3610147786407072,3610147786408452,3610147786409272,3610147786512813,3610147786526143,3610147786611044,3610147786613484,3610147786620944,0,12,96,1,model.layers.3.self_attn.compressor.state_cache
3610147843264215,3610147843791559,3610147843871189,3610147844163581,3610147844277432,3610147844293302,3610147844765025,3610147848445719,3610147848455569,1,11,88,4,model.layers.2.self_attn.indexer.k_cache
3610147849161554,3610147849342825,3610147849344365,3610147849345225,3610147849453566,3610147849469406,3610147849556817,3610147849611357,3610147849619997,0,11,88,4,model.layers.2.self_attn.attn
3610147850361652,3610147850541013,3610147850542463,3610147850543333,3610147850649384,3610147850665164,3610147851027006,3610147851030666,3610147851037986,0,11,88,128,model.layers.3.self_attn.attn
3610147851789061,3610147851968742,3610147851970082,3610147851970902,3610147852094733,3610147852108333,3610147852463956,3610147852467366,3610147852474656,0,11,88,1,model.layers.0.self_attn.swa_cache
3610147853258661,3610147853428082,3610147853429292,3610147853430092,3610147853531953,3610147853544863,3610147853675964,3610147853678844,3610147853688134,0,11,88,1,model.layers.1.self_attn.swa_cache
3610147854543249,3610147854753841,3610147854755271,3610147854756241,3610147854875931,3610147854890912,3610147854986222,3610147854989242,3610147854997622,0,11,88,1,model.layers.2.self_attn.compressor.state_cache
3610147855707637,3610147855909008,3610147855910698,3610147855911688,3610147856045039,3610147856061779,3610147856161570,3610147856164340,3610147856173810,0,11,88,1,model.layers.2.self_attn.indexer.compressor.state_cache
3610147857061276,3610147857264217,3610147857265757,3610147857266737,3610147857386558,3610147857401518,3610147857496459,3610147857499489,3610147857508609,0,11,88,1,model.layers.3.self_attn.compressor.state_cache
3610147910293815,3610147910793608,3610147910869079,3610147911142510,3610147911245861,3610147911261211,3610147911638244,3610147915303768,3610147915313118,1,11,88,4,model.layers.2.self_attn.indexer.k_cache
3610147915966772,3610147916157163,3610147916158413,3610147916159173,3610147916256594,3610147916270924,3610147916351645,3610147916401165,3610147916408895,0,11,88,4,model.layers.2.self_attn.attn
3610147917104409,3610147917261350,3610147917262430,3610147917263180,3610147917358321,3610147917372591,3610147917714913,3610147917718603,3610147917725334,0,11,88,128,model.layers.3.self_attn.attn
3610147918427158,3610147918589439,3610147918590669,3610147918591529,3610147918686380,3610147918698160,3610147919030112,3610147919033782,3610147919040292,0,11,88,1,model.layers.0.self_attn.swa_cache
3610147919741317,3610147919904278,3610147919905508,3610147919906328,3610147920109089,3610147920132259,3610147920247230,3610147920250730,3610147920260330,0,11,88,1,model.layers.1.self_attn.swa_cache
3610147921200696,3610147921423948,3610147921425548,3610147921426678,3610147921559139,3610147921575089,3610147921680199,3610147921683219,3610147921692720,0,11,88,1,model.layers.2.self_attn.compressor.state_cache
3610147922464935,3610147922685576,3610147922686936,3610147922687946,3610147922817287,3610147922833487,3610147922935608,3610147922937818,3610147922947258,0,11,88,1,model.layers.2.self_attn.indexer.compressor.state_cache
3610147923904084,3610147924139336,3610147924141046,3610147924142156,3610147924274086,3610147924290697,3610147924395707,3610147924398627,3610147924408697,0,11,88,1,model.layers.3.self_attn.compressor.state_cache
3610147978593323,3610147979164956,3610147979243547,3610147979547599,3610147979663700,3610147979680160,3610147980149623,3610147980923698,3610147980933308,1,10,80,4,model.layers.2.self_attn.indexer.k_cache
3610147981629263,3610147981794184,3610147981795324,3610147981795994,3610147981893844,3610147981908784,3610147981992865,3610147982044965,3610147982053035,0,10,80,4,model.layers.2.self_attn.attn
3610147982751470,3610147982912331,3610147982913601,3610147982914401,3610147983010222,3610147983024362,3610147983372244,3610147983376024,3610147983382554,0,10,80,128,model.layers.3.self_attn.attn
3610147984111589,3610147984270930,3610147984272290,3610147984273050,3610147984371091,3610147984383141,3610147984725053,3610147984728393,3610147984735263,0,10,80,1,model.layers.0.self_attn.swa_cache
3610147985432587,3610147985591679,3610147985592809,3610147985593539,3610147985688599,3610147985700199,3610147985778050,3610147985780270,3610147985787370,0,10,80,1,model.layers.1.self_attn.swa_cache
3610147986476314,3610147986642895,3610147986644205,3610147986644905,3610147986740436,3610147986752056,3610147986829657,3610147986831937,3610147986838817,0,10,80,1,model.layers.2.self_attn.compressor.state_cache
3610147987409490,3610147987573982,3610147987575132,3610147987575832,3610147987672622,3610147987684922,3610147987762053,3610147987764163,3610147987771153,0,10,80,1,model.layers.2.self_attn.indexer.compressor.state_cache
3610147988513798,3610147988671579,3610147988672849,3610147988673519,3610147988768149,3610147988780259,3610147988860420,3610147988862870,3610147988869820,0,10,80,1,model.layers.3.self_attn.compressor.state_cache
3610148041728077,3610148042238360,3610148042312780,3610148042580412,3610148042686523,3610148042701503,3610148043087976,3610148046567858,3610148046578508,1,10,80,4,model.layers.2.self_attn.indexer.k_cache
3610148047289043,3610148047466384,3610148047467754,3610148047468524,3610148047574305,3610148047589815,3610148047675526,3610148047728706,3610148047736846,0,10,80,4,model.layers.2.self_attn.attn
3610148048515111,3610148048694842,3610148048696162,3610148048696902,3610148048800763,3610148048816783,3610148049188126,3610148049191876,3610148049199576,0,10,80,128,model.layers.3.self_attn.attn
3610148049999141,3610148050172412,3610148050173622,3610148050174392,3610148050276713,3610148050289873,3610148050660735,3610148050664415,3610148050671365,0,10,80,1,model.layers.0.self_attn.swa_cache
3610148051427060,3610148051600721,3610148051602021,3610148051602821,3610148051702952,3610148051716662,3610148051801363,3610148051803743,3610148051811263,0,10,80,1,model.layers.1.self_attn.swa_cache
3610148052760369,3610148052966580,3610148052968020,3610148052968930,3610148053090491,3610148053105311,3610148053206352,3610148053209482,3610148053218502,0,10,80,1,model.layers.2.self_attn.compressor.state_cache
3610148053941807,3610148054146118,3610148054147638,3610148054148588,3610148054270069,3610148054284959,3610148054381430,3610148054383640,3610148054392410,0,10,80,1,model.layers.2.self_attn.indexer.compressor.state_cache
3610148055300076,3610148055499247,3610148055500597,3610148055501517,3610148055620208,3610148055635768,3610148055731878,3610148055734958,3610148055743489,0,10,80,1,model.layers.3.self_attn.compressor.state_cache
3610148109105928,3610148109620992,3610148109698502,3610148109967944,3610148110070995,3610148110086425,3610148110469577,3610148113046534,3610148113055974,1,10,80,4,model.layers.2.self_attn.indexer.k_cache
3610148113720119,3610148113888390,3610148113889500,3610148113890170,3610148113987790,3610148114002241,3610148114082001,3610148114131881,3610148114139901,0,10,80,4,model.layers.2.self_attn.attn
3610148114848296,3610148115016507,3610148115017697,3610148115018457,3610148115118548,3610148115132708,3610148115480510,3610148115484050,3610148115491120,0,10,80,128,model.layers.3.self_attn.attn
3610148116215655,3610148116380686,3610148116381976,3610148116382716,3610148116482917,3610148116494987,3610148116839979,3610148116843659,3610148116850819,0,10,80,1,model.layers.0.self_attn.swa_cache
3610148117558474,3610148117726905,3610148117728015,3610148117728715,3610148117938696,3610148117955796,3610148118058437,3610148118061067,3610148118069397,0,10,80,1,model.layers.1.self_attn.swa_cache
3610148118901063,3610148119100054,3610148119101564,3610148119102444,3610148119217375,3610148119231515,3610148119324545,3610148119327405,3610148119336046,0,10,80,1,model.layers.2.self_attn.compressor.state_cache
3610148120050900,3610148120254402,3610148120255732,3610148120256542,3610148120373102,3610148120387492,3610148120479593,3610148120481773,3610148120490063,0,10,80,1,model.layers.2.self_attn.indexer.compressor.state_cache
3610148121360129,3610148121553870,3610148121555420,3610148121556200,3610148121671931,3610148121686731,3610148121778482,3610148121781162,3610148121789382,0,10,80,1,model.layers.3.self_attn.compressor.state_cache
3610148175778336,3610148176327419,3610148176403990,3610148176679862,3610148176790082,3610148176804792,3610148177091404,3610148180363706,3610148180372476,1,9,72,4,model.layers.2.self_attn.indexer.k_cache
3610148181039140,3610148181207751,3610148181209171,3610148181209851,3610148181307242,3610148181321692,3610148181401152,3610148181450693,3610148181458393,0,9,72,4,model.layers.2.self_attn.attn
3610148182167038,3610148182334129,3610148182335419,3610148182336139,3610148182431609,3610148182446369,3610148182709641,3610148182712871,3610148182719561,0,9,72,128,model.layers.3.self_attn.attn
3610148183426816,3610148183597657,3610148183598987,3610148183599717,3610148183698548,3610148183711058,3610148183969859,3610148183973089,3610148183979429,0,9,72,1,model.layers.0.self_attn.swa_cache
3610148185049006,3610148185276998,3610148185278808,3610148185279898,3610148185411499,3610148185428139,3610148185535140,3610148185538390,3610148185548360,0,9,72,1,model.layers.1.self_attn.swa_cache
3610148186547136,3610148186778778,3610148186780628,3610148186781878,3610148186911589,3610148186928479,3610148187036049,3610148187039529,3610148187048770,0,9,72,1,model.layers.2.self_attn.compressor.state_cache
3610148187835525,3610148188076406,3610148188078156,3610148188079266,3610148188214117,3610148188230867,3610148188343478,3610148188346348,3610148188355738,0,9,72,1,model.layers.2.self_attn.indexer.compressor.state_cache
3610148189345415,3610148189573766,3610148189575486,3610148189576386,3610148189708407,3610148189724697,3610148189832518,3610148189835598,3610148189844858,0,9,72,1,model.layers.3.self_attn.compressor.state_cache
3610148254376681,3610148254925085,3610148254991725,3610148255304597,3610148255425168,3610148255441268,3610148255766300,3610148256137573,3610148256146273,1,9,4248,4,model.layers.2.self_attn.indexer.k_cache
3610148256875887,3610148257042108,3610148257043618,3610148257044318,3610148257143689,3610148257157429,3610148257239150,3610148257290100,3610148257297340,0,9,4248,4,model.layers.2.self_attn.attn
3610148258001925,3610148258167796,3610148258169086,3610148258169746,3610148258267557,3610148258281757,3610148258540218,3610148258543418,3610148258549638,0,9,4248,128,model.layers.3.self_attn.attn
3610148259250783,3610148259419334,3610148259420524,3610148259421244,3610148259519565,3610148259532265,3610148259786006,3610148259788936,3610148259794877,0,9,4248,1,model.layers.0.self_attn.swa_cache
3610148260513741,3610148260674402,3610148260675732,3610148260676452,3610148260773293,3610148260785593,3610148260862894,3610148260865324,3610148260871944,0,9,4248,1,model.layers.1.self_attn.swa_cache
3610148261565278,3610148261731309,3610148261732459,3610148261733089,3610148261830170,3610148261842470,3610148261922750,3610148261924770,3610148261931241,0,9,4248,1,model.layers.2.self_attn.compressor.state_cache
3610148262507144,3610148262673725,3610148262674885,3610148262675605,3610148262770496,3610148262782166,3610148262861667,3610148262863517,3610148262870517,0,9,4248,1,model.layers.2.self_attn.indexer.compressor.state_cache
3610148263599381,3610148263768263,3610148263769593,3610148263770453,3610148263865403,3610148263877623,3610148263959304,3610148263961394,3610148263968334,0,9,4248,1,model.layers.3.self_attn.compressor.state_cache
3610148677225194,3610148677746287,3610148677822498,3610148678087319,3610148678198400,3610148678213820,3610148678615253,3610148688481727,3610148688506318,1,9,72,4,model.layers.2.self_attn.indexer.k_cache
3610148690209989,3610148690656242,3610148690659062,3610148690660762,3610148690913873,3610148690950124,3610148691167455,3610148691298966,3610148691318276,0,9,72,4,model.layers.2.self_attn.attn
3610148693134598,3610148693552871,3610148693555721,3610148693557381,3610148693809752,3610148693844973,3610148694431816,3610148694434946,3610148694441656,0,9,72,128,model.layers.3.self_attn.attn
3610148695154781,3610148695329922,3610148695331152,3610148695331882,3610148695431173,3610148695443033,3610148695789455,3610148695792845,3610148695799355,0,9,72,1,model.layers.0.self_attn.swa_cache
3610148696508790,3610148696673551,3610148696674741,3610148696675461,3610148696771382,3610148696783412,3610148696862352,3610148696864632,3610148696871632,0,9,72,1,model.layers.1.self_attn.swa_cache
3610148697587507,3610148697753808,3610148697754928,3610148697755568,3610148697853669,3610148697865899,3610148697943779,3610148697946149,3610148697953050,0,9,72,1,model.layers.2.self_attn.compressor.state_cache
3610148698527303,3610148698692044,3610148698693304,3610148698693954,3610148698789335,3610148698800565,3610148698875096,3610148698876836,3610148698883706,0,9,72,1,model.layers.2.self_attn.indexer.compressor.state_cache
3610148699605180,3610148699770771,3610148699772011,3610148699772681,3610148699867102,3610148699878932,3610148699956923,3610148699959183,3610148699966493,0,9,72,1,model.layers.3.self_attn.compressor.state_cache
3610148763935582,3610148764477426,3610148764543166,3610148764835238,3610148764950399,3610148764965529,3610148765270891,3610148765615133,3610148765623963,1,11,8096,4,model.layers.2.self_attn.indexer.k_cache
3610148766351458,3610148766518459,3610148766519599,3610148766520259,3610148766618120,3610148766632010,3610148766712410,3610148766765811,3610148766773231,0,11,8096,4,model.layers.2.self_attn.attn
3610148767480295,3610148767643366,3610148767644516,3610148767645136,3610148767745637,3610148767759387,3610148768036309,3610148768039529,3610148768046039,0,11,8096,128,model.layers.3.self_attn.attn
3610148768785144,3610148768953555,3610148768954905,3610148768955545,3610148769056156,3610148769067786,3610148769329297,3610148769332447,3610148769338927,0,11,8096,1,model.layers.0.self_attn.swa_cache
3610148770057002,3610148770224013,3610148770225313,3610148770226083,3610148770323844,3610148770336074,3610148770415444,3610148770417674,3610148770424565,0,11,8096,1,model.layers.1.self_attn.swa_cache
3610148771123489,3610148771284550,3610148771285810,3610148771286490,3610148771383061,3610148771395411,3610148771474621,3610148771477091,3610148771483841,0,11,8096,1,model.layers.2.self_attn.compressor.state_cache
3610148772086885,3610148772250196,3610148772251386,3610148772252166,3610148772347427,3610148772359297,3610148772437708,3610148772439278,3610148772446288,0,11,8096,1,model.layers.2.self_attn.indexer.compressor.state_cache
3610148773180773,3610148773344904,3610148773346094,3610148773346694,3610148773443894,3610148773456014,3610148773533715,3610148773535955,3610148773542915,0,11,8096,1,model.layers.3.self_attn.compressor.state_cache
3610149258808465,3610149259348709,3610149259414299,3610149259715201,3610149259833422,3610149259847632,3610149260172144,3610149260536097,3610149260544667,1,12,4600,4,model.layers.2.self_attn.indexer.k_cache
3610149261238421,3610149261404222,3610149261405363,3610149261405963,3610149261506173,3610149261519113,3610149261601884,3610149261652504,3610149261659824,0,12,4600,4,model.layers.2.self_attn.attn
3610149262368279,3610149262526250,3610149262527380,3610149262528090,3610149262625650,3610149262638671,3610149262893772,3610149262896842,3610149262902732,0,12,4600,128,model.layers.3.self_attn.attn
3610149263608747,3610149263777348,3610149263778428,3610149263779068,3610149263877469,3610149263889549,3610149264158531,3610149264161921,3610149264167931,0,12,4600,1,model.layers.0.self_attn.swa_cache
3610149264870445,3610149265036036,3610149265037096,3610149265037786,3610149265132737,3610149265143827,3610149265221318,3610149265223548,3610149265230168,0,12,4600,1,model.layers.1.self_attn.swa_cache
3610149265919522,3610149266088653,3610149266089823,3610149266090543,3610149266186344,3610149266198424,3610149266277084,3610149266279684,3610149266286224,0,12,4600,1,model.layers.2.self_attn.compressor.state_cache
3610149266867928,3610149267034209,3610149267035489,3610149267036169,3610149267133310,3610149267144730,3610149267222991,3610149267224771,3610149267231191,0,12,4600,1,model.layers.2.self_attn.indexer.compressor.state_cache
3610149267962525,3610149268153097,3610149268154307,3610149268155027,3610149268254237,3610149268266717,3610149268347038,3610149268349268,3610149268355928,0,12,4600,1,model.layers.3.self_attn.compressor.state_cache
3610149685516902,3610149686069796,3610149686149566,3610149686495619,3610149686617999,3610149686642230,3610149687306904,3610149688440781,3610149688450151,1,11,88,4,model.layers.2.self_attn.indexer.k_cache
3610149689191026,3610149689359047,3610149689360147,3610149689360787,3610149689461928,3610149689476298,3610149689558409,3610149689611609,3610149689619119,0,11,88,4,model.layers.2.self_attn.attn
3610149690321864,3610149690486825,3610149690488045,3610149690488785,3610149690585535,3610149690599735,3610149690952718,3610149690956038,3610149690962468,0,11,88,128,model.layers.3.self_attn.attn
3610149691666842,3610149691835334,3610149691836644,3610149691837294,3610149691932704,3610149691944464,3610149692309697,3610149692313177,3610149692319507,0,11,88,1,model.layers.0.self_attn.swa_cache
3610149693027961,3610149693191012,3610149693192042,3610149693192692,3610149693292333,3610149693304233,3610149693384634,3610149693387114,3610149693394054,0,11,88,1,model.layers.1.self_attn.swa_cache
3610149694132619,3610149694298260,3610149694299410,3610149694300160,3610149694393790,3610149694405940,3610149694486841,3610149694489471,3610149694496611,0,11,88,1,model.layers.2.self_attn.compressor.state_cache
3610149695081575,3610149695247316,3610149695248496,3610149695249086,3610149695345307,3610149695357257,3610149695433597,3610149695435587,3610149695442387,0,11,88,1,model.layers.2.self_attn.indexer.compressor.state_cache
3610149696201432,3610149696364673,3610149696365913,3610149696366493,3610149696462504,3610149696473844,3610149696550444,3610149696552594,3610149696559505,0,11,88,1,model.layers.3.self_attn.compressor.state_cache
3610149761502530,3610149762121104,3610149762189114,3610149762569427,3610149762688928,3610149762704128,3610149763205871,3610149763644394,3610149763654334,1,11,4264,4,model.layers.2.self_attn.indexer.k_cache
3610149764417809,3610149764585220,3610149764586400,3610149764587000,3610149764687131,3610149764701551,3610149764785441,3610149764838022,3610149764845642,0,11,4264,4,model.layers.2.self_attn.attn
3610149765560297,3610149765732348,3610149765733658,3610149765734278,3610149765832108,3610149765846468,3610149766203851,3610149766207641,3610149766214501,0,11,4264,128,model.layers.3.self_attn.attn
3610149766934216,3610149767098797,3610149767100117,3610149767100837,3610149767198767,3610149767211317,3610149767562430,3610149767566070,3610149767572650,0,11,4264,1,model.layers.0.self_attn.swa_cache
3610149768318995,3610149768486496,3610149768487666,3610149768488406,3610149768586376,3610149768598886,3610149768679007,3610149768681227,3610149768687867,0,11,4264,1,model.layers.1.self_attn.swa_cache
3610149769495812,3610149769662563,3610149769663723,3610149769664313,3610149769766094,3610149769778414,3610149769858735,3610149769861105,3610149769868115,0,11,4264,1,model.layers.2.self_attn.compressor.state_cache
3610149770455419,3610149770619210,3610149770620310,3610149770620980,3610149770717470,3610149770729750,3610149770807431,3610149770809141,3610149770815751,0,11,4264,1,model.layers.2.self_attn.indexer.compressor.state_cache
3610149771704567,3610149771883588,3610149771884888,3610149771885488,3610149771984979,3610149771997419,3610149772092459,3610149772094889,3610149772101999,0,11,4264,1,model.layers.3.self_attn.compressor.state_cache
3610150197188204,3610150197726268,3610150197806778,3610150198101670,3610150198218131,3610150198234291,3610150198692354,3610150210243010,3610150210268840,1,11,88,4,model.layers.2.self_attn.indexer.k_cache
3610150211944981,3610150212416984,3610150212420154,3610150212421904,3610150212672916,3610150212713506,3610150212915937,3610150213045148,3610150213065158,0,11,88,4,model.layers.2.self_attn.attn
3610150214827850,3610150215242413,3610150215245893,3610150215247803,3610150215496244,3610150215532314,3610150216434230,3610150216442440,3610150216460231,0,11,88,128,model.layers.3.self_attn.attn
3610150217319466,3610150217486707,3610150217487917,3610150217488687,3610150217584528,3610150217596488,3610150217929440,3610150217932600,3610150217939370,0,11,88,1,model.layers.0.self_attn.swa_cache
3610150218623975,3610150218790476,3610150218791706,3610150218792286,3610150218887096,3610150218898697,3610150218978407,3610150218980447,3610150218987357,0,11,88,1,model.layers.1.self_attn.swa_cache
3610150219663452,3610150219824953,3610150219826053,3610150219826643,3610150219920593,3610150219931943,3610150220020364,3610150220022434,3610150220029624,0,11,88,1,model.layers.2.self_attn.compressor.state_cache
3610150220594758,3610150220755129,3610150220756219,3610150220756909,3610150220849959,3610150220861459,3610150220935100,3610150220936840,3610150220943650,0,11,88,1,model.layers.2.self_attn.indexer.compressor.state_cache
3610150221665275,3610150221820036,3610150221821086,3610150221821786,3610150221916106,3610150221927826,3610150222003827,3610150222005927,3610150222013147,0,11,88,1,model.layers.3.self_attn.compressor.state_cache
3610150280209858,3610150280737212,3610150280804742,3610150281134544,3610150281255245,3610150281270975,3610150281605017,3610150281959880,3610150281968110,1,12,4272,4,model.layers.2.self_attn.indexer.k_cache
3610150282806735,3610150282979006,3610150282980086,3610150282980756,3610150283079627,3610150283093337,3610150283173978,3610150283224578,3610150283232088,0,12,4272,4,model.layers.2.self_attn.attn
3610150283933603,3610150284111624,3610150284112844,3610150284113504,3610150284209764,3610150284223184,3610150284473786,3610150284476946,3610150284483136,0,12,4272,128,model.layers.3.self_attn.attn
3610150285189571,3610150285351192,3610150285352342,3610150285352982,3610150285450113,3610150285462483,3610150285711424,3610150285714454,3610150285720934,0,12,4272,1,model.layers.0.self_attn.swa_cache
3610150286418809,3610150286580560,3610150286581700,3610150286582390,3610150286678231,3610150286690201,3610150286769021,3610150286771371,3610150286778371,0,12,4272,1,model.layers.1.self_attn.swa_cache
3610150287467176,3610150287627767,3610150287628987,3610150287629637,3610150287725727,3610150287739318,3610150287814748,3610150287816918,3610150287823638,0,12,4272,1,model.layers.2.self_attn.compressor.state_cache
3610150288421362,3610150288588013,3610150288589083,3610150288589753,3610150288685974,3610150288698254,3610150288775044,3610150288776804,3610150288783524,0,12,4272,1,model.layers.2.self_attn.indexer.compressor.state_cache
3610150289507169,3610150289671500,3610150289672720,3610150289673370,3610150289769551,3610150289781581,3610150289859421,3610150289861891,3610150289868701,0,12,4272,1,model.layers.3.self_attn.compressor.state_cache
3610150700178799,3610150700705123,3610150700782673,3610150701064565,3610150701180156,3610150701196436,3610150701478278,3610150718591140,3610150718611630,1,12,96,4,model.layers.2.self_attn.indexer.k_cache
3610150720123630,3610150720512413,3610150720515263,3610150720516753,3610150720735544,3610150720767814,3610150720951225,3610150721065336,3610150721083296,0,12,96,4,model.layers.2.self_attn.attn
3610150722626076,3610150722995359,3610150722997839,3610150722999259,3610150723215140,3610150723248760,3610150723823444,3610150723830584,3610150723844534,0,12,96,128,model.layers.3.self_attn.attn
3610150725274754,3610150725447045,3610150725448345,3610150725449085,3610150725552586,3610150725565806,3610150725830867,3610150725834157,3610150725840607,0,12,96,1,model.layers.0.self_attn.swa_cache
3610150726571742,3610150726744933,3610150726746313,3610150726746933,3610150726848404,3610150726861194,3610150726943625,3610150726945975,3610150726953485,0,12,96,1,model.layers.1.self_attn.swa_cache
3610150727669739,3610150727848391,3610150727849631,3610150727850331,3610150727952631,3610150727965001,3610150728063862,3610150728066522,3610150728073842,0,12,96,1,model.layers.2.self_attn.compressor.state_cache
3610150728671206,3610150728844277,3610150728845537,3610150728846267,3610150728946098,3610150728958868,3610150729039228,3610150729040888,3610150729048348,0,12,96,1,model.layers.2.self_attn.indexer.compressor.state_cache
3610150729794883,3610150729960524,3610150729961684,3610150729962404,3610150730061335,3610150730074245,3610150730154646,3610150730156766,3610150730164016,0,12,96,1,model.layers.3.self_attn.compressor.state_cache
3610150786777496,3610150787291050,3610150787370570,3610150787635392,3610150787746963,3610150787762703,3610150788201996,3610150792209852,3610150792222232,1,12,96,4,model.layers.2.self_attn.indexer.k_cache
3610150793034067,3610150793244459,3610150793246129,3610150793246949,3610150793373200,3610150793391570,3610150793496480,3610150793559991,3610150793569921,0,12,96,4,model.layers.2.self_attn.attn
3610150794451907,3610150794658138,3610150794659678,3610150794660458,3610150794786129,3610150794803889,3610150795246602,3610150795251252,3610150795259412,0,12,96,128,model.layers.3.self_attn.attn
3610150796162288,3610150796381079,3610150796382639,3610150796383439,3610150796505710,3610150796521500,3610150796957083,3610150796961423,3610150796970113,0,12,96,1,model.layers.0.self_attn.swa_cache
3610150797854599,3610150798068970,3610150798070630,3610150798071440,3610150798193601,3610150798209201,3610150798308812,3610150798311582,3610150798320582,0,12,96,1,model.layers.1.self_attn.swa_cache
3610150799192228,3610150799374129,3610150799375469,3610150799376069,3610150799481450,3610150799495450,3610150799582230,3610150799584890,3610150799593020,0,12,96,1,model.layers.2.self_attn.compressor.state_cache
3610150800248305,3610150800426946,3610150800428246,3610150800429006,3610150800535827,3610150800549457,3610150800635717,3610150800637757,3610150800645437,0,12,96,1,model.layers.2.self_attn.indexer.compressor.state_cache
3610150801435072,3610150801613424,3610150801614754,3610150801615434,3610150801722414,3610150801735744,3610150801821395,3610150801824025,3610150801831495,0,12,96,1,model.layers.3.self_attn.compressor.state_cache
3610150855072774,3610150855589647,3610150855664038,3610150855937199,3610150856080110,3610150856095940,3610150856512153,3610150860230437,3610150860239968,1,11,88,4,model.layers.2.self_attn.indexer.k_cache
3610150860906792,3610150861076053,3610150861077363,3610150861077953,3610150861175934,3610150861189904,3610150861270344,3610150861322245,3610150861330145,0,11,88,4,model.layers.2.self_attn.attn
3610150862054029,3610150862215270,3610150862216400,3610150862217080,3610150862312421,3610150862326681,3610150862677214,3610150862680624,3610150862687184,0,11,88,128,model.layers.3.self_attn.attn
3610150863397348,3610150863563789,3610150863565069,3610150863565779,3610150863662830,3610150863675830,3610150864107293,3610150864112943,3610150864122793,0,11,88,1,model.layers.0.self_attn.swa_cache
3610150865158000,3610150865401341,3610150865403241,3610150865404231,3610150865545032,3610150865562442,3610150865676443,3610150865680013,3610150865690633,0,11,88,1,model.layers.1.self_attn.swa_cache
3610150866688670,3610150866917591,3610150866919351,3610150866920241,3610150867057172,3610150867074172,3610150867186053,3610150867189453,3610150867199703,0,11,88,1,model.layers.2.self_attn.compressor.state_cache
3610150868040629,3610150868287750,3610150868289420,3610150868290280,3610150868430601,3610150868448631,3610150868562712,3610150868565652,3610150868576032,0,11,88,1,model.layers.2.self_attn.indexer.compressor.state_cache
3610150869608819,3610150869839780,3610150869841610,3610150869842700,3610150869981051,3610150869998411,3610150870110362,3610150870113592,3610150870123672,0,11,88,1,model.layers.3.self_attn.compressor.state_cache
3610150924536979,3610150925057032,3610150925134542,3610150925417474,3610150925526935,3610150925542325,3610150925963818,3610150926721653,3610150926731043,1,11,88,4,model.layers.2.self_attn.indexer.k_cache
3610150927407097,3610150927576808,3610150927577958,3610150927578648,3610150927676639,3610150927690759,3610150927769520,3610150927821210,3610150927828530,0,11,88,4,model.layers.2.self_attn.attn
3610150928556455,3610150928723476,3610150928724616,3610150928725326,3610150928822937,3610150928837147,3610150929199539,3610150929203019,3610150929209819,0,11,88,128,model.layers.3.self_attn.attn
3610150929919594,3610150930077695,3610150930078855,3610150930079585,3610150930176686,3610150930189006,3610150930544728,3610150930548538,3610150930555248,0,11,88,1,model.layers.0.self_attn.swa_cache
3610150931264693,3610150931435764,3610150931436964,3610150931437644,3610150931535144,3610150931547694,3610150931627715,3610150931629945,3610150931636885,0,11,88,1,model.layers.1.self_attn.swa_cache
3610150932345700,3610150932509701,3610150932511001,3610150932511681,3610150932609921,3610150932623712,3610150932703712,3610150932705822,3610150932713032,0,11,88,1,model.layers.2.self_attn.compressor.state_cache
3610150933294186,3610150933454837,3610150933456047,3610150933456657,3610150933554458,3610150933566768,3610150933645528,3610150933647178,3610150933654268,0,11,88,1,model.layers.2.self_attn.indexer.compressor.state_cache
3610150934375183,3610150934540264,3610150934541564,3610150934542304,3610150934638815,3610150934651305,3610150934734375,3610150934736615,3610150934743745,0,11,88,1,model.layers.3.self_attn.compressor.state_cache
3610150987266639,3610150987776273,3610150987852853,3610150988167155,3610150988277046,3610150988292626,3610150988679029,3610150992088201,3610150992098861,1,11,88,4,model.layers.2.self_attn.indexer.k_cache
3610150992777345,3610150992938856,3610150992940097,3610150992940807,3610150993039857,3610150993053897,3610150993135328,3610150993189128,3610150993196628,0,11,88,4,model.layers.2.self_attn.attn
3610150993907293,3610150994073054,3610150994074174,3610150994074874,3610150994169285,3610150994183585,3610150994533477,3610150994537167,3610150994543687,0,11,88,128,model.layers.3.self_attn.attn
3610150995250482,3610150995415373,3610150995416463,3610150995417153,3610150995514203,3610150995526623,3610150995881016,3610150995885196,3610150995891866,0,11,88,1,model.layers.0.self_attn.swa_cache
3610150996927633,3610150997156414,3610150997157954,3610150997159004,3610150997290965,3610150997307655,3610150997413566,3610150997417276,3610150997427556,0,11,88,1,model.layers.1.self_attn.swa_cache
3610150998372872,3610150998598374,3610150998600044,3610150998601034,3610150998734724,3610150998751435,3610150998860165,3610150998863335,3610150998873455,0,11,88,1,model.layers.2.self_attn.compressor.state_cache
3610150999661311,3610150999883702,3610150999885242,3610150999886202,3610151000036173,3610151000054393,3610151000167694,3610151000170434,3610151000180354,0,11,88,1,model.layers.2.self_attn.indexer.compressor.state_cache
3610151001169250,3610151001394492,3610151001396052,3610151001397002,3610151001530163,3610151001547213,3610151001654294,3610151001657444,3610151001666674,0,11,88,1,model.layers.3.self_attn.compressor.state_cache
3610151056311882,3610151056835305,3610151056910975,3610151057187557,3610151057300908,3610151057316118,3610151057715391,3610151058468246,3610151058478036,1,11,88,4,model.layers.2.self_attn.indexer.k_cache
3610151059140270,3610151059318051,3610151059319301,3610151059320111,3610151059419992,3610151059435482,3610151059518872,3610151059571213,3610151059579133,0,11,88,4,model.layers.2.self_attn.attn
3610151060315828,3610151060481289,3610151060482349,3610151060483039,3610151060583379,3610151060597680,3610151060961622,3610151060965392,3610151060972382,0,11,88,128,model.layers.3.self_attn.attn
3610151061685597,3610151061845258,3610151061846348,3610151061846968,3610151061945548,3610151061958478,3610151062321871,3610151062325941,3610151062332761,0,11,88,1,model.layers.0.self_attn.swa_cache
3610151063041636,3610151063205717,3610151063206987,3610151063207727,3610151063308747,3610151063321397,3610151063402358,3610151063404888,3610151063411638,0,11,88,1,model.layers.1.self_attn.swa_cache
3610151064127063,3610151064286144,3610151064287214,3610151064287884,3610151064384444,3610151064396764,3610151064474985,3610151064477455,3610151064484045,0,11,88,1,model.layers.2.self_attn.compressor.state_cache
3610151065070179,3610151065235110,3610151065236420,3610151065237180,3610151065334561,3610151065346581,3610151065427341,3610151065429301,3610151065436141,0,11,88,1,model.layers.2.self_attn.indexer.compressor.state_cache
3610151066163046,3610151066322647,3610151066323937,3610151066324647,3610151066422908,3610151066435188,3610151066514668,3610151066517138,3610151066523838,0,11,88,1,model.layers.3.self_attn.compressor.state_cache
3610151121126026,3610151121646099,3610151121722240,3610151122022732,3610151122138483,3610151122155423,3610151122615386,3610151124395067,3610151124404327,1,10,80,4,model.layers.2.self_attn.indexer.k_cache
3610151125079582,3610151125241263,3610151125242553,3610151125243363,3610151125341674,3610151125356574,3610151125438494,3610151125489094,3610151125497015,0,10,80,4,model.layers.2.self_attn.attn
3610151126206139,3610151126374750,3610151126376000,3610151126376870,3610151126474521,3610151126488681,3610151126842633,3610151126846243,3610151126853103,0,10,80,128,model.layers.3.self_attn.attn
3610151127562628,3610151127766449,3610151127767709,3610151127768599,3610151127876320,3610151127889400,3610151128295413,3610151128299713,3610151128307463,0,10,80,1,model.layers.0.self_attn.swa_cache
3610151129103488,3610151129287359,3610151129288649,3610151129289459,3610151129395490,3610151129409260,3610151129497171,3610151129500071,3610151129507961,0,10,80,1,model.layers.1.self_attn.swa_cache
3610151130280126,3610151130460297,3610151130461527,3610151130462367,3610151130567448,3610151130580138,3610151130666648,3610151130669098,3610151130676708,0,10,80,1,model.layers.2.self_attn.compressor.state_cache
3610151131304563,3610151131484174,3610151131485554,3610151131486364,3610151131590854,3610151131603785,3610151131688005,3610151131689955,3610151131697545,0,10,80,1,model.layers.2.self_attn.indexer.compressor.state_cache
3610151132501290,3610151132676012,3610151132677562,3610151132678412,3610151132783032,3610151132795832,3610151132878963,3610151132882033,3610151132889533,0,10,80,1,model.layers.3.self_attn.compressor.state_cache
3610151186051271,3610151186567074,3610151186645125,3610151186913267,3610151187022997,3610151187037688,3610151187430690,3610151190775862,3610151190784832,1,10,80,4,model.layers.2.self_attn.indexer.k_cache
3610151191441596,3610151191609857,3610151191611047,3610151191611757,3610151191708188,3610151191722758,3610151191805549,3610151191856619,3610151191864329,0,10,80,4,model.layers.2.self_attn.attn
3610151192592584,3610151192756845,3610151192757955,3610151192758705,3610151192855236,3610151192870106,3610151193360999,3610151193366099,3610151193375829,0,10,80,128,model.layers.3.self_attn.attn
3610151194371066,3610151194601077,3610151194602747,3610151194603827,3610151194737358,3610151194754978,3610151195247671,3610151195252521,3610151195261471,0,10,80,1,model.layers.0.self_attn.swa_cache
3610151196256168,3610151196480339,3610151196482069,3610151196483149,3610151196614810,3610151196631950,3610151196743221,3610151196746611,3610151196755991,0,10,80,1,model.layers.1.self_attn.swa_cache
3610151197711117,3610151197946149,3610151197948039,3610151197949039,3610151198083520,3610151198100080,3610151198211781,3610151198214751,3610151198224421,0,10,80,1,model.layers.2.self_attn.compressor.state_cache
3610151199017616,3610151199241267,3610151199243067,3610151199244097,3610151199381088,3610151199398138,3610151199507419,3610151199510309,3610151199519619,0,10,80,1,model.layers.2.self_attn.indexer.compressor.state_cache
3610151200535396,3610151200754307,3610151200755767,3610151200756697,3610151200888388,3610151200905378,3610151201011969,3610151201015039,3610151201024589,0,10,80,1,model.layers.3.self_attn.compressor.state_cache
3610151259976025,3610151260535929,3610151260604559,3610151260903801,3610151261016912,3610151261031802,3610151261354174,3610151261717977,3610151261726827,1,11,4264,4,model.layers.2.self_attn.indexer.k_cache
3610151262426121,3610151262592962,3610151262594142,3610151262594792,3610151262695863,3610151262710003,3610151262791914,3610151262846244,3610151262853784,0,11,4264,4,model.layers.2.self_attn.attn
3610151263564379,3610151263730010,3610151263731190,3610151263731970,3610151263831870,3610151263845751,3610151264126772,3610151264130252,3610151264136772,0,11,4264,128,model.layers.3.self_attn.attn
3610151264849657,3610151265018238,3610151265019578,3610151265020298,3610151265119959,3610151265132329,3610151265397611,3610151265401191,3610151265407441,0,11,4264,1,model.layers.0.self_attn.swa_cache
3610151266117155,3610151266283546,3610151266284736,3610151266285396,3610151266383477,3610151266395577,3610151266475628,3610151266478058,3610151266484988,0,11,4264,1,model.layers.1.self_attn.swa_cache
3610151267224213,3610151267391734,3610151267392794,3610151267393534,3610151267491184,3610151267503204,3610151267582105,3610151267584345,3610151267591225,0,11,4264,1,model.layers.2.self_attn.compressor.state_cache
3610151268198839,3610151268362660,3610151268363760,3610151268364470,3610151268462381,3610151268475161,3610151268553971,3610151268556091,3610151268563091,0,11,4264,1,model.layers.2.self_attn.indexer.compressor.state_cache
3610151269305816,3610151269479447,3610151269480647,3610151269481477,3610151269579558,3610151269592188,3610151269670929,3610151269673319,3610151269680589,0,11,4264,1,model.layers.3.self_attn.compressor.state_cache
3610151680941222,3610151681464755,3610151681540026,3610151681810347,3610151681923308,3610151681938748,3610151682359651,3610151690434054,3610151690448194,1,11,88,4,model.layers.2.self_attn.indexer.k_cache
3610151691521031,3610151691774713,3610151691776663,3610151691777703,3610151691929114,3610151691950894,3610151692096155,3610151692172735,3610151692184995,0,11,88,4,model.layers.2.self_attn.attn
3610151693250652,3610151693493874,3610151693495554,3610151693496524,3610151693644075,3610151693665125,3610151694249229,3610151694254319,3610151694265309,0,11,88,128,model.layers.3.self_attn.attn
3610151695373306,3610151695619658,3610151695621518,3610151695622458,3610151695768759,3610151695787009,3610151696345053,3610151696350283,3610151696359873,0,11,88,1,model.layers.0.self_attn.swa_cache
3610151697430460,3610151697689721,3610151697691541,3610151697692601,3610151697840452,3610151697860683,3610151697979383,3610151697983173,3610151697993663,0,11,88,1,model.layers.1.self_attn.swa_cache
3610151699044750,3610151699288142,3610151699289792,3610151699290762,3610151699434333,3610151699455153,3610151699572394,3610151699575704,3610151699586434,0,11,88,1,model.layers.2.self_attn.compressor.state_cache
3610151700479180,3610151700724431,3610151700726051,3610151700727091,3610151700873852,3610151700892162,3610151701008773,3610151701011623,3610151701021923,0,11,88,1,model.layers.2.self_attn.indexer.compressor.state_cache
3610151702114210,3610151702363512,3610151702365182,3610151702366162,3610151702530463,3610151702542543,3610151702620214,3610151702622404,3610151702629204,0,11,88,1,model.layers.3.self_attn.compressor.state_cache
3610151760858015,3610151761389048,3610151761455079,3610151761754871,3610151761869701,3610151761885262,3610151762207084,3610151762548866,3610151762557066,1,12,4272,4,model.layers.2.self_attn.indexer.k_cache
3610151763233710,3610151763399881,3610151763401011,3610151763401591,3610151763499632,3610151763513592,3610151763596573,3610151763648403,3610151763655953,0,12,4272,4,model.layers.2.self_attn.attn
3610151764383028,3610151764540869,3610151764541969,3610151764542639,3610151764639900,3610151764653300,3610151764922531,3610151764925731,3610151764932182,0,12,4272,128,model.layers.3.self_attn.attn
3610151765660606,3610151765830847,3610151765832037,3610151765832687,3610151765931968,3610151765944468,3610151766206010,3610151766209180,3610151766215640,0,12,4272,1,model.layers.0.self_attn.swa_cache
3610151766934385,3610151767100966,3610151767102256,3610151767103096,3610151767199016,3610151767210776,3610151767288297,3610151767290867,3610151767297987,0,12,4272,1,model.layers.1.self_attn.swa_cache
3610151767993132,3610151768170033,3610151768171013,3610151768171773,3610151768267213,3610151768278813,3610151768355214,3610151768357694,3610151768364504,0,12,4272,1,model.layers.2.self_attn.compressor.state_cache
3610151768950708,3610151769116599,3610151769117559,3610151769118209,3610151769216080,3610151769228520,3610151769305230,3610151769307040,3610151769313770,0,12,4272,1,model.layers.2.self_attn.indexer.compressor.state_cache
3610151770073095,3610151770236216,3610151770237426,3610151770238116,3610151770334827,3610151770347667,3610151770424827,3610151770427267,3610151770434358,0,12,4272,1,model.layers.3.self_attn.compressor.state_cache
3610152183085129,3610152183605922,3610152183680862,3610152183957514,3610152184082405,3610152184096875,3610152184525548,3610152194489123,3610152194513353,1,12,96,4,model.layers.2.self_attn.indexer.k_cache
3610152196232555,3610152196676177,3610152196679227,3610152196681017,3610152196944729,3610152196981869,3610152197193431,3610152197319412,3610152197339212,0,12,96,4,model.layers.2.self_attn.attn
3610152199140134,3610152199565746,3610152199568536,3610152199570016,3610152199825238,3610152199861078,3610152200827335,3610152200836575,3610152200854235,0,12,96,128,model.layers.3.self_attn.attn
3610152202527566,3610152202690407,3610152202691597,3610152202692147,3610152202789147,3610152202801298,3610152203154270,3610152203157930,3610152203164600,0,12,96,1,model.layers.0.self_attn.swa_cache
3610152203893805,3610152204075636,3610152204076836,3610152204077436,3610152204180227,3610152204192417,3610152204273017,3610152204275217,3610152204282367,0,12,96,1,model.layers.1.self_attn.swa_cache
3610152205009602,3610152205180373,3610152205181543,3610152205182123,3610152205279514,3610152205291584,3610152205371184,3610152205373684,3610152205380654,0,12,96,1,model.layers.2.self_attn.compressor.state_cache
3610152205963508,3610152206130279,3610152206131539,3610152206132109,3610152206230480,3610152206242270,3610152206319131,3610152206320741,3610152206327981,0,12,96,1,model.layers.2.self_attn.indexer.compressor.state_cache
3610152207057475,3610152207218596,3610152207219886,3610152207220476,3610152207318017,3610152207330287,3610152207409598,3610152207411898,3610152207418748,0,12,96,1,model.layers.3.self_attn.compressor.state_cache
3610152262987082,3610152263506525,3610152263584055,3610152263853287,3610152263963798,3610152263979468,3610152264263080,3610152268221866,3610152268234786,1,12,96,4,model.layers.2.self_attn.indexer.k_cache
3610152269154512,3610152269396733,3610152269398393,3610152269399513,3610152269546354,3610152269566625,3610152269691545,3610152269765536,3610152269777026,0,12,96,4,model.layers.2.self_attn.attn
3610152270786593,3610152271025314,3610152271027004,3610152271028184,3610152271174285,3610152271194155,3610152271564818,3610152271569418,3610152271578388,0,12,96,128,model.layers.3.self_attn.attn
3610152272608654,3610152272855836,3610152272857736,3610152272858716,3610152272996207,3610152273014027,3610152273392960,3610152273397760,3610152273406800,0,12,96,1,model.layers.0.self_attn.swa_cache
3610152274420046,3610152274656778,3610152274658508,3610152274659608,3610152274801479,3610152274819819,3610152274939500,3610152274942940,3610152274953140,0,12,96,1,model.layers.1.self_attn.swa_cache
3610152275958976,3610152276285019,3610152276286239,3610152276286919,3610152276386799,3610152276398859,3610152276478700,3610152276481050,3610152276488660,0,12,96,1,model.layers.2.self_attn.compressor.state_cache
3610152277081004,3610152277250455,3610152277251745,3610152277252415,3610152277350416,3610152277362306,3610152277440636,3610152277442656,3610152277449636,0,12,96,1,model.layers.2.self_attn.indexer.compressor.state_cache
3610152278173821,3610152278336132,3610152278337322,3610152278338042,3610152278438943,3610152278450693,3610152278527403,3610152278529913,3610152278536913,0,12,96,1,model.layers.3.self_attn.compressor.state_cache
3610152338640917,3610152339167910,3610152339246371,3610152339541003,3610152339656013,3610152339671943,3610152340151777,3610152340905372,3610152340914882,1,12,96,4,model.layers.2.self_attn.indexer.k_cache
3610152341610936,3610152341780757,3610152341781947,3610152341782637,3610152341882438,3610152341896638,3610152341981219,3610152342032999,3610152342040949,0,12,96,4,model.layers.2.self_attn.attn
3610152342746144,3610152342908895,3610152342910065,3610152342910735,3610152343008645,3610152343022795,3610152343377098,3610152343380338,3610152343386698,0,12,96,128,model.layers.3.self_attn.attn
3610152344131843,3610152344299554,3610152344300804,3610152344301434,3610152344398484,3610152344410474,3610152344770427,3610152344774097,3610152344780807,0,12,96,1,model.layers.0.self_attn.swa_cache
3610152345485261,3610152345647153,3610152345648383,3610152345649173,3610152345747133,3610152345759573,3610152345837764,3610152345840304,3610152345847604,0,12,96,1,model.layers.1.self_attn.swa_cache
3610152346539658,3610152346702169,3610152346703439,3610152346704119,3610152346801780,3610152346813820,3610152346893491,3610152346896021,3610152346902981,0,12,96,1,model.layers.2.self_attn.compressor.state_cache
3610152347489515,3610152347654686,3610152347655926,3610152347656686,3610152347753716,3610152347765846,3610152347844987,3610152347846727,3610152347854067,0,12,96,1,model.layers.2.self_attn.indexer.compressor.state_cache
3610152348609702,3610152348772933,3610152348774153,3610152348774833,3610152348872214,3610152348884474,3610152348961564,3610152348963974,3610152348970924,0,12,96,1,model.layers.3.self_attn.compressor.state_cache
3610152402109852,3610152402633786,3610152402709166,3610152402999938,3610152403113599,3610152403130829,3610152403557122,3610152404416477,3610152404425587,1,12,96,4,model.layers.2.self_attn.indexer.k_cache
3610152405128742,3610152405306463,3610152405307613,3610152405308303,3610152405408924,3610152405423144,3610152405505824,3610152405556625,3610152405564625,0,12,96,4,model.layers.2.self_attn.attn
3610152406273899,3610152406433800,3610152406435080,3610152406435770,3610152406531551,3610152406546031,3610152406897043,3610152406900543,3610152406907314,0,12,96,128,model.layers.3.self_attn.attn
3610152407621758,3610152407791009,3610152407792239,3610152407792919,3610152407891370,3610152407903900,3610152408303923,3610152408307703,3610152408314633,0,12,96,1,model.layers.0.self_attn.swa_cache
3610152409026517,3610152409194418,3610152409195609,3610152409196309,3610152409291519,3610152409303869,3610152409383660,3610152409385810,3610152409392980,0,12,96,1,model.layers.1.self_attn.swa_cache
3610152410100594,3610152410260895,3610152410262035,3610152410262735,3610152410359186,3610152410371206,3610152410451797,3610152410454217,3610152410461417,0,12,96,1,model.layers.2.self_attn.compressor.state_cache
3610152411048401,3610152411214042,3610152411215332,3610152411215972,3610152411312382,3610152411324352,3610152411402923,3610152411405023,3610152411411773,0,12,96,1,model.layers.2.self_attn.indexer.compressor.state_cache
3610152412149708,3610152412310109,3610152412311249,3610152412312019,3610152412407810,3610152412420830,3610152412498510,3610152412500860,3610152412507470,0,12,96,1,model.layers.3.self_attn.compressor.state_cache
3610152465964200,3610152466492244,3610152466568164,3610152466840956,3610152466950347,3610152466964847,3610152467357329,3610152471220634,3610152471229855,1,12,96,4,model.layers.2.self_attn.indexer.k_cache
3610152471918559,3610152472112160,3610152472113370,3610152472114020,3610152472219891,3610152472235051,3610152472325042,3610152472381302,3610152472389162,0,12,96,4,model.layers.2.self_attn.attn
3610152473109517,3610152473274578,3610152473275968,3610152473276718,3610152473374809,3610152473389709,3610152473894812,3610152473900162,3610152473910682,0,12,96,128,model.layers.3.self_attn.attn
3610152474935979,3610152475176230,3610152475177950,3610152475178960,3610152475320951,3610152475339721,3610152475854455,3610152475859995,3610152475870045,0,12,96,1,model.layers.0.self_attn.swa_cache
3610152476912702,3610152477153313,3610152477155003,3610152477156063,3610152477297864,3610152477315984,3610152477437605,3610152477441285,3610152477451495,0,12,96,1,model.layers.1.self_attn.swa_cache
3610152478450632,3610152478688003,3610152478689733,3610152478690653,3610152478831804,3610152478849954,3610152478967275,3610152478970915,3610152478981595,0,12,96,1,model.layers.2.self_attn.compressor.state_cache
3610152479841871,3610152480100583,3610152480102273,3610152480103313,3610152480246034,3610152480264014,3610152480377114,3610152480379694,3610152480389744,0,12,96,1,model.layers.2.self_attn.indexer.compressor.state_cache
3610152481436211,3610152481667203,3610152481668813,3610152481669863,3610152481809414,3610152481826384,3610152481941945,3610152481945505,3610152481955705,0,12,96,1,model.layers.3.self_attn.compressor.state_cache
3610152534990002,3610152535514545,3610152535592056,3610152535869898,3610152535978138,3610152535993078,3610152536414821,3610152538139742,3610152538148683,1,12,96,4,model.layers.2.self_attn.indexer.k_cache
3610152538786617,3610152538952448,3610152538953518,3610152538954198,3610152539055148,3610152539069039,3610152539154489,3610152539208489,3610152539216860,0,12,96,4,model.layers.2.self_attn.attn
3610152540065325,3610152540251556,3610152540252586,3610152540253276,3610152540358287,3610152540372927,3610152540752220,3610152540755570,3610152540762580,0,12,96,128,model.layers.3.self_attn.attn
3610152541527495,3610152541706486,3610152541707776,3610152541708446,3610152541813387,3610152541826037,3610152542210229,3610152542213829,3610152542221139,0,12,96,1,model.layers.0.self_attn.swa_cache
3610152542990054,3610152543174135,3610152543175445,3610152543176135,3610152543280996,3610152543293866,3610152543380917,3610152543383347,3610152543390827,0,12,96,1,model.layers.1.self_attn.swa_cache
3610152544183852,3610152544362973,3610152544364153,3610152544364863,3610152544468404,3610152544480324,3610152544566455,3610152544568905,3610152544576625,0,12,96,1,model.layers.2.self_attn.compressor.state_cache
3610152545207259,3610152545385310,3610152545386410,3610152545387230,3610152545491961,3610152545504661,3610152545589111,3610152545591021,3610152545598501,0,12,96,1,model.layers.2.self_attn.indexer.compressor.state_cache
3610152546375206,3610152546552978,3610152546554108,3610152546554878,3610152546657398,3610152546670078,3610152546753629,3610152546755939,3610152546763609,0,12,96,1,model.layers.3.self_attn.compressor.state_cache
3610152600282799,3610152600809903,3610152600885393,3610152601163825,3610152601281366,3610152601296236,3610152601703639,3610152605529464,3610152605542584,1,12,96,4,model.layers.2.self_attn.indexer.k_cache
3610152606492530,3610152606728431,3610152606729961,3610152606730981,3610152606875482,3610152606895223,3610152607015253,3610152607090044,3610152607101254,0,12,96,4,model.layers.2.self_attn.attn
3610152608139611,3610152608379702,3610152608381362,3610152608382332,3610152608521173,3610152608541223,3610152609060337,3610152609065287,3610152609074587,0,12,96,128,model.layers.3.self_attn.attn
3610152610098374,3610152610336465,3610152610337975,3610152610339015,3610152610479736,3610152610497546,3610152611010029,3610152611015240,3610152611024960,0,12,96,1,model.layers.0.self_attn.swa_cache
3610152612059246,3610152612285478,3610152612287108,3610152612288138,3610152612430369,3610152612448259,3610152612562140,3610152612565410,3610152612576360,0,12,96,1,model.layers.1.self_attn.swa_cache
3610152613574006,3610152613817748,3610152613818888,3610152613819588,3610152613916938,3610152613929419,3610152614008839,3610152614011309,3610152614018349,0,12,96,1,model.layers.2.self_attn.compressor.state_cache
3610152614609393,3610152614773644,3610152614774854,3610152614775574,3610152614872785,3610152614885395,3610152614965365,3610152614967145,3610152614974155,0,12,96,1,model.layers.2.self_attn.indexer.compressor.state_cache
3610152615698890,3610152615862321,3610152615863511,3610152615864271,3610152615961982,3610152615974182,3610152616066643,3610152616069213,3610152616076423,0,12,96,1,model.layers.3.self_attn.compressor.state_cache
3610152669284531,3610152669803204,3610152669879215,3610152670152297,3610152670263207,3610152670278097,3610152670686480,3610152672799434,3610152672808904,1,12,96,4,model.layers.2.self_attn.indexer.k_cache
3610152673456728,3610152673620659,3610152673621739,3610152673622389,3610152673721900,3610152673736190,3610152673819131,3610152673871271,3610152673878931,0,12,96,4,model.layers.2.self_attn.attn
3610152674591316,3610152674756807,3610152674758137,3610152674758767,3610152674854717,3610152674868697,3610152675223120,3610152675226640,3610152675233290,0,12,96,128,model.layers.3.self_attn.attn
3610152675950724,3610152676143876,3610152676144946,3610152676145696,3610152676244856,3610152676257067,3610152676626749,3610152676630009,3610152676636919,0,12,96,1,model.layers.0.self_attn.swa_cache
3610152677362954,3610152677526415,3610152677527595,3610152677528335,3610152677625995,3610152677638586,3610152677721986,3610152677724516,3610152677731256,0,12,96,1,model.layers.1.self_attn.swa_cache
3610152678428011,3610152678595622,3610152678596742,3610152678597482,3610152678693812,3610152678706093,3610152678786673,3610152678788993,3610152678796393,0,12,96,1,model.layers.2.self_attn.compressor.state_cache
3610152679443487,3610152679624219,3610152679625509,3610152679626229,3610152679732899,3610152679745979,3610152679832610,3610152679834690,3610152679842610,0,12,96,1,model.layers.2.self_attn.indexer.compressor.state_cache
3610152680661375,3610152680839596,3610152680840946,3610152680841676,3610152680947547,3610152680960827,3610152681046848,3610152681049248,3610152681056818,0,12,96,1,model.layers.3.self_attn.compressor.state_cache
3610152734702979,3610152735225742,3610152735301403,3610152735568065,3610152735675055,3610152735690255,3610152736090978,3610152739595231,3610152739604711,1,12,96,4,model.layers.2.self_attn.indexer.k_cache
3610152740312396,3610152740486237,3610152740487757,3610152740488507,3610152740588067,3610152740602547,3610152740685728,3610152740736948,3610152740745098,0,12,96,4,model.layers.2.self_attn.attn
3610152741461053,3610152741626054,3610152741627274,3610152741627974,3610152741725355,3610152741739785,3610152742119997,3610152742123627,3610152742130447,0,12,96,128,model.layers.3.self_attn.attn
3610152742839562,3610152743011923,3610152743013333,3610152743014073,3610152743112804,3610152743125094,3610152743484946,3610152743488616,3610152743495336,0,12,96,1,model.layers.0.self_attn.swa_cache
3610152744240161,3610152744407322,3610152744408442,3610152744409132,3610152744505433,3610152744517803,3610152744597144,3610152744599734,3610152744606724,0,12,96,1,model.layers.1.self_attn.swa_cache
3610152745539590,3610152745766411,3610152745768031,3610152745769111,3610152745900012,3610152745916532,3610152746021253,3610152746024353,3610152746033913,0,12,96,1,model.layers.2.self_attn.compressor.state_cache
3610152746830228,3610152747056210,3610152747057820,3610152747058720,3610152747189551,3610152747206991,3610152747315811,3610152747318401,3610152747328011,0,12,96,1,model.layers.2.self_attn.indexer.compressor.state_cache
3610152748334448,3610152748555189,3610152748556780,3610152748558010,3610152748691640,3610152748708741,3610152748815121,3610152748818641,3610152748828171,0,12,96,1,model.layers.3.self_attn.compressor.state_cache
3610152802876625,3610152803401358,3610152803477289,3610152803758061,3610152803869351,3610152803886062,3610152804315234,3610152805766684,3610152805775294,1,12,96,4,model.layers.2.self_attn.indexer.k_cache
3610152806432178,3610152806605729,3610152806606799,3610152806607479,3610152806708360,3610152806722970,3610152806806871,3610152806857911,3610152806865891,0,12,96,4,model.layers.2.self_attn.attn
3610152807600576,3610152807769427,3610152807770657,3610152807771347,3610152807870008,3610152807884148,3610152808272330,3610152808276170,3610152808282490,0,12,96,128,model.layers.3.self_attn.attn
3610152808996435,3610152809169346,3610152809170636,3610152809171396,3610152809270117,3610152809282447,3610152809643769,3610152809647549,3610152809653759,0,12,96,1,model.layers.0.self_attn.swa_cache
3610152810464205,3610152810644976,3610152810646336,3610152810647086,3610152810753516,3610152810766327,3610152810853097,3610152810855637,3610152810863407,0,12,96,1,model.layers.1.self_attn.swa_cache
3610152811619372,3610152811801343,3610152811802603,3610152811803403,3610152811912044,3610152811925034,3610152812024425,3610152812026795,3610152812034525,0,12,96,1,model.layers.2.self_attn.compressor.state_cache
3610152812680669,3610152812857670,3610152812858990,3610152812859900,3610152812964641,3610152812978341,3610152813063492,3610152813065502,3610152813072912,0,12,96,1,model.layers.2.self_attn.indexer.compressor.state_cache
3610152813871357,3610152814048878,3610152814050118,3610152814050818,3610152814156169,3610152814169269,3610152814255269,3610152814257949,3610152814265679,0,12,96,1,model.layers.3.self_attn.compressor.state_cache
3610152867877090,3610152868424884,3610152868504254,3610152868778816,3610152868890307,3610152868905977,3610152869341480,3610152871580144,3610152871589614,1,11,88,4,model.layers.2.self_attn.indexer.k_cache
3610152872292589,3610152872457140,3610152872458380,3610152872459040,3610152872558401,3610152872573071,3610152872655941,3610152872706252,3610152872714072,0,11,88,4,model.layers.2.self_attn.attn
3610152873429547,3610152873596748,3610152873597978,3610152873598608,3610152873695548,3610152873709948,3610152874066961,3610152874070781,3610152874077201,0,11,88,128,model.layers.3.self_attn.attn
3610152874800475,3610152874964267,3610152874965607,3610152874966337,3610152875064087,3610152875075947,3610152875547990,3610152875552450,3610152875560950,0,11,88,1,model.layers.0.self_attn.swa_cache
3610152876397036,3610152876589997,3610152876591427,3610152876592277,3610152876703568,3610152876717768,3610152876807269,3610152876809899,3610152876817869,0,11,88,1,model.layers.1.self_attn.swa_cache
3610152877631224,3610152877831575,3610152877832915,3610152877833735,3610152877950696,3610152877965106,3610152878057697,3610152878060637,3610152878068867,0,11,88,1,model.layers.2.self_attn.compressor.state_cache
3610152878783302,3610152878974013,3610152878975373,3610152878976253,3610152879087994,3610152879101514,3610152879190304,3610152879192524,3610152879200984,0,11,88,1,model.layers.2.self_attn.indexer.compressor.state_cache
3610152880069530,3610152880274731,3610152880276251,3610152880277301,3610152880392922,3610152880407242,3610152880501063,3610152880503833,3610152880511913,0,11,88,1,model.layers.3.self_attn.compressor.state_cache
3610152934830748,3610152935372222,3610152935452492,3610152935740604,3610152935868235,3610152935883235,3610152936320868,3610152937096223,3610152937105503,1,11,88,4,model.layers.2.self_attn.indexer.k_cache
3610152937786348,3610152937959149,3610152937960629,3610152937961359,3610152938060229,3610152938074549,3610152938157270,3610152938207150,3610152938214640,0,11,88,4,model.layers.2.self_attn.attn
3610152938924025,3610152939093956,3610152939095186,3610152939095816,3610152939195077,3610152939209727,3610152939580339,3610152939583899,3610152939590559,0,11,88,128,model.layers.3.self_attn.attn
3610152940336404,3610152940504155,3610152940505315,3610152940506065,3610152940606056,3610152940618696,3610152940974298,3610152940977918,3610152940984388,0,11,88,1,model.layers.0.self_attn.swa_cache
3610152941699723,3610152941868684,3610152941870084,3610152941870834,3610152941969715,3610152941982515,3610152942061436,3610152942063986,3610152942071156,0,11,88,1,model.layers.1.self_attn.swa_cache
3610152942771010,3610152942933421,3610152942934611,3610152942935311,3610152943032532,3610152943045062,3610152943123292,3610152943125882,3610152943132873,0,11,88,1,model.layers.2.self_attn.compressor.state_cache
3610152943729756,3610152943890217,3610152943891308,3610152943891978,3610152943988938,3610152944011938,3610152944095239,3610152944097199,3610152944104129,0,11,88,1,model.layers.2.self_attn.indexer.compressor.state_cache
3610152944833124,3610152944996615,3610152944997875,3610152944998635,3610152945096215,3610152945108195,3610152945189576,3610152945192006,3610152945199106,0,11,88,1,model.layers.3.self_attn.compressor.state_cache
3610153000955581,3610153001480534,3610153001554585,3610153001834427,3610153001944077,3610153001959247,3610153002376870,3610153005868933,3610153005878443,1,11,88,4,model.layers.2.self_attn.indexer.k_cache
3610153006551097,3610153006773589,3610153006775019,3610153006776029,3610153006912350,3610153006932270,3610153007044001,3610153007113561,3610153007124101,0,11,88,4,model.layers.2.self_attn.attn
3610153008123738,3610153008358199,3610153008359849,3610153008360829,3610153008496560,3610153008516170,3610153009007714,3610153009012564,3610153009021544,0,11,88,128,model.layers.3.self_attn.attn
3610153009993540,3610153010222131,3610153010223661,3610153010224751,3610153010356742,3610153010374192,3610153010866986,3610153010872066,3610153010881816,0,11,88,1,model.layers.0.self_attn.swa_cache
3610153011858732,3610153012092954,3610153012094564,3610153012095654,3610153012236095,3610153012253135,3610153012362475,3610153012365625,3610153012375676,0,11,88,1,model.layers.1.self_attn.swa_cache
3610153013328012,3610153013557763,3610153013559273,3610153013560213,3610153013694574,3610153013711424,3610153013821335,3610153013824895,3610153013834475,0,11,88,1,model.layers.2.self_attn.compressor.state_cache
3610153014666711,3610153014878332,3610153014879602,3610153014880432,3610153014978353,3610153014990843,3610153015072463,3610153015074663,3610153015081693,0,11,88,1,model.layers.2.self_attn.indexer.compressor.state_cache
3610153015816158,3610153015979829,3610153015981139,3610153015981929,3610153016092780,3610153016105360,3610153016186350,3610153016188751,3610153016195881,0,11,88,1,model.layers.3.self_attn.compressor.state_cache
3610153069534820,3610153070069013,3610153070147464,3610153070439295,3610153070555266,3610153070570826,3610153071004339,3610153072671430,3610153072681970,1,11,88,4,model.layers.2.self_attn.indexer.k_cache
3610153073447775,3610153073631596,3610153073632946,3610153073633776,3610153073742227,3610153073758237,3610153073848818,3610153073903948,3610153073912208,0,11,88,4,model.layers.2.self_attn.attn
3610153074680033,3610153074858214,3610153074859654,3610153074860434,3610153074967085,3610153074982425,3610153075374018,3610153075377888,3610153075384988,0,11,88,128,model.layers.3.self_attn.attn
3610153076186623,3610153076365834,3610153076367064,3610153076367764,3610153076476135,3610153076489865,3610153076893288,3610153076897358,3610153076904768,0,11,88,1,model.layers.0.self_attn.swa_cache
3610153077681633,3610153077857094,3610153077858534,3610153077859404,3610153077968715,3610153077982475,3610153078066875,3610153078069555,3610153078077505,0,11,88,1,model.layers.1.self_attn.swa_cache
3610153078832180,3610153079009152,3610153079010342,3610153079011142,3610153079119132,3610153079132962,3610153079220063,3610153079222523,3610153079230083,0,11,88,1,model.layers.2.self_attn.compressor.state_cache
3610153079865577,3610153080095689,3610153080097019,3610153080097719,3610153080197169,3610153080210049,3610153080291000,3610153080293010,3610153080300250,0,11,88,1,model.layers.2.self_attn.indexer.compressor.state_cache
3610153081035095,3610153081201746,3610153081202956,3610153081203746,3610153081301337,3610153081313397,3610153081392047,3610153081394457,3610153081401667,0,11,88,1,model.layers.3.self_attn.compressor.state_cache
3610153134406674,3610153134931137,3610153135006658,3610153135272280,3610153135384280,3610153135399690,3610153135795573,3610153139024314,3610153139035174,1,11,88,4,model.layers.2.self_attn.indexer.k_cache
3610153139818329,3610153140033851,3610153140035461,3610153140036351,3610153140160432,3610153140178552,3610153140279412,3610153140342513,3610153140352193,0,11,88,4,model.layers.2.self_attn.attn
3610153141213788,3610153141416930,3610153141418640,3610153141419600,3610153141540071,3610153141558061,3610153141999764,3610153142004714,3610153142013414,0,11,88,128,model.layers.3.self_attn.attn
3610153142878229,3610153143086151,3610153143087911,3610153143088901,3610153143207742,3610153143222252,3610153143660884,3610153143665365,3610153143673205,0,11,88,1,model.layers.0.self_attn.swa_cache
3610153144554260,3610153144754112,3610153144755472,3610153144756412,3610153144875742,3610153144890763,3610153144987483,3610153144990533,3610153144998673,0,11,88,1,model.layers.1.self_attn.swa_cache
3610153145937329,3610153146118841,3610153146120281,3610153146120991,3610153146224701,3610153146237251,3610153146320332,3610153146322952,3610153146330662,0,11,88,1,model.layers.2.self_attn.compressor.state_cache
3610153146957346,3610153147127977,3610153147129087,3610153147129927,3610153147231628,3610153147244948,3610153147324918,3610153147326758,3610153147334119,0,11,88,1,model.layers.2.self_attn.indexer.compressor.state_cache
3610153148111524,3610153148281975,3610153148283535,3610153148284395,3610153148388605,3610153148401325,3610153148483376,3610153148485876,3610153148492946,0,11,88,1,model.layers.3.self_attn.compressor.state_cache
3610153207273751,3610153207813234,3610153207879775,3610153208195157,3610153208310857,3610153208325508,3610153208627340,3610153208977972,3610153208986882,1,12,4272,4,model.layers.2.self_attn.indexer.k_cache
3610153209672486,3610153209840997,3610153209842147,3610153209842867,3610153209940638,3610153209955548,3610153210038729,3610153210092679,3610153210100019,0,12,4272,4,model.layers.2.self_attn.attn
3610153210818694,3610153210986655,3610153210987975,3610153210988745,3610153211086276,3610153211100116,3610153211366207,3610153211369547,3610153211375818,0,12,4272,128,model.layers.3.self_attn.attn
3610153212102902,3610153212262423,3610153212263573,3610153212264333,3610153212362994,3610153212375574,3610153212635256,3610153212638326,3610153212644216,0,12,4272,1,model.layers.0.self_attn.swa_cache
3610153213356750,3610153213516242,3610153213517282,3610153213518032,3610153213617112,3610153213629262,3610153213710373,3610153213712793,3610153213719143,0,12,4272,1,model.layers.1.self_attn.swa_cache
3610153214416117,3610153214578078,3610153214579338,3610153214580098,3610153214676219,3610153214688479,3610153214768320,3610153214770660,3610153214777570,0,12,4272,1,model.layers.2.self_attn.compressor.state_cache
3610153215396124,3610153215560925,3610153215561995,3610153215562755,3610153215661936,3610153215674366,3610153215753806,3610153215755896,3610153215762436,0,12,4272,1,model.layers.2.self_attn.indexer.compressor.state_cache
3610153216513101,3610153216679312,3610153216680572,3610153216681272,3610153216779323,3610153216792183,3610153216869373,3610153216871683,3610153216878354,0,12,4272,1,model.layers.3.self_attn.compressor.state_cache
3610153629958376,3610153630481900,3610153630559430,3610153630837302,3610153630951413,3610153630966393,3610153631419126,3610153642448138,3610153642469708,1,12,96,4,model.layers.2.self_attn.indexer.k_cache
3610153644030568,3610153644434901,3610153644437711,3610153644439181,3610153644663782,3610153644696143,3610153644879474,3610153644996414,3610153645014675,0,12,96,4,model.layers.2.self_attn.attn
3610153646603195,3610153646980577,3610153646983247,3610153646984587,3610153647197579,3610153647229309,3610153647786823,3610153647790793,3610153647798663,0,12,96,128,model.layers.3.self_attn.attn
3610153648630818,3610153648819510,3610153648820920,3610153648821610,3610153648934230,3610153648948330,3610153649356553,3610153649360533,3610153649368363,0,12,96,1,model.layers.0.self_attn.swa_cache
3610153650179828,3610153650367260,3610153650368710,3610153650369380,3610153650480880,3610153650494960,3610153650588611,3610153650591391,3610153650599941,0,12,96,1,model.layers.1.self_attn.swa_cache
3610153651394736,3610153651583528,3610153651584758,3610153651585468,3610153651695858,3610153651710228,3610153651798609,3610153651801309,3610153651809729,0,12,96,1,model.layers.2.self_attn.compressor.state_cache
3610153652486504,3610153652681785,3610153652683215,3610153652683995,3610153652799426,3610153652813846,3610153652905876,3610153652907866,3610153652915986,0,12,96,1,model.layers.2.self_attn.indexer.compressor.state_cache
3610153653755022,3610153653940163,3610153653941543,3610153653942293,3610153654054144,3610153654068904,3610153654158334,3610153654160974,3610153654169325,0,12,96,1,model.layers.3.self_attn.compressor.state_cache
3610153711383829,3610153711921022,3610153711998833,3610153712313315,3610153712432756,3610153712448426,3610153712909969,3610153716388151,3610153716397781,1,11,88,4,model.layers.2.self_attn.indexer.k_cache
3610153717100936,3610153717270537,3610153717271767,3610153717272387,3610153717370678,3610153717385608,3610153717467898,3610153717521989,3610153717529369,0,11,88,4,model.layers.2.self_attn.attn
3610153718234564,3610153718403285,3610153718404495,3610153718405195,3610153718506235,3610153718520985,3610153718882568,3610153718886278,3610153718892908,0,11,88,128,model.layers.3.self_attn.attn
3610153719611833,3610153719778594,3610153719779874,3610153719780544,3610153719879284,3610153719891494,3610153720256547,3610153720260107,3610153720266537,0,11,88,1,model.layers.0.self_attn.swa_cache
3610153720975821,3610153721148363,3610153721149703,3610153721150423,3610153721251143,3610153721263663,3610153721343694,3610153721345874,3610153721352914,0,11,88,1,model.layers.1.self_attn.swa_cache
3610153722043928,3610153722209450,3610153722210680,3610153722211270,3610153722308060,3610153722320460,3610153722399581,3610153722401851,3610153722408821,0,11,88,1,model.layers.2.self_attn.compressor.state_cache
3610153722988775,3610153723156876,3610153723157956,3610153723158736,3610153723256456,3610153723269316,3610153723347097,3610153723348937,3610153723356147,0,11,88,1,model.layers.2.self_attn.indexer.compressor.state_cache
3610153724096292,3610153724266073,3610153724267263,3610153724268003,3610153724365144,3610153724377284,3610153724455804,3610153724458044,3610153724465084,0,11,88,1,model.layers.3.self_attn.compressor.state_cache
3610153779312953,3610153779843156,3610153779920387,3610153780205419,3610153780315789,3610153780331180,3610153780726002,3610153784265135,3610153784275265,1,11,88,4,model.layers.2.self_attn.indexer.k_cache
3610153784946010,3610153785108951,3610153785110221,3610153785110931,3610153785209531,3610153785224222,3610153785306242,3610153785356832,3610153785364643,0,11,88,4,model.layers.2.self_attn.attn
3610153786103017,3610153786265198,3610153786266478,3610153786267188,3610153786364989,3610153786379459,3610153786876562,3610153786881632,3610153786890873,0,11,88,128,model.layers.3.self_attn.attn
3610153787859439,3610153788119381,3610153788121151,3610153788122171,3610153788257031,3610153788274782,3610153788763345,3610153788768365,3610153788778065,0,11,88,1,model.layers.0.self_attn.swa_cache
3610153789764881,3610153790004973,3610153790006983,3610153790008093,3610153790142014,3610153790158544,3610153790269165,3610153790272425,3610153790282395,0,11,88,1,model.layers.1.self_attn.swa_cache
3610153791239651,3610153791462842,3610153791464602,3610153791465752,3610153791599363,3610153791616053,3610153791727154,3610153791730694,3610153791741054,0,11,88,1,model.layers.2.self_attn.compressor.state_cache
3610153792552230,3610153792782361,3610153792784311,3610153792785511,3610153792917092,3610153792934312,3610153793042313,3610153793044683,3610153793054413,0,11,88,1,model.layers.2.self_attn.indexer.compressor.state_cache
3610153794046389,3610153794267621,3610153794269521,3610153794270441,3610153794401702,3610153794418732,3610153794523722,3610153794526972,3610153794536713,0,11,88,1,model.layers.3.self_attn.compressor.state_cache
3610153847699760,3610153848235014,3610153848310714,3610153848584346,3610153848696247,3610153848712987,3610153849139860,3610153850239447,3610153850248797,1,11,88,4,model.layers.2.self_attn.indexer.k_cache
3610153850901151,3610153851070412,3610153851071642,3610153851072382,3610153851175213,3610153851189803,3610153851273354,3610153851326104,3610153851333814,0,11,88,4,model.layers.2.self_attn.attn
3610153852089099,3610153852263290,3610153852264350,3610153852265100,3610153852363861,3610153852377761,3610153852746473,3610153852750143,3610153852757123,0,11,88,128,model.layers.3.self_attn.attn
3610153853477288,3610153853641959,3610153853643239,3610153853643969,3610153853740290,3610153853752740,3610153854112572,3610153854116282,3610153854123272,0,11,88,1,model.layers.0.self_attn.swa_cache
3610153854834937,3610153855002388,3610153855003748,3610153855004498,3610153855101929,3610153855114309,3610153855194339,3610153855196649,3610153855203659,0,11,88,1,model.layers.1.self_attn.swa_cache
3610153855895464,3610153856077325,3610153856078585,3610153856079325,3610153856181216,3610153856194336,3610153856273766,3610153856276436,3610153856283806,0,11,88,1,model.layers.2.self_attn.compressor.state_cache
3610153856869560,3610153857036401,3610153857037601,3610153857038331,3610153857136612,3610153857149082,3610153857229112,3610153857231102,3610153857238043,0,11,88,1,model.layers.2.self_attn.indexer.compressor.state_cache
3610153857961777,3610153858128238,3610153858129428,3610153858130078,3610153858224769,3610153858237259,3610153858317780,3610153858320280,3610153858327660,0,11,88,1,model.layers.3.self_attn.compressor.state_cache
3610153911546698,3610153912076501,3610153912152382,3610153912414653,3610153912525164,3610153912540394,3610153912932047,3610153916554560,3610153916564011,1,11,88,4,model.layers.2.self_attn.indexer.k_cache
3610153917210715,3610153917377826,3610153917378996,3610153917379736,3610153917478486,3610153917492877,3610153917574067,3610153917624557,3610153917632397,0,11,88,4,model.layers.2.self_attn.attn
3610153918473663,3610153918708605,3610153918710515,3610153918711455,3610153918847945,3610153918867596,3610153919359479,3610153919364469,3610153919373569,0,11,88,128,model.layers.3.self_attn.attn
3610153920372195,3610153920591297,3610153920592757,3610153920593687,3610153920728018,3610153920744818,3610153921240551,3610153921245551,3610153921254721,0,11,88,1,model.layers.0.self_attn.swa_cache
3610153922222238,3610153922446169,3610153922447969,3610153922448899,3610153922584260,3610153922601880,3610153922710031,3610153922713581,3610153922723101,0,11,88,1,model.layers.1.self_attn.swa_cache
3610153923667047,3610153923896968,3610153923898788,3610153923899868,3610153924046569,3610153924064420,3610153924176960,3610153924179980,3610153924189150,0,11,88,1,model.layers.2.self_attn.compressor.state_cache
3610153925030566,3610153925256157,3610153925258057,3610153925259247,3610153925393458,3610153925410618,3610153925519409,3610153925521719,3610153925531369,0,11,88,1,model.layers.2.self_attn.indexer.compressor.state_cache
3610153926549616,3610153926716637,3610153926717967,3610153926718687,3610153926818878,3610153926831098,3610153926911948,3610153926914658,3610153926922108,0,11,88,1,model.layers.3.self_attn.compressor.state_cache
3610153979806724,3610153980350908,3610153980427818,3610153980710580,3610153980823731,3610153980839951,3610153981279304,3610153982607242,3610153982616602,1,10,80,4,model.layers.2.self_attn.indexer.k_cache
3610153983272247,3610153983443058,3610153983444228,3610153983445058,3610153983544999,3610153983559149,3610153983642549,3610153983693730,3610153983701500,0,10,80,4,model.layers.2.self_attn.attn
3610153984445774,3610153984612086,3610153984613306,3610153984614046,3610153984710686,3610153984725306,3610153985084839,3610153985088609,3610153985095439,0,10,80,128,model.layers.3.self_attn.attn
3610153985843574,3610153986012725,3610153986013975,3610153986014835,3610153986112995,3610153986125805,3610153986485788,3610153986489738,3610153986496238,0,10,80,1,model.layers.0.self_attn.swa_cache
3610153987209783,3610153987376884,3610153987378024,3610153987378714,3610153987477724,3610153987490834,3610153987571005,3610153987573235,3610153987580175,0,10,80,1,model.layers.1.self_attn.swa_cache
3610153988288350,3610153988450481,3610153988451871,3610153988452681,3610153988550631,3610153988563681,3610153988640972,3610153988643582,3610153988650422,0,10,80,1,model.layers.2.self_attn.compressor.state_cache
3610153989238876,3610153989400967,3610153989402227,3610153989402967,3610153989498357,3610153989510478,3610153989587938,3610153989589758,3610153989596948,0,10,80,1,model.layers.2.self_attn.indexer.compressor.state_cache
3610153990327113,3610153990491304,3610153990492474,3610153990493414,3610153990592555,3610153990605845,3610153990683775,3610153990685815,3610153990692645,0,10,80,1,model.layers.3.self_attn.compressor.state_cache
3610154050588007,3610154051130731,3610154051198141,3610154051518643,3610154051641584,3610154051656104,3610154051979616,3610154052343308,3610154052352459,1,11,4264,4,model.layers.2.self_attn.indexer.k_cache
3610154053076913,3610154053241434,3610154053242614,3610154053243244,3610154053344045,3610154053358185,3610154053440726,3610154053493326,3610154053500836,0,11,4264,4,model.layers.2.self_attn.attn
3610154054222401,3610154054389502,3610154054390722,3610154054391542,3610154054489682,3610154054503493,3610154054769574,3610154054772814,3610154054778964,0,11,4264,128,model.layers.3.self_attn.attn
3610154055491249,3610154055656250,3610154055657510,3610154055658180,3610154055753701,3610154055765921,3610154056034083,3610154056037413,3610154056043853,0,11,4264,1,model.layers.0.self_attn.swa_cache
3610154056751227,3610154056917498,3610154056918658,3610154056919358,3610154057017239,3610154057029879,3610154057110690,3610154057113160,3610154057119840,0,11,4264,1,model.layers.1.self_attn.swa_cache
3610154057819204,3610154057982025,3610154057983185,3610154057983805,3610154058075476,3610154058087386,3610154058168597,3610154058171217,3610154058178177,0,11,4264,1,model.layers.2.self_attn.compressor.state_cache
3610154058767040,3610154058936272,3610154058937462,3610154058938132,3610154059035362,3610154059047332,3610154059128943,3610154059130903,3610154059137823,0,11,4264,1,model.layers.2.self_attn.indexer.compressor.state_cache
3610154059877268,3610154060062369,3610154060063619,3610154060064379,3610154060163710,3610154060175160,3610154060254240,3610154060256710,3610154060263490,0,11,4264,1,model.layers.3.self_attn.compressor.state_cache
3610154483124816,3610154483676339,3610154483754750,3610154484087312,3610154484212413,3610154484228833,3610154484736566,3610154492677468,3610154492702848,1,10,80,4,model.layers.2.self_attn.indexer.k_cache
3610154494416199,3610154494846782,3610154494849922,3610154494851892,3610154495112214,3610154495149094,3610154495362276,3610154495499567,3610154495520037,0,10,80,4,model.layers.2.self_attn.attn
3610154497437109,3610154497876572,3610154497880002,3610154497881662,3610154498133784,3610154498171084,3610154499116040,3610154499125830,3610154499143120,0,10,80,128,model.layers.3.self_attn.attn
3610154500116547,3610154500284388,3610154500285558,3610154500286238,3610154500385738,3610154500398099,3610154500754101,3610154500757381,3610154500764211,0,10,80,1,model.layers.0.self_attn.swa_cache
3610154501479916,3610154501654997,3610154501656077,3610154501656897,3610154501756797,3610154501769548,3610154501849868,3610154501852088,3610154501859298,0,10,80,1,model.layers.1.self_attn.swa_cache
3610154502559563,3610154502729864,3610154502731154,3610154502731834,3610154502831094,3610154502843685,3610154502923935,3610154502926215,3610154502932935,0,10,80,1,model.layers.2.self_attn.compressor.state_cache
3610154503514309,3610154503675940,3610154503677170,3610154503677880,3610154503774371,3610154503788271,3610154503867431,3610154503869431,3610154503876421,0,10,80,1,model.layers.2.self_attn.indexer.compressor.state_cache
3610154504631406,3610154504798737,3610154504800067,3610154504800737,3610154504896978,3610154504908948,3610154504990279,3610154504992859,3610154504999959,0,10,80,1,model.layers.3.self_attn.compressor.state_cache
3610154569970704,3610154570512797,3610154570581008,3610154570890200,3610154571005360,3610154571020270,3610154571515354,3610154571963977,3610154571973367,1,12,8096,4,model.layers.2.self_attn.indexer.k_cache
3610154572677571,3610154572859442,3610154572860642,3610154572861272,3610154572961623,3610154572975243,3610154573057794,3610154573109534,3610154573117174,0,12,8096,4,model.layers.2.self_attn.attn
3610154573824179,3610154573991690,3610154573993010,3610154573993710,3610154574093020,3610154574106971,3610154574475223,3610154574478843,3610154574485123,0,12,8096,128,model.layers.3.self_attn.attn
3610154575200078,3610154575366019,3610154575367229,3610154575367949,3610154575465539,3610154575477870,3610154575840862,3610154575844842,3610154575851502,0,12,8096,1,model.layers.0.self_attn.swa_cache
3610154576570617,3610154576736578,3610154576737868,3610154576738538,3610154576835478,3610154576847779,3610154576926579,3610154576929149,3610154576935929,0,12,8096,1,model.layers.1.self_attn.swa_cache
3610154577628964,3610154577796015,3610154577797195,3610154577797955,3610154577897605,3610154577910155,3610154577990136,3610154577992556,3610154577999626,0,12,8096,1,model.layers.2.self_attn.compressor.state_cache
3610154578580300,3610154578740201,3610154578741421,3610154578742091,3610154578836392,3610154578848332,3610154578925232,3610154578926762,3610154578933602,0,12,8096,1,model.layers.2.self_attn.indexer.compressor.state_cache
3610154579662397,3610154579828878,3610154579830158,3610154579830818,3610154579928749,3610154579941229,3610154580029029,3610154580031509,3610154580038389,0,12,8096,1,model.layers.3.self_attn.compressor.state_cache
3610155049583499,3610155050140953,3610155050210523,3610155050549195,3610155050672936,3610155050688256,3610155051239730,3610155051686543,3610155051696653,1,11,424,4,model.layers.2.self_attn.indexer.k_cache
3610155052460468,3610155052628359,3610155052629619,3610155052630249,3610155052731639,3610155052745900,3610155052827170,3610155052877040,3610155052884540,0,11,424,4,model.layers.2.self_attn.attn
3610155053586685,3610155053753366,3610155053754626,3610155053755256,3610155053850437,3610155053863517,3610155054215319,3610155054218919,3610155054225559,0,11,424,128,model.layers.3.self_attn.attn
3610155054923364,3610155055095275,3610155055096515,3610155055097165,3610155055194906,3610155055206436,3610155055555418,3610155055558968,3610155055565418,0,11,424,1,model.layers.0.self_attn.swa_cache
3610155056276943,3610155056442684,3610155056443934,3610155056444654,3610155056540424,3610155056552394,3610155056631485,3610155056633625,3610155056640475,0,11,424,1,model.layers.1.self_attn.swa_cache
3610155057468260,3610155057615371,3610155057616471,3610155057617111,3610155057714982,3610155057727222,3610155057807873,3610155057810533,3610155057817313,0,11,424,1,model.layers.2.self_attn.compressor.state_cache
3610155058417307,3610155058580778,3610155058581888,3610155058582578,3610155058682018,3610155058694968,3610155058774669,3610155058776279,3610155058782919,0,11,424,1,model.layers.2.self_attn.indexer.compressor.state_cache
3610155059670935,3610155059847486,3610155059848676,3610155059849316,3610155059952497,3610155059965807,3610155060068177,3610155060070577,3610155060078117,0,11,424,1,model.layers.3.self_attn.compressor.state_cache
3610155488022705,3610155488571308,3610155488639059,3610155488957681,3610155489076932,3610155489093122,3610155489418204,3610155489765486,3610155489774066,1,12,4272,4,model.layers.2.self_attn.indexer.k_cache
3610155490509091,3610155490681062,3610155490682242,3610155490682892,3610155490780913,3610155490795273,3610155490877753,3610155490929104,3610155490936414,0,12,4272,4,model.layers.2.self_attn.attn
3610155491648299,3610155491814560,3610155491815860,3610155491816550,3610155491915330,3610155491928890,3610155492204542,3610155492207882,3610155492213922,0,12,4272,128,model.layers.3.self_attn.attn
3610155492924777,3610155493086618,3610155493087808,3610155493088558,3610155493188019,3610155493201269,3610155493459690,3610155493463040,3610155493469000,0,12,4272,1,model.layers.0.self_attn.swa_cache
3610155494174155,3610155494339986,3610155494341186,3610155494341826,3610155494440847,3610155494453497,3610155494534387,3610155494536437,3610155494542917,0,12,4272,1,model.layers.1.self_attn.swa_cache
3610155495236752,3610155495409803,3610155495411023,3610155495411773,3610155495509644,3610155495521894,3610155495599924,3610155495601984,3610155495608674,0,12,4272,1,model.layers.2.self_attn.compressor.state_cache
3610155496205708,3610155496369229,3610155496370449,3610155496371079,3610155496467790,3610155496479650,3610155496561131,3610155496563231,3610155496569921,0,12,4272,1,model.layers.2.self_attn.indexer.compressor.state_cache
3610155497303946,3610155497469777,3610155497471147,3610155497471877,3610155497569297,3610155497581377,3610155497661208,3610155497663548,3610155497670638,0,12,4272,1,model.layers.3.self_attn.compressor.state_cache
3610155912163857,3610155912698040,3610155912775291,3610155913056182,3610155913167563,3610155913184033,3610155913475315,3610155929261518,3610155929276988,1,12,96,4,model.layers.2.self_attn.indexer.k_cache
3610155930444826,3610155930749058,3610155930751048,3610155930752008,3610155930918029,3610155930942419,3610155931085470,3610155931182511,3610155931195781,0,12,96,4,model.layers.2.self_attn.attn
3610155932396129,3610155932683351,3610155932685561,3610155932686671,3610155932851192,3610155932874602,3610155933317395,3610155933322725,3610155933332765,0,12,96,128,model.layers.3.self_attn.attn
3610155934520383,3610155934798115,3610155934800345,3610155934801355,3610155934967256,3610155934987456,3610155935497179,3610155935501319,3610155935508709,0,12,96,1,model.layers.0.self_attn.swa_cache
3610155936343435,3610155936530996,3610155936532326,3610155936533006,3610155936643697,3610155936657677,3610155936749507,3610155936752237,3610155936760427,0,12,96,1,model.layers.1.self_attn.swa_cache
3610155937579413,3610155937770504,3610155937771824,3610155937772604,3610155937888115,3610155937902385,3610155937995545,3610155937998165,3610155938006695,0,12,96,1,model.layers.2.self_attn.compressor.state_cache
3610155938679810,3610155938874821,3610155938876191,3610155938876891,3610155938987012,3610155939000362,3610155939091293,3610155939093513,3610155939101733,0,12,96,1,model.layers.2.self_attn.indexer.compressor.state_cache
3610155939950298,3610155940166670,3610155940168330,3610155940169030,3610155940284130,3610155940297890,3610155940387321,3610155940390001,3610155940397931,0,12,96,1,model.layers.3.self_attn.compressor.state_cache
3610155998296279,3610155998840683,3610155998922093,3610155999215265,3610155999333706,3610155999349986,3610155999824549,3610156003147681,3610156003157791,1,11,88,4,model.layers.2.self_attn.indexer.k_cache
3610156003892056,3610156004090777,3610156004092087,3610156004092727,3610156004197578,3610156004212388,3610156004299049,3610156004353099,3610156004361159,0,11,88,4,model.layers.2.self_attn.attn
3610156005121034,3610156005288205,3610156005289535,3610156005290195,3610156005395586,3610156005410176,3610156005776378,3610156005779938,3610156005786528,0,11,88,128,model.layers.3.self_attn.attn
3610156006524263,3610156006691434,3610156006692704,3610156006693444,3610156006792705,3610156006804645,3610156007164557,3610156007168647,3610156007175777,0,11,88,1,model.layers.0.self_attn.swa_cache
3610156007897262,3610156008078103,3610156008079463,3610156008080083,3610156008244314,3610156008261124,3610156008369395,3610156008372615,3610156008381985,0,11,88,1,model.layers.1.self_attn.swa_cache
3610156009344762,3610156009571983,3610156009573523,3610156009574553,3610156009709594,3610156009726684,3610156009834615,3610156009838255,3610156009847835,0,11,88,1,model.layers.2.self_attn.compressor.state_cache
3610156010645770,3610156010866522,3610156010868212,3610156010869012,3610156011003422,3610156011019943,3610156011131183,3610156011134303,3610156011144143,0,11,88,1,model.layers.2.self_attn.indexer.compressor.state_cache
3610156012137710,3610156012374181,3610156012375771,3610156012376721,3610156012510852,3610156012526942,3610156012634563,3610156012637743,3610156012647613,0,11,88,1,model.layers.3.self_attn.compressor.state_cache
3610156069217603,3610156069749236,3610156069824957,3610156070114669,3610156070233829,3610156070249910,3610156070707323,3610156071477428,3610156071486748,1,10,80,4,model.layers.2.self_attn.indexer.k_cache
3610156072215722,3610156072391914,3610156072393144,3610156072393734,3610156072492764,3610156072507434,3610156072591355,3610156072643275,3610156072651185,0,10,80,4,model.layers.2.self_attn.attn
3610156073368470,3610156073540071,3610156073541341,3610156073541981,3610156073641782,3610156073655982,3610156074025844,3610156074029684,3610156074036374,0,10,80,128,model.layers.3.self_attn.attn
3610156074767329,3610156074940690,3610156074942040,3610156074942790,3610156075041871,3610156075054161,3610156075418763,3610156075422613,3610156075429103,0,10,80,1,model.layers.0.self_attn.swa_cache
3610156076165218,3610156076335459,3610156076336759,3610156076337529,3610156076436890,3610156076449650,3610156076533431,3610156076536051,3610156076542951,0,10,80,1,model.layers.1.self_attn.swa_cache
3610156077255515,3610156077422506,3610156077423696,3610156077424326,3610156077524017,3610156077536767,3610156077619068,3610156077621348,3610156077628478,0,10,80,1,model.layers.2.self_attn.compressor.state_cache
3610156078218382,3610156078389173,3610156078390403,3610156078391043,3610156078489513,3610156078502053,3610156078579084,3610156078580874,3610156078587684,0,10,80,1,model.layers.2.self_attn.indexer.compressor.state_cache
3610156079327599,3610156079488770,3610156079489970,3610156079490570,3610156079592351,3610156079604341,3610156079685371,3610156079687901,3610156079694761,0,10,80,1,model.layers.3.self_attn.compressor.state_cache
3610156134944472,3610156135508346,3610156135587946,3610156135875028,3610156135990119,3610156136019969,3610156136319501,3610156137008396,3610156137017606,1,9,72,4,model.layers.2.self_attn.indexer.k_cache
3610156137720270,3610156137887111,3610156137888261,3610156137889041,3610156137989742,3610156138004732,3610156138088143,3610156138144503,3610156138152593,0,9,72,4,model.layers.2.self_attn.attn
3610156138902618,3610156139074549,3610156139075799,3610156139076509,3610156139177000,3610156139191230,3610156139446212,3610156139449372,3610156139455842,0,9,72,128,model.layers.3.self_attn.attn
3610156140197517,3610156140365688,3610156140366778,3610156140367528,3610156140468268,3610156140480438,3610156140743510,3610156140746830,3610156140752800,0,9,72,1,model.layers.0.self_attn.swa_cache
3610156141469895,3610156141635806,3610156141636946,3610156141637666,3610156141734507,3610156141746667,3610156141828837,3610156141832787,3610156141840587,0,9,72,1,model.layers.1.self_attn.swa_cache
3610156142554032,3610156142723063,3610156142724253,3610156142724963,3610156142826094,3610156142837874,3610156142918414,3610156142920724,3610156142927494,0,9,72,1,model.layers.2.self_attn.compressor.state_cache
3610156143541208,3610156143711069,3610156143712360,3610156143713090,3610156143813230,3610156143825430,3610156143905041,3610156143906771,3610156143914131,0,9,72,1,model.layers.2.self_attn.indexer.compressor.state_cache
3610156144663966,3610156144830447,3610156144831737,3610156144832577,3610156144931817,3610156144944278,3610156145025598,3610156145027928,3610156145034928,0,9,72,1,model.layers.3.self_attn.compressor.state_cache
3610156199141572,3610156199675795,3610156199751436,3610156200072898,3610156200191919,3610156200207199,3610156200648312,3610156201412397,3610156201421587,1,9,72,4,model.layers.2.self_attn.indexer.k_cache
3610156202094591,3610156202267112,3610156202268312,3610156202269032,3610156202368373,3610156202382713,3610156202465843,3610156202519234,3610156202527114,0,9,72,4,model.layers.2.self_attn.attn
3610156203240458,3610156203408430,3610156203409540,3610156203410260,3610156203507800,3610156203522260,3610156203885213,3610156203889343,3610156203895743,0,9,72,128,model.layers.3.self_attn.attn
3610156204638578,3610156204804449,3610156204805699,3610156204806379,3610156204903349,3610156204915559,3610156205282092,3610156205285722,3610156205292582,0,9,72,1,model.layers.0.self_attn.swa_cache
3610156206010407,3610156206174908,3610156206176218,3610156206176918,3610156206274778,3610156206286978,3610156206365759,3610156206368149,3610156206375019,0,9,72,1,model.layers.1.self_attn.swa_cache
3610156207069983,3610156207236625,3610156207237805,3610156207238525,3610156207337185,3610156207349275,3610156207430516,3610156207432976,3610156207439846,0,9,72,1,model.layers.2.self_attn.compressor.state_cache
3610156208037320,3610156208200731,3610156208201901,3610156208202591,3610156208301232,3610156208313632,3610156208392242,3610156208394272,3610156208400972,0,9,72,1,model.layers.2.self_attn.indexer.compressor.state_cache
3610156209136117,3610156209298338,3610156209299658,3610156209300308,3610156209396419,3610156209408789,3610156209489539,3610156209491969,3610156209498679,0,9,72,1,model.layers.3.self_attn.compressor.state_cache
3610156262930998,3610156263452792,3610156263532152,3610156263801084,3610156263910775,3610156263926355,3610156264339758,3610156266909514,3610156266918865,1,8,64,4,model.layers.2.self_attn.indexer.k_cache
3610156267584479,3610156267751800,3610156267753000,3610156267753790,3610156267852231,3610156267866631,3610156267950351,3610156267999932,3610156268028712,0,8,64,4,model.layers.2.self_attn.attn
3610156268748416,3610156268920948,3610156268922048,3610156268922778,3610156269021858,3610156269036628,3610156269403391,3610156269406991,3610156269413551,0,8,64,128,model.layers.3.self_attn.attn
3610156270307847,3610156270513138,3610156270514498,3610156270515338,3610156270633819,3610156270648779,3610156271086752,3610156271091682,3610156271099502,0,8,64,1,model.layers.0.self_attn.swa_cache
3610156271951287,3610156272181939,3610156272183659,3610156272184609,3610156272304470,3610156272319140,3610156272415520,3610156272418330,3610156272426910,0,8,64,1,model.layers.1.self_attn.swa_cache
3610156273277166,3610156273485177,3610156273486637,3610156273487687,3610156273606938,3610156273621848,3610156273718949,3610156273721989,3610156273730329,0,8,64,1,model.layers.2.self_attn.compressor.state_cache
3610156274432664,3610156274637605,3610156274639215,3610156274640135,3610156274759696,3610156274774396,3610156274868606,3610156274870996,3610156274879277,0,8,64,1,model.layers.2.self_attn.indexer.compressor.state_cache
3610156275757132,3610156275954534,3610156275955904,3610156275956804,3610156276084104,3610156276100035,3610156276198075,3610156276201195,3610156276209535,0,8,64,1,model.layers.3.self_attn.compressor.state_cache
3610156340559396,3610156341099499,3610156341167650,3610156341468842,3610156341585632,3610156341600412,3610156341913355,3610156342258057,3610156342267097,1,9,4248,4,model.layers.2.self_attn.indexer.k_cache
3610156342978871,3610156343149673,3610156343150903,3610156343151513,3610156343251853,3610156343265433,3610156343349594,3610156343401314,3610156343408924,0,9,4248,4,model.layers.2.self_attn.attn
3610156344171789,3610156344338890,3610156344339990,3610156344340640,3610156344439971,3610156344454221,3610156344717483,3610156344720963,3610156344727373,0,9,4248,128,model.layers.3.self_attn.attn
3610156345448078,3610156345615669,3610156345616939,3610156345617539,3610156345715659,3610156345728039,3610156345987331,3610156345990741,3610156345996671,0,9,4248,1,model.layers.0.self_attn.swa_cache
3610156346709596,3610156346874507,3610156346875717,3610156346876417,3610156346974698,3610156346987678,3610156347069068,3610156347071268,3610156347077968,0,9,4248,1,model.layers.1.self_attn.swa_cache
3610156347781733,3610156347945434,3610156347946594,3610156347947284,3610156348058775,3610156348072985,3610156348154655,3610156348157445,3610156348164475,0,9,4248,1,model.layers.2.self_attn.compressor.state_cache
3610156348759529,3610156348926200,3610156348927370,3610156348928050,3610156349027841,3610156349040631,3610156349120102,3610156349121912,3610156349129102,0,9,4248,1,model.layers.2.self_attn.indexer.compressor.state_cache
3610156349875697,3610156350041568,3610156350042698,3610156350043398,3610156350141108,3610156350153178,3610156350232559,3610156350235009,3610156350241829,0,9,4248,1,model.layers.3.self_attn.compressor.state_cache
3610156765598222,3610156766120196,3610156766198806,3610156766470458,3610156766583099,3610156766599159,3610156767015082,3610156776538144,3610156776552524,1,9,72,4,model.layers.2.self_attn.indexer.k_cache
3610156777554531,3610156777794572,3610156777796302,3610156777797392,3610156777936443,3610156777956813,3610156778074124,3610156778146404,3610156778157624,0,9,72,4,model.layers.2.self_attn.attn
3610156779561134,3610156779901346,3610156779903926,3610156779905376,3610156780139437,3610156780168398,3610156780907272,3610156780914483,3610156780928433,0,9,72,128,model.layers.3.self_attn.attn
3610156782372042,3610156782707154,3610156782709894,3610156782711664,3610156782914366,3610156782940526,3610156783676551,3610156783683761,3610156783697771,0,9,72,1,model.layers.0.self_attn.swa_cache
3610156785166030,3610156785519383,3610156785521673,3610156785523353,3610156785726294,3610156785751844,3610156785915195,3610156785919495,3610156785933785,0,9,72,1,model.layers.1.self_attn.swa_cache
3610156787182913,3610156787347995,3610156787349255,3610156787350015,3610156787448265,3610156787460325,3610156787544016,3610156787546276,3610156787553436,0,9,72,1,model.layers.2.self_attn.compressor.state_cache
3610156788148990,3610156788310741,3610156788311891,3610156788312651,3610156788409711,3610156788422092,3610156788496882,3610156788498602,3610156788505802,0,9,72,1,model.layers.2.self_attn.indexer.compressor.state_cache
3610156789239397,3610156789402818,3610156789404048,3610156789404778,3610156789499889,3610156789512449,3610156789591799,3610156789594109,3610156789600729,0,9,72,1,model.layers.3.self_attn.compressor.state_cache
3610156860288141,3610156860841204,3610156860909005,3610156861233477,3610156861354178,3610156861370548,3610156861940962,3610156862380415,3610156862389525,1,10,8096,4,model.layers.2.self_attn.indexer.k_cache
3610156863130489,3610156863296891,3610156863298291,3610156863298901,3610156863398351,3610156863412231,3610156863494002,3610156863546052,3610156863553422,0,10,8096,4,model.layers.2.self_attn.attn
3610156864281937,3610156864451568,3610156864452898,3610156864453578,3610156864551399,3610156864565299,3610156864924281,3610156864927931,3610156864934541,0,10,8096,128,model.layers.3.self_attn.attn
3610156865660206,3610156865834247,3610156865835657,3610156865836357,3610156865935468,3610156865948058,3610156866303890,3610156866307590,3610156866314380,0,10,8096,1,model.layers.0.self_attn.swa_cache
3610156867023835,3610156867190416,3610156867191516,3610156867192166,3610156867289327,3610156867301487,3610156867384157,3610156867386477,3610156867393267,0,10,8096,1,model.layers.1.self_attn.swa_cache
3610156868102602,3610156868271593,3610156868273003,3610156868273693,3610156868369904,3610156868382074,3610156868459144,3610156868461544,3610156868468084,0,10,8096,1,model.layers.2.self_attn.compressor.state_cache
3610156869082378,3610156869247389,3610156869248539,3610156869249229,3610156869347340,3610156869359650,3610156869438121,3610156869440061,3610156869446961,0,10,8096,1,model.layers.2.self_attn.indexer.compressor.state_cache
3610156870184086,3610156870342187,3610156870343597,3610156870344277,3610156870442347,3610156870454437,3610156870533498,3610156870535568,3610156870542058,0,10,8096,1,model.layers.3.self_attn.compressor.state_cache
3610157344832295,3610157345374859,3610157345440839,3610157345740341,3610157345857622,3610157345872362,3610157346356765,3610157346796588,3610157346805758,1,11,4584,4,model.layers.2.self_attn.indexer.k_cache
3610157347535363,3610157347703014,3610157347704054,3610157347704664,3610157347803405,3610157347816545,3610157347898155,3610157347953406,3610157347960246,0,11,4584,4,model.layers.2.self_attn.attn
3610157348690221,3610157348859442,3610157348860532,3610157348861142,3610157348960062,3610157348973072,3610157349339935,3610157349343255,3610157349349375,0,11,4584,128,model.layers.3.self_attn.attn
3610157350056890,3610157350223431,3610157350224551,3610157350225231,3610157350324211,3610157350336571,3610157350690784,3610157350693884,3610157350700014,0,11,4584,1,model.layers.0.self_attn.swa_cache
3610157351403938,3610157351572899,3610157351573979,3610157351574629,3610157351673410,3610157351685460,3610157351763881,3610157351766081,3610157351772301,0,11,4584,1,model.layers.1.self_attn.swa_cache
3610157352574016,3610157352736987,3610157352738417,3610157352739017,3610157352835938,3610157352848238,3610157352927808,3610157352929888,3610157352936248,0,11,4584,1,model.layers.2.self_attn.compressor.state_cache
3610157353517282,3610157353688843,3610157353689963,3610157353690613,3610157353788854,3610157353800504,3610157353879975,3610157353881675,3610157353888035,0,11,4584,1,model.layers.2.self_attn.indexer.compressor.state_cache
3610157354738600,3610157354909831,3610157354910991,3610157354911741,3610157355013142,3610157355025612,3610157355106073,3610157355108143,3610157355114693,0,11,4584,1,model.layers.3.self_attn.compressor.state_cache
3610157780471400,3610157781004484,3610157781069574,3610157781373466,3610157781490987,3610157781508017,3610157781834879,3610157782196101,3610157782204942,1,12,4272,4,model.layers.2.self_attn.indexer.k_cache
3610157783056817,3610157783225108,3610157783226528,3610157783227158,3610157783325529,3610157783338969,3610157783421689,3610157783472570,3610157783480230,0,12,4272,4,model.layers.2.self_attn.attn
3610157784203705,3610157784367556,3610157784368856,3610157784369536,3610157784467776,3610157784481236,3610157784740178,3610157784743078,3610157784749348,0,12,4272,128,model.layers.3.self_attn.attn
3610157785462213,3610157785628744,3610157785629934,3610157785630624,3610157785726565,3610157785738555,3610157785993706,3610157785996966,3610157786003176,0,12,4272,1,model.layers.0.self_attn.swa_cache
3610157786713051,3610157786874952,3610157786876222,3610157786876842,3610157786975043,3610157786986973,3610157787069833,3610157787072063,3610157787079223,0,12,4272,1,model.layers.1.self_attn.swa_cache
3610157787776938,3610157787948179,3610157787949349,3610157787950039,3610157788057540,3610157788070750,3610157788153580,3610157788155800,3610157788162700,0,12,4272,1,model.layers.2.self_attn.compressor.state_cache
3610157788756824,3610157788921305,3610157788922535,3610157788923215,3610157789024286,3610157789036796,3610157789118277,3610157789119937,3610157789127097,0,12,4272,1,model.layers.2.self_attn.indexer.compressor.state_cache
3610157789868162,3610157790070483,3610157790071703,3610157790072343,3610157790170674,3610157790183224,3610157790264944,3610157790267184,3610157790274154,0,12,4272,1,model.layers.3.self_attn.compressor.state_cache
3610158205318194,3610158205857397,3610158205934198,3610158206231010,3610158206350400,3610158206365480,3610158206660002,3610158225416245,3610158225428775,1,12,96,4,model.layers.2.self_attn.indexer.k_cache
3610158226325431,3610158226549032,3610158226550582,3610158226551502,3610158226680193,3610158226699633,3610158226805604,3610158226870194,3610158226879954,0,12,96,4,model.layers.2.self_attn.attn
3610158227819170,3610158228052512,3610158228054192,3610158228055002,3610158228181113,3610158228198983,3610158228545625,3610158228549515,3610158228557225,0,12,96,128,model.layers.3.self_attn.attn
3610158229473471,3610158229689163,3610158229690653,3610158229691503,3610158229814764,3610158229830294,3610158230153546,3610158230157436,3610158230165146,0,12,96,1,model.layers.0.self_attn.swa_cache
3610158231057742,3610158231272213,3610158231273683,3610158231274583,3610158231400164,3610158231415724,3610158231518915,3610158231521825,3610158231530965,0,12,96,1,model.layers.1.self_attn.swa_cache
3610158232455371,3610158232669502,3610158232671002,3610158232671732,3610158232798113,3610158232813593,3610158232912244,3610158232915244,3610158232924114,0,12,96,1,model.layers.2.self_attn.compressor.state_cache
3610158233577878,3610158233747449,3610158233748689,3610158233749419,3610158233848250,3610158233861010,3610158233940800,3610158233942590,3610158233949551,0,12,96,1,model.layers.2.self_attn.indexer.compressor.state_cache
3610158234686295,3610158234855596,3610158234856846,3610158234857536,3610158234959307,3610158234971657,3610158235050218,3610158235052408,3610158235059638,0,12,96,1,model.layers.3.self_attn.compressor.state_cache
3610158293325068,3610158293849212,3610158293928822,3610158294201294,3610158294311025,3610158294326985,3610158294603666,3610158298375561,3610158298385151,1,12,96,4,model.layers.2.self_attn.indexer.k_cache
3610158299255937,3610158299497638,3610158299499498,3610158299500518,3610158299645289,3610158299666410,3610158299786280,3610158299860851,3610158299872591,0,12,96,4,model.layers.2.self_attn.attn
3610158300920328,3610158301160659,3610158301162409,3610158301163459,3610158301308340,3610158301329050,3610158301699143,3610158301703933,3610158301713413,0,12,96,128,model.layers.3.self_attn.attn
3610158302732510,3610158302976051,3610158302977851,3610158302978801,3610158303121022,3610158303139152,3610158303510475,3610158303515035,3610158303523805,0,12,96,1,model.layers.0.self_attn.swa_cache
3610158304564961,3610158304805193,3610158304807053,3610158304807933,3610158304955474,3610158304974164,3610158305091905,3610158305095295,3610158305105695,0,12,96,1,model.layers.1.self_attn.swa_cache
3610158306110282,3610158306354813,3610158306356483,3610158306357433,3610158306502184,3610158306519744,3610158306634105,3610158306637785,3610158306647835,0,12,96,1,model.layers.2.self_attn.compressor.state_cache
3610158307421860,3610158307591651,3610158307592841,3610158307593521,3610158307691362,3610158307703022,3610158307784273,3610158307786193,3610158307793583,0,12,96,1,model.layers.2.self_attn.indexer.compressor.state_cache
3610158308548918,3610158308714399,3610158308715559,3610158308716199,3610158308814639,3610158308826819,3610158308905810,3610158308908110,3610158308915420,0,12,96,1,model.layers.3.self_attn.compressor.state_cache
3610158367642513,3610158368201277,3610158368279887,3610158368592679,3610158368710300,3610158368726830,3610158369029692,3610158369728707,3610158369737857,1,12,96,4,model.layers.2.self_attn.indexer.k_cache
3610158370468812,3610158370636393,3610158370637673,3610158370638403,3610158370736253,3610158370750814,3610158370834414,3610158370887234,3610158370894964,0,12,96,4,model.layers.2.self_attn.attn
3610158371603049,3610158371770530,3610158371771830,3610158371772440,3610158371871001,3610158371885321,3610158372244783,3610158372248433,3610158372255453,0,12,96,128,model.layers.3.self_attn.attn
3610158372975748,3610158373145049,3610158373146329,3610158373147079,3610158373245150,3610158373257380,3610158373513942,3610158373517372,3610158373524382,0,12,96,1,model.layers.0.self_attn.swa_cache
3610158374227806,3610158374392707,3610158374393987,3610158374394767,3610158374495058,3610158374507228,3610158374587999,3610158374590249,3610158374597199,0,12,96,1,model.layers.1.self_attn.swa_cache
3610158375304813,3610158375473314,3610158375474654,3610158375475364,3610158375574725,3610158375587465,3610158375667986,3610158375670576,3610158375677246,0,12,96,1,model.layers.2.self_attn.compressor.state_cache
3610158376319400,3610158376482431,3610158376483701,3610158376484381,3610158376580792,3610158376593622,3610158376673282,3610158376675372,3610158376682402,0,12,96,1,model.layers.2.self_attn.indexer.compressor.state_cache
3610158377423557,3610158377596218,3610158377597608,3610158377598328,3610158377696699,3610158377710139,3610158377791190,3610158377793760,3610158377800770,0,12,96,1,model.layers.3.self_attn.compressor.state_cache
3610158432065404,3610158432606127,3610158432682548,3610158432970420,3610158433085750,3610158433101351,3610158433393953,3610158437014686,3610158437024086,1,12,96,4,model.layers.2.self_attn.indexer.k_cache
3610158437808741,3610158438042063,3610158438043633,3610158438044803,3610158438180014,3610158438200234,3610158438317615,3610158438393735,3610158438404805,0,12,96,4,model.layers.2.self_attn.attn
3610158439386672,3610158439620183,3610158439621973,3610158439622973,3610158439759874,3610158439779614,3610158440156597,3610158440161117,3610158440170517,0,12,96,128,model.layers.3.self_attn.attn
3610158441164243,3610158441392295,3610158441394135,3610158441395075,3610158441532276,3610158441549916,3610158441902998,3610158441907548,3610158441916268,0,12,96,1,model.layers.0.self_attn.swa_cache
3610158442884714,3610158443110206,3610158443111946,3610158443112806,3610158443246617,3610158443264017,3610158443372548,3610158443376078,3610158443386168,0,12,96,1,model.layers.1.self_attn.swa_cache
3610158444353794,3610158444579246,3610158444580986,3610158444581846,3610158444717126,3610158444734087,3610158444844997,3610158444848457,3610158444857907,0,12,96,1,model.layers.2.self_attn.compressor.state_cache
3610158445708573,3610158445874424,3610158445875584,3610158445876314,3610158445974665,3610158445986955,3610158446066045,3610158446067965,3610158446075015,0,12,96,1,model.layers.2.self_attn.indexer.compressor.state_cache
3610158446812290,3610158446974531,3610158446975841,3610158446976531,3610158447072572,3610158447085412,3610158447166222,3610158447168792,3610158447176252,0,12,96,1,model.layers.3.self_attn.compressor.state_cache
3610158501042794,3610158501576518,3610158501653728,3610158501928990,3610158502044771,3610158502060721,3610158502537164,3610158504743628,3610158504753198,1,12,96,4,model.layers.2.self_attn.indexer.k_cache
3610158505451623,3610158505628774,3610158505630054,3610158505630764,3610158505734335,3610158505749335,3610158505835515,3610158505886606,3610158505894646,0,12,96,4,model.layers.2.self_attn.attn
3610158506610730,3610158506780622,3610158506781902,3610158506782552,3610158506882072,3610158506897012,3610158507258635,3610158507262495,3610158507269675,0,12,96,128,model.layers.3.self_attn.attn
3610158508026170,3610158508209911,3610158508211321,3610158508212081,3610158508315022,3610158508327772,3610158508693964,3610158508698054,3610158508705094,0,12,96,1,model.layers.0.self_attn.swa_cache
3610158509428179,3610158509596440,3610158509597880,3610158509598630,3610158509696891,3610158509709541,3610158509791431,3610158509794071,3610158509800941,0,12,96,1,model.layers.1.self_attn.swa_cache
3610158510647157,3610158510836078,3610158510837558,3610158510838328,3610158510952689,3610158510967749,3610158511060920,3610158511063700,3610158511072030,0,12,96,1,model.layers.2.self_attn.compressor.state_cache
3610158511756184,3610158511948645,3610158511950135,3610158511950905,3610158512076066,3610158512090836,3610158512185087,3610158512187647,3610158512195907,0,12,96,1,model.layers.2.self_attn.indexer.compressor.state_cache
3610158513076343,3610158513262824,3610158513264044,3610158513264964,3610158513376005,3610158513390375,3610158513483545,3610158513486655,3610158513494645,0,12,96,1,model.layers.3.self_attn.compressor.state_cache
3610158567804540,3610158568378174,3610158568455524,3610158568756546,3610158568875727,3610158568892907,3610158569198219,3610158570847960,3610158570857270,1,12,96,4,model.layers.2.self_attn.indexer.k_cache
3610158571554534,3610158571723976,3610158571725286,3610158571725976,3610158571824116,3610158571838846,3610158571924127,3610158571976437,3610158571984677,0,12,96,4,model.layers.2.self_attn.attn
3610158572765272,3610158572926583,3610158572927943,3610158572928663,3610158573030194,3610158573044464,3610158573304726,3610158573308186,3610158573315126,0,12,96,128,model.layers.3.self_attn.attn
3610158574036681,3610158574213552,3610158574214842,3610158574215632,3610158574315272,3610158574327483,3610158574585384,3610158574588634,3610158574595054,0,12,96,1,model.layers.0.self_attn.swa_cache
3610158575310029,3610158575518410,3610158575519760,3610158575520500,3610158575630711,3610158575644811,3610158575732332,3610158575735032,3610158575742472,0,12,96,1,model.layers.1.self_attn.swa_cache
3610158576525287,3610158576708298,3610158576709828,3610158576710628,3610158576822939,3610158576836099,3610158576925119,3610158576927429,3610158576935110,0,12,96,1,model.layers.2.self_attn.compressor.state_cache
3610158577576694,3610158577755115,3610158577756615,3610158577757385,3610158577864026,3610158577877566,3610158577964116,3610158577966226,3610158577973856,0,12,96,1,model.layers.2.self_attn.indexer.compressor.state_cache
3610158578769792,3610158578946683,3610158578948003,3610158578948783,3610158579056253,3610158579069863,3610158579155574,3610158579158514,3610158579166024,0,12,96,1,model.layers.3.self_attn.compressor.state_cache
3610158634006622,3610158634545806,3610158634622086,3610158634937868,3610158635056499,3610158635072899,3610158635384461,3610158636498918,3610158636508188,1,12,96,4,model.layers.2.self_attn.indexer.k_cache
3610158637200843,3610158637364214,3610158637365514,3610158637366124,3610158637464265,3610158637478955,3610158637561725,3610158637613106,3610158637620976,0,12,96,4,model.layers.2.self_attn.attn
3610158638337700,3610158638506321,3610158638507531,3610158638508211,3610158638608352,3610158638622682,3610158638885854,3610158638889364,3610158638895514,0,12,96,128,model.layers.3.self_attn.attn
3610158639614949,3610158639781010,3610158639782400,3610158639783130,3610158639881830,3610158639893961,3610158640193532,3610158640196903,3610158640203353,0,12,96,1,model.layers.0.self_attn.swa_cache
3610158640922877,3610158641091248,3610158641092598,3610158641093258,3610158641190549,3610158641203409,3610158641285380,3610158641287970,3610158641294940,0,12,96,1,model.layers.1.self_attn.swa_cache
3610158642003194,3610158642168995,3610158642170255,3610158642170945,3610158642271536,3610158642283856,3610158642364707,3610158642367187,3610158642374377,0,12,96,1,model.layers.2.self_attn.compressor.state_cache
3610158642966471,3610158643125102,3610158643126332,3610158643126992,3610158643224662,3610158643237132,3610158643316913,3610158643318843,3610158643325613,0,12,96,1,model.layers.2.self_attn.indexer.compressor.state_cache
3610158644068118,3610158644235429,3610158644236669,3610158644237389,3610158644332380,3610158644344420,3610158644424570,3610158644427160,3610158644433810,0,12,96,1,model.layers.3.self_attn.compressor.state_cache
3610158698268521,3610158698794735,3610158698870585,3610158699151767,3610158699267188,3610158699286928,3610158699872742,3610158701999426,3610158702009216,1,12,96,4,model.layers.2.self_attn.indexer.k_cache
3610158702686910,3610158702854391,3610158702855671,3610158702856391,3610158702956182,3610158702970992,3610158703054813,3610158703105433,3610158703113463,0,12,96,4,model.layers.2.self_attn.attn
3610158703826918,3610158704021629,3610158704022979,3610158704023659,3610158704127200,3610158704141530,3610158704521092,3610158704525082,3610158704532132,0,12,96,128,model.layers.3.self_attn.attn
3610158705249377,3610158705449008,3610158705450448,3610158705451138,3610158705550029,3610158705562359,3610158705915121,3610158705918681,3610158705925681,0,12,96,1,model.layers.0.self_attn.swa_cache
3610158706640586,3610158706808007,3610158706809357,3610158706810087,3610158706907738,3610158706920758,3610158707002488,3610158707004949,3610158707012059,0,12,96,1,model.layers.1.self_attn.swa_cache
3610158707720163,3610158707887314,3610158707888584,3610158707889264,3610158707987065,3610158707999745,3610158708093386,3610158708096006,3610158708103386,0,12,96,1,model.layers.2.self_attn.compressor.state_cache
3610158708698720,3610158708865761,3610158708867181,3610158708867901,3610158708965291,3610158708977661,3610158709057312,3610158709059492,3610158709066812,0,12,96,1,model.layers.2.self_attn.indexer.compressor.state_cache
3610158709845837,3610158710008428,3610158710009658,3610158710010408,3610158710106879,3610158710119959,3610158710201369,3610158710203919,3610158710210959,0,12,96,1,model.layers.3.self_attn.compressor.state_cache
3610158764173912,3610158764701265,3610158764779335,3610158765065077,3610158765183538,3610158765200508,3610158765514720,3610158767812235,3610158767821695,1,12,96,4,model.layers.2.self_attn.indexer.k_cache
3610158768545850,3610158768716501,3610158768717761,3610158768718451,3610158768818952,3610158768833592,3610158768916242,3610158768967043,3610158768975123,0,12,96,4,model.layers.2.self_attn.attn
3610158769703508,3610158769872929,3610158769874129,3610158769874779,3610158769974569,3610158769989089,3610158770251671,3610158770255011,3610158770261741,0,12,96,128,model.layers.3.self_attn.attn
3610158770997396,3610158771168137,3610158771169337,3610158771170067,3610158771270938,3610158771284198,3610158771541040,3610158771544520,3610158771550940,0,12,96,1,model.layers.0.self_attn.swa_cache
3610158772283794,3610158772450996,3610158772452356,3610158772453046,3610158772552796,3610158772565776,3610158772647027,3610158772649407,3610158772656367,0,12,96,1,model.layers.1.self_attn.swa_cache
3610158773364911,3610158773533303,3610158773534603,3610158773535353,3610158773635603,3610158773648203,3610158773728674,3610158773731634,3610158773738864,0,12,96,1,model.layers.2.self_attn.compressor.state_cache
3610158774332048,3610158774503249,3610158774504549,3610158774505339,3610158774604230,3610158774617260,3610158774697250,3610158774699400,3610158774706320,0,12,96,1,model.layers.2.self_attn.indexer.compressor.state_cache
3610158775453795,3610158775618266,3610158775619526,3610158775620406,3610158775718347,3610158775731177,3610158775811767,3610158775814347,3610158775821088,0,12,96,1,model.layers.3.self_attn.compressor.state_cache
3610158829425427,3610158829968031,3610158830046091,3610158830333443,3610158830450914,3610158830466854,3610158830970207,3610158833645115,3610158833654575,1,12,96,4,model.layers.2.self_attn.indexer.k_cache
3610158834377600,3610158834547041,3610158834548291,3610158834549081,3610158834652021,3610158834667282,3610158834750712,3610158834802132,3610158834809692,0,12,96,4,model.layers.2.self_attn.attn
3610158835536417,3610158835707058,3610158835708338,3610158835709128,3610158835808439,3610158835823159,3610158836205422,3610158836209292,3610158836216292,0,12,96,128,model.layers.3.self_attn.attn
3610158836941666,3610158837112437,3610158837113617,3610158837114317,3610158837213318,3610158837225998,3610158837587341,3610158837591021,3610158837597621,0,12,96,1,model.layers.0.self_attn.swa_cache
3610158838315715,3610158838481756,3610158838482996,3610158838483736,3610158838582997,3610158838595497,3610158838676378,3610158838678808,3610158838685688,0,12,96,1,model.layers.1.self_attn.swa_cache
3610158839394422,3610158839574154,3610158839575554,3610158839576454,3610158839677724,3610158839690124,3610158839773515,3610158839776055,3610158839783355,0,12,96,1,model.layers.2.self_attn.compressor.state_cache
3610158840399909,3610158840567130,3610158840568400,3610158840569180,3610158840668021,3610158840680081,3610158840760821,3610158840762701,3610158840770151,0,12,96,1,model.layers.2.self_attn.indexer.compressor.state_cache
3610158841507906,3610158841671517,3610158841672787,3610158841673697,3610158841771698,3610158841784358,3610158841862658,3610158841864958,3610158841872249,0,12,96,1,model.layers.3.self_attn.compressor.state_cache
3610158895452568,3610158895978352,3610158896069532,3610158896339264,3610158896453025,3610158896468065,3610158896746077,3610158899371824,3610158899380834,1,12,96,4,model.layers.2.self_attn.indexer.k_cache
3610158900066518,3610158900241979,3610158900243169,3610158900243779,3610158900347320,3610158900362280,3610158900447661,3610158900499391,3610158900507421,0,12,96,4,model.layers.2.self_attn.attn
3610158901234826,3610158901404967,3610158901406287,3610158901407067,3610158901505728,3610158901520408,3610158901777189,3610158901780409,3610158901787039,0,12,96,128,model.layers.3.self_attn.attn
3610158902543674,3610158902713436,3610158902714646,3610158902715326,3610158902813126,3610158902826326,3610158903081778,3610158903085018,3610158903091478,0,12,96,1,model.layers.0.self_attn.swa_cache
3610158903797603,3610158903962104,3610158903963564,3610158903964264,3610158904072044,3610158904085484,3610158904169545,3610158904171805,3610158904178955,0,12,96,1,model.layers.1.self_attn.swa_cache
3610158904875000,3610158905037971,3610158905039171,3610158905039891,3610158905135661,3610158905147861,3610158905225762,3610158905228042,3610158905235132,0,12,96,1,model.layers.2.self_attn.compressor.state_cache
3610158905822046,3610158905983367,3610158905984647,3610158905985367,3610158906081628,3610158906093908,3610158906169328,3610158906171298,3610158906178278,0,12,96,1,model.layers.2.self_attn.indexer.compressor.state_cache
3610158906912863,3610158907074104,3610158907075274,3610158907075924,3610158907172045,3610158907184505,3610158907260925,3610158907263445,3610158907270655,0,12,96,1,model.layers.3.self_attn.compressor.state_cache
3610158961795861,3610158962327345,3610158962404225,3610158962687147,3610158962799848,3610158962816398,3610158963289201,3610158965615866,3610158965625616,1,11,88,4,model.layers.2.self_attn.indexer.k_cache
3610158966313611,3610158966491222,3610158966492502,3610158966493222,3610158966592782,3610158966607582,3610158966691183,3610158966746563,3610158966754683,0,11,88,4,model.layers.2.self_attn.attn
3610158967574049,3610158967769840,3610158967771400,3610158967772310,3610158967886301,3610158967903301,3610158968349774,3610158968354184,3610158968362204,0,11,88,128,model.layers.3.self_attn.attn
3610158969200229,3610158969396411,3610158969397741,3610158969398571,3610158969512881,3610158969527401,3610158969975344,3610158969980044,3610158969988845,0,11,88,1,model.layers.0.self_attn.swa_cache
3610158970813440,3610158971003311,3610158971005051,3610158971005951,3610158971119272,3610158971133942,3610158971227433,3610158971230263,3610158971238483,0,11,88,1,model.layers.1.self_attn.swa_cache
3610158972061588,3610158972263299,3610158972264809,3610158972265799,3610158972383010,3610158972397550,3610158972490221,3610158972493051,3610158972501521,0,11,88,1,model.layers.2.self_attn.compressor.state_cache
3610158973177035,3610158973367517,3610158973368947,3610158973369837,3610158973482627,3610158973496417,3610158973588698,3610158973590898,3610158973599238,0,11,88,1,model.layers.2.self_attn.indexer.compressor.state_cache
3610158974449974,3610158974635235,3610158974636415,3610158974637285,3610158974750236,3610158974764286,3610158974855716,3610158974858626,3610158974867476,0,11,88,1,model.layers.3.self_attn.compressor.state_cache
3610159029526313,3610159030063026,3610159030141197,3610159030431529,3610159030546760,3610159030561910,3610159031012923,3610159031788538,3610159031798388,1,10,80,4,model.layers.2.self_attn.indexer.k_cache
3610159032523183,3610159032697184,3610159032698364,3610159032698994,3610159032796964,3610159032811584,3610159032897485,3610159032948715,3610159032956615,0,10,80,4,model.layers.2.self_attn.attn
3610159033677530,3610159033845781,3610159033847011,3610159033847751,3610159033945792,3610159033960442,3610159034333544,3610159034337284,3610159034344294,0,10,80,128,model.layers.3.self_attn.attn
3610159035063419,3610159035233050,3610159035234300,3610159035235050,3610159035334271,3610159035347071,3610159035719803,3610159035723783,3610159035730933,0,10,80,1,model.layers.0.self_attn.swa_cache
3610159036460308,3610159036628439,3610159036629669,3610159036630429,3610159036729340,3610159036742380,3610159036822681,3610159036825311,3610159036832451,0,10,80,1,model.layers.1.self_attn.swa_cache
3610159037541005,3610159037710096,3610159037711316,3610159037712056,3610159037812677,3610159037824957,3610159037904998,3610159037907428,3610159037914378,0,10,80,1,model.layers.2.self_attn.compressor.state_cache
3610159038507412,3610159038674093,3610159038675333,3610159038676063,3610159038773963,3610159038786413,3610159038868434,3610159038870604,3610159038877434,0,10,80,1,model.layers.2.self_attn.indexer.compressor.state_cache
3610159039648549,3610159039815640,3610159039816940,3610159039817580,3610159039917681,3610159039930301,3610159040021991,3610159040024341,3610159040031632,0,10,80,1,model.layers.3.self_attn.compressor.state_cache
3610159093578271,3610159094095174,3610159094171545,3610159094448647,3610159094558837,3610159094574517,3610159094996310,3610159098130151,3610159098139641,1,10,80,4,model.layers.2.self_attn.indexer.k_cache
3610159098809805,3610159098982846,3610159098984086,3610159098984876,3610159099085277,3610159099099987,3610159099185668,3610159099239298,3610159099247738,0,10,80,4,model.layers.2.self_attn.attn
3610159100197204,3610159100423906,3610159100425766,3610159100426826,3610159100557326,3610159100576207,3610159101052130,3610159101056970,3610159101065900,0,10,80,128,model.layers.3.self_attn.attn
3610159102006126,3610159102222427,3610159102224097,3610159102225047,3610159102350098,3610159102366418,3610159102845571,3610159102850701,3610159102859992,0,10,80,1,model.layers.0.self_attn.swa_cache
3610159103806668,3610159104054129,3610159104055509,3610159104056509,3610159104187550,3610159104203140,3610159104311841,3610159104314911,3610159104324291,0,10,80,1,model.layers.1.self_attn.swa_cache
3610159105246767,3610159105463768,3610159105465429,3610159105466369,3610159105593819,3610159105610019,3610159105713200,3610159105716540,3610159105725610,0,10,80,1,model.layers.2.self_attn.compressor.state_cache
3610159106495985,3610159106709107,3610159106710727,3610159106711737,3610159106839637,3610159106855428,3610159106960778,3610159106963128,3610159106972568,0,10,80,1,model.layers.2.self_attn.indexer.compressor.state_cache
3610159107938625,3610159108186846,3610159108188226,3610159108189096,3610159108287587,3610159108299897,3610159108377318,3610159108379878,3610159108387138,0,10,80,1,model.layers.3.self_attn.compressor.state_cache
3610159164534494,3610159165071277,3610159165150068,3610159165446810,3610159165563941,3610159165580511,3610159166058034,3610159166830149,3610159166839489,1,9,72,4,model.layers.2.self_attn.indexer.k_cache
3610159167544184,3610159167708835,3610159167710025,3610159167710805,3610159167810705,3610159167825055,3610159167906396,3610159167957546,3610159167965486,0,9,72,4,model.layers.2.self_attn.attn
3610159168703521,3610159168879282,3610159168880552,3610159168881312,3610159168980653,3610159168994983,3610159169361285,3610159169364915,3610159169371916,0,9,72,128,model.layers.3.self_attn.attn
3610159170096000,3610159170279541,3610159170280881,3610159170281681,3610159170380062,3610159170392472,3610159170766815,3610159170770345,3610159170777045,0,9,72,1,model.layers.0.self_attn.swa_cache
3610159171498179,3610159171661800,3610159171662970,3610159171663720,3610159171761031,3610159171773261,3610159171853612,3610159171856332,3610159171863282,0,9,72,1,model.layers.1.self_attn.swa_cache
3610159172576976,3610159172744548,3610159172746028,3610159172746758,3610159172846178,3610159172859038,3610159172938479,3610159172940739,3610159172948059,0,9,72,1,model.layers.2.self_attn.compressor.state_cache
3610159173568543,3610159173730894,3610159173732244,3610159173733014,3610159173829735,3610159173841905,3610159173919885,3610159173921605,3610159173928885,0,9,72,1,model.layers.2.self_attn.indexer.compressor.state_cache
3610159174665650,3610159174829701,3610159174830891,3610159174831711,3610159174929882,3610159174942192,3610159175020012,3610159175022212,3610159175029602,0,9,72,1,model.layers.3.self_attn.compressor.state_cache
3610159228544052,3610159229070365,3610159229147606,3610159229424267,3610159229534388,3610159229550758,3610159229967741,3610159230737976,3610159230747306,1,9,72,4,model.layers.2.self_attn.indexer.k_cache
3610159231410260,3610159231579081,3610159231580231,3610159231580821,3610159231679182,3610159231694022,3610159231802403,3610159231859873,3610159231868043,0,9,72,4,model.layers.2.self_attn.attn
3610159232607678,3610159232777029,3610159232778179,3610159232778869,3610159232876310,3610159232890520,3610159233262012,3610159233265692,3610159233272092,0,9,72,128,model.layers.3.self_attn.attn
3610159234039957,3610159234206949,3610159234208089,3610159234208739,3610159234307259,3610159234319769,3610159234684892,3610159234688682,3610159234695192,0,9,72,1,model.layers.0.self_attn.swa_cache
3610159235409486,3610159235578768,3610159235580168,3610159235580928,3610159235681188,3610159235693618,3610159235776229,3610159235779169,3610159235786259,0,9,72,1,model.layers.1.self_attn.swa_cache
3610159236516754,3610159236686205,3610159236687485,3610159236688225,3610159236786885,3610159236798345,3610159236878046,3610159236880516,3610159236887446,0,9,72,1,model.layers.2.self_attn.compressor.state_cache
3610159237481670,3610159237645991,3610159237647241,3610159237647891,3610159237743862,3610159237756432,3610159237836672,3610159237838682,3610159237845592,0,9,72,1,model.layers.2.self_attn.indexer.compressor.state_cache
3610159238573237,3610159238733358,3610159238734558,3610159238735248,3610159238833009,3610159238845299,3610159238923859,3610159238926389,3610159238933449,0,9,72,1,model.layers.3.self_attn.compressor.state_cache
3610159297787493,3610159298329167,3610159298394917,3610159298688879,3610159298803920,3610159298818570,3610159299120682,3610159299466704,3610159299475024,1,10,4256,4,model.layers.2.self_attn.indexer.k_cache
3610159300159479,3610159300327650,3610159300328860,3610159300329590,3610159300435391,3610159300449721,3610159300538301,3610159300592132,3610159300599882,0,10,4256,4,model.layers.2.self_attn.attn
3610159301327717,3610159301501888,3610159301503218,3610159301503858,3610159301601448,3610159301615368,3610159301892660,3610159301896240,3610159301903480,0,10,4256,128,model.layers.3.self_attn.attn
3610159302619375,3610159302778176,3610159302779356,3610159302780016,3610159302878077,3610159302890567,3610159303148278,3610159303151788,3610159303157888,0,10,4256,1,model.layers.0.self_attn.swa_cache
3610159303867473,3610159304040384,3610159304041564,3610159304042334,3610159304142835,3610159304155305,3610159304236606,3610159304239086,3610159304245956,0,10,4256,1,model.layers.1.self_attn.swa_cache
3610159304958350,3610159305123231,3610159305124491,3610159305125191,3610159305221942,3610159305234092,3610159305312333,3610159305314593,3610159305321553,0,10,4256,1,model.layers.2.self_attn.compressor.state_cache
3610159305914026,3610159306079478,3610159306080468,3610159306081108,3610159306179528,3610159306192398,3610159306270719,3610159306272519,3610159306279459,0,10,4256,1,model.layers.2.self_attn.indexer.compressor.state_cache
3610159307018674,3610159307194635,3610159307196075,3610159307196795,3610159307293005,3610159307304936,3610159307382236,3610159307384816,3610159307391816,0,10,4256,1,model.layers.3.self_attn.compressor.state_cache
3610159726877983,3610159727430627,3610159727506947,3610159727793609,3610159727911540,3610159727928010,3610159728418143,3610159729220448,3610159729230008,1,9,72,4,model.layers.2.self_attn.indexer.k_cache
3610159729976373,3610159730152394,3610159730153745,3610159730154495,3610159730255915,3610159730270325,3610159730355486,3610159730409146,3610159730416926,0,9,72,4,model.layers.2.self_attn.attn
3610159731118821,3610159731281452,3610159731282672,3610159731283362,3610159731380923,3610159731396313,3610159731758115,3610159731761885,3610159731768555,0,9,72,128,model.layers.3.self_attn.attn
3610159732506140,3610159732683721,3610159732684941,3610159732685601,3610159732783392,3610159732795622,3610159733155504,3610159733159284,3610159733166174,0,9,72,1,model.layers.0.self_attn.swa_cache
3610159733871289,3610159734040980,3610159734042100,3610159734042770,3610159734142171,3610159734154781,3610159734234991,3610159734237371,3610159734244391,0,9,72,1,model.layers.1.self_attn.swa_cache
3610159734934096,3610159735101087,3610159735102257,3610159735102967,3610159735201377,3610159735214198,3610159735295328,3610159735297728,3610159735304598,0,9,72,1,model.layers.2.self_attn.compressor.state_cache
3610159735888072,3610159736071843,3610159736073003,3610159736073583,3610159736170844,3610159736182774,3610159736261964,3610159736263594,3610159736270704,0,9,72,1,model.layers.2.self_attn.indexer.compressor.state_cache
3610159737066730,3610159737228371,3610159737229551,3610159737230191,3610159737327531,3610159737339981,3610159737419562,3610159737421622,3610159737428562,0,9,72,1,model.layers.3.self_attn.compressor.state_cache
3610159796434787,3610159796968730,3610159797035461,3610159797337143,3610159797450323,3610159797466074,3610159797796966,3610159798163848,3610159798173088,1,10,4256,4,model.layers.2.self_attn.indexer.k_cache
3610159798904803,3610159799071994,3610159799073084,3610159799073754,3610159799172705,3610159799187125,3610159799269405,3610159799319396,3610159799326686,0,10,4256,4,model.layers.2.self_attn.attn
3610159800057480,3610159800234562,3610159800235812,3610159800236672,3610159800336972,3610159800350992,3610159800620994,3610159800624414,3610159800630434,0,10,4256,128,model.layers.3.self_attn.attn
3610159801361269,3610159801524500,3610159801525640,3610159801526160,3610159801627071,3610159801639731,3610159801899732,3610159801903002,3610159801909133,0,10,4256,1,model.layers.0.self_attn.swa_cache
3610159802618507,3610159802785698,3610159802787068,3610159802787798,3610159802886419,3610159802898849,3610159802980150,3610159802982820,3610159802989910,0,10,4256,1,model.layers.1.self_attn.swa_cache
3610159803682644,3610159803849515,3610159803850825,3610159803851515,3610159803949276,3610159803961466,3610159804084497,3610159804087137,3610159804094177,0,10,4256,1,model.layers.2.self_attn.compressor.state_cache
3610159804694411,3610159804863642,3610159804865032,3610159804865642,3610159804964212,3610159804976823,3610159805055483,3610159805057553,3610159805064603,0,10,4256,1,model.layers.2.self_attn.indexer.compressor.state_cache
3610159805800808,3610159805971409,3610159805972779,3610159805973399,3610159806072230,3610159806084250,3610159806166110,3610159806168260,3610159806175260,0,10,4256,1,model.layers.3.self_attn.compressor.state_cache
3610160221602040,3610160222128793,3610160222206404,3610160222495736,3610160222614396,3610160222629797,3610160223085150,3610160236086644,3610160236111074,1,10,80,4,model.layers.2.self_attn.indexer.k_cache
3610160237796025,3610160238245708,3610160238248388,3610160238249948,3610160238503470,3610160238540920,3610160238753292,3610160238899013,3610160238910993,0,10,80,4,model.layers.2.self_attn.attn
3610160239983450,3610160240275702,3610160240277452,3610160240278552,3610160240430143,3610160240451953,3610160241014606,3610160241020307,3610160241030717,0,10,80,128,model.layers.3.self_attn.attn
3610160242122724,3610160242378955,3610160242380895,3610160242381865,3610160242528446,3610160242546296,3610160243100280,3610160243105970,3610160243116290,0,10,80,1,model.layers.0.self_attn.swa_cache
3610160244217467,3610160244480899,3610160244482929,3610160244484059,3610160244641160,3610160244660710,3610160244785381,3610160244788971,3610160244800501,0,10,80,1,model.layers.1.self_attn.swa_cache
3610160245857548,3610160246102650,3610160246104650,3610160246105720,3610160246257081,3610160246275391,3610160246393752,3610160246397252,3610160246408062,0,10,80,1,model.layers.2.self_attn.compressor.state_cache
3610160247318868,3610160247484689,3610160247485819,3610160247486459,3610160247584959,3610160247598379,3610160247676170,3610160247677980,3610160247685780,0,10,80,1,model.layers.2.self_attn.indexer.compressor.state_cache
3610160248434225,3610160248599166,3610160248600496,3610160248601186,3610160248698227,3610160248709847,3610160248790147,3610160248792647,3610160248799507,0,10,80,1,model.layers.3.self_attn.compressor.state_cache
3610160303220332,3610160303741976,3610160303818016,3610160304113598,3610160304224559,3610160304239549,3610160304671242,3610160307981483,3610160307992153,1,10,80,4,model.layers.2.self_attn.indexer.k_cache
3610160308664448,3610160308831649,3610160308832989,3610160308833659,3610160308935279,3610160308950200,3610160309034780,3610160309089590,3610160309097501,0,10,80,4,model.layers.2.self_attn.attn
3610160309796365,3610160309963696,3610160309964976,3610160309965746,3610160310068267,3610160310082937,3610160310448399,3610160310452369,3610160310459269,0,10,80,128,model.layers.3.self_attn.attn
3610160311207724,3610160311375355,3610160311376525,3610160311377245,3610160311475096,3610160311487806,3610160311850228,3610160311854069,3610160311860709,0,10,80,1,model.layers.0.self_attn.swa_cache
3610160312898405,3610160313127387,3610160313128997,3610160313129837,3610160313267098,3610160313284558,3610160313393739,3610160313397249,3610160313406799,0,10,80,1,model.layers.1.self_attn.swa_cache
3610160314352575,3610160314578686,3610160314580356,3610160314581316,3610160314715647,3610160314732207,3610160314845308,3610160314848638,3610160314857738,0,10,80,1,model.layers.2.self_attn.compressor.state_cache
3610160315656583,3610160315883735,3610160315885585,3610160315886405,3610160316035296,3610160316054386,3610160316169827,3610160316172597,3610160316182367,0,10,80,1,model.layers.2.self_attn.indexer.compressor.state_cache
3610160317174513,3610160317403835,3610160317405405,3610160317406395,3610160317541856,3610160317558146,3610160317666866,3610160317670006,3610160317679747,0,10,80,1,model.layers.3.self_attn.compressor.state_cache
3610160372121602,3610160372667595,3610160372745106,3610160373056618,3610160373179898,3610160373197569,3610160373500001,3610160374313606,3610160374322126,1,10,80,4,model.layers.2.self_attn.indexer.k_cache
3610160375030321,3610160375193002,3610160375194232,3610160375194922,3610160375293402,3610160375308162,3610160375392763,3610160375446373,3610160375454203,0,10,80,4,model.layers.2.self_attn.attn
3610160376191118,3610160376349709,3610160376350839,3610160376351499,3610160376451690,3610160376465490,3610160376728312,3610160376731642,3610160376737942,0,10,80,128,model.layers.3.self_attn.attn
3610160377485587,3610160377659048,3610160377660458,3610160377661128,3610160377764448,3610160377777298,3610160378034450,3610160378037780,3610160378043750,0,10,80,1,model.layers.0.self_attn.swa_cache
3610160378750885,3610160378921736,3610160378922856,3610160378923506,3610160379022307,3610160379034387,3610160379115387,3610160379117877,3610160379125317,0,10,80,1,model.layers.1.self_attn.swa_cache
3610160379829102,3610160379988543,3610160379989663,3610160379990353,3610160380106684,3610160380119374,3610160380200784,3610160380203354,3610160380210554,0,10,80,1,model.layers.2.self_attn.compressor.state_cache
3610160380801118,3610160380964449,3610160380965629,3610160380966209,3610160381062860,3610160381074480,3610160381154111,3610160381156081,3610160381163271,0,10,80,1,model.layers.2.self_attn.indexer.compressor.state_cache
3610160381894575,3610160382061256,3610160382062756,3610160382063436,3610160382161327,3610160382173407,3610160382252448,3610160382254768,3610160382262078,0,10,80,1,model.layers.3.self_attn.compressor.state_cache
3610160441184172,3610160441731386,3610160441810846,3610160442109168,3610160442226009,3610160442241939,3610160442730112,3610160445954953,3610160445965303,1,10,80,4,model.layers.2.self_attn.indexer.k_cache
3610160446701498,3610160446869239,3610160446870389,3610160446871049,3610160446972490,3610160446987220,3610160447071530,3610160447124121,3610160447131881,0,10,80,4,model.layers.2.self_attn.attn
3610160447845375,3610160448024717,3610160448026057,3610160448026827,3610160448127847,3610160448142587,3610160448505870,3610160448509510,3610160448516080,0,10,80,128,model.layers.3.self_attn.attn
3610160449252235,3610160449416306,3610160449417556,3610160449418186,3610160449517626,3610160449529596,3610160449889919,3610160449893619,3610160449900169,0,10,80,1,model.layers.0.self_attn.swa_cache
3610160450620034,3610160450785785,3610160450787025,3610160450787725,3610160450886285,3610160450898335,3610160450979376,3610160450981626,3610160450988656,0,10,80,1,model.layers.1.self_attn.swa_cache
3610160451693131,3610160451855012,3610160451856362,3610160451857092,3610160451953732,3610160451965732,3610160452060673,3610160452063413,3610160452070513,0,10,80,1,model.layers.2.self_attn.compressor.state_cache
3610160452669897,3610160452831218,3610160452832488,3610160452833238,3610160452931029,3610160452944019,3610160453023689,3610160453025479,3610160453032259,0,10,80,1,model.layers.2.self_attn.indexer.compressor.state_cache
3610160453787694,3610160453952245,3610160453953485,3610160453954195,3610160454052726,3610160454065276,3610160454148487,3610160454150767,3610160454157377,0,10,80,1,model.layers.3.self_attn.compressor.state_cache
3610160508015338,3610160508567602,3610160508646792,3610160508936894,3610160509054465,3610160509070405,3610160509519368,3610160510535964,3610160510546034,1,9,72,4,model.layers.2.self_attn.indexer.k_cache
3610160511232109,3610160511408210,3610160511409530,3610160511410190,3610160511511951,3610160511527391,3610160511613491,3610160511665712,3610160511673252,0,9,72,4,model.layers.2.self_attn.attn
3610160512405377,3610160512569058,3610160512570258,3610160512570978,3610160512667148,3610160512681348,3610160513046131,3610160513049841,3610160513056721,0,9,72,128,model.layers.3.self_attn.attn
3610160513777786,3610160513949767,3610160513950977,3610160513951677,3610160514052047,3610160514064487,3610160514425180,3610160514428570,3610160514434990,0,9,72,1,model.layers.0.self_attn.swa_cache
3610160515154814,3610160515324406,3610160515325676,3610160515326346,3610160515425526,3610160515437946,3610160515521047,3610160515523327,3610160515531187,0,9,72,1,model.layers.1.self_attn.swa_cache
3610160516277822,3610160516451773,3610160516453073,3610160516453753,3610160516553384,3610160516566074,3610160516646634,3610160516649094,3610160516655964,0,9,72,1,model.layers.2.self_attn.compressor.state_cache
3610160517246448,3610160517412739,3610160517413789,3610160517414419,3610160517511430,3610160517523690,3610160517601600,3610160517603640,3610160517610431,0,9,72,1,model.layers.2.self_attn.indexer.compressor.state_cache
3610160518341745,3610160518507746,3610160518508946,3610160518509536,3610160518606847,3610160518619657,3610160518700738,3610160518703298,3610160518710328,0,9,72,1,model.layers.3.self_attn.compressor.state_cache
3610160572932521,3610160573472055,3610160573551955,3610160573836027,3610160573949678,3610160573965518,3610160574398691,3610160575163406,3610160575172666,1,9,72,4,model.layers.2.self_attn.indexer.k_cache
3610160575857310,3610160576052972,3610160576054332,3610160576055022,3610160576157252,3610160576172002,3610160576258663,3610160576311673,3610160576319443,0,9,72,4,model.layers.2.self_attn.attn
3610160577032838,3610160577196539,3610160577197699,3610160577198399,3610160577296350,3610160577310880,3610160577695972,3610160577700002,3610160577707322,0,9,72,128,model.layers.3.self_attn.attn
3610160578432267,3610160578597578,3610160578598838,3610160578599518,3610160578699489,3610160578711849,3610160579078551,3610160579082531,3610160579089431,0,9,72,1,model.layers.0.self_attn.swa_cache
3610160579813046,3610160579985737,3610160579987037,3610160579987627,3610160580100528,3610160580113528,3610160580197449,3610160580200089,3610160580207149,0,9,72,1,model.layers.1.self_attn.swa_cache
3610160580911903,3610160581080434,3610160581081744,3610160581082424,3610160581181135,3610160581194095,3610160581274056,3610160581276616,3610160581283896,0,9,72,1,model.layers.2.self_attn.compressor.state_cache
3610160581879150,3610160582041381,3610160582042521,3610160582043221,3610160582139581,3610160582151611,3610160582231252,3610160582233032,3610160582239842,0,9,72,1,model.layers.2.self_attn.indexer.compressor.state_cache
3610160582983017,3610160583153868,3610160583155108,3610160583155698,3610160583254929,3610160583267949,3610160583348899,3610160583351459,3610160583358929,0,9,72,1,model.layers.3.self_attn.compressor.state_cache
3610160636995499,3610160637547433,3610160637626263,3610160637973626,3610160638101386,3610160638118926,3610160638712610,3610160639562276,3610160639572186,1,9,72,4,model.layers.2.self_attn.indexer.k_cache
3610160640294911,3610160640461872,3610160640462992,3610160640463702,3610160640562822,3610160640577333,3610160640661773,3610160640717333,3610160640725264,0,9,72,4,model.layers.2.self_attn.attn
3610160641446508,3610160641610929,3610160641612139,3610160641612939,3610160641709890,3610160641723970,3610160642095782,3610160642099652,3610160642106423,0,9,72,128,model.layers.3.self_attn.attn
3610160642852457,3610160643018778,3610160643020068,3610160643020868,3610160643119649,3610160643132139,3610160643495762,3610160643499492,3610160643506132,0,9,72,1,model.layers.0.self_attn.swa_cache
3610160644243706,3610160644412458,3610160644413768,3610160644414378,3610160644512208,3610160644525088,3610160644603819,3610160644606139,3610160644613499,0,9,72,1,model.layers.1.self_attn.swa_cache
3610160645318493,3610160645486255,3610160645487505,3610160645488225,3610160645587035,3610160645599475,3610160645678396,3610160645680946,3610160645687716,0,9,72,1,model.layers.2.self_attn.compressor.state_cache
3610160646273960,3610160646438911,3610160646440181,3610160646440881,3610160646539381,3610160646551781,3610160646633732,3610160646635712,3610160646642602,0,9,72,1,model.layers.2.self_attn.indexer.compressor.state_cache
3610160647371397,3610160647534218,3610160647535388,3610160647536038,3610160647633209,3610160647645029,3610160647722929,3610160647725249,3610160647732379,0,9,72,1,model.layers.3.self_attn.compressor.state_cache
3610160701488980,3610160702012243,3610160702089874,3610160702373715,3610160702490476,3610160702505996,3610160702934699,3610160704487449,3610160704497039,1,9,72,4,model.layers.2.self_attn.indexer.k_cache
3610160705261554,3610160705443865,3610160705445005,3610160705445725,3610160705553326,3610160705568946,3610160705661607,3610160705717657,3610160705726257,0,9,72,4,model.layers.2.self_attn.attn
3610160706500612,3610160706685234,3610160706686484,3610160706687194,3610160706794214,3610160706810334,3610160707213137,3610160707216937,3610160707224407,0,9,72,128,model.layers.3.self_attn.attn
3610160708022652,3610160708216124,3610160708217674,3610160708218424,3610160708326224,3610160708340394,3610160708736317,3610160708740367,3610160708748007,0,9,72,1,model.layers.0.self_attn.swa_cache
3610160709560682,3610160709744864,3610160709746214,3610160709746934,3610160709851554,3610160709864184,3610160709949195,3610160709951765,3610160709959335,0,9,72,1,model.layers.1.self_attn.swa_cache
3610160710719060,3610160710900781,3610160710902081,3610160710902751,3610160711009372,3610160711022972,3610160711110992,3610160711113682,3610160711120972,0,9,72,1,model.layers.2.self_attn.compressor.state_cache
3610160711758397,3610160711939358,3610160711940538,3610160711941348,3610160712060769,3610160712075119,3610160712164119,3610160712166389,3610160712173819,0,9,72,1,model.layers.2.self_attn.indexer.compressor.state_cache
3610160713061755,3610160713227486,3610160713228716,3610160713229426,3610160713327717,3610160713339107,3610160713419897,3610160713422387,3610160713429228,0,9,72,1,model.layers.3.self_attn.compressor.state_cache
3610160767999493,3610160768552417,3610160768628817,3610160768922799,3610160769062260,3610160769077960,3610160769531743,3610160770335549,3610160770345229,1,9,72,4,model.layers.2.self_attn.indexer.k_cache
3610160771027713,3610160771199234,3610160771200484,3610160771201314,3610160771302155,3610160771317165,3610160771403285,3610160771453516,3610160771461176,0,9,72,4,model.layers.2.self_attn.attn
3610160772201841,3610160772377302,3610160772378622,3610160772379392,3610160772478093,3610160772492733,3610160772875695,3610160772879735,3610160772886825,0,9,72,128,model.layers.3.self_attn.attn
3610160773611710,3610160773778391,3610160773779681,3610160773780371,3610160773878642,3610160773891212,3610160774256074,3610160774259964,3610160774266634,0,9,72,1,model.layers.0.self_attn.swa_cache
3610160774983969,3610160775158650,3610160775160050,3610160775160820,3610160775260071,3610160775271711,3610160775352481,3610160775355061,3610160775362141,0,9,72,1,model.layers.1.self_attn.swa_cache
3610160776079416,3610160776257427,3610160776258717,3610160776259477,3610160776362098,3610160776374678,3610160776454928,3610160776457318,3610160776464528,0,9,72,1,model.layers.2.self_attn.compressor.state_cache
3610160777064162,3610160777232683,3610160777234113,3610160777234773,3610160777332364,3610160777344654,3610160777424165,3610160777426105,3610160777432965,0,9,72,1,model.layers.2.self_attn.indexer.compressor.state_cache
3610160778170090,3610160778336591,3610160778337901,3610160778338601,3610160778438341,3610160778450491,3610160778530662,3610160778532882,3610160778540242,0,9,72,1,model.layers.3.self_attn.compressor.state_cache
3610160832652545,3610160833199658,3610160833277239,3610160833565111,3610160833679471,3610160833695502,3610160834134844,3610160834916760,3610160834926570,1,9,72,4,model.layers.2.self_attn.indexer.k_cache
3610160835649524,3610160835819845,3610160835821465,3610160835822175,3610160835920656,3610160835935156,3610160836034917,3610160836088257,3610160836096377,0,9,72,4,model.layers.2.self_attn.attn
3610160836809292,3610160836981013,3610160836982353,3610160836983083,3610160837082034,3610160837096554,3610160837491216,3610160837494996,3610160837501426,0,9,72,128,model.layers.3.self_attn.attn
3610160838221771,3610160838394312,3610160838395762,3610160838396452,3610160838494853,3610160838507233,3610160838877925,3610160838881675,3610160838888625,0,9,72,1,model.layers.0.self_attn.swa_cache
3610160839610560,3610160839775041,3610160839776391,3610160839777141,3610160839875812,3610160839888482,3610160839968002,3610160839970453,3610160839977613,0,9,72,1,model.layers.1.self_attn.swa_cache
3610160840729817,3610160840901119,3610160840902299,3610160840903019,3610160841001589,3610160841013979,3610160841094200,3610160841096700,3610160841103770,0,9,72,1,model.layers.2.self_attn.compressor.state_cache
3610160841691834,3610160841859205,3610160841860355,3610160841861125,3610160841961725,3610160841974806,3610160842054466,3610160842056256,3610160842063166,0,9,72,1,model.layers.2.self_attn.indexer.compressor.state_cache
3610160842803001,3610160842967622,3610160842968942,3610160842969542,3610160843067173,3610160843079563,3610160843159993,3610160843162543,3610160843169633,0,9,72,1,model.layers.3.self_attn.compressor.state_cache
3610160897448697,3610160897981861,3610160898061071,3610160898359643,3610160898474704,3610160898490354,3610160898950687,3610160899725182,3610160899735002,1,8,64,4,model.layers.2.self_attn.indexer.k_cache
3610160900444667,3610160900609058,3610160900610328,3610160900611028,3610160900710649,3610160900725219,3610160900807939,3610160900858149,3610160900866350,0,8,64,4,model.layers.2.self_attn.attn
3610160901629664,3610160901796986,3610160901798246,3610160901798956,3610160901898816,3610160901913626,3610160902284679,3610160902288699,3610160902295399,0,8,64,128,model.layers.3.self_attn.attn
3610160903019734,3610160903185905,3610160903187165,3610160903187865,3610160903286395,3610160903299255,3610160903669558,3610160903673578,3610160903680288,0,8,64,1,model.layers.0.self_attn.swa_cache
3610160904413933,3610160904574564,3610160904575744,3610160904576484,3610160904673124,3610160904685594,3610160904767015,3610160904769325,3610160904776335,0,8,64,1,model.layers.1.self_attn.swa_cache
3610160905503230,3610160905669361,3610160905670451,3610160905671171,3610160905768771,3610160905781452,3610160905862132,3610160905864482,3610160905871412,0,8,64,1,model.layers.2.self_attn.compressor.state_cache
3610160906467746,3610160906638467,3610160906639657,3610160906640417,3610160906737248,3610160906749618,3610160906828808,3610160906830688,3610160906837308,0,8,64,1,model.layers.2.self_attn.indexer.compressor.state_cache
3610160907574053,3610160907742514,3610160907743624,3610160907744364,3610160907842535,3610160907855445,3610160907937726,3610160907940296,3610160907947266,0,8,64,1,model.layers.3.self_attn.compressor.state_cache
3610160960309107,3610160960834980,3610160960913621,3610160961180313,3610160961290883,3610160961306314,3610160961725526,3610160963567108,3610160963576708,1,8,64,4,model.layers.2.self_attn.indexer.k_cache
3610160964255423,3610160964428454,3610160964429634,3610160964430234,3610160964529265,3610160964543835,3610160964629165,3610160964681376,3610160964689366,0,8,64,4,model.layers.2.self_attn.attn
3610160965403040,3610160965573281,3610160965574491,3610160965575271,3610160965673602,3610160965688962,3610160966070765,3610160966074555,3610160966081915,0,8,64,128,model.layers.3.self_attn.attn
3610160966850300,3610160967026441,3610160967027791,3610160967028651,3610160967132522,3610160967146352,3610160967552964,3610160967557084,3610160967564314,0,8,64,1,model.layers.0.self_attn.swa_cache
3610160968394900,3610160968578341,3610160968579841,3610160968580601,3610160968687422,3610160968701702,3610160968789352,3610160968791832,3610160968799542,0,8,64,1,model.layers.1.self_attn.swa_cache
3610160969559377,3610160969737399,3610160969738859,3610160969739509,3610160969845419,3610160969859209,3610160969944150,3610160969946850,3610160969954350,0,8,64,1,model.layers.2.self_attn.compressor.state_cache
3610160970589634,3610160970764585,3610160970765935,3610160970766635,3610160970872566,3610160970886516,3610160970971467,3610160970973667,3610160970981137,0,8,64,1,model.layers.2.self_attn.indexer.compressor.state_cache
3610160971789192,3610160971966563,3610160971967943,3610160971968693,3610160972087764,3610160972101634,3610160972190835,3610160972193625,3610160972201465,0,8,64,1,model.layers.3.self_attn.compressor.state_cache
3610161024108963,3610161024638246,3610161024716557,3610161024982689,3610161025091209,3610161025107419,3610161025502402,3610161027595326,3610161027604706,1,8,64,4,model.layers.2.self_attn.indexer.k_cache
3610161028281260,3610161028453741,3610161028455041,3610161028455721,3610161028555682,3610161028570522,3610161028652573,3610161028704173,3610161028712013,0,8,64,4,model.layers.2.self_attn.attn
3610161029437348,3610161029605309,3610161029606499,3610161029607139,3610161029704039,3610161029718440,3610161030086672,3610161030090602,3610161030097582,0,8,64,128,model.layers.3.self_attn.attn
3610161030821677,3610161030986618,3610161030987948,3610161030988588,3610161031086408,3610161031099279,3610161031468881,3610161031472871,3610161031479871,0,8,64,1,model.layers.0.self_attn.swa_cache
3610161032347917,3610161032540178,3610161032541538,3610161032542338,3610161032657749,3610161032672719,3610161032766079,3610161032769089,3610161032777569,0,8,64,1,model.layers.1.self_attn.swa_cache
3610161033593425,3610161033779656,3610161033781156,3610161033782076,3610161033893307,3610161033907847,3610161034001427,3610161034004307,3610161034012728,0,8,64,1,model.layers.2.self_attn.compressor.state_cache
3610161034693492,3610161034887943,3610161034889383,3610161034890243,3610161035002364,3610161035016484,3610161035109505,3610161035111785,3610161035119965,0,8,64,1,model.layers.2.self_attn.indexer.compressor.state_cache
3610161035963090,3610161036183802,3610161036185072,3610161036185932,3610161036301662,3610161036316313,3610161036410383,3610161036413143,3610161036421393,0,8,64,1,model.layers.3.self_attn.compressor.state_cache
3610161090394685,3610161090934459,3610161091011839,3610161091280881,3610161091465242,3610161091481492,3610161091883265,3610161092897141,3610161092906121,1,7,56,4,model.layers.2.self_attn.indexer.k_cache
3610161093567266,3610161093734567,3610161093735767,3610161093736397,3610161093834678,3610161093849338,3610161093932168,3610161093982619,3610161093991029,0,7,56,4,model.layers.2.self_attn.attn
3610161094743263,3610161094915545,3610161094916935,3610161094917705,3610161095016375,3610161095030795,3610161095406628,3610161095410568,3610161095417668,0,7,56,128,model.layers.3.self_attn.attn
3610161096194973,3610161096362484,3610161096363694,3610161096364444,3610161096460035,3610161096472205,3610161096844777,3610161096848747,3610161096855377,0,7,56,1,model.layers.0.self_attn.swa_cache
3610161097583432,3610161097752713,3610161097753873,3610161097754623,3610161097853804,3610161097866634,3610161097949234,3610161097951634,3610161097958854,0,7,56,1,model.layers.1.self_attn.swa_cache
3610161098795020,3610161098963951,3610161098965311,3610161098966091,3610161099065282,3610161099077942,3610161099158232,3610161099160792,3610161099168042,0,7,56,1,model.layers.2.self_attn.compressor.state_cache
3610161099756916,3610161099930547,3610161099931767,3610161099932377,3610161100043088,3610161100056168,3610161100140209,3610161100141929,3610161100149139,0,7,56,1,model.layers.2.self_attn.indexer.compressor.state_cache
3610161101027164,3610161101198346,3610161101199616,3610161101200486,3610161101300206,3610161101312596,3610161101394497,3610161101396817,3610161101404557,0,7,56,1,model.layers.3.self_attn.compressor.state_cache
3610161233093735,3610161233632489,3610161233709689,3610161234015211,3610161234132872,3610161234148592,3610161234602435,3610161235384560,3610161235394530,1,7,56,4,model.layers.2.self_attn.indexer.k_cache
3610161236123325,3610161236292076,3610161236293346,3610161236294076,3610161236394517,3610161236409197,3610161236491968,3610161236543398,3610161236551388,0,7,56,4,model.layers.2.self_attn.attn
3610161237260633,3610161237428644,3610161237429834,3610161237430564,3610161237530884,3610161237545524,3610161237918547,3610161237922067,3610161237928777,0,7,56,128,model.layers.3.self_attn.attn
3610161238648172,3610161238852313,3610161238853693,3610161238854473,3610161238953874,3610161238966374,3610161239333856,3610161239337456,3610161239344266,0,7,56,1,model.layers.0.self_attn.swa_cache
3610161240072761,3610161240244972,3610161240246312,3610161240247012,3610161240348033,3610161240360823,3610161240443643,3610161240445933,3610161240452763,0,7,56,1,model.layers.1.self_attn.swa_cache
3610161241146188,3610161241318309,3610161241319519,3610161241320239,3610161241419160,3610161241431130,3610161241512210,3610161241514530,3610161241521880,0,7,56,1,model.layers.2.self_attn.compressor.state_cache
3610161242111894,3610161242288245,3610161242289515,3610161242290305,3610161242388436,3610161242400816,3610161242482347,3610161242484247,3610161242491267,0,7,56,1,model.layers.2.self_attn.indexer.compressor.state_cache
3610161243223841,3610161243392053,3610161243393253,3610161243393903,3610161243493123,3610161243505783,3610161243585254,3610161243587494,3610161243594334,0,7,56,1,model.layers.3.self_attn.compressor.state_cache
3610161296606910,3610161297127713,3610161297202883,3610161297484835,3610161297597146,3610161297614436,3610161298042399,3610161299061875,3610161299071246,1,7,56,4,model.layers.2.self_attn.indexer.k_cache
3610161299722340,3610161299892681,3610161299894011,3610161299894661,3610161299995822,3610161300028482,3610161300118092,3610161300173373,3610161300181513,0,7,56,4,model.layers.2.self_attn.attn
3610161300895587,3610161301064419,3610161301065639,3610161301066339,3610161301164729,3610161301179389,3610161301552962,3610161301556482,3610161301563052,0,7,56,128,model.layers.3.self_attn.attn
3610161302280016,3610161302453088,3610161302454528,3610161302455258,3610161302551978,3610161302564178,3610161302931541,3610161302935301,3610161302942231,0,7,56,1,model.layers.0.self_attn.swa_cache
3610161303657305,3610161303827397,3610161303828867,3610161303829667,3610161303928527,3610161303941327,3610161304033688,3610161304036418,3610161304043448,0,7,56,1,model.layers.1.self_attn.swa_cache
3610161304744813,3610161304911814,3610161304913294,3610161304914104,3610161305012074,3610161305025154,3610161305108165,3610161305110835,3610161305118195,0,7,56,1,model.layers.2.self_attn.compressor.state_cache
3610161305710129,3610161305885190,3610161305886630,3610161305887400,3610161305986221,3610161305998171,3610161306079111,3610161306081081,3610161306088061,0,7,56,1,model.layers.2.self_attn.indexer.compressor.state_cache
3610161306816896,3610161306983767,3610161306984967,3610161306985667,3610161307083548,3610161307095168,3610161307175158,3610161307177308,3610161307184798,0,7,56,1,model.layers.3.self_attn.compressor.state_cache
3610161361975786,3610161362501849,3610161362579110,3610161362864581,3610161362977222,3610161362992662,3610161363420525,3610161364202050,3610161364211230,1,7,56,4,model.layers.2.self_attn.indexer.k_cache
3610161364901885,3610161365066576,3610161365067736,3610161365068486,3610161365167256,3610161365182407,3610161365265607,3610161365315177,3610161365322747,0,7,56,4,model.layers.2.self_attn.attn
3610161366042462,3610161366214333,3610161366215573,3610161366216383,3610161366315114,3610161366329764,3610161366724247,3610161366727677,3610161366734577,0,7,56,128,model.layers.3.self_attn.attn
3610161367446251,3610161367622612,3610161367623972,3610161367624762,3610161367730053,3610161367745103,3610161368150786,3610161368154336,3610161368161506,0,7,56,1,model.layers.0.self_attn.swa_cache
3610161368915271,3610161369085012,3610161369086082,3610161369086862,3610161369186163,3610161369199013,3610161369279153,3610161369281313,3610161369288433,0,7,56,1,model.layers.1.self_attn.swa_cache
3610161369993828,3610161370156099,3610161370157259,3610161370158089,3610161370255680,3610161370268600,3610161370348030,3610161370350240,3610161370357230,0,7,56,1,model.layers.2.self_attn.compressor.state_cache
3610161370978954,3610161371148125,3610161371149325,3610161371150075,3610161371247746,3610161371259856,3610161371337987,3610161371339747,3610161371346767,0,7,56,1,model.layers.2.self_attn.indexer.compressor.state_cache
3610161372098292,3610161372265713,3610161372266893,3610161372267633,3610161372364453,3610161372376623,3610161372454964,3610161372457124,3610161372464274,0,7,56,1,model.layers.3.self_attn.compressor.state_cache
3610161425214088,3610161425752571,3610161425833992,3610161426117254,3610161426233095,3610161426249065,3610161426670107,3610161427440642,3610161427449633,1,7,56,4,model.layers.2.self_attn.indexer.k_cache
3610161428157227,3610161428333468,3610161428334588,3610161428335308,3610161428437399,3610161428452599,3610161428538740,3610161428589430,3610161428597500,0,7,56,4,model.layers.2.self_attn.attn
3610161429312755,3610161429477546,3610161429478746,3610161429479466,3610161429576906,3610161429591786,3610161429973689,3610161429977569,3610161429984539,0,7,56,128,model.layers.3.self_attn.attn
3610161430707724,3610161430872775,3610161430873905,3610161430874635,3610161430973785,3610161430986316,3610161431361268,3610161431364838,3610161431371558,0,7,56,1,model.layers.0.self_attn.swa_cache
3610161432103003,3610161432272294,3610161432273604,3610161432274314,3610161432373715,3610161432385715,3610161432465385,3610161432467845,3610161432474615,0,7,56,1,model.layers.1.self_attn.swa_cache
3610161433181970,3610161433351491,3610161433352821,3610161433353621,3610161433452992,3610161433464962,3610161433545242,3610161433547572,3610161433554592,0,7,56,1,model.layers.2.self_attn.compressor.state_cache
3610161434142186,3610161434313187,3610161434314617,3610161434315447,3610161434412438,3610161434424608,3610161434503878,3610161434505869,3610161434512769,0,7,56,1,model.layers.2.self_attn.indexer.compressor.state_cache
3610161435237393,3610161435411764,3610161435413004,3610161435413834,3610161435510595,3610161435522715,3610161435601236,3610161435603326,3610161435610066,0,7,56,1,model.layers.3.self_attn.compressor.state_cache
3610161489549737,3610161490088141,3610161490165991,3610161490448653,3610161490564154,3610161490580714,3610161490997257,3610161491973523,3610161491982953,1,6,48,4,model.layers.2.self_attn.indexer.k_cache
3610161492662598,3610161492840559,3610161492841699,3610161492842459,3610161492944350,3610161492959010,3610161493043810,3610161493094320,3610161493102101,0,6,48,4,model.layers.2.self_attn.attn
3610161493855425,3610161494024427,3610161494025687,3610161494026447,3610161494124167,3610161494138637,3610161494521510,3610161494525120,3610161494531920,0,6,48,128,model.layers.3.self_attn.attn
3610161495255945,3610161495421816,3610161495423146,3610161495423876,3610161495523076,3610161495535176,3610161495914929,3610161495918869,3610161495925769,0,6,48,1,model.layers.0.self_attn.swa_cache
3610161496654884,3610161496822405,3610161496823715,3610161496824435,3610161496922505,3610161496935136,3610161497014446,3610161497016986,3610161497024006,0,6,48,1,model.layers.1.self_attn.swa_cache
3610161497834151,3610161497996932,3610161497998152,3610161497998962,3610161498098033,3610161498110403,3610161498191484,3610161498193934,3610161498201084,0,6,48,1,model.layers.2.self_attn.compressor.state_cache
3610161498787888,3610161498954109,3610161498955269,3610161498956099,3610161499054509,3610161499066849,3610161499147020,3610161499149000,3610161499155690,0,6,48,1,model.layers.2.self_attn.indexer.compressor.state_cache
3610161499978365,3610161500155136,3610161500156387,3610161500157097,3610161500256737,3610161500269307,3610161500348828,3610161500351248,3610161500358698,0,6,48,1,model.layers.3.self_attn.compressor.state_cache
3610161634227481,3610161634767204,3610161634845955,3610161635139727,3610161635256117,3610161635272137,3610161635746230,3610161636549086,3610161636558656,1,6,48,4,model.layers.2.self_attn.indexer.k_cache
3610161637324701,3610161637500492,3610161637501922,3610161637502632,3610161637600803,3610161637615423,3610161637700423,3610161637752994,3610161637760784,0,6,48,4,model.layers.2.self_attn.attn
3610161638477108,3610161638650349,3610161638651739,3610161638652649,3610161638753260,3610161638768020,3610161639152253,3610161639156163,3610161639163403,0,6,48,128,model.layers.3.self_attn.attn
3610161639870887,3610161640058309,3610161640059489,3610161640060309,3610161640159089,3610161640171729,3610161640553522,3610161640557532,3610161640564622,0,6,48,1,model.layers.0.self_attn.swa_cache
3610161641272417,3610161641438418,3610161641439608,3610161641440368,3610161641539488,3610161641552058,3610161641633459,3610161641636019,3610161641643219,0,6,48,1,model.layers.1.self_attn.swa_cache
3610161642336723,3610161642541365,3610161642542575,3610161642543345,3610161642642445,3610161642654686,3610161642735436,3610161642737906,3610161642744986,0,6,48,1,model.layers.2.self_attn.compressor.state_cache
3610161643327890,3610161643494691,3610161643495891,3610161643496701,3610161643594032,3610161643606102,3610161643684302,3610161643686062,3610161643692942,0,6,48,1,model.layers.2.self_attn.indexer.compressor.state_cache
3610161644430787,3610161644596228,3610161644597548,3610161644598308,3610161644694519,3610161644706879,3610161644786239,3610161644788499,3610161644795199,0,6,48,1,model.layers.3.self_attn.compressor.state_cache
3610161698043157,3610161698569200,3610161698647250,3610161698922982,3610161699033453,3610161699048623,3610161699456846,3610161700252981,3610161700262881,1,6,48,4,model.layers.2.self_attn.indexer.k_cache
3610161700923975,3610161701098196,3610161701099456,3610161701100196,3610161701200537,3610161701214657,3610161701299388,3610161701352648,3610161701360298,0,6,48,4,model.layers.2.self_attn.attn
3610161702072903,3610161702234254,3610161702235364,3610161702236114,3610161702332764,3610161702346395,3610161702730307,3610161702734017,3610161702740707,0,6,48,128,model.layers.3.self_attn.attn
3610161703456962,3610161703622833,3610161703624043,3610161703624803,3610161703722574,3610161703735054,3610161704127086,3610161704130996,3610161704137696,0,6,48,1,model.layers.0.self_attn.swa_cache
3610161704893281,3610161705059892,3610161705061182,3610161705061792,3610161705157943,3610161705170413,3610161705249133,3610161705251414,3610161705258524,0,6,48,1,model.layers.1.self_attn.swa_cache
3610161705962958,3610161706127579,3610161706128729,3610161706129559,3610161706226320,3610161706238190,3610161706316640,3610161706319020,3610161706326231,0,6,48,1,model.layers.2.self_attn.compressor.state_cache
3610161706914524,3610161707082105,3610161707083335,3610161707084105,3610161707181906,3610161707193896,3610161707274117,3610161707276067,3610161707283527,0,6,48,1,model.layers.2.self_attn.indexer.compressor.state_cache
3610161708019482,3610161708195353,3610161708196653,3610161708197423,3610161708294933,3610161708307473,3610161708387084,3610161708389374,3610161708396624,0,6,48,1,model.layers.3.self_attn.compressor.state_cache
3610161761157058,3610161761680911,3610161761756982,3610161762024873,3610161762138944,3610161762155294,3610161762576027,3610161763332062,3610161763341642,1,6,48,4,model.layers.2.self_attn.indexer.k_cache
3610161763998336,3610161764205528,3610161764206818,3610161764207698,3610161764307958,3610161764322448,3610161764405919,3610161764457609,3610161764465599,0,6,48,4,model.layers.2.self_attn.attn
3610161765179154,3610161765349975,3610161765351155,3610161765351895,3610161765449266,3610161765463256,3610161765834518,3610161765838268,3610161765844788,0,6,48,128,model.layers.3.self_attn.attn
3610161766560693,3610161766726364,3610161766727604,3610161766728394,3610161766820365,3610161766832165,3610161767210207,3610161767213867,3610161767221087,0,6,48,1,model.layers.0.self_attn.swa_cache
3610161767931702,3610161768122703,3610161768123973,3610161768124903,3610161768224524,3610161768236614,3610161768317444,3610161768319914,3610161768326995,0,6,48,1,model.layers.1.self_attn.swa_cache
3610161769055809,3610161769224300,3610161769225630,3610161769226320,3610161769326251,3610161769338981,3610161769418702,3610161769421012,3610161769428132,0,6,48,1,model.layers.2.self_attn.compressor.state_cache
3610161770016056,3610161770188887,3610161770190267,3610161770191027,3610161770289517,3610161770302297,3610161770384448,3610161770386418,3610161770393468,0,6,48,1,model.layers.2.self_attn.indexer.compressor.state_cache
3610161771121043,3610161771283104,3610161771284404,3610161771285244,3610161771380104,3610161771391875,3610161771471015,3610161771473345,3610161771480395,0,6,48,1,model.layers.3.self_attn.compressor.state_cache
3610161824264049,3610161824783642,3610161824859443,3610161825137685,3610161825250555,3610161825266266,3610161825691088,3610161826457943,3610161826467633,1,6,48,4,model.layers.2.self_attn.indexer.k_cache
3610161827128638,3610161827299999,3610161827301339,3610161827302049,3610161827402149,3610161827416440,3610161827500450,3610161827551790,3610161827559531,0,6,48,4,model.layers.2.self_attn.attn
3610161828289975,3610161828458876,3610161828459996,3610161828460726,3610161828556977,3610161828571277,3610161828953200,3610161828956770,3610161828963650,0,6,48,128,model.layers.3.self_attn.attn
3610161829691404,3610161829854635,3610161829856005,3610161829856715,3610161829955866,3610161829969096,3610161830366889,3610161830371119,3610161830378279,0,6,48,1,model.layers.0.self_attn.swa_cache
3610161831090744,3610161831258595,3610161831259945,3610161831260665,3610161831360335,3610161831372355,3610161831452606,3610161831455066,3610161831461976,0,6,48,1,model.layers.1.self_attn.swa_cache
3610161832186251,3610161832351172,3610161832352402,3610161832353032,3610161832451132,3610161832462872,3610161832542433,3610161832544833,3610161832552113,0,6,48,1,model.layers.2.self_attn.compressor.state_cache
3610161833143457,3610161833306088,3610161833307348,3610161833308108,3610161833406279,3610161833418429,3610161833496609,3610161833498639,3610161833505679,0,6,48,1,model.layers.2.self_attn.indexer.compressor.state_cache
3610161834241294,3610161834404965,3610161834406225,3610161834406905,3610161834503446,3610161834516026,3610161834594296,3610161834596816,3610161834603916,0,6,48,1,model.layers.3.self_attn.compressor.state_cache
3610161887230119,3610161887747073,3610161887821973,3610161888102625,3610161888211146,3610161888227096,3610161888640249,3610161889384233,3610161889393933,1,6,48,4,model.layers.2.self_attn.indexer.k_cache
3610161890036818,3610161890211479,3610161890212779,3610161890213529,3610161890313119,3610161890327440,3610161890411250,3610161890462340,3610161890470370,0,6,48,4,model.layers.2.self_attn.attn
3610161891175605,3610161891347386,3610161891348786,3610161891349496,3610161891447047,3610161891461917,3610161891832199,3610161891835939,3610161891842479,0,6,48,128,model.layers.3.self_attn.attn
3610161892573964,3610161892741885,3610161892743105,3610161892743825,3610161892840566,3610161892853436,3610161893235939,3610161893240109,3610161893247179,0,6,48,1,model.layers.0.self_attn.swa_cache
3610161893957493,3610161894127774,3610161894129084,3610161894129874,3610161894228895,3610161894241005,3610161894323156,3610161894325796,3610161894332786,0,6,48,1,model.layers.1.self_attn.swa_cache
3610161895038600,3610161895201971,3610161895203151,3610161895203871,3610161895300852,3610161895312902,3610161895393423,3610161895395793,3610161895402913,0,6,48,1,model.layers.2.self_attn.compressor.state_cache
3610161895991696,3610161896178328,3610161896179728,3610161896180458,3610161896278218,3610161896290868,3610161896371439,3610161896373379,3610161896380129,0,6,48,1,model.layers.2.self_attn.indexer.compressor.state_cache
3610161897104304,3610161897273425,3610161897274755,3610161897275485,3610161897371165,3610161897383336,3610161897462396,3610161897464766,3610161897471736,0,6,48,1,model.layers.3.self_attn.compressor.state_cache
3610161949895608,3610161950411141,3610161950488312,3610161950752233,3610161950867394,3610161950884974,3610161951294727,3610161952624486,3610161952633436,1,6,48,4,model.layers.2.self_attn.indexer.k_cache
3610161953310180,3610161953482451,3610161953483781,3610161953484491,3610161953583732,3610161953597652,3610161953679302,3610161953730343,3610161953738393,0,6,48,4,model.layers.2.self_attn.attn
3610161954454147,3610161954624529,3610161954625789,3610161954626629,3610161954725389,3610161954739929,3610161955123352,3610161955127002,3610161955133622,0,6,48,128,model.layers.3.self_attn.attn
3610161955855947,3610161956098788,3610161956100308,3610161956101098,3610161956206979,3610161956220609,3610161956614852,3610161956619142,3610161956626412,0,6,48,1,model.layers.0.self_attn.swa_cache
3610161957372696,3610161957543848,3610161957545288,3610161957546108,3610161957649468,3610161957662898,3610161957748089,3610161957750649,3610161957758229,0,6,48,1,model.layers.1.self_attn.swa_cache
3610161958489944,3610161958663535,3610161958664915,3610161958665665,3610161958767206,3610161958779616,3610161958862796,3610161958865366,3610161958872766,0,6,48,1,model.layers.2.self_attn.compressor.state_cache
3610161959480880,3610161959649901,3610161959651241,3610161959651961,3610161959750352,3610161959763552,3610161959845463,3610161959847503,3610161959854903,0,6,48,1,model.layers.2.self_attn.indexer.compressor.state_cache
3610161960652308,3610161960822419,3610161960823759,3610161960824509,3610161960925160,3610161960938550,3610161961023980,3610161961026380,3610161961033650,0,6,48,1,model.layers.3.self_attn.compressor.state_cache
3610162014376108,3610162014914721,3610162014990412,3610162015330054,3610162015454515,3610162015471245,3610162016044109,3610162016935535,3610162016945285,1,6,48,4,model.layers.2.self_attn.indexer.k_cache
3610162017631039,3610162017802090,3610162017803490,3610162017804280,3610162017904871,3610162017919461,3610162018003382,3610162018055322,3610162018063322,0,6,48,4,model.layers.2.self_attn.attn
3610162018773447,3610162018940408,3610162018941618,3610162018942378,3610162019040888,3610162019055308,3610162019426241,3610162019429861,3610162019436891,0,6,48,128,model.layers.3.self_attn.attn
3610162020178076,3610162020338697,3610162020339977,3610162020340667,3610162020438257,3610162020450387,3610162020825300,3610162020829170,3610162020835710,0,6,48,1,model.layers.0.self_attn.swa_cache
3610162021582785,3610162021751386,3610162021752586,3610162021753286,3610162021848997,3610162021861527,3610162021941567,3610162021943897,3610162021951087,0,6,48,1,model.layers.1.self_attn.swa_cache
3610162022646042,3610162022808553,3610162022809733,3610162022810443,3610162022905494,3610162022917374,3610162022994814,3610162022996974,3610162023004234,0,6,48,1,model.layers.2.self_attn.compressor.state_cache
3610162023586848,3610162023751899,3610162023753069,3610162023753819,3610162023848600,3610162023860520,3610162023939020,3610162023940860,3610162023947660,0,6,48,1,model.layers.2.self_attn.indexer.compressor.state_cache
3610162024705985,3610162024869726,3610162024870996,3610162024871756,3610162024969257,3610162024981577,3610162025059298,3610162025061278,3610162025068548,0,6,48,1,model.layers.3.self_attn.compressor.state_cache
3610162077966262,3610162078485416,3610162078562466,3610162078832898,3610162078941659,3610162078957349,3610162079354931,3610162081520925,3610162081530656,1,6,48,4,model.layers.2.self_attn.indexer.k_cache
3610162082182630,3610162082356051,3610162082357151,3610162082357921,3610162082457542,3610162082471832,3610162082555682,3610162082606073,3610162082613923,0,6,48,4,model.layers.2.self_attn.attn
3610162083321587,3610162083490258,3610162083491538,3610162083492388,3610162083589039,3610162083603109,3610162083976781,3610162083980401,3610162083987642,0,6,48,128,model.layers.3.self_attn.attn
3610162084728446,3610162084902758,3610162084903958,3610162084904758,3610162085004448,3610162085016848,3610162085384401,3610162085387781,3610162085394761,0,6,48,1,model.layers.0.self_attn.swa_cache
3610162086103875,3610162086272456,3610162086273696,3610162086274576,3610162086372337,3610162086385247,3610162086464538,3610162086466618,3610162086473758,0,6,48,1,model.layers.1.self_attn.swa_cache
3610162087334593,3610162087528925,3610162087530495,3610162087531435,3610162087644495,3610162087658535,3610162087751226,3610162087753886,3610162087761826,0,6,48,1,model.layers.2.self_attn.compressor.state_cache
3610162088454461,3610162088647012,3610162088648352,3610162088649252,3610162088759153,3610162088772573,3610162088863543,3610162088865723,3610162088873873,0,6,48,1,model.layers.2.self_attn.indexer.compressor.state_cache
3610162089724149,3610162089913820,3610162089915400,3610162089916260,3610162090027901,3610162090042261,3610162090132882,3610162090135302,3610162090143592,0,6,48,1,model.layers.3.self_attn.compressor.state_cache
3610162143559550,3610162144118873,3610162144197984,3610162144490506,3610162144604127,3610162144619507,3610162145039779,3610162145802144,3610162145811714,1,6,48,4,model.layers.2.self_attn.indexer.k_cache
3610162146480269,3610162146653640,3610162146655020,3610162146655800,3610162146754331,3610162146769141,3610162146851611,3610162146902212,3610162146910022,0,6,48,4,model.layers.2.self_attn.attn
3610162147634896,3610162147797457,3610162147798637,3610162147799377,3610162147895238,3610162147909568,3610162148302121,3610162148305951,3610162148312891,0,6,48,128,model.layers.3.self_attn.attn
3610162149047886,3610162149212867,3610162149214127,3610162149214747,3610162149311377,3610162149323607,3610162149690500,3610162149694270,3610162149701140,0,6,48,1,model.layers.0.self_attn.swa_cache
3610162150409484,3610162150586426,3610162150587856,3610162150588696,3610162150690116,3610162150702676,3610162150782977,3610162150785487,3610162150792677,0,6,48,1,model.layers.1.self_attn.swa_cache
3610162151496841,3610162151665603,3610162151667023,3610162151667873,3610162151764943,3610162151776673,3610162151856174,3610162151858404,3610162151865624,0,6,48,1,model.layers.2.self_attn.compressor.state_cache
3610162152469838,3610162152640039,3610162152641459,3610162152642189,3610162152737410,3610162152749560,3610162152826970,3610162152828670,3610162152835540,0,6,48,1,model.layers.2.self_attn.indexer.compressor.state_cache
3610162153559445,3610162153729336,3610162153730666,3610162153731516,3610162153827277,3610162153839677,3610162153916637,3610162153918957,3610162153925827,0,6,48,1,model.layers.3.self_attn.compressor.state_cache
3610162206553450,3610162207071054,3610162207147204,3610162207415926,3610162207525757,3610162207540657,3610162207952339,3610162210090763,3610162210100393,1,6,48,4,model.layers.2.self_attn.indexer.k_cache
3610162210847848,3610162211041769,3610162211043080,3610162211043870,3610162211157670,3610162211173540,3610162211267901,3610162211327161,3610162211336001,0,6,48,4,model.layers.2.self_attn.attn
3610162212183057,3610162212379248,3610162212380678,3610162212381548,3610162212494029,3610162212510929,3610162212940052,3610162212944652,3610162212952512,0,6,48,128,model.layers.3.self_attn.attn
3610162213785367,3610162213974739,3610162213976259,3610162213977209,3610162214090859,3610162214105069,3610162214534952,3610162214539092,3610162214547022,0,6,48,1,model.layers.0.self_attn.swa_cache
3610162215363458,3610162215563559,3610162215565059,3610162215565949,3610162215678000,3610162215692740,3610162215785650,3610162215788410,3610162215796630,0,6,48,1,model.layers.1.self_attn.swa_cache
3610162216616306,3610162216806187,3610162216807607,3610162216808387,3610162216920118,3610162216933958,3610162217026568,3610162217029319,3610162217037189,0,6,48,1,model.layers.2.self_attn.compressor.state_cache
3610162217714363,3610162217904984,3610162217906414,3610162217907274,3610162218020395,3610162218034735,3610162218126356,3610162218128836,3610162218136866,0,6,48,1,model.layers.2.self_attn.indexer.compressor.state_cache
3610162218944771,3610162219109532,3610162219110702,3610162219111382,3610162219208283,3610162219220173,3610162219300733,3610162219303043,3610162219309953,0,6,48,1,model.layers.3.self_attn.compressor.state_cache
3610162274161241,3610162274690174,3610162274767905,3610162275049727,3610162275218918,3610162275234718,3610162275672191,3610162276664787,3610162276674047,1,5,40,4,model.layers.2.self_attn.indexer.k_cache
3610162277374272,3610162277547453,3610162277548693,3610162277549483,3610162277649264,3610162277663754,3610162277748054,3610162277798525,3610162277805965,0,5,40,4,model.layers.2.self_attn.attn
3610162278553029,3610162278721831,3610162278723311,3610162278724181,3610162278823741,3610162278838261,3610162279220074,3610162279223744,3610162279230834,0,5,40,128,model.layers.3.self_attn.attn
3610162279975779,3610162280167780,3610162280169320,3610162280170290,3610162280270321,3610162280282401,3610162280660333,3610162280664273,3610162280671103,0,5,40,1,model.layers.0.self_attn.swa_cache
3610162281380208,3610162281548689,3610162281550059,3610162281550809,3610162281647100,3610162281659400,3610162281739450,3610162281742100,3610162281749110,0,5,40,1,model.layers.1.self_attn.swa_cache
3610162282572786,3610162282737547,3610162282738937,3610162282739707,3610162282839937,3610162282852277,3610162282932088,3610162282934948,3610162282941928,0,5,40,1,model.layers.2.self_attn.compressor.state_cache
3610162283523362,3610162283686323,3610162283687673,3610162283688333,3610162283788274,3610162283800854,3610162283878944,3610162283881024,3610162283888084,0,5,40,1,model.layers.2.self_attn.indexer.compressor.state_cache
3610162284779900,3610162284939191,3610162284940391,3610162284941221,3610162285038572,3610162285050712,3610162285129922,3610162285132132,3610162285139042,0,5,40,1,model.layers.3.self_attn.compressor.state_cache
3610162422535448,3610162423081571,3610162423158972,3610162423470694,3610162423590645,3610162423606635,3610162424131228,3610162425142955,3610162425153275,1,4,32,4,model.layers.2.self_attn.indexer.k_cache
3610162425868889,3610162426050561,3610162426051851,3610162426052581,3610162426154431,3610162426168921,3610162426254442,3610162426308222,3610162426316302,0,4,32,4,model.layers.2.self_attn.attn
3610162427033977,3610162427201998,3610162427203388,3610162427204028,3610162427302309,3610162427316629,3610162427698401,3610162427702191,3610162427709011,0,4,32,128,model.layers.3.self_attn.attn
3610162428438106,3610162428600487,3610162428601657,3610162428602367,3610162428698668,3610162428710798,3610162429076070,3610162429079790,3610162429086650,0,4,32,1,model.layers.0.self_attn.swa_cache
3610162429789785,3610162429959376,3610162429960646,3610162429961256,3610162430060727,3610162430073577,3610162430154677,3610162430157067,3610162430164517,0,4,32,1,model.layers.1.self_attn.swa_cache
3610162430959783,3610162431122144,3610162431123384,3610162431124044,3610162431221944,3610162431234004,3610162431315065,3610162431317415,3610162431324385,0,4,32,1,model.layers.2.self_attn.compressor.state_cache
3610162431901499,3610162432084930,3610162432086390,3610162432087200,3610162432184801,3610162432196931,3610162432274711,3610162432276491,3610162432283671,0,4,32,1,model.layers.2.self_attn.indexer.compressor.state_cache
3610162433101367,3610162433264008,3610162433265588,3610162433266298,3610162433364078,3610162433375988,3610162433456339,3610162433458609,3610162433465769,0,4,32,1,model.layers.3.self_attn.compressor.state_cache
3610162540081504,3610162540631977,3610162540710348,3610162541007050,3610162541181151,3610162541198691,3610162541681874,3610162542673711,3610162542683001,1,3,24,4,model.layers.2.self_attn.indexer.k_cache
3610162543392255,3610162543572276,3610162543573456,3610162543574216,3610162543673197,3610162543688337,3610162543772648,3610162543824218,3610162543831768,0,3,24,4,model.layers.2.self_attn.attn
3610162544595203,3610162544758174,3610162544759394,3610162544760114,3610162544856945,3610162544870795,3610162545240187,3610162545243657,3610162545250757,0,3,24,128,model.layers.3.self_attn.attn
3610162545992062,3610162546150683,3610162546151863,3610162546152593,3610162546246664,3610162546258364,3610162546629116,3610162546632786,3610162546639726,0,3,24,1,model.layers.0.self_attn.swa_cache
3610162547346671,3610162547515362,3610162547516652,3610162547517352,3610162547614283,3610162547627123,3610162547708693,3610162547710813,3610162547718323,0,3,24,1,model.layers.1.self_attn.swa_cache
3610162548548549,3610162548700430,3610162548701560,3610162548702270,3610162548800471,3610162548813051,3610162548892511,3610162548894851,3610162548902521,0,3,24,1,model.layers.2.self_attn.compressor.state_cache
3610162549522805,3610162549692326,3610162549693546,3610162549694226,3610162549794527,3610162549806407,3610162549886658,3610162549888468,3610162549895628,0,3,24,1,model.layers.2.self_attn.indexer.compressor.state_cache
3610162550768693,3610162550929024,3610162550930194,3610162550930884,3610162551029355,3610162551041775,3610162551123736,3610162551126426,3610162551133776,0,3,24,1,model.layers.3.self_attn.compressor.state_cache
3610162673558663,3610162674090857,3610162674168317,3610162674458849,3610162674574250,3610162674589050,3610162675061243,3610162675838368,3610162675847848,1,3,24,4,model.layers.2.self_attn.indexer.k_cache
3610162676566083,3610162676744844,3610162676745964,3610162676746664,3610162676846015,3610162676860955,3610162676944176,3610162676994666,3610162677002046,0,3,24,4,model.layers.2.self_attn.attn
3610162677715031,3610162677884452,3610162677885762,3610162677886402,3610162677984342,3610162677998612,3610162678369455,3610162678373055,3610162678380235,0,3,24,128,model.layers.3.self_attn.attn
3610162679093830,3610162679257561,3610162679258711,3610162679259391,3610162679356691,3610162679368591,3610162679741684,3610162679745734,3610162679752824,0,3,24,1,model.layers.0.self_attn.swa_cache
3610162680490429,3610162680652610,3610162680654040,3610162680654730,3610162680752730,3610162680765510,3610162680845881,3610162680848141,3610162680855101,0,3,24,1,model.layers.1.self_attn.swa_cache
3610162681558746,3610162681728587,3610162681729737,3610162681730467,3610162681828847,3610162681841337,3610162681925128,3610162681927658,3610162681934358,0,3,24,1,model.layers.2.self_attn.compressor.state_cache
3610162682520252,3610162682689953,3610162682691313,3610162682692023,3610162682789394,3610162682801724,3610162682881484,3610162682883344,3610162682890644,0,3,24,1,model.layers.2.self_attn.indexer.compressor.state_cache
3610162683618709,3610162683783850,3610162683785070,3610162683785910,3610162683882701,3610162683895451,3610162683972131,3610162683974291,3610162683981221,0,3,24,1,model.layers.3.self_attn.compressor.state_cache
3610162738431136,3610162738973000,3610162739049420,3610162739335422,3610162739450103,3610162739465413,3610162739912836,3610162740909602,3610162740919392,1,2,16,4,model.layers.2.self_attn.indexer.k_cache
3610162741611287,3610162741790748,3610162741792088,3610162741792818,3610162741891429,3610162741906449,3610162741990169,3610162742040820,3610162742048880,0,2,16,4,model.layers.2.self_attn.attn
3610162742757484,3610162742924445,3610162742925775,3610162742926465,3610162743025786,3610162743040386,3610162743412878,3610162743416598,3610162743423559,0,2,16,128,model.layers.3.self_attn.attn
3610162744160223,3610162744335734,3610162744337104,3610162744337734,3610162744437295,3610162744449535,3610162744826298,3610162744830028,3610162744836528,0,2,16,1,model.layers.0.self_attn.swa_cache
3610162745553882,3610162745715643,3610162745716893,3610162745717553,3610162745813504,3610162745825594,3610162745906575,3610162745908685,3610162745915965,0,2,16,1,model.layers.1.self_attn.swa_cache
3610162746742250,3610162746902471,3610162746903681,3610162746904381,3610162747008122,3610162747020702,3610162747102302,3610162747104663,3610162747111813,0,2,16,1,model.layers.2.self_attn.compressor.state_cache
3610162747702856,3610162747869097,3610162747870287,3610162747870958,3610162747969398,3610162747982168,3610162748076509,3610162748078729,3610162748085529,0,2,16,1,model.layers.2.self_attn.indexer.compressor.state_cache
3610162748916464,3610162749078265,3610162749079555,3610162749080265,3610162749179196,3610162749191446,3610162749270317,3610162749272447,3610162749279547,0,2,16,1,model.layers.3.self_attn.compressor.state_cache
3610162869227578,3610162869763701,3610162869839772,3610162870126784,3610162870240615,3610162870256285,3610162870729188,3610162871491213,3610162871500913,1,2,16,4,model.layers.2.self_attn.indexer.k_cache
3610162872211037,3610162872383749,3610162872385139,3610162872385869,3610162872486239,3610162872501189,3610162872586980,3610162872641490,3610162872649610,0,2,16,4,model.layers.2.self_attn.attn
3610162873392555,3610162873562916,3610162873564196,3610162873564956,3610162873663447,3610162873678117,3610162874056089,3610162874059549,3610162874066229,0,2,16,128,model.layers.3.self_attn.attn
3610162874789084,3610162874956715,3610162874957995,3610162874958825,3610162875059086,3610162875071886,3610162875483849,3610162875487599,3610162875494479,0,2,16,1,model.layers.0.self_attn.swa_cache
3610162876219374,3610162876369114,3610162876370475,3610162876371195,3610162876472495,3610162876484615,3610162876565236,3610162876567536,3610162876574526,0,2,16,1,model.layers.1.self_attn.swa_cache
3610162877279380,3610162877444581,3610162877445922,3610162877446592,3610162877546482,3610162877559412,3610162877639603,3610162877642243,3610162877649583,0,2,16,1,model.layers.2.self_attn.compressor.state_cache
3610162878239357,3610162878406078,3610162878407278,3610162878408018,3610162878505858,3610162878518218,3610162878597219,3610162878598999,3610162878606159,0,2,16,1,model.layers.2.self_attn.indexer.compressor.state_cache
3610162879340994,3610162879499585,3610162879500745,3610162879501525,3610162879598826,3610162879611346,3610162879689336,3610162879691466,3610162879698876,0,2,16,1,model.layers.3.self_attn.compressor.state_cache
3610162933236455,3610162933767898,3610162933844419,3610162934140941,3610162934255052,3610162934270352,3610162934731665,3610162935494560,3610162935504080,1,2,16,4,model.layers.2.self_attn.indexer.k_cache
3610162936209964,3610162936385895,3610162936387375,3610162936388215,3610162936486146,3610162936500816,3610162936586757,3610162936639467,3610162936647837,0,2,16,4,model.layers.2.self_attn.attn
3610162937354702,3610162937527093,3610162937528553,3610162937529443,3610162937628484,3610162937643164,3610162938011286,3610162938014946,3610162938021856,0,2,16,128,model.layers.3.self_attn.attn
3610162938740271,3610162938905932,3610162938907302,3610162938908112,3610162939006622,3610162939019073,3610162939390825,3610162939394595,3610162939401285,0,2,16,1,model.layers.0.self_attn.swa_cache
3610162940121210,3610162940285701,3610162940286961,3610162940287671,3610162940386921,3610162940399382,3610162940479872,3610162940482382,3610162940489752,0,2,16,1,model.layers.1.self_attn.swa_cache
3610162941189717,3610162941354958,3610162941356298,3610162941357018,3610162941455628,3610162941467759,3610162941547429,3610162941550069,3610162941556849,0,2,16,1,model.layers.2.self_attn.compressor.state_cache
3610162942139293,3610162942303974,3610162942305254,3610162942306024,3610162942406005,3610162942418285,3610162942499605,3610162942501495,3610162942508385,0,2,16,1,model.layers.2.self_attn.indexer.compressor.state_cache
3610162943236600,3610162943402471,3610162943403801,3610162943404611,3610162943501772,3610162943514312,3610162943594992,3610162943597482,3610162943604632,0,2,16,1,model.layers.3.self_attn.compressor.state_cache
3610162996177425,3610162996703028,3610162996781059,3610162997056041,3610162997165611,3610162997181711,3610162997598004,3610162998336749,3610162998346559,1,2,16,4,model.layers.2.self_attn.indexer.k_cache
3610162999009363,3610162999179364,3610162999180624,3610162999181424,3610162999281595,3610162999296215,3610162999377556,3610162999428856,3610162999436416,0,2,16,4,model.layers.2.self_attn.attn
3610163000167221,3610163000339292,3610163000340652,3610163000341472,3610163000441093,3610163000456203,3610163000829845,3610163000833775,3610163000840625,0,2,16,128,model.layers.3.self_attn.attn
3610163001590740,3610163001755851,3610163001757181,3610163001757931,3610163001855692,3610163001868392,3610163002255204,3610163002259185,3610163002266245,0,2,16,1,model.layers.0.self_attn.swa_cache
3610163002983769,3610163003152670,3610163003153860,3610163003154630,3610163003253451,3610163003265691,3610163003345462,3610163003347752,3610163003354702,0,2,16,1,model.layers.1.self_attn.swa_cache
3610163004066626,3610163004234337,3610163004235487,3610163004236187,3610163004334618,3610163004346898,3610163004429099,3610163004431469,3610163004438319,0,2,16,1,model.layers.2.self_attn.compressor.state_cache
3610163005054173,3610163005218424,3610163005219644,3610163005220414,3610163005316544,3610163005328704,3610163005407835,3610163005409695,3610163005416675,0,2,16,1,model.layers.2.self_attn.indexer.compressor.state_cache
3610163006151950,3610163006311491,3610163006312801,3610163006313501,3610163006410992,3610163006423282,3610163006501522,3610163006503712,3610163006510552,0,2,16,1,model.layers.3.self_attn.compressor.state_cache
3610163059375307,3610163059907780,3610163059984151,3610163060274302,3610163060386513,3610163060401993,3610163060853386,3610163061612241,3610163061621791,1,2,16,4,model.layers.2.self_attn.indexer.k_cache
3610163062298076,3610163062469867,3610163062471197,3610163062471897,3610163062570307,3610163062584557,3610163062664618,3610163062715408,3610163062723128,0,2,16,4,model.layers.2.self_attn.attn
3610163063434363,3610163063600494,3610163063601804,3610163063602454,3610163063698825,3610163063712985,3610163064129888,3610163064133598,3610163064140448,0,2,16,128,model.layers.3.self_attn.attn
3610163064861092,3610163065029333,3610163065030663,3610163065031413,3610163065130764,3610163065143664,3610163065516317,3610163065519997,3610163065526777,0,2,16,1,model.layers.0.self_attn.swa_cache
3610163066237291,3610163066407762,3610163066409002,3610163066409552,3610163066506613,3610163066518653,3610163066600704,3610163066603294,3610163066610384,0,2,16,1,model.layers.1.self_attn.swa_cache
3610163067303398,3610163067468719,3610163067470019,3610163067470779,3610163067569820,3610163067582210,3610163067662531,3610163067664871,3610163067671801,0,2,16,1,model.layers.2.self_attn.compressor.state_cache
3610163068269514,3610163068432226,3610163068433506,3610163068434226,3610163068532546,3610163068544336,3610163068622497,3610163068624327,3610163068631197,0,2,16,1,model.layers.2.self_attn.indexer.compressor.state_cache
3610163069366302,3610163069531253,3610163069532763,3610163069533413,3610163069631963,3610163069644393,3610163069722384,3610163069724484,3610163069731644,0,2,16,1,model.layers.3.self_attn.compressor.state_cache
3610163122370277,3610163122890540,3610163122967001,3610163123244723,3610163123357183,3610163123372633,3610163123794456,3610163124549201,3610163124558271,1,2,16,4,model.layers.2.self_attn.indexer.k_cache
3610163125223295,3610163125394777,3610163125396007,3610163125396677,3610163125495817,3610163125509987,3610163125595718,3610163125649518,3610163125657298,0,2,16,4,model.layers.2.self_attn.attn
3610163126377833,3610163126545494,3610163126546824,3610163126547544,3610163126646985,3610163126661245,3610163127036767,3610163127040707,3610163127047647,0,2,16,128,model.layers.3.self_attn.attn
3610163127759922,3610163127930343,3610163127931773,3610163127932483,3610163128047804,3610163128060854,3610163128436496,3610163128440396,3610163128447266,0,2,16,1,model.layers.0.self_attn.swa_cache
3610163129165841,3610163129331422,3610163129332712,3610163129333392,3610163129434233,3610163129446333,3610163129526683,3610163129528924,3610163129535704,0,2,16,1,model.layers.1.self_attn.swa_cache
3610163130242108,3610163130408129,3610163130409289,3610163130410019,3610163130508430,3610163130521020,3610163130600900,3610163130603401,3610163130610361,0,2,16,1,model.layers.2.self_attn.compressor.state_cache
3610163131199584,3610163131359745,3610163131360925,3610163131361655,3610163131460616,3610163131472896,3610163131553297,3610163131555157,3610163131561977,0,2,16,1,model.layers.2.self_attn.indexer.compressor.state_cache
3610163132306212,3610163132470233,3610163132471433,3610163132472063,3610163132567733,3610163132580023,3610163132659574,3610163132661734,3610163132668904,0,2,16,1,model.layers.3.self_attn.compressor.state_cache
3610163185019785,3610163185547068,3610163185625479,3610163185897091,3610163186007241,3610163186022421,3610163186438434,3610163187195099,3610163187204609,1,2,16,4,model.layers.2.self_attn.indexer.k_cache
3610163187865113,3610163188057765,3610163188059055,3610163188059835,3610163188161855,3610163188176556,3610163188263366,3610163188315196,3610163188322876,0,2,16,4,model.layers.2.self_attn.attn
3610163189063161,3610163189230932,3610163189232232,3610163189232942,3610163189333383,3610163189347343,3610163189724676,3610163189728496,3610163189735446,0,2,16,128,model.layers.3.self_attn.attn
3610163190453980,3610163190620611,3610163190621751,3610163190622441,3610163190721582,3610163190734162,3610163191109215,3610163191113175,3610163191120015,0,2,16,1,model.layers.0.self_attn.swa_cache
3610163191835919,3610163192015271,3610163192016411,3610163192017181,3610163192121411,3610163192132841,3610163192211472,3610163192213812,3610163192220902,0,2,16,1,model.layers.1.self_attn.swa_cache
3610163192926106,3610163193088018,3610163193089268,3610163193090028,3610163193189948,3610163193202818,3610163193284299,3610163193286699,3610163193293949,0,2,16,1,model.layers.2.self_attn.compressor.state_cache
3610163193881053,3610163194045114,3610163194046434,3610163194047174,3610163194145934,3610163194158494,3610163194237825,3610163194239725,3610163194247005,0,2,16,1,model.layers.2.self_attn.indexer.compressor.state_cache
3610163194981260,3610163195142361,3610163195143541,3610163195144181,3610163195241852,3610163195254402,3610163195333162,3610163195335702,3610163195342492,0,2,16,1,model.layers.3.self_attn.compressor.state_cache
3610163247943995,3610163248480768,3610163248558579,3610163248838761,3610163248953301,3610163248968521,3610163249403764,3610163250167969,3610163250177149,1,2,16,4,model.layers.2.self_attn.indexer.k_cache
3610163250844364,3610163251013785,3610163251014965,3610163251015705,3610163251113465,3610163251127996,3610163251210096,3610163251261116,3610163251268636,0,2,16,4,model.layers.2.self_attn.attn
3610163251978631,3610163252166652,3610163252167962,3610163252168642,3610163252267683,3610163252282113,3610163252653445,3610163252656986,3610163252663796,0,2,16,128,model.layers.3.self_attn.attn
3610163253383860,3610163253555491,3610163253556641,3610163253557351,3610163253657082,3610163253669672,3610163254044055,3610163254047685,3610163254054275,0,2,16,1,model.layers.0.self_attn.swa_cache
3610163254765089,3610163254934840,3610163254935900,3610163254936590,3610163255036431,3610163255048361,3610163255128632,3610163255130962,3610163255137662,0,2,16,1,model.layers.1.self_attn.swa_cache
3610163255841686,3610163256017007,3610163256018107,3610163256018877,3610163256118978,3610163256131048,3610163256212789,3610163256215179,3610163256222179,0,2,16,1,model.layers.2.self_attn.compressor.state_cache
3610163256816323,3610163256984224,3610163256985434,3610163256986134,3610163257083084,3610163257095494,3610163257174365,3610163257176305,3610163257183245,0,2,16,1,model.layers.2.self_attn.indexer.compressor.state_cache
3610163257914290,3610163258079331,3610163258080551,3610163258081271,3610163258176541,3610163258188442,3610163258268472,3610163258270862,3610163258278422,0,2,16,1,model.layers.3.self_attn.compressor.state_cache
3610163310473092,3610163310997956,3610163311072986,3610163311361818,3610163311473329,3610163311488009,3610163311911431,3610163312713327,3610163312723357,1,2,16,4,model.layers.2.self_attn.indexer.k_cache
3610163313380291,3610163313551772,3610163313553062,3610163313553712,3610163313652623,3610163313667133,3610163313753263,3610163313804994,3610163313812954,0,2,16,4,model.layers.2.self_attn.attn
3610163314525098,3610163314690090,3610163314691370,3610163314692140,3610163314789650,3610163314804110,3610163315204973,3610163315208813,3610163315215643,0,2,16,128,model.layers.3.self_attn.attn
3610163315930698,3610163316125339,3610163316126609,3610163316127299,3610163316227450,3610163316239660,3610163316612632,3610163316616472,3610163316623002,0,2,16,1,model.layers.0.self_attn.swa_cache
3610163317339197,3610163317509628,3610163317510988,3610163317511718,3610163317609489,3610163317621979,3610163317702109,3610163317704519,3610163317711629,0,2,16,1,model.layers.1.self_attn.swa_cache
3610163318415994,3610163318584165,3610163318585395,3610163318586075,3610163318684386,3610163318696486,3610163318778756,3610163318781296,3610163318788156,0,2,16,1,model.layers.2.self_attn.compressor.state_cache
3610163319408370,3610163319570371,3610163319571641,3610163319572211,3610163319669522,3610163319681592,3610163319763273,3610163319765433,3610163319772433,0,2,16,1,model.layers.2.self_attn.indexer.compressor.state_cache
3610163320521328,3610163320684629,3610163320686009,3610163320686689,3610163320784679,3610163320796779,3610163320876170,3610163320878470,3610163320885440,0,2,16,1,model.layers.3.self_attn.compressor.state_cache
3610163373457372,3610163373983546,3610163374058756,3610163374334718,3610163374447879,3610163374464169,3610163374899822,3610163375740447,3610163375749317,1,2,16,4,model.layers.2.self_attn.indexer.k_cache
3610163376441572,3610163376613743,3610163376614783,3610163376615543,3610163376714964,3610163376729254,3610163376814154,3610163376867935,3610163376875495,0,2,16,4,model.layers.2.self_attn.attn
3610163377613219,3610163377788401,3610163377789701,3610163377790481,3610163377894301,3610163377908731,3610163378282594,3610163378286344,3610163378293304,0,2,16,128,model.layers.3.self_attn.attn
3610163379040969,3610163379208140,3610163379209490,3610163379210270,3610163379308940,3610163379321451,3610163379693883,3610163379697393,3610163379703903,0,2,16,1,model.layers.0.self_attn.swa_cache
3610163380449668,3610163380612759,3610163380613949,3610163380614669,3610163380713490,3610163380726260,3610163380807920,3610163380810400,3610163380817520,0,2,16,1,model.layers.1.self_attn.swa_cache
3610163381529835,3610163381698196,3610163381699286,3610163381700046,3610163381800017,3610163381812017,3610163381890517,3610163381892747,3610163381899677,0,2,16,1,model.layers.2.self_attn.compressor.state_cache
3610163382484151,3610163382657062,3610163382658272,3610163382659122,3610163382755943,3610163382767873,3610163382846754,3610163382848784,3610163382855804,0,2,16,1,model.layers.2.self_attn.indexer.compressor.state_cache
3610163383586958,3610163383747809,3610163383749029,3610163383749769,3610163383847900,3610163383859630,3610163383938981,3610163383941301,3610163383948351,0,2,16,1,model.layers.3.self_attn.compressor.state_cache
3610163436677694,3610163437236008,3610163437316748,3610163437588030,3610163437702141,3610163437717451,3610163438130124,3610163438885909,3610163438895209,1,1,8,4,model.layers.2.self_attn.indexer.k_cache
3610163439569353,3610163439732744,3610163439733974,3610163439734644,3610163439832975,3610163439847595,3610163439930705,3610163439981316,3610163439988796,0,1,8,4,model.layers.2.self_attn.attn
3610163440731051,3610163440894602,3610163440895912,3610163440896662,3610163440994072,3610163441008712,3610163441381905,3610163441385525,3610163441392575,0,1,8,128,model.layers.3.self_attn.attn
3610163442112340,3610163442281101,3610163442282411,3610163442283141,3610163442381071,3610163442393191,3610163442766044,3610163442769664,3610163442776334,0,1,8,1,model.layers.0.self_attn.swa_cache
3610163443494229,3610163443663080,3610163443664320,3610163443665130,3610163443763460,3610163443775930,3610163443854861,3610163443857251,3610163443864151,0,1,8,1,model.layers.1.self_attn.swa_cache
3610163444590786,3610163444751517,3610163444752667,3610163444753427,3610163444848787,3610163444860887,3610163444939988,3610163444942288,3610163444949258,0,1,8,1,model.layers.2.self_attn.compressor.state_cache
3610163445541242,3610163445708363,3610163445709533,3610163445710363,3610163445807494,3610163445819624,3610163445898074,3610163445900074,3610163445906904,0,1,8,1,model.layers.2.self_attn.indexer.compressor.state_cache
3610163446640709,3610163446803890,3610163446805060,3610163446805820,3610163446903111,3610163446915631,3610163446995691,3610163446998221,3610163447005301,0,1,8,1,model.layers.3.self_attn.compressor.state_cache
3610163500569960,3610163501092764,3610163501168634,3610163501441326,3610163501554307,3610163501570417,3610163501997810,3610163502764155,3610163502774315,1,1,8,4,model.layers.2.self_attn.indexer.k_cache
3610163503456439,3610163503614950,3610163503616200,3610163503616960,3610163503716051,3610163503730511,3610163503812871,3610163503865332,3610163503873312,0,1,8,4,model.layers.2.self_attn.attn
3610163504608307,3610163504775508,3610163504776658,3610163504777348,3610163504874638,3610163504889648,3610163505273121,3610163505276971,3610163505284061,0,1,8,128,model.layers.3.self_attn.attn
3610163506040466,3610163506207237,3610163506208397,3610163506209137,3610163506307148,3610163506319658,3610163506695670,3610163506699520,3610163506706420,0,1,8,1,model.layers.0.self_attn.swa_cache
3610163507422935,3610163507588096,3610163507589366,3610163507590126,3610163507688737,3610163507701217,3610163507783247,3610163507785587,3610163507792667,0,1,8,1,model.layers.1.self_attn.swa_cache
3610163508528112,3610163508689033,3610163508690243,3610163508690973,3610163508786254,3610163508797964,3610163508877674,3610163508880194,3610163508887095,0,1,8,1,model.layers.2.self_attn.compressor.state_cache
3610163509475058,3610163509639539,3610163509640819,3610163509641669,3610163509738930,3610163509750830,3610163509828021,3610163509829791,3610163509836681,0,1,8,1,model.layers.2.self_attn.indexer.compressor.state_cache
3610163510569935,3610163510735117,3610163510736357,3610163510737097,3610163510835557,3610163510847657,3610163510924698,3610163510926988,3610163510933968,0,1,8,1,model.layers.3.self_attn.compressor.state_cache
3610163563653251,3610163564196055,3610163564272535,3610163564543827,3610163564651988,3610163564667088,3610163565076101,3610163567178894,3610163567188244,1,1,8,4,model.layers.2.self_attn.indexer.k_cache
3610163567843739,3610163568136190,3610163568137540,3610163568138530,3610163568259711,3610163568276951,3610163568379652,3610163568442752,3610163568451562,0,1,8,4,model.layers.2.self_attn.attn
3610163569273298,3610163569459069,3610163569460559,3610163569461319,3610163569574020,3610163569590080,3610163570021303,3610163570025443,3610163570033023,0,1,8,128,model.layers.3.self_attn.attn
3610163570860398,3610163571053699,3610163571055329,3610163571056179,3610163571171190,3610163571185180,3610163571612863,3610163571617343,3610163571624753,0,1,8,1,model.layers.0.self_attn.swa_cache
3610163572472549,3610163572656190,3610163572657640,3610163572658480,3610163572774741,3610163572790041,3610163572884691,3610163572887161,3610163572895111,0,1,8,1,model.layers.1.self_attn.swa_cache
3610163573702867,3610163573893648,3610163573895138,3610163573896058,3610163574008599,3610163574022799,3610163574111249,3610163574114089,3610163574122229,0,1,8,1,model.layers.2.self_attn.compressor.state_cache
3610163574800254,3610163574991535,3610163574992965,3610163574993805,3610163575106936,3610163575121156,3610163575216337,3610163575218577,3610163575226647,0,1,8,1,model.layers.2.self_attn.indexer.compressor.state_cache
3610163576095252,3610163576301824,3610163576303494,3610163576304414,3610163576416364,3610163576430454,3610163576520995,3610163576523765,3610163576532075,0,1,8,1,model.layers.3.self_attn.compressor.state_cache
3610163629956253,3610163630482837,3610163630560287,3610163630848829,3610163630960450,3610163630976040,3610163631409733,3610163632199538,3610163632209128,1,1,8,4,model.layers.2.self_attn.indexer.k_cache
3610163632907452,3610163633077103,3610163633078323,3610163633079083,3610163633179484,3610163633194044,3610163633278625,3610163633330005,3610163633337515,0,1,8,4,model.layers.2.self_attn.attn
3610163634048660,3610163634210391,3610163634212041,3610163634212771,3610163634311141,3610163634325762,3610163634701544,3610163634705324,3610163634712154,0,1,8,128,model.layers.3.self_attn.attn
3610163635427509,3610163635593190,3610163635594450,3610163635595190,3610163635690830,3610163635703171,3610163636088423,3610163636092193,3610163636098803,0,1,8,1,model.layers.0.self_attn.swa_cache
3610163636823718,3610163636995999,3610163636997319,3610163636998089,3610163637096520,3610163637108870,3610163637190680,3610163637192770,3610163637199820,0,1,8,1,model.layers.1.self_attn.swa_cache
3610163637912325,3610163638075426,3610163638076556,3610163638077366,3610163638174147,3610163638185837,3610163638266577,3610163638268907,3610163638275747,0,1,8,1,model.layers.2.self_attn.compressor.state_cache
3610163638902861,3610163639067232,3610163639068512,3610163639069272,3610163639168243,3610163639180833,3610163639260004,3610163639262154,3610163639268944,0,1,8,1,model.layers.2.self_attn.indexer.compressor.state_cache
3610163640037259,3610163640205830,3610163640206990,3610163640207840,3610163640304861,3610163640317541,3610163640394911,3610163640397051,3610163640404041,0,1,8,1,model.layers.3.self_attn.compressor.state_cache
3610163693068334,3610163693598968,3610163693678068,3610163693951610,3610163694063431,3610163694079571,3610163694499073,3610163695255848,3610163695265188,1,1,8,4,model.layers.2.self_attn.indexer.k_cache
3610163695941383,3610163696131714,3610163696133154,3610163696133904,3610163696235625,3610163696250175,3610163696332095,3610163696382056,3610163696389906,0,1,8,4,model.layers.2.self_attn.attn
3610163697103340,3610163697265171,3610163697266421,3610163697267131,3610163697363992,3610163697378582,3610163697759145,3610163697763055,3610163697769735,0,1,8,128,model.layers.3.self_attn.attn
3610163698483649,3610163698648750,3610163698650070,3610163698650770,3610163698749271,3610163698761341,3610163699139354,3610163699143274,3610163699150044,0,1,8,1,model.layers.0.self_attn.swa_cache
3610163699859588,3610163700032889,3610163700033969,3610163700034749,3610163700134630,3610163700146180,3610163700228321,3610163700230801,3610163700237911,0,1,8,1,model.layers.1.self_attn.swa_cache
3610163700945395,3610163701108656,3610163701109906,3610163701110676,3610163701209217,3610163701221617,3610163701303838,3610163701306358,3610163701313118,0,1,8,1,model.layers.2.self_attn.compressor.state_cache
3610163701904422,3610163702068673,3610163702069793,3610163702070553,3610163702170143,3610163702182163,3610163702259874,3610163702261684,3610163702268714,0,1,8,1,model.layers.2.self_attn.indexer.compressor.state_cache
3610163703002929,3610163703165730,3610163703167000,3610163703167710,3610163703263641,3610163703275911,3610163703355571,3610163703358141,3610163703365131,0,1,8,1,model.layers.3.self_attn.compressor.state_cache
3610163755789122,3610163756323066,3610163756402816,3610163756680808,3610163756792999,3610163756808049,3610163757220812,3610163757996777,3610163758006257,1,1,8,4,model.layers.2.self_attn.indexer.k_cache
3610163758680471,3610163758852632,3610163758853912,3610163758854612,3610163758954143,3610163758969113,3610163759051784,3610163759105064,3610163759113244,0,1,8,4,model.layers.2.self_attn.attn
3610163759821509,3610163759997170,3610163759998340,3610163759999080,3610163760117451,3610163760132101,3610163760527603,3610163760531723,3610163760538923,0,1,8,128,model.layers.3.self_attn.attn
3610163761265048,3610163761431509,3610163761432729,3610163761433529,3610163761530250,3610163761542680,3610163761920832,3610163761924652,3610163761931112,0,1,8,1,model.layers.0.self_attn.swa_cache
3610163762645447,3610163762813458,3610163762814638,3610163762815588,3610163762917119,3610163762929969,3610163763011180,3610163763013580,3610163763020660,0,1,8,1,model.layers.1.self_attn.swa_cache
3610163763732204,3610163763896515,3610163763897735,3610163763898585,3610163763997106,3610163764023146,3610163764107677,3610163764109977,3610163764116847,0,1,8,1,model.layers.2.self_attn.compressor.state_cache
3610163764709511,3610163764880432,3610163764881902,3610163764882672,3610163764980782,3610163764992232,3610163765072013,3610163765073863,3610163765081013,0,1,8,1,model.layers.2.self_attn.indexer.compressor.state_cache
3610163765808348,3610163765973899,3610163765975089,3610163765975909,3610163766072319,3610163766084320,3610163766164870,3610163766167150,3610163766174050,0,1,8,1,model.layers.3.self_attn.compressor.state_cache
3610163818377290,3610163818894083,3610163818971554,3610163819241186,3610163819353986,3610163819369256,3610163819778329,3610163823028810,3610163823038790,1,1,8,4,model.layers.2.self_attn.indexer.k_cache
3610163823878666,3610163824121277,3610163824123047,3610163824124007,3610163824254018,3610163824273528,3610163824388379,3610163824455540,3610163824465390,0,1,8,4,model.layers.2.self_attn.attn
3610163825394206,3610163825612987,3610163825614727,3610163825615687,3610163825742558,3610163825761708,3610163826243301,3610163826248201,3610163826257301,0,1,8,128,model.layers.3.self_attn.attn
3610163827227188,3610163827440999,3610163827442659,3610163827443639,3610163827571010,3610163827586720,3610163828090813,3610163828095673,3610163828104383,0,1,8,1,model.layers.0.self_attn.swa_cache
3610163829040409,3610163829260821,3610163829262441,3610163829263381,3610163829393272,3610163829409712,3610163829515573,3610163829518423,3610163829527253,0,1,8,1,model.layers.1.self_attn.swa_cache
3610163830435889,3610163830645560,3610163830647430,3610163830648360,3610163830778391,3610163830794881,3610163830897302,3610163830900512,3610163830909752,0,1,8,1,model.layers.2.self_attn.compressor.state_cache
3610163831667817,3610163831889258,3610163831890488,3610163831891168,3610163831989799,3610163832010779,3610163832094269,3610163832096379,3610163832103279,0,1,8,1,model.layers.2.self_attn.indexer.compressor.state_cache
3610163832840124,3610163833005755,3610163833007015,3610163833007735,3610163833106666,3610163833118866,3610163833201617,3610163833204017,3610163833210867,0,1,8,1,model.layers.3.self_attn.compressor.state_cache
3610163885442617,3610163885964690,3610163886041281,3610163886310962,3610163886420853,3610163886436413,3610163886837066,3610163887567470,3610163887577211,1,1,8,4,model.layers.2.self_attn.indexer.k_cache
3610163888256435,3610163888426896,3610163888428146,3610163888428986,3610163888528017,3610163888542667,3610163888626077,3610163888677198,3610163888685248,0,1,8,4,model.layers.2.self_attn.attn
3610163889395222,3610163889568834,3610163889570044,3610163889570724,3610163889668104,3610163889682634,3610163890059547,3610163890063257,3610163890070127,0,1,8,128,model.layers.3.self_attn.attn
3610163890792571,3610163890963453,3610163890964653,3610163890965353,3610163891062193,3610163891074763,3610163891443946,3610163891447616,3610163891454566,0,1,8,1,model.layers.0.self_attn.swa_cache
3610163892181301,3610163892351252,3610163892352572,3610163892353332,3610163892453582,3610163892466322,3610163892547353,3610163892549903,3610163892556863,0,1,8,1,model.layers.1.self_attn.swa_cache
3610163893260528,3610163893426229,3610163893427479,3610163893428259,3610163893525979,3610163893538669,3610163893617620,3610163893620220,3610163893627060,0,1,8,1,model.layers.2.self_attn.compressor.state_cache
3610163894216014,3610163894379445,3610163894380705,3610163894381395,3610163894478645,3610163894490876,3610163894570026,3610163894572036,3610163894578916,0,1,8,1,model.layers.2.self_attn.indexer.compressor.state_cache
3610163895316481,3610163895477632,3610163895478912,3610163895479622,3610163895577023,3610163895589473,3610163895667953,3610163895670193,3610163895677543,0,1,8,1,model.layers.3.self_attn.compressor.state_cache
3610163947880303,3610163948415057,3610163948494557,3610163948761559,3610163948871090,3610163948886180,3610163949281162,3610163950478700,3610163950488240,1,1,8,4,model.layers.2.self_attn.indexer.k_cache
3610163951128264,3610163951297105,3610163951298405,3610163951299115,3610163951396976,3610163951411596,3610163951495667,3610163951545887,3610163951553527,0,1,8,4,model.layers.2.self_attn.attn
3610163952288972,3610163952463253,3610163952464533,3610163952465323,3610163952562984,3610163952577424,3610163952954676,3610163952958566,3610163952965576,0,1,8,128,model.layers.3.self_attn.attn
3610163953682931,3610163953848322,3610163953849552,3610163953850272,3610163953947583,3610163953959733,3610163954349795,3610163954353095,3610163954360025,0,1,8,1,model.layers.0.self_attn.swa_cache
3610163955081990,3610163955248351,3610163955249651,3610163955250421,3610163955350562,3610163955362782,3610163955445622,3610163955448022,3610163955455222,0,1,8,1,model.layers.1.self_attn.swa_cache
3610163956177237,3610163956345158,3610163956346928,3610163956347598,3610163956443359,3610163956455659,3610163956535290,3610163956537410,3610163956544350,0,1,8,1,model.layers.2.self_attn.compressor.state_cache
3610163957137423,3610163957300504,3610163957301705,3610163957302445,3610163957400145,3610163957412635,3610163957492876,3610163957494796,3610163957501836,0,1,8,1,model.layers.2.self_attn.indexer.compressor.state_cache
3610163958233531,3610163958394692,3610163958395902,3610163958396802,3610163958494282,3610163958506392,3610163958587713,3610163958589813,3610163958597153,0,1,8,1,model.layers.3.self_attn.compressor.state_cache
3610164010442290,3610164010959694,3610164011038264,3610164011306416,3610164011443777,3610164011459187,3610164011872220,3610164014043924,3610164014053544,1,1,8,4,model.layers.2.self_attn.indexer.k_cache
3610164014709318,3610164014882599,3610164014883899,3610164014884809,3610164014983660,3610164014998330,3610164015082101,3610164015134551,3610164015142531,0,1,8,4,model.layers.2.self_attn.attn
3610164015854506,3610164016042307,3610164016043567,3610164016044297,3610164016144818,3610164016159648,3610164016539510,3610164016543150,3610164016549980,0,1,8,128,model.layers.3.self_attn.attn
3610164017270835,3610164017433936,3610164017435106,3610164017435786,3610164017532727,3610164017545267,3610164017917969,3610164017921879,3610164017929109,0,1,8,1,model.layers.0.self_attn.swa_cache
3610164018645054,3610164018815515,3610164018816725,3610164018817455,3610164018917256,3610164018929796,3610164019011706,3610164019014096,3610164019021216,0,1,8,1,model.layers.1.self_attn.swa_cache
3610164019787101,3610164019976453,3610164019978013,3610164019978943,3610164020109103,3610164020123124,3610164020216064,3610164020218834,3610164020226974,0,1,8,1,model.layers.2.self_attn.compressor.state_cache
3610164020905729,3610164021101430,3610164021102970,3610164021103920,3610164021218801,3610164021233091,3610164021324981,3610164021327051,3610164021334921,0,1,8,1,model.layers.2.self_attn.indexer.compressor.state_cache
3610164022184277,3610164022377748,3610164022379198,3610164022380098,3610164022493109,3610164022507399,3610164022599410,3610164022602230,3610164022610210,0,1,8,1,model.layers.3.self_attn.compressor.state_cache
3610164075598855,3610164076128968,3610164076204609,3610164076526171,3610164076638801,3610164076654542,3610164077070474,3610164077816649,3610164077825939,1,1,8,4,model.layers.2.self_attn.indexer.k_cache
3610164078476313,3610164078643025,3610164078644325,3610164078645065,3610164078742915,3610164078757305,3610164078841546,3610164078892956,3610164078900986,0,1,8,4,model.layers.2.self_attn.attn
3610164079611171,3610164079781082,3610164079782432,3610164079783172,3610164079883083,3610164079897323,3610164080309805,3610164080313865,3610164080320745,0,1,8,128,model.layers.3.self_attn.attn
3610164081046860,3610164081217141,3610164081218431,3610164081219171,3610164081315772,3610164081327692,3610164081723215,3610164081726985,3610164081734185,0,1,8,1,model.layers.0.self_attn.swa_cache
3610164082452199,3610164082631801,3610164082633241,3610164082634141,3610164082736111,3610164082749091,3610164082830812,3610164082833192,3610164082840392,0,1,8,1,model.layers.1.self_attn.swa_cache
3610164083539216,3610164083704027,3610164083705438,3610164083706188,3610164083803148,3610164083815218,3610164083892949,3610164083895059,3610164083902139,0,1,8,1,model.layers.2.self_attn.compressor.state_cache
3610164084508153,3610164084673494,3610164084674744,3610164084675464,3610164084773934,3610164084785865,3610164084865805,3610164084867645,3610164084874815,0,1,8,1,model.layers.2.self_attn.indexer.compressor.state_cache
3610164085611630,3610164085774461,3610164085775641,3610164085776381,3610164085875712,3610164085888552,3610164085969502,3610164085971812,3610164085978832,0,1,8,1,model.layers.3.self_attn.compressor.state_cache
3610164139014038,3610164139539301,3610164139616782,3610164139922534,3610164140052874,3610164140069634,3610164140572938,3610164141342433,3610164141351653,1,1,8,4,model.layers.2.self_attn.indexer.k_cache
3610164142037047,3610164142204798,3610164142206048,3610164142206858,3610164142307069,3610164142321279,3610164142405830,3610164142456960,3610164142464860,0,1,8,4,model.layers.2.self_attn.attn
3610164143168365,3610164143342696,3610164143344036,3610164143344826,3610164143441496,3610164143455787,3610164143820089,3610164143823729,3610164143830599,0,1,8,128,model.layers.3.self_attn.attn
3610164144558464,3610164144727935,3610164144729135,3610164144729805,3610164144829245,3610164144841536,3610164145228798,3610164145232698,3610164145239548,0,1,8,1,model.layers.0.self_attn.swa_cache
3610164145979753,3610164146146614,3610164146147964,3610164146148704,3610164146251935,3610164146264635,3610164146347395,3610164146349755,3610164146357245,0,1,8,1,model.layers.1.self_attn.swa_cache
3610164147056260,3610164147220591,3610164147221861,3610164147222611,3610164147319342,3610164147331462,3610164147411062,3610164147413512,3610164147420632,0,1,8,1,model.layers.2.self_attn.compressor.state_cache
3610164148019596,3610164148197807,3610164148199047,3610164148199757,3610164148296618,3610164148308818,3610164148388119,3610164148389819,3610164148396629,0,1,8,1,model.layers.2.self_attn.indexer.compressor.state_cache
3610164149135283,3610164149298375,3610164149299715,3610164149300465,3610164149398035,3610164149409975,3610164149487686,3610164149490066,3610164149497096,0,1,8,1,model.layers.3.self_attn.compressor.state_cache
3610165056428870,3610165056961723,3610165057029713,3610165057398056,3610165057522107,3610165057536547,3610165058097330,3610165058533263,3610165058544153,1,1,88,4,model.layers.2.self_attn.indexer.k_cache
3610165059252938,3610165059417329,3610165059418529,3610165059419179,3610165059515710,3610165059528750,3610165059608010,3610165059660281,3610165059667571,0,1,88,4,model.layers.2.self_attn.attn
3610165060368095,3610165060527476,3610165060528566,3610165060529256,3610165060625347,3610165060638077,3610165060996569,3610165061000079,3610165061006389,0,1,88,128,model.layers.3.self_attn.attn
3610165061698014,3610165061864345,3610165061865465,3610165061866205,3610165061962126,3610165061974616,3610165062321748,3610165062325028,3610165062331268,0,1,88,1,model.layers.0.self_attn.swa_cache
3610165063041343,3610165063201274,3610165063202444,3610165063203134,3610165063296864,3610165063308524,3610165063384765,3610165063386915,3610165063393435,0,1,88,1,model.layers.1.self_attn.swa_cache
3610165064099949,3610165064261571,3610165064262921,3610165064263641,3610165064353031,3610165064364651,3610165064442282,3610165064444442,3610165064451312,0,1,88,1,model.layers.2.self_attn.compressor.state_cache
3610165065022775,3610165065182087,3610165065183157,3610165065183817,3610165065279357,3610165065291267,3610165065366928,3610165065368788,3610165065375378,0,1,88,1,model.layers.2.self_attn.indexer.compressor.state_cache
3610165066083722,3610165066244903,3610165066246143,3610165066246793,3610165066341234,3610165066353504,3610165066430735,3610165066432945,3610165066439575,0,1,88,1,model.layers.3.self_attn.compressor.state_cache
3610165466042885,3610165466570879,3610165466645589,3610165466941911,3610165467056302,3610165467072262,3610165467565955,3610165502573343,3610165502594523,1,1,8,4,model.layers.2.self_attn.indexer.k_cache
3610165504072253,3610165504466695,3610165504469425,3610165504470885,3610165504694227,3610165504725437,3610165504912358,3610165505023139,3610165505039719,0,1,8,4,model.layers.2.self_attn.attn
3610165506592299,3610165506956472,3610165506959552,3610165506961222,3610165507182583,3610165507214743,3610165508051629,3610165508055899,3610165508063849,0,1,8,128,model.layers.3.self_attn.attn
3610165508875214,3610165509057215,3610165509058485,3610165509059285,3610165509171136,3610165509184606,3610165509596559,3610165509600329,3610165509607879,0,1,8,1,model.layers.0.self_attn.swa_cache
3610165510416104,3610165510608145,3610165510609595,3610165510610545,3610165510725866,3610165510739806,3610165510832547,3610165510835457,3610165510843567,0,1,8,1,model.layers.1.self_attn.swa_cache
3610165511625222,3610165511811153,3610165511812473,3610165511813233,3610165511924124,3610165511938534,3610165512039765,3610165512042655,3610165512050635,0,1,8,1,model.layers.2.self_attn.compressor.state_cache
3610165512705029,3610165512894720,3610165512895950,3610165512896780,3610165513008991,3610165513023411,3610165513112162,3610165513114272,3610165513122342,0,1,8,1,model.layers.2.self_attn.indexer.compressor.state_cache
3610165513950077,3610165514133938,3610165514135308,3610165514136108,3610165514244729,3610165514258829,3610165514346340,3610165514348550,3610165514356260,0,1,8,1,model.layers.3.self_attn.compressor.state_cache
3610165583169018,3610165583716541,3610165583786782,3610165584099194,3610165584215384,3610165584230534,3610165584719828,3610165585161811,3610165585171791,1,4,264,4,model.layers.2.self_attn.indexer.k_cache
3610165585863105,3610165586034786,3610165586035956,3610165586036586,3610165586136227,3610165586149947,3610165586231468,3610165586281038,3610165586288668,0,4,264,4,model.layers.2.self_attn.attn
3610165586995552,3610165587159404,3610165587160514,3610165587161144,3610165587259194,3610165587273204,3610165587648297,3610165587652027,3610165587658617,0,4,264,128,model.layers.3.self_attn.attn
3610165588383012,3610165588544443,3610165588545703,3610165588546323,3610165588643513,3610165588655793,3610165589030026,3610165589033556,3610165589040226,0,4,264,1,model.layers.0.self_attn.swa_cache
3610165589749630,3610165589912561,3610165589913851,3610165589914561,3610165590011652,3610165590023592,3610165590103703,3610165590105923,3610165590112803,0,4,264,1,model.layers.1.self_attn.swa_cache
3610165590905868,3610165591069829,3610165591070979,3610165591071599,3610165591169490,3610165591182500,3610165591261620,3610165591263930,3610165591270990,0,4,264,1,model.layers.2.self_attn.compressor.state_cache
3610165591850364,3610165592027285,3610165592028395,3610165592029095,3610165592123956,3610165592135136,3610165592204986,3610165592206536,3610165592213486,0,4,264,1,model.layers.2.self_attn.indexer.compressor.state_cache
3610165593044932,3610165593216413,3610165593217743,3610165593218423,3610165593317144,3610165593329164,3610165593409664,3610165593412114,3610165593419164,0,4,264,1,model.layers.3.self_attn.compressor.state_cache
3610166017149241,3610166017684424,3610166017762105,3610166018044137,3610166018156437,3610166018173008,3610166018629151,3610166032829633,3610166032854743,1,4,32,4,model.layers.2.self_attn.indexer.k_cache
3610166034384063,3610166034738315,3610166034740765,3610166034742115,3610166034946767,3610166034977617,3610166035153908,3610166035259089,3610166035275259,0,4,32,4,model.layers.2.self_attn.attn
3610166036755768,3610166037096101,3610166037098671,3610166037100051,3610166037298262,3610166037326522,3610166038101967,3610166038110477,3610166038124657,0,4,32,128,model.layers.3.self_attn.attn
3610166039587747,3610166039931489,3610166039933749,3610166039935179,3610166040162101,3610166040188831,3610166040960356,3610166040968026,3610166040982286,0,4,32,1,model.layers.0.self_attn.swa_cache
3610166042256594,3610166042427895,3610166042428925,3610166042429715,3610166042530506,3610166042543436,3610166042625967,3610166042628387,3610166042635657,0,4,32,1,model.layers.1.self_attn.swa_cache
3610166043328341,3610166043493522,3610166043494792,3610166043495492,3610166043592963,3610166043605453,3610166043685904,3610166043688284,3610166043695504,0,4,32,1,model.layers.2.self_attn.compressor.state_cache
3610166044286667,3610166044458549,3610166044459739,3610166044460489,3610166044558229,3610166044569969,3610166044650440,3610166044652220,3610166044659310,0,4,32,1,model.layers.2.self_attn.indexer.compressor.state_cache
3610166045381015,3610166045542646,3610166045543886,3610166045544546,3610166045641736,3610166045653486,3610166045733207,3610166045735387,3610166045742617,0,4,32,1,model.layers.3.self_attn.compressor.state_cache
3610166142901579,3610166143442532,3610166143508983,3610166143823855,3610166143941906,3610166143957836,3610166144477819,3610166144935232,3610166144944512,1,6,200,4,model.layers.2.self_attn.indexer.k_cache
3610166145641087,3610166145810468,3610166145811778,3610166145812488,3610166145910569,3610166145924079,3610166146005629,3610166146056869,3610166146065250,0,6,200,4,model.layers.2.self_attn.attn
3610166146774044,3610166146938805,3610166146940375,3610166146941235,3610166147040466,3610166147054316,3610166147440098,3610166147443958,3610166147450509,0,6,200,128,model.layers.3.self_attn.attn
3610166148216584,3610166148391215,3610166148392575,3610166148393315,3610166148493265,3610166148505765,3610166148885338,3610166148889148,3610166148895868,0,6,200,1,model.layers.0.self_attn.swa_cache
3610166149654243,3610166149821504,3610166149822904,3610166149823554,3610166149920865,3610166149933315,3610166150012265,3610166150014675,3610166150021655,0,6,200,1,model.layers.1.self_attn.swa_cache
3610166150815300,3610166150980321,3610166150981642,3610166150982512,3610166151081592,3610166151093802,3610166151172663,3610166151174863,3610166151181923,0,6,200,1,model.layers.2.self_attn.compressor.state_cache
3610166151766357,3610166151935488,3610166151936718,3610166151937498,3610166152046858,3610166152061259,3610166152142989,3610166152144859,3610166152151649,0,6,200,1,model.layers.2.self_attn.indexer.compressor.state_cache
3610166153018045,3610166153179226,3610166153180416,3610166153181186,3610166153278456,3610166153290397,3610166153368367,3610166153370907,3610166153378187,0,6,200,1,model.layers.3.self_attn.compressor.state_cache
3610166582094886,3610166582620889,3610166582698050,3610166582984602,3610166583103593,3610166583120923,3610166583601596,3610166584776003,3610166584785613,1,6,48,4,model.layers.2.self_attn.indexer.k_cache
3610166585520438,3610166585690309,3610166585691589,3610166585692249,3610166585790650,3610166585806050,3610166585888721,3610166585941791,3610166585949901,0,6,48,4,model.layers.2.self_attn.attn
3610166586645046,3610166586813297,3610166586814637,3610166586815227,3610166586913407,3610166586927127,3610166587303750,3610166587307640,3610166587314300,0,6,48,128,model.layers.3.self_attn.attn
3610166588048895,3610166588228266,3610166588229576,3610166588230296,3610166588329987,3610166588342437,3610166588715729,3610166588719839,3610166588726359,0,6,48,1,model.layers.0.self_attn.swa_cache
3610166589436374,3610166589603845,3610166589605055,3610166589605645,3610166589702605,3610166589714726,3610166589795646,3610166589797986,3610166589804966,0,6,48,1,model.layers.1.self_attn.swa_cache
3610166590489871,3610166590656462,3610166590657762,3610166590658432,3610166590757442,3610166590769602,3610166590851783,3610166590853893,3610166590860903,0,6,48,1,model.layers.2.self_attn.compressor.state_cache
3610166591438547,3610166591603198,3610166591604428,3610166591605008,3610166591702728,3610166591714889,3610166591793049,3610166591795049,3610166591801819,0,6,48,1,model.layers.2.self_attn.indexer.compressor.state_cache
3610166592542474,3610166592716185,3610166592717515,3610166592718155,3610166592816286,3610166592828986,3610166592908106,3610166592910356,3610166592917116,0,6,48,1,model.layers.3.self_attn.compressor.state_cache
3610166660607777,3610166661143850,3610166661209991,3610166661503813,3610166661620063,3610166661634893,3610166662117577,3610166662558719,3610166662568349,1,8,216,4,model.layers.2.self_attn.indexer.k_cache
3610166663267444,3610166663434485,3610166663435665,3610166663436505,3610166663535656,3610166663549396,3610166663629636,3610166663679917,3610166663687727,0,8,216,4,model.layers.2.self_attn.attn
3610166664410321,3610166664576622,3610166664577903,3610166664578653,3610166664678713,3610166664692303,3610166665073616,3610166665077586,3610166665084256,0,8,216,128,model.layers.3.self_attn.attn
3610166665801920,3610166665970812,3610166665972152,3610166665972862,3610166666071732,3610166666084612,3610166666477085,3610166666480965,3610166666487925,0,8,216,1,model.layers.0.self_attn.swa_cache
3610166667197580,3610166667365731,3610166667367191,3610166667367961,3610166667468751,3610166667481001,3610166667562452,3610166667564842,3610166667571772,0,8,216,1,model.layers.1.self_attn.swa_cache
3610166668389577,3610166668555928,3610166668557248,3610166668557928,3610166668656309,3610166668669039,3610166668748030,3610166668750650,3610166668757710,0,8,216,1,model.layers.2.self_attn.compressor.state_cache
3610166669348534,3610166669513975,3610166669515355,3610166669516205,3610166669614565,3610166669626805,3610166669707886,3610166669710106,3610166669717326,0,8,216,1,model.layers.2.self_attn.indexer.compressor.state_cache
3610166670564671,3610166670725572,3610166670727002,3610166670727682,3610166670827453,3610166670839913,3610166670920884,3610166670923194,3610166670930084,0,8,216,1,model.layers.3.self_attn.compressor.state_cache
3610167102163538,3610167102708731,3610167102775202,3610167103066954,3610167103182744,3610167103197225,3610167103718908,3610167104177201,3610167104186491,1,9,152,4,model.layers.2.self_attn.indexer.k_cache
3610167104917486,3610167105076897,3610167105078037,3610167105078677,3610167105178207,3610167105191167,3610167105274268,3610167105325878,3610167105333888,0,9,152,4,model.layers.2.self_attn.attn
3610167106035273,3610167106201184,3610167106202254,3610167106202954,3610167106301885,3610167106315475,3610167106700647,3610167106704867,3610167106711867,0,9,152,128,model.layers.3.self_attn.attn
3610167107442072,3610167107611703,3610167107612983,3610167107613733,3610167107712634,3610167107725254,3610167108128337,3610167108132177,3610167108138867,0,9,152,1,model.layers.0.self_attn.swa_cache
3610167108860081,3610167109028352,3610167109029562,3610167109030302,3610167109128403,3610167109141133,3610167109221934,3610167109224224,3610167109231544,0,9,152,1,model.layers.1.self_attn.swa_cache
3610167110029019,3610167110204000,3610167110205190,3610167110205900,3610167110307101,3610167110319141,3610167110400741,3610167110403291,3610167110410971,0,9,152,1,model.layers.2.self_attn.compressor.state_cache
3610167110995465,3610167111162416,3610167111163516,3610167111164156,3610167111260737,3610167111272877,3610167111351688,3610167111353398,3610167111360238,0,9,152,1,model.layers.2.self_attn.indexer.compressor.state_cache
3610167112232553,3610167112398894,3610167112400294,3610167112401004,3610167112499965,3610167112512705,3610167112592846,3610167112595036,3610167112602156,0,9,152,1,model.layers.3.self_attn.compressor.state_cache
3610167556096679,3610167556643373,3610167556709403,3610167557005885,3610167557121826,3610167557137116,3610167557630299,3610167558072882,3610167558082452,1,11,240,4,model.layers.2.self_attn.indexer.k_cache
3610167558804157,3610167558982468,3610167558983828,3610167558984778,3610167559082559,3610167559096319,3610167559179839,3610167559232200,3610167559240210,0,11,240,4,model.layers.2.self_attn.attn
3610167559942394,3610167560127196,3610167560128596,3610167560129266,3610167560226286,3610167560239926,3610167560632729,3610167560636479,3610167560643299,0,11,240,128,model.layers.3.self_attn.attn
3610167561365334,3610167561537215,3610167561538425,3610167561539025,3610167561642555,3610167561655616,3610167562033578,3610167562037258,3610167562044448,0,11,240,1,model.layers.0.self_attn.swa_cache
3610167562778153,3610167562949514,3610167562950724,3610167562951344,3610167563049765,3610167563062105,3610167563142605,3610167563145035,3610167563152045,0,11,240,1,model.layers.1.self_attn.swa_cache
3610167563956861,3610167564134302,3610167564135662,3610167564136472,3610167564235912,3610167564248472,3610167564326813,3610167564329243,3610167564336513,0,11,240,1,model.layers.2.self_attn.compressor.state_cache
3610167564925717,3610167565088418,3610167565089578,3610167565090238,3610167565187389,3610167565199179,3610167565278459,3610167565280339,3610167565287729,0,11,240,1,model.layers.2.self_attn.indexer.compressor.state_cache
3610167566134445,3610167566300716,3610167566302126,3610167566302866,3610167566402006,3610167566414066,3610167566494137,3610167566496457,3610167566503677,0,11,240,1,model.layers.3.self_attn.compressor.state_cache
3610167999071649,3610167999617752,3610167999683903,3610167999976245,3610168000103095,3610168000120016,3610168000637399,3610168001100522,3610168001110072,1,12,176,4,model.layers.2.self_attn.indexer.k_cache
3610168001866937,3610168002032288,3610168002033578,3610168002034268,3610168002133759,3610168002147099,3610168002231509,3610168002283980,3610168002291680,0,12,176,4,model.layers.2.self_attn.attn
3610168002995144,3610168003164315,3610168003165745,3610168003166425,3610168003265556,3610168003279206,3610168003662759,3610168003666739,3610168003673839,0,12,176,128,model.layers.3.self_attn.attn
3610168004396143,3610168004571435,3610168004572945,3610168004573655,3610168004676145,3610168004688715,3610168005051558,3610168005055208,3610168005062288,0,12,176,1,model.layers.0.self_attn.swa_cache
3610168005769982,3610168005944303,3610168005945783,3610168005946523,3610168006045674,3610168006057854,3610168006139765,3610168006142275,3610168006149695,0,12,176,1,model.layers.1.self_attn.swa_cache
3610168006970110,3610168007132431,3610168007133711,3610168007134321,3610168007233152,3610168007245752,3610168007323772,3610168007326072,3610168007333132,0,12,176,1,model.layers.2.self_attn.compressor.state_cache
3610168007919616,3610168008103147,3610168008104418,3610168008105138,3610168008204318,3610168008219138,3610168008306869,3610168008308989,3610168008316909,0,12,176,1,model.layers.2.self_attn.indexer.compressor.state_cache
3610168009168854,3610168009333415,3610168009334775,3610168009335546,3610168009435086,3610168009447366,3610168009530937,3610168009533537,3610168009541417,0,12,176,1,model.layers.3.self_attn.compressor.state_cache
3610168438774087,3610168439293110,3610168439367920,3610168439649842,3610168439759613,3610168439774583,3610168440066095,3610168482979044,3610168483000714,1,12,96,4,model.layers.2.self_attn.indexer.k_cache
3610168484600754,3610168484963097,3610168484965497,3610168484966777,3610168485172458,3610168485202928,3610168485363719,3610168485464330,3610168485479800,0,12,96,4,model.layers.2.self_attn.attn
3610168486898699,3610168487251872,3610168487254292,3610168487255612,3610168487460423,3610168487489603,3610168487992077,3610168487998297,3610168488030087,0,12,96,128,model.layers.3.self_attn.attn
3610168489449766,3610168489795948,3610168489798208,3610168489799648,3610168489997130,3610168490021860,3610168490525423,3610168490531683,3610168490544613,0,12,96,1,model.layers.0.self_attn.swa_cache
3610168491927822,3610168492307835,3610168492310185,3610168492311565,3610168492506156,3610168492530836,3610168492687427,3610168492692157,3610168492706447,0,12,96,1,model.layers.1.self_attn.swa_cache
3610168493687604,3610168493849625,3610168493850775,3610168493851405,3610168493944635,3610168493956785,3610168494035296,3610168494037556,3610168494044456,0,12,96,1,model.layers.2.self_attn.compressor.state_cache
3610168494605749,3610168494767321,3610168494768341,3610168494768911,3610168494864441,3610168494876261,3610168494950442,3610168494952292,3610168494958812,0,12,96,1,model.layers.2.self_attn.indexer.compressor.state_cache
3610168495670186,3610168495826977,3610168495828127,3610168495828737,3610168495926088,3610168495938688,3610168496027399,3610168496029829,3610168496036939,0,12,96,1,model.layers.3.self_attn.compressor.state_cache
3610168549873789,3610168550376372,3610168550452212,3610168550717404,3610168550821515,3610168550836925,3610168551090797,3610168554993442,3610168555001932,1,12,96,4,model.layers.2.self_attn.indexer.k_cache
3610168555659246,3610168555820327,3610168555821447,3610168555822037,3610168555917638,3610168555931558,3610168556027759,3610168556083819,3610168556091809,0,12,96,4,model.layers.2.self_attn.attn
3610168556782124,3610168556946155,3610168556947245,3610168556947845,3610168557043895,3610168557057865,3610168557301107,3610168557303867,3610168557310207,0,12,96,128,model.layers.3.self_attn.attn
3610168558006762,3610168558163403,3610168558164613,3610168558165253,3610168558260723,3610168558272623,3610168558519385,3610168558522355,3610168558528945,0,12,96,1,model.layers.0.self_attn.swa_cache
3610168559213309,3610168559381581,3610168559382881,3610168559383491,3610168559527961,3610168559545162,3610168559659492,3610168559662652,3610168559672472,0,12,96,1,model.layers.1.self_attn.swa_cache
3610168560671619,3610168560905110,3610168560906880,3610168560907970,3610168561045741,3610168561062751,3610168561172832,3610168561175892,3610168561185462,0,12,96,1,model.layers.2.self_attn.compressor.state_cache
3610168562010658,3610168562245129,3610168562246959,3610168562247909,3610168562387680,3610168562405340,3610168562515851,3610168562518471,3610168562528591,0,12,96,1,model.layers.2.self_attn.indexer.compressor.state_cache
3610168563547048,3610168563781729,3610168563783759,3610168563784849,3610168563920670,3610168563937770,3610168564066261,3610168564069991,3610168564080091,0,12,96,1,model.layers.3.self_attn.compressor.state_cache
3610168617084826,3610168617617609,3610168617696810,3610168617972401,3610168618078022,3610168618093532,3610168618358824,3610168622008618,3610168622017448,1,12,96,4,model.layers.2.self_attn.indexer.k_cache
3610168622708892,3610168622872493,3610168622873663,3610168622874283,3610168622971174,3610168622985504,3610168623063304,3610168623111475,3610168623118845,0,12,96,4,model.layers.2.self_attn.attn
3610168623815499,3610168623976630,3610168623977730,3610168623978430,3610168624091381,3610168624105641,3610168624351083,3610168624354103,3610168624359953,0,12,96,128,model.layers.3.self_attn.attn
3610168625059917,3610168625222248,3610168625223558,3610168625224238,3610168625319069,3610168625330989,3610168625579911,3610168625582981,3610168625589241,0,12,96,1,model.layers.0.self_attn.swa_cache
3610168626637538,3610168626869189,3610168626870849,3610168626871979,3610168627008970,3610168627026220,3610168627139781,3610168627143441,3610168627153171,0,12,96,1,model.layers.1.self_attn.swa_cache
3610168628145327,3610168628368719,3610168628370279,3610168628371099,3610168628510790,3610168628527680,3610168628638911,3610168628642161,3610168628652071,0,12,96,1,model.layers.2.self_attn.compressor.state_cache
3610168629482536,3610168629716048,3610168629717748,3610168629718768,3610168629859679,3610168629877199,3610168629990639,3610168629993629,3610168630003619,0,12,96,1,model.layers.2.self_attn.indexer.compressor.state_cache
3610168631020306,3610168631262968,3610168631264468,3610168631265438,3610168631402319,3610168631418779,3610168631530079,3610168631533069,3610168631543269,0,12,96,1,model.layers.3.self_attn.compressor.state_cache
3610168684934846,3610168685474950,3610168685551710,3610168685876243,3610168686000753,3610168686018033,3610168686369636,3610168688332839,3610168688341929,1,12,96,4,model.layers.2.self_attn.indexer.k_cache
3610168689031643,3610168689201774,3610168689203104,3610168689203824,3610168689304845,3610168689319715,3610168689407336,3610168689461706,3610168689469436,0,12,96,4,model.layers.2.self_attn.attn
3610168690191681,3610168690354682,3610168690356022,3610168690356762,3610168690454602,3610168690468862,3610168690730354,3610168690733544,3610168690739754,0,12,96,128,model.layers.3.self_attn.attn
3610168691572240,3610168691756521,3610168691757911,3610168691758621,3610168691866821,3610168691880592,3610168692180134,3610168692183964,3610168692191404,0,12,96,1,model.layers.0.self_attn.swa_cache
3610168692987539,3610168693172290,3610168693173940,3610168693174770,3610168693282281,3610168693296341,3610168693382921,3610168693385511,3610168693393141,0,12,96,1,model.layers.1.self_attn.swa_cache
3610168694165236,3610168694351118,3610168694352678,3610168694353448,3610168694460648,3610168694474068,3610168694560919,3610168694563779,3610168694571569,0,12,96,1,model.layers.2.self_attn.compressor.state_cache
3610168695221003,3610168695409004,3610168695410415,3610168695411205,3610168695520335,3610168695533915,3610168695624626,3610168695626776,3610168695634736,0,12,96,1,model.layers.2.self_attn.indexer.compressor.state_cache
3610168696455331,3610168696637142,3610168696638592,3610168696639462,3610168696748013,3610168696762313,3610168696849594,3610168696851974,3610168696860154,0,12,96,1,model.layers.3.self_attn.compressor.state_cache
3610168750865245,3610168751392438,3610168751467809,3610168751736380,3610168751847191,3610168751862341,3610168752164653,3610168754707150,3610168754715510,1,12,96,4,model.layers.2.self_attn.indexer.k_cache
3610168755376444,3610168755550615,3610168755552035,3610168755552735,3610168755652456,3610168755667786,3610168755751787,3610168755804097,3610168755811917,0,12,96,4,model.layers.2.self_attn.attn
3610168756567172,3610168756802373,3610168756803973,3610168756804893,3610168756929144,3610168756946674,3610168757258766,3610168757262546,3610168757269946,0,12,96,128,model.layers.3.self_attn.attn
3610168758132812,3610168758328783,3610168758330173,3610168758331073,3610168758447514,3610168758463374,3610168758772076,3610168758776106,3610168758783416,0,12,96,1,model.layers.0.self_attn.swa_cache
3610168759645022,3610168759846643,3610168759848133,3610168759848953,3610168759968254,3610168759983384,3610168760093995,3610168760097235,3610168760105555,0,12,96,1,model.layers.1.self_attn.swa_cache
3610168760992461,3610168761190852,3610168761192462,3610168761193382,3610168761312003,3610168761326913,3610168761424573,3610168761427683,3610168761436023,0,12,96,1,model.layers.2.self_attn.compressor.state_cache
3610168762151858,3610168762355349,3610168762356779,3610168762357709,3610168762476670,3610168762492340,3610168762589021,3610168762591461,3610168762599441,0,12,96,1,model.layers.2.self_attn.indexer.compressor.state_cache
3610168763486017,3610168763683408,3610168763684968,3610168763685738,3610168763802009,3610168763816309,3610168763911870,3610168763914810,3610168763923270,0,12,96,1,model.layers.3.self_attn.compressor.state_cache
3610168817304326,3610168817827060,3610168817904220,3610168818169992,3610168818279593,3610168818295653,3610168818586325,3610168820918500,3610168820927420,1,12,96,4,model.layers.2.self_attn.indexer.k_cache
3610168821584174,3610168821748175,3610168821749415,3610168821750125,3610168821847586,3610168821862556,3610168821942767,3610168821993837,3610168822001077,0,12,96,4,model.layers.2.self_attn.attn
3610168822887503,3610168823093014,3610168823094484,3610168823095554,3610168823212955,3610168823230835,3610168823539507,3610168823543337,3610168823551517,0,12,96,128,model.layers.3.self_attn.attn
3610168824440203,3610168824634764,3610168824636214,3610168824637134,3610168824759025,3610168824774225,3610168825084097,3610168825088397,3610168825096387,0,12,96,1,model.layers.0.self_attn.swa_cache
3610168825955063,3610168826157364,3610168826158934,3610168826159774,3610168826276365,3610168826291585,3610168826390075,3610168826392855,3610168826401436,0,12,96,1,model.layers.1.self_attn.swa_cache
3610168827247061,3610168827450342,3610168827451882,3610168827452742,3610168827572883,3610168827588143,3610168827685674,3610168827688084,3610168827696494,0,12,96,1,model.layers.2.self_attn.compressor.state_cache
3610168828529929,3610168828732201,3610168828733521,3610168828734381,3610168828854991,3610168828870232,3610168828966022,3610168828968122,3610168828976582,0,12,96,1,model.layers.2.self_attn.indexer.compressor.state_cache
3610168829871298,3610168830070079,3610168830071559,3610168830072449,3610168830191790,3610168830206910,3610168830301671,3610168830304521,3610168830313031,0,12,96,1,model.layers.3.self_attn.compressor.state_cache
3610168885965042,3610168886513026,3610168886591727,3610168886883438,3610168887003739,3610168887019339,3610168887320421,3610168888048396,3610168888057446,1,12,96,4,model.layers.2.self_attn.indexer.k_cache
3610168888755271,3610168888938672,3610168888939952,3610168888940712,3610168889042712,3610168889057513,3610168889142163,3610168889196293,3610168889204094,0,12,96,4,model.layers.2.self_attn.attn
3610168889939298,3610168890109469,3610168890110719,3610168890111459,3610168890208090,3610168890222830,3610168890495732,3610168890499032,3610168890505182,0,12,96,128,model.layers.3.self_attn.attn
3610168891239477,3610168891421158,3610168891422328,3610168891423058,3610168891522529,3610168891535239,3610168891802890,3610168891806270,3610168891812680,0,12,96,1,model.layers.0.self_attn.swa_cache
3610168892548335,3610168892717186,3610168892718376,3610168892719136,3610168892816937,3610168892829477,3610168892909988,3610168892912498,3610168892919388,0,12,96,1,model.layers.1.self_attn.swa_cache
3610168893629242,3610168893800243,3610168893801503,3610168893802273,3610168893902814,3610168893914964,3610168893993765,3610168893996035,3610168894002915,0,12,96,1,model.layers.2.self_attn.compressor.state_cache
3610168894596289,3610168894763430,3610168894764730,3610168894765390,3610168894862260,3610168894874180,3610168894953361,3610168894955271,3610168894962161,0,12,96,1,model.layers.2.self_attn.indexer.compressor.state_cache
3610168895725386,3610168895889287,3610168895890517,3610168895891277,3610168895988348,3610168896011728,3610168896095908,3610168896098078,3610168896104858,0,12,96,1,model.layers.3.self_attn.compressor.state_cache
3610168950121939,3610168950647623,3610168950724193,3610168950999035,3610168951110506,3610168951125696,3610168951412548,3610168952099702,3610168952108572,1,12,96,4,model.layers.2.self_attn.indexer.k_cache
3610168952796667,3610168952968248,3610168952969608,3610168952970298,3610168953071548,3610168953086489,3610168953170349,3610168953222439,3610168953230299,0,12,96,4,model.layers.2.self_attn.attn
3610168953960124,3610168954135475,3610168954136935,3610168954137625,3610168954236506,3610168954251356,3610168954517658,3610168954521378,3610168954527668,0,12,96,128,model.layers.3.self_attn.attn
3610168955245343,3610168955413974,3610168955415204,3610168955416014,3610168955516524,3610168955529724,3610168955798046,3610168955801706,3610168955808336,0,12,96,1,model.layers.0.self_attn.swa_cache
3610168956545041,3610168956713552,3610168956714862,3610168956715532,3610168956816713,3610168956829003,3610168956908783,3610168956911213,3610168956918333,0,12,96,1,model.layers.1.self_attn.swa_cache
3610168957620788,3610168957786579,3610168957787859,3610168957788579,3610168957885950,3610168957897910,3610168957977540,3610168957980260,3610168957987230,0,12,96,1,model.layers.2.self_attn.compressor.state_cache
3610168958600074,3610168958768695,3610168958770095,3610168958770815,3610168958869316,3610168958881706,3610168958963047,3610168958964877,3610168958971997,0,12,96,1,model.layers.2.self_attn.indexer.compressor.state_cache
3610168959705532,3610168959873963,3610168959875243,3610168959875973,3610168959976223,3610168959988823,3610168960098324,3610168960100814,3610168960108194,0,12,96,1,model.layers.3.self_attn.compressor.state_cache
3610169014950110,3610169015518844,3610169015594865,3610169015919487,3610169016060168,3610169016076758,3610169016702322,3610169017505137,3610169017515227,1,12,96,4,model.layers.2.self_attn.indexer.k_cache
3610169018243132,3610169018413823,3610169018415133,3610169018415923,3610169018515564,3610169018529994,3610169018613214,3610169018664375,3610169018672025,0,12,96,4,model.layers.2.self_attn.attn
3610169019379189,3610169019546530,3610169019547610,3610169019548300,3610169019650031,3610169019664931,3610169020061964,3610169020066864,3610169020073584,0,12,96,128,model.layers.3.self_attn.attn
3610169020796348,3610169020961339,3610169020962570,3610169020963330,3610169021060940,3610169021073180,3610169021437243,3610169021440923,3610169021447753,0,12,96,1,model.layers.0.self_attn.swa_cache
3610169022156507,3610169022318658,3610169022319838,3610169022320438,3610169022419329,3610169022432129,3610169022513600,3610169022515880,3610169022522800,0,12,96,1,model.layers.1.self_attn.swa_cache
3610169023217064,3610169023388535,3610169023389745,3610169023390375,3610169023485646,3610169023497366,3610169023574316,3610169023576706,3610169023583457,0,12,96,1,model.layers.2.self_attn.compressor.state_cache
3610169024181230,3610169024344301,3610169024345611,3610169024346251,3610169024442802,3610169024454852,3610169024534403,3610169024536293,3610169024542983,0,12,96,1,model.layers.2.self_attn.indexer.compressor.state_cache
3610169025282188,3610169025449469,3610169025450649,3610169025451389,3610169025549139,3610169025561529,3610169025639090,3610169025641370,3610169025648310,0,12,96,1,model.layers.3.self_attn.compressor.state_cache
3610169079786012,3610169080355075,3610169080432466,3610169080712878,3610169080825688,3610169080841159,3610169081146830,3610169081852365,3610169081861455,1,12,96,4,model.layers.2.self_attn.indexer.k_cache
3610169082539350,3610169082708111,3610169082709321,3610169082710041,3610169082809871,3610169082824561,3610169082906382,3610169082959322,3610169082966952,0,12,96,4,model.layers.2.self_attn.attn
3610169083678877,3610169083851108,3610169083852318,3610169083852998,3610169083952669,3610169083966919,3610169084278211,3610169084281601,3610169084288201,0,12,96,128,model.layers.3.self_attn.attn
3610169085005406,3610169085174867,3610169085176107,3610169085176787,3610169085276447,3610169085289237,3610169085552199,3610169085555769,3610169085562319,0,12,96,1,model.layers.0.self_attn.swa_cache
3610169086263864,3610169086428665,3610169086429965,3610169086430605,3610169086528465,3610169086541496,3610169086619706,3610169086622106,3610169086629226,0,12,96,1,model.layers.1.self_attn.swa_cache
3610169087358221,3610169087524102,3610169087525502,3610169087526312,3610169087624033,3610169087636193,3610169087717713,3610169087720523,3610169087727343,0,12,96,1,model.layers.2.self_attn.compressor.state_cache
3610169088325047,3610169088493858,3610169088495188,3610169088495968,3610169088591169,3610169088603609,3610169088681149,3610169088682949,3610169088689609,0,12,96,1,model.layers.2.self_attn.indexer.compressor.state_cache
3610169089430444,3610169089592055,3610169089593315,3610169089594035,3610169089692056,3610169089703976,3610169089785127,3610169089787717,3610169089794507,0,12,96,1,model.layers.3.self_attn.compressor.state_cache
3610169143292404,3610169143817278,3610169143893618,3610169144180990,3610169144292931,3610169144308981,3610169144611593,3610169146912778,3610169146921868,1,12,96,4,model.layers.2.self_attn.indexer.k_cache
3610169147588272,3610169147758013,3610169147759573,3610169147760443,3610169147861464,3610169147876274,3610169147958275,3610169148022815,3610169148030705,0,12,96,4,model.layers.2.self_attn.attn
3610169148750410,3610169148919561,3610169148920771,3610169148921471,3610169149020321,3610169149035142,3610169149300743,3610169149304213,3610169149310633,0,12,96,128,model.layers.3.self_attn.attn
3610169150024678,3610169150244409,3610169150245969,3610169150246809,3610169150366340,3610169150381860,3610169150702842,3610169150707282,3610169150715162,0,12,96,1,model.layers.0.self_attn.swa_cache
3610169151581478,3610169151783729,3610169151785039,3610169151785929,3610169151904040,3610169151918900,3610169152036531,3610169152039901,3610169152048841,0,12,96,1,model.layers.1.self_attn.swa_cache
3610169152895517,3610169153099238,3610169153100668,3610169153101448,3610169153220709,3610169153236099,3610169153336199,3610169153339059,3610169153347390,0,12,96,1,model.layers.2.self_attn.compressor.state_cache
3610169154058304,3610169154260625,3610169154262075,3610169154262945,3610169154380516,3610169154395166,3610169154490647,3610169154493097,3610169154501837,0,12,96,1,model.layers.2.self_attn.indexer.compressor.state_cache
3610169155389103,3610169155589604,3610169155591144,3610169155592074,3610169155709095,3610169155723755,3610169155816726,3610169155819576,3610169155827886,0,12,96,1,model.layers.3.self_attn.compressor.state_cache
3610169209651305,3610169210190229,3610169210267779,3610169210552491,3610169210665812,3610169210681142,3610169210989984,3610169213573471,3610169213582731,1,12,96,4,model.layers.2.self_attn.indexer.k_cache
3610169214268975,3610169214448487,3610169214449957,3610169214450727,3610169214549897,3610169214564527,3610169214648648,3610169214702328,3610169214710138,0,12,96,4,model.layers.2.self_attn.attn
3610169215418303,3610169215596634,3610169215597854,3610169215598514,3610169215696225,3610169215711025,3610169215977266,3610169215980676,3610169215987247,0,12,96,128,model.layers.3.self_attn.attn
3610169216976103,3610169217179444,3610169217181224,3610169217182154,3610169217301745,3610169217316995,3610169217640297,3610169217644677,3610169217652457,0,12,96,1,model.layers.0.self_attn.swa_cache
3610169218501793,3610169218707624,3610169218709104,3610169218710074,3610169218830105,3610169218845245,3610169218942106,3610169218945166,3610169218953796,0,12,96,1,model.layers.1.self_attn.swa_cache
3610169219794541,3610169219996023,3610169219997383,3610169219998133,3610169220135423,3610169220150424,3610169220250334,3610169220253444,3610169220262024,0,12,96,1,model.layers.2.self_attn.compressor.state_cache
3610169220975929,3610169221177580,3610169221179170,3610169221180030,3610169221299621,3610169221314411,3610169221411112,3610169221413562,3610169221422442,0,12,96,1,model.layers.2.self_attn.indexer.compressor.state_cache
3610169222311148,3610169222509009,3610169222510599,3610169222511439,3610169222629620,3610169222644820,3610169222738690,3610169222741630,3610169222749820,0,12,96,1,model.layers.3.self_attn.compressor.state_cache
3610169277199324,3610169277761778,3610169277838528,3610169278137810,3610169278259711,3610169278275601,3610169278582373,3610169279782451,3610169279791531,1,12,96,4,model.layers.2.self_attn.indexer.k_cache
3610169280516716,3610169280692027,3610169280693297,3610169280694057,3610169280795218,3610169280810728,3610169280895428,3610169280946859,3610169280955059,0,12,96,4,model.layers.2.self_attn.attn
3610169281793774,3610169281973225,3610169281974565,3610169281975305,3610169282080106,3610169282095246,3610169282368658,3610169282372298,3610169282379358,0,12,96,128,model.layers.3.self_attn.attn
3610169283122423,3610169283292554,3610169283293874,3610169283294744,3610169283397024,3610169283410035,3610169283676916,3610169283680676,3610169283687136,0,12,96,1,model.layers.0.self_attn.swa_cache
3610169284445071,3610169284613992,3610169284615212,3610169284615992,3610169284719073,3610169284731583,3610169284815604,3610169284818054,3610169284825054,0,12,96,1,model.layers.1.self_attn.swa_cache
3610169285560728,3610169285734500,3610169285735900,3610169285736600,3610169285838460,3610169285851630,3610169285936071,3610169285938441,3610169285945781,0,12,96,1,model.layers.2.self_attn.compressor.state_cache
3610169286569785,3610169286744046,3610169286745286,3610169286746076,3610169286849577,3610169286862847,3610169286945387,3610169286947327,3610169286954518,0,12,96,1,model.layers.2.self_attn.indexer.compressor.state_cache
3610169287728083,3610169287903314,3610169287904554,3610169287905424,3610169288026735,3610169288041605,3610169288131255,3610169288133905,3610169288141295,0,12,96,1,model.layers.3.self_attn.compressor.state_cache
3610169341931725,3610169342454688,3610169342530379,3610169342807220,3610169342919021,3610169342934221,3610169343222083,3610169345900830,3610169345909641,1,12,96,4,model.layers.2.self_attn.indexer.k_cache
3610169346745796,3610169346963057,3610169346964807,3610169346965787,3610169347093208,3610169347111898,3610169347215209,3610169347278739,3610169347288650,0,12,96,4,model.layers.2.self_attn.attn
3610169348220876,3610169348430967,3610169348432667,3610169348433617,3610169348562908,3610169348581618,3610169348915250,3610169348919690,3610169348927710,0,12,96,128,model.layers.3.self_attn.attn
3610169349832686,3610169350047587,3610169350049267,3610169350050187,3610169350178578,3610169350194458,3610169350534851,3610169350539151,3610169350547201,0,12,96,1,model.layers.0.self_attn.swa_cache
3610169351449137,3610169351666298,3610169351667898,3610169351668768,3610169351794929,3610169351810689,3610169351913840,3610169351917020,3610169351925990,0,12,96,1,model.layers.1.self_attn.swa_cache
3610169352838276,3610169353051937,3610169353053577,3610169353054527,3610169353179038,3610169353194288,3610169353294859,3610169353297849,3610169353306349,0,12,96,1,model.layers.2.self_attn.compressor.state_cache
3610169354066734,3610169354264525,3610169354266105,3610169354266865,3610169354386826,3610169354402456,3610169354495256,3610169354497476,3610169354506356,0,12,96,1,model.layers.2.self_attn.indexer.compressor.state_cache
3610169355295692,3610169355449383,3610169355450613,3610169355451353,3610169355550583,3610169355562933,3610169355638124,3610169355640624,3610169355647374,0,12,96,1,model.layers.3.self_attn.compressor.state_cache
3610169409524784,3610169410047317,3610169410124358,3610169410415350,3610169410529730,3610169410545410,3610169410844352,3610169412503193,3610169412513543,1,12,96,4,model.layers.2.self_attn.indexer.k_cache
3610169413225568,3610169413401429,3610169413402669,3610169413403379,3610169413509400,3610169413524940,3610169413616160,3610169413675101,3610169413683841,0,12,96,4,model.layers.2.self_attn.attn
3610169414460146,3610169414639767,3610169414640977,3610169414641687,3610169414748028,3610169414763588,3610169415049600,3610169415053620,3610169415060340,0,12,96,128,model.layers.3.self_attn.attn
3610169415842565,3610169416040646,3610169416041866,3610169416042666,3610169416152177,3610169416165577,3610169416452289,3610169416455839,3610169416463039,0,12,96,1,model.layers.0.self_attn.swa_cache
3610169417241504,3610169417429355,3610169417430545,3610169417431355,3610169417538396,3610169417552406,3610169417639057,3610169417641537,3610169417649197,0,12,96,1,model.layers.1.self_attn.swa_cache
3610169418453342,3610169418633103,3610169418634393,3610169418635133,3610169418742054,3610169418755484,3610169418842414,3610169418845044,3610169418852874,0,12,96,1,model.layers.2.self_attn.compressor.state_cache
3610169419492859,3610169419678910,3610169419680230,3610169419680960,3610169419789191,3610169419802161,3610169419928481,3610169419930341,3610169419937211,0,12,96,1,model.layers.2.self_attn.indexer.compressor.state_cache
3610169420692286,3610169420861707,3610169420863007,3610169420863787,3610169420966658,3610169420979378,3610169421061289,3610169421063699,3610169421070499,0,12,96,1,model.layers.3.self_attn.compressor.state_cache
3610169474901159,3610169475434232,3610169475510423,3610169475813184,3610169475929455,3610169475945355,3610169476495779,3610169479645059,3610169479654919,1,12,96,4,model.layers.2.self_attn.indexer.k_cache
3610169480378884,3610169480550585,3610169480551745,3610169480552425,3610169480651386,3610169480666026,3610169480748937,3610169480800817,3610169480808417,0,12,96,4,model.layers.2.self_attn.attn
3610169481523272,3610169481695343,3610169481696693,3610169481697363,3610169481796363,3610169481811133,3610169482194376,3610169482198486,3610169482205076,0,12,96,128,model.layers.3.self_attn.attn
3610169482932991,3610169483097142,3610169483098512,3610169483099192,3610169483197112,3610169483209583,3610169483575055,3610169483578895,3610169483584995,0,12,96,1,model.layers.0.self_attn.swa_cache
3610169484317020,3610169484569011,3610169484570721,3610169484571671,3610169484697862,3610169484714862,3610169484820823,3610169484823843,3610169484833053,0,12,96,1,model.layers.1.self_attn.swa_cache
3610169485749929,3610169485964960,3610169485966680,3610169485967560,3610169486090221,3610169486106441,3610169486209242,3610169486212212,3610169486221272,0,12,96,1,model.layers.2.self_attn.compressor.state_cache
3610169486983647,3610169487200698,3610169487202308,3610169487203138,3610169487332119,3610169487348389,3610169487452570,3610169487454890,3610169487464340,0,12,96,1,model.layers.2.self_attn.indexer.compressor.state_cache
3610169488445977,3610169488662258,3610169488663918,3610169488664728,3610169488792729,3610169488808479,3610169488916980,3610169488920270,3610169488929160,0,12,96,1,model.layers.3.self_attn.compressor.state_cache
3610169543568185,3610169544113058,3610169544187579,3610169544460580,3610169544578041,3610169544594521,3610169544887443,3610169547099158,3610169547109008,1,12,96,4,model.layers.2.self_attn.indexer.k_cache
3610169547785852,3610169547952353,3610169547953593,3610169547954263,3610169548076164,3610169548090734,3610169548181965,3610169548239175,3610169548246835,0,12,96,4,model.layers.2.self_attn.attn
3610169548966590,3610169549130931,3610169549132191,3610169549132921,3610169549232331,3610169549247382,3610169549505063,3610169549508363,3610169549514733,0,12,96,128,model.layers.3.self_attn.attn
3610169550279318,3610169550445299,3610169550446739,3610169550447499,3610169550544360,3610169550556770,3610169550813342,3610169550816862,3610169550823252,0,12,96,1,model.layers.0.self_attn.swa_cache
3610169551680987,3610169551873329,3610169551874869,3610169551875579,3610169551989629,3610169552016020,3610169552111780,3610169552114770,3610169552122770,0,12,96,1,model.layers.1.self_attn.swa_cache
3610169552942386,3610169553130387,3610169553131717,3610169553132477,3610169553245178,3610169553259468,3610169553350188,3610169553352958,3610169553361508,0,12,96,1,model.layers.2.self_attn.compressor.state_cache
3610169554051123,3610169554247684,3610169554249054,3610169554249744,3610169554364145,3610169554377675,3610169554468195,3610169554470465,3610169554478416,0,12,96,1,model.layers.2.self_attn.indexer.compressor.state_cache
3610169555320911,3610169555510192,3610169555511742,3610169555512462,3610169555623983,3610169555638963,3610169555729954,3610169555732644,3610169555740394,0,12,96,1,model.layers.3.self_attn.compressor.state_cache
3610169609828925,3610169610368139,3610169610447219,3610169610730361,3610169610842232,3610169610857732,3610169611159364,3610169614212924,3610169614222024,1,12,96,4,model.layers.2.self_attn.indexer.k_cache
3610169614928378,3610169615104439,3610169615105729,3610169615106459,3610169615207180,3610169615221540,3610169615307341,3610169615358821,3610169615366271,0,12,96,4,model.layers.2.self_attn.attn
3610169616291687,3610169616510759,3610169616512359,3610169616513479,3610169616640289,3610169616658879,3610169617001522,3610169617005982,3610169617013852,0,12,96,128,model.layers.3.self_attn.attn
3610169617941668,3610169618154949,3610169618156519,3610169618157419,3610169618285140,3610169618305590,3610169618648302,3610169618653192,3610169618661503,0,12,96,1,model.layers.0.self_attn.swa_cache
3610169619584148,3610169619808880,3610169619810260,3610169619811160,3610169619939301,3610169619955471,3610169620076882,3610169620080452,3610169620089602,0,12,96,1,model.layers.1.self_attn.swa_cache
3610169621020148,3610169621239459,3610169621241089,3610169621242039,3610169621367630,3610169621383910,3610169621488751,3610169621492301,3610169621501001,0,12,96,1,model.layers.2.self_attn.compressor.state_cache
3610169622262396,3610169622479437,3610169622481287,3610169622482127,3610169622607888,3610169622623828,3610169622725839,3610169622728809,3610169622737489,0,12,96,1,model.layers.2.self_attn.indexer.compressor.state_cache
3610169623674855,3610169623887246,3610169623889026,3610169623890026,3610169624123508,3610169624139718,3610169624229289,3610169624231769,3610169624239249,0,12,96,1,model.layers.3.self_attn.compressor.state_cache
3610169677556885,3610169678078898,3610169678154919,3610169678436181,3610169678552542,3610169678569482,3610169678863084,3610169680588795,3610169680597785,1,12,96,4,model.layers.2.self_attn.indexer.k_cache
3610169681251249,3610169681413390,3610169681414620,3610169681415270,3610169681513031,3610169681526841,3610169681608121,3610169681658552,3610169681666142,0,12,96,4,model.layers.2.self_attn.attn
3610169682443597,3610169682628898,3610169682630258,3610169682631028,3610169682735999,3610169682751619,3610169683031241,3610169683035001,3610169683041611,0,12,96,128,model.layers.3.self_attn.attn
3610169683821756,3610169683999967,3610169684018667,3610169684019437,3610169684130258,3610169684143458,3610169684432850,3610169684436580,3610169684443510,0,12,96,1,model.layers.0.self_attn.swa_cache
3610169685215415,3610169685405466,3610169685406786,3610169685407536,3610169685517677,3610169685531387,3610169685619927,3610169685622417,3610169685629938,0,12,96,1,model.layers.1.self_attn.swa_cache
3610169686395493,3610169686580334,3610169686581734,3610169686582514,3610169686690164,3610169686703635,3610169686792625,3610169686795265,3610169686802905,0,12,96,1,model.layers.2.self_attn.compressor.state_cache
3610169687446279,3610169687622840,3610169687624370,3610169687625350,3610169687728991,3610169687742651,3610169687828682,3610169687830842,3610169687838192,0,12,96,1,model.layers.2.self_attn.indexer.compressor.state_cache
3610169688656747,3610169688838108,3610169688839608,3610169688840288,3610169688945469,3610169688959969,3610169689044860,3610169689047690,3610169689054990,0,12,96,1,model.layers.3.self_attn.compressor.state_cache
3610169742504637,3610169743024780,3610169743103301,3610169743378033,3610169743489463,3610169743505503,3610169744033917,3610169747614650,3610169747624380,1,12,96,4,model.layers.2.self_attn.indexer.k_cache
3610169748595376,3610169748834738,3610169748836498,3610169748837438,3610169748972659,3610169748993189,3610169749110700,3610169749187330,3610169749197970,0,12,96,4,model.layers.2.self_attn.attn
3610169750172367,3610169750404108,3610169750405888,3610169750407078,3610169750541129,3610169750560649,3610169751074263,3610169751079773,3610169751088963,0,12,96,128,model.layers.3.self_attn.attn
3610169752103669,3610169752341101,3610169752342961,3610169752344121,3610169752480742,3610169752498202,3610169752988585,3610169752993455,3610169753002655,0,12,96,1,model.layers.0.self_attn.swa_cache
3610169753987521,3610169754221363,3610169754222963,3610169754223983,3610169754360854,3610169754378384,3610169754490655,3610169754494235,3610169754504025,0,12,96,1,model.layers.1.self_attn.swa_cache
3610169755457041,3610169755690162,3610169755691872,3610169755692912,3610169755862934,3610169755875794,3610169755956234,3610169755958884,3610169755966014,0,12,96,1,model.layers.2.self_attn.compressor.state_cache
3610169756610378,3610169756775820,3610169756777050,3610169756777890,3610169756875580,3610169756887350,3610169756966541,3610169756968611,3610169756975721,0,12,96,1,model.layers.2.self_attn.indexer.compressor.state_cache
3610169757712276,3610169757876057,3610169757877457,3610169757878037,3610169757976717,3610169757988857,3610169758069738,3610169758072358,3610169758079268,0,12,96,1,model.layers.3.self_attn.compressor.state_cache
3610169814520375,3610169815063298,3610169815137909,3610169815440110,3610169815556051,3610169815571561,3610169815893623,3610169816622858,3610169816632218,1,12,96,4,model.layers.2.self_attn.indexer.k_cache
3610169817324783,3610169817498824,3610169817500134,3610169817500864,3610169817600155,3610169817614455,3610169817697385,3610169817749055,3610169817757196,0,12,96,4,model.layers.2.self_attn.attn
3610169818483660,3610169818655241,3610169818656471,3610169818657281,3610169818753682,3610169818768072,3610169819031244,3610169819034614,3610169819040854,0,12,96,128,model.layers.3.self_attn.attn
3610169819763229,3610169819938460,3610169819939790,3610169819940450,3610169820054430,3610169820068601,3610169820337502,3610169820341252,3610169820347802,0,12,96,1,model.layers.0.self_attn.swa_cache
3610169821071957,3610169821240618,3610169821241818,3610169821242578,3610169821340139,3610169821352629,3610169821434249,3610169821436749,3610169821443969,0,12,96,1,model.layers.1.self_attn.swa_cache
3610169822147934,3610169822311025,3610169822312195,3610169822312965,3610169822407906,3610169822420696,3610169822501356,3610169822503556,3610169822510426,0,12,96,1,model.layers.2.self_attn.compressor.state_cache
3610169823124540,3610169823292341,3610169823293551,3610169823294312,3610169823392132,3610169823404252,3610169823484873,3610169823486833,3610169823493553,0,12,96,1,model.layers.2.self_attn.indexer.compressor.state_cache
3610169824264338,3610169824432929,3610169824434209,3610169824434939,3610169824536870,3610169824549220,3610169824631570,3610169824633960,3610169824641050,0,12,96,1,model.layers.3.self_attn.compressor.state_cache
3610169878415069,3610169878944303,3610169879022903,3610169879345435,3610169879463236,3610169879479586,3610169880122041,3610169881996183,3610169882005773,1,12,96,4,model.layers.2.self_attn.indexer.k_cache
3610169882697637,3610169882866568,3610169882867888,3610169882868598,3610169882970569,3610169882985409,3610169883068190,3610169883120900,3610169883128500,0,12,96,4,model.layers.2.self_attn.attn
3610169883845715,3610169884035136,3610169884036466,3610169884037246,3610169884138377,3610169884153337,3610169884522699,3610169884526689,3610169884533709,0,12,96,128,model.layers.3.self_attn.attn
3610169885259834,3610169885423975,3610169885425375,3610169885425975,3610169885523266,3610169885535786,3610169885910148,3610169885913928,3610169885921298,0,12,96,1,model.layers.0.self_attn.swa_cache
3610169886635943,3610169886799324,3610169886800684,3610169886801394,3610169886901665,3610169886914695,3610169886997265,3610169886999545,3610169887006815,0,12,96,1,model.layers.1.self_attn.swa_cache
3610169887708630,3610169887879871,3610169887881231,3610169887881911,3610169887978892,3610169887991022,3610169888083052,3610169888085322,3610169888092842,0,12,96,1,model.layers.2.self_attn.compressor.state_cache
3610169888686696,3610169888851007,3610169888852347,3610169888853017,3610169888950018,3610169888963048,3610169889041848,3610169889043558,3610169889050568,0,12,96,1,model.layers.2.self_attn.indexer.compressor.state_cache
3610169889781503,3610169889948114,3610169889949394,3610169889950124,3610169890044895,3610169890056905,3610169890136996,3610169890139286,3610169890146596,0,12,96,1,model.layers.3.self_attn.compressor.state_cache
3610169944193817,3610169944724400,3610169944801831,3610169945091782,3610169945204393,3610169945220873,3610169945661596,3610169949411950,3610169949421101,1,12,96,4,model.layers.2.self_attn.indexer.k_cache
3610169950101765,3610169950273366,3610169950274656,3610169950275356,3610169950376107,3610169950390207,3610169950476107,3610169950529328,3610169950537338,0,12,96,4,model.layers.2.self_attn.attn
3610169951290693,3610169951461784,3610169951462974,3610169951463674,3610169951565204,3610169951579535,3610169951966167,3610169951969977,3610169951978267,0,12,96,128,model.layers.3.self_attn.attn
3610169952756942,3610169952930283,3610169952931603,3610169952932233,3610169953032304,3610169953044974,3610169953429507,3610169953433137,3610169953439757,0,12,96,1,model.layers.0.self_attn.swa_cache
3610169954161321,3610169954327142,3610169954328482,3610169954329162,3610169954428663,3610169954441673,3610169954523634,3610169954526024,3610169954533154,0,12,96,1,model.layers.1.self_attn.swa_cache
3610169955232178,3610169955397019,3610169955398269,3610169955398979,3610169955498110,3610169955510470,3610169955590721,3610169955593351,3610169955600021,0,12,96,1,model.layers.2.self_attn.compressor.state_cache
3610169956208685,3610169956373756,3610169956375076,3610169956375796,3610169956474066,3610169956486636,3610169956566347,3610169956568267,3610169956574897,0,12,96,1,model.layers.2.self_attn.indexer.compressor.state_cache
3610169957320922,3610169957485243,3610169957486483,3610169957487243,3610169957585794,3610169957598244,3610169957678244,3610169957680844,3610169957687744,0,12,96,1,model.layers.3.self_attn.compressor.state_cache
3610170012177178,3610170012710362,3610170012788232,3610170013089634,3610170013206405,3610170013222135,3610170013530807,3610170016926659,3610170016936369,1,12,96,4,model.layers.2.self_attn.indexer.k_cache
3610170017720084,3610170017956466,3610170017958176,3610170017959096,3610170018095316,3610170018115007,3610170018228777,3610170018297328,3610170018307548,0,12,96,4,model.layers.2.self_attn.attn
3610170019277864,3610170019510096,3610170019511836,3610170019512796,3610170019649887,3610170019669687,3610170020056269,3610170020061049,3610170020070209,0,12,96,128,model.layers.3.self_attn.attn
3610170021048696,3610170021283147,3610170021285167,3610170021286067,3610170021422248,3610170021439668,3610170021798991,3610170021803191,3610170021811771,0,12,96,1,model.layers.0.self_attn.swa_cache
3610170022768397,3610170022990268,3610170022992128,3610170022993088,3610170023125219,3610170023141119,3610170023250610,3610170023254190,3610170023263620,0,12,96,1,model.layers.1.self_attn.swa_cache
3610170024237066,3610170024475588,3610170024477478,3610170024478568,3610170024614559,3610170024631639,3610170024742940,3610170024746310,3610170024756240,0,12,96,1,model.layers.2.self_attn.compressor.state_cache
3610170025570295,3610170025740226,3610170025741466,3610170025742226,3610170025840817,3610170025852687,3610170025934337,3610170025936357,3610170025943537,0,12,96,1,model.layers.2.self_attn.indexer.compressor.state_cache
3610170026679712,3610170026847713,3610170026849023,3610170026849673,3610170026948134,3610170026960914,3610170027041485,3610170027044015,3610170027051065,0,12,96,1,model.layers.3.self_attn.compressor.state_cache
3610170080605632,3610170081129056,3610170081205836,3610170081491888,3610170081608819,3610170081624699,3610170081921471,3610170083992664,3610170084019305,1,12,96,4,model.layers.2.self_attn.indexer.k_cache
3610170084759159,3610170084946071,3610170084947361,3610170084948171,3610170085059411,3610170085075621,3610170085166292,3610170085223242,3610170085232062,0,12,96,4,model.layers.2.self_attn.attn
3610170086030178,3610170086218279,3610170086219609,3610170086220369,3610170086331850,3610170086347900,3610170086631632,3610170086635182,3610170086642242,0,12,96,128,model.layers.3.self_attn.attn
3610170087431717,3610170087616158,3610170087617698,3610170087618648,3610170087728439,3610170087741859,3610170088030441,3610170088034401,3610170088041341,0,12,96,1,model.layers.0.self_attn.swa_cache
3610170088834796,3610170089019587,3610170089020937,3610170089021997,3610170089129978,3610170089143898,3610170089234068,3610170089236808,3610170089244459,0,12,96,1,model.layers.1.self_attn.swa_cache
3610170090018534,3610170090204395,3610170090205835,3610170090206695,3610170090315615,3610170090329696,3610170090418906,3610170090421686,3610170090429486,0,12,96,1,model.layers.2.self_attn.compressor.state_cache
3610170091122381,3610170091339732,3610170091341022,3610170091341812,3610170091441053,3610170091453603,3610170091532503,3610170091534353,3610170091541143,0,12,96,1,model.layers.2.self_attn.indexer.compressor.state_cache
3610170092294738,3610170092459669,3610170092460919,3610170092461699,3610170092558360,3610170092571060,3610170092648571,3610170092650911,3610170092658191,0,12,96,1,model.layers.3.self_attn.compressor.state_cache
3610170146387150,3610170146908573,3610170146984933,3610170147270095,3610170147384546,3610170147399786,3610170147937590,3610170151443352,3610170151454012,1,12,96,4,model.layers.2.self_attn.indexer.k_cache
3610170152218997,3610170152401879,3610170152403189,3610170152403929,3610170152510659,3610170152526739,3610170152618310,3610170152679420,3610170152688641,0,12,96,4,model.layers.2.self_attn.attn
3610170153472696,3610170153658487,3610170153659917,3610170153660757,3610170153768888,3610170153784928,3610170154183000,3610170154187120,3610170154194390,0,12,96,128,model.layers.3.self_attn.attn
3610170155002446,3610170155185467,3610170155186877,3610170155187667,3610170155294117,3610170155308288,3610170155710940,3610170155714880,3610170155722210,0,12,96,1,model.layers.0.self_attn.swa_cache
3610170156538866,3610170156721507,3610170156722927,3610170156723637,3610170156881788,3610170156898158,3610170157003409,3610170157006459,3610170157015499,0,12,96,1,model.layers.1.self_attn.swa_cache
3610170157912984,3610170158123466,3610170158124956,3610170158125756,3610170158249947,3610170158265927,3610170158367957,3610170158371557,3610170158380807,0,12,96,1,model.layers.2.self_attn.compressor.state_cache
3610170159140032,3610170159350644,3610170159352364,3610170159353314,3610170159479485,3610170159496005,3610170159598585,3610170159601125,3610170159609975,0,12,96,1,model.layers.2.self_attn.indexer.compressor.state_cache
3610170160570712,3610170160781233,3610170160782783,3610170160783593,3610170160909444,3610170160924924,3610170161026085,3610170161029135,3610170161038095,0,12,96,1,model.layers.3.self_attn.compressor.state_cache
3610170216147603,3610170216695346,3610170216777057,3610170217094049,3610170217217270,3610170217232890,3610170217762853,3610170218807410,3610170218817170,1,12,96,4,model.layers.2.self_attn.indexer.k_cache
3610170219498504,3610170219667615,3610170219668765,3610170219669445,3610170219767306,3610170219782326,3610170219865957,3610170219916687,3610170219924947,0,12,96,4,model.layers.2.self_attn.attn
3610170220667752,3610170220840093,3610170220841293,3610170220842013,3610170220941454,3610170220956344,3610170221340256,3610170221344066,3610170221350696,0,12,96,128,model.layers.3.self_attn.attn
3610170222100231,3610170222264302,3610170222265542,3610170222266222,3610170222364423,3610170222376893,3610170222750755,3610170222754776,3610170222761586,0,12,96,1,model.layers.0.self_attn.swa_cache
3610170223490200,3610170223662591,3610170223663721,3610170223664351,3610170223764052,3610170223776922,3610170223858473,3610170223860893,3610170223867973,0,12,96,1,model.layers.1.self_attn.swa_cache
3610170224589877,3610170224757199,3610170224758399,3610170224759159,3610170224860299,3610170224872849,3610170224954280,3610170224956830,3610170224964100,0,12,96,1,model.layers.2.self_attn.compressor.state_cache
3610170225553844,3610170225722425,3610170225723665,3610170225724305,3610170225820765,3610170225832805,3610170225911536,3610170225913486,3610170225920136,0,12,96,1,model.layers.2.self_attn.indexer.compressor.state_cache
3610170226649611,3610170226816052,3610170226817452,3610170226818242,3610170226921083,3610170226933353,3610170227011743,3610170227014303,3610170227021193,0,12,96,1,model.layers.3.self_attn.compressor.state_cache
3610170281138825,3610170281658188,3610170281734059,3610170282008000,3610170282118201,3610170282133731,3610170282568454,3610170286380589,3610170286389869,1,12,96,4,model.layers.2.self_attn.indexer.k_cache
3610170287060033,3610170287235884,3610170287237194,3610170287237934,3610170287336545,3610170287351605,3610170287434206,3610170287485426,3610170287493396,0,12,96,4,model.layers.2.self_attn.attn
3610170288409302,3610170288649253,3610170288651133,3610170288652193,3610170288791774,3610170288813134,3610170289383838,3610170289389828,3610170289399678,0,12,96,128,model.layers.3.self_attn.attn
3610170290450905,3610170290693497,3610170290695487,3610170290696567,3610170290838528,3610170290856178,3610170291388441,3610170291394021,3610170291403751,0,12,96,1,model.layers.0.self_attn.swa_cache
3610170292445428,3610170292684820,3610170292686930,3610170292688030,3610170292831291,3610170292849261,3610170292963201,3610170292966661,3610170292976752,0,12,96,1,model.layers.1.self_attn.swa_cache
3610170294002228,3610170294239210,3610170294241190,3610170294242110,3610170294384181,3610170294401991,3610170294518512,3610170294521842,3610170294531932,0,12,96,1,model.layers.2.self_attn.compressor.state_cache
3610170295367947,3610170295599459,3610170295601379,3610170295602339,3610170295742199,3610170295759810,3610170295872310,3610170295875030,3610170295885790,0,12,96,1,model.layers.2.self_attn.indexer.compressor.state_cache
3610170296721376,3610170296881387,3610170296882617,3610170296883327,3610170296981208,3610170296993188,3610170297072348,3610170297074568,3610170297081758,0,12,96,1,model.layers.3.self_attn.compressor.state_cache
3610170350442955,3610170350973418,3610170351049759,3610170351358081,3610170351475021,3610170351492492,3610170351968665,3610170354123469,3610170354134219,1,12,96,4,model.layers.2.self_attn.indexer.k_cache
3610170354896224,3610170355092455,3610170355093895,3610170355094795,3610170355209276,3610170355226006,3610170355322056,3610170355381777,3610170355390917,0,12,96,4,model.layers.2.self_attn.attn
3610170356238742,3610170356436864,3610170356438314,3610170356439054,3610170356553874,3610170356571134,3610170356999997,3610170357004337,3610170357012277,0,12,96,128,model.layers.3.self_attn.attn
3610170357810893,3610170357993954,3610170357995464,3610170357996304,3610170358111734,3610170358126425,3610170358560257,3610170358564587,3610170358572467,0,12,96,1,model.layers.0.self_attn.swa_cache
3610170359374713,3610170359548874,3610170359550374,3610170359551314,3610170359661595,3610170359675185,3610170359759615,3610170359762425,3610170359770285,0,12,96,1,model.layers.1.self_attn.swa_cache
3610170360600491,3610170360795752,3610170360797392,3610170360798202,3610170360911793,3610170360926193,3610170361019313,3610170361022203,3610170361030333,0,12,96,1,model.layers.2.self_attn.compressor.state_cache
3610170361744868,3610170361910599,3610170361911949,3610170361912599,3610170362011500,3610170362024260,3610170362106520,3610170362108490,3610170362115440,0,12,96,1,model.layers.2.self_attn.indexer.compressor.state_cache
3610170362854455,3610170363019656,3610170363020896,3610170363021506,3610170363120767,3610170363133207,3610170363214238,3610170363216958,3610170363223998,0,12,96,1,model.layers.3.self_attn.compressor.state_cache
3610170417729532,3610170418268255,3610170418348836,3610170418637848,3610170418750938,3610170418766558,3610170419215521,3610170422319611,3610170422329452,1,12,96,4,model.layers.2.self_attn.indexer.k_cache
3610170423006186,3610170423183207,3610170423184657,3610170423185417,3610170423285568,3610170423299858,3610170423385988,3610170423436999,3610170423444409,0,12,96,4,model.layers.2.self_attn.attn
3610170424178934,3610170424344375,3610170424345565,3610170424346435,3610170424444685,3610170424459485,3610170424860048,3610170424863978,3610170424871118,0,12,96,128,model.layers.3.self_attn.attn
3610170425632473,3610170425804024,3610170425805244,3610170425806074,3610170425904555,3610170425917135,3610170426291107,3610170426294757,3610170426301527,0,12,96,1,model.layers.0.self_attn.swa_cache
3610170427024252,3610170427193183,3610170427194403,3610170427195193,3610170427293264,3610170427306004,3610170427385164,3610170427387584,3610170427394644,0,12,96,1,model.layers.1.self_attn.swa_cache
3610170428314900,3610170428528892,3610170428530772,3610170428531722,3610170428654473,3610170428669713,3610170428770683,3610170428773713,3610170428783043,0,12,96,1,model.layers.2.self_attn.compressor.state_cache
3610170429556518,3610170429771240,3610170429773060,3610170429774240,3610170429898321,3610170429914391,3610170430015051,3610170430017691,3610170430026421,0,12,96,1,model.layers.2.self_attn.indexer.compressor.state_cache
3610170430953228,3610170431156809,3610170431158709,3610170431159729,3610170431283900,3610170431299140,3610170431398790,3610170431401710,3610170431411260,0,12,96,1,model.layers.3.self_attn.compressor.state_cache
3610170485889784,3610170486419578,3610170486494998,3610170486764290,3610170486872711,3610170486887841,3610170487306803,3610170490389293,3610170490398804,1,12,96,4,model.layers.2.self_attn.indexer.k_cache
3610170491049618,3610170491221939,3610170491223239,3610170491223969,3610170491323660,3610170491337750,3610170491430330,3610170491481271,3610170491489511,0,12,96,4,model.layers.2.self_attn.attn
3610170492213545,3610170492380506,3610170492381696,3610170492382426,3610170492481377,3610170492495927,3610170492873260,3610170492876900,3610170492884160,0,12,96,128,model.layers.3.self_attn.attn
3610170493764395,3610170493973237,3610170493974907,3610170493975717,3610170494100518,3610170494116348,3610170494599331,3610170494604211,3610170494612841,0,12,96,1,model.layers.0.self_attn.swa_cache
3610170495515877,3610170495740718,3610170495742388,3610170495743388,3610170495869479,3610170495885149,3610170495989720,3610170495993000,3610170496015580,0,12,96,1,model.layers.1.self_attn.swa_cache
3610170496920166,3610170497132777,3610170497134457,3610170497135367,3610170497259378,3610170497274968,3610170497377069,3610170497380159,3610170497389139,0,12,96,1,model.layers.2.self_attn.compressor.state_cache
3610170498142184,3610170498354315,3610170498355905,3610170498356815,3610170498480136,3610170498496586,3610170498594707,3610170498597187,3610170498605987,0,12,96,1,model.layers.2.self_attn.indexer.compressor.state_cache
3610170499530473,3610170499735184,3610170499736874,3610170499737764,3610170499862395,3610170499878085,3610170499976366,3610170499979516,3610170499988566,0,12,96,1,model.layers.3.self_attn.compressor.state_cache
3610170553528173,3610170554044807,3610170554119937,3610170554386689,3610170554514240,3610170554529620,3610170554942503,3610170558055753,3610170558064903,1,12,96,4,model.layers.2.self_attn.indexer.k_cache
3610170558725567,3610170558898648,3610170558899938,3610170558900648,3610170559002519,3610170559017219,3610170559100290,3610170559150790,3610170559158600,0,12,96,4,model.layers.2.self_attn.attn
3610170560100736,3610170560322488,3610170560323978,3610170560324938,3610170560451658,3610170560470719,3610170560976562,3610170560981512,3610170560990392,0,12,96,128,model.layers.3.self_attn.attn
3610170561941418,3610170562160890,3610170562162510,3610170562163420,3610170562293570,3610170562309861,3610170562790744,3610170562795424,3610170562804244,0,12,96,1,model.layers.0.self_attn.swa_cache
3610170563732710,3610170563953511,3610170563955101,3610170563956051,3610170564099082,3610170564115842,3610170564223403,3610170564226703,3610170564235783,0,12,96,1,model.layers.1.self_attn.swa_cache
3610170565146879,3610170565363020,3610170565364640,3610170565365710,3610170565491121,3610170565507651,3610170565609692,3610170565612602,3610170565621862,0,12,96,1,model.layers.2.self_attn.compressor.state_cache
3610170566384127,3610170566595808,3610170566597428,3610170566598298,3610170566724619,3610170566740749,3610170566842600,3610170566845160,3610170566854050,0,12,96,1,model.layers.2.self_attn.indexer.compressor.state_cache
3610170567802476,3610170568117168,3610170568118558,3610170568119238,3610170568221449,3610170568233619,3610170568311959,3610170568314500,3610170568322040,0,12,96,1,model.layers.3.self_attn.compressor.state_cache
3610170621511465,3610170622026928,3610170622104489,3610170622372691,3610170622484451,3610170622499721,3610170622924134,3610170626046164,3610170626057664,1,12,96,4,model.layers.2.self_attn.indexer.k_cache
3610170626864550,3610170627076501,3610170627078041,3610170627078941,3610170627199842,3610170627218082,3610170627317553,3610170627379643,3610170627388793,0,12,96,4,model.layers.2.self_attn.attn
3610170628317449,3610170628514310,3610170628515760,3610170628516620,3610170628633641,3610170628651391,3610170629104704,3610170629109134,3610170629117594,0,12,96,128,model.layers.3.self_attn.attn
3610170629995030,3610170630195471,3610170630196871,3610170630197821,3610170630316422,3610170630332302,3610170630809295,3610170630814355,3610170630822485,0,12,96,1,model.layers.0.self_attn.swa_cache
3610170631680481,3610170631882562,3610170631884012,3610170631885052,3610170632020223,3610170632037193,3610170632139754,3610170632142754,3610170632151254,0,12,96,1,model.layers.1.self_attn.swa_cache
3610170633095470,3610170633274261,3610170633275591,3610170633276351,3610170633376342,3610170633388572,3610170633470173,3610170633472403,3610170633479703,0,12,96,1,model.layers.2.self_attn.compressor.state_cache
3610170634080587,3610170634244858,3610170634246108,3610170634246728,3610170634344668,3610170634357098,3610170634436259,3610170634438369,3610170634444999,0,12,96,1,model.layers.2.self_attn.indexer.compressor.state_cache
3610170635172454,3610170635337755,3610170635339015,3610170635339715,3610170635436295,3610170635448585,3610170635527726,3610170635530306,3610170635537376,0,12,96,1,model.layers.3.self_attn.compressor.state_cache
3610170690486483,3610170691023236,3610170691100477,3610170691425229,3610170691561530,3610170691578910,3610170691900542,3610170693238671,3610170693248221,1,12,96,4,model.layers.2.self_attn.indexer.k_cache
3610170693938815,3610170694109856,3610170694110946,3610170694111686,3610170694211627,3610170694226127,3610170694309708,3610170694361998,3610170694369598,0,12,96,4,model.layers.2.self_attn.attn
3610170695082623,3610170695251214,3610170695252254,3610170695252904,3610170695349404,3610170695364524,3610170695636906,3610170695640566,3610170695647266,0,12,96,128,model.layers.3.self_attn.attn
3610170696390961,3610170696555002,3610170696556202,3610170696556912,3610170696655103,3610170696667513,3610170696927915,3610170696931385,3610170696937845,0,12,96,1,model.layers.0.self_attn.swa_cache
3610170697658629,3610170697822150,3610170697823370,3610170697824080,3610170697925671,3610170697938081,3610170698018512,3610170698021082,3610170698027972,0,12,96,1,model.layers.1.self_attn.swa_cache
3610170698763277,3610170698924508,3610170698925548,3610170698926208,3610170699024448,3610170699036528,3610170699115889,3610170699118129,3610170699124759,0,12,96,1,model.layers.2.self_attn.compressor.state_cache
3610170699768933,3610170699935614,3610170699936754,3610170699937434,3610170700049995,3610170700063935,3610170700147976,3610170700150146,3610170700157196,0,12,96,1,model.layers.2.self_attn.indexer.compressor.state_cache
3610170700923191,3610170701103712,3610170701105042,3610170701105872,3610170701207212,3610170701220112,3610170701303043,3610170701305323,3610170701312823,0,12,96,1,model.layers.3.self_attn.compressor.state_cache
3610170755446434,3610170755968798,3610170756061828,3610170756339040,3610170756449831,3610170756465461,3610170756753303,3610170760057394,3610170760066294,1,12,96,4,model.layers.2.self_attn.indexer.k_cache
3610170760750579,3610170760918370,3610170760919650,3610170760920430,3610170761020301,3610170761035041,3610170761118191,3610170761170632,3610170761178542,0,12,96,4,model.layers.2.self_attn.attn
3610170761895966,3610170762071287,3610170762072597,3610170762073467,3610170762170988,3610170762185498,3610170762447900,3610170762451220,3610170762458030,0,12,96,128,model.layers.3.self_attn.attn
3610170763168155,3610170763332966,3610170763334346,3610170763335146,3610170763434096,3610170763446846,3610170763699358,3610170763702528,3610170763708638,0,12,96,1,model.layers.0.self_attn.swa_cache
3610170764481133,3610170764692684,3610170764694264,3610170764695304,3610170764822275,3610170764837965,3610170764941616,3610170764944736,3610170764954006,0,12,96,1,model.layers.1.self_attn.swa_cache
3610170765862622,3610170766080543,3610170766082263,3610170766083293,3610170766212374,3610170766227944,3610170766331725,3610170766334765,3610170766343785,0,12,96,1,model.layers.2.self_attn.compressor.state_cache
3610170767135100,3610170767353172,3610170767354792,3610170767355722,3610170767482373,3610170767497723,3610170767603593,3610170767606183,3610170767615103,0,12,96,1,model.layers.2.self_attn.indexer.compressor.state_cache
3610170768583640,3610170768794141,3610170768795721,3610170768796721,3610170768921472,3610170768936572,3610170769039003,3610170769042253,3610170769051303,0,12,96,1,model.layers.3.self_attn.compressor.state_cache
3610170823146604,3610170823677587,3610170823755288,3610170824040260,3610170824150170,3610170824165460,3610170824599783,3610170827268901,3610170827278231,1,12,96,4,model.layers.2.self_attn.indexer.k_cache
3610170827944615,3610170828137846,3610170828139106,3610170828139796,3610170828239827,3610170828254997,3610170828338688,3610170828390848,3610170828398488,0,12,96,4,model.layers.2.self_attn.attn
3610170829119923,3610170829289314,3610170829290514,3610170829291294,3610170829389524,3610170829404334,3610170829802227,3610170829806327,3610170829812587,0,12,96,128,model.layers.3.self_attn.attn
3610170830705933,3610170830912054,3610170830913754,3610170830914634,3610170831034275,3610170831049795,3610170831523078,3610170831527788,3610170831535448,0,12,96,1,model.layers.0.self_attn.swa_cache
3610170832420214,3610170832623875,3610170832625255,3610170832626185,3610170832745126,3610170832760226,3610170832856857,3610170832859787,3610170832868197,0,12,96,1,model.layers.1.self_attn.swa_cache
3610170833711922,3610170833909824,3610170833911294,3610170833912194,3610170834028255,3610170834042895,3610170834135835,3610170834138435,3610170834146855,0,12,96,1,model.layers.2.self_attn.compressor.state_cache
3610170834851170,3610170835053021,3610170835054421,3610170835055211,3610170835172382,3610170835187142,3610170835283173,3610170835285133,3610170835293313,0,12,96,1,model.layers.2.self_attn.indexer.compressor.state_cache
3610170836195499,3610170836397090,3610170836398420,3610170836399250,3610170836523911,3610170836541161,3610170836642531,3610170836645722,3610170836654332,0,12,96,1,model.layers.3.self_attn.compressor.state_cache
3610170890242669,3610170890767493,3610170890844743,3610170891111755,3610170891222976,3610170891238996,3610170891667929,3610170895539214,3610170895552554,1,12,96,4,model.layers.2.self_attn.indexer.k_cache
3610170896504840,3610170896754352,3610170896755952,3610170896756862,3610170896899943,3610170896920983,3610170897036834,3610170897106134,3610170897117444,0,12,96,4,model.layers.2.self_attn.attn
3610170898179541,3610170898422053,3610170898423813,3610170898424853,3610170898565263,3610170898586294,3610170899141407,3610170899146767,3610170899156827,0,12,96,128,model.layers.3.self_attn.attn
3610170900207194,3610170900448006,3610170900449936,3610170900450876,3610170900591527,3610170900610267,3610170901153780,3610170901159330,3610170901169340,0,12,96,1,model.layers.0.self_attn.swa_cache
3610170902201667,3610170902443399,3610170902445059,3610170902446109,3610170902588360,3610170902606040,3610170902723280,3610170902727060,3610170902737101,0,12,96,1,model.layers.1.self_attn.swa_cache
3610170903646366,3610170903815728,3610170903816898,3610170903817578,3610170903916408,3610170903928778,3610170904020689,3610170904023289,3610170904030189,0,12,96,1,model.layers.2.self_attn.compressor.state_cache
3610170904615983,3610170904779034,3610170904780214,3610170904780864,3610170904878454,3610170904890484,3610170904970585,3610170904972515,3610170904979325,0,12,96,1,model.layers.2.self_attn.indexer.compressor.state_cache
3610170905710360,3610170905877831,3610170905879151,3610170905879881,3610170905976662,3610170905989362,3610170906067172,3610170906069742,3610170906076642,0,12,96,1,model.layers.3.self_attn.compressor.state_cache
3610170959379418,3610170959899932,3610170959976312,3610170960256204,3610170960367365,3610170960383065,3610170960803597,3610170963435095,3610170963444805,1,12,96,4,model.layers.2.self_attn.indexer.k_cache
3610170964122889,3610170964294570,3610170964295720,3610170964296430,3610170964396051,3610170964410591,3610170964491991,3610170964542442,3610170964549942,0,12,96,4,model.layers.2.self_attn.attn
3610170965304547,3610170965477298,3610170965478488,3610170965479188,3610170965576278,3610170965590738,3610170965979591,3610170965983551,3610170965990311,0,12,96,128,model.layers.3.self_attn.attn
3610170966716406,3610170966886357,3610170966887547,3610170966888277,3610170966987508,3610170966999818,3610170967405020,3610170967409610,3610170967416370,0,12,96,1,model.layers.0.self_attn.swa_cache
3610170968152815,3610170968320656,3610170968321936,3610170968322596,3610170968422087,3610170968434947,3610170968517957,3610170968520428,3610170968527358,0,12,96,1,model.layers.1.self_attn.swa_cache
3610170969364433,3610170969560944,3610170969562454,3610170969563404,3610170969678485,3610170969692585,3610170969787406,3610170969790436,3610170969798986,0,12,96,1,model.layers.2.self_attn.compressor.state_cache
3610170970506630,3610170970698092,3610170970699672,3610170970700482,3610170970818462,3610170970833593,3610170970924763,3610170970927303,3610170970935613,0,12,96,1,model.layers.2.self_attn.indexer.compressor.state_cache
3610170971825319,3610170972036190,3610170972037520,3610170972038450,3610170972157081,3610170972171891,3610170972269632,3610170972272542,3610170972280902,0,12,96,1,model.layers.3.self_attn.compressor.state_cache
3610171026079361,3610171026601355,3610171026678225,3610171026942797,3610171027052447,3610171027068068,3610171027497470,3610171031091244,3610171031100614,1,12,96,4,model.layers.2.self_attn.indexer.k_cache
3610171031760198,3610171031932449,3610171031933549,3610171031934309,3610171032062630,3610171032077450,3610171032166741,3610171032220751,3610171032228361,0,12,96,4,model.layers.2.self_attn.attn
3610171032946656,3610171033117317,3610171033118597,3610171033119367,3610171033219837,3610171033234398,3610171033625710,3610171033629750,3610171033636720,0,12,96,128,model.layers.3.self_attn.attn
3610171034367045,3610171034538136,3610171034539606,3610171034540316,3610171034762837,3610171034781688,3610171035312951,3610171035318001,3610171035327481,0,12,96,1,model.layers.0.self_attn.swa_cache
3610171036476879,3610171036707580,3610171036709050,3610171036710210,3610171036846331,3610171036864131,3610171036975042,3610171036978342,3610171036988072,0,12,96,1,model.layers.1.self_attn.swa_cache
3610171037948818,3610171038173590,3610171038175220,3610171038176110,3610171038310581,3610171038327671,3610171038436401,3610171038439711,3610171038449351,0,12,96,1,model.layers.2.self_attn.compressor.state_cache
3610171039248327,3610171039481048,3610171039482768,3610171039483648,3610171039618509,3610171039635879,3610171039742850,3610171039745230,3610171039754990,0,12,96,1,model.layers.2.self_attn.indexer.compressor.state_cache
3610171040773066,3610171041000718,3610171041002328,3610171041003468,3610171041134329,3610171041151599,3610171041258610,3610171041261600,3610171041271050,0,12,96,1,model.layers.3.self_attn.compressor.state_cache
3610171094639946,3610171095154209,3610171095228230,3610171095492802,3610171095603452,3610171095628633,3610171096056615,3610171099279666,3610171099289006,1,12,96,4,model.layers.2.self_attn.indexer.k_cache
3610171099938991,3610171100124752,3610171100125972,3610171100126692,3610171100292933,3610171100311623,3610171100417584,3610171100482264,3610171100492234,0,12,96,4,model.layers.2.self_attn.attn
3610171101432320,3610171101654762,3610171101656242,3610171101657242,3610171101785823,3610171101804613,3610171102320096,3610171102325266,3610171102333706,0,12,96,128,model.layers.3.self_attn.attn
3610171103272582,3610171103485344,3610171103486844,3610171103487664,3610171103615574,3610171103631665,3610171104158228,3610171104163238,3610171104171848,0,12,96,1,model.layers.0.self_attn.swa_cache
3610171105111264,3610171105324745,3610171105326436,3610171105327356,3610171105454996,3610171105471326,3610171105576617,3610171105579727,3610171105588737,0,12,96,1,model.layers.1.self_attn.swa_cache
3610171106491343,3610171106706624,3610171106708134,3610171106709034,3610171106838245,3610171106854805,3610171106960896,3610171106964066,3610171106973216,0,12,96,1,model.layers.2.self_attn.compressor.state_cache
3610171107771011,3610171107992623,3610171107994303,3610171107995313,3610171108147454,3610171108164614,3610171108268695,3610171108271165,3610171108280415,0,12,96,1,model.layers.2.self_attn.indexer.compressor.state_cache
3610171109122570,3610171109285111,3610171109286321,3610171109286991,3610171109383082,3610171109395872,3610171109476752,3610171109478992,3610171109485873,0,12,96,1,model.layers.3.self_attn.compressor.state_cache
3610171163408093,3610171163941146,3610171164030937,3610171164330828,3610171164444929,3610171164459899,3610171164963173,3610171167837621,3610171167849501,1,12,96,4,model.layers.2.self_attn.indexer.k_cache
3610171168697667,3610171168900048,3610171168901538,3610171168902448,3610171169021409,3610171169039209,3610171169137290,3610171169198280,3610171169207630,0,12,96,4,model.layers.2.self_attn.attn
3610171170068676,3610171170277247,3610171170278867,3610171170279777,3610171170405518,3610171170423058,3610171170897521,3610171170901941,3610171170909891,0,12,96,128,model.layers.3.self_attn.attn
3610171171788917,3610171171999738,3610171172012418,3610171172013248,3610171172137329,3610171172151949,3610171172606392,3610171172610892,3610171172618992,0,12,96,1,model.layers.0.self_attn.swa_cache
3610171173504748,3610171173709959,3610171173711629,3610171173712539,3610171173832770,3610171173847930,3610171173948661,3610171173951911,3610171173960751,0,12,96,1,model.layers.1.self_attn.swa_cache
3610171174816307,3610171175028828,3610171175030468,3610171175031308,3610171175241699,3610171175255069,3610171175340310,3610171175342780,3610171175350360,0,12,96,1,model.layers.2.self_attn.compressor.state_cache
3610171175934984,3610171176120355,3610171176121625,3610171176122425,3610171176221686,3610171176234496,3610171176313046,3610171176314796,3610171176321816,0,12,96,1,model.layers.2.self_attn.indexer.compressor.state_cache
3610171177059451,3610171177222062,3610171177223332,3610171177224072,3610171177318513,3610171177330763,3610171177409453,3610171177412013,3610171177419013,0,12,96,1,model.layers.3.self_attn.compressor.state_cache
3610171230821010,3610171231343863,3610171231420854,3610171231690146,3610171231800526,3610171231816087,3610171232244889,3610171236098044,3610171236108534,1,12,96,4,model.layers.2.self_attn.indexer.k_cache
3610171236818279,3610171236993180,3610171236994610,3610171236995380,3610171237103771,3610171237119041,3610171237209322,3610171237265312,3610171237273842,0,12,96,4,model.layers.2.self_attn.attn
3610171238037337,3610171238221988,3610171238223208,3610171238224018,3610171238330239,3610171238346799,3610171238772942,3610171238777152,3610171238784782,0,12,96,128,model.layers.3.self_attn.attn
3610171239571287,3610171239759358,3610171239760778,3610171239761608,3610171239872859,3610171239886689,3610171240319632,3610171240323742,3610171240331242,0,12,96,1,model.layers.0.self_attn.swa_cache
3610171241123547,3610171241305538,3610171241306698,3610171241307418,3610171241415039,3610171241428679,3610171241516390,3610171241519100,3610171241527450,0,12,96,1,model.layers.1.self_attn.swa_cache
3610171242413215,3610171242624307,3610171242625727,3610171242626667,3610171242748148,3610171242763038,3610171242862598,3610171242865748,3610171242874608,0,12,96,1,model.layers.2.self_attn.compressor.state_cache
3610171243614463,3610171243823164,3610171243824775,3610171243825655,3610171243950395,3610171243967935,3610171244089016,3610171244092036,3610171244101076,0,12,96,1,model.layers.2.self_attn.indexer.compressor.state_cache
3610171245026022,3610171245234334,3610171245236084,3610171245237004,3610171245360184,3610171245375905,3610171245475985,3610171245479265,3610171245488085,0,12,96,1,model.layers.3.self_attn.compressor.state_cache
3610171299628897,3610171300185430,3610171300262951,3610171300529993,3610171300639483,3610171300654123,3610171301082396,3610171303644503,3610171303653783,1,12,96,4,model.layers.2.self_attn.indexer.k_cache
3610171304327677,3610171304509218,3610171304510428,3610171304511088,3610171304611739,3610171304627939,3610171304712450,3610171304763590,3610171304771300,0,12,96,4,model.layers.2.self_attn.attn
3610171305523445,3610171305705586,3610171305706736,3610171305707456,3610171305805827,3610171305821117,3610171306205859,3610171306209459,3610171306216739,0,12,96,128,model.layers.3.self_attn.attn
3610171306980424,3610171307151966,3610171307153206,3610171307153856,3610171307252706,3610171307265626,3610171307643489,3610171307647359,3610171307654169,0,12,96,1,model.layers.0.self_attn.swa_cache
3610171308540425,3610171308746176,3610171308747676,3610171308748526,3610171308870207,3610171308885387,3610171308979947,3610171308982917,3610171308991318,0,12,96,1,model.layers.1.self_attn.swa_cache
3610171309831753,3610171310033564,3610171310034884,3610171310035714,3610171310153655,3610171310169115,3610171310266696,3610171310269366,3610171310277846,0,12,96,1,model.layers.2.self_attn.compressor.state_cache
3610171310993750,3610171311188212,3610171311189832,3610171311190622,3610171311305733,3610171311320913,3610171311418303,3610171311420683,3610171311429333,0,12,96,1,model.layers.2.self_attn.indexer.compressor.state_cache
3610171312331029,3610171312535121,3610171312536591,3610171312537401,3610171312657881,3610171312672491,3610171312771072,3610171312773892,3610171312782292,0,12,96,1,model.layers.3.self_attn.compressor.state_cache
3610171366699172,3610171367227006,3610171367303656,3610171367598098,3610171367711969,3610171367727119,3610171368183782,3610171371885806,3610171371895026,1,12,96,4,model.layers.2.self_attn.indexer.k_cache
3610171372601160,3610171372771141,3610171372772291,3610171372773022,3610171372869882,3610171372884732,3610171372969813,3610171373022243,3610171373030163,0,12,96,4,model.layers.2.self_attn.attn
3610171373753508,3610171373967819,3610171373969489,3610171373970509,3610171374103890,3610171374123660,3610171374662364,3610171374667754,3610171374676914,0,12,96,128,model.layers.3.self_attn.attn
3610171375658500,3610171375887932,3610171375889702,3610171375890632,3610171376042513,3610171376060813,3610171376588026,3610171376593606,3610171376602816,0,12,96,1,model.layers.0.self_attn.swa_cache
3610171377588993,3610171377808864,3610171377810654,3610171377811614,3610171377944785,3610171377960705,3610171378071986,3610171378075536,3610171378084666,0,12,96,1,model.layers.1.self_attn.swa_cache
3610171379032772,3610171379257114,3610171379258794,3610171379259834,3610171379390464,3610171379407525,3610171379514415,3610171379517725,3610171379526905,0,12,96,1,model.layers.2.self_attn.compressor.state_cache
3610171380349131,3610171380568852,3610171380570442,3610171380571482,3610171380708313,3610171380725253,3610171380830564,3610171380832924,3610171380842584,0,12,96,1,model.layers.2.self_attn.indexer.compressor.state_cache
3610171381829510,3610171382051302,3610171382053132,3610171382054132,3610171382186423,3610171382203133,3610171382334784,3610171382337214,3610171382344124,0,12,96,1,model.layers.3.self_attn.compressor.state_cache
3610171435586129,3610171436112583,3610171436189743,3610171436454795,3610171436563316,3610171436579146,3610171436989018,3610171440218569,3610171440227989,1,12,96,4,model.layers.2.self_attn.indexer.k_cache
3610171441044835,3610171441264076,3610171441265836,3610171441266906,3610171441396847,3610171441415957,3610171441524538,3610171441592508,3610171441602868,0,12,96,4,model.layers.2.self_attn.attn
3610171442526364,3610171442746336,3610171442747956,3610171442749106,3610171442875687,3610171442894887,3610171443394870,3610171443399580,3610171443408170,0,12,96,128,model.layers.3.self_attn.attn
3610171444357976,3610171444579928,3610171444581658,3610171444582588,3610171444713428,3610171444730409,3610171445215482,3610171445220432,3610171445229312,0,12,96,1,model.layers.0.self_attn.swa_cache
3610171446157998,3610171446377189,3610171446378859,3610171446379679,3610171446506050,3610171446522250,3610171446622941,3610171446626041,3610171446635051,0,12,96,1,model.layers.1.self_attn.swa_cache
3610171447543007,3610171447756278,3610171447758068,3610171447758988,3610171447886579,3610171447902789,3610171448018630,3610171448022030,3610171448031450,0,12,96,1,model.layers.2.self_attn.compressor.state_cache
3610171448879486,3610171449052447,3610171449053707,3610171449054467,3610171449151857,3610171449163767,3610171449240828,3610171449242768,3610171449249968,0,12,96,1,model.layers.2.self_attn.indexer.compressor.state_cache
3610171450013813,3610171450174004,3610171450175044,3610171450175714,3610171450271645,3610171450283845,3610171450360285,3610171450362665,3610171450369495,0,12,96,1,model.layers.3.self_attn.compressor.state_cache
3610171503448800,3610171503971823,3610171504062534,3610171504329415,3610171504440796,3610171504456116,3610171504860099,3610171508654973,3610171508666014,1,12,96,4,model.layers.2.self_attn.indexer.k_cache
3610171509402948,3610171509586240,3610171509587490,3610171509588280,3610171509701150,3610171509717810,3610171509808041,3610171509865471,3610171509874741,0,12,96,4,model.layers.2.self_attn.attn
3610171510668977,3610171510854478,3610171510855768,3610171510856678,3610171510965578,3610171510982269,3610171511406421,3610171511410461,3610171511418091,0,12,96,128,model.layers.3.self_attn.attn
3610171512231367,3610171512419578,3610171512420888,3610171512421778,3610171512531299,3610171512545119,3610171512967081,3610171512970972,3610171512978672,0,12,96,1,model.layers.0.self_attn.swa_cache
3610171513769787,3610171513956188,3610171513957608,3610171513958478,3610171514068199,3610171514081669,3610171514169959,3610171514172939,3610171514180849,0,12,96,1,model.layers.1.self_attn.swa_cache
3610171514950334,3610171515134246,3610171515135406,3610171515136186,3610171515245936,3610171515259006,3610171515344847,3610171515347597,3610171515355557,0,12,96,1,model.layers.2.self_attn.compressor.state_cache
3610171516019071,3610171516209783,3610171516211183,3610171516211993,3610171516321593,3610171516334653,3610171516423804,3610171516426084,3610171516434234,0,12,96,1,model.layers.2.self_attn.indexer.compressor.state_cache
3610171517244249,3610171517423540,3610171517424740,3610171517425510,3610171517534841,3610171517547891,3610171517634882,3610171517637632,3610171517645492,0,12,96,1,model.layers.3.self_attn.compressor.state_cache
3610171570869677,3610171571380821,3610171571459601,3610171571733353,3610171571838734,3610171571853704,3610171572303547,3610171576240832,3610171576250032,1,12,96,4,model.layers.2.self_attn.indexer.k_cache
3610171576891976,3610171577053197,3610171577054387,3610171577055027,3610171577153168,3610171577167228,3610171577245649,3610171577295909,3610171577303949,0,12,96,4,model.layers.2.self_attn.attn
3610171577990114,3610171578151825,3610171578153085,3610171578153755,3610171578249515,3610171578263725,3610171578635248,3610171578638628,3610171578645358,0,12,96,128,model.layers.3.self_attn.attn
3610171579345832,3610171579519953,3610171579521204,3610171579521844,3610171579618434,3610171579629934,3610171579990047,3610171579993487,3610171580009537,0,12,96,1,model.layers.0.self_attn.swa_cache
3610171581056873,3610171581306595,3610171581308265,3610171581309325,3610171581454716,3610171581472306,3610171581587897,3610171581591467,3610171581602257,0,12,96,1,model.layers.1.self_attn.swa_cache
3610171582664834,3610171582909756,3610171582911566,3610171582912646,3610171583056786,3610171583074607,3610171583188447,3610171583192057,3610171583202447,0,12,96,1,model.layers.2.self_attn.compressor.state_cache
3610171584729437,3610171585005719,3610171585007599,3610171585008779,3610171585166630,3610171585184470,3610171585302431,3610171585305361,3610171585316181,0,12,96,1,model.layers.2.self_attn.indexer.compressor.state_cache
3610171586434648,3610171586674850,3610171586676640,3610171586677670,3610171586823601,3610171586842091,3610171586958792,3610171586962352,3610171586972402,0,12,96,1,model.layers.3.self_attn.compressor.state_cache
3610171641041163,3610171641561106,3610171641637677,3610171641962439,3610171642073960,3610171642090680,3610171642563363,3610171644329914,3610171644339374,1,12,96,4,model.layers.2.self_attn.indexer.k_cache
3610171645029869,3610171645196660,3610171645197780,3610171645198500,3610171645296960,3610171645310551,3610171645392321,3610171645443441,3610171645451241,0,12,96,4,model.layers.2.self_attn.attn
3610171646196906,3610171646372177,3610171646373447,3610171646374227,3610171646475948,3610171646490658,3610171646901351,3610171646905411,3610171646912671,0,12,96,128,model.layers.3.self_attn.attn
3610171647714676,3610171647896287,3610171647897527,3610171647898367,3610171648014258,3610171648030008,3610171648449381,3610171648453381,3610171648461141,0,12,96,1,model.layers.0.self_attn.swa_cache
3610171649215576,3610171649391397,3610171649392747,3610171649393537,3610171649496808,3610171649510188,3610171649592928,3610171649595658,3610171649603048,0,12,96,1,model.layers.1.self_attn.swa_cache
3610171650351733,3610171650525954,3610171650527244,3610171650528094,3610171650630485,3610171650644565,3610171650726526,3610171650728766,3610171650736356,0,12,96,1,model.layers.2.self_attn.compressor.state_cache
3610171651358040,3610171651530721,3610171651531881,3610171651532691,3610171651637512,3610171651650982,3610171651732292,3610171651734552,3610171651742332,0,12,96,1,model.layers.2.self_attn.indexer.compressor.state_cache
3610171652537047,3610171652717159,3610171652718569,3610171652719379,3610171652823729,3610171652837379,3610171652918390,3610171652921060,3610171652928490,0,12,96,1,model.layers.3.self_attn.compressor.state_cache
3610171706771699,3610171707280663,3610171707357313,3610171707624275,3610171707734186,3610171707749326,3610171708192449,3610171712493596,3610171712506897,1,12,96,4,model.layers.2.self_attn.indexer.k_cache
3610171713437863,3610171713670434,3610171713672204,3610171713673144,3610171713813165,3610171713834475,3610171713947816,3610171714019676,3610171714029986,0,12,96,4,model.layers.2.self_attn.attn
3610171715029653,3610171715265704,3610171715267464,3610171715268414,3610171715405675,3610171715426925,3610171715978399,3610171715983339,3610171715993349,0,12,96,128,model.layers.3.self_attn.attn
3610171717023996,3610171717252597,3610171717254127,3610171717255087,3610171717393558,3610171717410808,3610171717940942,3610171717945942,3610171717955312,0,12,96,1,model.layers.0.self_attn.swa_cache
3610171718965768,3610171719208890,3610171719210470,3610171719211530,3610171719352011,3610171719369271,3610171719481712,3610171719485392,3610171719495412,0,12,96,1,model.layers.1.self_attn.swa_cache
3610171720378288,3610171720544999,3610171720546279,3610171720546899,3610171720644309,3610171720657109,3610171720734410,3610171720736750,3610171720743800,0,12,96,1,model.layers.2.self_attn.compressor.state_cache
3610171721317234,3610171721485015,3610171721486285,3610171721486965,3610171721584475,3610171721596826,3610171721672986,3610171721674756,3610171721681746,0,12,96,1,model.layers.2.self_attn.indexer.compressor.state_cache
3610171722401851,3610171722562672,3610171722563912,3610171722564542,3610171722661122,3610171722673293,3610171722748773,3610171722751053,3610171722758113,0,12,96,1,model.layers.3.self_attn.compressor.state_cache
3610171775061722,3610171775568556,3610171775643696,3610171775910218,3610171776033329,3610171776049689,3610171776463382,3610171779368220,3610171779377030,1,12,96,4,model.layers.2.self_attn.indexer.k_cache
3610171780038285,3610171780207506,3610171780208586,3610171780209326,3610171780308466,3610171780323047,3610171780400797,3610171780450107,3610171780457787,0,12,96,4,model.layers.2.self_attn.attn
3610171781164362,3610171781329723,3610171781330903,3610171781331623,3610171781428514,3610171781442944,3610171781822196,3610171781825776,3610171781832636,0,12,96,128,model.layers.3.self_attn.attn
3610171782541771,3610171782705542,3610171782706702,3610171782707382,3610171782804033,3610171782815813,3610171783187925,3610171783191495,3610171783198065,0,12,96,1,model.layers.0.self_attn.swa_cache
3610171783896870,3610171784076291,3610171784077571,3610171784078251,3610171784176152,3610171784188102,3610171784265682,3610171784268082,3610171784275052,0,12,96,1,model.layers.1.self_attn.swa_cache
3610171784965097,3610171785165998,3610171785167388,3610171785168288,3610171785282839,3610171785296999,3610171785389099,3610171785392189,3610171785400559,0,12,96,1,model.layers.2.self_attn.compressor.state_cache
3610171786092374,3610171786289775,3610171786291045,3610171786291935,3610171786406846,3610171786421116,3610171786511907,3610171786514327,3610171786522687,0,12,96,1,model.layers.2.self_attn.indexer.compressor.state_cache
3610171787418303,3610171787616444,3610171787617874,3610171787618724,3610171787734865,3610171787749655,3610171787843025,3610171787845815,3610171787853645,0,12,96,1,model.layers.3.self_attn.compressor.state_cache
3610171841306222,3610171841811966,3610171841888226,3610171842153148,3610171842285889,3610171842301089,3610171842710301,3610171846700697,3610171846709927,1,12,96,4,model.layers.2.self_attn.indexer.k_cache
3610171847343981,3610171847512122,3610171847513212,3610171847514003,3610171847613303,3610171847627393,3610171847707494,3610171847757654,3610171847765564,0,12,96,4,model.layers.2.self_attn.attn
3610171848480489,3610171848641650,3610171848642710,3610171848643430,3610171848739500,3610171848753411,3610171849122953,3610171849126893,3610171849133653,0,12,96,128,model.layers.3.self_attn.attn
3610171849836978,3610171850011399,3610171850012509,3610171850013239,3610171850110049,3610171850122919,3610171850640673,3610171850645613,3610171850655753,0,12,96,1,model.layers.0.self_attn.swa_cache
3610171851666099,3610171851906361,3610171851907851,3610171851908821,3610171852062152,3610171852080442,3610171852195883,3610171852199443,3610171852209403,0,12,96,1,model.layers.1.self_attn.swa_cache
3610171853201379,3610171853444811,3610171853446501,3610171853447461,3610171853588272,3610171853605412,3610171853719393,3610171853722843,3610171853732833,0,12,96,1,model.layers.2.self_attn.compressor.state_cache
3610171854565848,3610171854801220,3610171854802850,3610171854803970,3610171854942651,3610171854959951,3610171855071292,3610171855073752,3610171855083722,0,12,96,1,model.layers.2.self_attn.indexer.compressor.state_cache
3610171856176179,3610171856407140,3610171856408970,3610171856409930,3610171856545741,3610171856563601,3610171856675752,3610171856679622,3610171856689402,0,12,96,1,model.layers.3.self_attn.compressor.state_cache
3610171909537845,3610171910040398,3610171910114759,3610171910382900,3610171910491631,3610171910506671,3610171910922844,3610171914325556,3610171914335046,1,12,96,4,model.layers.2.self_attn.indexer.k_cache
3610171914968960,3610171915129301,3610171915130491,3610171915131131,3610171915227542,3610171915242132,3610171915322112,3610171915372403,3610171915380093,0,12,96,4,model.layers.2.self_attn.attn
3610171916236348,3610171916468950,3610171916470600,3610171916471660,3610171916605031,3610171916624761,3610171917129334,3610171917134014,3610171917143464,0,12,96,128,model.layers.3.self_attn.attn
3610171918103380,3610171918322382,3610171918324052,3610171918325072,3610171918463003,3610171918479683,3610171919013706,3610171919018766,3610171919027866,0,12,96,1,model.layers.0.self_attn.swa_cache
3610171920015563,3610171920253794,3610171920255304,3610171920256324,3610171920388285,3610171920404895,3610171920509176,3610171920512116,3610171920521576,0,12,96,1,model.layers.1.self_attn.swa_cache
3610171921463712,3610171921694634,3610171921696464,3610171921697634,3610171921826215,3610171921843175,3610171921948555,3610171921951705,3610171921961076,0,12,96,1,model.layers.2.self_attn.compressor.state_cache
3610171922747371,3610171922969692,3610171922971352,3610171922972282,3610171923106673,3610171923123803,3610171923228454,3610171923230864,3610171923239884,0,12,96,1,model.layers.2.self_attn.indexer.compressor.state_cache
3610171924243000,3610171924481892,3610171924483142,3610171924483772,3610171924579353,3610171924591203,3610171924668113,3610171924670703,3610171924677453,0,12,96,1,model.layers.3.self_attn.compressor.state_cache
3610171976948902,3610171977460216,3610171977534526,3610171977803278,3610171977909549,3610171977924099,3610171978335021,3610171982354657,3610171982363957,1,12,96,4,model.layers.2.self_attn.indexer.k_cache
3610171983185613,3610171983428694,3610171983430344,3610171983431344,3610171983572195,3610171983593165,3610171983708646,3610171983779077,3610171983790607,0,12,96,4,model.layers.2.self_attn.attn
3610171984830983,3610171985071855,3610171985073535,3610171985074565,3610171985214026,3610171985234476,3610171985780950,3610171985786290,3610171985795870,0,12,96,128,model.layers.3.self_attn.attn
3610171986853587,3610171987088848,3610171987090588,3610171987091488,3610171987230959,3610171987248129,3610171987778463,3610171987783723,3610171987793073,0,12,96,1,model.layers.0.self_attn.swa_cache
3610171988826169,3610171989061671,3610171989063401,3610171989064441,3610171989202972,3610171989220662,3610171989332233,3610171989335863,3610171989346463,0,12,96,1,model.layers.1.self_attn.swa_cache
3610171990348979,3610171990584741,3610171990586641,3610171990587671,3610171990727522,3610171990745122,3610171990857043,3610171990860313,3610171990870323,0,12,96,1,model.layers.2.self_attn.compressor.state_cache
3610171991515777,3610171991676728,3610171991677968,3610171991678698,3610171991776969,3610171991789109,3610171991867179,3610171991868959,3610171991875879,0,12,96,1,model.layers.2.self_attn.indexer.compressor.state_cache
3610171992621894,3610171992782265,3610171992783355,3610171992784015,3610171992881296,3610171992894026,3610171992970516,3610171992972746,3610171992979806,0,12,96,1,model.layers.3.self_attn.compressor.state_cache
3610172045355756,3610172045864849,3610172045939050,3610172046205052,3610172046311102,3610172046326022,3610172046722885,3610172050744591,3610172050754861,1,12,96,4,model.layers.2.self_attn.indexer.k_cache
3610172051496316,3610172051686407,3610172051687907,3610172051688687,3610172051799678,3610172051815708,3610172051909979,3610172051971329,3610172051980369,0,12,96,4,model.layers.2.self_attn.attn
3610172052837445,3610172053028936,3610172053030366,3610172053031196,3610172053143597,3610172053160197,3610172053601770,3610172053605800,3610172053613660,0,12,96,128,model.layers.3.self_attn.attn
3610172054430375,3610172054620836,3610172054622046,3610172054622796,3610172054735247,3610172054749377,3610172055183460,3610172055187440,3610172055195150,0,12,96,1,model.layers.0.self_attn.swa_cache
3610172055996375,3610172056260827,3610172056262297,3610172056263167,3610172056387248,3610172056402538,3610172056502028,3610172056505058,3610172056514229,0,12,96,1,model.layers.1.self_attn.swa_cache
3610172057385634,3610172057594776,3610172057596286,3610172057597196,3610172057719696,3610172057734556,3610172057832847,3610172057836027,3610172057844567,0,12,96,1,model.layers.2.self_attn.compressor.state_cache
3610172058570642,3610172058788193,3610172058789833,3610172058790633,3610172058911254,3610172058925784,3610172059022125,3610172059024365,3610172059032615,0,12,96,1,model.layers.2.self_attn.indexer.compressor.state_cache
3610172059933071,3610172060158702,3610172060160402,3610172060161412,3610172060284253,3610172060299453,3610172060396304,3610172060399234,3610172060407834,0,12,96,1,model.layers.3.self_attn.compressor.state_cache
3610172113496548,3610172113995591,3610172114070982,3610172114342494,3610172114450434,3610172114465945,3610172114888627,3610172118645502,3610172118654462,1,12,96,4,model.layers.2.self_attn.indexer.k_cache
3610172119308476,3610172119479777,3610172119480947,3610172119481587,3610172119580458,3610172119595278,3610172119676648,3610172119727449,3610172119734909,0,12,96,4,model.layers.2.self_attn.attn
3610172120456213,3610172120620704,3610172120621904,3610172120622594,3610172120719945,3610172120734655,3610172121131318,3610172121134818,3610172121141488,0,12,96,128,model.layers.3.self_attn.attn
3610172121853362,3610172122017484,3610172122018724,3610172122019364,3610172122117624,3610172122129634,3610172122497407,3610172122500807,3610172122507817,0,12,96,1,model.layers.0.self_attn.swa_cache
3610172123504523,3610172123730375,3610172123731995,3610172123733095,3610172123865356,3610172123882206,3610172123991526,3610172123994706,3610172124028957,0,12,96,1,model.layers.1.self_attn.swa_cache
3610172124989383,3610172125216254,3610172125217874,3610172125218844,3610172125350875,3610172125367185,3610172125473546,3610172125476946,3610172125486356,0,12,96,1,model.layers.2.self_attn.compressor.state_cache
3610172126283681,3610172126503413,3610172126505043,3610172126505873,3610172126635543,3610172126651474,3610172126753734,3610172126756494,3610172126766024,0,12,96,1,model.layers.2.self_attn.indexer.compressor.state_cache
3610172127794411,3610172128031943,3610172128033333,3610172128034193,3610172128168813,3610172128184884,3610172128294484,3610172128297344,3610172128306964,0,12,96,1,model.layers.3.self_attn.compressor.state_cache
3610172182442126,3610172182963879,3610172183040899,3610172183324401,3610172183434132,3610172183449072,3610172183902695,3610172186561352,3610172186570802,1,12,96,4,model.layers.2.self_attn.indexer.k_cache
3610172187279007,3610172187453738,3610172187454988,3610172187455628,3610172187554049,3610172187568849,3610172187652429,3610172187704330,3610172187712060,0,12,96,4,model.layers.2.self_attn.attn
3610172188681446,3610172188883137,3610172188884537,3610172188885457,3610172189001528,3610172189020018,3610172189506221,3610172189510491,3610172189518581,0,12,96,128,model.layers.3.self_attn.attn
3610172190370067,3610172190566308,3610172190567688,3610172190568508,3610172190686379,3610172190701569,3610172191168252,3610172191172962,3610172191180722,0,12,96,1,model.layers.0.self_attn.swa_cache
3610172192051308,3610172192262549,3610172192263899,3610172192264809,3610172192382860,3610172192397890,3610172192496461,3610172192499051,3610172192507691,0,12,96,1,model.layers.1.self_attn.swa_cache
3610172193339376,3610172193543668,3610172193544998,3610172193545908,3610172193665998,3610172193680868,3610172193776439,3610172193779559,3610172193788149,0,12,96,1,model.layers.2.self_attn.compressor.state_cache
3610172194485464,3610172194681915,3610172194683205,3610172194684085,3610172194800836,3610172194816196,3610172194910216,3610172194912786,3610172194921087,0,12,96,1,model.layers.2.self_attn.indexer.compressor.state_cache
3610172195785652,3610172195982653,3610172195984083,3610172195985023,3610172196122934,3610172196138314,3610172196243555,3610172196246745,3610172196255385,0,12,96,1,model.layers.3.self_attn.compressor.state_cache
3610172249299869,3610172249817853,3610172249892353,3610172250164915,3610172250274396,3610172250290636,3610172250718719,3610172254201921,3610172254214481,1,12,96,4,model.layers.2.self_attn.indexer.k_cache
3610172255049267,3610172255263528,3610172255265018,3610172255265978,3610172255393119,3610172255412789,3610172255517000,3610172255585610,3610172255595670,0,12,96,4,model.layers.2.self_attn.attn
3610172256529876,3610172256747278,3610172256748758,3610172256749708,3610172256875529,3610172256894079,3610172257395202,3610172257400252,3610172257408872,0,12,96,128,model.layers.3.self_attn.attn
3610172258321688,3610172258538649,3610172258540269,3610172258541149,3610172258668550,3610172258684610,3610172259173983,3610172259179093,3610172259187934,0,12,96,1,model.layers.0.self_attn.swa_cache
3610172260127170,3610172260342781,3610172260344301,3610172260345311,3610172260476142,3610172260491542,3610172260593623,3610172260596693,3610172260605393,0,12,96,1,model.layers.1.self_attn.swa_cache
3610172261590019,3610172261751830,3610172261752880,3610172261753520,3610172261852441,3610172261864471,3610172261941721,3610172261944241,3610172261951841,0,12,96,1,model.layers.2.self_attn.compressor.state_cache
3610172262536185,3610172262704036,3610172262705186,3610172262705936,3610172262800197,3610172262812537,3610172262889028,3610172262891088,3610172262898058,0,12,96,1,model.layers.2.self_attn.indexer.compressor.state_cache
3610172263622122,3610172263786023,3610172263787303,3610172263787963,3610172263885184,3610172263897084,3610172263975165,3610172263977565,3610172263984375,0,12,96,1,model.layers.3.self_attn.compressor.state_cache
3610172317868004,3610172318380958,3610172318457378,3610172318730100,3610172318835531,3610172318851001,3610172319303774,3610172323216149,3610172323225469,1,12,96,4,model.layers.2.self_attn.indexer.k_cache
3610172323880163,3610172324070364,3610172324071574,3610172324072304,3610172324172635,3610172324186865,3610172324268126,3610172324320886,3610172324328536,0,12,96,4,model.layers.2.self_attn.attn
3610172325033161,3610172325200192,3610172325201422,3610172325202182,3610172325299902,3610172325314443,3610172325711295,3610172325714865,3610172325722185,0,12,96,128,model.layers.3.self_attn.attn
3610172326468150,3610172326639261,3610172326640451,3610172326641151,3610172326741302,3610172326753892,3610172327142224,3610172327146044,3610172327152884,0,12,96,1,model.layers.0.self_attn.swa_cache
3610172328101741,3610172328346262,3610172328347942,3610172328349012,3610172328488263,3610172328506203,3610172328619654,3610172328623184,3610172328633164,0,12,96,1,model.layers.1.self_attn.swa_cache
3610172329619600,3610172329851972,3610172329853542,3610172329854472,3610172329996903,3610172330015793,3610172330130034,3610172330133544,3610172330143724,0,12,96,1,model.layers.2.self_attn.compressor.state_cache
3610172330979329,3610172331215131,3610172331216821,3610172331217831,3610172331359212,3610172331376332,3610172331489123,3610172331491823,3610172331501843,0,12,96,1,model.layers.2.self_attn.indexer.compressor.state_cache
3610172332553540,3610172332792481,3610172332794161,3610172332795151,3610172332934082,3610172332951202,3610172333062833,3610172333066263,3610172333076293,0,12,96,1,model.layers.3.self_attn.compressor.state_cache
3610172391379621,3610172391912665,3610172391989675,3610172392306587,3610172392420718,3610172392437958,3610172392939711,3610172393719446,3610172393729316,1,12,96,4,model.layers.2.self_attn.indexer.k_cache
3610172394433081,3610172394606982,3610172394608152,3610172394608892,3610172394710513,3610172394725133,3610172394807853,3610172394861944,3610172394869684,0,12,96,4,model.layers.2.self_attn.attn
3610172395571198,3610172395734569,3610172395735709,3610172395736609,3610172395832690,3610172395847280,3610172396243653,3610172396247763,3610172396254163,0,12,96,128,model.layers.3.self_attn.attn
3610172396970457,3610172397132019,3610172397133299,3610172397134079,3610172397232329,3610172397245149,3610172397648392,3610172397652542,3610172397659602,0,12,96,1,model.layers.0.self_attn.swa_cache
3610172398365787,3610172398536408,3610172398537788,3610172398538448,3610172398638288,3610172398650998,3610172398730749,3610172398732959,3610172398740139,0,12,96,1,model.layers.1.self_attn.swa_cache
3610172399437153,3610172399599455,3610172399600655,3610172399601305,3610172399697595,3610172399709605,3610172399789066,3610172399791356,3610172399798036,0,12,96,1,model.layers.2.self_attn.compressor.state_cache
3610172400408720,3610172400570871,3610172400572131,3610172400572741,3610172400668631,3610172400680992,3610172400758552,3610172400760322,3610172400767232,0,12,96,1,model.layers.2.self_attn.indexer.compressor.state_cache
3610172401517977,3610172401676858,3610172401678038,3610172401678788,3610172401772379,3610172401784869,3610172401862439,3610172401864599,3610172401871889,0,12,96,1,model.layers.3.self_attn.compressor.state_cache
3610172455146545,3610172455676008,3610172455754989,3610172456043811,3610172456155881,3610172456171832,3610172456614344,3610172459772175,3610172459785045,1,12,96,4,model.layers.2.self_attn.indexer.k_cache
3610172460625140,3610172460843122,3610172460844752,3610172460845762,3610172460971483,3610172460990283,3610172461091843,3610172461156574,3610172461166084,0,12,96,4,model.layers.2.self_attn.attn
3610172462059680,3610172462268411,3610172462269851,3610172462270761,3610172462394272,3610172462412022,3610172462910275,3610172462915175,3610172462923995,0,12,96,128,model.layers.3.self_attn.attn
3610172463826791,3610172464062443,3610172464064013,3610172464065043,3610172464193494,3610172464209704,3610172464696737,3610172464701307,3610172464709977,0,12,96,1,model.layers.0.self_attn.swa_cache
3610172465642773,3610172465850984,3610172465852264,3610172465853224,3610172465977675,3610172465992905,3610172466092726,3610172466095576,3610172466104556,0,12,96,1,model.layers.1.self_attn.swa_cache
3610172467010362,3610172467173043,3610172467174133,3610172467174883,3610172467273234,3610172467286074,3610172467364664,3610172467366764,3610172467373554,0,12,96,1,model.layers.2.self_attn.compressor.state_cache
3610172467955338,3610172468140219,3610172468141469,3610172468142149,3610172468239670,3610172468251680,3610172468330070,3610172468331800,3610172468338861,0,12,96,1,model.layers.2.self_attn.indexer.compressor.state_cache
3610172469087385,3610172469257126,3610172469258346,3610172469259056,3610172469356437,3610172469368917,3610172469446228,3610172469448428,3610172469455568,0,12,96,1,model.layers.3.self_attn.compressor.state_cache
3610172522850794,3610172523370908,3610172523447088,3610172523723270,3610172523832841,3610172523848031,3610172524300434,3610172527869897,3610172527879467,1,12,96,4,model.layers.2.self_attn.indexer.k_cache
3610172528562961,3610172528729012,3610172528730032,3610172528730762,3610172528829773,3610172528843833,3610172528924844,3610172528976354,3610172528983924,0,12,96,4,model.layers.2.self_attn.attn
3610172529688609,3610172529853780,3610172529855010,3610172529855760,3610172529952270,3610172529967150,3610172530350463,3610172530354313,3610172530361483,0,12,96,128,model.layers.3.self_attn.attn
3610172531074928,3610172531242119,3610172531243329,3610172531244119,3610172531338649,3610172531351209,3610172531738342,3610172531742232,3610172531749502,0,12,96,1,model.layers.0.self_attn.swa_cache
3610172532490547,3610172532659128,3610172532660318,3610172532660988,3610172532757818,3610172532769969,3610172532911219,3610172532914310,3610172532924030,0,12,96,1,model.layers.1.self_attn.swa_cache
3610172533873656,3610172534095787,3610172534097487,3610172534098497,3610172534229398,3610172534246188,3610172534351479,3610172534355129,3610172534364999,0,12,96,1,model.layers.2.self_attn.compressor.state_cache
3610172535156674,3610172535372305,3610172535373865,3610172535374745,3610172535507736,3610172535523996,3610172535630467,3610172535633337,3610172535643507,0,12,96,1,model.layers.2.self_attn.indexer.compressor.state_cache
3610172536649494,3610172536878975,3610172536880585,3610172536881495,3610172537013996,3610172537029966,3610172537137037,3610172537140107,3610172537150117,0,12,96,1,model.layers.3.self_attn.compressor.state_cache
3610172590899306,3610172591416349,3610172591493610,3610172591760031,3610172591867502,3610172591882162,3610172592302385,3610172596040869,3610172596050379,1,12,96,4,model.layers.2.self_attn.indexer.k_cache
3610172596695663,3610172596861514,3610172596862574,3610172596863344,3610172596960765,3610172596975315,3610172597058416,3610172597110746,3610172597118206,0,12,96,4,model.layers.2.self_attn.attn
3610172597830471,3610172597985652,3610172597986832,3610172597987542,3610172598085052,3610172598099212,3610172598487625,3610172598491325,3610172598498545,0,12,96,128,model.layers.3.self_attn.attn
3610172599505562,3610172599742963,3610172599744533,3610172599745513,3610172599887124,3610172599904734,3610172600466768,3610172600472238,3610172600481978,0,12,96,1,model.layers.0.self_attn.swa_cache
3610172601500174,3610172601742336,3610172601744176,3610172601745226,3610172601888277,3610172601905757,3610172602022648,3610172602025998,3610172602036368,0,12,96,1,model.layers.1.self_attn.swa_cache
3610172603021844,3610172603260046,3610172603261946,3610172603262996,3610172603403927,3610172603421477,3610172603535428,3610172603538928,3610172603549078,0,12,96,1,model.layers.2.self_attn.compressor.state_cache
3610172604406383,3610172604636755,3610172604638505,3610172604639525,3610172604776236,3610172604793456,3610172604906587,3610172604909737,3610172604919757,0,12,96,1,model.layers.2.self_attn.indexer.compressor.state_cache
3610172605957273,3610172606200645,3610172606202465,3610172606203425,3610172606340866,3610172606358116,3610172606470057,3610172606473877,3610172606484287,0,12,96,1,model.layers.3.self_attn.compressor.state_cache
3610172660144485,3610172660650598,3610172660724919,3610172661001841,3610172661113891,3610172661130161,3610172661548894,3610172664603044,3610172664614574,1,12,96,4,model.layers.2.self_attn.indexer.k_cache
3610172665456429,3610172665666921,3610172665668281,3610172665669221,3610172665791242,3610172665808712,3610172665910112,3610172665976363,3610172665986503,0,12,96,4,model.layers.2.self_attn.attn
3610172666871989,3610172667072850,3610172667074540,3610172667075290,3610172667196721,3610172667214311,3610172667703554,3610172667708354,3610172667717024,0,12,96,128,model.layers.3.self_attn.attn
3610172668680590,3610172668889992,3610172668891442,3610172668892282,3610172669017573,3610172669034263,3610172669510116,3610172669514966,3610172669523786,0,12,96,1,model.layers.0.self_attn.swa_cache
3610172670414302,3610172670626323,3610172670627923,3610172670628913,3610172670752464,3610172670768914,3610172670866065,3610172670869035,3610172670877615,0,12,96,1,model.layers.1.self_attn.swa_cache
3610172671757020,3610172671965822,3610172671967482,3610172671968362,3610172672106223,3610172672123363,3610172672225593,3610172672228653,3610172672237413,0,12,96,1,model.layers.2.self_attn.compressor.state_cache
3610172673042849,3610172673210300,3610172673211500,3610172673212270,3610172673307620,3610172673319510,3610172673398191,3610172673400041,3610172673407181,0,12,96,1,model.layers.2.self_attn.indexer.compressor.state_cache
3610172674128076,3610172674290837,3610172674292077,3610172674292847,3610172674388887,3610172674401047,3610172674482068,3610172674484538,3610172674491198,0,12,96,1,model.layers.3.self_attn.compressor.state_cache
3610172727053809,3610172727562392,3610172727637313,3610172727901284,3610172728020445,3610172728035835,3610172728456218,3610172732552685,3610172732563305,1,12,96,4,model.layers.2.self_attn.indexer.k_cache
3610172733299809,3610172733500251,3610172733501551,3610172733502581,3610172733619432,3610172733636742,3610172733730562,3610172733787083,3610172733795893,0,12,96,4,model.layers.2.self_attn.attn
3610172734612508,3610172734801099,3610172734802329,3610172734803239,3610172734915540,3610172734931660,3610172735379733,3610172735384183,3610172735392013,0,12,96,128,model.layers.3.self_attn.attn
3610172736250179,3610172736438480,3610172736439880,3610172736440690,3610172736552391,3610172736566891,3610172736995163,3610172736999773,3610172737007903,0,12,96,1,model.layers.0.self_attn.swa_cache
3610172737830009,3610172738025190,3610172738026430,3610172738027330,3610172738181941,3610172738197031,3610172738296752,3610172738299492,3610172738308312,0,12,96,1,model.layers.1.self_attn.swa_cache
3610172739150337,3610172739354999,3610172739356409,3610172739357339,3610172739474999,3610172739489750,3610172739586820,3610172739589830,3610172739598400,0,12,96,1,model.layers.2.self_attn.compressor.state_cache
3610172740321275,3610172740515436,3610172740517006,3610172740517846,3610172740634827,3610172740649327,3610172740745248,3610172740747318,3610172740755838,0,12,96,1,model.layers.2.self_attn.indexer.compressor.state_cache
3610172741658354,3610172741853375,3610172741854815,3610172741855625,3610172741971016,3610172741985486,3610172742080366,3610172742083226,3610172742091676,0,12,96,1,model.layers.3.self_attn.compressor.state_cache
3610172795400952,3610172795918046,3610172795992516,3610172796292338,3610172796401529,3610172796416479,3610172796833521,3610172800737207,3610172800746157,1,12,96,4,model.layers.2.self_attn.indexer.k_cache
3610172801388261,3610172801554722,3610172801556002,3610172801556722,3610172801655073,3610172801669693,3610172801750583,3610172801801164,3610172801809234,0,12,96,4,model.layers.2.self_attn.attn
3610172802511818,3610172802677909,3610172802679039,3610172802679789,3610172802776070,3610172802790410,3610172803174713,3610172803178413,3610172803185083,0,12,96,128,model.layers.3.self_attn.attn
3610172803901637,3610172804221729,3610172804223449,3610172804224349,3610172804365920,3610172804383330,3610172804923544,3610172804928634,3610172804938654,0,12,96,1,model.layers.0.self_attn.swa_cache
3610172805947161,3610172806179972,3610172806181752,3610172806182742,3610172806321983,3610172806340293,3610172806453124,3610172806456514,3610172806466134,0,12,96,1,model.layers.1.self_attn.swa_cache
3610172807464460,3610172807709982,3610172807711802,3610172807712842,3610172807852973,3610172807870613,3610172807985674,3610172807989214,3610172807999854,0,12,96,1,model.layers.2.self_attn.compressor.state_cache
3610172808852059,3610172809084691,3610172809086451,3610172809087391,3610172809225492,3610172809243522,3610172809353243,3610172809355903,3610172809365793,0,12,96,1,model.layers.2.self_attn.indexer.compressor.state_cache
3610172810409380,3610172810653351,3610172810655351,3610172810656411,3610172810796512,3610172810814332,3610172810928853,3610172810931963,3610172810941793,0,12,96,1,model.layers.3.self_attn.compressor.state_cache
3610172863932397,3610172864454660,3610172864530971,3610172864795392,3610172864903363,3610172864918743,3610172865354336,3610172868094984,3610172868104344,1,12,96,4,model.layers.2.self_attn.indexer.k_cache
3610172868754808,3610172868928209,3610172868929469,3610172868930209,3610172869029200,3610172869043810,3610172869124940,3610172869175121,3610172869182961,0,12,96,4,model.layers.2.self_attn.attn
3610172869888265,3610172870055766,3610172870056856,3610172870057486,3610172870154127,3610172870168587,3610172870657980,3610172870662900,3610172870671310,0,12,96,128,model.layers.3.self_attn.attn
3610172871521326,3610172871722007,3610172871723557,3610172871724397,3610172871841998,3610172871857278,3610172872351001,3610172872355501,3610172872363781,0,12,96,1,model.layers.0.self_attn.swa_cache
3610172873218757,3610172873420988,3610172873422358,3610172873423138,3610172873540909,3610172873556379,3610172873653070,3610172873655930,3610172873664690,0,12,96,1,model.layers.1.self_attn.swa_cache
3610172874499785,3610172874705026,3610172874706517,3610172874707357,3610172874824047,3610172874838767,3610172874936058,3610172874938808,3610172874947698,0,12,96,1,model.layers.2.self_attn.compressor.state_cache
3610172875642243,3610172875842974,3610172875844504,3610172875845404,3610172875965285,3610172875979895,3610172876091865,3610172876094476,3610172876103146,0,12,96,1,model.layers.2.self_attn.indexer.compressor.state_cache
3610172876981661,3610172877179533,3610172877180923,3610172877181863,3610172877297053,3610172877311513,3610172877401914,3610172877404794,3610172877413454,0,12,96,1,model.layers.3.self_attn.compressor.state_cache
3610172930721120,3610172931232723,3610172931311554,3610172931576925,3610172931683066,3610172931698686,3610172932134549,3610172936416787,3610172936430317,1,12,96,4,model.layers.2.self_attn.indexer.k_cache
3610172937335223,3610172937578794,3610172937580354,3610172937581394,3610172937722795,3610172937744395,3610172937862886,3610172937938977,3610172937950737,0,12,96,4,model.layers.2.self_attn.attn
3610172938966953,3610172939209785,3610172939211705,3610172939212625,3610172939355806,3610172939376306,3610172939966210,3610172939971430,3610172939981560,0,12,96,128,model.layers.3.self_attn.attn
3610172941017757,3610172941250938,3610172941252708,3610172941253728,3610172941393659,3610172941411469,3610172941947033,3610172941952653,3610172941961933,0,12,96,1,model.layers.0.self_attn.swa_cache
3610172942980369,3610172943211141,3610172943212741,3610172943213771,3610172943354342,3610172943372132,3610172943483893,3610172943487373,3610172943497323,0,12,96,1,model.layers.1.self_attn.swa_cache
3610172944278178,3610172944442819,3610172944443969,3610172944444659,3610172944541749,3610172944554520,3610172944632810,3610172944634820,3610172944641750,0,12,96,1,model.layers.2.self_attn.compressor.state_cache
3610172945229534,3610172945387115,3610172945388185,3610172945388815,3610172945483576,3610172945495506,3610172945571266,3610172945573266,3610172945580026,0,12,96,1,model.layers.2.self_attn.indexer.compressor.state_cache
3610172946299021,3610172946461652,3610172946462732,3610172946463452,3610172946560773,3610172946573563,3610172946650243,3610172946652623,3610172946659463,0,12,96,1,model.layers.3.self_attn.compressor.state_cache
3610172999231004,3610172999748197,3610172999823318,3610173000106150,3610173000214990,3610173000229881,3610173000654403,3610173004706940,3610173004716660,1,12,96,4,model.layers.2.self_attn.indexer.k_cache
3610173005420334,3610173005593265,3610173005594435,3610173005595345,3610173005701966,3610173005717576,3610173005806447,3610173005860297,3610173005868607,0,12,96,4,model.layers.2.self_attn.attn
3610173006635132,3610173006814563,3610173006815763,3610173006816543,3610173006921144,3610173006936844,3610173007360107,3610173007364247,3610173007371557,0,12,96,128,model.layers.3.self_attn.attn
3610173008166072,3610173008343703,3610173008344863,3610173008345683,3610173008452134,3610173008465744,3610173008888077,3610173008892377,3610173008899887,0,12,96,1,model.layers.0.self_attn.swa_cache
3610173009734482,3610173009949364,3610173009950754,3610173009951624,3610173010077684,3610173010092805,3610173010195065,3610173010198375,3610173010207375,0,12,96,1,model.layers.1.self_attn.swa_cache
3610173011098651,3610173011310962,3610173011312612,3610173011313652,3610173011440543,3610173011456183,3610173011559694,3610173011562714,3610173011572104,0,12,96,1,model.layers.2.self_attn.compressor.state_cache
3610173012335329,3610173012554731,3610173012556301,3610173012557301,3610173012683991,3610173012699941,3610173012801212,3610173012803502,3610173012812802,0,12,96,1,model.layers.2.self_attn.indexer.compressor.state_cache
3610173013755328,3610173013967530,3610173013969240,3610173013970390,3610173014098211,3610173014114301,3610173014217661,3610173014221231,3610173014230431,0,12,96,1,model.layers.3.self_attn.compressor.state_cache
3610173067531357,3610173068078871,3610173068154281,3610173068417313,3610173068524854,3610173068541024,3610173068957826,3610173072135747,3610173072145327,1,12,96,4,model.layers.2.self_attn.indexer.k_cache
3610173072805261,3610173072969902,3610173072971062,3610173072971752,3610173073072083,3610173073086513,3610173073168944,3610173073221274,3610173073229094,0,12,96,4,model.layers.2.self_attn.attn
3610173073930679,3610173074095990,3610173074097130,3610173074097800,3610173074197750,3610173074212090,3610173074591693,3610173074595253,3610173074602233,0,12,96,128,model.layers.3.self_attn.attn
3610173075325038,3610173075492329,3610173075493659,3610173075494309,3610173075591629,3610173075604099,3610173075988712,3610173075992562,3610173075999412,0,12,96,1,model.layers.0.self_attn.swa_cache
3610173077032019,3610173077247040,3610173077248400,3610173077249320,3610173077376191,3610173077392371,3610173077495212,3610173077497922,3610173077506912,0,12,96,1,model.layers.1.self_attn.swa_cache
3610173078402938,3610173078622249,3610173078623799,3610173078624749,3610173078752290,3610173078767520,3610173078869901,3610173078873041,3610173078882491,0,12,96,1,model.layers.2.self_attn.compressor.state_cache
3610173079633096,3610173079844407,3610173079845937,3610173079846817,3610173079968858,3610173079984068,3610173080105029,3610173080107359,3610173080116629,0,12,96,1,model.layers.2.self_attn.indexer.compressor.state_cache
3610173081046485,3610173081258056,3610173081259686,3610173081260596,3610173081386297,3610173081402507,3610173081502528,3610173081505698,3610173081514378,0,12,96,1,model.layers.3.self_attn.compressor.state_cache
3610173134549122,3610173135064165,3610173135139186,3610173135405557,3610173135512208,3610173135527888,3610173135934961,3610173139872316,3610173139881676,1,12,96,4,model.layers.2.self_attn.indexer.k_cache
3610173140531940,3610173140705222,3610173140706422,3610173140707132,3610173140806202,3610173140821162,3610173140906613,3610173140959393,3610173140967063,0,12,96,4,model.layers.2.self_attn.attn
3610173141673448,3610173141942210,3610173141944170,3610173141945160,3610173142088121,3610173142108901,3610173142683804,3610173142689214,3610173142699065,0,12,96,128,model.layers.3.self_attn.attn
3610173143757371,3610173143991903,3610173143993543,3610173143994613,3610173144159044,3610173144176824,3610173144726318,3610173144731888,3610173144741278,0,12,96,1,model.layers.0.self_attn.swa_cache
3610173145769144,3610173146016046,3610173146017596,3610173146018736,3610173146160567,3610173146178967,3610173146294798,3610173146298278,3610173146308338,0,12,96,1,model.layers.1.self_attn.swa_cache
3610173147321855,3610173147557156,3610173147558846,3610173147559906,3610173147698697,3610173147716897,3610173147830428,3610173147834128,3610173147844228,0,12,96,1,model.layers.2.self_attn.compressor.state_cache
3610173148700733,3610173148935795,3610173148937415,3610173148938455,3610173149077826,3610173149097636,3610173149218577,3610173149221417,3610173149231407,0,12,96,1,model.layers.2.self_attn.indexer.compressor.state_cache
3610173150173413,3610173150333884,3610173150335004,3610173150335604,3610173150433155,3610173150445265,3610173150523585,3610173150525955,3610173150532445,0,12,96,1,model.layers.3.self_attn.compressor.state_cache
3610173203169767,3610173203680450,3610173203757961,3610173204036602,3610173204143453,3610173204158843,3610173204570776,3610173208851024,3610173208864694,1,12,96,4,model.layers.2.self_attn.indexer.k_cache
3610173209778280,3610173210017001,3610173210018651,3610173210019621,3610173210161502,3610173210181392,3610173210300393,3610173210374273,3610173210385014,0,12,96,4,model.layers.2.self_attn.attn
3610173211399610,3610173211641732,3610173211643472,3610173211644472,3610173211786873,3610173211807363,3610173212399437,3610173212404807,3610173212414997,0,12,96,128,model.layers.3.self_attn.attn
3610173213437333,3610173213681505,3610173213683685,3610173213684865,3610173213831356,3610173213848826,3610173214398440,3610173214403510,3610173214412900,0,12,96,1,model.layers.0.self_attn.swa_cache
3610173215439406,3610173215679848,3610173215681488,3610173215682408,3610173215828209,3610173215846309,3610173215959890,3610173215963670,3610173215974110,0,12,96,1,model.layers.1.self_attn.swa_cache
3610173216788965,3610173216955716,3610173216956816,3610173216957506,3610173217055247,3610173217067937,3610173217144927,3610173217147387,3610173217154137,0,12,96,1,model.layers.2.self_attn.compressor.state_cache
3610173217737061,3610173217904742,3610173217906022,3610173217906622,3610173218003653,3610173218015603,3610173218092833,3610173218094644,3610173218101314,0,12,96,1,model.layers.2.self_attn.indexer.compressor.state_cache
3610173218824648,3610173218984719,3610173218985839,3610173218986559,3610173219081080,3610173219093320,3610173219169440,3610173219171730,3610173219178811,0,12,96,1,model.layers.3.self_attn.compressor.state_cache
3610173271965773,3610173272489436,3610173272566347,3610173272835509,3610173272943599,3610173272958889,3610173273388282,3610173277084816,3610173277094566,1,12,96,4,model.layers.2.self_attn.indexer.k_cache
3610173277756800,3610173277929922,3610173277931102,3610173277931792,3610173278030712,3610173278045152,3610173278128403,3610173278179793,3610173278187603,0,12,96,4,model.layers.2.self_attn.attn
3610173278893918,3610173279059329,3610173279060689,3610173279061349,3610173279157290,3610173279171550,3610173279549892,3610173279553832,3610173279560572,0,12,96,128,model.layers.3.self_attn.attn
3610173280298377,3610173280462718,3610173280463778,3610173280464408,3610173280561849,3610173280574179,3610173280962861,3610173280966631,3610173280973361,0,12,96,1,model.layers.0.self_attn.swa_cache
3610173281685106,3610173281846017,3610173281847097,3610173281847747,3610173281950248,3610173281962738,3610173282042688,3610173282044858,3610173282051798,0,12,96,1,model.layers.1.self_attn.swa_cache
3610173282931524,3610173283158435,3610173283160035,3610173283160925,3610173283289696,3610173283305926,3610173283410497,3610173283413747,3610173283423107,0,12,96,1,model.layers.2.self_attn.compressor.state_cache
3610173284202622,3610173284413964,3610173284415394,3610173284416334,3610173284543774,3610173284560375,3610173284661925,3610173284664175,3610173284672835,0,12,96,1,model.layers.2.self_attn.indexer.compressor.state_cache
3610173285620431,3610173285828773,3610173285830313,3610173285831183,3610173285956704,3610173285974284,3610173286074764,3610173286077464,3610173286086324,0,12,96,1,model.layers.3.self_attn.compressor.state_cache
3610173339757093,3610173340286896,3610173340363026,3610173340634628,3610173340743869,3610173340759249,3610173341184292,3610173343956340,3610173343965990,1,12,96,4,model.layers.2.self_attn.indexer.k_cache
3610173344649704,3610173344811635,3610173344812835,3610173344813515,3610173344913776,3610173344927976,3610173345008267,3610173345058747,3610173345066317,0,12,96,4,model.layers.2.self_attn.attn
3610173345771382,3610173345940143,3610173345941303,3610173345942053,3610173346039653,3610173346054143,3610173346446946,3610173346450806,3610173346457836,0,12,96,128,model.layers.3.self_attn.attn
3610173347243491,3610173347452282,3610173347453982,3610173347454902,3610173347578183,3610173347593993,3610173348096467,3610173348101447,3610173348109907,0,12,96,1,model.layers.0.self_attn.swa_cache
3610173349078193,3610173349288684,3610173349290074,3610173349291024,3610173349417065,3610173349432445,3610173349536996,3610173349539946,3610173349549056,0,12,96,1,model.layers.1.self_attn.swa_cache
3610173350431332,3610173350643523,3610173350644913,3610173350645753,3610173350769054,3610173350784244,3610173350882785,3610173350885995,3610173350894925,0,12,96,1,model.layers.2.self_attn.compressor.state_cache
3610173351634610,3610173351841151,3610173351842641,3610173351843401,3610173351971182,3610173351987232,3610173352106733,3610173352109533,3610173352118373,0,12,96,1,model.layers.2.self_attn.indexer.compressor.state_cache
3610173353041949,3610173353247650,3610173353249120,3610173353249970,3610173353367871,3610173353383031,3610173353481332,3610173353484472,3610173353493082,0,12,96,1,model.layers.3.self_attn.compressor.state_cache
3610173407549402,3610173408069026,3610173408145286,3610173408416698,3610173408526199,3610173408541989,3610173409002242,3610173412909287,3610173412918707,1,12,96,4,model.layers.2.self_attn.indexer.k_cache
3610173413838013,3610173414083425,3610173414085205,3610173414086225,3610173414230356,3610173414251686,3610173414369616,3610173414445357,3610173414456627,0,12,96,4,model.layers.2.self_attn.attn
3610173415473474,3610173415709355,3610173415711285,3610173415712405,3610173415855066,3610173415875606,3610173417319376,3610173417325056,3610173417335206,0,12,96,128,model.layers.3.self_attn.attn
3610173418417013,3610173418660874,3610173418662534,3610173418663524,3610173418805275,3610173418823165,3610173419390159,3610173419395439,3610173419405459,0,12,96,1,model.layers.0.self_attn.swa_cache
3610173420455346,3610173420695457,3610173420697127,3610173420698147,3610173420839258,3610173420858019,3610173420969179,3610173420972209,3610173420982249,0,12,96,1,model.layers.1.self_attn.swa_cache
3610173421899705,3610173422059736,3610173422060906,3610173422061596,3610173422156667,3610173422169137,3610173422245958,3610173422248308,3610173422255608,0,12,96,1,model.layers.2.self_attn.compressor.state_cache
3610173422852901,3610173423016603,3610173423017783,3610173423018503,3610173423116843,3610173423129063,3610173423209224,3610173423211114,3610173423217934,0,12,96,1,model.layers.2.self_attn.indexer.compressor.state_cache
3610173423958939,3610173424134430,3610173424135530,3610173424136230,3610173424233340,3610173424245940,3610173424324111,3610173424326391,3610173424333691,0,12,96,1,model.layers.3.self_attn.compressor.state_cache
3610173478027509,3610173478547273,3610173478625013,3610173478900515,3610173479012406,3610173479028266,3610173479538999,3610173481797394,3610173481806874,1,12,96,4,model.layers.2.self_attn.indexer.k_cache
3610173482476568,3610173482645129,3610173482646179,3610173482646919,3610173482747520,3610173482762380,3610173482843521,3610173482892921,3610173482900661,0,12,96,4,model.layers.2.self_attn.attn
3610173483608345,3610173483775587,3610173483776797,3610173483777547,3610173483875567,3610173483890257,3610173484289590,3610173484293470,3610173484300060,0,12,96,128,model.layers.3.self_attn.attn
3610173485019895,3610173485186246,3610173485187406,3610173485188286,3610173485286266,3610173485298336,3610173485675999,3610173485679849,3610173485687019,0,12,96,1,model.layers.0.self_attn.swa_cache
3610173486392994,3610173486556085,3610173486557285,3610173486558005,3610173486655495,3610173486667935,3610173486748086,3610173486750716,3610173486757686,0,12,96,1,model.layers.1.self_attn.swa_cache
3610173487526371,3610173487714082,3610173487715292,3610173487716082,3610173487828613,3610173487841933,3610173487929223,3610173487931973,3610173487940074,0,12,96,1,model.layers.2.self_attn.compressor.state_cache
3610173488638838,3610173488825449,3610173488826689,3610173488827629,3610173488938340,3610173488952340,3610173489043331,3610173489045491,3610173489053901,0,12,96,1,model.layers.2.self_attn.indexer.compressor.state_cache
3610173489895506,3610173490090978,3610173490092458,3610173490093428,3610173490206398,3610173490219798,3610173490310219,3610173490313019,3610173490321069,0,12,96,1,model.layers.3.self_attn.compressor.state_cache
3610173544986604,3610173545502297,3610173545578477,3610173545845789,3610173545954310,3610173545969870,3610173546391553,3610173550392819,3610173550402039,1,12,96,4,model.layers.2.self_attn.indexer.k_cache
3610173551062113,3610173551228814,3610173551230074,3610173551230684,3610173551329255,3610173551344265,3610173551425965,3610173551475386,3610173551483226,0,12,96,4,model.layers.2.self_attn.attn
3610173552208490,3610173552455742,3610173552457462,3610173552458282,3610173552596873,3610173552617593,3610173553164527,3610173553169947,3610173553179867,0,12,96,128,model.layers.3.self_attn.attn
3610173554231873,3610173554472605,3610173554474485,3610173554475535,3610173554617216,3610173554634616,3610173555191410,3610173555196500,3610173555206760,0,12,96,1,model.layers.0.self_attn.swa_cache
3610173556246447,3610173556481768,3610173556483618,3610173556484508,3610173556626019,3610173556643469,3610173556756430,3610173556759700,3610173556769980,0,12,96,1,model.layers.1.self_attn.swa_cache
3610173557772626,3610173558007088,3610173558008818,3610173558009768,3610173558150029,3610173558168189,3610173558282420,3610173558285560,3610173558296250,0,12,96,1,model.layers.2.self_attn.compressor.state_cache
3610173559150755,3610173559378517,3610173559380347,3610173559381187,3610173559521978,3610173559539778,3610173559650159,3610173559652629,3610173559662799,0,12,96,1,model.layers.2.self_attn.indexer.compressor.state_cache
3610173560747716,3610173560910257,3610173560911287,3610173560911987,3610173561008797,3610173561021548,3610173561101018,3610173561103398,3610173561110488,0,12,96,1,model.layers.3.self_attn.compressor.state_cache
3610173613903090,3610173614423664,3610173614500254,3610173614775596,3610173614881017,3610173614895767,3610173615313410,3610173618992413,3610173619005324,1,12,96,4,model.layers.2.self_attn.indexer.k_cache
3610173619872989,3610173620143391,3610173620145241,3610173620146221,3610173620283062,3610173620303192,3610173620419963,3610173620492303,3610173620503063,0,12,96,4,model.layers.2.self_attn.attn
3610173621470150,3610173621692071,3610173621693681,3610173621694741,3610173621825752,3610173621845262,3610173622363785,3610173622369165,3610173622378225,0,12,96,128,model.layers.3.self_attn.attn
3610173623376472,3610173623604643,3610173623606283,3610173623607133,3610173623744594,3610173623761514,3610173624317448,3610173624322878,3610173624332568,0,12,96,1,model.layers.0.self_attn.swa_cache
3610173625314994,3610173625544236,3610173625545906,3610173625546916,3610173625681967,3610173625698817,3610173625807638,3610173625811078,3610173625820668,0,12,96,1,model.layers.1.self_attn.swa_cache
3610173626702363,3610173626863445,3610173626864685,3610173626865295,3610173626961195,3610173626973295,3610173627051606,3610173627053866,3610173627060786,0,12,96,1,model.layers.2.self_attn.compressor.state_cache
3610173627643900,3610173627807271,3610173627808291,3610173627809001,3610173627905531,3610173627918151,3610173627995962,3610173627997802,3610173628013502,0,12,96,1,model.layers.2.self_attn.indexer.compressor.state_cache
3610173628769457,3610173628929898,3610173628931068,3610173628931818,3610173629028209,3610173629040709,3610173629119389,3610173629121699,3610173629128539,0,12,96,1,model.layers.3.self_attn.compressor.state_cache
3610173681783711,3610173682295264,3610173682370084,3610173682636116,3610173682744967,3610173682760167,3610173683164680,3610173687057085,3610173687066455,1,12,96,4,model.layers.2.self_attn.indexer.k_cache
3610173687747689,3610173687925090,3610173687926180,3610173687926980,3610173688050881,3610173688066161,3610173688156752,3610173688210532,3610173688218892,0,12,96,4,model.layers.2.self_attn.attn
3610173688957357,3610173689129228,3610173689130418,3610173689131148,3610173689231969,3610173689247309,3610173689652012,3610173689656222,3610173689663502,0,12,96,128,model.layers.3.self_attn.attn
3610173690426327,3610173690600028,3610173690601208,3610173690601918,3610173690707428,3610173690720389,3610173691117741,3610173691121671,3610173691128851,0,12,96,1,model.layers.0.self_attn.swa_cache
3610173691895466,3610173692217888,3610173692219728,3610173692220838,3610173692356899,3610173692373929,3610173692483910,3610173692487230,3610173692497180,0,12,96,1,model.layers.1.self_attn.swa_cache
3610173693457086,3610173693687768,3610173693689298,3610173693690198,3610173693823609,3610173693841169,3610173693948849,3610173693952120,3610173693961520,0,12,96,1,model.layers.2.self_attn.compressor.state_cache
3610173694752825,3610173694980516,3610173694982106,3610173694983106,3610173695115787,3610173695132617,3610173695237768,3610173695240348,3610173695249908,0,12,96,1,model.layers.2.self_attn.indexer.compressor.state_cache
3610173696247384,3610173696468636,3610173696470306,3610173696471206,3610173696603557,3610173696620427,3610173696728148,3610173696731758,3610173696741498,0,12,96,1,model.layers.3.self_attn.compressor.state_cache
3610173750394665,3610173750912059,3610173750986589,3610173751257251,3610173751363352,3610173751377902,3610173751809695,3610173755606509,3610173755615919,1,12,96,4,model.layers.2.self_attn.indexer.k_cache
3610173756273564,3610173756443275,3610173756444365,3610173756445015,3610173756545865,3610173756560215,3610173756642626,3610173756694246,3610173756701936,0,12,96,4,model.layers.2.self_attn.attn
3610173757414131,3610173757581762,3610173757582852,3610173757583572,3610173757683053,3610173757697643,3610173758224676,3610173758230186,3610173758240266,0,12,96,128,model.layers.3.self_attn.attn
3610173759270553,3610173759514755,3610173759516395,3610173759517375,3610173759659275,3610173759676626,3610173760245979,3610173760251569,3610173760261889,0,12,96,1,model.layers.0.self_attn.swa_cache
3610173761295556,3610173761531518,3610173761533288,3610173761534328,3610173761675739,3610173761693439,3610173761805619,3610173761809149,3610173761819169,0,12,96,1,model.layers.1.self_attn.swa_cache
3610173762817656,3610173763060008,3610173763061908,3610173763062928,3610173763204008,3610173763222019,3610173763339379,3610173763342899,3610173763352819,0,12,96,1,model.layers.2.self_attn.compressor.state_cache
3610173764205785,3610173764437656,3610173764439176,3610173764440236,3610173764581327,3610173764598907,3610173764711468,3610173764714118,3610173764724648,0,12,96,1,model.layers.2.self_attn.indexer.compressor.state_cache
3610173765772675,3610173766007297,3610173766008817,3610173766009647,3610173766181308,3610173766193588,3610173766272008,3610173766274398,3610173766281348,0,12,96,1,model.layers.3.self_attn.compressor.state_cache
3610173819150461,3610173819662324,3610173819739745,3610173820132807,3610173820252988,3610173820268158,3610173820692701,3610173823700561,3610173823710181,1,12,96,4,model.layers.2.self_attn.indexer.k_cache
3610173824601036,3610173824810628,3610173824811958,3610173824812798,3610173824935319,3610173824953819,3610173825053459,3610173825119010,3610173825129210,0,12,96,4,model.layers.2.self_attn.attn
3610173826033736,3610173826246407,3610173826247927,3610173826248767,3610173826373618,3610173826392258,3610173826893671,3610173826898461,3610173826906791,0,12,96,128,model.layers.3.self_attn.attn
3610173827816107,3610173828050999,3610173828052589,3610173828053609,3610173828179880,3610173828195090,3610173828698033,3610173828702983,3610173828711703,0,12,96,1,model.layers.0.self_attn.swa_cache
3610173829619009,3610173829832500,3610173829833990,3610173829834890,3610173829960641,3610173829976341,3610173830078672,3610173830081402,3610173830090692,0,12,96,1,model.layers.1.self_attn.swa_cache
3610173830973188,3610173831180309,3610173831181909,3610173831182809,3610173831306810,3610173831322460,3610173831422881,3610173831426421,3610173831435151,0,12,96,1,model.layers.2.self_attn.compressor.state_cache
3610173832139515,3610173832307986,3610173832309086,3610173832309766,3610173832409017,3610173832421517,3610173832501778,3610173832503838,3610173832510848,0,12,96,1,model.layers.2.self_attn.indexer.compressor.state_cache
3610173833239562,3610173833403304,3610173833404474,3610173833405204,3610173833501604,3610173833513684,3610173833592185,3610173833594435,3610173833601495,0,12,96,1,model.layers.3.self_attn.compressor.state_cache
3610173886996851,3610173887518384,3610173887595185,3610173887878567,3610173887991777,3610173888016718,3610173888487911,3610173892333656,3610173892343106,1,12,96,4,model.layers.2.self_attn.indexer.k_cache
3610173893007020,3610173893179781,3610173893180851,3610173893181561,3610173893280972,3610173893295972,3610173893380822,3610173893431523,3610173893439213,0,12,96,4,model.layers.2.self_attn.attn
3610173894160227,3610173894330358,3610173894331518,3610173894332168,3610173894430619,3610173894444749,3610173894847642,3610173894851542,3610173894858452,0,12,96,128,model.layers.3.self_attn.attn
3610173895581767,3610173895747728,3610173895748918,3610173895749578,3610173895848438,3610173895861118,3610173896251641,3610173896255381,3610173896262021,0,12,96,1,model.layers.0.self_attn.swa_cache
3610173896977926,3610173897148587,3610173897149737,3610173897150417,3610173897310248,3610173897327478,3610173897442499,3610173897445799,3610173897455639,0,12,96,1,model.layers.1.self_attn.swa_cache
3610173898420445,3610173898648216,3610173898649786,3610173898650766,3610173898784937,3610173898801577,3610173898911058,3610173898914208,3610173898924038,0,12,96,1,model.layers.2.self_attn.compressor.state_cache
3610173899725353,3610173899946855,3610173899948635,3610173899949535,3610173900092856,3610173900110446,3610173900217077,3610173900219987,3610173900229237,0,12,96,1,model.layers.2.self_attn.indexer.compressor.state_cache
3610173901223573,3610173901454915,3610173901456515,3610173901457635,3610173901593386,3610173901610166,3610173901717326,3610173901720756,3610173901730366,0,12,96,1,model.layers.3.self_attn.compressor.state_cache
3610173956526462,3610173957045115,3610173957121786,3610173957398527,3610173957506378,3610173957522118,3610173957961281,3610173961331753,3610173961340703,1,12,96,4,model.layers.2.self_attn.indexer.k_cache
3610173962055438,3610173962230149,3610173962231469,3610173962232299,3610173962331219,3610173962345869,3610173962429000,3610173962480960,3610173962489100,0,12,96,4,model.layers.2.self_attn.attn
3610173963354086,3610173963572147,3610173963573697,3610173963574587,3610173963702708,3610173963721288,3610173964268772,3610173964273732,3610173964282802,0,12,96,128,model.layers.3.self_attn.attn
3610173965234658,3610173965459200,3610173965460710,3610173965461740,3610173965587080,3610173965603511,3610173966122984,3610173966128204,3610173966137394,0,12,96,1,model.layers.0.self_attn.swa_cache
3610173967075080,3610173967290531,3610173967292001,3610173967293031,3610173967421672,3610173967437092,3610173967540833,3610173967543853,3610173967552803,0,12,96,1,model.layers.1.self_attn.swa_cache
3610173968457119,3610173968671230,3610173968672920,3610173968673860,3610173968801441,3610173968817861,3610173968918882,3610173968921852,3610173968930752,0,12,96,1,model.layers.2.self_attn.compressor.state_cache
3610173969695567,3610173969908948,3610173969910648,3610173969911638,3610173970038509,3610173970054449,3610173970153760,3610173970156090,3610173970165240,0,12,96,1,model.layers.2.self_attn.indexer.compressor.state_cache
3610173971117816,3610173971339898,3610173971341058,3610173971341768,3610173971438928,3610173971451408,3610173971528649,3610173971530909,3610173971537769,0,12,96,1,model.layers.3.self_attn.compressor.state_cache
3610174024699224,3610174025222177,3610174025296637,3610174025577309,3610174025689430,3610174025705070,3610174026155063,3610174029330914,3610174029343094,1,12,96,4,model.layers.2.self_attn.indexer.k_cache
3610174030189259,3610174030406251,3610174030407781,3610174030408651,3610174030536471,3610174030555632,3610174030660732,3610174030725763,3610174030735343,0,12,96,4,model.layers.2.self_attn.attn
3610174031648999,3610174031871540,3610174031873150,3610174031874100,3610174032025801,3610174032045021,3610174032560235,3610174032565475,3610174032574125,0,12,96,128,model.layers.3.self_attn.attn
3610174033496641,3610174033712492,3610174033714132,3610174033715112,3610174033842023,3610174033858563,3610174034353966,3610174034358826,3610174034367416,0,12,96,1,model.layers.0.self_attn.swa_cache
3610174035297802,3610174035516104,3610174035517714,3610174035518524,3610174035644745,3610174035660385,3610174035766295,3610174035769305,3610174035778575,0,12,96,1,model.layers.1.self_attn.swa_cache
3610174036637271,3610174036802402,3610174036803662,3610174036804332,3610174036906663,3610174036918893,3610174037000333,3610174037002623,3610174037009773,0,12,96,1,model.layers.2.self_attn.compressor.state_cache
3610174037607287,3610174037770858,3610174037772038,3610174037772718,3610174037871469,3610174037883839,3610174037963180,3610174037965190,3610174037972130,0,12,96,1,model.layers.2.self_attn.indexer.compressor.state_cache
3610174038712984,3610174038880946,3610174038882136,3610174038882856,3610174038981796,3610174038994746,3610174039076607,3610174039079027,3610174039086047,0,12,96,1,model.layers.3.self_attn.compressor.state_cache
3610174093505720,3610174094033863,3610174094111064,3610174094413206,3610174094534996,3610174094551336,3610174095146680,3610174097385115,3610174097395055,1,12,96,4,model.layers.2.self_attn.indexer.k_cache
3610174098105529,3610174098273651,3610174098274951,3610174098275581,3610174098374491,3610174098388941,3610174098470252,3610174098520982,3610174098528572,0,12,96,4,model.layers.2.self_attn.attn
3610174099250757,3610174099419838,3610174099420938,3610174099421668,3610174099517319,3610174099532169,3610174099923891,3610174099927891,3610174099934451,0,12,96,128,model.layers.3.self_attn.attn
3610174100719846,3610174100894178,3610174100895438,3610174100896038,3610174100999808,3610174101013678,3610174101412061,3610174101416431,3610174101423681,0,12,96,1,model.layers.0.self_attn.swa_cache
3610174102325967,3610174102515418,3610174102516758,3610174102517638,3610174102630979,3610174102644939,3610174102737430,3610174102740540,3610174102749170,0,12,96,1,model.layers.1.self_attn.swa_cache
3610174103563225,3610174103761216,3610174103762546,3610174103763316,3610174103879277,3610174103893777,3610174103984548,3610174103987498,3610174103995678,0,12,96,1,model.layers.2.self_attn.compressor.state_cache
3610174104733492,3610174104928724,3610174104930004,3610174104930664,3610174105043354,3610174105057485,3610174105148545,3610174105150485,3610174105158345,0,12,96,1,model.layers.2.self_attn.indexer.compressor.state_cache
3610174106020071,3610174106210912,3610174106212342,3610174106213122,3610174106325033,3610174106339083,3610174106430553,3610174106433183,3610174106441034,0,12,96,1,model.layers.3.self_attn.compressor.state_cache
3610174161056078,3610174161588181,3610174161665562,3610174161956713,3610174162070744,3610174162087254,3610174162598778,3610174164865232,3610174164874662,1,12,96,4,model.layers.2.self_attn.indexer.k_cache
3610174165564087,3610174165730208,3610174165731458,3610174165732098,3610174165832769,3610174165846799,3610174165930999,3610174165982859,3610174165990510,0,12,96,4,model.layers.2.self_attn.attn
3610174166707224,3610174166874065,3610174166875145,3610174166875905,3610174166973266,3610174166987486,3610174167402629,3610174167406349,3610174167413359,0,12,96,128,model.layers.3.self_attn.attn
3610174168313005,3610174168507586,3610174168508906,3610174168509836,3610174168623507,3610174168638007,3610174169080710,3610174169085190,3610174169092700,0,12,96,1,model.layers.0.self_attn.swa_cache
3610174169925465,3610174170118636,3610174170119976,3610174170120796,3610174170235497,3610174170250447,3610174170344248,3610174170346758,3610174170354828,0,12,96,1,model.layers.1.self_attn.swa_cache
3610174171164973,3610174171358714,3610174171360274,3610174171361284,3610174171473775,3610174171488155,3610174171581306,3610174171584246,3610174171592666,0,12,96,1,model.layers.2.self_attn.compressor.state_cache
3610174172293240,3610174172480492,3610174172481812,3610174172482682,3610174172596102,3610174172612192,3610174172707653,3610174172709793,3610174172718213,0,12,96,1,model.layers.2.self_attn.indexer.compressor.state_cache
3610174173582619,3610174173774690,3610174173776050,3610174173776910,3610174173887951,3610174173902091,3610174173990861,3610174173993511,3610174174001111,0,12,96,1,model.layers.3.self_attn.compressor.state_cache
3610174228659086,3610174229187369,3610174229267350,3610174229545392,3610174229654992,3610174229670872,3610174230120205,3610174234083801,3610174234094981,1,12,96,4,model.layers.2.self_attn.indexer.k_cache
3610174234946707,3610174235147488,3610174235149158,3610174235150008,3610174235272159,3610174235290589,3610174235387079,3610174235449320,3610174235458610,0,12,96,4,model.layers.2.self_attn.attn
3610174236482156,3610174236683858,3610174236685218,3610174236685998,3610174236804469,3610174236821819,3610174237300462,3610174237305272,3610174237313352,0,12,96,128,model.layers.3.self_attn.attn
3610174238193938,3610174238406949,3610174238408419,3610174238409259,3610174238528030,3610174238543240,3610174239020883,3610174239025763,3610174239034093,0,12,96,1,model.layers.0.self_attn.swa_cache
3610174239927809,3610174240251701,3610174240253251,3610174240254211,3610174240371902,3610174240386332,3610174240482462,3610174240485622,3610174240493813,0,12,96,1,model.layers.1.self_attn.swa_cache
3610174241303228,3610174241490239,3610174241491569,3610174241492419,3610174241602880,3610174241617140,3610174241710810,3610174241713770,3610174241721970,0,12,96,1,model.layers.2.self_attn.compressor.state_cache
3610174242402345,3610174242598296,3610174242599726,3610174242600556,3610174242715157,3610174242729837,3610174242821368,3610174242823808,3610174242831798,0,12,96,1,model.layers.2.self_attn.indexer.compressor.state_cache
3610174243686183,3610174243875034,3610174243876344,3610174243877104,3610174243989225,3610174244017825,3610174244112736,3610174244115246,3610174244123216,0,12,96,1,model.layers.3.self_attn.compressor.state_cache
3610174299031722,3610174299563335,3610174299641206,3610174299987448,3610174300124739,3610174300140859,3610174300707753,3610174302639395,3610174302649325,1,12,96,4,model.layers.2.self_attn.indexer.k_cache
3610174303346510,3610174303519701,3610174303521041,3610174303521891,3610174303622892,3610174303637592,3610174303719022,3610174303770053,3610174303777863,0,12,96,4,model.layers.2.self_attn.attn
3610174304536068,3610174304707069,3610174304708249,3610174304709109,3610174304807899,3610174304822100,3610174305219352,3610174305223182,3610174305230342,0,12,96,128,model.layers.3.self_attn.attn
3610174305991647,3610174306179918,3610174306181418,3610174306182208,3610174306295249,3610174306309509,3610174306736842,3610174306740792,3610174306748162,0,12,96,1,model.layers.0.self_attn.swa_cache
3610174307552877,3610174307746028,3610174307747578,3610174307748328,3610174307859159,3610174307872659,3610174307965530,3610174307968730,3610174307976920,0,12,96,1,model.layers.1.self_attn.swa_cache
3610174308761945,3610174308946156,3610174308947536,3610174308948336,3610174309056427,3610174309070097,3610174309155658,3610174309158388,3610174309165858,0,12,96,1,model.layers.2.self_attn.compressor.state_cache
3610174309812462,3610174309992843,3610174309994123,3610174309995013,3610174310101294,3610174310114894,3610174310201954,3610174310203984,3610174310211864,0,12,96,1,model.layers.2.self_attn.indexer.compressor.state_cache
3610174311027200,3610174311207601,3610174311208921,3610174311209721,3610174311316342,3610174311329462,3610174311414662,3610174311417412,3610174311424752,0,12,96,1,model.layers.3.self_attn.compressor.state_cache
3610174366988763,3610174367511196,3610174367585666,3610174367878198,3610174367989439,3610174368012839,3610174368467742,3610174371804944,3610174371817434,1,12,96,4,model.layers.2.self_attn.indexer.k_cache
3610174372708360,3610174372920881,3610174372922561,3610174372923491,3610174373049632,3610174373068172,3610174373172473,3610174373239043,3610174373248313,0,12,96,4,model.layers.2.self_attn.attn
3610174374142779,3610174374353820,3610174374355530,3610174374356480,3610174374482781,3610174374507601,3610174375006784,3610174375011615,3610174375020215,0,12,96,128,model.layers.3.self_attn.attn
3610174375940711,3610174376178042,3610174376179622,3610174376180392,3610174376305643,3610174376321783,3610174376827506,3610174376832356,3610174376841646,0,12,96,1,model.layers.0.self_attn.swa_cache
3610174377778022,3610174377997594,3610174377999004,3610174377999984,3610174378124795,3610174378140805,3610174378245125,3610174378248146,3610174378256586,0,12,96,1,model.layers.1.self_attn.swa_cache
3610174379151241,3610174379315222,3610174379316342,3610174379316972,3610174379413693,3610174379426063,3610174379507914,3610174379510494,3610174379517734,0,12,96,1,model.layers.2.self_attn.compressor.state_cache
3610174380124768,3610174380295229,3610174380296629,3610174380297399,3610174380397569,3610174380410620,3610174380495940,3610174380497800,3610174380504970,0,12,96,1,model.layers.2.self_attn.indexer.compressor.state_cache
3610174381260675,3610174381430586,3610174381431906,3610174381432746,3610174381530497,3610174381543237,3610174381623377,3610174381625917,3610174381632747,0,12,96,1,model.layers.3.self_attn.compressor.state_cache
3610174435979650,3610174436520933,3610174436601284,3610174436882366,3610174436998006,3610174437014486,3610174437524660,3610174439518193,3610174439527423,1,12,96,4,model.layers.2.self_attn.indexer.k_cache
3610174440234387,3610174440408238,3610174440409538,3610174440410208,3610174440509759,3610174440524109,3610174440607250,3610174440656150,3610174440663730,0,12,96,4,model.layers.2.self_attn.attn
3610174441378855,3610174441545506,3610174441546666,3610174441547466,3610174441646286,3610174441660377,3610174442067419,3610174442071119,3610174442078269,0,12,96,128,model.layers.3.self_attn.attn
3610174442804814,3610174442972945,3610174442974105,3610174442974825,3610174443074436,3610174443086956,3610174443473128,3610174443477238,3610174443484158,0,12,96,1,model.layers.0.self_attn.swa_cache
3610174444317524,3610174444518065,3610174444519465,3610174444520225,3610174444635746,3610174444650026,3610174444744037,3610174444746927,3610174444755497,0,12,96,1,model.layers.1.self_attn.swa_cache
3610174445565772,3610174445766183,3610174445767453,3610174445768293,3610174445882014,3610174445896524,3610174445989205,3610174445991975,3610174446000345,0,12,96,1,model.layers.2.self_attn.compressor.state_cache
3610174446673019,3610174446865070,3610174446866400,3610174446867240,3610174446980021,3610174446994251,3610174447085852,3610174447088172,3610174447096482,0,12,96,1,model.layers.2.self_attn.indexer.compressor.state_cache
3610174447935827,3610174448139419,3610174448140929,3610174448141839,3610174448254799,3610174448268959,3610174448357830,3610174448360700,3610174448368860,0,12,96,1,model.layers.3.self_attn.compressor.state_cache
3610174502247239,3610174502775683,3610174502852143,3610174503125665,3610174503236096,3610174503251426,3610174503675629,3610174507525934,3610174507534944,1,12,96,4,model.layers.2.self_attn.indexer.k_cache
3610174508222658,3610174508392449,3610174508393639,3610174508394349,3610174508495120,3610174508509750,3610174508595300,3610174508646591,3610174508654441,0,12,96,4,model.layers.2.self_attn.attn
3610174509524357,3610174509763048,3610174509764868,3610174509765988,3610174509907159,3610174509928149,3610174510519453,3610174510525163,3610174510535003,0,12,96,128,model.layers.3.self_attn.attn
3610174511595190,3610174511846242,3610174511847842,3610174511848812,3610174511990443,3610174512023023,3610174512577536,3610174512583356,3610174512592366,0,12,96,1,model.layers.0.self_attn.swa_cache
3610174513627783,3610174513876775,3610174513878615,3610174513879615,3610174514020226,3610174514037756,3610174514155957,3610174514159477,3610174514169497,0,12,96,1,model.layers.1.self_attn.swa_cache
3610174515175913,3610174515420295,3610174515422125,3610174515423075,3610174515565886,3610174515584176,3610174515701337,3610174515704477,3610174515714687,0,12,96,1,model.layers.2.self_attn.compressor.state_cache
3610174516619733,3610174516858494,3610174516860074,3610174516861104,3610174517001885,3610174517019195,3610174517133366,3610174517135906,3610174517145836,0,12,96,1,model.layers.2.self_attn.indexer.compressor.state_cache
3610174518031942,3610174518196453,3610174518197703,3610174518198503,3610174518297163,3610174518310173,3610174518390334,3610174518392584,3610174518399554,0,12,96,1,model.layers.3.self_attn.compressor.state_cache
3610174571806630,3610174572327604,3610174572403194,3610174572668466,3610174572773467,3610174572787787,3610174573218579,3610174575989327,3610174575999717,1,12,96,4,model.layers.2.self_attn.indexer.k_cache
3610174576823583,3610174577031824,3610174577033094,3610174577033914,3610174577153765,3610174577169775,3610174577268156,3610174577331906,3610174577340256,0,12,96,4,model.layers.2.self_attn.attn
3610174578178752,3610174578373633,3610174578374863,3610174578375593,3610174578492924,3610174578509274,3610174578975107,3610174578979067,3610174578986747,0,12,96,128,model.layers.3.self_attn.attn
3610174579847562,3610174580064594,3610174580066104,3610174580066934,3610174580192575,3610174580207425,3610174580675138,3610174580679018,3610174580686358,0,12,96,1,model.layers.0.self_attn.swa_cache
3610174581537093,3610174581742305,3610174581743795,3610174581744635,3610174581861245,3610174581876026,3610174581969756,3610174581972706,3610174581980676,0,12,96,1,model.layers.1.self_attn.swa_cache
3610174582810912,3610174582972983,3610174582973913,3610174582974643,3610174583069353,3610174583081243,3610174583157394,3610174583159624,3610174583165874,0,12,96,1,model.layers.2.self_attn.compressor.state_cache
3610174583742278,3610174583904519,3610174583905519,3610174583906209,3610174584012369,3610174584026129,3610174584106820,3610174584108810,3610174584115470,0,12,96,1,model.layers.2.self_attn.indexer.compressor.state_cache
3610174584828645,3610174584986676,3610174584987606,3610174584988296,3610174585085006,3610174585097056,3610174585175767,3610174585177857,3610174585184207,0,12,96,1,model.layers.3.self_attn.compressor.state_cache
3610174638482342,3610174639017616,3610174639096966,3610174639370368,3610174639480119,3610174639495579,3610174639919532,3610174643764847,3610174643774437,1,12,96,4,model.layers.2.self_attn.indexer.k_cache
3610174644467701,3610174644642072,3610174644643392,3610174644644162,3610174644747143,3610174644761833,3610174644846054,3610174644897364,3610174644905314,0,12,96,4,model.layers.2.self_attn.attn
3610174645615969,3610174645780250,3610174645781570,3610174645782280,3610174645878760,3610174645892721,3610174646291853,3610174646295643,3610174646302223,0,12,96,128,model.layers.3.self_attn.attn
3610174647034758,3610174647205139,3610174647206479,3610174647207099,3610174647304350,3610174647317300,3610174647720202,3610174647724182,3610174647731122,0,12,96,1,model.layers.0.self_attn.swa_cache
3610174648765519,3610174649008321,3610174649010141,3610174649011341,3610174649153022,3610174649170332,3610174649286173,3610174649289443,3610174649299593,0,12,96,1,model.layers.1.self_attn.swa_cache
3610174650315089,3610174650557661,3610174650559261,3610174650560231,3610174650703292,3610174650720262,3610174650834623,3610174650838033,3610174650847983,0,12,96,1,model.layers.2.self_attn.compressor.state_cache
3610174651692158,3610174651926870,3610174651928570,3610174651929630,3610174652089111,3610174652107921,3610174652224852,3610174652227362,3610174652237242,0,12,96,1,model.layers.2.self_attn.indexer.compressor.state_cache
3610174653301019,3610174653539340,3610174653541120,3610174653542200,3610174653679121,3610174653696801,3610174653808112,3610174653811402,3610174653821942,0,12,96,1,model.layers.3.self_attn.compressor.state_cache
3610174709085870,3610174709625934,3610174709702424,3610174710007366,3610174710126667,3610174710142897,3610174710666080,3610174711806988,3610174711816198,1,12,96,4,model.layers.2.self_attn.indexer.k_cache
3610174712538892,3610174712708834,3610174712709894,3610174712710684,3610174712810214,3610174712824874,3610174712907235,3610174712960025,3610174712967905,0,12,96,4,model.layers.2.self_attn.attn
3610174713721360,3610174713886611,3610174713887721,3610174713888451,3610174713986892,3610174714001892,3610174714400785,3610174714405035,3610174714411975,0,12,96,128,model.layers.3.self_attn.attn
3610174715156019,3610174715320370,3610174715321590,3610174715322320,3610174715420881,3610174715433301,3610174715819404,3610174715823364,3610174715830164,0,12,96,1,model.layers.0.self_attn.swa_cache
3610174716570079,3610174716739410,3610174716740660,3610174716741350,3610174716839530,3610174716852240,3610174716931521,3610174716933951,3610174716940861,0,12,96,1,model.layers.1.self_attn.swa_cache
3610174717682416,3610174717846247,3610174717847277,3610174717847907,3610174717945907,3610174717958438,3610174718040498,3610174718043168,3610174718050418,0,12,96,1,model.layers.2.self_attn.compressor.state_cache
3610174718649002,3610174718819423,3610174718820603,3610174718821363,3610174718916984,3610174718929234,3610174719008484,3610174719010334,3610174719017214,0,12,96,1,model.layers.2.self_attn.indexer.compressor.state_cache
3610174719756299,3610174719919140,3610174719920490,3610174719921300,3610174720029461,3610174720043221,3610174720127902,3610174720130402,3610174720137402,0,12,96,1,model.layers.3.self_attn.compressor.state_cache
3610174774211372,3610174774729005,3610174774802376,3610174775077118,3610174775187848,3610174775203849,3610174775632731,3610174779784258,3610174779797758,1,12,96,4,model.layers.2.self_attn.indexer.k_cache
3610174780755984,3610174780995176,3610174780997106,3610174780997996,3610174781140777,3610174781162037,3610174781282418,3610174781354978,3610174781366358,0,12,96,4,model.layers.2.self_attn.attn
3610174782392085,3610174782628807,3610174782631037,3610174782632077,3610174782774548,3610174782795138,3610174783356821,3610174783362641,3610174783373031,0,12,96,128,model.layers.3.self_attn.attn
3610174784442218,3610174784684450,3610174784686120,3610174784687060,3610174784828311,3610174784845441,3610174785430685,3610174785436475,3610174785446505,0,12,96,1,model.layers.0.self_attn.swa_cache
3610174786474722,3610174786713583,3610174786715233,3610174786716283,3610174786857034,3610174786874604,3610174786987475,3610174786990555,3610174787001075,0,12,96,1,model.layers.1.self_attn.swa_cache
3610174787755080,3610174787922181,3610174787923491,3610174787924201,3610174788038202,3610174788052192,3610174788136522,3610174788139312,3610174788146442,0,12,96,1,model.layers.2.self_attn.compressor.state_cache
3610174788743546,3610174788910237,3610174788911677,3610174788912347,3610174789010738,3610174789022848,3610174789103809,3610174789105629,3610174789112849,0,12,96,1,model.layers.2.self_attn.indexer.compressor.state_cache
3610174789859923,3610174790023645,3610174790024695,3610174790025375,3610174790122195,3610174790134635,3610174790214776,3610174790217236,3610174790224266,0,12,96,1,model.layers.3.self_attn.compressor.state_cache
3610174843301670,3610174843818363,3610174843898374,3610174844253116,3610174844370737,3610174844386327,3610174844849090,3610174846660252,3610174846672742,1,12,96,4,model.layers.2.self_attn.indexer.k_cache
3610174847344326,3610174847510657,3610174847511897,3610174847512437,3610174847609328,3610174847623828,3610174847705098,3610174847755039,3610174847762469,0,12,96,4,model.layers.2.self_attn.attn
3610174848510934,3610174848680635,3610174848681825,3610174848682565,3610174848778785,3610174848792695,3610174849194628,3610174849198748,3610174849205708,0,12,96,128,model.layers.3.self_attn.attn
3610174849933013,3610174850101374,3610174850102634,3610174850103354,3610174850201834,3610174850214365,3610174850609077,3610174850613207,3610174850619747,0,12,96,1,model.layers.0.self_attn.swa_cache
3610174851345652,3610174851512543,3610174851513763,3610174851514403,3610174851613124,3610174851625504,3610174851705274,3610174851707734,3610174851714474,0,12,96,1,model.layers.1.self_attn.swa_cache
3610174852506659,3610174852685931,3610174852687241,3610174852687911,3610174852792921,3610174852806381,3610174852889622,3610174852892092,3610174852899282,0,12,96,1,model.layers.2.self_attn.compressor.state_cache
3610174853541176,3610174853723487,3610174853724807,3610174853725577,3610174853832588,3610174853846078,3610174853931489,3610174853933569,3610174853940949,0,12,96,1,model.layers.2.self_attn.indexer.compressor.state_cache
3610174854734014,3610174854915125,3610174854916235,3610174854916985,3610174855022636,3610174855036236,3610174855121656,3610174855124156,3610174855131516,0,12,96,1,model.layers.3.self_attn.compressor.state_cache
3610174909004985,3610174909540149,3610174909616109,3610174909886071,3610174909997012,3610174910012862,3610174910451115,3610174913962048,3610174913971598,1,12,96,4,model.layers.2.self_attn.indexer.k_cache
3610174914659892,3610174914826283,3610174914827473,3610174914828223,3610174914926754,3610174914941604,3610174915024264,3610174915075345,3610174915083085,0,12,96,4,model.layers.2.self_attn.attn
3610174915800770,3610174915964221,3610174915965441,3610174915966201,3610174916078521,3610174916093261,3610174916495204,3610174916499344,3610174916505964,0,12,96,128,model.layers.3.self_attn.attn
3610174917230689,3610174917400740,3610174917401960,3610174917402880,3610174917501531,3610174917514381,3610174917906033,3610174917909853,3610174917916453,0,12,96,1,model.layers.0.self_attn.swa_cache
3610174918721218,3610174918945810,3610174918947420,3610174918948590,3610174919082561,3610174919099351,3610174919207172,3610174919210402,3610174919220402,0,12,96,1,model.layers.1.self_attn.swa_cache
3610174920191708,3610174920421109,3610174920422619,3610174920423799,3610174920556820,3610174920573900,3610174920683021,3610174920686211,3610174920695861,0,12,96,1,model.layers.2.self_attn.compressor.state_cache
3610174921501796,3610174921725918,3610174921727498,3610174921728598,3610174921861199,3610174921878289,3610174921984760,3610174921987320,3610174921996790,0,12,96,1,model.layers.2.self_attn.indexer.compressor.state_cache
3610174922988056,3610174923208308,3610174923209938,3610174923210848,3610174923343018,3610174923360779,3610174923465769,3610174923468829,3610174923478219,0,12,96,1,model.layers.3.self_attn.compressor.state_cache
3610174977754991,3610174978284154,3610174978360845,3610174978639067,3610174978752307,3610174978769248,3610174979228511,3610174981541226,3610174981550706,1,12,96,4,model.layers.2.self_attn.indexer.k_cache
3610174982222270,3610174982390631,3610174982391871,3610174982392601,3610174982493562,3610174982508442,3610174982592982,3610174982645703,3610174982653253,0,12,96,4,model.layers.2.self_attn.attn
3610174983375597,3610174983545609,3610174983546799,3610174983547549,3610174983645129,3610174983660409,3610174984074832,3610174984078792,3610174984085802,0,12,96,128,model.layers.3.self_attn.attn
3610174984816257,3610174984982168,3610174984983418,3610174984984208,3610174985081898,3610174985094309,3610174985572772,3610174985577222,3610174985585372,0,12,96,1,model.layers.0.self_attn.swa_cache
3610174986423727,3610174986610148,3610174986611468,3610174986612288,3610174986726909,3610174986740929,3610174986835030,3610174986837770,3610174986845870,0,12,96,1,model.layers.1.self_attn.swa_cache
3610174987648935,3610174987846876,3610174987848506,3610174987849386,3610174987965777,3610174987980677,3610174988097838,3610174988100978,3610174988108848,0,12,96,1,model.layers.2.self_attn.compressor.state_cache
3610174988794193,3610174988981234,3610174988982704,3610174988983464,3610174989094674,3610174989108525,3610174989200445,3610174989202665,3610174989210725,0,12,96,1,model.layers.2.self_attn.indexer.compressor.state_cache
3610174990052621,3610174990242102,3610174990243242,3610174990244022,3610174990356373,3610174990370303,3610174990463013,3610174990465463,3610174990473003,0,12,96,1,model.layers.3.self_attn.compressor.state_cache
3610175044272842,3610175044798565,3610175044874746,3610175045155198,3610175045270298,3610175045286759,3610175045770172,3610175047955536,3610175047965136,1,12,96,4,model.layers.2.self_attn.indexer.k_cache
3610175048660980,3610175048827612,3610175048828762,3610175048829452,3610175048929372,3610175048943832,3610175049027333,3610175049075943,3610175049083553,0,12,96,4,model.layers.2.self_attn.attn
3610175049796768,3610175049963689,3610175049964919,3610175049965699,3610175050063340,3610175050077700,3610175050467732,3610175050471292,3610175050478232,0,12,96,128,model.layers.3.self_attn.attn
3610175051293037,3610175051488229,3610175051489749,3610175051490699,3610175051606600,3610175051620460,3610175052096903,3610175052101163,3610175052109533,0,12,96,1,model.layers.0.self_attn.swa_cache
3610175052947008,3610175053141779,3610175053143219,3610175053143949,3610175053259130,3610175053273640,3610175053367421,3610175053370011,3610175053378321,0,12,96,1,model.layers.1.self_attn.swa_cache
3610175054217066,3610175054408928,3610175054410238,3610175054411048,3610175054521628,3610175054535379,3610175054627439,3610175054630319,3610175054639079,0,12,96,1,model.layers.2.self_attn.compressor.state_cache
3610175055323114,3610175055516155,3610175055517415,3610175055518195,3610175055631006,3610175055645426,3610175055736906,3610175055739006,3610175055747056,0,12,96,1,model.layers.2.self_attn.indexer.compressor.state_cache
3610175056614312,3610175056801113,3610175056802353,3610175056803083,3610175056915804,3610175056930484,3610175057022685,3610175057025525,3610175057033405,0,12,96,1,model.layers.3.self_attn.compressor.state_cache
3610175111315246,3610175111855110,3610175111934010,3610175112328023,3610175112452624,3610175112469744,3610175113016557,3610175114446857,3610175114456597,1,12,96,4,model.layers.2.self_attn.indexer.k_cache
3610175115160651,3610175115335602,3610175115336842,3610175115337622,3610175115435963,3610175115450533,3610175115533064,3610175115584964,3610175115592444,0,12,96,4,model.layers.2.self_attn.attn
3610175116321639,3610175116491380,3610175116492640,3610175116493360,3610175116592171,3610175116606561,3610175117055954,3610175117060104,3610175117067194,0,12,96,128,model.layers.3.self_attn.attn
3610175117856439,3610175118031140,3610175118032260,3610175118033100,3610175118138451,3610175118151591,3610175118562063,3610175118566383,3610175118573523,0,12,96,1,model.layers.0.self_attn.swa_cache
3610175119317668,3610175119491229,3610175119492569,3610175119493349,3610175119596670,3610175119610090,3610175119693491,3610175119695851,3610175119703001,0,12,96,1,model.layers.1.self_attn.swa_cache
3610175120443516,3610175120613087,3610175120614357,3610175120615107,3610175120717317,3610175120730147,3610175120813148,3610175120815638,3610175120823438,0,12,96,1,model.layers.2.self_attn.compressor.state_cache
3610175121437192,3610175121603883,3610175121605153,3610175121606003,3610175121707334,3610175121720314,3610175121802374,3610175121804144,3610175121811374,0,12,96,1,model.layers.2.self_attn.indexer.compressor.state_cache
3610175122565929,3610175122735990,3610175122737330,3610175122738040,3610175122839721,3610175122852991,3610175122935352,3610175122937662,3610175122944562,0,12,96,1,model.layers.3.self_attn.compressor.state_cache
3610175176637730,3610175177170383,3610175177247404,3610175177527075,3610175177639036,3610175177653866,3610175178113689,3610175181289810,3610175181299920,1,12,96,4,model.layers.2.self_attn.indexer.k_cache
3610175181976584,3610175182148355,3610175182149465,3610175182150125,3610175182250606,3610175182264656,3610175182347567,3610175182443767,3610175182453597,0,12,96,4,model.layers.2.self_attn.attn
3610175183374323,3610175183603775,3610175183605495,3610175183606535,3610175183735936,3610175183754876,3610175184288299,3610175184293609,3610175184302569,0,12,96,128,model.layers.3.self_attn.attn
3610175185247515,3610175185466377,3610175185468007,3610175185469037,3610175185595378,3610175185612318,3610175186124831,3610175186129971,3610175186139131,0,12,96,1,model.layers.0.self_attn.swa_cache
3610175187063987,3610175187274189,3610175187275689,3610175187276609,3610175187404459,3610175187420750,3610175187524620,3610175187527940,3610175187536670,0,12,96,1,model.layers.1.self_attn.swa_cache
3610175188459806,3610175188674478,3610175188676088,3610175188677078,3610175188802939,3610175188818659,3610175188922599,3610175188925509,3610175188934859,0,12,96,1,model.layers.2.self_attn.compressor.state_cache
3610175189711054,3610175189926436,3610175189928246,3610175189929136,3610175190057447,3610175190073797,3610175190176637,3610175190178997,3610175190187937,0,12,96,1,model.layers.2.self_attn.indexer.compressor.state_cache
3610175191083003,3610175191246754,3610175191248044,3610175191248774,3610175191346395,3610175191358385,3610175191438216,3610175191440746,3610175191447726,0,12,96,1,model.layers.3.self_attn.compressor.state_cache
3610175245416375,3610175245962019,3610175246040119,3610175246369682,3610175246495152,3610175246510892,3610175247047986,3610175247849551,3610175247859891,1,12,96,4,model.layers.2.self_attn.indexer.k_cache
3610175248652866,3610175248822457,3610175248823717,3610175248824397,3610175248924858,3610175248939228,3610175249021579,3610175249071149,3610175249078389,0,12,96,4,model.layers.2.self_attn.attn
3610175249784224,3610175249958575,3610175249959725,3610175249960375,3610175250061805,3610175250076706,3610175250485408,3610175250489168,3610175250496198,0,12,96,128,model.layers.3.self_attn.attn
3610175251235333,3610175251404264,3610175251406084,3610175251406794,3610175251506535,3610175251519025,3610175251916437,3610175251920227,3610175251927298,0,12,96,1,model.layers.0.self_attn.swa_cache
3610175252653112,3610175252823013,3610175252824633,3610175252825373,3610175252922904,3610175252936104,3610175253017805,3610175253020085,3610175253026795,0,12,96,1,model.layers.1.self_attn.swa_cache
3610175253721889,3610175253894730,3610175253896020,3610175253896730,3610175253994511,3610175254007301,3610175254086982,3610175254089262,3610175254096262,0,12,96,1,model.layers.2.self_attn.compressor.state_cache
3610175254683365,3610175254847446,3610175254848736,3610175254849466,3610175254949087,3610175254961337,3610175255040348,3610175255042388,3610175255048998,0,12,96,1,model.layers.2.self_attn.indexer.compressor.state_cache
3610175255786113,3610175255953474,3610175255954794,3610175255955534,3610175256074484,3610175256087835,3610175256171805,3610175256174305,3610175256181095,0,12,96,1,model.layers.3.self_attn.compressor.state_cache
3610175310254785,3610175310772639,3610175310850039,3610175311131141,3610175311241522,3610175311257282,3610175311711845,3610175315574570,3610175315584790,1,12,96,4,model.layers.2.self_attn.indexer.k_cache
3610175316319705,3610175316491306,3610175316492456,3610175316493166,3610175316597067,3610175316612257,3610175316698647,3610175316750958,3610175316759308,0,12,96,4,model.layers.2.self_attn.attn
3610175317495252,3610175317676254,3610175317677494,3610175317678324,3610175317781204,3610175317796194,3610175318208877,3610175318212847,3610175318220447,0,12,96,128,model.layers.3.self_attn.attn
3610175318978032,3610175319154183,3610175319155583,3610175319156283,3610175319257924,3610175319270694,3610175319681957,3610175319685727,3610175319693097,0,12,96,1,model.layers.0.self_attn.swa_cache
3610175320447392,3610175320618523,3610175320619693,3610175320620483,3610175320722173,3610175320735163,3610175320875214,3610175320878764,3610175320888204,0,12,96,1,model.layers.1.self_attn.swa_cache
3610175321841571,3610175322068362,3610175322069982,3610175322071122,3610175322203523,3610175322220433,3610175322329594,3610175322332854,3610175322342344,0,12,96,1,model.layers.2.self_attn.compressor.state_cache
3610175323140389,3610175323363300,3610175323365070,3610175323366210,3610175323499221,3610175323515731,3610175323626322,3610175323629122,3610175323638842,0,12,96,1,model.layers.2.self_attn.indexer.compressor.state_cache
3610175324649689,3610175324877830,3610175324879740,3610175324880810,3610175325015101,3610175325032451,3610175325142492,3610175325146032,3610175325155712,0,12,96,1,model.layers.3.self_attn.compressor.state_cache
3610175379358573,3610175379873927,3610175379950317,3610175380240579,3610175380351620,3610175380368530,3610175380835803,3610175383087037,3610175383096768,1,12,96,4,model.layers.2.self_attn.indexer.k_cache
3610175383784422,3610175383957463,3610175383958773,3610175383959653,3610175384077974,3610175384093114,3610175384179415,3610175384230855,3610175384238195,0,12,96,4,model.layers.2.self_attn.attn
3610175384955880,3610175385122331,3610175385123461,3610175385124171,3610175385223511,3610175385237801,3610175385634164,3610175385638184,3610175385645264,0,12,96,128,model.layers.3.self_attn.attn
3610175386367579,3610175386537230,3610175386538540,3610175386539320,3610175386638680,3610175386651441,3610175387142364,3610175387147144,3610175387155174,0,12,96,1,model.layers.0.self_attn.swa_cache
3610175387992779,3610175388213881,3610175388215511,3610175388216401,3610175388333891,3610175388348402,3610175388440772,3610175388443532,3610175388451472,0,12,96,1,model.layers.1.self_attn.swa_cache
3610175389290978,3610175389484999,3610175389486609,3610175389487469,3610175389599280,3610175389613270,3610175389711570,3610175389714540,3610175389722710,0,12,96,1,model.layers.2.self_attn.compressor.state_cache
3610175390415105,3610175390608736,3610175390610096,3610175390610906,3610175390725397,3610175390739087,3610175390830828,3610175390833048,3610175390841548,0,12,96,1,model.layers.2.self_attn.indexer.compressor.state_cache
3610175391683573,3610175391867684,3610175391869184,3610175391870064,3610175391982445,3610175391996405,3610175392103586,3610175392106526,3610175392115196,0,12,96,1,model.layers.3.self_attn.compressor.state_cache
3610175448547402,3610175449061485,3610175449137855,3610175449409197,3610175449520018,3610175449535588,3610175449977641,3610175453949947,3610175453960097,1,12,96,4,model.layers.2.self_attn.indexer.k_cache
3610175454686671,3610175454862053,3610175454863473,3610175454864293,3610175454973473,3610175454988713,3610175455070514,3610175455120304,3610175455128584,0,12,96,4,model.layers.2.self_attn.attn
3610175455861319,3610175456046330,3610175456047580,3610175456048460,3610175456148691,3610175456163141,3610175456579234,3610175456583214,3610175456590234,0,12,96,128,model.layers.3.self_attn.attn
3610175457317918,3610175457484470,3610175457485710,3610175457486430,3610175457585580,3610175457598500,3610175458004093,3610175458007863,3610175458014493,0,12,96,1,model.layers.0.self_attn.swa_cache
3610175458943279,3610175459141170,3610175459142600,3610175459143570,3610175459264231,3610175459279641,3610175459379412,3610175459382352,3610175459390672,0,12,96,1,model.layers.1.self_attn.swa_cache
3610175460382378,3610175460546949,3610175460548239,3610175460548949,3610175460648280,3610175460660360,3610175460743061,3610175460745621,3610175460752711,0,12,96,1,model.layers.2.self_attn.compressor.state_cache
3610175461362035,3610175461532946,3610175461534216,3610175461534896,3610175461633246,3610175461645336,3610175461726237,3610175461728017,3610175461735127,0,12,96,1,model.layers.2.self_attn.indexer.compressor.state_cache
3610175462466622,3610175462633123,3610175462634363,3610175462635063,3610175462734524,3610175462746794,3610175462828034,3610175462830464,3610175462837344,0,12,96,1,model.layers.3.self_attn.compressor.state_cache
3610175518334444,3610175518854847,3610175518930768,3610175519212539,3610175519325050,3610175519340150,3610175519795713,3610175523656708,3610175523665578,1,12,96,4,model.layers.2.self_attn.indexer.k_cache
3610175524358463,3610175524539374,3610175524540714,3610175524541534,3610175524641305,3610175524656295,3610175524737575,3610175524787886,3610175524795416,0,12,96,4,model.layers.2.self_attn.attn
3610175525608021,3610175525844692,3610175525846392,3610175525847592,3610175525986393,3610175526008064,3610175526578657,3610175526584207,3610175526594037,0,12,96,128,model.layers.3.self_attn.attn
3610175527648744,3610175527894776,3610175527896516,3610175527897606,3610175528051817,3610175528072147,3610175528642501,3610175528648501,3610175528658391,0,12,96,1,model.layers.0.self_attn.swa_cache
3610175529699607,3610175529934059,3610175529935729,3610175529936759,3610175530076290,3610175530094610,3610175530206291,3610175530209521,3610175530219361,0,12,96,1,model.layers.1.self_attn.swa_cache
3610175531214937,3610175531453389,3610175531455099,3610175531456299,3610175531600400,3610175531617670,3610175531733361,3610175531737091,3610175531747171,0,12,96,1,model.layers.2.self_attn.compressor.state_cache
3610175532608156,3610175532867248,3610175532869068,3610175532870068,3610175533012889,3610175533030739,3610175533146420,3610175533149180,3610175533159180,0,12,96,1,model.layers.2.self_attn.indexer.compressor.state_cache
3610175534090306,3610175534252567,3610175534253797,3610175534254487,3610175534362998,3610175534376078,3610175534456958,3610175534459688,3610175534467018,0,12,96,1,model.layers.3.self_attn.compressor.state_cache
3610175587704333,3610175588232587,3610175588308917,3610175588581779,3610175588691310,3610175588706240,3610175589135313,3610175593345060,3610175593359350,1,12,96,4,model.layers.2.self_attn.indexer.k_cache
3610175594343036,3610175594597368,3610175594599318,3610175594600368,3610175594742769,3610175594763489,3610175594883110,3610175594957570,3610175594968640,0,12,96,4,model.layers.2.self_attn.attn
3610175595993177,3610175596272409,3610175596274249,3610175596275329,3610175596416360,3610175596437400,3610175596996664,3610175597002014,3610175597012154,0,12,96,128,model.layers.3.self_attn.attn
3610175598061150,3610175598302942,3610175598304602,3610175598305722,3610175598448103,3610175598465913,3610175599049187,3610175599055047,3610175599065007,0,12,96,1,model.layers.0.self_attn.swa_cache
3610175600116834,3610175600369285,3610175600371055,3610175600372295,3610175600514266,3610175600533016,3610175600650267,3610175600654387,3610175600664537,0,12,96,1,model.layers.1.self_attn.swa_cache
3610175601415422,3610175601575123,3610175601576393,3610175601577103,3610175601674424,3610175601686414,3610175601765914,3610175601768294,3610175601776074,0,12,96,1,model.layers.2.self_attn.compressor.state_cache
3610175602361088,3610175602527529,3610175602528799,3610175602529549,3610175602627470,3610175602639860,3610175602719161,3610175602721011,3610175602727931,0,12,96,1,model.layers.2.self_attn.indexer.compressor.state_cache
3610175603462855,3610175603638497,3610175603639767,3610175603640487,3610175603739217,3610175603751347,3610175603830238,3610175603832788,3610175603839808,0,12,96,1,model.layers.3.self_attn.compressor.state_cache
3610175657263834,3610175657799138,3610175657876578,3610175658147870,3610175658257730,3610175658273851,3610175658700713,3610175662506018,3610175662515548,1,12,96,4,model.layers.2.self_attn.indexer.k_cache
3610175663182302,3610175663358464,3610175663359684,3610175663360414,3610175663461434,3610175663476224,3610175663559715,3610175663613005,3610175663620835,0,12,96,4,model.layers.2.self_attn.attn
3610175664356050,3610175664519451,3610175664520821,3610175664521561,3610175664620532,3610175664635252,3610175665040994,3610175665045024,3610175665052215,0,12,96,128,model.layers.3.self_attn.attn
3610175665776319,3610175665942030,3610175665943350,3610175665944110,3610175666041391,3610175666053721,3610175666613115,3610175666618975,3610175666629615,0,12,96,1,model.layers.0.self_attn.swa_cache
3610175667670031,3610175667914073,3610175667915973,3610175667916933,3610175668073704,3610175668092434,3610175668212355,3610175668215925,3610175668225925,0,12,96,1,model.layers.1.self_attn.swa_cache
3610175669243392,3610175669475883,3610175669477933,3610175669478973,3610175669616954,3610175669634134,3610175669746495,3610175669750145,3610175669760395,0,12,96,1,model.layers.2.self_attn.compressor.state_cache
3610175670605820,3610175670843932,3610175670845822,3610175670846822,3610175670986973,3610175671003713,3610175671117764,3610175671120464,3610175671130474,0,12,96,1,model.layers.2.self_attn.indexer.compressor.state_cache
3610175672188741,3610175672426472,3610175672428222,3610175672429182,3610175672572273,3610175672589993,3610175672706104,3610175672709474,3610175672719664,0,12,96,1,model.layers.3.self_attn.compressor.state_cache
3610175726946355,3610175727483489,3610175727564059,3610175727866711,3610175727984732,3610175728012022,3610175728525966,3610175731915188,3610175731926718,1,12,96,4,model.layers.2.self_attn.indexer.k_cache
3610175732834674,3610175733048025,3610175733049555,3610175733050435,3610175733179436,3610175733198006,3610175733306737,3610175733373267,3610175733383097,0,12,96,4,model.layers.2.self_attn.attn
3610175734304273,3610175734530364,3610175734532005,3610175734532995,3610175734659435,3610175734678485,3610175735182459,3610175735187479,3610175735196189,0,12,96,128,model.layers.3.self_attn.attn
3610175736154545,3610175736377796,3610175736379616,3610175736380496,3610175736507937,3610175736523917,3610175737032001,3610175737037231,3610175737045941,0,12,96,1,model.layers.0.self_attn.swa_cache
3610175737969427,3610175738178318,3610175738179728,3610175738180698,3610175738310099,3610175738326799,3610175738431200,3610175738434620,3610175738444070,0,12,96,1,model.layers.1.self_attn.swa_cache
3610175739342876,3610175739593427,3610175739594617,3610175739595367,3610175739694808,3610175739706978,3610175739785079,3610175739787639,3610175739794579,0,12,96,1,model.layers.2.self_attn.compressor.state_cache
3610175740425513,3610175740588904,3610175740590264,3610175740590934,3610175740687894,3610175740700274,3610175740779985,3610175740782145,3610175740789025,0,12,96,1,model.layers.2.self_attn.indexer.compressor.state_cache
3610175741530040,3610175741700251,3610175741701611,3610175741702411,3610175741799922,3610175741812502,3610175741891712,3610175741894232,3610175741901312,0,12,96,1,model.layers.3.self_attn.compressor.state_cache
3610175795706321,3610175796270994,3610175796349165,3610175796616557,3610175796728317,3610175796743977,3610175797175640,3610175801055435,3610175801064615,1,12,96,4,model.layers.2.self_attn.indexer.k_cache
3610175801747360,3610175801916221,3610175801917511,3610175801918251,3610175802019662,3610175802034032,3610175802119052,3610175802172103,3610175802180043,0,12,96,4,model.layers.2.self_attn.attn
3610175802899157,3610175803071168,3610175803072588,3610175803073358,3610175803170479,3610175803184819,3610175803579492,3610175803583432,3610175803590142,0,12,96,128,model.layers.3.self_attn.attn
3610175804335707,3610175804510868,3610175804512298,3610175804513168,3610175804742799,3610175804762859,3610175805344173,3610175805349633,3610175805360233,0,12,96,1,model.layers.0.self_attn.swa_cache
3610175806390770,3610175806626291,3610175806627871,3610175806629001,3610175806768612,3610175806786602,3610175806899763,3610175806902993,3610175806913003,0,12,96,1,model.layers.1.self_attn.swa_cache
3610175807914830,3610175808174261,3610175808176121,3610175808177192,3610175808318232,3610175808335523,3610175808450103,3610175808453813,3610175808463903,0,12,96,1,model.layers.2.self_attn.compressor.state_cache
3610175809311689,3610175809545850,3610175809547800,3610175809548720,3610175809689611,3610175809707371,3610175809822852,3610175809825482,3610175809836022,0,12,96,1,model.layers.2.self_attn.indexer.compressor.state_cache
3610175810886219,3610175811124401,3610175811126191,3610175811127141,3610175811268122,3610175811286452,3610175811400092,3610175811403322,3610175811413952,0,12,96,1,model.layers.3.self_attn.compressor.state_cache
3610175865267621,3610175865789105,3610175865865035,3610175866139367,3610175866248428,3610175866264588,3610175866716071,3610175869702210,3610175869712100,1,12,96,4,model.layers.2.self_attn.indexer.k_cache
3610175870471705,3610175870685176,3610175870686606,3610175870687516,3610175870812877,3610175870830237,3610175870937688,3610175871004088,3610175871014049,0,12,96,4,model.layers.2.self_attn.attn
3610175871921594,3610175872165526,3610175872167156,3610175872168126,3610175872293867,3610175872312107,3610175872804520,3610175872808950,3610175872817740,0,12,96,128,model.layers.3.self_attn.attn
3610175873735646,3610175873956868,3610175873958468,3610175873959388,3610175874085558,3610175874101778,3610175874606642,3610175874611592,3610175874620392,0,12,96,1,model.layers.0.self_attn.swa_cache
3610175875518488,3610175875731619,3610175875733229,3610175875734209,3610175875859240,3610175875874960,3610175875980221,3610175875983781,3610175875992831,0,12,96,1,model.layers.1.self_attn.swa_cache
3610175876893287,3610175877107858,3610175877109548,3610175877110638,3610175877234299,3610175877249739,3610175877352190,3610175877355310,3610175877364400,0,12,96,1,model.layers.2.self_attn.compressor.state_cache
3610175878107174,3610175878315616,3610175878316996,3610175878317896,3610175878439487,3610175878454997,3610175878554977,3610175878557387,3610175878565977,0,12,96,1,model.layers.2.self_attn.indexer.compressor.state_cache
3610175879348352,3610175879510624,3610175879511824,3610175879512684,3610175879608134,3610175879619824,3610175879699535,3610175879702125,3610175879709285,0,12,96,1,model.layers.3.self_attn.compressor.state_cache
3610175933123371,3610175933647114,3610175933721805,3610175933992786,3610175934101057,3610175934116507,3610175934554800,3610175938157573,3610175938167853,1,12,96,4,model.layers.2.self_attn.indexer.k_cache
3610175938928708,3610175939120430,3610175939121840,3610175939122680,3610175939236110,3610175939253160,3610175939347711,3610175939407441,3610175939416482,0,12,96,4,model.layers.2.self_attn.attn
3610175940302077,3610175940494349,3610175940495759,3610175940496689,3610175940609299,3610175940625709,3610175941088592,3610175941093042,3610175941100892,0,12,96,128,model.layers.3.self_attn.attn
3610175941929078,3610175942128359,3610175942129949,3610175942130859,3610175942243140,3610175942257730,3610175942717983,3610175942722333,3610175942730223,0,12,96,1,model.layers.0.self_attn.swa_cache
3610175943573598,3610175943771270,3610175943772780,3610175943773650,3610175943886570,3610175943900971,3610175943993861,3610175943996741,3610175944017111,0,12,96,1,model.layers.1.self_attn.swa_cache
3610175944819037,3610175945022288,3610175945023958,3610175945024928,3610175945140999,3610175945155559,3610175945248359,3610175945251229,3610175945259139,0,12,96,1,model.layers.2.self_attn.compressor.state_cache
3610175945937924,3610175946130475,3610175946132105,3610175946133105,3610175946245436,3610175946259656,3610175946350586,3610175946352676,3610175946360527,0,12,96,1,model.layers.2.self_attn.indexer.compressor.state_cache
3610175947209342,3610175947403043,3610175947404553,3610175947405393,3610175947517354,3610175947531244,3610175947621925,3610175947624675,3610175947632845,0,12,96,1,model.layers.3.self_attn.compressor.state_cache
3610176001649725,3610176002170888,3610176002246208,3610176002519610,3610176002631271,3610176002646461,3610176003099974,3610176006271805,3610176006281255,1,12,96,4,model.layers.2.self_attn.indexer.k_cache
3610176006971489,3610176007141490,3610176007142670,3610176007143430,3610176007244031,3610176007259151,3610176007342921,3610176007393722,3610176007401432,0,12,96,4,model.layers.2.self_attn.attn
3610176008139047,3610176008310158,3610176008311258,3610176008312078,3610176008411208,3610176008426009,3610176008818691,3610176008822391,3610176008829491,0,12,96,128,model.layers.3.self_attn.attn
3610176009584376,3610176009749407,3610176009750737,3610176009751457,3610176009848718,3610176009861398,3610176010260240,3610176010264680,3610176010271400,0,12,96,1,model.layers.0.self_attn.swa_cache
3610176011194206,3610176011412748,3610176011414258,3610176011415178,3610176011539729,3610176011555739,3610176011658999,3610176011661969,3610176011671370,0,12,96,1,model.layers.1.self_attn.swa_cache
3610176012601086,3610176012820707,3610176012822457,3610176012823397,3610176012950398,3610176012966208,3610176013072379,3610176013076059,3610176013085009,0,12,96,1,model.layers.2.self_attn.compressor.state_cache
3610176013849944,3610176014069875,3610176014071695,3610176014072645,3610176014200096,3610176014216126,3610176014324037,3610176014326627,3610176014335407,0,12,96,1,model.layers.2.self_attn.indexer.compressor.state_cache
3610176015286053,3610176015499034,3610176015500484,3610176015501504,3610176015624455,3610176015640345,3610176015740076,3610176015743246,3610176015752116,0,12,96,1,model.layers.3.self_attn.compressor.state_cache
3610176069867676,3610176070400060,3610176070476510,3610176070749022,3610176070858813,3610176070874783,3610176071336476,3610176073598451,3610176073607911,1,12,96,4,model.layers.2.self_attn.indexer.k_cache
3610176074278735,3610176074448456,3610176074449636,3610176074450296,3610176074549477,3610176074563827,3610176074648107,3610176074698988,3610176074706538,0,12,96,4,model.layers.2.self_attn.attn
3610176075420002,3610176075587854,3610176075589074,3610176075589794,3610176075687024,3610176075701504,3610176076232798,3610176076237728,3610176076245828,0,12,96,128,model.layers.3.self_attn.attn
3610176077088623,3610176077281504,3610176077282835,3610176077283695,3610176077396475,3610176077410805,3610176077869358,3610176077873578,3610176077882278,0,12,96,1,model.layers.0.self_attn.swa_cache
3610176078719294,3610176078916455,3610176078917855,3610176078918685,3610176079034436,3610176079049286,3610176079141387,3610176079143957,3610176079151997,0,12,96,1,model.layers.1.self_attn.swa_cache
3610176079960452,3610176080200623,3610176080202093,3610176080202913,3610176080320034,3610176080334524,3610176080431845,3610176080434295,3610176080442775,0,12,96,1,model.layers.2.self_attn.compressor.state_cache
3610176081169420,3610176081357461,3610176081358921,3610176081359751,3610176081473242,3610176081488112,3610176081577982,3610176081580052,3610176081587922,0,12,96,1,model.layers.2.self_attn.indexer.compressor.state_cache
3610176082437068,3610176082629689,3610176082630959,3610176082631849,3610176082742250,3610176082757800,3610176082847581,3610176082850311,3610176082858391,0,12,96,1,model.layers.3.self_attn.compressor.state_cache
3610176137874207,3610176138396770,3610176138474111,3610176138751683,3610176138859943,3610176138875363,3610176139330076,3610176143414753,3610176143427223,1,12,96,4,model.layers.2.self_attn.indexer.k_cache
3610176144351369,3610176144585550,3610176144587380,3610176144588360,3610176144722941,3610176144742691,3610176144853422,3610176144921083,3610176144931423,0,12,96,4,model.layers.2.self_attn.attn
3610176145906899,3610176146137150,3610176146139060,3610176146139990,3610176146273561,3610176146292801,3610176146841395,3610176146846485,3610176146855865,0,12,96,128,model.layers.3.self_attn.attn
3610176147853602,3610176148105883,3610176148107733,3610176148108903,3610176148246874,3610176148264194,3610176148810888,3610176148816628,3610176148825988,0,12,96,1,model.layers.0.self_attn.swa_cache
3610176149809414,3610176150068456,3610176150069806,3610176150070456,3610176150169087,3610176150182367,3610176150260637,3610176150263137,3610176150270457,0,12,96,1,model.layers.1.self_attn.swa_cache
3610176150971782,3610176151141973,3610176151143173,3610176151143953,3610176151243294,3610176151255474,3610176151334524,3610176151337244,3610176151343924,0,12,96,1,model.layers.2.self_attn.compressor.state_cache
3610176151942888,3610176152136869,3610176152138129,3610176152138829,3610176152236960,3610176152249240,3610176152326631,3610176152328681,3610176152335481,0,12,96,1,model.layers.2.self_attn.indexer.compressor.state_cache
3610176153076625,3610176153238076,3610176153239346,3610176153240186,3610176153336897,3610176153349757,3610176153428668,3610176153430998,3610176153437928,0,12,96,1,model.layers.3.self_attn.compressor.state_cache
3610176206920334,3610176207449518,3610176207526918,3610176207809250,3610176207923021,3610176207937211,3610176208392644,3610176211952187,3610176211961717,1,12,96,4,model.layers.2.self_attn.indexer.k_cache
3610176212655731,3610176212825352,3610176212826502,3610176212827282,3610176212927803,3610176212942103,3610176213025614,3610176213076264,3610176213083694,0,12,96,4,model.layers.2.self_attn.attn
3610176213797969,3610176213966100,3610176213967390,3610176213968220,3610176214067820,3610176214082301,3610176214480083,3610176214484253,3610176214491313,0,12,96,128,model.layers.3.self_attn.attn
3610176215396769,3610176215626771,3610176215628391,3610176215629661,3610176215762821,3610176215780462,3610176216343875,3610176216349345,3610176216358965,0,12,96,1,model.layers.0.self_attn.swa_cache
3610176217340352,3610176217573973,3610176217575713,3610176217576793,3610176217710094,3610176217728494,3610176217842015,3610176217845185,3610176217854725,0,12,96,1,model.layers.1.self_attn.swa_cache
3610176218817211,3610176219044553,3610176219046163,3610176219047143,3610176219183504,3610176219200724,3610176219309234,3610176219312074,3610176219322004,0,12,96,1,model.layers.2.self_attn.compressor.state_cache
3610176220209540,3610176220443432,3610176220444912,3610176220446122,3610176220584583,3610176220600983,3610176220711663,3610176220714023,3610176220723894,0,12,96,1,model.layers.2.self_attn.indexer.compressor.state_cache
3610176221741990,3610176221971512,3610176221973152,3610176221974282,3610176222107293,3610176222123983,3610176222230043,3610176222232913,3610176222242363,0,12,96,1,model.layers.3.self_attn.compressor.state_cache
3610176276450765,3610176276972678,3610176277048968,3610176277330410,3610176277441811,3610176277457291,3610176277919324,3610176281878370,3610176281889820,1,12,96,4,model.layers.2.self_attn.indexer.k_cache
3610176282694485,3610176282900196,3610176282901606,3610176282902446,3610176283021647,3610176283039557,3610176283140118,3610176283200328,3610176283209498,0,12,96,4,model.layers.2.self_attn.attn
3610176284136254,3610176284346346,3610176284347746,3610176284348726,3610176284469006,3610176284486317,3610176284959700,3610176284964530,3610176284972580,0,12,96,128,model.layers.3.self_attn.attn
3610176285858195,3610176286058467,3610176286059857,3610176286060737,3610176286177708,3610176286192908,3610176286676431,3610176286681001,3610176286689311,0,12,96,1,model.layers.0.self_attn.swa_cache
3610176287554916,3610176287759588,3610176287761078,3610176287762048,3610176287882049,3610176287897449,3610176288050020,3610176288053050,3610176288061430,0,12,96,1,model.layers.1.self_attn.swa_cache
3610176288873335,3610176289062086,3610176289063526,3610176289064356,3610176289178307,3610176289192467,3610176289281488,3610176289284158,3610176289292018,0,12,96,1,model.layers.2.self_attn.compressor.state_cache
3610176289945632,3610176290123393,3610176290124903,3610176290125653,3610176290235174,3610176290249024,3610176290339204,3610176290341574,3610176290349145,0,12,96,1,model.layers.2.self_attn.indexer.compressor.state_cache
3610176291167380,3610176291345921,3610176291347221,3610176291348051,3610176291456752,3610176291471052,3610176291557982,3610176291560532,3610176291568462,0,12,96,1,model.layers.3.self_attn.compressor.state_cache
3610176346216366,3610176346740930,3610176346817340,3610176347095602,3610176347204313,3610176347220213,3610176347657676,3610176351465260,3610176351475050,1,12,96,4,model.layers.2.self_attn.indexer.k_cache
3610176352167615,3610176352332676,3610176352333816,3610176352334606,3610176352434397,3610176352449397,3610176352533047,3610176352584838,3610176352593268,0,12,96,4,model.layers.2.self_attn.attn
3610176353563214,3610176353807166,3610176353808886,3610176353810026,3610176353953366,3610176353974257,3610176354549470,3610176354555060,3610176354565510,0,12,96,128,model.layers.3.self_attn.attn
3610176355617297,3610176355865399,3610176355867029,3610176355868069,3610176356028520,3610176356048180,3610176356638644,3610176356643964,3610176356654704,0,12,96,1,model.layers.0.self_attn.swa_cache
3610176357694281,3610176357938582,3610176357940322,3610176357941432,3610176358087443,3610176358105663,3610176358222814,3610176358226654,3610176358236644,0,12,96,1,model.layers.1.self_attn.swa_cache
3610176359249441,3610176359492852,3610176359494582,3610176359495542,3610176359637573,3610176359654983,3610176359770294,3610176359774014,3610176359784094,0,12,96,1,model.layers.2.self_attn.compressor.state_cache
3610176360652980,3610176360896171,3610176360897991,3610176360899121,3610176361040292,3610176361058293,3610176361187203,3610176361189153,3610176361195943,0,12,96,1,model.layers.2.self_attn.indexer.compressor.state_cache
3610176361931428,3610176362098699,3610176362099829,3610176362100609,3610176362200000,3610176362212030,3610176362292610,3610176362294941,3610176362302071,0,12,96,1,model.layers.3.self_attn.compressor.state_cache
3610176417005685,3610176417558078,3610176417634439,3610176417928041,3610176418091812,3610176418107672,3610176418614665,3610176421391583,3610176421401123,1,12,96,4,model.layers.2.self_attn.indexer.k_cache
3610176422119588,3610176422302809,3610176422304269,3610176422305129,3610176422405790,3610176422420610,3610176422504390,3610176422556511,3610176422564311,0,12,96,4,model.layers.2.self_attn.attn
3610176423282436,3610176423447057,3610176423448197,3610176423448977,3610176423547327,3610176423561677,3610176423965990,3610176423969780,3610176423976950,0,12,96,128,model.layers.3.self_attn.attn
3610176424737755,3610176424907676,3610176424908826,3610176424909706,3610176425006807,3610176425019807,3610176425430239,3610176425434009,3610176425440690,0,12,96,1,model.layers.0.self_attn.swa_cache
3610176426218295,3610176426420756,3610176426422186,3610176426423256,3610176426544357,3610176426559777,3610176426654457,3610176426657327,3610176426666177,0,12,96,1,model.layers.1.self_attn.swa_cache
3610176427514623,3610176427722694,3610176427724374,3610176427725224,3610176427843755,3610176427858565,3610176427954956,3610176427958096,3610176427966666,0,12,96,1,model.layers.2.self_attn.compressor.state_cache
3610176428734601,3610176428934582,3610176428936172,3610176428937032,3610176429056363,3610176429071523,3610176429168174,3610176429170384,3610176429179084,0,12,96,1,model.layers.2.self_attn.indexer.compressor.state_cache
3610176430074000,3610176430276031,3610176430277591,3610176430278561,3610176430397282,3610176430412032,3610176430509082,3610176430511922,3610176430520312,0,12,96,1,model.layers.3.self_attn.compressor.state_cache
3610176485326297,3610176485859631,3610176485936851,3610176486229583,3610176486342244,3610176486357684,3610176486836797,3610176489868657,3610176489878157,1,12,96,4,model.layers.2.self_attn.indexer.k_cache
3610176490573121,3610176490742612,3610176490743782,3610176490744512,3610176490844263,3610176490859183,3610176490942464,3610176490995164,3610176491002684,0,12,96,4,model.layers.2.self_attn.attn
3610176491905480,3610176492142532,3610176492144262,3610176492145182,3610176492272332,3610176492290332,3610176492808336,3610176492813706,3610176492822036,0,12,96,128,model.layers.3.self_attn.attn
3610176493731272,3610176493952303,3610176493953713,3610176493954593,3610176494079804,3610176494096824,3610176494602667,3610176494608027,3610176494617188,0,12,96,1,model.layers.0.self_attn.swa_cache
3610176495537144,3610176495745185,3610176495746795,3610176495747665,3610176495873946,3610176495890506,3610176495993946,3610176495997196,3610176496018297,0,12,96,1,model.layers.1.self_attn.swa_cache
3610176496914522,3610176497125724,3610176497127384,3610176497128394,3610176497253955,3610176497269725,3610176497368905,3610176497372375,3610176497381615,0,12,96,1,model.layers.2.self_attn.compressor.state_cache
3610176498129440,3610176498354322,3610176498356062,3610176498357002,3610176498480733,3610176498496563,3610176498596543,3610176498598563,3610176498607543,0,12,96,1,model.layers.2.self_attn.indexer.compressor.state_cache
3610176499547299,3610176499711421,3610176499712651,3610176499713231,3610176499811131,3610176499823441,3610176499904062,3610176499906402,3610176499913532,0,12,96,1,model.layers.3.self_attn.compressor.state_cache
3610176553914682,3610176554442815,3610176554521146,3610176554801787,3610176554913128,3610176554928208,3610176555387051,3610176558354840,3610176558365480,1,12,96,4,model.layers.2.self_attn.indexer.k_cache
3610176559144176,3610176559347607,3610176559349077,3610176559349917,3610176559464108,3610176559482128,3610176559578408,3610176559636469,3610176559645589,0,12,96,4,model.layers.2.self_attn.attn
3610176560486794,3610176560679715,3610176560680965,3610176560681805,3610176560794806,3610176560811386,3610176561281369,3610176561285789,3610176561293119,0,12,96,128,model.layers.3.self_attn.attn
3610176562126085,3610176562319126,3610176562320586,3610176562321506,3610176562437097,3610176562451647,3610176562911400,3610176562916430,3610176562925060,0,12,96,1,model.layers.0.self_attn.swa_cache
3610176563767215,3610176563962277,3610176563963637,3610176563964387,3610176564096778,3610176564111708,3610176564207498,3610176564210338,3610176564218608,0,12,96,1,model.layers.1.self_attn.swa_cache
3610176565126834,3610176565315305,3610176565316665,3610176565317585,3610176565424116,3610176565438306,3610176565524757,3610176565527627,3610176565535317,0,12,96,1,model.layers.2.self_attn.compressor.state_cache
3610176566170281,3610176566349212,3610176566350442,3610176566351312,3610176566454993,3610176566468663,3610176566553903,3610176566555983,3610176566563514,0,12,96,1,model.layers.2.self_attn.indexer.compressor.state_cache
3610176567349639,3610176567526240,3610176567527590,3610176567528320,3610176567634010,3610176567647251,3610176567733481,3610176567736271,3610176567744111,0,12,96,1,model.layers.3.self_attn.compressor.state_cache
3610176622022723,3610176622542706,3610176622618367,3610176622891928,3610176623001329,3610176623016309,3610176623449572,3610176627179326,3610176627188936,1,12,96,4,model.layers.2.self_attn.indexer.k_cache
3610176627870041,3610176628067492,3610176628068752,3610176628069492,3610176628170513,3610176628184993,3610176628271763,3610176628323004,3610176628330974,0,12,96,4,model.layers.2.self_attn.attn
3610176629076328,3610176629239790,3610176629240950,3610176629241720,3610176629340680,3610176629355110,3610176629760673,3610176629764903,3610176629771993,0,12,96,128,model.layers.3.self_attn.attn
3610176630639499,3610176630880100,3610176630882010,3610176630883120,3610176631027111,3610176631045281,3610176631616775,3610176631622325,3610176631632545,0,12,96,1,model.layers.0.self_attn.swa_cache
3610176632699002,3610176632942053,3610176632943824,3610176632944884,3610176633089704,3610176633107235,3610176633223185,3610176633226965,3610176633236375,0,12,96,1,model.layers.1.self_attn.swa_cache
3610176634244352,3610176634485773,3610176634487683,3610176634488784,3610176634628874,3610176634646295,3610176634762985,3610176634766645,3610176634776895,0,12,96,1,model.layers.2.self_attn.compressor.state_cache
3610176635618721,3610176635855892,3610176635857622,3610176635858562,3610176635996543,3610176636033433,3610176636153244,3610176636156354,3610176636166524,0,12,96,1,model.layers.2.self_attn.indexer.compressor.state_cache
3610176637227481,3610176637469033,3610176637470593,3610176637471563,3610176637614134,3610176637631874,3610176637744525,3610176637748025,3610176637757495,0,12,96,1,model.layers.3.self_attn.compressor.state_cache
3610176691759174,3610176692301198,3610176692380208,3610176692691130,3610176692808651,3610176692824951,3610176693348055,3610176695410988,3610176695420238,1,12,96,4,model.layers.2.self_attn.indexer.k_cache
3610176696255183,3610176696455125,3610176696456625,3610176696457555,3610176696575336,3610176696592496,3610176696687456,3610176696747177,3610176696756287,0,12,96,4,model.layers.2.self_attn.attn
3610176697585482,3610176697778153,3610176697779643,3610176697780513,3610176697893604,3610176697910694,3610176698364797,3610176698369427,3610176698377407,0,12,96,128,model.layers.3.self_attn.attn
3610176699229493,3610176699421934,3610176699423364,3610176699424144,3610176699537575,3610176699551905,3610176700039438,3610176700044188,3610176700052638,0,12,96,1,model.layers.0.self_attn.swa_cache
3610176700880793,3610176701076345,3610176701077795,3610176701078645,3610176701192755,3610176701207336,3610176701298826,3610176701301726,3610176701310216,0,12,96,1,model.layers.1.self_attn.swa_cache
3610176702120511,3610176702313393,3610176702314893,3610176702315813,3610176702427013,3610176702441024,3610176702532584,3610176702535504,3610176702543814,0,12,96,1,model.layers.2.self_attn.compressor.state_cache
3610176703224519,3610176703412420,3610176703413820,3610176703414640,3610176703529111,3610176703543071,3610176703635721,3610176703637841,3610176703646001,0,12,96,1,model.layers.2.self_attn.indexer.compressor.state_cache
3610176704544517,3610176704716168,3610176704717538,3610176704718238,3610176704817999,3610176704830919,3610176704911630,3610176704913820,3610176704920730,0,12,96,1,model.layers.3.self_attn.compressor.state_cache
3610176758895969,3610176759438563,3610176759516743,3610176759823445,3610176759944976,3610176759961356,3610176760482699,3610176764100263,3610176764111003,1,12,96,4,model.layers.2.self_attn.indexer.k_cache
3610176764889058,3610176765082759,3610176765083999,3610176765084809,3610176765195000,3610176765211210,3610176765300390,3610176765355651,3610176765364331,0,12,96,4,model.layers.2.self_attn.attn
3610176766157946,3610176766345967,3610176766347307,3610176766348087,3610176766457068,3610176766473208,3610176766917491,3610176766921521,3610176766928941,0,12,96,128,model.layers.3.self_attn.attn
3610176767719426,3610176767902487,3610176767903707,3610176767904497,3610176768032688,3610176768048358,3610176768485741,3610176768490191,3610176768497871,0,12,96,1,model.layers.0.self_attn.swa_cache
3610176769276476,3610176769460137,3610176769461347,3610176769462097,3610176769568318,3610176769581788,3610176769712079,3610176769714519,3610176769722709,0,12,96,1,model.layers.1.self_attn.swa_cache
3610176770545124,3610176770735066,3610176770736356,3610176770737106,3610176770848916,3610176770863137,3610176770955297,3610176770957897,3610176770965587,0,12,96,1,model.layers.2.self_attn.compressor.state_cache
3610176771681372,3610176771879913,3610176771881413,3610176771882283,3610176772010754,3610176772026994,3610176772123305,3610176772125585,3610176772133635,0,12,96,1,model.layers.2.self_attn.indexer.compressor.state_cache
3610176772988960,3610176773179082,3610176773180292,3610176773181112,3610176773293002,3610176773307582,3610176773396813,3610176773399323,3610176773407783,0,12,96,1,model.layers.3.self_attn.compressor.state_cache
3610176830160420,3610176830739924,3610176830822505,3610176831135537,3610176831252657,3610176831268508,3610176831757461,3610176832552076,3610176832561626,1,11,88,4,model.layers.2.self_attn.indexer.k_cache
3610176833271111,3610176833455732,3610176833457192,3610176833457972,3610176833559712,3610176833574483,3610176833657863,3610176833709753,3610176833717783,0,11,88,4,model.layers.2.self_attn.attn
3610176834469208,3610176834637949,3610176834639199,3610176834640039,3610176834739260,3610176834754100,3610176835159563,3610176835163573,3610176835170403,0,11,88,128,model.layers.3.self_attn.attn
3610176835911418,3610176836108459,3610176836109709,3610176836110389,3610176836210150,3610176836222790,3610176836613872,3610176836617852,3610176836624782,0,11,88,1,model.layers.0.self_attn.swa_cache
3610176837347637,3610176837516918,3610176837518128,3610176837518858,3610176837620189,3610176837632459,3610176837717249,3610176837719849,3610176837726659,0,11,88,1,model.layers.1.self_attn.swa_cache
3610176838432124,3610176838605235,3610176838606525,3610176838607455,3610176838706706,3610176838718516,3610176838799646,3610176838801796,3610176838808746,0,11,88,1,model.layers.2.self_attn.compressor.state_cache
3610176839398290,3610176839565461,3610176839566691,3610176839567461,3610176839665152,3610176839677562,3610176839757053,3610176839758983,3610176839766173,0,11,88,1,model.layers.2.self_attn.indexer.compressor.state_cache
3610176840543928,3610176840709209,3610176840710349,3610176840711039,3610176840810269,3610176840822729,3610176840901660,3610176840903810,3610176840910870,0,11,88,1,model.layers.3.self_attn.compressor.state_cache
3610176896954933,3610176897518087,3610176897596277,3610176897898289,3610176898018570,3610176898034790,3610176898547443,3610176899346188,3610176899356098,1,10,80,4,model.layers.2.self_attn.indexer.k_cache
3610176900115453,3610176900275274,3610176900276394,3610176900277274,3610176900381115,3610176900395895,3610176900478576,3610176900529906,3610176900537916,0,10,80,4,model.layers.2.self_attn.attn
3610176901313311,3610176901481882,3610176901483182,3610176901483882,3610176901583373,3610176901598103,3610176902016776,3610176902020866,3610176902027686,0,10,80,128,model.layers.3.self_attn.attn
3610176902767880,3610176902940842,3610176902942072,3610176902942922,3610176903043652,3610176903056322,3610176903454315,3610176903458365,3610176903465475,0,10,80,1,model.layers.0.self_attn.swa_cache
3610176904204250,3610176904373511,3610176904374651,3610176904375501,3610176904475852,3610176904488842,3610176904572052,3610176904574222,3610176904581682,0,10,80,1,model.layers.1.self_attn.swa_cache
3610176905310497,3610176905484678,3610176905485898,3610176905486758,3610176905587359,3610176905599789,3610176905684099,3610176905686449,3610176905693579,0,10,80,1,model.layers.2.self_attn.compressor.state_cache
3610176906287143,3610176906457064,3610176906458394,3610176906459264,3610176906557925,3610176906570015,3610176906650476,3610176906652426,3610176906659926,0,10,80,1,model.layers.2.self_attn.indexer.compressor.state_cache
3610176907422661,3610176907584972,3610176907586362,3610176907587162,3610176907685632,3610176907698002,3610176907778843,3610176907781353,3610176907788393,0,10,80,1,model.layers.3.self_attn.compressor.state_cache
3610176962646968,3610176963188322,3610176963265822,3610176963590564,3610176963709785,3610176963725885,3610176964242218,3610176965027914,3610176965037394,1,10,80,4,model.layers.2.self_attn.indexer.k_cache
3610176965742548,3610176965913359,3610176965914809,3610176965915439,3610176966017170,3610176966031860,3610176966115231,3610176966167621,3610176966175461,0,10,80,4,model.layers.2.self_attn.attn
3610176966928846,3610176967100977,3610176967102257,3610176967103067,3610176967200588,3610176967215818,3610176967635870,3610176967639850,3610176967647221,0,10,80,128,model.layers.3.self_attn.attn
3610176968409465,3610176968581847,3610176968583107,3610176968583827,3610176968683307,3610176968696207,3610176969106410,3610176969110130,3610176969117370,0,10,80,1,model.layers.0.self_attn.swa_cache
3610176969847845,3610176970010636,3610176970011876,3610176970012566,3610176970111416,3610176970123937,3610176970205747,3610176970208047,3610176970215107,0,10,80,1,model.layers.1.self_attn.swa_cache
3610176970927642,3610176971094153,3610176971095413,3610176971096063,3610176971195734,3610176971208824,3610176971288784,3610176971290884,3610176971297974,0,10,80,1,model.layers.2.self_attn.compressor.state_cache
3610176971896758,3610176972080839,3610176972082299,3610176972083029,3610176972182910,3610176972194820,3610176972273710,3610176972275671,3610176972282971,0,10,80,1,model.layers.2.self_attn.indexer.compressor.state_cache
3610176973041825,3610176973205587,3610176973206987,3610176973207847,3610176973304907,3610176973317797,3610176973395848,3610176973398158,3610176973405458,0,10,80,1,model.layers.3.self_attn.compressor.state_cache
3610177027343757,3610177027877280,3610177027954081,3610177028248093,3610177028361384,3610177028376484,3610177028851327,3610177031189302,3610177031199452,1,9,72,4,model.layers.2.self_attn.indexer.k_cache
3610177031935657,3610177032150748,3610177032152078,3610177032152928,3610177032260929,3610177032277029,3610177032366530,3610177032421590,3610177032429820,0,9,72,4,model.layers.2.self_attn.attn
3610177033216925,3610177033398586,3610177033399986,3610177033400876,3610177033507277,3610177033523027,3610177033964590,3610177033968860,3610177033977260,0,9,72,128,model.layers.3.self_attn.attn
3610177034769945,3610177034950356,3610177034951616,3610177034952356,3610177035058557,3610177035072487,3610177035501000,3610177035505230,3610177035512560,0,9,72,1,model.layers.0.self_attn.swa_cache
3610177036314995,3610177036502356,3610177036503676,3610177036504406,3610177036612687,3610177036627117,3610177036717588,3610177036720308,3610177036728198,0,9,72,1,model.layers.1.self_attn.swa_cache
3610177037497803,3610177037678134,3610177037679344,3610177037680164,3610177037785825,3610177037799955,3610177037889395,3610177037892025,3610177037899915,0,9,72,1,model.layers.2.self_attn.compressor.state_cache
3610177038567050,3610177038757311,3610177038758551,3610177038759311,3610177038860512,3610177038873122,3610177038953602,3610177038955682,3610177038962942,0,9,72,1,model.layers.2.self_attn.indexer.compressor.state_cache
3610177039739947,3610177039910638,3610177039911878,3610177039912558,3610177040028519,3610177040042439,3610177040129640,3610177040132120,3610177040139730,0,9,72,1,model.layers.3.self_attn.compressor.state_cache
3610177095451298,3610177095979891,3610177096071062,3610177096354504,3610177096469855,3610177096485305,3610177096953948,3610177097725353,3610177097734253,1,9,72,4,model.layers.2.self_attn.indexer.k_cache
3610177098428057,3610177098591868,3610177098593078,3610177098593888,3610177098691309,3610177098706079,3610177098789410,3610177098840370,3610177098848420,0,9,72,4,model.layers.2.self_attn.attn
3610177099565345,3610177099736746,3610177099737986,3610177099738676,3610177099836596,3610177099851186,3610177100286509,3610177100290289,3610177100296729,0,9,72,128,model.layers.3.self_attn.attn
3610177101030554,3610177101197115,3610177101198305,3610177101199095,3610177101297946,3610177101310536,3610177101701178,3610177101705288,3610177101712678,0,9,72,1,model.layers.0.self_attn.swa_cache
3610177102443923,3610177102609604,3610177102610774,3610177102611424,3610177102710685,3610177102723145,3610177102805676,3610177102808086,3610177102815366,0,9,72,1,model.layers.1.self_attn.swa_cache
3610177103519260,3610177103681521,3610177103682801,3610177103683481,3610177103782482,3610177103794572,3610177103874312,3610177103876863,3610177103883743,0,9,72,1,model.layers.2.self_attn.compressor.state_cache
3610177104494757,3610177104655518,3610177104656748,3610177104657448,3610177104753468,3610177104765648,3610177104844129,3610177104846079,3610177104853049,0,9,72,1,model.layers.2.self_attn.indexer.compressor.state_cache
3610177105646894,3610177105811035,3610177105812275,3610177105813085,3610177105913046,3610177105925156,3610177106004316,3610177106006566,3610177106013596,0,9,72,1,model.layers.3.self_attn.compressor.state_cache
3610177159896225,3610177160448939,3610177160527689,3610177160847661,3610177160966692,3610177160982192,3610177161463635,3610177162234770,3610177162244300,1,9,72,4,model.layers.2.self_attn.indexer.k_cache
3610177162934945,3610177163107156,3610177163108426,3610177163109066,3610177163208387,3610177163222917,3610177163306367,3610177163356668,3610177163364308,0,9,72,4,model.layers.2.self_attn.attn
3610177164101972,3610177164265593,3610177164266853,3610177164267643,3610177164366914,3610177164380934,3610177164786917,3610177164790157,3610177164796867,0,9,72,128,model.layers.3.self_attn.attn
3610177165536002,3610177165706873,3610177165707923,3610177165708603,3610177165806423,3610177165818854,3610177166220276,3610177166223516,3610177166230306,0,9,72,1,model.layers.0.self_attn.swa_cache
3610177166958801,3610177167123542,3610177167124632,3610177167125432,3610177167223373,3610177167235613,3610177167314793,3610177167317223,3610177167323963,0,9,72,1,model.layers.1.self_attn.swa_cache
3610177168097008,3610177168275539,3610177168276629,3610177168277259,3610177168377800,3610177168389500,3610177168470261,3610177168472601,3610177168478671,0,9,72,1,model.layers.2.self_attn.compressor.state_cache
3610177169068905,3610177169233806,3610177169234856,3610177169235586,3610177169334476,3610177169346186,3610177169425067,3610177169426737,3610177169432917,0,9,72,1,model.layers.2.self_attn.indexer.compressor.state_cache
3610177170164152,3610177170329343,3610177170330343,3610177170331083,3610177170430523,3610177170443053,3610177170522344,3610177170524664,3610177170531554,0,9,72,1,model.layers.3.self_attn.compressor.state_cache
3610177225783812,3610177226363376,3610177226443386,3610177226748338,3610177226866499,3610177226882769,3610177227378412,3610177228192947,3610177228202617,1,8,64,4,model.layers.2.self_attn.indexer.k_cache
3610177228906232,3610177229080863,3610177229082263,3610177229083033,3610177229185334,3610177229200204,3610177229282924,3610177229333755,3610177229341295,0,8,64,4,model.layers.2.self_attn.attn
3610177230058059,3610177230223600,3610177230224881,3610177230225621,3610177230324201,3610177230338641,3610177230766044,3610177230769924,3610177230776634,0,8,64,128,model.layers.3.self_attn.attn
3610177231522049,3610177231691480,3610177231692760,3610177231693530,3610177231791801,3610177231804311,3610177232236854,3610177232241354,3610177232248634,0,8,64,1,model.layers.0.self_attn.swa_cache
3610177232979618,3610177233150019,3610177233151039,3610177233151689,3610177233250710,3610177233262570,3610177233345121,3610177233347381,3610177233354511,0,8,64,1,model.layers.1.self_attn.swa_cache
3610177234072905,3610177234241477,3610177234242677,3610177234243457,3610177234342277,3610177234354877,3610177234435728,3610177234438448,3610177234445478,0,8,64,1,model.layers.2.self_attn.compressor.state_cache
3610177235040602,3610177235202633,3610177235203713,3610177235204353,3610177235301743,3610177235314153,3610177235390934,3610177235392944,3610177235399274,0,8,64,1,model.layers.2.self_attn.indexer.compressor.state_cache
3610177236166589,3610177236329480,3610177236330790,3610177236331450,3610177236430151,3610177236443011,3610177236521871,3610177236524301,3610177236531521,0,8,64,1,model.layers.3.self_attn.compressor.state_cache
3610177291407517,3610177291956000,3610177292048101,3610177292336933,3610177292451873,3610177292467653,3610177292965497,3610177293756902,3610177293766542,1,7,56,4,model.layers.2.self_attn.indexer.k_cache
3610177294452996,3610177294629297,3610177294630647,3610177294631367,3610177294731348,3610177294746088,3610177294829869,3610177294881379,3610177294889169,0,7,56,4,model.layers.2.self_attn.attn
3610177295605574,3610177295778135,3610177295779495,3610177295780295,3610177295877876,3610177295892556,3610177296322208,3610177296326348,3610177296333588,0,7,56,128,model.layers.3.self_attn.attn
3610177297110744,3610177297279665,3610177297280965,3610177297281705,3610177297380535,3610177297393025,3610177297793918,3610177297797678,3610177297804838,0,7,56,1,model.layers.0.self_attn.swa_cache
3610177298529133,3610177298697314,3610177298698644,3610177298699404,3610177298795624,3610177298808125,3610177298888785,3610177298891105,3610177298898025,0,7,56,1,model.layers.1.self_attn.swa_cache
3610177299608700,3610177299772351,3610177299773491,3610177299774271,3610177299870091,3610177299882391,3610177299960082,3610177299962372,3610177299969522,0,7,56,1,model.layers.2.self_attn.compressor.state_cache
3610177300584426,3610177300747307,3610177300748587,3610177300749327,3610177300845218,3610177300857188,3610177300939118,3610177300941178,3610177300948158,0,7,56,1,model.layers.2.self_attn.indexer.compressor.state_cache
3610177301691253,3610177301853884,3610177301855024,3610177301855794,3610177301952495,3610177301965195,3610177302045975,3610177302048246,3610177302055586,0,7,56,1,model.layers.3.self_attn.compressor.state_cache
3610177355538702,3610177356088765,3610177356165256,3610177356451968,3610177356564528,3610177356580299,3610177357064662,3610177357841587,3610177357851227,1,7,56,4,model.layers.2.self_attn.indexer.k_cache
3610177358536301,3610177358703432,3610177358704672,3610177358705442,3610177358802643,3610177358817073,3610177358898014,3610177358949334,3610177358956904,0,7,56,4,model.layers.2.self_attn.attn
3610177359676269,3610177359850440,3610177359851750,3610177359852580,3610177359951940,3610177359966480,3610177360390933,3610177360394653,3610177360401343,0,7,56,128,model.layers.3.self_attn.attn
3610177361139168,3610177361303159,3610177361304349,3610177361305119,3610177361403520,3610177361416110,3610177361823233,3610177361827203,3610177361833903,0,7,56,1,model.layers.0.self_attn.swa_cache
3610177362549677,3610177362713258,3610177362714428,3610177362715278,3610177362814399,3610177362826969,3610177362907520,3610177362910070,3610177362916840,0,7,56,1,model.layers.1.self_attn.swa_cache
3610177363627324,3610177363790095,3610177363791365,3610177363792105,3610177363890276,3610177363902496,3610177363981756,3610177363983846,3610177363990807,0,7,56,1,model.layers.2.self_attn.compressor.state_cache
3610177364594280,3610177364767762,3610177364768882,3610177364769722,3610177364867892,3610177364880362,3610177364962363,3610177364964243,3610177364970983,0,7,56,1,model.layers.2.self_attn.indexer.compressor.state_cache
3610177365697538,3610177365861729,3610177365862939,3610177365863789,3610177365967279,3610177365979479,3610177366060860,3610177366063320,3610177366070080,0,7,56,1,model.layers.3.self_attn.compressor.state_cache
3610177419038523,3610177419563976,3610177419640567,3610177419935609,3610177420060200,3610177420077580,3610177420588513,3610177421651670,3610177421660810,1,7,56,4,model.layers.2.self_attn.indexer.k_cache
3610177422340104,3610177422510455,3610177422511695,3610177422512385,3610177422615396,3610177422630036,3610177422714547,3610177422768317,3610177422775817,0,7,56,4,model.layers.2.self_attn.attn
3610177423482602,3610177423656553,3610177423657783,3610177423658533,3610177423756943,3610177423771874,3610177424215516,3610177424219566,3610177424226427,0,7,56,128,model.layers.3.self_attn.attn
3610177424970141,3610177425144372,3610177425145642,3610177425146352,3610177425244183,3610177425256933,3610177425650596,3610177425654386,3610177425661516,0,7,56,1,model.layers.0.self_attn.swa_cache
3610177426380210,3610177426553512,3610177426554812,3610177426555502,3610177426656782,3610177426669422,3610177426752023,3610177426754523,3610177426761673,0,7,56,1,model.layers.1.self_attn.swa_cache
3610177427460547,3610177427626729,3610177427627819,3610177427628509,3610177427724809,3610177427736779,3610177427817480,3610177427819760,3610177427826820,0,7,56,1,model.layers.2.self_attn.compressor.state_cache
3610177428432044,3610177428596245,3610177428597385,3610177428598225,3610177428696045,3610177428708436,3610177428786686,3610177428788616,3610177428795606,0,7,56,1,model.layers.2.self_attn.indexer.compressor.state_cache
3610177429559641,3610177429725942,3610177429726932,3610177429727762,3610177429825893,3610177429838753,3610177429917293,3610177429919613,3610177429926463,0,7,56,1,model.layers.3.self_attn.compressor.state_cache
3610177484421786,3610177484973940,3610177485076490,3610177485383152,3610177485502963,3610177485518173,3610177486000476,3610177486816142,3610177486825692,1,6,48,4,model.layers.2.self_attn.indexer.k_cache
3610177487515006,3610177487691957,3610177487693197,3610177487693997,3610177487795378,3610177487810028,3610177487893889,3610177487946059,3610177487953899,0,6,48,4,model.layers.2.self_attn.attn
3610177488698624,3610177488869865,3610177488871135,3610177488871985,3610177488971406,3610177488985796,3610177489397088,3610177489400838,3610177489407379,0,6,48,128,model.layers.3.self_attn.attn
3610177490126693,3610177490292524,3610177490293784,3610177490294544,3610177490392365,3610177490404895,3610177490811848,3610177490815638,3610177490822518,0,6,48,1,model.layers.0.self_attn.swa_cache
3610177491543362,3610177491713243,3610177491714293,3610177491714943,3610177491815094,3610177491827394,3610177491909975,3610177491912485,3610177491919315,0,6,48,1,model.layers.1.self_attn.swa_cache
3610177492651930,3610177492817761,3610177492818881,3610177492819631,3610177492917861,3610177492930511,3610177493008902,3610177493011532,3610177493018262,0,6,48,1,model.layers.2.self_attn.compressor.state_cache
3610177493612686,3610177493777687,3610177493778837,3610177493779597,3610177493878737,3610177493891028,3610177493968728,3610177493970978,3610177493978218,0,6,48,1,model.layers.2.self_attn.indexer.compressor.state_cache
3610177494711243,3610177494875464,3610177494876664,3610177494877424,3610177494976035,3610177494988365,3610177495069815,3610177495072095,3610177495078945,0,6,48,1,model.layers.3.self_attn.compressor.state_cache
3610177549219266,3610177549758939,3610177549837900,3610177550118822,3610177550230122,3610177550245642,3610177550717025,3610177551479150,3610177551488920,1,5,40,4,model.layers.2.self_attn.indexer.k_cache
3610177552190875,3610177552362896,3610177552364066,3610177552364786,3610177552464077,3610177552478527,3610177552563067,3610177552616618,3610177552624628,0,5,40,4,model.layers.2.self_attn.attn
3610177553346722,3610177553512824,3610177553514224,3610177553515054,3610177553612954,3610177553626894,3610177554029987,3610177554033877,3610177554041407,0,5,40,128,model.layers.3.self_attn.attn
3610177554761372,3610177554930793,3610177554932003,3610177554932753,3610177555030883,3610177555043363,3610177555446686,3610177555450686,3610177555457876,0,5,40,1,model.layers.0.self_attn.swa_cache
3610177556199131,3610177556366222,3610177556367512,3610177556368412,3610177556464303,3610177556477133,3610177556556693,3610177556559193,3610177556566303,0,5,40,1,model.layers.1.self_attn.swa_cache
3610177557277548,3610177557438629,3610177557439889,3610177557440729,3610177557538020,3610177557551030,3610177557628830,3610177557631040,3610177557637950,0,5,40,1,model.layers.2.self_attn.compressor.state_cache
3610177558231314,3610177558406785,3610177558408175,3610177558408955,3610177558507096,3610177558519216,3610177558598276,3610177558600246,3610177558607117,0,5,40,1,model.layers.2.self_attn.indexer.compressor.state_cache
3610177559345481,3610177559514042,3610177559515212,3610177559515902,3610177559614823,3610177559627073,3610177559707464,3610177559709954,3610177559717174,0,5,40,1,model.layers.3.self_attn.compressor.state_cache
3610177615715956,3610177616280340,3610177616357720,3610177616658392,3610177616799793,3610177616815703,3610177617321567,3610177618113532,3610177618123522,1,4,32,4,model.layers.2.self_attn.indexer.k_cache
3610177618830906,3610177619002248,3610177619003448,3610177619004208,3610177619105788,3610177619120158,3610177619206029,3610177619259669,3610177619267739,0,4,32,4,model.layers.2.self_attn.attn
3610177619990474,3610177620180665,3610177620182175,3610177620183025,3610177620282856,3610177620297826,3610177620703969,3610177620707899,3610177620714799,0,4,32,128,model.layers.3.self_attn.attn
3610177621476604,3610177621644645,3610177621645925,3610177621646655,3610177621746725,3610177621759395,3610177622169188,3610177622172948,3610177622180038,0,4,32,1,model.layers.0.self_attn.swa_cache
3610177622897553,3610177623064484,3610177623065624,3610177623066304,3610177623165864,3610177623178625,3610177623260245,3610177623262715,3610177623270065,0,4,32,1,model.layers.1.self_attn.swa_cache
3610177623979700,3610177624170221,3610177624171661,3610177624172491,3610177624270022,3610177624283052,3610177624362122,3610177624364752,3610177624372422,0,4,32,1,model.layers.2.self_attn.compressor.state_cache
3610177624965306,3610177625128877,3610177625130137,3610177625130877,3610177625227658,3610177625240678,3610177625322368,3610177625324438,3610177625331868,0,4,32,1,model.layers.2.self_attn.indexer.compressor.state_cache
3610177626074333,3610177626238494,3610177626239824,3610177626240654,3610177626336665,3610177626349165,3610177626426446,3610177626428946,3610177626435786,0,4,32,1,model.layers.3.self_attn.compressor.state_cache
3610177680368865,3610177680896098,3610177680973529,3610177681263831,3610177681376471,3610177681392111,3610177681848224,3610177682613959,3610177682623649,1,4,32,4,model.layers.2.self_attn.indexer.k_cache
3610177683300624,3610177683470435,3610177683471785,3610177683472595,3610177683573366,3610177683587616,3610177683671586,3610177683723836,3610177683731747,0,4,32,4,model.layers.2.self_attn.attn
3610177684471771,3610177684638642,3610177684639802,3610177684640562,3610177684738443,3610177684752713,3610177685169886,3610177685173896,3610177685180996,0,4,32,128,model.layers.3.self_attn.attn
3610177685904201,3610177686072462,3610177686073852,3610177686074532,3610177686173982,3610177686186682,3610177686599755,3610177686603325,3610177686610385,0,4,32,1,model.layers.0.self_attn.swa_cache
3610177687326300,3610177687495241,3610177687496481,3610177687497321,3610177687597982,3610177687610442,3610177687691132,3610177687693462,3610177687700212,0,4,32,1,model.layers.1.self_attn.swa_cache
3610177688410047,3610177688574348,3610177688575788,3610177688576558,3610177688674999,3610177688687239,3610177688767589,3610177688769949,3610177688776509,0,4,32,1,model.layers.2.self_attn.compressor.state_cache
3610177689374823,3610177689542824,3610177689544054,3610177689544804,3610177689642215,3610177689654935,3610177689732875,3610177689734925,3610177689742045,0,4,32,1,model.layers.2.self_attn.indexer.compressor.state_cache
3610177690511530,3610177690675881,3610177690677161,3610177690677951,3610177690775802,3610177690788802,3610177690869143,3610177690871633,3610177690878603,0,4,32,1,model.layers.3.self_attn.compressor.state_cache
3610177744261278,3610177744794612,3610177744872682,3610177745167364,3610177745284525,3610177745299525,3610177745809778,3610177746590013,3610177746599963,1,4,32,4,model.layers.2.self_attn.indexer.k_cache
3610177747295928,3610177747468229,3610177747469509,3610177747470329,3610177747568450,3610177747583330,3610177747667130,3610177747718691,3610177747726411,0,4,32,4,model.layers.2.self_attn.attn
3610177748464625,3610177748633847,3610177748635107,3610177748635887,3610177748733167,3610177748748057,3610177749144810,3610177749148890,3610177749155610,0,4,32,128,model.layers.3.self_attn.attn
3610177749908975,3610177750078996,3610177750080296,3610177750081056,3610177750181147,3610177750193457,3610177750601659,3610177750605799,3610177750612779,0,4,32,1,model.layers.0.self_attn.swa_cache
3610177751329874,3610177751495225,3610177751496445,3610177751497185,3610177751596266,3610177751608916,3610177751689226,3610177751691636,3610177751698616,0,4,32,1,model.layers.1.self_attn.swa_cache
3610177752417171,3610177752586682,3610177752588062,3610177752588942,3610177752685483,3610177752697693,3610177752778443,3610177752780813,3610177752787733,0,4,32,1,model.layers.2.self_attn.compressor.state_cache
3610177753378247,3610177753547158,3610177753548398,3610177753549118,3610177753646059,3610177753658169,3610177753736690,3610177753738620,3610177753745310,0,4,32,1,model.layers.2.self_attn.indexer.compressor.state_cache
3610177754497054,3610177754663816,3610177754665236,3610177754665946,3610177754762626,3610177754774606,3610177754854027,3610177754856677,3610177754863277,0,4,32,1,model.layers.3.self_attn.compressor.state_cache
3610177807659839,3610177808203812,3610177808281983,3610177808564844,3610177808676255,3610177808692505,3610177809144058,3610177809865093,3610177809874703,1,4,32,4,model.layers.2.self_attn.indexer.k_cache
3610177810545137,3610177810712768,3610177810713978,3610177810714648,3610177810814249,3610177810828419,3610177810913240,3610177810964030,3610177810972040,0,4,32,4,model.layers.2.self_attn.attn
3610177811681325,3610177811848196,3610177811849396,3610177811850016,3610177811949206,3610177811963396,3610177812387779,3610177812391929,3610177812399059,0,4,32,128,model.layers.3.self_attn.attn
3610177813118404,3610177813286645,3610177813287925,3610177813288585,3610177813386586,3610177813399446,3610177813803228,3610177813807358,3610177813814728,0,4,32,1,model.layers.0.self_attn.swa_cache
3610177814534333,3610177814700474,3610177814701704,3610177814702374,3610177814798845,3610177814811605,3610177814892935,3610177814895525,3610177814902615,0,4,32,1,model.layers.1.self_attn.swa_cache
3610177815601110,3610177815772651,3610177815773771,3610177815774501,3610177815872672,3610177815884612,3610177815965442,3610177815968042,3610177815974932,0,4,32,1,model.layers.2.self_attn.compressor.state_cache
3610177816583086,3610177816746747,3610177816747917,3610177816748637,3610177816850328,3610177816862648,3610177816941829,3610177816943789,3610177816951129,0,4,32,1,model.layers.2.self_attn.indexer.compressor.state_cache
3610177817691723,3610177817856645,3610177817857785,3610177817858565,3610177817955785,3610177817967805,3610177818047536,3610177818050006,3610177818056766,0,4,32,1,model.layers.3.self_attn.compressor.state_cache
3610177870742237,3610177871255860,3610177871332221,3610177871620922,3610177871732003,3610177871748283,3610177872224146,3610177873006911,3610177873017111,1,4,32,4,model.layers.2.self_attn.indexer.k_cache
3610177873708086,3610177873871967,3610177873872907,3610177873873627,3610177873973168,3610177873987858,3610177874068918,3610177874120489,3610177874128459,0,4,32,4,model.layers.2.self_attn.attn
3610177874845613,3610177875009434,3610177875010644,3610177875011444,3610177875108585,3610177875123025,3610177875519318,3610177875523288,3610177875530188,0,4,32,128,model.layers.3.self_attn.attn
3610177876267863,3610177876431824,3610177876432994,3610177876433724,3610177876532304,3610177876545244,3610177876951507,3610177876955647,3610177876962397,0,4,32,1,model.layers.0.self_attn.swa_cache
3610177877688832,3610177877855123,3610177877856123,3610177877856843,3610177877956143,3610177877969124,3610177878048314,3610177878050714,3610177878057924,0,4,32,1,model.layers.1.self_attn.swa_cache
3610177878760759,3610177878923450,3610177878924600,3610177878925370,3610177879022420,3610177879034420,3610177879114291,3610177879116851,3610177879124051,0,4,32,1,model.layers.2.self_attn.compressor.state_cache
3610177879716545,3610177879884196,3610177879885696,3610177879886386,3610177879985337,3610177879997357,3610177880093617,3610177880095377,3610177880102417,0,4,32,1,model.layers.2.self_attn.indexer.compressor.state_cache
3610177880843002,3610177881008573,3610177881009743,3610177881010513,3610177881110134,3610177881122494,3610177881201804,3610177881204304,3610177881211134,0,4,32,1,model.layers.3.self_attn.compressor.state_cache
3610177933797095,3610177934323528,3610177934400359,3610177934668050,3610177934779551,3610177934794531,3610177935254904,3610177936512292,3610177936521652,1,4,32,4,model.layers.2.self_attn.indexer.k_cache
3610177937186117,3610177937351288,3610177937352468,3610177937353188,3610177937450988,3610177937465969,3610177937547689,3610177937600359,3610177937607809,0,4,32,4,model.layers.2.self_attn.attn
3610177938323984,3610177938495645,3610177938496915,3610177938497675,3610177938594746,3610177938609086,3610177939021669,3610177939025839,3610177939032449,0,4,32,128,model.layers.3.self_attn.attn
3610177939750603,3610177939923614,3610177939924834,3610177939925594,3610177940035005,3610177940048805,3610177940457978,3610177940461938,3610177940469118,0,4,32,1,model.layers.0.self_attn.swa_cache
3610177941234203,3610177941403244,3610177941404404,3610177941405154,3610177941504495,3610177941517485,3610177941598075,3610177941600425,3610177941607595,0,4,32,1,model.layers.1.self_attn.swa_cache
3610177942314380,3610177942482161,3610177942483401,3610177942484161,3610177942578722,3610177942590562,3610177942669122,3610177942671402,3610177942678522,0,4,32,1,model.layers.2.self_attn.compressor.state_cache
3610177943264636,3610177943433137,3610177943434297,3610177943435047,3610177943532718,3610177943545098,3610177943625568,3610177943627788,3610177943634718,0,4,32,1,model.layers.2.self_attn.indexer.compressor.state_cache
3610177944383383,3610177944543714,3610177944545094,3610177944545824,3610177944643925,3610177944656265,3610177944736526,3610177944739086,3610177944745766,0,4,32,1,model.layers.3.self_attn.compressor.state_cache
3610177997324816,3610177997849229,3610177997925530,3610177998194782,3610177998306012,3610177998322032,3610177998803555,3610177999901013,3610177999910213,1,4,32,4,model.layers.2.self_attn.indexer.k_cache
3610178000608247,3610178000777248,3610178000778708,3610178000779518,3610178000877389,3610178000892119,3610178000977640,3610178001030800,3610178001038590,0,4,32,4,model.layers.2.self_attn.attn
3610178001762055,3610178001934926,3610178001936136,3610178001936856,3610178002038656,3610178002053417,3610178002459249,3610178002462989,3610178002470109,0,4,32,128,model.layers.3.self_attn.attn
3610178003194404,3610178003366915,3610178003368175,3610178003368925,3610178003468096,3610178003481066,3610178003892638,3610178003896588,3610178003903828,0,4,32,1,model.layers.0.self_attn.swa_cache
3610178004649203,3610178004815334,3610178004816574,3610178004817314,3610178004916335,3610178004928875,3610178005008776,3610178005010876,3610178005018096,0,4,32,1,model.layers.1.self_attn.swa_cache
3610178005725780,3610178005890741,3610178005892031,3610178005892761,3610178005991372,3610178006003472,3610178006082943,3610178006085453,3610178006092453,0,4,32,1,model.layers.2.self_attn.compressor.state_cache
3610178006715147,3610178006879358,3610178006880618,3610178006881358,3610178006978198,3610178006990908,3610178007070249,3610178007072229,3610178007078979,0,4,32,1,model.layers.2.self_attn.indexer.compressor.state_cache
3610178007811934,3610178007972375,3610178007973685,3610178007974505,3610178008086596,3610178008099296,3610178008179496,3610178008182056,3610178008189076,0,4,32,1,model.layers.3.self_attn.compressor.state_cache
3610178061523581,3610178062057125,3610178062134785,3610178062484768,3610178062601778,3610178062617938,3610178063135742,3610178063923047,3610178063932497,1,4,32,4,model.layers.2.self_attn.indexer.k_cache
3610178064644672,3610178064826213,3610178064827413,3610178064828143,3610178064927873,3610178064941793,3610178065027244,3610178065079684,3610178065087614,0,4,32,4,model.layers.2.self_attn.attn
3610178065803059,3610178065970000,3610178065971180,3610178065971950,3610178066068441,3610178066082741,3610178066497164,3610178066501054,3610178066507984,0,4,32,128,model.layers.3.self_attn.attn
3610178067225638,3610178067394819,3610178067396099,3610178067396859,3610178067498560,3610178067511730,3610178067913603,3610178067917313,3610178067924373,0,4,32,1,model.layers.0.self_attn.swa_cache
3610178068660558,3610178068827939,3610178068829259,3610178068829979,3610178068928399,3610178068941139,3610178069020020,3610178069022320,3610178069029400,0,4,32,1,model.layers.1.self_attn.swa_cache
3610178069726644,3610178069890756,3610178069891976,3610178069892666,3610178069991456,3610178070003716,3610178070084927,3610178070087267,3610178070094367,0,4,32,1,model.layers.2.self_attn.compressor.state_cache
3610178070688891,3610178070855792,3610178070856862,3610178070857532,3610178070956912,3610178070969012,3610178071048963,3610178071050903,3610178071058023,0,4,32,1,model.layers.2.self_attn.indexer.compressor.state_cache
3610178071787598,3610178071952889,3610178071954059,3610178071954819,3610178072064250,3610178072076930,3610178072157840,3610178072160400,3610178072167350,0,4,32,1,model.layers.3.self_attn.compressor.state_cache
3610178125305614,3610178125833898,3610178125908958,3610178126187480,3610178126299291,3610178126314921,3610178126783454,3610178127541029,3610178127550519,1,4,32,4,model.layers.2.self_attn.indexer.k_cache
3610178128254673,3610178128423824,3610178128425144,3610178128425824,3610178128524385,3610178128538795,3610178128625066,3610178128677146,3610178128684646,0,4,32,4,model.layers.2.self_attn.attn
3610178129399191,3610178129567242,3610178129568502,3610178129569282,3610178129667452,3610178129682102,3610178130077265,3610178130081325,3610178130088315,0,4,32,128,model.layers.3.self_attn.attn
3610178130811450,3610178130981291,3610178130982471,3610178130983261,3610178131079941,3610178131092472,3610178131496394,3610178131500424,3610178131507404,0,4,32,1,model.layers.0.self_attn.swa_cache
3610178132237709,3610178132403130,3610178132404290,3610178132404980,3610178132505201,3610178132518141,3610178132595611,3610178132597821,3610178132604911,0,4,32,1,model.layers.1.self_attn.swa_cache
3610178133307776,3610178133474197,3610178133475387,3610178133476127,3610178133571558,3610178133583738,3610178133661278,3610178133663838,3610178133670448,0,4,32,1,model.layers.2.self_attn.compressor.state_cache
3610178134259752,3610178134425603,3610178134426723,3610178134427433,3610178134522744,3610178134534964,3610178134614544,3610178134616524,3610178134623214,0,4,32,1,model.layers.2.self_attn.indexer.compressor.state_cache
3610178135355739,3610178135517860,3610178135518860,3610178135519660,3610178135617421,3610178135630411,3610178135710301,3610178135712391,3610178135719522,0,4,32,1,model.layers.3.self_attn.compressor.state_cache
3610178188669264,3610178189203588,3610178189280848,3610178189572940,3610178189686751,3610178189702261,3610178190179224,3610178190951269,3610178190961079,1,4,32,4,model.layers.2.self_attn.indexer.k_cache
3610178191656124,3610178191829775,3610178191831005,3610178191831885,3610178191929215,3610178191944015,3610178192047846,3610178192103046,3610178192110896,0,4,32,4,model.layers.2.self_attn.attn
3610178192825061,3610178192990652,3610178192991732,3610178192992512,3610178193090523,3610178193105113,3610178193514686,3610178193518546,3610178193525796,0,4,32,128,model.layers.3.self_attn.attn
3610178194242460,3610178194418091,3610178194419371,3610178194420221,3610178194519232,3610178194531962,3610178194936975,3610178194940595,3610178194947795,0,4,32,1,model.layers.0.self_attn.swa_cache
3610178195655469,3610178195827411,3610178195828641,3610178195829351,3610178195926751,3610178195939081,3610178196031252,3610178196033782,3610178196041042,0,4,32,1,model.layers.1.self_attn.swa_cache
3610178196749286,3610178196917848,3610178196919008,3610178196919868,3610178197019688,3610178197032168,3610178197112669,3610178197115029,3610178197121749,0,4,32,1,model.layers.2.self_attn.compressor.state_cache
3610178197712543,3610178197876214,3610178197877384,3610178197878034,3610178197975034,3610178197987624,3610178198072845,3610178198074715,3610178198081735,0,4,32,1,model.layers.2.self_attn.indexer.compressor.state_cache
3610178198818270,3610178198979411,3610178198980531,3610178198981081,3610178199077782,3610178199090752,3610178199169662,3610178199172012,3610178199179302,0,4,32,1,model.layers.3.self_attn.compressor.state_cache
3610178252557898,3610178253100661,3610178253177502,3610178253477404,3610178253591884,3610178253607714,3610178254119478,3610178254910783,3610178254920403,1,4,32,4,model.layers.2.self_attn.indexer.k_cache
3610178255608647,3610178255778678,3610178255779828,3610178255780558,3610178255877829,3610178255891899,3610178255973730,3610178256038700,3610178256046730,0,4,32,4,model.layers.2.self_attn.attn
3610178256767375,3610178256932956,3610178256934206,3610178256934906,3610178257031997,3610178257045927,3610178257445779,3610178257449749,3610178257456469,0,4,32,128,model.layers.3.self_attn.attn
3610178258177754,3610178258341545,3610178258342725,3610178258343435,3610178258441956,3610178258454756,3610178258857478,3610178258861548,3610178258868348,0,4,32,1,model.layers.0.self_attn.swa_cache
3610178259612063,3610178259783034,3610178259784334,3610178259785054,3610178259882935,3610178259895265,3610178259977966,3610178259980536,3610178259987296,0,4,32,1,model.layers.1.self_attn.swa_cache
3610178260704700,3610178260870641,3610178260871851,3610178260872551,3610178260967052,3610178260979262,3610178261059943,3610178261062103,3610178261069743,0,4,32,1,model.layers.2.self_attn.compressor.state_cache
3610178261663037,3610178261827288,3610178261828368,3610178261829068,3610178261926858,3610178261939018,3610178262019359,3610178262021299,3610178262028559,0,4,32,1,model.layers.2.self_attn.indexer.compressor.state_cache
3610178262760294,3610178262923585,3610178262924705,3610178262925435,3610178263021065,3610178263033695,3610178263114206,3610178263116606,3610178263123626,0,4,32,1,model.layers.3.self_attn.compressor.state_cache
3610178316202750,3610178316784883,3610178316861294,3610178317149976,3610178317259676,3610178317275046,3610178317720219,3610178318472044,3610178318481514,1,4,32,4,model.layers.2.self_attn.indexer.k_cache
3610178319143939,3610178319312720,3610178319314050,3610178319314720,3610178319413960,3610178319428680,3610178319509871,3610178319560771,3610178319568411,0,4,32,4,model.layers.2.self_attn.attn
3610178320298206,3610178320468937,3610178320470227,3610178320471037,3610178320569418,3610178320584068,3610178320991191,3610178320995311,3610178321002121,0,4,32,128,model.layers.3.self_attn.attn
3610178321724255,3610178321893506,3610178321894746,3610178321895466,3610178321993467,3610178322005897,3610178322410680,3610178322414450,3610178322421660,0,4,32,1,model.layers.0.self_attn.swa_cache
3610178323138964,3610178323298955,3610178323300115,3610178323300835,3610178323399336,3610178323412336,3610178323493037,3610178323495577,3610178323502347,0,4,32,1,model.layers.1.self_attn.swa_cache
3610178324212161,3610178324387232,3610178324388332,3610178324389072,3610178324485573,3610178324497713,3610178324578204,3610178324580724,3610178324587824,0,4,32,1,model.layers.2.self_attn.compressor.state_cache
3610178325175648,3610178325340929,3610178325342109,3610178325342879,3610178325439769,3610178325451599,3610178325529380,3610178325531230,3610178325538190,0,4,32,1,model.layers.2.self_attn.indexer.compressor.state_cache
3610178326269345,3610178326431556,3610178326432816,3610178326433596,3610178326529106,3610178326541026,3610178326620517,3610178326622677,3610178326629577,0,4,32,1,model.layers.3.self_attn.compressor.state_cache
3610178379665090,3610178380235404,3610178380316244,3610178380629386,3610178380750777,3610178380767007,3610178381322741,3610178382145016,3610178382155166,1,4,32,4,model.layers.2.self_attn.indexer.k_cache
3610178382837831,3610178383017042,3610178383018232,3610178383018972,3610178383120423,3610178383135393,3610178383218933,3610178383268944,3610178383276504,0,4,32,4,model.layers.2.self_attn.attn
3610178383982378,3610178384177039,3610178384178459,3610178384179259,3610178384278760,3610178384294030,3610178384688683,3610178384692943,3610178384700103,0,4,32,128,model.layers.3.self_attn.attn
3610178385414567,3610178385579038,3610178385580218,3610178385580878,3610178385677609,3610178385690189,3610178386080132,3610178386083942,3610178386091012,0,4,32,1,model.layers.0.self_attn.swa_cache
3610178386798596,3610178386964237,3610178386965167,3610178386965887,3610178387064048,3610178387077098,3610178387157819,3610178387160249,3610178387167699,0,4,32,1,model.layers.1.self_attn.swa_cache
3610178387869143,3610178388050344,3610178388051544,3610178388052314,3610178388154395,3610178388167585,3610178388251726,3610178388254106,3610178388261346,0,4,32,1,model.layers.2.self_attn.compressor.state_cache
3610178388847080,3610178389010231,3610178389011561,3610178389012291,3610178389108171,3610178389120431,3610178389198252,3610178389200252,3610178389206912,0,4,32,1,model.layers.2.self_attn.indexer.compressor.state_cache
3610178389935127,3610178390101208,3610178390102358,3610178390103078,3610178390198038,3610178390210618,3610178390290519,3610178390292889,3610178390299549,0,4,32,1,model.layers.3.self_attn.compressor.state_cache
3610178445557937,3610178446094680,3610178446170401,3610178446453502,3610178446564643,3610178446580133,3610178447053396,3610178448672447,3610178448681407,1,4,32,4,model.layers.2.self_attn.indexer.k_cache
3610178449354881,3610178449537912,3610178449539322,3610178449540212,3610178449642093,3610178449656903,3610178449743564,3610178449796884,3610178449804464,0,4,32,4,model.layers.2.self_attn.attn
3610178450525829,3610178450691880,3610178450693130,3610178450693910,3610178450790380,3610178450804791,3610178451202103,3610178451205823,3610178451212903,0,4,32,128,model.layers.3.self_attn.attn
3610178451924758,3610178452119179,3610178452120439,3610178452121189,3610178452220200,3610178452232920,3610178452735903,3610178452740873,3610178452748323,0,4,32,1,model.layers.0.self_attn.swa_cache
3610178453520708,3610178453708079,3610178453709409,3610178453710269,3610178453819770,3610178453833930,3610178453922241,3610178453924821,3610178453932531,0,4,32,1,model.layers.1.self_attn.swa_cache
3610178454691796,3610178454871297,3610178454872497,3610178454873267,3610178454979478,3610178454992798,3610178455079868,3610178455082748,3610178455090498,0,4,32,1,model.layers.2.self_attn.compressor.state_cache
3610178455727012,3610178455913414,3610178455914854,3610178455915624,3610178456033264,3610178456048364,3610178456138345,3610178456140435,3610178456148395,0,4,32,1,model.layers.2.self_attn.indexer.compressor.state_cache
3610178456942430,3610178457123931,3610178457125231,3610178457126021,3610178457229982,3610178457243822,3610178457330873,3610178457333763,3610178457341463,0,4,32,1,model.layers.3.self_attn.compressor.state_cache
3610178510560937,3610178511089301,3610178511166101,3610178511439153,3610178511549854,3610178511564824,3610178512072187,3610178512812452,3610178512821912,1,4,32,4,model.layers.2.self_attn.indexer.k_cache
3610178513484906,3610178513656497,3610178513657707,3610178513658467,3610178513757758,3610178513772148,3610178513855279,3610178513906139,3610178513913579,0,4,32,4,model.layers.2.self_attn.attn
3610178514623654,3610178514789645,3610178514790745,3610178514791535,3610178514889155,3610178514903625,3610178515303318,3610178515307298,3610178515313898,0,4,32,128,model.layers.3.self_attn.attn
3610178516041003,3610178516215774,3610178516216994,3610178516217764,3610178516318725,3610178516331085,3610178516728717,3610178516732837,3610178516739687,0,4,32,1,model.layers.0.self_attn.swa_cache
3610178517450432,3610178517617303,3610178517618673,3610178517619443,3610178517717894,3610178517730584,3610178517808634,3610178517811124,3610178517818114,0,4,32,1,model.layers.1.self_attn.swa_cache
3610178518519209,3610178518690140,3610178518691470,3610178518692230,3610178518791201,3610178518803021,3610178518882961,3610178518885351,3610178518892421,0,4,32,1,model.layers.2.self_attn.compressor.state_cache
3610178519475865,3610178519645456,3610178519646696,3610178519647446,3610178519745887,3610178519759597,3610178519837897,3610178519839977,3610178519847067,0,4,32,1,model.layers.2.self_attn.indexer.compressor.state_cache
3610178520585712,3610178520748353,3610178520749553,3610178520750353,3610178520848424,3610178520861374,3610178520940244,3610178520942944,3610178520949785,0,4,32,1,model.layers.3.self_attn.compressor.state_cache
3610178574627182,3610178575156515,3610178575234256,3610178575524898,3610178575639278,3610178575654489,3610178576134512,3610178577125018,3610178577133988,1,3,24,4,model.layers.2.self_attn.indexer.k_cache
3610178577817403,3610178577989094,3610178577990194,3610178577990834,3610178578089044,3610178578103664,3610178578185205,3610178578238085,3610178578245655,0,3,24,4,model.layers.2.self_attn.attn
3610178578954790,3610178579120101,3610178579121231,3610178579121921,3610178579219122,3610178579233082,3610178579633494,3610178579637114,3610178579644074,0,3,24,128,model.layers.3.self_attn.attn
3610178580418549,3610178580589760,3610178580590850,3610178580591560,3610178580689181,3610178580701511,3610178581099164,3610178581102654,3610178581109374,0,3,24,1,model.layers.0.self_attn.swa_cache
3610178581826988,3610178582001570,3610178582002790,3610178582003470,3610178582104080,3610178582115940,3610178582197331,3610178582199771,3610178582206811,0,3,24,1,model.layers.1.self_attn.swa_cache
3610178582961276,3610178583127587,3610178583128637,3610178583129357,3610178583227258,3610178583239618,3610178583318858,3610178583321148,3610178583328048,0,3,24,1,model.layers.2.self_attn.compressor.state_cache
3610178583921862,3610178584101763,3610178584103023,3610178584103763,3610178584201854,3610178584213704,3610178584292494,3610178584294344,3610178584301164,0,3,24,1,model.layers.2.self_attn.indexer.compressor.state_cache
3610178585046689,3610178585210530,3610178585211600,3610178585212290,3610178585308421,3610178585320491,3610178585402292,3610178585404812,3610178585411772,0,3,24,1,model.layers.3.self_attn.compressor.state_cache
3610178638506085,3610178639032109,3610178639107129,3610178639389171,3610178639501992,3610178639516662,3610178639958295,3610178640763030,3610178640772460,1,3,24,4,model.layers.2.self_attn.indexer.k_cache
3610178641440494,3610178641605625,3610178641606855,3610178641607625,3610178641704166,3610178641718806,3610178641800517,3610178641851917,3610178641859397,0,3,24,4,model.layers.2.self_attn.attn
3610178642566932,3610178642732743,3610178642734113,3610178642734823,3610178642829663,3610178642844443,3610178643253726,3610178643257746,3610178643264596,0,3,24,128,model.layers.3.self_attn.attn
3610178643977811,3610178644172572,3610178644173772,3610178644174512,3610178644273633,3610178644286073,3610178644690675,3610178644694585,3610178644701535,0,3,24,1,model.layers.0.self_attn.swa_cache
3610178645416760,3610178645585271,3610178645586371,3610178645587061,3610178645684772,3610178645697062,3610178645775782,3610178645778182,3610178645784842,0,3,24,1,model.layers.1.self_attn.swa_cache
3610178646483377,3610178646654358,3610178646655608,3610178646656378,3610178646753509,3610178646765389,3610178646844369,3610178646846739,3610178646853739,0,3,24,1,model.layers.2.self_attn.compressor.state_cache
3610178647439503,3610178647603584,3610178647604784,3610178647605524,3610178647701355,3610178647713395,3610178647793385,3610178647795235,3610178647802405,0,3,24,1,model.layers.2.self_attn.indexer.compressor.state_cache
3610178648548900,3610178648717251,3610178648718421,3610178648719211,3610178648815912,3610178648828352,3610178648906143,3610178648908673,3610178648915923,0,3,24,1,model.layers.3.self_attn.compressor.state_cache
3610178701056550,3610178701577793,3610178701654154,3610178701924976,3610178702033086,3610178702048796,3610178702503649,3610178703263934,3610178703273454,1,3,24,4,model.layers.2.self_attn.indexer.k_cache
3610178703937729,3610178704128830,3610178704129950,3610178704130820,3610178704230140,3610178704244951,3610178704329561,3610178704382241,3610178704389792,0,3,24,4,model.layers.2.self_attn.attn
3610178705105466,3610178705275337,3610178705276587,3610178705277237,3610178705376468,3610178705391078,3610178705791141,3610178705794861,3610178705801761,0,3,24,128,model.layers.3.self_attn.attn
3610178706528695,3610178706694996,3610178706696236,3610178706696876,3610178706794217,3610178706806717,3610178707210900,3610178707214490,3610178707221160,0,3,24,1,model.layers.0.self_attn.swa_cache
3610178707936274,3610178708124266,3610178708125526,3610178708126306,3610178708224696,3610178708237146,3610178708316557,3610178708318977,3610178708326157,0,3,24,1,model.layers.1.self_attn.swa_cache
3610178709026472,3610178709191863,3610178709193043,3610178709193763,3610178709292073,3610178709304423,3610178709384694,3610178709387014,3610178709393884,0,3,24,1,model.layers.2.self_attn.compressor.state_cache
3610178709982018,3610178710145429,3610178710146549,3610178710147239,3610178710244949,3610178710257049,3610178710334510,3610178710336370,3610178710342750,0,3,24,1,model.layers.2.self_attn.indexer.compressor.state_cache
3610178711071705,3610178711238586,3610178711239806,3610178711240496,3610178711337026,3610178711349577,3610178711426097,3610178711428397,3610178711435107,0,3,24,1,model.layers.3.self_attn.compressor.state_cache
3610178764804292,3610178765336426,3610178765412976,3610178765680118,3610178765791509,3610178765806409,3610178766254032,3610178767047777,3610178767057087,1,3,24,4,model.layers.2.self_attn.indexer.k_cache
3610178767775962,3610178767945933,3610178767947223,3610178767947913,3610178768063593,3610178768078104,3610178768163314,3610178768215114,3610178768222734,0,3,24,4,model.layers.2.self_attn.attn
3610178768930569,3610178769097940,3610178769099300,3610178769099960,3610178769198041,3610178769212471,3610178769624884,3610178769628654,3610178769635714,0,3,24,128,model.layers.3.self_attn.attn
3610178770390978,3610178770558810,3610178770559940,3610178770560670,3610178770659250,3610178770671000,3610178771060543,3610178771064083,3610178771071003,0,3,24,1,model.layers.0.self_attn.swa_cache
3610178771784147,3610178771953149,3610178771954419,3610178771955269,3610178772063699,3610178772076569,3610178772161450,3610178772163730,3610178772171060,0,3,24,1,model.layers.1.self_attn.swa_cache
3610178772868764,3610178773035566,3610178773036796,3610178773037566,3610178773135796,3610178773148186,3610178773226677,3610178773228857,3610178773236337,0,3,24,1,model.layers.2.self_attn.compressor.state_cache
3610178773829121,3610178773995672,3610178773996892,3610178773997642,3610178774094512,3610178774106982,3610178774187693,3610178774189953,3610178774196973,0,3,24,1,model.layers.2.self_attn.indexer.compressor.state_cache
3610178774921068,3610178775084489,3610178775085589,3610178775086419,3610178775182819,3610178775195340,3610178775275300,3610178775277660,3610178775284790,0,3,24,1,model.layers.3.self_attn.compressor.state_cache
3610178829168859,3610178829701372,3610178829779663,3610178830073025,3610178830194965,3610178830210815,3610178830696629,3610178831494194,3610178831503794,1,2,16,4,model.layers.2.self_attn.indexer.k_cache
3610178832228178,3610178832392730,3610178832393960,3610178832394800,3610178832493950,3610178832508580,3610178832590641,3610178832640691,3610178832648201,0,2,16,4,model.layers.2.self_attn.attn
3610178833364926,3610178833532867,3610178833534137,3610178833534807,3610178833633098,3610178833647658,3610178834071380,3610178834075170,3610178834081920,0,2,16,128,model.layers.3.self_attn.attn
3610178834807725,3610178834976786,3610178834977936,3610178834978716,3610178835077037,3610178835089397,3610178835494870,3610178835498690,3610178835505270,0,2,16,1,model.layers.0.self_attn.swa_cache
3610178836231124,3610178836404445,3610178836405575,3610178836406345,3610178836503886,3610178836515896,3610178836594877,3610178836597257,3610178836604437,0,2,16,1,model.layers.1.self_attn.swa_cache
3610178837316971,3610178837486532,3610178837487852,3610178837488652,3610178837587083,3610178837599203,3610178837679614,3610178837682394,3610178837689284,0,2,16,1,model.layers.2.self_attn.compressor.state_cache
3610178838305048,3610178838472039,3610178838473259,3610178838473979,3610178838574160,3610178838586920,3610178838666610,3610178838668430,3610178838675320,0,2,16,1,model.layers.2.self_attn.indexer.compressor.state_cache
3610178839415125,3610178839576936,3610178839578286,3610178839578916,3610178839675357,3610178839688137,3610178839769447,3610178839771617,3610178839778477,0,2,16,1,model.layers.3.self_attn.compressor.state_cache
3610178893365214,3610178893923738,3610178894000648,3610178894274170,3610178894385851,3610178894400971,3610178894869954,3610178895652319,3610178895661869,1,1,8,4,model.layers.2.self_attn.indexer.k_cache
3610178896341913,3610178896508554,3610178896509754,3610178896510584,3610178896607155,3610178896621665,3610178896706206,3610178896758456,3610178896766076,0,1,8,4,model.layers.2.self_attn.attn
3610178897488681,3610178897654692,3610178897655822,3610178897656672,3610178897756962,3610178897771682,3610178898178995,3610178898182825,3610178898189835,0,1,8,128,model.layers.3.self_attn.attn
3610178898929870,3610178899093021,3610178899094201,3610178899094951,3610178899199352,3610178899211662,3610178899623874,3610178899627884,3610178899634764,0,1,8,1,model.layers.0.self_attn.swa_cache
3610178900370269,3610178900540230,3610178900541450,3610178900542150,3610178900641841,3610178900653821,3610178900734002,3610178900736622,3610178900743842,0,1,8,1,model.layers.1.self_attn.swa_cache
3610178901493317,3610178901661948,3610178901662988,3610178901663698,3610178901763598,3610178901775978,3610178901858059,3610178901860389,3610178901867379,0,1,8,1,model.layers.2.self_attn.compressor.state_cache
3610178902463063,3610178902625344,3610178902626584,3610178902627334,3610178902725584,3610178902737675,3610178902817165,3610178902819165,3610178902826515,0,1,8,1,model.layers.2.self_attn.indexer.compressor.state_cache
3610178903567770,3610178903734451,3610178903735771,3610178903736561,3610178903837522,3610178903849902,3610178903930252,3610178903932982,3610178903939972,0,1,8,1,model.layers.3.self_attn.compressor.state_cache
3610178958477625,3610178959028849,3610178959106299,3610178959402171,3610178959518242,3610178959533692,3610178960031085,3610178960810370,3610178960820140,1,1,8,4,model.layers.2.self_attn.indexer.k_cache
3610178961525115,3610178961694626,3610178961695806,3610178961696616,3610178961797727,3610178961812177,3610178961895907,3610178961948298,3610178961955918,0,1,8,4,model.layers.2.self_attn.attn
3610178962669792,3610178962834433,3610178962835733,3610178962836543,3610178962935304,3610178962949854,3610178963365497,3610178963369167,3610178963375937,0,1,8,128,model.layers.3.self_attn.attn
3610178964125752,3610178964296353,3610178964297513,3610178964298243,3610178964396713,3610178964409304,3610178964824626,3610178964828386,3610178964835276,0,1,8,1,model.layers.0.self_attn.swa_cache
3610178965562441,3610178965733152,3610178965734292,3610178965735072,3610178965835203,3610178965848183,3610178965928683,3610178965931523,3610178965938843,0,1,8,1,model.layers.1.self_attn.swa_cache
3610178966642268,3610178966807759,3610178966808869,3610178966809679,3610178966906570,3610178966919570,3610178966998850,3610178967001290,3610178967008180,0,1,8,1,model.layers.2.self_attn.compressor.state_cache
3610178967598374,3610178967767825,3610178967768985,3610178967769795,3610178967867256,3610178967879436,3610178967964026,3610178967966247,3610178967973147,0,1,8,1,model.layers.2.self_attn.indexer.compressor.state_cache
3610178968727171,3610178968890462,3610178968891752,3610178968892532,3610178968990053,3610178969002783,3610178969084944,3610178969087554,3610178969094644,0,1,8,1,model.layers.3.self_attn.compressor.state_cache
3610179021857115,3610179022384979,3610179022463729,3610179022735721,3610179022849012,3610179022864832,3610179023317355,3610179024111980,3610179024121490,1,1,8,4,model.layers.2.self_attn.indexer.k_cache
3610179024787714,3610179024956455,3610179024957675,3610179024958365,3610179025056166,3610179025070226,3610179025151596,3610179025200497,3610179025207987,0,1,8,4,model.layers.2.self_attn.attn
3610179025920171,3610179026088772,3610179026090042,3610179026090892,3610179026188563,3610179026202713,3610179026613036,3610179026616846,3610179026623916,0,1,8,128,model.layers.3.self_attn.attn
3610179027345441,3610179027511232,3610179027512492,3610179027513202,3610179027612712,3610179027624852,3610179028049435,3610179028053255,3610179028060175,0,1,8,1,model.layers.0.self_attn.swa_cache
3610179028780130,3610179028946841,3610179028947971,3610179028948891,3610179029047842,3610179029060492,3610179029139442,3610179029141802,3610179029148522,0,1,8,1,model.layers.1.self_attn.swa_cache
3610179029848497,3610179030012638,3610179030013858,3610179030014668,3610179030113079,3610179030125439,3610179030205699,3610179030208319,3610179030215329,0,1,8,1,model.layers.2.self_attn.compressor.state_cache
3610179030799413,3610179030959524,3610179030960734,3610179030961524,3610179031057995,3610179031070245,3610179031150145,3610179031151795,3610179031158405,0,1,8,1,model.layers.2.self_attn.indexer.compressor.state_cache
3610179031884550,3610179032063281,3610179032064461,3610179032065221,3610179032164602,3610179032176952,3610179032254462,3610179032256812,3610179032263592,0,1,8,1,model.layers.3.self_attn.compressor.state_cache
3610179084640571,3610179085172775,3610179085249085,3610179085519147,3610179085632698,3610179085648648,3610179086087921,3610179086849776,3610179086859576,1,1,8,4,model.layers.2.self_attn.indexer.k_cache
3610179087563030,3610179087737001,3610179087738251,3610179087738971,3610179087837562,3610179087852052,3610179087937363,3610179087988323,3610179087995973,0,1,8,4,model.layers.2.self_attn.attn
3610179088776838,3610179088947739,3610179088948769,3610179088949549,3610179089051300,3610179089065820,3610179089483683,3610179089487403,3610179089494383,0,1,8,128,model.layers.3.self_attn.attn
3610179090224677,3610179090386148,3610179090387488,3610179090388118,3610179090486739,3610179090499119,3610179090903322,3610179090907092,3610179090913782,0,1,8,1,model.layers.0.self_attn.swa_cache
3610179091634626,3610179091799308,3610179091800448,3610179091801198,3610179091900578,3610179091913418,3610179091993109,3610179091995709,3610179092013089,0,1,8,1,model.layers.1.self_attn.swa_cache
3610179092727384,3610179092886285,3610179092887335,3610179092888015,3610179092986105,3610179092998695,3610179093078786,3610179093081306,3610179093088396,0,1,8,1,model.layers.2.self_attn.compressor.state_cache
3610179093677070,3610179093840841,3610179093842071,3610179093842821,3610179093941591,3610179093953731,3610179094033022,3610179094034922,3610179094041492,0,1,8,1,model.layers.2.self_attn.indexer.compressor.state_cache
3610179094779157,3610179094943028,3610179094944258,3610179094944988,3610179095041569,3610179095053749,3610179095132989,3610179095135439,3610179095142479,0,1,8,1,model.layers.3.self_attn.compressor.state_cache
3610179147576418,3610179148131022,3610179148208842,3610179148484324,3610179148597495,3610179148613355,3610179149063988,3610179149804463,3610179149813363,1,1,8,4,model.layers.2.self_attn.indexer.k_cache
3610179150494427,3610179150666088,3610179150667368,3610179150668118,3610179150771369,3610179150786339,3610179150870820,3610179150923530,3610179150931260,0,1,8,4,model.layers.2.self_attn.attn
3610179151644625,3610179151808766,3610179151810096,3610179151810796,3610179151909336,3610179151923556,3610179152354319,3610179152358169,3610179152364769,0,1,8,128,model.layers.3.self_attn.attn
3610179153082624,3610179153251105,3610179153252305,3610179153253045,3610179153355116,3610179153368526,3610179153775188,3610179153779218,3610179153786419,0,1,8,1,model.layers.0.self_attn.swa_cache
3610179154505853,3610179154672754,3610179154673824,3610179154674474,3610179154772915,3610179154785875,3610179154865415,3610179154867525,3610179154874636,0,1,8,1,model.layers.1.self_attn.swa_cache
3610179155585880,3610179155749011,3610179155750091,3610179155750761,3610179155848742,3610179155861482,3610179155945532,3610179155948062,3610179155955303,0,1,8,1,model.layers.2.self_attn.compressor.state_cache
3610179156567856,3610179156727128,3610179156728268,3610179156728928,3610179156825388,3610179156837658,3610179156917159,3610179156919119,3610179156926169,0,1,8,1,model.layers.2.self_attn.indexer.compressor.state_cache
3610179157655224,3610179157824435,3610179157825665,3610179157826365,3610179157923715,3610179157935775,3610179158016076,3610179158018406,3610179158025206,0,1,8,1,model.layers.3.self_attn.compressor.state_cache
3610179210280334,3610179210807247,3610179210881958,3610179211172580,3610179211281620,3610179211296431,3610179211763944,3610179212544229,3610179212553439,1,1,8,4,model.layers.2.self_attn.indexer.k_cache
3610179213207893,3610179213377404,3610179213378464,3610179213379224,3610179213476205,3610179213490185,3610179213574385,3610179213627136,3610179213634956,0,1,8,4,model.layers.2.self_attn.attn
3610179214341900,3610179214515211,3610179214516371,3610179214517201,3610179214617902,3610179214631812,3610179215043225,3610179215047185,3610179215054055,0,1,8,128,model.layers.3.self_attn.attn
3610179215777700,3610179215948631,3610179215949881,3610179215950711,3610179216065961,3610179216078781,3610179216494654,3610179216498264,3610179216505024,0,1,8,1,model.layers.0.self_attn.swa_cache
3610179217227019,3610179217399800,3610179217400930,3610179217401780,3610179217503221,3610179217516471,3610179217598411,3610179217600791,3610179217607991,0,1,8,1,model.layers.1.self_attn.swa_cache
3610179218309476,3610179218475697,3610179218476857,3610179218477507,3610179218574478,3610179218586908,3610179218667068,3610179218669298,3610179218676288,0,1,8,1,model.layers.2.self_attn.compressor.state_cache
3610179219289712,3610179219456523,3610179219457653,3610179219458503,3610179219558804,3610179219570774,3610179219650605,3610179219652465,3610179219659395,0,1,8,1,model.layers.2.self_attn.indexer.compressor.state_cache
3610179220402089,3610179220572951,3610179220574131,3610179220574961,3610179220671271,3610179220682861,3610179220760302,3610179220762672,3610179220769522,0,1,8,1,model.layers.3.self_attn.compressor.state_cache
3610179273339642,3610179273864085,3610179273940606,3610179274209487,3610179274322168,3610179274337438,3610179274783391,3610179275528706,3610179275538356,1,1,8,4,model.layers.2.self_attn.indexer.k_cache
3610179276210420,3610179276379022,3610179276380142,3610179276380872,3610179276479352,3610179276493612,3610179276578423,3610179276632663,3610179276640273,0,1,8,4,model.layers.2.self_attn.attn
3610179277360488,3610179277531149,3610179277532319,3610179277533049,3610179277629500,3610179277643870,3610179278052332,3610179278056022,3610179278062982,0,1,8,128,model.layers.3.self_attn.attn
3610179278797457,3610179278959238,3610179278960418,3610179278961218,3610179279057919,3610179279069679,3610179279469942,3610179279473852,3610179279480462,0,1,8,1,model.layers.0.self_attn.swa_cache
3610179280214506,3610179280394097,3610179280395438,3610179280396228,3610179280496738,3610179280509368,3610179280591689,3610179280593909,3610179280600969,0,1,8,1,model.layers.1.self_attn.swa_cache
3610179281306853,3610179281469394,3610179281470644,3610179281471344,3610179281567065,3610179281578955,3610179281656696,3610179281658986,3610179281666156,0,1,8,1,model.layers.2.self_attn.compressor.state_cache
3610179282254770,3610179282420611,3610179282421871,3610179282422621,3610179282520621,3610179282536281,3610179282616182,3610179282618012,3610179282625062,0,1,8,1,model.layers.2.self_attn.indexer.compressor.state_cache
3610179283367397,3610179283533018,3610179283534268,3610179283535078,3610179283634888,3610179283647489,3610179283727289,3610179283729719,3610179283737019,0,1,8,1,model.layers.3.self_attn.compressor.state_cache
3610179336802412,3610179337333406,3610179337410936,3610179337711148,3610179337826889,3610179337842879,3610179338336482,3610179339090157,3610179339099527,1,1,8,4,model.layers.2.self_attn.indexer.k_cache
3610179339801512,3610179339975893,3610179339977223,3610179339978393,3610179340092234,3610179340107604,3610179340192904,3610179340246545,3610179340254185,0,1,8,4,model.layers.2.self_attn.attn
3610179341003160,3610179341173591,3610179341174891,3610179341175681,3610179341272891,3610179341287421,3610179341716434,3610179341721404,3610179341729724,0,1,8,128,model.layers.3.self_attn.attn
3610179342462979,3610179342635920,3610179342637040,3610179342637780,3610179342735411,3610179342747351,3610179343158043,3610179343161864,3610179343168764,0,1,8,1,model.layers.0.self_attn.swa_cache
3610179343888598,3610179344075889,3610179344077099,3610179344077869,3610179344180140,3610179344193320,3610179344274451,3610179344276781,3610179344283401,0,1,8,1,model.layers.1.self_attn.swa_cache
3610179344997125,3610179345160326,3610179345161546,3610179345162276,3610179345259517,3610179345271937,3610179345352118,3610179345354738,3610179345361668,0,1,8,1,model.layers.2.self_attn.compressor.state_cache
3610179345952562,3610179346114103,3610179346115203,3610179346115933,3610179346212913,3610179346225333,3610179346302234,3610179346304314,3610179346311164,0,1,8,1,model.layers.2.self_attn.indexer.compressor.state_cache
3610179347045039,3610179347209680,3610179347210720,3610179347211490,3610179347308700,3610179347320900,3610179347400501,3610179347402831,3610179347409531,0,1,8,1,model.layers.3.self_attn.compressor.state_cache
3610179402094865,3610179402616618,3610179402693689,3610179402978750,3610179403093991,3610179403108871,3610179403577794,3610179404392280,3610179404401560,1,1,8,4,model.layers.2.self_attn.indexer.k_cache
3610179405081054,3610179405252055,3610179405253475,3610179405254155,3610179405352296,3610179405366576,3610179405478257,3610179405537047,3610179405544997,0,1,8,4,model.layers.2.self_attn.attn
3610179406284862,3610179406450513,3610179406451663,3610179406452413,3610179406551164,3610179406565384,3610179406967506,3610179406971196,3610179406978016,0,1,8,128,model.layers.3.self_attn.attn
3610179407699271,3610179407863162,3610179407864352,3610179407865082,3610179407964173,3610179407976643,3610179408383135,3610179408387315,3610179408393985,0,1,8,1,model.layers.0.self_attn.swa_cache
3610179409126000,3610179409295591,3610179409296711,3610179409297441,3610179409394142,3610179409406672,3610179409488183,3610179409490893,3610179409497723,0,1,8,1,model.layers.1.self_attn.swa_cache
3610179410206227,3610179410370778,3610179410372008,3610179410372798,3610179410473199,3610179410485389,3610179410565930,3610179410568640,3610179410575510,0,1,8,1,model.layers.2.self_attn.compressor.state_cache
3610179411158893,3610179411321904,3610179411323124,3610179411323944,3610179411423265,3610179411435585,3610179411515496,3610179411517656,3610179411524226,0,1,8,1,model.layers.2.self_attn.indexer.compressor.state_cache
3610179412263480,3610179412432602,3610179412433782,3610179412434642,3610179412534622,3610179412547332,3610179412627843,3610179412629813,3610179412636673,0,1,8,1,model.layers.3.self_attn.compressor.state_cache
3610179465211243,3610179465735176,3610179465811007,3610179466081009,3610179466192109,3610179466206539,3610179466650462,3610179467393027,3610179467402777,1,1,8,4,model.layers.2.self_attn.indexer.k_cache
3610179468094752,3610179468265463,3610179468266603,3610179468267393,3610179468369203,3610179468384014,3610179468468444,3610179468519834,3610179468527644,0,1,8,4,model.layers.2.self_attn.attn
3610179469248719,3610179469417780,3610179469418920,3610179469419710,3610179469517211,3610179469531771,3610179469933974,3610179469938244,3610179469945144,0,1,8,128,model.layers.3.self_attn.attn
3610179470672828,3610179470840679,3610179470841969,3610179470842759,3610179470942300,3610179470955060,3610179471351213,3610179471355263,3610179471362173,0,1,8,1,model.layers.0.self_attn.swa_cache
3610179472100618,3610179472267579,3610179472268579,3610179472269339,3610179472371039,3610179472383269,3610179472464010,3610179472466530,3610179472473240,0,1,8,1,model.layers.1.self_attn.swa_cache
3610179473185565,3610179473356426,3610179473357746,3610179473358506,3610179473459416,3610179473471336,3610179473552657,3610179473555067,3610179473561927,0,1,8,1,model.layers.2.self_attn.compressor.state_cache
3610179474154611,3610179474322552,3610179474323692,3610179474324482,3610179474422213,3610179474434893,3610179474513673,3610179474515903,3610179474522653,0,1,8,1,model.layers.2.self_attn.indexer.compressor.state_cache
3610179475255248,3610179475420659,3610179475421919,3610179475422699,3610179475521340,3610179475534360,3610179475616000,3610179475618020,3610179475625100,0,1,8,1,model.layers.3.self_attn.compressor.state_cache
3610179528257741,3610179528770974,3610179528846375,3610179529129916,3610179529241527,3610179529256527,3610179529723670,3610179530483595,3610179530492075,1,1,8,4,model.layers.2.self_attn.indexer.k_cache
3610179531163960,3610179531336541,3610179531337681,3610179531338381,3610179531435701,3610179531449261,3610179531532782,3610179531584542,3610179531592192,0,1,8,4,model.layers.2.self_attn.attn
3610179532326147,3610179532488318,3610179532489528,3610179532490198,3610179532586849,3610179532600899,3610179533002732,3610179533006012,3610179533012552,0,1,8,128,model.layers.3.self_attn.attn
3610179533734316,3610179533901987,3610179533903037,3610179533903687,3610179534001888,3610179534013588,3610179534420531,3610179534423701,3610179534430081,0,1,8,1,model.layers.0.self_attn.swa_cache
3610179535143375,3610179535310396,3610179535311496,3610179535312246,3610179535409757,3610179535422017,3610179535502248,3610179535504518,3610179535511288,0,1,8,1,model.layers.1.self_attn.swa_cache
3610179536220182,3610179536390583,3610179536391703,3610179536392403,3610179536492764,3610179536504464,3610179536585305,3610179536587555,3610179536594035,0,1,8,1,model.layers.2.self_attn.compressor.state_cache
3610179537217379,3610179537382290,3610179537383240,3610179537383810,3610179537482900,3610179537494971,3610179537576061,3610179537577911,3610179537584591,0,1,8,1,model.layers.2.self_attn.indexer.compressor.state_cache
3610179538311776,3610179538474337,3610179538475527,3610179538476247,3610179538572498,3610179538584238,3610179538663848,3610179538666098,3610179538672638,0,1,8,1,model.layers.3.self_attn.compressor.state_cache
