3610003662955223,3610003673354796,3610003673459987,3610003674106271,3610003675636472,3610003675662612,3610003684924987,3610004222868368,3610004222885108,1,16,128,4,model.layers.2.self_attn.indexer.k_cache
3610004224108357,3610004224316688,3610004224319788,3610004224321568,3610004224472509,3610004224496500,3610004224592880,3610004224661801,3610004224671501,0,16,128,4,model.layers.2.self_attn.attn
3610004225522177,3610004225720168,3610004225721888,3610004225722698,3610004225827449,3610004225842769,3610004226275072,3610004226278242,3610004226285322,0,16,128,128,model.layers.3.self_attn.attn
3610004227070868,3610004227242559,3610004227243979,3610004227244709,3610004227359470,3610004227373560,3610004227736063,3610004227739583,3610004227745983,0,16,128,1,model.layers.0.self_attn.swa_cache
3610004228488138,3610004228668159,3610004228669919,3610004228670629,3610004228776410,3610004228789400,3610004228872981,3610004228875081,3610004228881601,0,16,128,1,model.layers.1.self_attn.swa_cache
3610004229742797,3610004229909558,3610004229910798,3610004229911478,3610004230033739,3610004230046379,3610004230129189,3610004230131139,3610004230137539,0,16,128,1,model.layers.2.self_attn.compressor.state_cache
3610004230709583,3610004230893265,3610004230894585,3610004230895205,3610004230989515,3610004231001596,3610004231083586,3610004231085616,3610004231091526,0,16,128,1,model.layers.2.self_attn.indexer.compressor.state_cache
3610004231887502,3610004232081763,3610004232083333,3610004232083983,3610004232180404,3610004232192234,3610004232272654,3610004232274624,3610004232281115,0,16,128,1,model.layers.3.self_attn.compressor.state_cache
3610004961679903,3610004962206477,3610004962288197,3610004962569099,3610004962666530,3610004962682800,3610004962952312,3610005350981105,3610005350999475,1,16,128,4,model.layers.2.self_attn.indexer.k_cache
3610005353683244,3610005354650881,3610005354794552,3610005355269895,3610005355473337,3610005355499967,3610005356062771,3610005357148748,3610005357162678,1,16,128,4,model.layers.2.self_attn.attn
3610005358696379,3610005359172003,3610005359244323,3610005359496015,3610005359596146,3610005359608656,3610005359856967,3610005359859727,3610005359865388,1,16,128,128,model.layers.3.self_attn.attn
3610005361197027,3610005361671590,3610005361743801,3610005361984992,3610005362090783,3610005362102553,3610005362349385,3610005362352805,3610005362358515,1,16,128,1,model.layers.0.self_attn.swa_cache
3610005363547463,3610005364016847,3610005364102257,3610005364337059,3610005364458490,3610005364469850,3610005364713812,3610005364716282,3610005364721602,1,16,128,1,model.layers.1.self_attn.swa_cache
3610005365935130,3610005366391503,3610005366477074,3610005366718826,3610005366815596,3610005366827167,3610005367069468,3610005367072248,3610005367077498,1,16,128,1,model.layers.2.self_attn.compressor.state_cache
3610005368200606,3610005368671500,3610005368748200,3610005369007292,3610005369110903,3610005369122643,3610005369363284,3610005369366124,3610005369371464,1,16,128,1,model.layers.2.self_attn.indexer.compressor.state_cache
3610005370637593,3610005371107047,3610005371176897,3610005371428619,3610005371519970,3610005371531400,3610005371774921,3610005371777671,3610005371782851,1,16,128,1,model.layers.3.self_attn.compressor.state_cache
3610006164128140,3610006168896693,3610006168984914,3610006169345327,3610006169538548,3610006169556038,3610006170070302,3610006171082559,3610006171092949,1,15,120,4,model.layers.2.self_attn.indexer.k_cache
3610006171835564,3610006172019855,3610006172021015,3610006172021625,3610006172120646,3610006172134946,3610006172219877,3610006172271907,3610006172279657,0,15,120,4,model.layers.2.self_attn.attn
3610006173057223,3610006173224054,3610006173225484,3610006173226094,3610006173320135,3610006173334595,3610006173672407,3610006173675367,3610006173681587,0,15,120,128,model.layers.3.self_attn.attn
3610006174437472,3610006174608374,3610006174609744,3610006174610444,3610006174704744,3610006174716524,3610006175072547,3610006175076077,3610006175082157,0,15,120,1,model.layers.0.self_attn.swa_cache
3610006175817022,3610006175992753,3610006175994063,3610006175994733,3610006176109164,3610006176120624,3610006176203205,3610006176205305,3610006176212275,0,15,120,1,model.layers.1.self_attn.swa_cache
3610006177103491,3610006177320333,3610006177321763,3610006177322423,3610006177417773,3610006177429433,3610006177508504,3610006177510654,3610006177517584,0,15,120,1,model.layers.2.self_attn.compressor.state_cache
3610006178164579,3610006178340400,3610006178341600,3610006178342320,3610006178438171,3610006178449151,3610006178526901,3610006178529141,3610006178535901,0,15,120,1,model.layers.2.self_attn.indexer.compressor.state_cache
3610006179383427,3610006179526218,3610006179527528,3610006179528088,3610006179617809,3610006179629269,3610006179706589,3610006179708739,3610006179715940,0,15,120,1,model.layers.3.self_attn.compressor.state_cache
3610006580463720,3610006581028584,3610006581105125,3610006581385127,3610006581492258,3610006581507518,3610006581788290,3610006636247863,3610006636258593,1,15,120,4,model.layers.2.self_attn.indexer.k_cache
3610006637767604,3610006638306967,3610006638385468,3610006638673760,3610006638786051,3610006638800771,3610006639083493,3610006639702767,3610006639711237,1,15,120,4,model.layers.2.self_attn.attn
3610006641039327,3610006641559670,3610006641639151,3610006641890613,3610006641993393,3610006642008744,3610006642265185,3610006642268515,3610006642275215,1,15,120,128,model.layers.3.self_attn.attn
3610006643597785,3610006644143089,3610006644221809,3610006644476501,3610006644579402,3610006644592222,3610006644853964,3610006644856894,3610006644862944,1,15,120,1,model.layers.0.self_attn.swa_cache
3610006646195623,3610006646723677,3610006646803287,3610006647053299,3610006647155190,3610006647168130,3610006647430572,3610006647433452,3610006647439842,1,15,120,1,model.layers.1.self_attn.swa_cache
3610006648756621,3610006649268925,3610006649343835,3610006649594697,3610006649696038,3610006649708468,3610006649968600,3610006649971420,3610006649977970,1,15,120,1,model.layers.2.self_attn.compressor.state_cache
3610006651158558,3610006651673462,3610006651751422,3610006652016584,3610006652118925,3610006652131195,3610006652388967,3610006652392017,3610006652398137,1,15,120,1,model.layers.2.self_attn.indexer.compressor.state_cache
3610006653737756,3610006654236430,3610006654311270,3610006654560072,3610006654661793,3610006654674463,3610006654951125,3610006654954115,3610006654960625,1,15,120,1,model.layers.3.self_attn.compressor.state_cache
3610007346192178,3610007347231385,3610007347338376,3610007347900390,3610007348118401,3610007348137041,3610007348603105,3610007349708782,3610007349719072,1,14,112,4,model.layers.2.self_attn.indexer.k_cache
3610007350525878,3610007350704449,3610007350705539,3610007350706319,3610007350810690,3610007350825860,3610007350912281,3610007350966271,3610007350974831,0,14,112,4,model.layers.2.self_attn.attn
3610007351804497,3610007351980078,3610007351981238,3610007351982018,3610007352100429,3610007352115719,3610007352480122,3610007352483592,3610007352491032,0,14,112,128,model.layers.3.self_attn.attn
3610007353360138,3610007353547489,3610007353548659,3610007353549419,3610007353649980,3610007353662460,3610007354025043,3610007354028123,3610007354034883,0,14,112,1,model.layers.0.self_attn.swa_cache
3610007354809488,3610007354980529,3610007354981839,3610007354982609,3610007355083750,3610007355096570,3610007355185571,3610007355187621,3610007355194781,0,14,112,1,model.layers.1.self_attn.swa_cache
3610007356135838,3610007356312909,3610007356314129,3610007356314999,3610007356417930,3610007356430170,3610007356516990,3610007356519020,3610007356525690,0,14,112,1,model.layers.2.self_attn.compressor.state_cache
3610007357169795,3610007357323506,3610007357324366,3610007357325036,3610007357411227,3610007357422387,3610007357497607,3610007357499427,3610007357505607,0,14,112,1,model.layers.2.self_attn.indexer.compressor.state_cache
3610007358314663,3610007358474554,3610007358475534,3610007358476264,3610007358558285,3610007358568445,3610007358643595,3610007358645395,3610007358651655,0,14,112,1,model.layers.3.self_attn.compressor.state_cache
3610007739676945,3610007740260930,3610007740336810,3610007740663062,3610007740775723,3610007740791213,3610007741072075,3610007817518923,3610007817528783,1,14,112,4,model.layers.2.self_attn.indexer.k_cache
3610007819012253,3610007819567227,3610007819646808,3610007819973910,3610007820106731,3610007820121121,3610007820394453,3610007821009897,3610007821016847,1,14,112,4,model.layers.2.self_attn.attn
3610007822305986,3610007822806440,3610007822883850,3610007823142142,3610007823247113,3610007823260893,3610007823517995,3610007823520725,3610007823526215,1,14,112,128,model.layers.3.self_attn.attn
3610007824817534,3610007825327058,3610007825404288,3610007825653930,3610007825758111,3610007825770461,3610007826026593,3610007826029033,3610007826034253,1,14,112,1,model.layers.0.self_attn.swa_cache
3610007827292251,3610007827785435,3610007827859975,3610007828120907,3610007828223878,3610007828235998,3610007828486420,3610007828489250,3610007828494990,1,14,112,1,model.layers.1.self_attn.swa_cache
3610007829728909,3610007830219822,3610007830295983,3610007830543754,3610007830645615,3610007830657545,3610007830908967,3610007830911947,3610007830918167,1,14,112,1,model.layers.2.self_attn.compressor.state_cache
3610007832050485,3610007832540618,3610007832616019,3610007832862651,3610007832961571,3610007832973821,3610007833223263,3610007833225993,3610007833232073,1,14,112,1,model.layers.2.self_attn.indexer.compressor.state_cache
3610007834512802,3610007835015676,3610007835088886,3610007835338308,3610007835440319,3610007835452589,3610007835700361,3610007835703161,3610007835709081,1,14,112,1,model.layers.3.self_attn.compressor.state_cache
3610008517231783,3610008518050878,3610008518155979,3610008518599862,3610008518838874,3610008518860624,3610008519453048,3610008520807028,3610008520819548,1,13,104,4,model.layers.2.self_attn.indexer.k_cache
3610008521782025,3610008522010136,3610008522011606,3610008522012496,3610008522141557,3610008522160097,3610008522271218,3610008522343558,3610008522353129,0,13,104,4,model.layers.2.self_attn.attn
3610008523396476,3610008523624237,3610008523625818,3610008523626798,3610008523756638,3610008523775699,3610008524217352,3610008524220342,3610008524226872,0,13,104,128,model.layers.3.self_attn.attn
3610008525007317,3610008525186048,3610008525187288,3610008525187968,3610008525286349,3610008525298279,3610008525629902,3610008525632672,3610008525638252,0,13,104,1,model.layers.0.self_attn.swa_cache
3610008526317746,3610008526470517,3610008526471528,3610008526472188,3610008526556348,3610008526567028,3610008526643549,3610008526645529,3610008526652009,0,13,104,1,model.layers.1.self_attn.swa_cache
3610008527482495,3610008527645096,3610008527646086,3610008527646756,3610008527737806,3610008527748326,3610008527821997,3610008527823867,3610008527830427,0,13,104,1,model.layers.2.self_attn.compressor.state_cache
3610008528421371,3610008528595862,3610008528597062,3610008528597752,3610008528687303,3610008528698403,3610008528769134,3610008528771204,3610008528777444,0,13,104,1,model.layers.2.self_attn.indexer.compressor.state_cache
3610008529580529,3610008529744741,3610008529745701,3610008529746271,3610008529838581,3610008529850161,3610008529924062,3610008529926122,3610008529932442,0,13,104,1,model.layers.3.self_attn.compressor.state_cache
3610008912635432,3610008913178496,3610008913255556,3610008913588738,3610008913702749,3610008913718589,3610008914016171,3610008966916233,3610008966927093,1,13,104,4,model.layers.2.self_attn.indexer.k_cache
3610008968290583,3610008968820907,3610008968899117,3610008969174359,3610008969284600,3610008969299260,3610008969575762,3610008970196126,3610008970204526,1,13,104,4,model.layers.2.self_attn.attn
3610008972504512,3610008973385649,3610008973519290,3610008973964273,3610008974144754,3610008974169574,3610008974617507,3610008974622597,3610008974633597,1,13,104,128,model.layers.3.self_attn.attn
3610008976904663,3610008977782200,3610008977914490,3610008978361254,3610008978517665,3610008978529335,3610008978785027,3610008978787907,3610008978793857,1,13,104,1,model.layers.0.self_attn.swa_cache
3610008980070656,3610008980562669,3610008980638790,3610008980887461,3610008980987402,3610008980999132,3610008981248394,3610008981251044,3610008981256984,1,13,104,1,model.layers.1.self_attn.swa_cache
3610008982527163,3610008983020156,3610008983096247,3610008983343019,3610008983443489,3610008983455499,3610008983709761,3610008983712701,3610008983719221,1,13,104,1,model.layers.2.self_attn.compressor.state_cache
3610008984857019,3610008985339273,3610008985416263,3610008985662975,3610008985764976,3610008985776876,3610008986029177,3610008986032107,3610008986038118,1,13,104,1,model.layers.2.self_attn.indexer.compressor.state_cache
3610008987319807,3610008987805430,3610008987878420,3610008988142092,3610008988244803,3610008988256673,3610008988510105,3610008988513015,3610008988518965,1,13,104,1,model.layers.3.self_attn.compressor.state_cache
3610009707772189,3610009708762176,3610009708886167,3610009709408151,3610009709692323,3610009709717683,3610009710303427,3610009711266394,3610009711275704,1,12,96,4,model.layers.2.self_attn.indexer.k_cache
3610009712031179,3610009712203180,3610009712204200,3610009712204990,3610009712295181,3610009712308701,3610009712388522,3610009712440742,3610009712448112,0,12,96,4,model.layers.2.self_attn.attn
3610009713209977,3610009713369608,3610009713370729,3610009713371489,3610009713465149,3610009713480839,3610009713841972,3610009713845032,3610009713851982,0,12,96,128,model.layers.3.self_attn.attn
3610009714622917,3610009714785678,3610009714787048,3610009714787858,3610009714874589,3610009714886509,3610009715218101,3610009715221062,3610009715228162,0,12,96,1,model.layers.0.self_attn.swa_cache
3610009715971057,3610009716157898,3610009716159178,3610009716159848,3610009716251129,3610009716262999,3610009716340469,3610009716342539,3610009716349499,0,12,96,1,model.layers.1.self_attn.swa_cache
3610009717223666,3610009717388967,3610009717390217,3610009717390977,3610009717480027,3610009717491337,3610009717570148,3610009717571918,3610009717578398,0,12,96,1,model.layers.2.self_attn.compressor.state_cache
3610009718186692,3610009718388414,3610009718389474,3610009718390184,3610009718479714,3610009718490884,3610009718564745,3610009718566495,3610009718572495,0,12,96,1,model.layers.2.self_attn.indexer.compressor.state_cache
3610009719398621,3610009719558552,3610009719559632,3610009719560372,3610009719645003,3610009719655793,3610009719732113,3610009719733893,3610009719740103,0,12,96,1,model.layers.3.self_attn.compressor.state_cache
3610010104138433,3610010104731497,3610010104808678,3610010105141430,3610010105257171,3610010105272711,3610010105574373,3610010125327282,3610010125350682,1,12,96,4,model.layers.2.self_attn.indexer.k_cache
3610010128582095,3610010129893504,3610010130087385,3610010130745320,3610010131014032,3610010131049262,3610010131742007,3610010133255538,3610010133263198,1,12,96,4,model.layers.2.self_attn.attn
3610010134520556,3610010135017680,3610010135093120,3610010135342822,3610010135445653,3610010135459983,3610010135718925,3610010135721935,3610010135727905,1,12,96,128,model.layers.3.self_attn.attn
3610010137032874,3610010137529828,3610010137607578,3610010137854180,3610010137958491,3610010137970441,3610010138227472,3610010138230102,3610010138236123,1,12,96,1,model.layers.0.self_attn.swa_cache
3610010139512081,3610010140022015,3610010140099596,3610010140345517,3610010140454828,3610010140466718,3610010140726620,3610010140729180,3610010140735270,1,12,96,1,model.layers.1.self_attn.swa_cache
3610010142000959,3610010142495402,3610010142570723,3610010142819875,3610010142923125,3610010142935096,3610010143187617,3610010143190407,3610010143196647,1,12,96,1,model.layers.2.self_attn.compressor.state_cache
3610010144361376,3610010144855279,3610010144930340,3610010145176831,3610010145279242,3610010145291412,3610010145548704,3610010145551854,3610010145557984,1,12,96,1,model.layers.2.self_attn.indexer.compressor.state_cache
3610010146862333,3610010147362027,3610010147435747,3610010147683659,3610010147787900,3610010147800200,3610010148070042,3610010148073222,3610010148079682,1,12,96,1,model.layers.3.self_attn.compressor.state_cache
3610010839344126,3610010840427404,3610010840505874,3610010840843607,3610010841022848,3610010841039508,3610010841495991,3610010842447608,3610010842457878,1,11,88,4,model.layers.2.self_attn.indexer.k_cache
3610010843226523,3610010843403364,3610010843404604,3610010843405204,3610010843499945,3610010843513465,3610010843599016,3610010843652196,3610010843659676,0,11,88,4,model.layers.2.self_attn.attn
3610010844431862,3610010844601463,3610010844602643,3610010844603343,3610010844696234,3610010844710144,3610010845055726,3610010845058636,3610010845064846,0,11,88,128,model.layers.3.self_attn.attn
3610010845825301,3610010845992783,3610010845993893,3610010845994593,3610010846092983,3610010846104823,3610010846472136,3610010846474906,3610010846480826,0,11,88,1,model.layers.0.self_attn.swa_cache
3610010847203731,3610010847374902,3610010847376202,3610010847376822,3610010847472163,3610010847483763,3610010847563484,3610010847565304,3610010847571954,0,11,88,1,model.layers.1.self_attn.swa_cache
3610010848462710,3610010848685842,3610010848687052,3610010848687702,3610010848780082,3610010848791442,3610010848871873,3610010848873763,3610010848880343,0,11,88,1,model.layers.2.self_attn.compressor.state_cache
3610010849489277,3610010849658048,3610010849659378,3610010849659948,3610010849754889,3610010849766849,3610010849844860,3610010849846880,3610010849853120,0,11,88,1,model.layers.2.self_attn.indexer.compressor.state_cache
3610010850679026,3610010850851777,3610010850852997,3610010850853597,3610010850951317,3610010850963888,3610010851044928,3610010851046828,3610010851053468,0,11,88,1,model.layers.3.self_attn.compressor.state_cache
3610011245378316,3610011245949590,3610011246026821,3610011246359193,3610011246478024,3610011246493704,3610011246801636,3610011298473759,3610011298482889,1,11,88,4,model.layers.2.self_attn.indexer.k_cache
3610011299928899,3610011300500623,3610011300578284,3610011300901746,3610011301017687,3610011301032547,3610011301314209,3610011301947123,3610011301955243,1,11,88,4,model.layers.2.self_attn.attn
3610011303302493,3610011303810276,3610011303885477,3610011304159119,3610011304267290,3610011304282460,3610011304547722,3610011304550232,3610011304556432,1,11,88,128,model.layers.3.self_attn.attn
3610011305858421,3610011306363244,3610011306440075,3610011306689287,3610011306794177,3610011306806197,3610011307062919,3610011307065789,3610011307071929,1,11,88,1,model.layers.0.self_attn.swa_cache
3610011308376478,3610011308883182,3610011308960932,3610011309207904,3610011309313085,3610011309324985,3610011309595657,3610011309598367,3610011309604087,1,11,88,1,model.layers.1.self_attn.swa_cache
3610011310888486,3610011311388580,3610011311464170,3610011311714402,3610011311819423,3610011311831333,3610011312110375,3610011312113605,3610011312119555,1,11,88,1,model.layers.2.self_attn.compressor.state_cache
3610011313276703,3610011313773996,3610011313851337,3610011314100229,3610011314204329,3610011314216529,3610011314474621,3610011314477621,3610011314483831,1,11,88,1,model.layers.2.self_attn.indexer.compressor.state_cache
3610011315803541,3610011316322894,3610011316399155,3610011316649016,3610011316757987,3610011316770087,3610011317036149,3610011317039209,3610011317045259,1,11,88,1,model.layers.3.self_attn.compressor.state_cache
3610012048710004,3610012049989423,3610012050162734,3610012050778938,3610012050959000,3610012050976510,3610012051449623,3610012052446410,3610012052455580,1,10,80,4,model.layers.2.self_attn.indexer.k_cache
3610012053190955,3610012053355666,3610012053357066,3610012053357896,3610012053452617,3610012053466867,3610012053546308,3610012053596028,3610012053602918,0,10,80,4,model.layers.2.self_attn.attn
3610012054363483,3610012054522485,3610012054523925,3610012054524655,3610012054621525,3610012054635235,3610012054980708,3610012054984348,3610012054991008,0,10,80,128,model.layers.3.self_attn.attn
3610012055744193,3610012055911854,3610012055913354,3610012055914114,3610012056027265,3610012056039535,3610012056372607,3610012056375688,3610012056381988,0,10,80,1,model.layers.0.self_attn.swa_cache
3610012057110563,3610012057272004,3610012057273434,3610012057274074,3610012057367664,3610012057378915,3610012057456455,3610012057458325,3610012057465385,0,10,80,1,model.layers.1.self_attn.swa_cache
3610012058345921,3610012058508512,3610012058509842,3610012058510512,3610012058605543,3610012058616833,3610012058694964,3610012058696924,3610012058704044,0,10,80,1,model.layers.2.self_attn.compressor.state_cache
3610012059306448,3610012059471029,3610012059472359,3610012059473009,3610012059566890,3610012059578380,3610012059657391,3610012059659221,3610012059666111,0,10,80,1,model.layers.2.self_attn.indexer.compressor.state_cache
3610012060516387,3610012060672788,3610012060674268,3610012060674938,3610012060770428,3610012060781768,3610012060859119,3610012060860979,3610012060868309,0,10,80,1,model.layers.3.self_attn.compressor.state_cache
3610012453268082,3610012453878756,3610012453956607,3610012454294459,3610012454413500,3610012454430300,3610012454745562,3610012538369469,3610012538391729,1,10,80,4,model.layers.2.self_attn.indexer.k_cache
3610012541575422,3610012542370997,3610012542487638,3610012542891711,3610012543056852,3610012543078752,3610012543485805,3610012544443552,3610012544456742,1,10,80,4,model.layers.2.self_attn.attn
3610012546451186,3610012547227451,3610012547341782,3610012547734685,3610012547896766,3610012547918196,3610012548332559,3610012548337009,3610012548346719,1,10,80,128,model.layers.3.self_attn.attn
3610012550023551,3610012550522514,3610012550598625,3610012550848307,3610012550954427,3610012550966567,3610012551226499,3610012551229329,3610012551235549,1,10,80,1,model.layers.0.self_attn.swa_cache
3610012552539588,3610012553044422,3610012553121673,3610012553368614,3610012553474435,3610012553486985,3610012553747127,3610012553750077,3610012553756197,1,10,80,1,model.layers.1.self_attn.swa_cache
3610012555037806,3610012555542600,3610012555619220,3610012555870932,3610012555977603,3610012555990193,3610012556269055,3610012556272065,3610012556278465,1,10,80,1,model.layers.2.self_attn.compressor.state_cache
3610012557459593,3610012557971187,3610012558052027,3610012558301629,3610012558407350,3610012558419160,3610012558678462,3610012558681482,3610012558687822,1,10,80,1,model.layers.2.self_attn.indexer.compressor.state_cache
3610012559999271,3610012560509354,3610012560584505,3610012560832767,3610012560938637,3610012560950657,3610012561209769,3610012561213029,3610012561219219,1,10,80,1,model.layers.3.self_attn.compressor.state_cache
3610013281506990,3610013282228335,3610013282318556,3610013282714149,3610013282926640,3610013282946440,3610013283492704,3610013284687543,3610013284699133,1,9,72,4,model.layers.2.self_attn.indexer.k_cache
3610013285572189,3610013285771160,3610013285772670,3610013285773550,3610013285889751,3610013285914321,3610013286013242,3610013286074392,3610013286083692,0,9,72,4,model.layers.2.self_attn.attn
3610013286983649,3610013287177020,3610013287178180,3610013287178990,3610013287289241,3610013287304571,3610013287707784,3610013287711214,3610013287719094,0,9,72,128,model.layers.3.self_attn.attn
3610013288643110,3610013288833912,3610013288835262,3610013288836062,3610013288947362,3610013288960463,3610013289376345,3610013289379426,3610013289385376,0,9,72,1,model.layers.0.self_attn.swa_cache
3610013290114151,3610013290273802,3610013290274992,3610013290275662,3610013290368142,3610013290379183,3610013290453433,3610013290455223,3610013290461943,0,9,72,1,model.layers.1.self_attn.swa_cache
3610013291284509,3610013291435380,3610013291436610,3610013291437300,3610013291529861,3610013291541371,3610013291619471,3610013291621351,3610013291628261,0,9,72,1,model.layers.2.self_attn.compressor.state_cache
3610013292235256,3610013292395307,3610013292396497,3610013292397097,3610013292488517,3610013292499797,3610013292575678,3610013292577568,3610013292584418,0,9,72,1,model.layers.2.self_attn.indexer.compressor.state_cache
3610013293399644,3610013293558295,3610013293559375,3610013293560035,3610013293652955,3610013293664156,3610013293740556,3610013293742536,3610013293749256,0,9,72,1,model.layers.3.self_attn.compressor.state_cache
3610013687492927,3610013688086931,3610013688163572,3610013688497974,3610013688613165,3610013688628385,3610013688924677,3610013727855270,3610013727878040,1,9,72,4,model.layers.2.self_attn.indexer.k_cache
3610013731110173,3610013732397042,3610013732584843,3610013733204927,3610013733448939,3610013733483199,3610013734103984,3610013735491493,3610013735511183,1,9,72,4,model.layers.2.self_attn.attn
3610013737358986,3610013737855130,3610013737930770,3610013738180442,3610013738281283,3610013738295533,3610013738546415,3610013738549235,3610013738555265,1,9,72,128,model.layers.3.self_attn.attn
3610013739855274,3610013740365127,3610013740441668,3610013740690320,3610013740788840,3610013740800841,3610013741048012,3610013741051002,3610013741056722,1,9,72,1,model.layers.0.self_attn.swa_cache
3610013742336471,3610013742832035,3610013742908175,3610013743155417,3610013743253328,3610013743265558,3610013743510899,3610013743513570,3610013743519200,1,9,72,1,model.layers.1.self_attn.swa_cache
3610013744804529,3610013745292412,3610013745367423,3610013745612674,3610013745711565,3610013745724195,3610013745971517,3610013745974377,3610013745980527,1,9,72,1,model.layers.2.self_attn.compressor.state_cache
3610013747145155,3610013747640848,3610013747716779,3610013747963471,3610013748077872,3610013748091172,3610013748348703,3610013748351983,3610013748358123,1,9,72,1,model.layers.2.self_attn.indexer.compressor.state_cache
3610013749688913,3610013750178946,3610013750253587,3610013750500798,3610013750598369,3610013750610409,3610013750855771,3610013750858521,3610013750864211,1,9,72,1,model.layers.3.self_attn.compressor.state_cache
3610014481872884,3610014487609494,3610014487709105,3610014488174148,3610014488410740,3610014488433630,3610014488993764,3610014490223372,3610014490236283,1,8,64,4,model.layers.2.self_attn.indexer.k_cache
3610014491114479,3610014491290900,3610014491292460,3610014491293060,3610014491387591,3610014491401981,3610014491484791,3610014491538022,3610014491546232,0,8,64,4,model.layers.2.self_attn.attn
3610014492334267,3610014492510049,3610014492511239,3610014492511869,3610014492608059,3610014492621879,3610014492963592,3610014492966232,3610014492973112,0,8,64,128,model.layers.3.self_attn.attn
3610014493768817,3610014493946489,3610014493947999,3610014493948749,3610014494045309,3610014494057079,3610014494398002,3610014494401202,3610014494407902,0,8,64,1,model.layers.0.self_attn.swa_cache
3610014495140897,3610014495312568,3610014495314098,3610014495314758,3610014495409239,3610014495421389,3610014495502590,3610014495504800,3610014495511900,0,8,64,1,model.layers.1.self_attn.swa_cache
3610014496389416,3610014496559297,3610014496560677,3610014496561537,3610014496658748,3610014496670998,3610014496752498,3610014496754708,3610014496762118,0,8,64,1,model.layers.2.self_attn.compressor.state_cache
3610014497375023,3610014497553244,3610014497554654,3610014497555274,3610014497650225,3610014497661935,3610014497741175,3610014497743045,3610014497749795,0,8,64,1,model.layers.2.self_attn.indexer.compressor.state_cache
3610014498592561,3610014498762842,3610014498764262,3610014498764922,3610014498859443,3610014498871983,3610014498953304,3610014498955664,3610014498962624,0,8,64,1,model.layers.3.self_attn.compressor.state_cache
3610014894247653,3610014894863037,3610014894938188,3610014895283290,3610014895403591,3610014895420161,3610014895733483,3610014927990149,3610014928044420,1,8,64,4,model.layers.2.self_attn.indexer.k_cache
3610014931219752,3610014932484161,3610014932583672,3610014932911614,3610014933037365,3610014933054535,3610014933377127,3610014934113402,3610014934122982,1,8,64,4,model.layers.2.self_attn.attn
3610014935775834,3610014936407538,3610014936501759,3610014936813521,3610014936934812,3610014936952142,3610014937266004,3610014937269294,3610014937277324,1,8,64,128,model.layers.3.self_attn.attn
3610014938889106,3610014939514510,3610014939614981,3610014939922953,3610014940059754,3610014940075584,3610014940366146,3610014940368986,3610014940375196,1,8,64,1,model.layers.0.self_attn.swa_cache
3610014941642225,3610014942141149,3610014942219809,3610014942465841,3610014942563161,3610014942575792,3610014942823433,3610014942826053,3610014942832393,1,8,64,1,model.layers.1.self_attn.swa_cache
3610014944126472,3610014944614406,3610014944691586,3610014944938958,3610014945037719,3610014945049389,3610014945291411,3610014945293991,3610014945300111,1,8,64,1,model.layers.2.self_attn.compressor.state_cache
3610014946438029,3610014946939052,3610014947014883,3610014947265854,3610014947361765,3610014947373545,3610014947616637,3610014947619097,3610014947625467,1,8,64,1,model.layers.2.self_attn.indexer.compressor.state_cache
3610014948954046,3610014949447630,3610014949523090,3610014949769792,3610014949866113,3610014949878223,3610014950125384,3610014950127884,3610014950134204,1,8,64,1,model.layers.3.self_attn.compressor.state_cache
3610015675525135,3610015676611783,3610015676753924,3610015677339578,3610015677679490,3610015677709641,3610015678515416,3610015679985916,3610015679994557,1,7,56,4,model.layers.2.self_attn.indexer.k_cache
3610015680710692,3610015680880253,3610015680881443,3610015680882123,3610015680976543,3610015680989394,3610015681072284,3610015681124284,3610015681130924,0,7,56,4,model.layers.2.self_attn.attn
3610015681874250,3610015682041541,3610015682042631,3610015682043281,3610015682134462,3610015682148092,3610015682496644,3610015682499234,3610015682504634,0,7,56,128,model.layers.3.self_attn.attn
3610015683247929,3610015683425231,3610015683426331,3610015683427011,3610015683517601,3610015683531691,3610015683855974,3610015683858644,3610015683863974,0,7,56,1,model.layers.0.self_attn.swa_cache
3610015684593589,3610015684765660,3610015684766890,3610015684767590,3610015684858801,3610015684870401,3610015684947971,3610015684949961,3610015684955871,0,7,56,1,model.layers.1.self_attn.swa_cache
3610015685785697,3610015685957448,3610015685958458,3610015685959118,3610015686050939,3610015686062269,3610015686142130,3610015686144110,3610015686149930,0,7,56,1,model.layers.2.self_attn.compressor.state_cache
3610015686741534,3610015686910665,3610015686911805,3610015686912505,3610015687003436,3610015687014676,3610015687090766,3610015687092376,3610015687098256,0,7,56,1,model.layers.2.self_attn.indexer.compressor.state_cache
3610015687953522,3610015688139584,3610015688140864,3610015688141574,3610015688235144,3610015688246704,3610015688323415,3610015688325165,3610015688331335,0,7,56,1,model.layers.3.self_attn.compressor.state_cache
3610016066398682,3610016066960265,3610016067033686,3610016067374348,3610016067484709,3610016067500559,3610016067793541,3610016109200801,3610016109210881,1,7,56,4,model.layers.2.self_attn.indexer.k_cache
3610016110587551,3610016111114825,3610016111190015,3610016111468227,3610016111579518,3610016111592938,3610016111855060,3610016112444774,3610016112452144,1,7,56,4,model.layers.2.self_attn.attn
3610016113736313,3610016114224416,3610016114300117,3610016114549879,3610016114647399,3610016114661459,3610016114907571,3610016114910481,3610016114916161,1,7,56,128,model.layers.3.self_attn.attn
3610016116192930,3610016116684834,3610016116762554,3610016117008976,3610016117106717,3610016117118277,3610016117363838,3610016117366318,3610016117371868,1,7,56,1,model.layers.0.self_attn.swa_cache
3610016118664397,3610016119157171,3610016119235161,3610016119483473,3610016119584074,3610016119595834,3610016119846246,3610016119848746,3610016119854436,1,7,56,1,model.layers.1.self_attn.swa_cache
3610016121152595,3610016121654878,3610016121732609,3610016121981361,3610016122082101,3610016122094621,3610016122344813,3610016122347203,3610016122353063,1,7,56,1,model.layers.2.self_attn.compressor.state_cache
3610016123511041,3610016124024105,3610016124101745,3610016124355857,3610016124455508,3610016124469028,3610016124720350,3610016124723120,3610016124728940,1,7,56,1,model.layers.2.self_attn.indexer.compressor.state_cache
3610016126043999,3610016126540073,3610016126614623,3610016126860785,3610016126961365,3610016126973606,3610016127228707,3610016127231407,3610016127237177,1,7,56,1,model.layers.3.self_attn.compressor.state_cache
3610016842528304,3610016843726552,3610016843809663,3610016844182586,3610016844373357,3610016844390697,3610016844898691,3610016845910568,3610016845920868,1,6,48,4,model.layers.2.self_attn.indexer.k_cache
3610016846682293,3610016846871444,3610016846872824,3610016846873664,3610016846973195,3610016846986845,3610016847075276,3610016847129266,3610016847137596,0,6,48,4,model.layers.2.self_attn.attn
3610016847911662,3610016848103963,3610016848105523,3610016848106203,3610016848203344,3610016848217964,3610016848565336,3610016848568276,3610016848575166,0,6,48,128,model.layers.3.self_attn.attn
3610016849369102,3610016849549383,3610016849550633,3610016849551253,3610016849647554,3610016849658874,3610016849996846,3610016849999696,3610016850006196,0,6,48,1,model.layers.0.self_attn.swa_cache
3610016850761872,3610016850946353,3610016850947823,3610016850948613,3610016851045874,3610016851057664,3610016851140764,3610016851142804,3610016851149964,0,6,48,1,model.layers.1.self_attn.swa_cache
3610016852057531,3610016852231462,3610016852232742,3610016852233502,3610016852327873,3610016852339953,3610016852416953,3610016852418773,3610016852425843,0,6,48,1,model.layers.2.self_attn.compressor.state_cache
3610016853021567,3610016853188379,3610016853189609,3610016853190289,3610016853284379,3610016853296499,3610016853375480,3610016853377480,3610016853384650,0,6,48,1,model.layers.2.self_attn.indexer.compressor.state_cache
3610016854218926,3610016854382767,3610016854384107,3610016854384697,3610016854480768,3610016854492758,3610016854573138,3610016854574908,3610016854581738,0,6,48,1,model.layers.3.self_attn.compressor.state_cache
3610017245148601,3610017245739345,3610017245818456,3610017246136738,3610017246251459,3610017246267199,3610017246577891,3610017291733977,3610017291747217,1,6,48,4,model.layers.2.self_attn.indexer.k_cache
3610017293743971,3610017294523096,3610017294640427,3610017295046760,3610017295194641,3610017295217271,3610017295603334,3610017296503980,3610017296516110,1,6,48,4,model.layers.2.self_attn.attn
3610017298450054,3610017299240429,3610017299316420,3610017299572062,3610017299666352,3610017299680643,3610017299929504,3610017299932584,3610017299939014,1,6,48,128,model.layers.3.self_attn.attn
3610017301223483,3610017301718727,3610017301796147,3610017302043709,3610017302137250,3610017302149040,3610017302404672,3610017302407442,3610017302413622,1,6,48,1,model.layers.0.self_attn.swa_cache
3610017303683251,3610017304198284,3610017304277275,3610017304525086,3610017304620797,3610017304633107,3610017304878989,3610017304881889,3610017304887839,1,6,48,1,model.layers.1.self_attn.swa_cache
3610017306192698,3610017306687442,3610017306766022,3610017307015384,3610017307110215,3610017307122435,3610017307371566,3610017307374656,3610017307381036,1,6,48,1,model.layers.2.self_attn.compressor.state_cache
3610017308569235,3610017309073878,3610017309151249,3610017309402361,3610017309504311,3610017309516101,3610017309770603,3610017309773193,3610017309778853,1,6,48,1,model.layers.2.self_attn.indexer.compressor.state_cache
3610017311082502,3610017311575076,3610017311646836,3610017311890558,3610017311991449,3610017312018059,3610017312272921,3610017312275101,3610017312280701,1,6,48,1,model.layers.3.self_attn.compressor.state_cache
3610018004066800,3610018005316258,3610018005518460,3610018005869782,3610018006053904,3610018006071194,3610018006553457,3610018007576494,3610018007585934,1,5,40,4,model.layers.2.self_attn.indexer.k_cache
3610018008367880,3610018008547671,3610018008548881,3610018008549761,3610018008654942,3610018008670282,3610018008759802,3610018008817703,3610018008826423,0,5,40,4,model.layers.2.self_attn.attn
3610018009640219,3610018009817820,3610018009819100,3610018009819780,3610018009916211,3610018009929911,3610018010285623,3610018010288993,3610018010295663,0,5,40,128,model.layers.3.self_attn.attn
3610018011073959,3610018011235710,3610018011237010,3610018011237670,3610018011335590,3610018011347221,3610018011688053,3610018011691173,3610018011697573,0,5,40,1,model.layers.0.self_attn.swa_cache
3610018012455508,3610018012621209,3610018012622469,3610018012623069,3610018012720980,3610018012732310,3610018012810571,3610018012812511,3610018012819741,0,5,40,1,model.layers.1.self_attn.swa_cache
3610018013686527,3610018013886978,3610018013888418,3610018013889018,3610018013983819,3610018013995149,3610018014070750,3610018014072650,3610018014079550,0,5,40,1,model.layers.2.self_attn.compressor.state_cache
3610018014711954,3610018014871975,3610018014872955,3610018014873565,3610018014963976,3610018014975066,3610018015051716,3610018015053436,3610018015060066,0,5,40,1,model.layers.2.self_attn.indexer.compressor.state_cache
3610018015886572,3610018016055983,3610018016057343,3610018016058123,3610018016150974,3610018016161994,3610018016238445,3610018016240385,3610018016247685,0,5,40,1,model.layers.3.self_attn.compressor.state_cache
3610018398733259,3610018399322744,3610018399400314,3610018399724636,3610018399839047,3610018399853347,3610018400155509,3610018423971176,3610018423991656,1,5,40,4,model.layers.2.self_attn.indexer.k_cache
3610018426984827,3610018428018774,3610018428126045,3610018428481457,3610018428629028,3610018428649359,3610018429015211,3610018429848127,3610018429859637,1,5,40,4,model.layers.2.self_attn.attn
3610018431662750,3610018432386205,3610018432496486,3610018432850308,3610018432998009,3610018433016899,3610018433384552,3610018433388182,3610018433396782,1,5,40,128,model.layers.3.self_attn.attn
3610018435200734,3610018435894279,3610018435970780,3610018436227352,3610018436330482,3610018436342392,3610018436594384,3610018436597204,3610018436603334,1,5,40,1,model.layers.0.self_attn.swa_cache
3610018437856323,3610018438348346,3610018438425047,3610018438668699,3610018438771449,3610018438782850,3610018439031941,3610018439034621,3610018439040841,1,5,40,1,model.layers.1.self_attn.swa_cache
3610018440296870,3610018440787054,3610018440862044,3610018441105976,3610018441208646,3610018441220847,3610018441469468,3610018441472148,3610018441478128,1,5,40,1,model.layers.2.self_attn.compressor.state_cache
3610018442608136,3610018443097590,3610018443172850,3610018443418462,3610018443522393,3610018443534253,3610018443785424,3610018443788085,3610018443794415,1,5,40,1,model.layers.2.self_attn.indexer.compressor.state_cache
3610018445086244,3610018445576297,3610018445650088,3610018445892119,3610018445993300,3610018446004670,3610018446254742,3610018446257452,3610018446263552,1,5,40,1,model.layers.3.self_attn.compressor.state_cache
3610019185885182,3610019192212956,3610019192292627,3610019192702790,3610019192889681,3610019192906921,3610019193378844,3610019194363011,3610019194372291,1,4,32,4,model.layers.2.self_attn.indexer.k_cache
3610019195089416,3610019195251917,3610019195253057,3610019195253897,3610019195350018,3610019195363098,3610019195443569,3610019195492569,3610019195499979,0,4,32,4,model.layers.2.self_attn.attn
3610019196277214,3610019196437336,3610019196438436,3610019196439186,3610019196531276,3610019196544226,3610019196885339,3610019196887899,3610019196893859,0,4,32,128,model.layers.3.self_attn.attn
3610019197655784,3610019197812305,3610019197813295,3610019197814155,3610019197907366,3610019197918586,3610019198248688,3610019198251538,3610019198257938,0,4,32,1,model.layers.0.self_attn.swa_cache
3610019198961073,3610019199116374,3610019199117774,3610019199118614,3610019199206935,3610019199218135,3610019199292076,3610019199293856,3610019199300306,0,4,32,1,model.layers.1.self_attn.swa_cache
3610019200143261,3610019200286503,3610019200287693,3610019200288533,3610019200374843,3610019200385263,3610019200462214,3610019200463994,3610019200470544,0,4,32,1,model.layers.2.self_attn.compressor.state_cache
3610019201077478,3610019201235609,3610019201236699,3610019201237539,3610019201328150,3610019201339380,3610019201416100,3610019201417930,3610019201424580,0,4,32,1,model.layers.2.self_attn.indexer.compressor.state_cache
3610019202261046,3610019202425187,3610019202426417,3610019202427177,3610019202519568,3610019202531148,3610019202611309,3610019202613179,3610019202619869,0,4,32,1,model.layers.3.self_attn.compressor.state_cache
3610019587400058,3610019587956082,3610019588047283,3610019588395555,3610019588504806,3610019588520356,3610019588813728,3610019625319353,3610019625348233,1,4,32,4,model.layers.2.self_attn.indexer.k_cache
3610019627306677,3610019627909061,3610019627994062,3610019628352394,3610019628472255,3610019628487685,3610019628786957,3610019629442732,3610019629451532,1,4,32,4,model.layers.2.self_attn.attn
3610019630907092,3610019631458746,3610019631543307,3610019631819098,3610019631930029,3610019631945389,3610019632236191,3610019632239541,3610019632246221,1,4,32,128,model.layers.3.self_attn.attn
3610019633643161,3610019634207615,3610019634284306,3610019634530997,3610019634631218,3610019634642818,3610019634888050,3610019634890690,3610019634896710,1,4,32,1,model.layers.0.self_attn.swa_cache
3610019636162229,3610019636653122,3610019636729463,3610019636975465,3610019637075715,3610019637087785,3610019637331107,3610019637334177,3610019637340087,1,4,32,1,model.layers.1.self_attn.swa_cache
3610019638581716,3610019639069739,3610019639144910,3610019639685813,3610019639786174,3610019639797844,3610019640059396,3610019640061976,3610019640067546,1,4,32,1,model.layers.2.self_attn.compressor.state_cache
3610019641156794,3610019641624517,3610019641699018,3610019641923639,3610019642020260,3610019642032180,3610019642296912,3610019642299752,3610019642305082,1,4,32,1,model.layers.2.self_attn.indexer.compressor.state_cache
3610019643522210,3610019643977713,3610019644070324,3610019644286596,3610019644377636,3610019644389026,3610019644628088,3610019644630988,3610019644636868,1,4,32,1,model.layers.3.self_attn.compressor.state_cache
3610020328563636,3610020329152180,3610020329230320,3610020329562562,3610020329744294,3610020329759784,3610020330204187,3610020331153724,3610020331163544,1,3,24,4,model.layers.2.self_attn.indexer.k_cache
3610020331901049,3610020332089960,3610020332091300,3610020332092030,3610020332189111,3610020332202651,3610020332281001,3610020332331902,3610020332339662,0,3,24,4,model.layers.2.self_attn.attn
3610020333088167,3610020333250708,3610020333251668,3610020333252458,3610020333343659,3610020333356469,3610020333693491,3610020333696501,3610020333703061,0,3,24,128,model.layers.3.self_attn.attn
3610020334457507,3610020334618968,3610020334620208,3610020334620938,3610020334712718,3610020334723399,3610020335057521,3610020335060671,3610020335066981,0,3,24,1,model.layers.0.self_attn.swa_cache
3610020335789996,3610020335953607,3610020335954617,3610020335955417,3610020336062778,3610020336074708,3610020336158869,3610020336160679,3610020336167849,0,3,24,1,model.layers.1.self_attn.swa_cache
3610020336998824,3610020337164936,3610020337165866,3610020337166556,3610020337260116,3610020337271616,3610020337349897,3610020337351907,3610020337359017,0,3,24,1,model.layers.2.self_attn.compressor.state_cache
3610020337957221,3610020338119592,3610020338120592,3610020338121312,3610020338212943,3610020338224093,3610020338299464,3610020338301114,3610020338307944,0,3,24,1,model.layers.2.self_attn.indexer.compressor.state_cache
3610020339133609,3610020339295340,3610020339296500,3610020339297331,3610020339390711,3610020339401481,3610020339479452,3610020339481092,3610020339488132,0,3,24,1,model.layers.3.self_attn.compressor.state_cache
3610020727920735,3610020728482699,3610020728559509,3610020728893442,3610020729010353,3610020729026573,3610020729323375,3610020760516362,3610020760526043,1,3,24,4,model.layers.2.self_attn.indexer.k_cache
3610020761928402,3610020762458786,3610020762535247,3610020762829069,3610020762937399,3610020762951039,3610020763216441,3610020763811115,3610020763819146,1,3,24,4,model.layers.2.self_attn.attn
3610020765155425,3610020765657728,3610020765733989,3610020765995761,3610020766100531,3610020766113972,3610020766376833,3610020766379643,3610020766385873,1,3,24,128,model.layers.3.self_attn.attn
3610020767681353,3610020768196446,3610020768275237,3610020768527118,3610020768628239,3610020768640169,3610020768895751,3610020768898531,3610020768904971,1,3,24,1,model.layers.0.self_attn.swa_cache
3610020770188780,3610020770675173,3610020770756084,3610020771004576,3610020771106656,3610020771118346,3610020771370468,3610020771373288,3610020771379168,1,3,24,1,model.layers.1.self_attn.swa_cache
3610020772646227,3610020773133311,3610020773209601,3610020773459133,3610020773559944,3610020773571404,3610020773819585,3610020773822425,3610020773828375,1,3,24,1,model.layers.2.self_attn.compressor.state_cache
3610020774993664,3610020775484327,3610020775562418,3610020775809069,3610020775907800,3610020775919400,3610020776183792,3610020776186932,3610020776193052,1,3,24,1,model.layers.2.self_attn.indexer.compressor.state_cache
3610020777496851,3610020777981434,3610020778057285,3610020778302187,3610020778401927,3610020778414947,3610020778663179,3610020778665719,3610020778671679,1,3,24,1,model.layers.3.self_attn.compressor.state_cache
3610021474260375,3610021480839361,3610021480920842,3610021481268084,3610021481444216,3610021481459846,3610021481902199,3610021482832395,3610021482841525,1,2,16,4,model.layers.2.self_attn.indexer.k_cache
3610021483511760,3610021483673361,3610021483674611,3610021483675301,3610021483768682,3610021483781732,3610021483859442,3610021483908213,3610021483915973,0,2,16,4,model.layers.2.self_attn.attn
3610021484679728,3610021484834719,3610021484835849,3610021484836479,3610021484929340,3610021484943330,3610021485267542,3610021485270402,3610021485276632,0,2,16,128,model.layers.3.self_attn.attn
3610021486040248,3610021486236029,3610021486237029,3610021486237799,3610021486322110,3610021486333380,3610021486646382,3610021486649042,3610021486655292,0,2,16,1,model.layers.0.self_attn.swa_cache
3610021487367247,3610021487526928,3610021487528038,3610021487528788,3610021487621629,3610021487632609,3610021487707039,3610021487708739,3610021487715349,0,2,16,1,model.layers.1.self_attn.swa_cache
3610021488567145,3610021488724496,3610021488725756,3610021488726516,3610021488822217,3610021488833647,3610021488906758,3610021488908728,3610021488915378,0,2,16,1,model.layers.2.self_attn.compressor.state_cache
3610021489508522,3610021489664263,3610021489665323,3610021489666053,3610021489756874,3610021489767454,3610021489841754,3610021489843864,3610021489850254,0,2,16,1,model.layers.2.self_attn.indexer.compressor.state_cache
3610021490678560,3610021490833601,3610021490834631,3610021490835331,3610021490920402,3610021490931302,3610021491006222,3610021491007902,3610021491014972,0,2,16,1,model.layers.3.self_attn.compressor.state_cache
3610021870789173,3610021871359127,3610021871434488,3610021871758800,3610021871873161,3610021871889671,3610021872202263,3610021945018871,3610021945028101,1,2,16,4,model.layers.2.self_attn.indexer.k_cache
3610021946432241,3610021946957134,3610021947032455,3610021947340837,3610021947450458,3610021947464268,3610021947729220,3610021948339324,3610021948347334,1,2,16,4,model.layers.2.self_attn.attn
3610021949649463,3610021950146577,3610021950221177,3610021950474739,3610021950575500,3610021950589690,3610021950838952,3610021950842152,3610021950848132,1,2,16,128,model.layers.3.self_attn.attn
3610021952139731,3610021952638334,3610021952717005,3610021952968466,3610021953069517,3610021953081297,3610021953330039,3610021953332679,3610021953339429,1,2,16,1,model.layers.0.self_attn.swa_cache
3610021954602848,3610021955098731,3610021955176352,3610021955425714,3610021955528304,3610021955540394,3610021955789676,3610021955792506,3610021955798656,1,2,16,1,model.layers.1.self_attn.swa_cache
3610021957056375,3610021957553518,3610021957626169,3610021957870171,3610021957973921,3610021957985581,3610021958232343,3610021958235383,3610021958241093,1,2,16,1,model.layers.2.self_attn.compressor.state_cache
3610021959374571,3610021959855994,3610021959932015,3610021960194317,3610021960296078,3610021960307988,3610021960555869,3610021960558679,3610021960564809,1,2,16,1,model.layers.2.self_attn.indexer.compressor.state_cache
3610021961835048,3610021962319572,3610021962395972,3610021962637314,3610021962738245,3610021962749915,3610021963001316,3610021963004076,3610021963010896,1,2,16,1,model.layers.3.self_attn.compressor.state_cache
3610022667142630,3610022676795497,3610022676880428,3610022677297171,3610022677488042,3610022677505632,3610022677998825,3610022678972852,3610022678982282,1,1,8,4,model.layers.2.self_attn.indexer.k_cache
3610022679741668,3610022679918609,3610022679919729,3610022679920399,3610022680034200,3610022680048200,3610022680132060,3610022680186221,3610022680193061,0,1,8,4,model.layers.2.self_attn.attn
3610022681001036,3610022681168828,3610022681170028,3610022681170728,3610022681262428,3610022681275718,3610022681614891,3610022681617551,3610022681623411,0,1,8,128,model.layers.3.self_attn.attn
3610022682412246,3610022682581797,3610022682582887,3610022682583587,3610022682679098,3610022682690368,3610022683023200,3610022683025950,3610022683031801,0,1,8,1,model.layers.0.self_attn.swa_cache
3610022683753506,3610022683920747,3610022683921927,3610022683922597,3610022684032738,3610022684044638,3610022684124888,3610022684126848,3610022684133188,0,1,8,1,model.layers.1.self_attn.swa_cache
3610022684984574,3610022685152305,3610022685153485,3610022685154235,3610022685248746,3610022685260256,3610022685339857,3610022685341667,3610022685348327,0,1,8,1,model.layers.2.self_attn.compressor.state_cache
3610022685941441,3610022686110812,3610022686111972,3610022686112622,3610022686205353,3610022686216423,3610022686293333,3610022686295163,3610022686301153,0,1,8,1,model.layers.2.self_attn.indexer.compressor.state_cache
3610022687182679,3610022687351731,3610022687352991,3610022687353741,3610022687447231,3610022687459351,3610022687535852,3610022687537902,3610022687544432,0,1,8,1,model.layers.3.self_attn.compressor.state_cache
3610023070049770,3610023070609103,3610023070688824,3610023071030776,3610023071144617,3610023071160067,3610023071461729,3610023136672324,3610023136682974,1,1,8,4,model.layers.2.self_attn.indexer.k_cache
3610023138117904,3610023138665408,3610023138741979,3610023139041761,3610023139153161,3610023139167172,3610023139441543,3610023140071208,3610023140079628,1,1,8,4,model.layers.2.self_attn.attn
3610023141419867,3610023141932881,3610023142008341,3610023142265313,3610023142370814,3610023142385324,3610023142649206,3610023142651606,3610023142657776,1,1,8,128,model.layers.3.self_attn.attn
3610023143961795,3610023144487039,3610023144564969,3610023144843171,3610023144949432,3610023144961642,3610023145225554,3610023145228374,3610023145234704,1,1,8,1,model.layers.0.self_attn.swa_cache
3610023146551713,3610023147056757,3610023147135687,3610023147384619,3610023147489150,3610023147501580,3610023147761982,3610023147764752,3610023147770812,1,1,8,1,model.layers.1.self_attn.swa_cache
3610023149093501,3610023149605014,3610023149682755,3610023149931597,3610023150034567,3610023150046677,3610023150303239,3610023150306109,3610023150312379,1,1,8,1,model.layers.2.self_attn.compressor.state_cache
3610023151492738,3610023152021181,3610023152100982,3610023152350444,3610023152454364,3610023152466844,3610023152725266,3610023152727766,3610023152733896,1,1,8,1,model.layers.2.self_attn.indexer.compressor.state_cache
3610023154062465,3610023154564889,3610023154640599,3610023154888991,3610023154992302,3610023155004132,3610023155262654,3610023155265634,3610023155271544,1,1,8,1,model.layers.3.self_attn.compressor.state_cache
3610127165825212,3610127172390445,3610127172470406,3610127172939239,3610127173139900,3610127173161361,3610127173768875,3610127174252958,3610127174269638,1,1,96,4,model.layers.2.self_attn.indexer.k_cache
3610127175060283,3610127175244244,3610127175245544,3610127175246324,3610127175343745,3610127175356925,3610127175439346,3610127175493136,3610127175501306,0,1,96,4,model.layers.2.self_attn.attn
3610127176305751,3610127176470182,3610127176471442,3610127176472122,3610127176567853,3610127176585963,3610127176936266,3610127176939386,3610127176946086,0,1,96,128,model.layers.3.self_attn.attn
3610127177723611,3610127177898622,3610127177899962,3610127177900712,3610127177995773,3610127178007393,3610127178346285,3610127178349625,3610127178355925,0,1,96,1,model.layers.0.self_attn.swa_cache
3610127179092780,3610127179262231,3610127179263351,3610127179264021,3610127179361812,3610127179374182,3610127179454432,3610127179456442,3610127179463522,0,1,96,1,model.layers.1.self_attn.swa_cache
3610127180347208,3610127180516399,3610127180517499,3610127180518239,3610127180616350,3610127180627790,3610127180708260,3610127180710240,3610127180716921,0,1,96,1,model.layers.2.self_attn.compressor.state_cache
3610127181334585,3610127181497226,3610127181498196,3610127181498866,3610127181590586,3610127181602166,3610127181678687,3610127181680547,3610127181687207,0,1,96,1,model.layers.2.self_attn.indexer.compressor.state_cache
3610127182585193,3610127182758954,3610127182760254,3610127182760934,3610127182857795,3610127182869695,3610127182957515,3610127182959625,3610127182966355,0,1,96,1,model.layers.3.self_attn.compressor.state_cache
3610127713887180,3610127714425424,3610127714502234,3610127714846156,3610127714968597,3610127714983637,3610127715474291,3610127716496487,3610127716505167,1,1,8,4,model.layers.2.self_attn.indexer.k_cache
3610127717216932,3610127717389253,3610127717390363,3610127717390973,3610127717488354,3610127717501804,3610127717583975,3610127717632525,3610127717639145,0,1,8,4,model.layers.2.self_attn.attn
3610127718335230,3610127718503681,3610127718504741,3610127718505361,3610127718599541,3610127718612461,3610127718951844,3610127718954594,3610127718960404,0,1,8,128,model.layers.3.self_attn.attn
3610127719657888,3610127719826389,3610127719827369,3610127719828039,3610127719924060,3610127719936260,3610127720290342,3610127720293323,3610127720299253,0,1,8,1,model.layers.0.self_attn.swa_cache
3610127721007707,3610127721174208,3610127721175258,3610127721175868,3610127721270009,3610127721281549,3610127721360820,3610127721362440,3610127721368510,0,1,8,1,model.layers.1.self_attn.swa_cache
3610127722155465,3610127722320106,3610127722321156,3610127722321846,3610127722417447,3610127722429537,3610127722509417,3610127722511117,3610127722517547,0,1,8,1,model.layers.2.self_attn.compressor.state_cache
3610127723091761,3610127723274672,3610127723275762,3610127723276412,3610127723376153,3610127723388563,3610127723471484,3610127723473374,3610127723479504,0,1,8,1,model.layers.2.self_attn.indexer.compressor.state_cache
3610127724312339,3610127724478290,3610127724479350,3610127724480020,3610127724576371,3610127724588001,3610127724668661,3610127724670361,3610127724676852,0,1,8,1,model.layers.3.self_attn.compressor.state_cache
3610127851841423,3610127852433907,3610127852508947,3610127852807609,3610127852923950,3610127852938800,3610127853389773,3610127854137018,3610127854145218,1,1,8,4,model.layers.2.self_attn.indexer.k_cache
3610127854855153,3610127855033024,3610127855034274,3610127855034924,3610127855135675,3610127855149055,3610127855234875,3610127855287656,3610127855294346,0,1,8,4,model.layers.2.self_attn.attn
3610127855992580,3610127856196232,3610127856197332,3610127856197992,3610127856296202,3610127856309723,3610127856661915,3610127856664605,3610127856670475,0,1,8,128,model.layers.3.self_attn.attn
3610127857388230,3610127857557881,3610127857558881,3610127857559601,3610127857655561,3610127857667372,3610127858007734,3610127858010404,3610127858016174,0,1,8,1,model.layers.0.self_attn.swa_cache
3610127858720789,3610127858892880,3610127858893880,3610127858894550,3610127858991260,3610127859003100,3610127859087051,3610127859088801,3610127859094971,0,1,8,1,model.layers.1.self_attn.swa_cache
3610127859783506,3610127859949807,3610127859950927,3610127859951597,3610127860060447,3610127860073287,3610127860158878,3610127860160618,3610127860166838,0,1,8,1,model.layers.2.self_attn.compressor.state_cache
3610127860779022,3610127860957523,3610127860958523,3610127860959163,3610127861057854,3610127861069754,3610127861148645,3610127861150515,3610127861156655,0,1,8,1,model.layers.2.self_attn.indexer.compressor.state_cache
3610127861873539,3610127862046521,3610127862047671,3610127862048321,3610127862146041,3610127862158101,3610127862239882,3610127862241602,3610127862247842,0,1,8,1,model.layers.3.self_attn.compressor.state_cache
3610127914995981,3610127915772576,3610127915847447,3610127916179059,3610127916293319,3610127916307110,3610127916723272,3610127917466757,3610127917475007,1,1,8,4,model.layers.2.self_attn.indexer.k_cache
3610127918158832,3610127918337893,3610127918339173,3610127918339923,3610127918440334,3610127918453754,3610127918539044,3610127918592125,3610127918599095,0,1,8,4,model.layers.2.self_attn.attn
3610127919313759,3610127919485931,3610127919486901,3610127919487561,3610127919585151,3610127919598261,3610127919954454,3610127919957434,3610127919963434,0,1,8,128,model.layers.3.self_attn.attn
3610127920722269,3610127920896560,3610127920897590,3610127920898220,3610127920995271,3610127921007381,3610127921368473,3610127921371423,3610127921377393,0,1,8,1,model.layers.0.self_attn.swa_cache
3610127922091318,3610127922257099,3610127922258159,3610127922258819,3610127922355710,3610127922367520,3610127922449690,3610127922451480,3610127922457830,0,1,8,1,model.layers.1.self_attn.swa_cache
3610127923146455,3610127923319136,3610127923320256,3610127923320916,3610127923417957,3610127923430367,3610127923515627,3610127923517647,3610127923524107,0,1,8,1,model.layers.2.self_attn.compressor.state_cache
3610127924124861,3610127924292712,3610127924293732,3610127924294432,3610127924395393,3610127924408923,3610127924494444,3610127924496634,3610127924503584,0,1,8,1,model.layers.2.self_attn.indexer.compressor.state_cache
3610127925263729,3610127925436900,3610127925437910,3610127925438490,3610127925535991,3610127925548371,3610127925632941,3610127925634701,3610127925641491,0,1,8,1,model.layers.3.self_attn.compressor.state_cache
3610127989586464,3610127990128058,3610127990191778,3610127990484730,3610127990591501,3610127990604551,3610127990993614,3610127991422117,3610127991429997,1,1,88,4,model.layers.2.self_attn.indexer.k_cache
3610127992380073,3610127992553084,3610127992554214,3610127992554914,3610127992654245,3610127992666235,3610127992752085,3610127992805506,3610127992812586,0,1,88,4,model.layers.2.self_attn.attn
3610127993515350,3610127993679832,3610127993680972,3610127993681652,3610127993779352,3610127993791172,3610127994146865,3610127994149475,3610127994155525,0,1,88,128,model.layers.3.self_attn.attn
3610127994865009,3610127995034311,3610127995035371,3610127995035991,3610127995129201,3610127995140401,3610127995477893,3610127995480653,3610127995486444,0,1,88,1,model.layers.0.self_attn.swa_cache
3610127996211628,3610127996382209,3610127996383269,3610127996383969,3610127996480280,3610127996492360,3610127996574841,3610127996576521,3610127996582771,0,1,88,1,model.layers.1.self_attn.swa_cache
3610127997372606,3610127997537807,3610127997538877,3610127997539627,3610127997635298,3610127997646898,3610127997728298,3610127997730288,3610127997736438,0,1,88,1,model.layers.2.self_attn.compressor.state_cache
3610127998316812,3610127998490833,3610127998491813,3610127998492503,3610127998589584,3610127998601424,3610127998681855,3610127998683785,3610127998689735,0,1,88,1,model.layers.2.self_attn.indexer.compressor.state_cache
3610127999523380,3610127999691751,3610127999692741,3610127999693421,3610127999788342,3610127999800042,3610127999881093,3610127999883123,3610127999889503,0,1,88,1,model.layers.3.self_attn.compressor.state_cache
3610128429445165,3610128429972029,3610128430047429,3610128430319001,3610128430425802,3610128430439742,3610128430838334,3610128431579339,3610128431587509,1,1,8,4,model.layers.2.self_attn.indexer.k_cache
3610128432310474,3610128432494675,3610128432495725,3610128432496435,3610128432592906,3610128432606606,3610128432688807,3610128432741497,3610128432748827,0,1,8,4,model.layers.2.self_attn.attn
3610128433467542,3610128433636413,3610128433637413,3610128433638123,3610128433736334,3610128433749434,3610128434122846,3610128434125626,3610128434131556,0,1,8,128,model.layers.3.self_attn.attn
3610128434834541,3610128435003562,3610128435004452,3610128435005122,3610128435101553,3610128435113413,3610128435468605,3610128435471295,3610128435477535,0,1,8,1,model.layers.0.self_attn.swa_cache
3610128436189430,3610128436361081,3610128436361961,3610128436362611,3610128436458632,3610128436470362,3610128436551602,3610128436553502,3610128436559772,0,1,8,1,model.layers.1.self_attn.swa_cache
3610128437240377,3610128437408298,3610128437409408,3610128437410038,3610128437509708,3610128437521109,3610128437601779,3610128437603609,3610128437610089,0,1,8,1,model.layers.2.self_attn.compressor.state_cache
3610128438174113,3610128438348184,3610128438349194,3610128438349784,3610128438444035,3610128438456095,3610128438533315,3610128438535125,3610128438541295,0,1,8,1,model.layers.2.self_attn.indexer.compressor.state_cache
3610128439285750,3610128439451221,3610128439452211,3610128439452861,3610128439548472,3610128439560612,3610128439640373,3610128439642283,3610128439648563,0,1,8,1,model.layers.3.self_attn.compressor.state_cache
3610128491459695,3610128491983269,3610128492073840,3610128492343351,3610128492451252,3610128492464782,3610128492858045,3610128493582840,3610128493591310,1,1,8,4,model.layers.2.self_attn.indexer.k_cache
3610128494233894,3610128494403155,3610128494404175,3610128494404935,3610128494498326,3610128494510936,3610128494594616,3610128494645057,3610128494652047,0,1,8,4,model.layers.2.self_attn.attn
3610128495342031,3610128495512862,3610128495513892,3610128495514602,3610128495607483,3610128495620183,3610128495957265,3610128495959865,3610128495965745,0,1,8,128,model.layers.3.self_attn.attn
3610128496685970,3610128496853501,3610128496854441,3610128496855131,3610128496950432,3610128496962632,3610128497312134,3610128497315054,3610128497320774,0,1,8,1,model.layers.0.self_attn.swa_cache
3610128498006799,3610128498179700,3610128498180780,3610128498181460,3610128498276731,3610128498288861,3610128498368771,3610128498370791,3610128498377151,0,1,8,1,model.layers.1.self_attn.swa_cache
3610128499055066,3610128499222947,3610128499223947,3610128499224617,3610128499319797,3610128499331748,3610128499411708,3610128499413638,3610128499419898,0,1,8,1,model.layers.2.self_attn.compressor.state_cache
3610128499993482,3610128500204983,3610128500206003,3610128500206803,3610128500302254,3610128500313874,3610128500395295,3610128500397385,3610128500403425,0,1,8,1,model.layers.2.self_attn.indexer.compressor.state_cache
3610128501115259,3610128501286050,3610128501287141,3610128501287881,3610128501383271,3610128501398941,3610128501479452,3610128501481372,3610128501487682,0,1,8,1,model.layers.3.self_attn.compressor.state_cache
3610128553121833,3610128553629167,3610128553704817,3610128554201221,3610128554313791,3610128554327971,3610128554709414,3610128555412519,3610128555420699,1,1,8,4,model.layers.2.self_attn.indexer.k_cache
3610128556097093,3610128556266624,3610128556267704,3610128556268444,3610128556366985,3610128556379825,3610128556462236,3610128556511546,3610128556518736,0,1,8,4,model.layers.2.self_attn.attn
3610128557206241,3610128557371072,3610128557372062,3610128557372782,3610128557468442,3610128557481762,3610128557829145,3610128557832045,3610128557837885,0,1,8,128,model.layers.3.self_attn.attn
3610128558539859,3610128558708240,3610128558709220,3610128558709930,3610128558804411,3610128558816701,3610128559165483,3610128559168404,3610128559174484,0,1,8,1,model.layers.0.self_attn.swa_cache
3610128559871788,3610128560054699,3610128560055749,3610128560056459,3610128560155760,3610128560167930,3610128560250991,3610128560253091,3610128560259111,0,1,8,1,model.layers.1.self_attn.swa_cache
3610128560943505,3610128561113616,3610128561114666,3610128561115446,3610128561208607,3610128561220677,3610128561300038,3610128561301928,3610128561308018,0,1,8,1,model.layers.2.self_attn.compressor.state_cache
3610128561888532,3610128562059863,3610128562061043,3610128562061833,3610128562157253,3610128562169293,3610128562249494,3610128562251204,3610128562257314,0,1,8,1,model.layers.2.self_attn.indexer.compressor.state_cache
3610128562965719,3610128563126680,3610128563127650,3610128563128410,3610128563222380,3610128563233870,3610128563313381,3610128563315321,3610128563321491,0,1,8,1,model.layers.3.self_attn.compressor.state_cache
3610128614935473,3610128615443026,3610128615517526,3610128615777218,3610128615880559,3610128615895179,3610128616515283,3610128618826198,3610128618834258,1,1,8,4,model.layers.2.self_attn.indexer.k_cache
3610128619489463,3610128619661824,3610128619662794,3610128619663544,3610128619758524,3610128619771185,3610128619855115,3610128619908215,3610128619914725,0,1,8,4,model.layers.2.self_attn.attn
3610128620636120,3610128620808521,3610128620809861,3610128620810561,3610128620906302,3610128620919592,3610128621256944,3610128621259614,3610128621265374,0,1,8,128,model.layers.3.self_attn.attn
3610128621996849,3610128622167310,3610128622168390,3610128622169160,3610128622263761,3610128622275631,3610128622614043,3610128622617003,3610128622622643,0,1,8,1,model.layers.0.self_attn.swa_cache
3610128623310738,3610128623482849,3610128623483869,3610128623484609,3610128623578910,3610128623590400,3610128623670890,3610128623672710,3610128623678740,0,1,8,1,model.layers.1.self_attn.swa_cache
3610128624371035,3610128624537996,3610128624539136,3610128624539886,3610128624634807,3610128624646017,3610128624726427,3610128624728597,3610128624734497,0,1,8,1,model.layers.2.self_attn.compressor.state_cache
3610128625307681,3610128625477062,3610128625478282,3610128625479052,3610128625572843,3610128625584203,3610128625665584,3610128625667684,3610128625673664,0,1,8,1,model.layers.2.self_attn.indexer.compressor.state_cache
3610128626378728,3610128626546609,3610128626547599,3610128626548289,3610128626642220,3610128626653490,3610128626733721,3610128626735711,3610128626741711,0,1,8,1,model.layers.3.self_attn.compressor.state_cache
3610128678913736,3610128679424699,3610128679499470,3610128679765791,3610128679869672,3610128679883722,3610128680264675,3610128682236458,3610128682244338,1,1,8,4,model.layers.2.self_attn.indexer.k_cache
3610128682936432,3610128683108064,3610128683109044,3610128683109774,3610128683204884,3610128683218134,3610128683301045,3610128683352655,3610128683359215,0,1,8,4,model.layers.2.self_attn.attn
3610128684082420,3610128684259151,3610128684260051,3610128684260871,3610128684356152,3610128684369292,3610128684724124,3610128684727164,3610128684733134,0,1,8,128,model.layers.3.self_attn.attn
3610128685444909,3610128685616750,3610128685617670,3610128685618290,3610128685713621,3610128685725671,3610128686088293,3610128686091133,3610128686096723,0,1,8,1,model.layers.0.self_attn.swa_cache
3610128686787628,3610128686955909,3610128686956959,3610128686957659,3610128687057500,3610128687069720,3610128687152820,3610128687154600,3610128687160660,0,1,8,1,model.layers.1.self_attn.swa_cache
3610128687846005,3610128688023666,3610128688024696,3610128688025446,3610128688122587,3610128688134347,3610128688216127,3610128688217947,3610128688224047,0,1,8,1,model.layers.2.self_attn.compressor.state_cache
3610128688793371,3610128688955462,3610128688956532,3610128688957272,3610128689050813,3610128689062583,3610128689141223,3610128689143243,3610128689149064,0,1,8,1,model.layers.2.self_attn.indexer.compressor.state_cache
3610128689867348,3610128690032999,3610128690033899,3610128690034689,3610128690129570,3610128690141620,3610128690220051,3610128690221951,3610128690228001,0,1,8,1,model.layers.3.self_attn.compressor.state_cache
3610128742164554,3610128742677398,3610128742752398,3610128743010710,3610128743114940,3610128743128881,3610128743407502,3610128746060790,3610128746068560,1,1,8,4,model.layers.2.self_attn.indexer.k_cache
3610128746703214,3610128746870015,3610128746871145,3610128746871815,3610128746967896,3610128746980746,3610128747065147,3610128747115947,3610128747122747,0,1,8,4,model.layers.2.self_attn.attn
3610128747817942,3610128747989733,3610128747990753,3610128747991473,3610128748107443,3610128748120784,3610128748378375,3610128748380785,3610128748386885,0,1,8,128,model.layers.3.self_attn.attn
3610128749088000,3610128749261691,3610128749262711,3610128749263491,3610128749358772,3610128749370852,3610128749626244,3610128749628704,3610128749634774,0,1,8,1,model.layers.0.self_attn.swa_cache
3610128750322588,3610128750492549,3610128750493559,3610128750494209,3610128750588880,3610128750600410,3610128750681291,3610128750683231,3610128750689891,0,1,8,1,model.layers.1.self_attn.swa_cache
3610128751368965,3610128751535566,3610128751536566,3610128751537286,3610128751630527,3610128751641807,3610128751721307,3610128751723217,3610128751729397,0,1,8,1,model.layers.2.self_attn.compressor.state_cache
3610128752314841,3610128752481942,3610128752483012,3610128752483722,3610128752578873,3610128752590763,3610128752669314,3610128752671164,3610128752677294,0,1,8,1,model.layers.2.self_attn.indexer.compressor.state_cache
3610128753393028,3610128753559760,3610128753561010,3610128753561750,3610128753656590,3610128753668310,3610128753748781,3610128753750581,3610128753756961,0,1,8,1,model.layers.3.self_attn.compressor.state_cache
3610128805687374,3610128806210908,3610128806287418,3610128806572610,3610128806684371,3610128806699011,3610128807127124,3610128809501650,3610128809509640,1,1,8,4,model.layers.2.self_attn.indexer.k_cache
3610128810187934,3610128810354025,3610128810354995,3610128810355685,3610128810453116,3610128810465906,3610128810548736,3610128810599527,3610128810605927,0,1,8,4,model.layers.2.self_attn.attn
3610128811300451,3610128811469163,3610128811470193,3610128811470923,3610128811567383,3610128811580703,3610128811920476,3610128811923156,3610128811928856,0,1,8,128,model.layers.3.self_attn.attn
3610128812663340,3610128812833402,3610128812834492,3610128812835252,3610128812930292,3610128812942362,3610128813285225,3610128813288285,3610128813294045,0,1,8,1,model.layers.0.self_attn.swa_cache
3610128814012339,3610128814182741,3610128814183721,3610128814184461,3610128814282461,3610128814294731,3610128814376872,3610128814378822,3610128814385352,0,1,8,1,model.layers.1.self_attn.swa_cache
3610128815063016,3610128815226777,3610128815227857,3610128815228667,3610128815323828,3610128815335838,3610128815416869,3610128815418929,3610128815424949,0,1,8,1,model.layers.2.self_attn.compressor.state_cache
3610128815999123,3610128816181854,3610128816182924,3610128816183724,3610128816278154,3610128816290084,3610128816369415,3610128816371365,3610128816377345,0,1,8,1,model.layers.2.self_attn.indexer.compressor.state_cache
3610128817096100,3610128817263541,3610128817264551,3610128817265231,3610128817359602,3610128817371432,3610128817451642,3610128817453482,3610128817459572,0,1,8,1,model.layers.3.self_attn.compressor.state_cache
3610128869576857,3610128870098470,3610128870175571,3610128870439013,3610128870544973,3610128870558743,3610128870925146,3610128872946909,3610128872954999,1,1,8,4,model.layers.2.self_attn.indexer.k_cache
3610128873597784,3610128873764035,3610128873764995,3610128873765625,3610128873860895,3610128873873445,3610128873956246,3610128874009696,3610128874016636,0,1,8,4,model.layers.2.self_attn.attn
3610128874708551,3610128874879272,3610128874880392,3610128874881102,3610128874976913,3610128874989883,3610128875333265,3610128875335835,3610128875342175,0,1,8,128,model.layers.3.self_attn.attn
3610128876063550,3610128876245701,3610128876246821,3610128876247541,3610128876347662,3610128876360782,3610128876714494,3610128876717224,3610128876723944,0,1,8,1,model.layers.0.self_attn.swa_cache
3610128877477569,3610128877656950,3610128877658070,3610128877658880,3610128877764131,3610128877777041,3610128877864012,3610128877866212,3610128877873252,0,1,8,1,model.layers.1.self_attn.swa_cache
3610128878586416,3610128878754558,3610128878755668,3610128878756408,3610128878853288,3610128878865408,3610128878946389,3610128878948319,3610128878955309,0,1,8,1,model.layers.2.self_attn.compressor.state_cache
3610128879535253,3610128879702284,3610128879703374,3610128879704104,3610128879797594,3610128879809535,3610128879891605,3610128879893535,3610128879899875,0,1,8,1,model.layers.2.self_attn.indexer.compressor.state_cache
3610128880638270,3610128880810851,3610128880811921,3610128880812631,3610128880909852,3610128880921862,3610128881001322,3610128881003402,3610128881010133,0,1,8,1,model.layers.3.self_attn.compressor.state_cache
3610128933542140,3610128934055213,3610128934129734,3610128934392086,3610128934499446,3610128934514116,3610128934890619,3610128936295238,3610128936303188,1,1,8,4,model.layers.2.self_attn.indexer.k_cache
3610128936946862,3610128937114284,3610128937115344,3610128937116044,3610128937211714,3610128937224674,3610128937310935,3610128937366945,3610128937373755,0,1,8,4,model.layers.2.self_attn.attn
3610128938075350,3610128938250531,3610128938251661,3610128938252421,3610128938348882,3610128938361952,3610128938709114,3610128938711754,3610128938717644,0,1,8,128,model.layers.3.self_attn.attn
3610128939431629,3610128939599020,3610128939600140,3610128939600880,3610128939694741,3610128939706271,3610128940079603,3610128940082693,3610128940088663,0,1,8,1,model.layers.0.self_attn.swa_cache
3610128940827708,3610128940994889,3610128940995849,3610128940996549,3610128941095580,3610128941107950,3610128941188901,3610128941191041,3610128941197141,0,1,8,1,model.layers.1.self_attn.swa_cache
3610128941884455,3610128942052376,3610128942053346,3610128942054086,3610128942151787,3610128942163407,3610128942243918,3610128942245778,3610128942252108,0,1,8,1,model.layers.2.self_attn.compressor.state_cache
3610128942830211,3610128942994252,3610128942995302,3610128942996013,3610128943089263,3610128943101093,3610128943183064,3610128943185004,3610128943191774,0,1,8,1,model.layers.2.self_attn.indexer.compressor.state_cache
3610128943919649,3610128944104770,3610128944105800,3610128944106590,3610128944203900,3610128944216221,3610128944299121,3610128944300871,3610128944307301,0,1,8,1,model.layers.3.self_attn.compressor.state_cache
3610129004764631,3610129005312615,3610129005376855,3610129005671847,3610129005777868,3610129005790668,3610129006075440,3610129006412862,3610129006420322,1,1,96,4,model.layers.2.self_attn.indexer.k_cache
3610129007077596,3610129007246377,3610129007247507,3610129007248257,3610129007345998,3610129007357958,3610129007441639,3610129007491539,3610129007498389,0,1,96,4,model.layers.2.self_attn.attn
3610129008219154,3610129008388255,3610129008389265,3610129008390065,3610129008483026,3610129008495166,3610129008757807,3610129008760347,3610129008766188,0,1,96,128,model.layers.3.self_attn.attn
3610129009459092,3610129009630113,3610129009631203,3610129009631933,3610129009725574,3610129009737234,3610129009995756,3610129009998386,3610129010004416,0,1,96,1,model.layers.0.self_attn.swa_cache
3610129010693880,3610129010862081,3610129010863251,3610129010864041,3610129010959182,3610129010971012,3610129011051153,3610129011053143,3610129011059633,0,1,96,1,model.layers.1.self_attn.swa_cache
3610129011737657,3610129011903228,3610129011904318,3610129011905128,3610129012013539,3610129012027429,3610129012112520,3610129012114430,3610129012121240,0,1,96,1,model.layers.2.self_attn.compressor.state_cache
3610129012699884,3610129012872355,3610129012873555,3610129012874365,3610129012969475,3610129012981295,3610129013060956,3610129013063096,3610129013069656,0,1,96,1,model.layers.2.self_attn.indexer.compressor.state_cache
3610129013790561,3610129013958372,3610129013959512,3610129013960262,3610129014055073,3610129014066193,3610129014146953,3610129014149183,3610129014155523,0,1,96,1,model.layers.3.self_attn.compressor.state_cache
3610129437925376,3610129438469740,3610129438549390,3610129438843752,3610129438958583,3610129438975253,3610129439403736,3610129440249311,3610129440259461,1,1,8,4,model.layers.2.self_attn.indexer.k_cache
3610129440986326,3610129441162007,3610129441163507,3610129441164197,3610129441266038,3610129441280718,3610129441365229,3610129441416459,3610129441424679,0,1,8,4,model.layers.2.self_attn.attn
3610129442160534,3610129442334455,3610129442335725,3610129442336385,3610129442437246,3610129442453136,3610129442817908,3610129442821578,3610129442828878,0,1,8,128,model.layers.3.self_attn.attn
3610129443562453,3610129443735424,3610129443736634,3610129443737364,3610129443835895,3610129443848465,3610129444207358,3610129444210928,3610129444218168,0,1,8,1,model.layers.0.self_attn.swa_cache
3610129444948362,3610129445120974,3610129445122324,3610129445122974,3610129445224434,3610129445237554,3610129445321005,3610129445323075,3610129445330825,0,1,8,1,model.layers.1.self_attn.swa_cache
3610129446042100,3610129446221221,3610129446222671,3610129446223411,3610129446320902,3610129446333392,3610129446415672,3610129446417832,3610129446425382,0,1,8,1,model.layers.2.self_attn.compressor.state_cache
3610129447021976,3610129447195067,3610129447196387,3610129447197067,3610129447295408,3610129447307798,3610129447393069,3610129447395439,3610129447402919,0,1,8,1,model.layers.2.self_attn.indexer.compressor.state_cache
3610129448193494,3610129448361485,3610129448362795,3610129448363425,3610129448462486,3610129448475506,3610129448557426,3610129448559786,3610129448567536,0,1,8,1,model.layers.3.self_attn.compressor.state_cache
3610129502367422,3610129502896576,3610129502976866,3610129503260008,3610129503370479,3610129503386229,3610129503680701,3610129504346555,3610129504356975,1,1,8,4,model.layers.2.self_attn.indexer.k_cache
3610129505023610,3610129505202221,3610129505203531,3610129505204231,3610129505302722,3610129505317142,3610129505402732,3610129505456863,3610129505465063,0,1,8,4,model.layers.2.self_attn.attn
3610129506182398,3610129506353179,3610129506354449,3610129506355039,3610129506453799,3610129506467929,3610129506728921,3610129506731831,3610129506738521,0,1,8,128,model.layers.3.self_attn.attn
3610129507465706,3610129507632787,3610129507633997,3610129507634567,3610129507731918,3610129507744398,3610129508016210,3610129508019450,3610129508026230,0,1,8,1,model.layers.0.self_attn.swa_cache
3610129508744794,3610129508913996,3610129508915016,3610129508915676,3610129509012396,3610129509024416,3610129509111487,3610129509113607,3610129509120787,0,1,8,1,model.layers.1.self_attn.swa_cache
3610129509824732,3610129509993483,3610129509994633,3610129509995303,3610129510094313,3610129510106523,3610129510187474,3610129510189444,3610129510196644,0,1,8,1,model.layers.2.self_attn.compressor.state_cache
3610129510787178,3610129510958539,3610129510959969,3610129510960549,3610129511057820,3610129511069620,3610129511151130,3610129511153470,3610129511160940,0,1,8,1,model.layers.2.self_attn.indexer.compressor.state_cache
3610129511894105,3610129512110067,3610129512111577,3610129512112247,3610129512212587,3610129512224647,3610129512310168,3610129512312488,3610129512320008,0,1,8,1,model.layers.3.self_attn.compressor.state_cache
3610129565458250,3610129565991973,3610129566071634,3610129566339775,3610129566450296,3610129566465776,3610129566747588,3610129567381452,3610129567390822,1,1,8,4,model.layers.2.self_attn.indexer.k_cache
3610129568059897,3610129568241918,3610129568243098,3610129568243858,3610129568344089,3610129568358129,3610129568444879,3610129568496330,3610129568504580,0,1,8,4,model.layers.2.self_attn.attn
3610129569224774,3610129569393806,3610129569395166,3610129569396046,3610129569492806,3610129569507766,3610129569767168,3610129569770048,3610129569776928,0,1,8,128,model.layers.3.self_attn.attn
3610129570492973,3610129570662044,3610129570663194,3610129570664054,3610129570762025,3610129570774215,3610129571034006,3610129571036996,3610129571043937,0,1,8,1,model.layers.0.self_attn.swa_cache
3610129571758711,3610129571930042,3610129571931222,3610129571931992,3610129572048543,3610129572062173,3610129572147994,3610129572150404,3610129572157494,0,1,8,1,model.layers.1.self_attn.swa_cache
3610129572872879,3610129573075770,3610129573077110,3610129573077920,3610129573177491,3610129573189821,3610129573273711,3610129573275851,3610129573283531,0,1,8,1,model.layers.2.self_attn.compressor.state_cache
3610129573881645,3610129574051136,3610129574052596,3610129574053486,3610129574150797,3610129574162477,3610129574242028,3610129574244328,3610129574251978,0,1,8,1,model.layers.2.self_attn.indexer.compressor.state_cache
3610129574988583,3610129575163534,3610129575164794,3610129575165614,3610129575263554,3610129575275414,3610129575358295,3610129575360525,3610129575368155,0,1,8,1,model.layers.3.self_attn.compressor.state_cache
3610129628344846,3610129628873089,3610129628951600,3610129629219761,3610129629329142,3610129629343832,3610129629772975,3610129630480690,3610129630490360,1,1,8,4,model.layers.2.self_attn.indexer.k_cache
3610129631138604,3610129631317845,3610129631318955,3610129631319715,3610129631419246,3610129631433456,3610129631517976,3610129631569007,3610129631576937,0,1,8,4,model.layers.2.self_attn.attn
3610129632321232,3610129632544243,3610129632545763,3610129632546543,3610129632649244,3610129632664164,3610129633011056,3610129633014126,3610129633021216,0,1,8,128,model.layers.3.self_attn.attn
3610129633764011,3610129633938552,3610129633939693,3610129633940423,3610129634038303,3610129634050493,3610129634395746,3610129634399026,3610129634406336,0,1,8,1,model.layers.0.self_attn.swa_cache
3610129635124640,3610129635294161,3610129635295341,3610129635296021,3610129635391982,3610129635404392,3610129635486733,3610129635488923,3610129635496033,0,1,8,1,model.layers.1.self_attn.swa_cache
3610129636244068,3610129636412749,3610129636414019,3610129636414739,3610129636512540,3610129636524700,3610129636607510,3610129636609970,3610129636617070,0,1,8,1,model.layers.2.self_attn.compressor.state_cache
3610129637210114,3610129637377895,3610129637379105,3610129637379735,3610129637475726,3610129637487646,3610129637567477,3610129637569567,3610129637576887,0,1,8,1,model.layers.2.self_attn.indexer.compressor.state_cache
3610129638300751,3610129638468352,3610129638469532,3610129638470132,3610129638565763,3610129638577403,3610129638661034,3610129638663364,3610129638670874,0,1,8,1,model.layers.3.self_attn.compressor.state_cache
3610129691659004,3610129692213278,3610129692291708,3610129692560410,3610129692671351,3610129692686171,3610129693064243,3610129693781038,3610129693790318,1,1,8,4,model.layers.2.self_attn.indexer.k_cache
3610129694437343,3610129694610094,3610129694611244,3610129694611954,3610129694710804,3610129694724764,3610129694809795,3610129694863265,3610129694871465,0,1,8,4,model.layers.2.self_attn.attn
3610129695587640,3610129695760901,3610129695762081,3610129695762971,3610129695858762,3610129695873852,3610129696244365,3610129696247685,3610129696254905,0,1,8,128,model.layers.3.self_attn.attn
3610129696991879,3610129697163591,3610129697164911,3610129697165741,3610129697261301,3610129697273301,3610129697614744,3610129697618064,3610129697625194,0,1,8,1,model.layers.0.self_attn.swa_cache
3610129698341288,3610129698510740,3610129698512070,3610129698512800,3610129698614780,3610129698627330,3610129698711131,3610129698713431,3610129698720691,0,1,8,1,model.layers.1.self_attn.swa_cache
3610129699422496,3610129699591707,3610129699593037,3610129699593797,3610129699691387,3610129699703997,3610129699788238,3610129699790348,3610129699797828,0,1,8,1,model.layers.2.self_attn.compressor.state_cache
3610129700438282,3610129700604873,3610129700606193,3610129700607043,3610129700705314,3610129700716934,3610129700799795,3610129700802115,3610129700809355,0,1,8,1,model.layers.2.self_attn.indexer.compressor.state_cache
3610129701539990,3610129701704071,3610129701705351,3610129701705991,3610129701801081,3610129701812641,3610129701892182,3610129701894082,3610129701901632,0,1,8,1,model.layers.3.self_attn.compressor.state_cache
3610129754791812,3610129755321745,3610129755399796,3610129755665877,3610129755776228,3610129755791368,3610129756091520,3610129756726174,3610129756735334,1,1,8,4,model.layers.2.self_attn.indexer.k_cache
3610129757375799,3610129757550320,3610129757551420,3610129757552320,3610129757650660,3610129757665191,3610129757749141,3610129757804961,3610129757813082,0,1,8,4,model.layers.2.self_attn.attn
3610129758548166,3610129758724928,3610129758726188,3610129758727008,3610129758826068,3610129758840938,3610129759101520,3610129759104450,3610129759111200,0,1,8,128,model.layers.3.self_attn.attn
3610129759820295,3610129759990786,3610129759992046,3610129759992926,3610129760110527,3610129760123877,3610129760385219,3610129760388069,3610129760394769,0,1,8,1,model.layers.0.self_attn.swa_cache
3610129761108553,3610129761282654,3610129761283924,3610129761284714,3610129761385955,3610129761398165,3610129761481476,3610129761483486,3610129761491126,0,1,8,1,model.layers.1.self_attn.swa_cache
3610129762192561,3610129762358762,3610129762359742,3610129762360532,3610129762456302,3610129762468782,3610129762550263,3610129762552473,3610129762559883,0,1,8,1,model.layers.2.self_attn.compressor.state_cache
3610129763148527,3610129763312408,3610129763313548,3610129763314338,3610129763411349,3610129763423509,3610129763503159,3610129763505419,3610129763512589,0,1,8,1,model.layers.2.self_attn.indexer.compressor.state_cache
3610129764255844,3610129764423625,3610129764425045,3610129764425755,3610129764524476,3610129764536886,3610129764621717,3610129764624087,3610129764631507,0,1,8,1,model.layers.3.self_attn.compressor.state_cache
3610129817452486,3610129817983299,3610129818061980,3610129818335712,3610129818445652,3610129818460543,3610129818881255,3610129819596880,3610129819606650,1,1,8,4,model.layers.2.self_attn.indexer.k_cache
3610129820326795,3610129820498256,3610129820499426,3610129820500236,3610129820597077,3610129820611347,3610129820696187,3610129820747348,3610129820755408,0,1,8,4,model.layers.2.self_attn.attn
3610129821480162,3610129821659084,3610129821660504,3610129821661244,3610129821759924,3610129821774964,3610129822132337,3610129822135867,3610129822142817,0,1,8,128,model.layers.3.self_attn.attn
3610129822884972,3610129823058823,3610129823060013,3610129823060803,3610129823160234,3610129823172454,3610129823528766,3610129823531936,3610129823539256,0,1,8,1,model.layers.0.self_attn.swa_cache
3610129824281041,3610129824493622,3610129824495212,3610129824495922,3610129824599813,3610129824612523,3610129824695364,3610129824697544,3610129824705244,0,1,8,1,model.layers.1.self_attn.swa_cache
3610129825414568,3610129825582090,3610129825583270,3610129825584050,3610129825680150,3610129825692880,3610129825776181,3610129825778591,3610129825786081,0,1,8,1,model.layers.2.self_attn.compressor.state_cache
3610129826385875,3610129826557566,3610129826558846,3610129826559636,3610129826660277,3610129826672587,3610129826754647,3610129826756887,3610129826764557,0,1,8,1,model.layers.2.self_attn.indexer.compressor.state_cache
3610129827514102,3610129827682193,3610129827683443,3610129827684193,3610129827785324,3610129827797594,3610129827881895,3610129827884455,3610129827891885,0,1,8,1,model.layers.3.self_attn.compressor.state_cache
3610130651409779,3610130651958523,3610130652043283,3610130652408426,3610130652522027,3610130652537877,3610130653033650,3610130653453063,3610130653462913,1,1,8096,4,model.layers.2.self_attn.indexer.k_cache
3610130654212448,3610130654379779,3610130654380949,3610130654381709,3610130654476629,3610130654490090,3610130654569480,3610130654619280,3610130654627020,0,1,8096,4,model.layers.2.self_attn.attn
3610130655319555,3610130655494056,3610130655495206,3610130655495926,3610130655590397,3610130655603257,3610130655953009,3610130655955899,3610130655962379,0,1,8096,128,model.layers.3.self_attn.attn
3610130656676834,3610130656844965,3610130656846375,3610130656847175,3610130656942496,3610130656954976,3610130657282848,3610130657286068,3610130657292658,0,1,8096,1,model.layers.0.self_attn.swa_cache
3610130657983263,3610130658154704,3610130658155834,3610130658156474,3610130658249844,3610130658261384,3610130658337995,3610130658340015,3610130658346795,0,1,8096,1,model.layers.1.self_attn.swa_cache
3610130659124400,3610130659283801,3610130659285171,3610130659285881,3610130659382512,3610130659394042,3610130659470892,3610130659472912,3610130659479483,0,1,8096,1,model.layers.2.self_attn.compressor.state_cache
3610130660054176,3610130660221017,3610130660222117,3610130660222797,3610130660315688,3610130660327768,3610130660405519,3610130660407559,3610130660414119,0,1,8096,1,model.layers.2.self_attn.indexer.compressor.state_cache
3610130661218204,3610130661379675,3610130661381005,3610130661381725,3610130661475556,3610130661486626,3610130661564286,3610130661566086,3610130661572876,0,1,8096,1,model.layers.3.self_attn.compressor.state_cache
3610131088846750,3610131089388703,3610131089454864,3610131089810276,3610131089924907,3610131089939647,3610131090422900,3610131090849603,3610131090859083,1,1,8096,4,model.layers.2.self_attn.indexer.k_cache
3610131091603818,3610131091772249,3610131091773339,3610131091774019,3610131091874020,3610131091887730,3610131091967910,3610131092031771,3610131092039561,0,1,8096,4,model.layers.2.self_attn.attn
3610131092745166,3610131092911747,3610131092913077,3610131092913747,3610131093010327,3610131093023407,3610131093387610,3610131093390760,3610131093397310,0,1,8096,128,model.layers.3.self_attn.attn
3610131094095785,3610131094269816,3610131094271546,3610131094272216,3610131094366416,3610131094378976,3610131094718719,3610131094722039,3610131094728659,0,1,8096,1,model.layers.0.self_attn.swa_cache
3610131095427083,3610131095592524,3610131095593744,3610131095594414,3610131095689775,3610131095703465,3610131095783926,3610131095785806,3610131095792526,0,1,8096,1,model.layers.1.self_attn.swa_cache
3610131096522401,3610131096693072,3610131096694192,3610131096694862,3610131096787802,3610131096799852,3610131096878813,3610131096880903,3610131096887873,0,1,8096,1,model.layers.2.self_attn.compressor.state_cache
3610131097464037,3610131097633208,3610131097634518,3610131097635218,3610131097730419,3610131097741999,3610131097819679,3610131097821949,3610131097828699,0,1,8096,1,model.layers.2.self_attn.indexer.compressor.state_cache
3610131098564314,3610131098731255,3610131098732575,3610131098733185,3610131098828366,3610131098840146,3610131098921186,3610131098923406,3610131098930026,0,1,8096,1,model.layers.3.self_attn.compressor.state_cache
3610131508447833,3610131508990246,3610131509059847,3610131509415339,3610131509529400,3610131509543910,3610131510033423,3610131510488846,3610131510498886,1,1,8096,4,model.layers.2.self_attn.indexer.k_cache
3610131511280371,3610131511450262,3610131511451352,3610131511451952,3610131511561373,3610131511575913,3610131511662644,3610131511718444,3610131511726564,0,1,8096,4,model.layers.2.self_attn.attn
3610131512474089,3610131512647610,3610131512648720,3610131512649340,3610131512754041,3610131512768171,3610131513174284,3610131513177904,3610131513184914,0,1,8096,128,model.layers.3.self_attn.attn
3610131513929699,3610131514097220,3610131514098490,3610131514099110,3610131514201491,3610131514213701,3610131514577953,3610131514581343,3610131514588083,0,1,8096,1,model.layers.0.self_attn.swa_cache
3610131515288308,3610131515461969,3610131515463109,3610131515463749,3610131515559260,3610131515571300,3610131515651420,3610131515653560,3610131515660670,0,1,8096,1,model.layers.1.self_attn.swa_cache
3610131516390855,3610131516554286,3610131516555626,3610131516556236,3610131516652787,3610131516665167,3610131516744427,3610131516746567,3610131516753547,0,1,8096,1,model.layers.2.self_attn.compressor.state_cache
3610131517335791,3610131517505942,3610131517507132,3610131517507732,3610131517607843,3610131517620063,3610131517701404,3610131517703434,3610131517710944,0,1,8096,1,model.layers.2.self_attn.indexer.compressor.state_cache
3610131518463769,3610131518636620,3610131518637650,3610131518638240,3610131518739411,3610131518751181,3610131518830211,3610131518832191,3610131518839191,0,1,8096,1,model.layers.3.self_attn.compressor.state_cache
3610131920704606,3610131921240050,3610131921307020,3610131921611142,3610131921720633,3610131921734653,3610131922144636,3610131922577398,3610131922587148,1,1,8096,4,model.layers.2.self_attn.indexer.k_cache
3610131923302343,3610131923469304,3610131923470644,3610131923471254,3610131923568485,3610131923582545,3610131923665366,3610131923715466,3610131923723386,0,1,8096,4,model.layers.2.self_attn.attn
3610131924418571,3610131924555171,3610131924556261,3610131924556861,3610131924645252,3610131924658092,3610131924984794,3610131924987764,3610131924994584,0,1,8096,128,model.layers.3.self_attn.attn
3610131925637269,3610131925782020,3610131925783160,3610131925783840,3610131925874080,3610131925885890,3610131926233153,3610131926236383,3610131926243143,0,1,8096,1,model.layers.0.self_attn.swa_cache
3610131926895627,3610131927036078,3610131927037158,3610131927037788,3610131927127258,3610131927139089,3610131927209229,3610131927211219,3610131927218029,0,1,8096,1,model.layers.1.self_attn.swa_cache
3610131927848543,3610131927983044,3610131927984124,3610131927984704,3610131928086135,3610131928098215,3610131928170695,3610131928172445,3610131928179285,0,1,8096,1,model.layers.2.self_attn.compressor.state_cache
3610131928730649,3610131928863000,3610131928864180,3610131928864780,3610131928952180,3610131928963171,3610131929032721,3610131929034631,3610131929041651,0,1,8096,1,model.layers.2.self_attn.indexer.compressor.state_cache
3610131929721726,3610131929860046,3610131929861186,3610131929861826,3610131929949767,3610131929961007,3610131930030878,3610131930032698,3610131930039518,0,1,8096,1,model.layers.3.self_attn.compressor.state_cache
3610132330052980,3610132330549263,3610132330616013,3610132330929966,3610132331099437,3610132331114697,3610132331545990,3610132331949832,3610132331959582,1,2,8096,4,model.layers.2.self_attn.indexer.k_cache
3610132332707737,3610132332854808,3610132332856068,3610132332856828,3610132332981959,3610132332996509,3610132333068220,3610132333108670,3610132333116500,0,2,8096,4,model.layers.2.self_attn.attn
3610132333809195,3610132333963036,3610132333964516,3610132333965286,3610132334097786,3610132334111937,3610132334447259,3610132334450379,3610132334457189,0,2,8096,128,model.layers.3.self_attn.attn
3610132335151963,3610132335297084,3610132335298434,3610132335299164,3610132335426275,3610132335440205,3610132335780358,3610132335783458,3610132335790258,0,2,8096,1,model.layers.0.self_attn.swa_cache
3610132336508292,3610132336659553,3610132336660943,3610132336661593,3610132336799554,3610132336814524,3610132336886195,3610132336888175,3610132336895255,0,2,8096,1,model.layers.1.self_attn.swa_cache
3610132337588660,3610132337748271,3610132337749641,3610132337750371,3610132337891412,3610132337906882,3610132337983062,3610132337984892,3610132337992142,0,2,8096,1,model.layers.2.self_attn.compressor.state_cache
3610132338540746,3610132338684317,3610132338685637,3610132338686317,3610132338816998,3610132338831228,3610132338902678,3610132338904688,3610132338911548,0,2,8096,1,model.layers.2.self_attn.indexer.compressor.state_cache
3610132339625233,3610132339765844,3610132339766954,3610132339767644,3610132339891315,3610132339904325,3610132339977455,3610132339979815,3610132339987355,0,2,8096,1,model.layers.3.self_attn.compressor.state_cache
3610133162289545,3610133162843459,3610133162911559,3610133163238311,3610133163357632,3610133163372772,3610133163870466,3610133164319439,3610133164328849,1,2,8096,4,model.layers.2.self_attn.indexer.k_cache
3610133165052493,3610133165220355,3610133165221545,3610133165222195,3610133165317665,3610133165331625,3610133165416116,3610133165469356,3610133165477086,0,2,8096,4,model.layers.2.self_attn.attn
3610133166197271,3610133166369932,3610133166371012,3610133166371672,3610133166467353,3610133166480803,3610133166833925,3610133166837385,3610133166844555,0,2,8096,128,model.layers.3.self_attn.attn
3610133167550530,3610133167718481,3610133167719711,3610133167720431,3610133167815972,3610133167828022,3610133168171584,3610133168174854,3610133168181564,0,2,8096,1,model.layers.0.self_attn.swa_cache
3610133168893219,3610133169062470,3610133169063530,3610133169064220,3610133169160321,3610133169172231,3610133169251711,3610133169253561,3610133169260111,0,2,8096,1,model.layers.1.self_attn.swa_cache
3610133169936546,3610133170105207,3610133170106337,3610133170106957,3610133170202097,3610133170213657,3610133170291938,3610133170293738,3610133170300628,0,2,8096,1,model.layers.2.self_attn.compressor.state_cache
3610133170876282,3610133171041073,3610133171042213,3610133171042883,3610133171138564,3610133171150104,3610133171230044,3610133171232054,3610133171239064,0,2,8096,1,model.layers.2.self_attn.indexer.compressor.state_cache
3610133172275531,3610133172452072,3610133172453222,3610133172453942,3610133172549433,3610133172561133,3610133172641324,3610133172643404,3610133172650034,0,2,8096,1,model.layers.3.self_attn.compressor.state_cache
3610133664154078,3610133664710842,3610133664778503,3610133665078955,3610133665256086,3610133665271716,3610133665724039,3610133666172462,3610133666182812,1,4,8096,4,model.layers.2.self_attn.indexer.k_cache
3610133666908827,3610133667081778,3610133667082918,3610133667083658,3610133667182888,3610133667197249,3610133667283129,3610133667335569,3610133667343870,0,4,8096,4,model.layers.2.self_attn.attn
3610133668104945,3610133668277486,3610133668278696,3610133668279306,3610133668379536,3610133668393066,3610133668741389,3610133668744659,3610133668751829,0,4,8096,128,model.layers.3.self_attn.attn
3610133669520114,3610133669694455,3610133669695605,3610133669696275,3610133669794896,3610133669806986,3610133670161378,3610133670164678,3610133670172048,0,4,8096,1,model.layers.0.self_attn.swa_cache
3610133670893903,3610133671064104,3610133671065444,3610133671066074,3610133671163655,3610133671176715,3610133671260315,3610133671262495,3610133671269665,0,4,8096,1,model.layers.1.self_attn.swa_cache
3610133672054051,3610133672244982,3610133672246222,3610133672247022,3610133672350713,3610133672363223,3610133672448843,3610133672450803,3610133672457893,0,4,8096,1,model.layers.2.self_attn.compressor.state_cache
3610133673056217,3610133673222248,3610133673223388,3610133673223998,3610133673322319,3610133673334809,3610133673417490,3610133673419630,3610133673426820,0,4,8096,1,model.layers.2.self_attn.indexer.compressor.state_cache
3610133674648348,3610133674842989,3610133674844279,3610133674844929,3610133674949380,3610133674961770,3610133675044240,3610133675046370,3610133675054040,0,4,8096,1,model.layers.3.self_attn.compressor.state_cache
3610134139283244,3610134139845028,3610134139912088,3610134140250950,3610134140432181,3610134140447441,3610134140937665,3610134141380388,3610134141390828,1,6,8096,4,model.layers.2.self_attn.indexer.k_cache
3610134142142673,3610134142315764,3610134142316894,3610134142317574,3610134142415524,3610134142429275,3610134142515105,3610134142572376,3610134142580186,0,6,8096,4,model.layers.2.self_attn.attn
3610134143328511,3610134143496102,3610134143497332,3610134143497932,3610134143597312,3610134143611142,3610134143968925,3610134143972505,3610134143979275,0,6,8096,128,model.layers.3.self_attn.attn
3610134144743310,3610134144917891,3610134144919141,3610134144919811,3610134145018392,3610134145030642,3610134145369854,3610134145373264,3610134145380184,0,6,8096,1,model.layers.0.self_attn.swa_cache
3610134146101969,3610134146276510,3610134146277850,3610134146278500,3610134146377021,3610134146389621,3610134146471801,3610134146473891,3610134146481021,0,6,8096,1,model.layers.1.self_attn.swa_cache
3610134147219566,3610134147394667,3610134147395737,3610134147396467,3610134147492178,3610134147504538,3610134147583059,3610134147585129,3610134147592359,0,6,8096,1,model.layers.2.self_attn.compressor.state_cache
3610134148683846,3610134148860427,3610134148861477,3610134148862057,3610134148959868,3610134148972138,3610134149054358,3610134149056388,3610134149063638,0,6,8096,1,model.layers.2.self_attn.indexer.compressor.state_cache
3610134149856154,3610134150028755,3610134150029955,3610134150030665,3610134150129995,3610134150142325,3610134150223576,3610134150225906,3610134150233086,0,6,8096,1,model.layers.3.self_attn.compressor.state_cache
3610134617412129,3610134617977003,3610134618047813,3610134618358525,3610134618539326,3610134618554416,3610134619029580,3610134619487633,3610134619497343,1,8,8096,4,model.layers.2.self_attn.indexer.k_cache
3610134620264468,3610134620442049,3610134620443449,3610134620444129,3610134620544950,3610134620559310,3610134620644140,3610134620696521,3610134620704921,0,8,8096,4,model.layers.2.self_attn.attn
3610134621464286,3610134621635317,3610134621636457,3610134621637157,3610134621734807,3610134621748558,3610134622106540,3610134622109900,3610134622116900,0,8,8096,128,model.layers.3.self_attn.attn
3610134622873505,3610134623045166,3610134623046516,3610134623047176,3610134623144667,3610134623157287,3610134623501319,3610134623504529,3610134623511179,0,8,8096,1,model.layers.0.self_attn.swa_cache
3610134624251714,3610134624425255,3610134624426425,3610134624427095,3610134624524706,3610134624537596,3610134624620227,3610134624622567,3610134624629567,0,8,8096,1,model.layers.1.self_attn.swa_cache
3610134625368051,3610134625543323,3610134625544653,3610134625545403,3610134625641943,3610134625654423,3610134625737574,3610134625739674,3610134625746834,0,8,8096,1,model.layers.2.self_attn.compressor.state_cache
3610134626712570,3610134626890432,3610134626891852,3610134626892572,3610134626997032,3610134627010262,3610134627094463,3610134627096943,3610134627104583,0,8,8096,1,model.layers.2.self_attn.indexer.compressor.state_cache
3610134627899368,3610134628089859,3610134628091279,3610134628092079,3610134628194400,3610134628207660,3610134628289911,3610134628292121,3610134628299511,0,8,8096,1,model.layers.3.self_attn.compressor.state_cache
3610135094031613,3610135094583546,3610135094652957,3610135094961909,3610135095143620,3610135095159060,3610135095612013,3610135096056566,3610135096066836,1,10,8096,4,model.layers.2.self_attn.indexer.k_cache
3610135096822701,3610135096994472,3610135096995652,3610135096996292,3610135097094513,3610135097108283,3610135097194144,3610135097248124,3610135097256094,0,10,8096,4,model.layers.2.self_attn.attn
3610135097998519,3610135098165500,3610135098166530,3610135098167140,3610135098268841,3610135098282431,3610135098640393,3610135098643953,3610135098650723,0,10,8096,128,model.layers.3.self_attn.attn
3610135099393128,3610135099563289,3610135099564339,3610135099565039,3610135099662900,3610135099674980,3610135100040612,3610135100044073,3610135100050853,0,10,8096,1,model.layers.0.self_attn.swa_cache
3610135100765847,3610135100934908,3610135100935928,3610135100936578,3610135101033239,3610135101045839,3610135101130310,3610135101132370,3610135101139340,0,10,8096,1,model.layers.1.self_attn.swa_cache
3610135101874765,3610135102044726,3610135102045746,3610135102046406,3610135102143276,3610135102155656,3610135102237157,3610135102239117,3610135102246057,0,10,8096,1,model.layers.2.self_attn.compressor.state_cache
3610135102836981,3610135103010742,3610135103011942,3610135103012622,3610135103524345,3610135103541666,3610135103641626,3610135103644006,3610135103651636,0,10,8096,1,model.layers.2.self_attn.indexer.compressor.state_cache
3610135104491532,3610135104667383,3610135104668523,3610135104669163,3610135104771064,3610135104783824,3610135104869284,3610135104871354,3610135104878514,0,10,8096,1,model.layers.3.self_attn.compressor.state_cache
3610135574279531,3610135574837184,3610135574906515,3610135575221707,3610135575403258,3610135575419028,3610135575896971,3610135576355664,3610135576365034,1,12,8096,4,model.layers.2.self_attn.indexer.k_cache
3610135577097279,3610135577271910,3610135577273080,3610135577273820,3610135577375611,3610135577389751,3610135577475622,3610135577530212,3610135577538152,0,12,8096,4,model.layers.2.self_attn.attn
3610135578284597,3610135578449758,3610135578451138,3610135578451788,3610135578549129,3610135578562539,3610135578911641,3610135578915271,3610135578922171,0,12,8096,128,model.layers.3.self_attn.attn
3610135579672546,3610135579847667,3610135579848877,3610135579849507,3610135579949058,3610135579962188,3610135580330800,3610135580334060,3610135580341521,0,12,8096,1,model.layers.0.self_attn.swa_cache
3610135581062535,3610135581239136,3610135581240336,3610135581241036,3610135581341457,3610135581353997,3610135581437028,3610135581439298,3610135581446548,0,12,8096,1,model.layers.1.self_attn.swa_cache
3610135582179383,3610135582350214,3610135582351644,3610135582352354,3610135582449344,3610135582461464,3610135582543215,3610135582545205,3610135582552555,0,12,8096,1,model.layers.2.self_attn.compressor.state_cache
3610135583149579,3610135583322330,3610135583323330,3610135583324010,3610135583422281,3610135583434591,3610135583520411,3610135583522811,3610135583529762,0,12,8096,1,model.layers.2.self_attn.indexer.compressor.state_cache
3610135584800980,3610135584988961,3610135584990051,3610135584990841,3610135585094042,3610135585107102,3610135585194413,3610135585196763,3610135585203803,0,12,8096,1,model.layers.3.self_attn.compressor.state_cache
3610136047586611,3610136048153415,3610136048221545,3610136048524677,3610136048641218,3610136048656158,3610136049093591,3610136049537914,3610136049547704,1,12,2352,4,model.layers.2.self_attn.indexer.k_cache
3610136050296989,3610136050469440,3610136050470680,3610136050471340,3610136050571411,3610136050585731,3610136050672652,3610136050728482,3610136050736602,0,12,2352,4,model.layers.2.self_attn.attn
3610136051460237,3610136051626998,3610136051628278,3610136051628888,3610136051728409,3610136051742169,3610136052109111,3610136052112441,3610136052119871,0,12,2352,128,model.layers.3.self_attn.attn
3610136052846156,3610136053018877,3610136053020227,3610136053020877,3610136053118648,3610136053131748,3610136053482940,3610136053486400,3610136053493340,0,12,2352,1,model.layers.0.self_attn.swa_cache
3610136054215105,3610136054387856,3610136054389086,3610136054389746,3610136054487027,3610136054499367,3610136054583887,3610136054586037,3610136054593307,0,12,2352,1,model.layers.1.self_attn.swa_cache
3610136055414983,3610136055584794,3610136055586084,3610136055586684,3610136055686595,3610136055698925,3610136055780135,3610136055782045,3610136055789235,0,12,2352,1,model.layers.2.self_attn.compressor.state_cache
3610136056400539,3610136056579071,3610136056580261,3610136056580981,3610136056680331,3610136056693431,3610136056880753,3610136056883603,3610136056891813,0,12,2352,1,model.layers.2.self_attn.indexer.compressor.state_cache
3610136058037170,3610136058206401,3610136058207621,3610136058208261,3610136058306642,3610136058319312,3610136058401573,3610136058403853,3610136058411293,0,12,2352,1,model.layers.3.self_attn.compressor.state_cache
3610136514462859,3610136515013563,3610136515091203,3610136515392795,3610136515508526,3610136515525086,3610136515976859,3610136516989626,3610136517000006,1,12,96,4,model.layers.2.self_attn.indexer.k_cache
3610136517726541,3610136517900212,3610136517901432,3610136517902062,3610136518004733,3610136518019673,3610136518107303,3610136518161354,3610136518169664,0,12,96,4,model.layers.2.self_attn.attn
3610136518887179,3610136519056280,3610136519057370,3610136519057980,3610136519156940,3610136519172900,3610136519517943,3610136519521643,3610136519528823,0,12,96,128,model.layers.3.self_attn.attn
3610136520272108,3610136520448059,3610136520449409,3610136520449999,3610136520549089,3610136520561890,3610136520909752,3610136520913482,3610136520920832,0,12,96,1,model.layers.0.self_attn.swa_cache
3610136521640727,3610136521813638,3610136521814998,3610136521815708,3610136521915658,3610136521928619,3610136522011369,3610136522013559,3610136522020759,0,12,96,1,model.layers.1.self_attn.swa_cache
3610136522715544,3610136522883735,3610136522884865,3610136522885465,3610136522984206,3610136522996926,3610136523079846,3610136523081836,3610136523088836,0,12,96,1,model.layers.2.self_attn.compressor.state_cache
3610136523674280,3610136523842171,3610136523843481,3610136523844041,3610136523943122,3610136523955612,3610136524051513,3610136524054003,3610136524061343,0,12,96,1,model.layers.2.self_attn.indexer.compressor.state_cache
3610136524817768,3610136524987749,3610136524988809,3610136524989389,3610136525087559,3610136525099979,3610136525183440,3610136525185850,3610136525192870,0,12,96,1,model.layers.3.self_attn.compressor.state_cache
3610136644525087,3610136645070570,3610136645147851,3610136645437813,3610136645550714,3610136645567274,3610136645996607,3610136646761692,3610136646771752,1,12,96,4,model.layers.2.self_attn.indexer.k_cache
3610136647477646,3610136647648937,3610136647650287,3610136647650897,3610136647751788,3610136647766628,3610136647853059,3610136647907169,3610136647915669,0,12,96,4,model.layers.2.self_attn.attn
3610136648652454,3610136648822275,3610136648823545,3610136648824145,3610136648927566,3610136648942886,3610136649296098,3610136649299348,3610136649306508,0,12,96,128,model.layers.3.self_attn.attn
3610136650048203,3610136650216854,3610136650218244,3610136650218954,3610136650316665,3610136650329405,3610136650677137,3610136650680657,3610136650687947,0,12,96,1,model.layers.0.self_attn.swa_cache
3610136651409702,3610136651586183,3610136651587403,3610136651588023,3610136651686994,3610136651699494,3610136651783375,3610136651785785,3610136651793015,0,12,96,1,model.layers.1.self_attn.swa_cache
3610136652511969,3610136652681251,3610136652682601,3610136652683271,3610136652782451,3610136652794411,3610136652875922,3610136652878262,3610136652885302,0,12,96,1,model.layers.2.self_attn.compressor.state_cache
3610136653480036,3610136653648757,3610136653650087,3610136653650767,3610136653749758,3610136653762368,3610136653845458,3610136653847758,3610136653855108,0,12,96,1,model.layers.2.self_attn.indexer.compressor.state_cache
3610136654592243,3610136654767364,3610136654768654,3610136654769324,3610136654868565,3610136654881055,3610136654964366,3610136654966776,3610136654974006,0,12,96,1,model.layers.3.self_attn.compressor.state_cache
3610136709842417,3610136710419221,3610136710500742,3610136710805764,3610136710919384,3610136710936405,3610136711340077,3610136712105812,3610136712115692,1,12,96,4,model.layers.2.self_attn.indexer.k_cache
3610136712827667,3610136712998418,3610136712999618,3610136713000338,3610136713101279,3610136713116319,3610136713201659,3610136713254680,3610136713263280,0,12,96,4,model.layers.2.self_attn.attn
3610136713982355,3610136714151136,3610136714152306,3610136714153086,3610136714251206,3610136714266336,3610136714627189,3610136714630709,3610136714637919,0,12,96,128,model.layers.3.self_attn.attn
3610136715411394,3610136715583965,3610136715585325,3610136715586085,3610136715686226,3610136715699576,3610136716063008,3610136716066418,3610136716073488,0,12,96,1,model.layers.0.self_attn.swa_cache
3610136716797033,3610136716966934,3610136716968354,3610136716969274,3610136717069625,3610136717082295,3610136717166036,3610136717168266,3610136717175816,0,12,96,1,model.layers.1.self_attn.swa_cache
3610136717892090,3610136718067762,3610136718069092,3610136718069802,3610136718170132,3610136718182592,3610136718267063,3610136718269183,3610136718276533,0,12,96,1,model.layers.2.self_attn.compressor.state_cache
3610136718869137,3610136719037688,3610136719038858,3610136719039538,3610136719135469,3610136719147479,3610136719230659,3610136719232999,3610136719240139,0,12,96,1,model.layers.2.self_attn.indexer.compressor.state_cache
3610136719982364,3610136720168255,3610136720169615,3610136720170315,3610136720268616,3610136720281306,3610136720364437,3610136720366437,3610136720374017,0,12,96,1,model.layers.3.self_attn.compressor.state_cache
3610136774673515,3610136775451580,3610136775534600,3610136775827352,3610136775941283,3610136775958553,3610136776392366,3610136777564234,3610136777574274,1,12,96,4,model.layers.2.self_attn.indexer.k_cache
3610136778266798,3610136778445819,3610136778447119,3610136778447799,3610136778549710,3610136778565090,3610136778650621,3610136778703201,3610136778712161,0,12,96,4,model.layers.2.self_attn.attn
3610136779440706,3610136779607867,3610136779609247,3610136779609897,3610136779711108,3610136779726318,3610136780202111,3610136780206261,3610136780214201,0,12,96,128,model.layers.3.self_attn.attn
3610136780993886,3610136781170197,3610136781171427,3610136781172247,3610136781273888,3610136781287378,3610136781654541,3610136781658471,3610136781665721,0,12,96,1,model.layers.0.self_attn.swa_cache
3610136782439346,3610136782616607,3610136782617897,3610136782618567,3610136782722918,3610136782735838,3610136782823298,3610136782825788,3610136782833238,0,12,96,1,model.layers.1.self_attn.swa_cache
3610136783566153,3610136783748954,3610136783750244,3610136783751014,3610136783852965,3610136783866395,3610136783952156,3610136783954446,3610136783961686,0,12,96,1,model.layers.2.self_attn.compressor.state_cache
3610136784598640,3610136784781551,3610136784782901,3610136784783571,3610136784886612,3610136784900132,3610136784987823,3610136784990213,3610136784997503,0,12,96,1,model.layers.2.self_attn.indexer.compressor.state_cache
3610136785762168,3610136785935129,3610136785936269,3610136785936909,3610136786036859,3610136786049550,3610136786141150,3610136786143530,3610136786151440,0,12,96,1,model.layers.3.self_attn.compressor.state_cache
3610136841094752,3610136841644426,3610136841721926,3610136841998988,3610136842109579,3610136842125219,3610136842527682,3610136843258457,3610136843268387,1,12,96,4,model.layers.2.self_attn.indexer.k_cache
3610136843939401,3610136844121152,3610136844122522,3610136844123172,3610136844224293,3610136844238693,3610136844323704,3610136844375274,3610136844383674,0,12,96,4,model.layers.2.self_attn.attn
3610136845110799,3610136845285250,3610136845286440,3610136845287110,3610136845385191,3610136845401101,3610136845753983,3610136845757503,3610136845764753,0,12,96,128,model.layers.3.self_attn.attn
3610136846500118,3610136846670869,3610136846672129,3610136846672829,3610136846774760,3610136846788160,3610136847139952,3610136847143552,3610136847150722,0,12,96,1,model.layers.0.self_attn.swa_cache
3610136847885267,3610136848072788,3610136848074088,3610136848074748,3610136848175449,3610136848187809,3610136848271290,3610136848273870,3610136848281360,0,12,96,1,model.layers.1.self_attn.swa_cache
3610136849028825,3610136849197326,3610136849198656,3610136849199476,3610136849299186,3610136849312316,3610136849395557,3610136849398087,3610136849405837,0,12,96,1,model.layers.2.self_attn.compressor.state_cache
3610136850003821,3610136850174962,3610136850176252,3610136850176932,3610136850275323,3610136850287893,3610136850372153,3610136850374313,3610136850381503,0,12,96,1,model.layers.2.self_attn.indexer.compressor.state_cache
3610136851123948,3610136851292049,3610136851293449,3610136851294009,3610136851393870,3610136851406110,3610136851486891,3610136851489161,3610136851496591,0,12,96,1,model.layers.3.self_attn.compressor.state_cache
3610136906146891,3610136906706895,3610136906785545,3610136907069297,3610136907180468,3610136907196418,3610136907601431,3610136908371996,3610136908382216,1,12,96,4,model.layers.2.self_attn.indexer.k_cache
3610136909065960,3610136909241571,3610136909242691,3610136909243361,3610136909342472,3610136909357482,3610136909443273,3610136909496573,3610136909504873,0,12,96,4,model.layers.2.self_attn.attn
3610136910238408,3610136910409549,3610136910410809,3610136910411429,3610136910511120,3610136910526470,3610136910879022,3610136910882382,3610136910890222,0,12,96,128,model.layers.3.self_attn.attn
3610136911621907,3610136911797418,3610136911798808,3610136911799548,3610136911899189,3610136911912449,3610136912279661,3610136912283391,3610136912290971,0,12,96,1,model.layers.0.self_attn.swa_cache
3610136913033616,3610136913203737,3610136913205157,3610136913205837,3610136913302858,3610136913315988,3610136913399659,3610136913401939,3610136913409539,0,12,96,1,model.layers.1.self_attn.swa_cache
3610136914123824,3610136914292575,3610136914293725,3610136914294445,3610136914394335,3610136914406325,3610136914490196,3610136914492546,3610136914499986,0,12,96,1,model.layers.2.self_attn.compressor.state_cache
3610136915097970,3610136915268321,3610136915269511,3610136915270221,3610136915368272,3610136915381002,3610136915463272,3610136915465832,3610136915473292,0,12,96,1,model.layers.2.self_attn.indexer.compressor.state_cache
3610136916246057,3610136916415209,3610136916416439,3610136916417069,3610136916512579,3610136916524859,3610136916607340,3610136916609720,3610136916617240,0,12,96,1,model.layers.3.self_attn.compressor.state_cache
3610136971279200,3610136971850084,3610136971932734,3610136972243096,3610136972355447,3610136972371977,3610136972777850,3610136973505985,3610136973516045,1,12,96,4,model.layers.2.self_attn.indexer.k_cache
3610136974197499,3610136974374541,3610136974375821,3610136974376531,3610136974476011,3610136974491261,3610136974575912,3610136974628722,3610136974637002,0,12,96,4,model.layers.2.self_attn.attn
3610136975355937,3610136975530728,3610136975532078,3610136975532968,3610136975631429,3610136975647109,3610136976020851,3610136976024381,3610136976032001,0,12,96,128,model.layers.3.self_attn.attn
3610136976790356,3610136976960718,3610136976961848,3610136976962598,3610136977061238,3610136977073668,3610136977417731,3610136977421461,3610136977428791,0,12,96,1,model.layers.0.self_attn.swa_cache
3610136978167316,3610136978340157,3610136978341457,3610136978342277,3610136978443087,3610136978456087,3610136978540528,3610136978542868,3610136978550468,0,12,96,1,model.layers.1.self_attn.swa_cache
3610136979266243,3610136979449404,3610136979450754,3610136979451484,3610136979556365,3610136979570335,3610136979653745,3610136979656035,3610136979663615,0,12,96,1,model.layers.2.self_attn.compressor.state_cache
3610136980271849,3610136980437711,3610136980439001,3610136980439691,3610136980536911,3610136980549131,3610136980630992,3610136980633422,3610136980641242,0,12,96,1,model.layers.2.self_attn.indexer.compressor.state_cache
3610136981386947,3610136981552878,3610136981553918,3610136981554748,3610136981653859,3610136981666749,3610136981750409,3610136981752369,3610136981759979,0,12,96,1,model.layers.3.self_attn.compressor.state_cache
3610137035912086,3610137036748882,3610137036828762,3610137037124864,3610137037239755,3610137037256515,3610137037677638,3610137038624824,3610137038633354,1,12,96,4,model.layers.2.self_attn.indexer.k_cache
3610137039322309,3610137039493960,3610137039494930,3610137039495620,3610137039593790,3610137039607480,3610137039694781,3610137039748601,3610137039756721,0,12,96,4,model.layers.2.self_attn.attn
3610137040488626,3610137040658357,3610137040659497,3610137040660247,3610137040757698,3610137040772118,3610137041121010,3610137041123930,3610137041130470,0,12,96,128,model.layers.3.self_attn.attn
3610137041862625,3610137042035876,3610137042037026,3610137042037826,3610137042136317,3610137042148807,3610137042492579,3610137042495419,3610137042502110,0,12,96,1,model.layers.0.self_attn.swa_cache
3610137043217864,3610137043387755,3610137043389045,3610137043389865,3610137043486856,3610137043499116,3610137043579257,3610137043581387,3610137043587977,0,12,96,1,model.layers.1.self_attn.swa_cache
3610137044310691,3610137044478303,3610137044479383,3610137044480153,3610137044578893,3610137044591333,3610137044676984,3610137044679084,3610137044685914,0,12,96,1,model.layers.2.self_attn.compressor.state_cache
3610137045303288,3610137045476179,3610137045477309,3610137045478059,3610137045576240,3610137045588480,3610137045670730,3610137045672720,3610137045679470,0,12,96,1,model.layers.2.self_attn.indexer.compressor.state_cache
3610137046408835,3610137046576306,3610137046577306,3610137046578116,3610137046675317,3610137046688137,3610137046768268,3610137046770488,3610137046777348,0,12,96,1,model.layers.3.self_attn.compressor.state_cache
3610137101697230,3610137102628146,3610137102710556,3610137103056029,3610137103183219,3610137103200219,3610137103686933,3610137104500558,3610137104510268,1,12,96,4,model.layers.2.self_attn.indexer.k_cache
3610137105218753,3610137105390504,3610137105391674,3610137105392334,3610137105492405,3610137105507215,3610137105592585,3610137105645366,3610137105653206,0,12,96,4,model.layers.2.self_attn.attn
3610137106374760,3610137106550392,3610137106551672,3610137106552442,3610137106652082,3610137106668012,3610137107040075,3610137107043325,3610137107050785,0,12,96,128,model.layers.3.self_attn.attn
3610137107789680,3610137107960991,3610137107962251,3610137107962891,3610137108076552,3610137108090282,3610137108438854,3610137108442044,3610137108449184,0,12,96,1,model.layers.0.self_attn.swa_cache
3610137109171469,3610137109348640,3610137109349710,3610137109350490,3610137109449081,3610137109461961,3610137109545601,3610137109547941,3610137109555161,0,12,96,1,model.layers.1.self_attn.swa_cache
3610137110256136,3610137110424377,3610137110425437,3610137110426197,3610137110523238,3610137110536018,3610137110618008,3610137110620018,3610137110626988,0,12,96,1,model.layers.2.self_attn.compressor.state_cache
3610137111219052,3610137111389113,3610137111390323,3610137111391023,3610137111489074,3610137111501154,3610137111583275,3610137111585455,3610137111592885,0,12,96,1,model.layers.2.self_attn.indexer.compressor.state_cache
3610137112349110,3610137112516221,3610137112517381,3610137112518051,3610137112620712,3610137112633752,3610137112717012,3610137112719302,3610137112726892,0,12,96,1,model.layers.3.self_attn.compressor.state_cache
3610137167311092,3610137168198458,3610137168281068,3610137168583900,3610137168702251,3610137168719071,3610137169158824,3610137170155661,3610137170165301,1,12,96,4,model.layers.2.self_attn.indexer.k_cache
3610137170829455,3610137171001896,3610137171002996,3610137171003776,3610137171101697,3610137171116207,3610137171204788,3610137171261418,3610137171269768,0,12,96,4,model.layers.2.self_attn.attn
3610137172014133,3610137172203664,3610137172204874,3610137172205554,3610137172304385,3610137172320055,3610137172675117,3610137172678487,3610137172685637,0,12,96,128,model.layers.3.self_attn.attn
3610137173427292,3610137173596203,3610137173597443,3610137173598143,3610137173699004,3610137173711464,3610137174064326,3610137174067777,3610137174074607,0,12,96,1,model.layers.0.self_attn.swa_cache
3610137174798471,3610137174979083,3610137174980203,3610137174980963,3610137175080343,3610137175093313,3610137175177164,3610137175179144,3610137175186494,0,12,96,1,model.layers.1.self_attn.swa_cache
3610137175893239,3610137176082170,3610137176083510,3610137176084200,3610137176182910,3610137176195071,3610137176279251,3610137176281421,3610137176288811,0,12,96,1,model.layers.2.self_attn.compressor.state_cache
3610137176920935,3610137177096166,3610137177097306,3610137177098126,3610137177198087,3610137177210947,3610137177294148,3610137177296198,3610137177303678,0,12,96,1,model.layers.2.self_attn.indexer.compressor.state_cache
3610137178047543,3610137178216334,3610137178217554,3610137178218184,3610137178315554,3610137178327645,3610137178409015,3610137178411055,3610137178418555,0,12,96,1,model.layers.3.self_attn.compressor.state_cache
3610137232753173,3610137233303297,3610137233380757,3610137233661929,3610137234073722,3610137234092552,3610137234553625,3610137236310947,3610137236320917,1,12,96,4,model.layers.2.self_attn.indexer.k_cache
3610137237016851,3610137237193903,3610137237195133,3610137237195803,3610137237297433,3610137237312003,3610137237398074,3610137237451954,3610137237460554,0,12,96,4,model.layers.2.self_attn.attn
3610137238192829,3610137238366230,3610137238367400,3610137238368210,3610137238465011,3610137238480171,3610137238887644,3610137238891404,3610137238899304,0,12,96,128,model.layers.3.self_attn.attn
3610137239702309,3610137239894290,3610137239895560,3610137239896390,3610137240015441,3610137240031141,3610137240433874,3610137240437814,3610137240445784,0,12,96,1,model.layers.0.self_attn.swa_cache
3610137241246769,3610137241435040,3610137241436450,3610137241437330,3610137241547391,3610137241561511,3610137241653722,3610137241656062,3610137241664132,0,12,96,1,model.layers.1.self_attn.swa_cache
3610137242447247,3610137242638568,3610137242639878,3610137242640688,3610137242750069,3610137242763979,3610137242855760,3610137242858220,3610137242866310,0,12,96,1,model.layers.2.self_attn.compressor.state_cache
3610137243527224,3610137243714195,3610137243715655,3610137243716415,3610137243825536,3610137243839256,3610137243929817,3610137243932237,3610137243940117,0,12,96,1,model.layers.2.self_attn.indexer.compressor.state_cache
3610137244778312,3610137244961604,3610137244962864,3610137244963634,3610137245072144,3610137245085865,3610137245178135,3610137245180635,3610137245189305,0,12,96,1,model.layers.3.self_attn.compressor.state_cache
3610137304944659,3610137305493193,3610137305570593,3610137305858785,3610137305971256,3610137305986886,3610137306394519,3610137307141023,3610137307151244,1,12,96,4,model.layers.2.self_attn.indexer.k_cache
3610137307851238,3610137308044269,3610137308045699,3610137308046359,3610137308148940,3610137308163170,3610137308251491,3610137308305351,3610137308313451,0,12,96,4,model.layers.2.self_attn.attn
3610137309035076,3610137309201857,3610137309203197,3610137309203827,3610137309302988,3610137309318358,3610137309668590,3610137309671900,3610137309678760,0,12,96,128,model.layers.3.self_attn.attn
3610137310402705,3610137310572916,3610137310574246,3610137310575046,3610137310674147,3610137310686597,3610137311039479,3610137311042579,3610137311049429,0,12,96,1,model.layers.0.self_attn.swa_cache
3610137311775284,3610137311945655,3610137311946895,3610137311947715,3610137312079996,3610137312095946,3610137312186477,3610137312188847,3610137312196157,0,12,96,1,model.layers.1.self_attn.swa_cache
3610137312905081,3610137313072163,3610137313073423,3610137313074133,3610137313169993,3610137313182573,3610137313262014,3610137313264224,3610137313271564,0,12,96,1,model.layers.2.self_attn.compressor.state_cache
3610137313871328,3610137314040979,3610137314042099,3610137314042719,3610137314141340,3610137314154000,3610137314237210,3610137314239320,3610137314246480,0,12,96,1,model.layers.2.self_attn.indexer.compressor.state_cache
3610137314978645,3610137315148466,3610137315149816,3610137315150586,3610137315246517,3610137315259207,3610137315345598,3610137315347918,3610137315355298,0,12,96,1,model.layers.3.self_attn.compressor.state_cache
3610137369889457,3610137370434541,3610137370511431,3610137370792423,3610137370903704,3610137370919534,3610137371317176,3610137372068411,3610137372078751,1,12,96,4,model.layers.2.self_attn.indexer.k_cache
3610137372798676,3610137372971607,3610137372973017,3610137372973807,3610137373073628,3610137373088818,3610137373174039,3610137373224859,3610137373233409,0,12,96,4,model.layers.2.self_attn.attn
3610137373971984,3610137374140915,3610137374142155,3610137374142865,3610137374238476,3610137374253526,3610137374605658,3610137374609088,3610137374615998,0,12,96,128,model.layers.3.self_attn.attn
3610137375336913,3610137375509964,3610137375511034,3610137375511704,3610137375610155,3610137375622945,3610137375998497,3610137376022187,3610137376029777,0,12,96,1,model.layers.0.self_attn.swa_cache
3610137376765672,3610137376937803,3610137376939053,3610137376939823,3610137377039284,3610137377052324,3610137377135885,3610137377138355,3610137377146245,0,12,96,1,model.layers.1.self_attn.swa_cache
3610137377888150,3610137378058391,3610137378059511,3610137378060231,3610137378155681,3610137378168422,3610137378250362,3610137378252582,3610137378259702,0,12,96,1,model.layers.2.self_attn.compressor.state_cache
3610137378856856,3610137379026177,3610137379027297,3610137379027987,3610137379125128,3610137379137588,3610137379219948,3610137379222138,3610137379229378,0,12,96,1,model.layers.2.self_attn.indexer.compressor.state_cache
3610137379958653,3610137380148615,3610137380149925,3610137380150585,3610137380248595,3610137380260595,3610137380341736,3610137380343776,3610137380351496,0,12,96,1,model.layers.3.self_attn.compressor.state_cache
3610137434586613,3610137435119837,3610137435199657,3610137435475589,3610137435587150,3610137435603100,3610137435991323,3610137439217714,3610137439227334,1,12,96,4,model.layers.2.self_attn.indexer.k_cache
3610137439904028,3610137440100500,3610137440102000,3610137440102730,3610137440206290,3610137440221860,3610137440309351,3610137440365591,3610137440374311,0,12,96,4,model.layers.2.self_attn.attn
3610137441116976,3610137441286687,3610137441288117,3610137441288807,3610137441385338,3610137441401518,3610137441777671,3610137441781281,3610137441788711,0,12,96,128,model.layers.3.self_attn.attn
3610137442516166,3610137442691417,3610137442692827,3610137442693537,3610137442791547,3610137442803807,3610137443156940,3610137443160360,3610137443167530,0,12,96,1,model.layers.0.self_attn.swa_cache
3610137444103816,3610137444332578,3610137444334308,3610137444335108,3610137444465008,3610137444481649,3610137444589739,3610137444592389,3610137444602329,0,12,96,1,model.layers.1.self_attn.swa_cache
3610137445526305,3610137445748727,3610137445750477,3610137445751377,3610137445877308,3610137445893788,3610137446000939,3610137446003959,3610137446013639,0,12,96,1,model.layers.2.self_attn.compressor.state_cache
3610137446784254,3610137447003685,3610137447005105,3610137447005985,3610137447133256,3610137447148996,3610137447253117,3610137447255997,3610137447265547,0,12,96,1,model.layers.2.self_attn.indexer.compressor.state_cache
3610137448238733,3610137448456055,3610137448457815,3610137448458655,3610137448584696,3610137448601496,3610137448710546,3610137448713296,3610137448723426,0,12,96,1,model.layers.3.self_attn.compressor.state_cache
3610137503317536,3610137503839700,3610137503917280,3610137504208562,3610137504318653,3610137504334053,3610137504861606,3610137507084961,3610137507095041,1,12,96,4,model.layers.2.self_attn.indexer.k_cache
3610137507767506,3610137507941317,3610137507942717,3610137507943437,3610137508161298,3610137508178528,3610137508295239,3610137508361759,3610137508371530,0,12,96,4,model.layers.2.self_attn.attn
3610137509209015,3610137509404066,3610137509405436,3610137509406196,3610137509519827,3610137509538177,3610137509943330,3610137509947080,3610137509955280,0,12,96,128,model.layers.3.self_attn.attn
3610137510791415,3610137510988947,3610137510990507,3610137510991267,3610137511105328,3610137511119768,3610137511531750,3610137511535300,3610137511543550,0,12,96,1,model.layers.0.self_attn.swa_cache
3610137512398006,3610137512595597,3610137512597067,3610137512597867,3610137512711578,3610137512726518,3610137512823409,3610137512825659,3610137512834219,0,12,96,1,model.layers.1.self_attn.swa_cache
3610137513647524,3610137513841096,3610137513842596,3610137513843496,3610137513956246,3610137513970986,3610137514068107,3610137514070687,3610137514079527,0,12,96,1,model.layers.2.self_attn.compressor.state_cache
3610137514807562,3610137515000883,3610137515002313,3610137515003323,3610137515114354,3610137515128584,3610137515219835,3610137515222245,3610137515230745,0,12,96,1,model.layers.2.self_attn.indexer.compressor.state_cache
3610137516184241,3610137516362802,3610137516364152,3610137516364812,3610137516465643,3610137516478113,3610137516561574,3610137516563604,3610137516570694,0,12,96,1,model.layers.3.self_attn.compressor.state_cache
3610137570554489,3610137571089003,3610137571166763,3610137571439835,3610137571552156,3610137571567496,3610137571963429,3610137575500012,3610137575510072,1,12,96,4,model.layers.2.self_attn.indexer.k_cache
3610137576195296,3610137576369208,3610137576370508,3610137576371328,3610137576469608,3610137576486038,3610137576573299,3610137576624549,3610137576632769,0,12,96,4,model.layers.2.self_attn.attn
3610137577356354,3610137577524585,3610137577525855,3610137577526535,3610137577624376,3610137577639976,3610137578001198,3610137578004768,3610137578011908,0,12,96,128,model.layers.3.self_attn.attn
3610137578731323,3610137578903354,3610137578904424,3610137578905244,3610137579004235,3610137579016875,3610137579374617,3610137579378207,3610137579385288,0,12,96,1,model.layers.0.self_attn.swa_cache
3610137580123412,3610137580294874,3610137580295934,3610137580296654,3610137580395294,3610137580407694,3610137580492395,3610137580494935,3610137580502395,0,12,96,1,model.layers.1.self_attn.swa_cache
3610137581209310,3610137581375911,3610137581392331,3610137581410291,3610137581536672,3610137581550912,3610137581652142,3610137581654652,3610137581663703,0,12,96,1,model.layers.2.self_attn.compressor.state_cache
3610137582386317,3610137582585239,3610137582586809,3610137582587719,3610137582702949,3610137582717469,3610137582815700,3610137582818460,3610137582827620,0,12,96,1,model.layers.2.self_attn.indexer.compressor.state_cache
3610137583711626,3610137583912747,3610137583914387,3610137583915297,3610137584044208,3610137584060858,3610137584176509,3610137584179359,3610137584188299,0,12,96,1,model.layers.3.self_attn.compressor.state_cache
3610137639417073,3610137639960007,3610137640049787,3610137640613861,3610137640765172,3610137640782662,3610137641227475,3610137642882696,3610137642892676,1,12,96,4,model.layers.2.self_attn.indexer.k_cache
3610137643578831,3610137643752382,3610137643753772,3610137643754512,3610137643854802,3610137643870692,3610137643955793,3610137644022773,3610137644031484,0,12,96,4,model.layers.2.self_attn.attn
3610137644754268,3610137644930619,3610137644931949,3610137644932689,3610137645030150,3610137645045400,3610137645392402,3610137645395813,3610137645403253,0,12,96,128,model.layers.3.self_attn.attn
3610137646168328,3610137646345589,3610137646346969,3610137646347769,3610137646447899,3610137646460420,3610137646870432,3610137646874022,3610137646882112,0,12,96,1,model.layers.0.self_attn.swa_cache
3610137647676478,3610137647863179,3610137647864509,3610137647865119,3610137647973499,3610137647987300,3610137648098060,3610137648100500,3610137648109010,0,12,96,1,model.layers.1.self_attn.swa_cache
3610137648890316,3610137649079937,3610137649081317,3610137649082047,3610137649191968,3610137649206028,3610137649302108,3610137649304718,3610137649312748,0,12,96,1,model.layers.2.self_attn.compressor.state_cache
3610137649974963,3610137650158974,3610137650160414,3610137650161304,3610137650269125,3610137650282815,3610137650373235,3610137650375795,3610137650384045,0,12,96,1,model.layers.2.self_attn.indexer.compressor.state_cache
3610137651204031,3610137651396052,3610137651397412,3610137651398242,3610137651505943,3610137651519303,3610137651612083,3610137651614493,3610137651622714,0,12,96,1,model.layers.3.self_attn.compressor.state_cache
3610137705264097,3610137705778990,3610137705854391,3610137706123423,3610137706229923,3610137706245153,3610137706621556,3610137710356390,3610137710365201,1,12,96,4,model.layers.2.self_attn.indexer.k_cache
3610137711023475,3610137711196636,3610137711197916,3610137711198606,3610137711295287,3610137711310267,3610137711397707,3610137711451538,3610137711459178,0,12,96,4,model.layers.2.self_attn.attn
3610137712397224,3610137712642756,3610137712644406,3610137712645346,3610137712783026,3610137712804817,3610137713322880,3610137713327510,3610137713336670,0,12,96,128,model.layers.3.self_attn.attn
3610137714351307,3610137714590488,3610137714592108,3610137714593148,3610137714730829,3610137714747659,3610137715245793,3610137715249933,3610137715259333,0,12,96,1,model.layers.0.self_attn.swa_cache
3610137716283280,3610137716520671,3610137716522321,3610137716523251,3610137716664462,3610137716681322,3610137716799013,3610137716802143,3610137716811923,0,12,96,1,model.layers.1.self_attn.swa_cache
3610137717801300,3610137718040501,3610137718042151,3610137718043151,3610137718180532,3610137718197672,3610137718314883,3610137718318163,3610137718328003,0,12,96,1,model.layers.2.self_attn.compressor.state_cache
3610137719155368,3610137719394220,3610137719396040,3610137719396970,3610137719537331,3610137719554561,3610137719671952,3610137719675422,3610137719685842,0,12,96,1,model.layers.2.self_attn.indexer.compressor.state_cache
3610137720642528,3610137720813319,3610137720814499,3610137720815239,3610137720910320,3610137720922710,3610137721003131,3610137721005121,3610137721012381,0,12,96,1,model.layers.3.self_attn.compressor.state_cache
3610137774093290,3610137774623634,3610137774700934,3610137774970316,3610137775077307,3610137775093287,3610137775480949,3610137778609780,3610137778621390,1,12,96,4,model.layers.2.self_attn.indexer.k_cache
3610137779416895,3610137779626167,3610137779627837,3610137779628697,3610137779746818,3610137779764038,3610137779867038,3610137779930559,3610137779940239,0,12,96,4,model.layers.2.self_attn.attn
3610137780820625,3610137781030106,3610137781031696,3610137781032516,3610137781147177,3610137781165767,3610137781581810,3610137781585650,3610137781593600,0,12,96,128,model.layers.3.self_attn.attn
3610137782455265,3610137782657187,3610137782658767,3610137782659687,3610137782774787,3610137782789948,3610137783214460,3610137783218320,3610137783226390,0,12,96,1,model.layers.0.self_attn.swa_cache
3610137784096996,3610137784307568,3610137784309038,3610137784309818,3610137784426368,3610137784442348,3610137784543099,3610137784545599,3610137784554229,0,12,96,1,model.layers.1.self_attn.swa_cache
3610137785397855,3610137785639116,3610137785640776,3610137785641556,3610137785758997,3610137785773597,3610137785872898,3610137785875868,3610137785884278,0,12,96,1,model.layers.2.self_attn.compressor.state_cache
3610137786557202,3610137786721453,3610137786722733,3610137786723393,3610137786817974,3610137786830504,3610137786909475,3610137786911535,3610137786918525,0,12,96,1,model.layers.2.self_attn.indexer.compressor.state_cache
3610137787646980,3610137787815211,3610137787816251,3610137787816951,3610137787912051,3610137787924181,3610137788015802,3610137788018202,3610137788025222,0,12,96,1,model.layers.3.self_attn.compressor.state_cache
3610137841587905,3610137842120928,3610137842197639,3610137842483131,3610137842592562,3610137842608402,3610137843009434,3610137846085285,3610137846094445,1,12,96,4,model.layers.2.self_attn.indexer.k_cache
3610137846770239,3610137846942240,3610137846943650,3610137846944430,3610137847042331,3610137847056621,3610137847140891,3610137847195782,3610137847203592,0,12,96,4,model.layers.2.self_attn.attn
3610137847919497,3610137848109448,3610137848110888,3610137848111548,3610137848207858,3610137848222819,3610137848579531,3610137848583381,3610137848590281,0,12,96,128,model.layers.3.self_attn.attn
3610137849307426,3610137849472137,3610137849473597,3610137849474397,3610137849572057,3610137849584188,3610137849943600,3610137849947130,3610137849954180,0,12,96,1,model.layers.0.self_attn.swa_cache
3610137850663975,3610137850832166,3610137850833546,3610137850834186,3610137850931306,3610137850943737,3610137851025257,3610137851027627,3610137851034407,0,12,96,1,model.layers.1.self_attn.swa_cache
3610137851940723,3610137852192625,3610137852194385,3610137852195525,3610137852323156,3610137852340026,3610137852447056,3610137852449966,3610137852459046,0,12,96,1,model.layers.2.self_attn.compressor.state_cache
3610137853261342,3610137853479033,3610137853480683,3610137853481573,3610137853610404,3610137853627534,3610137853733765,3610137853736795,3610137853745755,0,12,96,1,model.layers.2.self_attn.indexer.compressor.state_cache
3610137854700331,3610137854920353,3610137854921993,3610137854922993,3610137855048324,3610137855063754,3610137855171074,3610137855173944,3610137855182764,0,12,96,1,model.layers.3.self_attn.compressor.state_cache
3610137910513929,3610137911390635,3610137911473475,3610137911812897,3610137911930848,3610137911948628,3610137912434922,3610137913406398,3610137913416028,1,12,96,4,model.layers.2.self_attn.indexer.k_cache
3610137914100863,3610137914270974,3610137914272354,3610137914273154,3610137914372974,3610137914387814,3610137914475965,3610137914531255,3610137914539575,0,12,96,4,model.layers.2.self_attn.attn
3610137915252750,3610137915422971,3610137915424271,3610137915425031,3610137915523582,3610137915538362,3610137915892664,3610137915895994,3610137915902944,0,12,96,128,model.layers.3.self_attn.attn
3610137916646469,3610137916813880,3610137916815080,3610137916815870,3610137916914381,3610137916927311,3610137917280723,3610137917284243,3610137917290714,0,12,96,1,model.layers.0.self_attn.swa_cache
3610137918005008,3610137918172379,3610137918173629,3610137918174339,3610137918273550,3610137918286230,3610137918369051,3610137918371401,3610137918378361,0,12,96,1,model.layers.1.self_attn.swa_cache
3610137919079755,3610137919247006,3610137919248496,3610137919249196,3610137919346497,3610137919358557,3610137919439478,3610137919441608,3610137919448698,0,12,96,1,model.layers.2.self_attn.compressor.state_cache
3610137920087912,3610137920255283,3610137920256683,3610137920257433,3610137920356354,3610137920368884,3610137920449754,3610137920452014,3610137920459094,0,12,96,1,model.layers.2.self_attn.indexer.compressor.state_cache
3610137921202119,3610137921366530,3610137921367760,3610137921368550,3610137921463991,3610137921475721,3610137921554312,3610137921556342,3610137921563462,0,12,96,1,model.layers.3.self_attn.compressor.state_cache
3610137976009530,3610137976550074,3610137976628564,3610137976908266,3610137977019397,3610137977035287,3610137977434110,3610137981060634,3610137981070494,1,12,96,4,model.layers.2.self_attn.indexer.k_cache
3610137981860899,3610137982088520,3610137982090400,3610137982091340,3610137982226261,3610137982246371,3610137982359942,3610137982429043,3610137982439553,0,12,96,4,model.layers.2.self_attn.attn
3610137983418599,3610137983653731,3610137983655421,3610137983656311,3610137983793302,3610137983814832,3610137984342535,3610137984347065,3610137984356675,0,12,96,128,model.layers.3.self_attn.attn
3610137985354402,3610137985583263,3610137985584993,3610137985585933,3610137985720064,3610137985738024,3610137986228658,3610137986233798,3610137986243028,0,12,96,1,model.layers.0.self_attn.swa_cache
3610137987258774,3610137987484996,3610137987486666,3610137987487526,3610137987619367,3610137987637217,3610137987750848,3610137987754138,3610137987763698,0,12,96,1,model.layers.1.self_attn.swa_cache
3610137988747234,3610137988975666,3610137988977406,3610137988978426,3610137989111677,3610137989128467,3610137989238687,3610137989241707,3610137989251238,0,12,96,1,model.layers.2.self_attn.compressor.state_cache
3610137990001762,3610137990169704,3610137990170944,3610137990171564,3610137990267994,3610137990280534,3610137990359375,3610137990361565,3610137990368605,0,12,96,1,model.layers.2.self_attn.indexer.compressor.state_cache
3610137991102760,3610137991269561,3610137991270841,3610137991271551,3610137991367031,3610137991379482,3610137991459372,3610137991461362,3610137991468712,0,12,96,1,model.layers.3.self_attn.compressor.state_cache
3610138046255883,3610138046824467,3610138046901537,3610138047250860,3610138047366520,3610138047381380,3610138047845753,3610138048604938,3610138048613589,1,12,96,4,model.layers.2.self_attn.indexer.k_cache
3610138049301073,3610138049474914,3610138049476094,3610138049476844,3610138049575595,3610138049588295,3610138049672646,3610138049722946,3610138049729976,0,12,96,4,model.layers.2.self_attn.attn
3610138050453351,3610138050621872,3610138050623002,3610138050623652,3610138050717752,3610138050731452,3610138051078655,3610138051081295,3610138051087445,0,12,96,128,model.layers.3.self_attn.attn
3610138051788419,3610138051957261,3610138051958381,3610138051959061,3610138052071691,3610138052084221,3610138052427144,3610138052429814,3610138052435694,0,12,96,1,model.layers.0.self_attn.swa_cache
3610138053139438,3610138053307009,3610138053308129,3610138053308929,3610138053406690,3610138053418300,3610138053500261,3610138053502381,3610138053508841,0,12,96,1,model.layers.1.self_attn.swa_cache
3610138054200665,3610138054368126,3610138054369216,3610138054369826,3610138054465557,3610138054476917,3610138054556998,3610138054558938,3610138054565508,0,12,96,1,model.layers.2.self_attn.compressor.state_cache
3610138055144542,3610138055310323,3610138055311443,3610138055312103,3610138055406953,3610138055418703,3610138055497534,3610138055499524,3610138055505904,0,12,96,1,model.layers.2.self_attn.indexer.compressor.state_cache
3610138056243209,3610138056410050,3610138056411250,3610138056411850,3610138056507861,3610138056519471,3610138056599251,3610138056601191,3610138056607801,0,12,96,1,model.layers.3.self_attn.compressor.state_cache
3610138115131857,3610138115683500,3610138115763041,3610138116110663,3610138116299104,3610138116314874,3610138116832088,3610138117828644,3610138117838035,1,11,88,4,model.layers.2.self_attn.indexer.k_cache
3610138118565189,3610138118737240,3610138118738430,3610138118739110,3610138118839121,3610138118852221,3610138118934042,3610138118982992,3610138118989982,0,11,88,4,model.layers.2.self_attn.attn
3610138119709037,3610138119881108,3610138119882238,3610138119882868,3610138119975309,3610138119988529,3610138120357911,3610138120360671,3610138120366981,0,11,88,128,model.layers.3.self_attn.attn
3610138121109166,3610138121281037,3610138121282257,3610138121282907,3610138121375908,3610138121387828,3610138121731970,3610138121734740,3610138121740700,0,11,88,1,model.layers.0.self_attn.swa_cache
3610138122435165,3610138122605676,3610138122606836,3610138122607416,3610138122703067,3610138122715297,3610138122794647,3610138122796677,3610138122802837,0,11,88,1,model.layers.1.self_attn.swa_cache
3610138123515672,3610138123682183,3610138123683403,3610138123684013,3610138123777994,3610138123790154,3610138123868834,3610138123870714,3610138123877064,0,11,88,1,model.layers.2.self_attn.compressor.state_cache
3610138124467148,3610138124634809,3610138124635959,3610138124636549,3610138124733080,3610138124744800,3610138124823291,3610138124825371,3610138124831701,0,11,88,1,model.layers.2.self_attn.indexer.compressor.state_cache
3610138125582976,3610138125751017,3610138125752167,3610138125752757,3610138125846387,3610138125857997,3610138125936308,3610138125938138,3610138125944518,0,11,88,1,model.layers.3.self_attn.compressor.state_cache
3610138260174922,3610138260724756,3610138260799406,3610138261103578,3610138261218959,3610138261233709,3610138261691562,3610138262425687,3610138262434677,1,11,88,4,model.layers.2.self_attn.indexer.k_cache
3610138263137782,3610138263310773,3610138263311823,3610138263312443,3610138263419553,3610138263432564,3610138263514074,3610138263565604,3610138263572374,0,11,88,4,model.layers.2.self_attn.attn
3610138264269769,3610138264434800,3610138264435760,3610138264436340,3610138264531881,3610138264544971,3610138264900333,3610138264903153,3610138264909263,0,11,88,128,model.layers.3.self_attn.attn
3610138265592928,3610138265759489,3610138265760589,3610138265761219,3610138265858040,3610138265869300,3610138266203742,3610138266206532,3610138266212502,0,11,88,1,model.layers.0.self_attn.swa_cache
3610138266896296,3610138267060877,3610138267062047,3610138267062667,3610138267158888,3610138267170268,3610138267249019,3610138267251269,3610138267257499,0,11,88,1,model.layers.1.self_attn.swa_cache
3610138267926253,3610138268107324,3610138268108614,3610138268109214,3610138268204215,3610138268215775,3610138268293386,3610138268295306,3610138268301856,0,11,88,1,model.layers.2.self_attn.compressor.state_cache
3610138268892339,3610138269063881,3610138269065081,3610138269065701,3610138269159911,3610138269171291,3610138269247822,3610138269250022,3610138269256122,0,11,88,1,model.layers.2.self_attn.indexer.compressor.state_cache
3610138269952046,3610138270117988,3610138270119148,3610138270119718,3610138270213388,3610138270225678,3610138270303029,3610138270304999,3610138270311059,0,11,88,1,model.layers.3.self_attn.compressor.state_cache
3610138329459248,3610138329963432,3610138330037542,3610138330311444,3610138330420285,3610138330434375,3610138330838808,3610138334516102,3610138334526012,1,11,88,4,model.layers.2.self_attn.indexer.k_cache
3610138335348667,3610138335564349,3610138335565669,3610138335566469,3610138335688099,3610138335704030,3610138335806800,3610138335869271,3610138335878151,0,11,88,4,model.layers.2.self_attn.attn
3610138336777587,3610138336987968,3610138336989308,3610138336990168,3610138337110779,3610138337127709,3610138337555052,3610138337558402,3610138337565912,0,11,88,128,model.layers.3.self_attn.attn
3610138338437658,3610138338644369,3610138338645749,3610138338646649,3610138338768420,3610138338783410,3610138339229993,3610138339233403,3610138339240823,0,11,88,1,model.layers.0.self_attn.swa_cache
3610138340133549,3610138340348810,3610138340350380,3610138340351190,3610138340472641,3610138340487061,3610138340588182,3610138340590542,3610138340598842,0,11,88,1,model.layers.1.self_attn.swa_cache
3610138341450907,3610138341656569,3610138341658019,3610138341658849,3610138341779490,3610138341794220,3610138341893340,3610138341895520,3610138341903490,0,11,88,1,model.layers.2.self_attn.compressor.state_cache
3610138342589395,3610138342755396,3610138342756516,3610138342757216,3610138342853017,3610138342864627,3610138342941937,3610138342943827,3610138342950177,0,11,88,1,model.layers.2.self_attn.indexer.compressor.state_cache
3610138343653232,3610138343814183,3610138343815283,3610138343815983,3610138343909814,3610138343921324,3610138343998384,3610138344009384,3610138344015874,0,11,88,1,model.layers.3.self_attn.compressor.state_cache
3610138402973293,3610138403498066,3610138403562387,3610138403853858,3610138403965939,3610138403978989,3610138404430402,3610138404851235,3610138404859005,1,12,4272,4,model.layers.2.self_attn.indexer.k_cache
3610138405543520,3610138405712731,3610138405713821,3610138405714481,3610138405813881,3610138405825901,3610138405908752,3610138405961712,3610138405968292,0,12,4272,4,model.layers.2.self_attn.attn
3610138406663967,3610138406831138,3610138406832208,3610138406832798,3610138406930809,3610138406942719,3610138407300401,3610138407303011,3610138407308861,0,12,4272,128,model.layers.3.self_attn.attn
3610138408019586,3610138408195757,3610138408196847,3610138408197577,3610138408295398,3610138408307308,3610138408655220,3610138408657880,3610138408663680,0,12,4272,1,model.layers.0.self_attn.swa_cache
3610138409360595,3610138409525076,3610138409526036,3610138409526756,3610138409623216,3610138409634717,3610138409715557,3610138409717727,3610138409723537,0,12,4272,1,model.layers.1.self_attn.swa_cache
3610138410502362,3610138410663513,3610138410664593,3610138410665243,3610138410760944,3610138410772814,3610138410850425,3610138410852215,3610138410858505,0,12,4272,1,model.layers.2.self_attn.compressor.state_cache
3610138411425068,3610138411596419,3610138411597439,3610138411598209,3610138411694590,3610138411706390,3610138411785621,3610138411787541,3610138411793351,0,12,4272,1,model.layers.2.self_attn.indexer.compressor.state_cache
3610138412621796,3610138412786177,3610138412787427,3610138412788187,3610138412885578,3610138412897848,3610138412976719,3610138412978659,3610138412984909,0,12,4272,1,model.layers.3.self_attn.compressor.state_cache
3610138833605709,3610138834126022,3610138834203923,3610138834486274,3610138834599365,3610138834614295,3610138835021218,3610138841949254,3610138841957254,1,12,96,4,model.layers.2.self_attn.indexer.k_cache
3610138842794879,3610138842966460,3610138842967500,3610138842968090,3610138843078721,3610138843098281,3610138843184392,3610138843237362,3610138843243872,0,12,96,4,model.layers.2.self_attn.attn
3610138843969067,3610138844491810,3610138844494460,3610138844495890,3610138844702512,3610138844730792,3610138845437027,3610138845442787,3610138845455587,0,12,96,128,model.layers.3.self_attn.attn
3610138846916946,3610138847277249,3610138847279439,3610138847280629,3610138847478910,3610138847503130,3610138848232005,3610138848237525,3610138848249675,0,12,96,1,model.layers.0.self_attn.swa_cache
3610138849661104,3610138850007117,3610138850009077,3610138850010377,3610138850205358,3610138850230128,3610138850392079,3610138850395819,3610138850408359,0,12,96,1,model.layers.1.self_attn.swa_cache
3610138851798808,3610138852160591,3610138852161751,3610138852162391,3610138852259031,3610138852270792,3610138852349752,3610138852351622,3610138852357942,0,12,96,1,model.layers.2.self_attn.compressor.state_cache
3610138852937586,3610138853107497,3610138853108487,3610138853109097,3610138853204898,3610138853217188,3610138853295658,3610138853297388,3610138853304068,0,12,96,1,model.layers.2.self_attn.indexer.compressor.state_cache
3610138854017763,3610138854184044,3610138854185284,3610138854185914,3610138854280575,3610138854292295,3610138854370865,3610138854372665,3610138854379265,0,12,96,1,model.layers.3.self_attn.compressor.state_cache
3610138911323970,3610138911851054,3610138911924544,3610138912224446,3610138912335447,3610138912350077,3610138912779320,3610138916466114,3610138916474304,1,12,96,4,model.layers.2.self_attn.indexer.k_cache
3610138917210299,3610138917376940,3610138917377990,3610138917378580,3610138917547021,3610138917565371,3610138917684952,3610138917757503,3610138917767363,0,12,96,4,model.layers.2.self_attn.attn
3610138918757889,3610138918996091,3610138918997441,3610138918998331,3610138919144572,3610138919162902,3610138919673845,3610138919677435,3610138919685935,0,12,96,128,model.layers.3.self_attn.attn
3610138920738862,3610138920989394,3610138920990704,3610138920991554,3610138921133165,3610138921149945,3610138921633098,3610138921636848,3610138921645618,0,12,96,1,model.layers.0.self_attn.swa_cache
3610138922637685,3610138922875296,3610138922876816,3610138922877676,3610138923015347,3610138923032527,3610138923144288,3610138923147538,3610138923156288,0,12,96,1,model.layers.1.self_attn.swa_cache
3610138924137355,3610138924383546,3610138924385086,3610138924386006,3610138924525847,3610138924543327,3610138924659988,3610138924662628,3610138924671698,0,12,96,1,model.layers.2.self_attn.compressor.state_cache
3610138925517084,3610138925690185,3610138925691355,3610138925691975,3610138925785916,3610138925797136,3610138925875156,3610138925876996,3610138925882766,0,12,96,1,model.layers.2.self_attn.indexer.compressor.state_cache
3610138926599121,3610138926762132,3610138926763172,3610138926763752,3610138926858303,3610138926870153,3610138926947743,3610138926949823,3610138926955843,0,12,96,1,model.layers.3.self_attn.compressor.state_cache
3610138980541726,3610138981063570,3610138981139200,3610138981416592,3610138981525503,3610138981539523,3610138981943065,3610138985657380,3610138985665500,1,12,96,4,model.layers.2.self_attn.indexer.k_cache
3610138986349554,3610138986522835,3610138986523895,3610138986524545,3610138986623276,3610138986636256,3610138986719247,3610138986769457,3610138986776807,0,12,96,4,model.layers.2.self_attn.attn
3610138987482082,3610138987650243,3610138987651273,3610138987651883,3610138987748704,3610138987762694,3610138988131936,3610138988134886,3610138988141296,0,12,96,128,model.layers.3.self_attn.attn
3610138988871871,3610138989037332,3610138989038442,3610138989039082,3610138989135663,3610138989147583,3610138989496325,3610138989498965,3610138989505105,0,12,96,1,model.layers.0.self_attn.swa_cache
3610138990197820,3610138990362741,3610138990363621,3610138990364271,3610138990509252,3610138990525722,3610138990631973,3610138990634523,3610138990643323,0,12,96,1,model.layers.1.self_attn.swa_cache
3610138991576209,3610138991806430,3610138991807930,3610138991808760,3610138991940291,3610138991957181,3610138992083932,3610138992086592,3610138992095382,0,12,96,1,model.layers.2.self_attn.compressor.state_cache
3610138992916518,3610138993156119,3610138993157509,3610138993158469,3610138993290970,3610138993307090,3610138993417591,3610138993420421,3610138993429051,0,12,96,1,model.layers.2.self_attn.indexer.compressor.state_cache
3610138994426778,3610138994654879,3610138994656319,3610138994657359,3610138994786410,3610138994802410,3610138994910851,3610138994913441,3610138994922021,0,12,96,1,model.layers.3.self_attn.compressor.state_cache
3610139049769632,3610139050285985,3610139050359066,3610139050629178,3610139050737128,3610139050751718,3610139051148121,3610139054888356,3610139054896236,1,12,96,4,model.layers.2.self_attn.indexer.k_cache
3610139055736461,3610139055977183,3610139055978783,3610139055979853,3610139056139124,3610139056158074,3610139056280515,3610139056353855,3610139056363685,0,12,96,4,model.layers.2.self_attn.attn
3610139057343962,3610139057589033,3610139057590443,3610139057591433,3610139057728104,3610139057747134,3610139058258118,3610139058262178,3610139058270838,0,12,96,128,model.layers.3.self_attn.attn
3610139059265114,3610139059506576,3610139059508046,3610139059509066,3610139059647407,3610139059664027,3610139060169130,3610139060173350,3610139060182050,0,12,96,1,model.layers.0.self_attn.swa_cache
3610139061185877,3610139061431989,3610139061433359,3610139061434209,3610139061572740,3610139061590130,3610139061706070,3610139061708690,3610139061717591,0,12,96,1,model.layers.1.self_attn.swa_cache
3610139062691147,3610139062930499,3610139062932149,3610139062933039,3610139063070559,3610139063088350,3610139063203860,3610139063206970,3610139063215530,0,12,96,1,model.layers.2.self_attn.compressor.state_cache
3610139063940175,3610139064122256,3610139064123456,3610139064124256,3610139064220657,3610139064232887,3610139064312708,3610139064314608,3610139064320808,0,12,96,1,model.layers.2.self_attn.indexer.compressor.state_cache
3610139065030732,3610139065196303,3610139065197473,3610139065198143,3610139065294584,3610139065306584,3610139065390205,3610139065392185,3610139065398475,0,12,96,1,model.layers.3.self_attn.compressor.state_cache
3610139121808416,3610139122379700,3610139122458980,3610139122838523,3610139122962374,3610139122977234,3610139123516977,3610139124294323,3610139124303143,1,11,88,4,model.layers.2.self_attn.indexer.k_cache
3610139125032447,3610139125204979,3610139125205909,3610139125206689,3610139125306539,3610139125319259,3610139125400390,3610139125452520,3610139125459240,0,11,88,4,model.layers.2.self_attn.attn
3610139126155735,3610139126322166,3610139126323166,3610139126323836,3610139126418847,3610139126431797,3610139126810849,3610139126813619,3610139126819349,0,11,88,128,model.layers.3.self_attn.attn
3610139127518824,3610139127684805,3610139127685845,3610139127686555,3610139127781695,3610139127793546,3610139128146298,3610139128149078,3610139128154798,0,11,88,1,model.layers.0.self_attn.swa_cache
3610139128847353,3610139129014264,3610139129015194,3610139129015824,3610139129110364,3610139129121574,3610139129198035,3610139129199855,3610139129206335,0,11,88,1,model.layers.1.self_attn.swa_cache
3610139129884349,3610139130050980,3610139130051970,3610139130052600,3610139130148601,3610139130160401,3610139130239822,3610139130241752,3610139130247722,0,11,88,1,model.layers.2.self_attn.compressor.state_cache
3610139130825526,3610139130993817,3610139130994757,3610139130995357,3610139131089077,3610139131100897,3610139131179878,3610139131181838,3610139131187878,0,11,88,1,model.layers.2.self_attn.indexer.compressor.state_cache
3610139131905683,3610139132090924,3610139132091954,3610139132092634,3610139132189685,3610139132201625,3610139132279355,3610139132281395,3610139132287535,0,11,88,1,model.layers.3.self_attn.compressor.state_cache
3610139187550879,3610139188166523,3610139188245044,3610139188643846,3610139188767527,3610139188782257,3610139189251550,3610139189992135,3610139190001205,1,11,88,4,model.layers.2.self_attn.indexer.k_cache
3610139190696840,3610139190865891,3610139190866841,3610139190867491,3610139190960391,3610139190972822,3610139191052512,3610139191103552,3610139191110202,0,11,88,4,model.layers.2.self_attn.attn
3610139191838497,3610139192026288,3610139192027268,3610139192027848,3610139192127679,3610139192140619,3610139192499532,3610139192502002,3610139192508052,0,11,88,128,model.layers.3.self_attn.attn
3610139193201126,3610139193369397,3610139193370397,3610139193371047,3610139193466258,3610139193477588,3610139193819240,3610139193821860,3610139193827740,0,11,88,1,model.layers.0.self_attn.swa_cache
3610139194512735,3610139194682136,3610139194683196,3610139194683766,3610139194780297,3610139194792097,3610139194871237,3610139194873107,3610139194879577,0,11,88,1,model.layers.1.self_attn.swa_cache
3610139195568032,3610139195752963,3610139195754073,3610139195754703,3610139195852074,3610139195863834,3610139195942044,3610139195944074,3610139195950424,0,11,88,1,model.layers.2.self_attn.compressor.state_cache
3610139196540818,3610139196704039,3610139196705099,3610139196705759,3610139196800910,3610139196812000,3610139196890911,3610139196892681,3610139196898961,0,11,88,1,model.layers.2.self_attn.indexer.compressor.state_cache
3610139197610635,3610139197773326,3610139197774416,3610139197774976,3610139197868657,3610139197880907,3610139197957888,3610139197959578,3610139197965898,0,11,88,1,model.layers.3.self_attn.compressor.state_cache
3610139251567060,3610139252109214,3610139252186815,3610139252466336,3610139252575957,3610139252590677,3610139253299202,3610139255366516,3610139255374676,1,10,80,4,model.layers.2.self_attn.indexer.k_cache
3610139256060350,3610139256233791,3610139256234811,3610139256235491,3610139256326152,3610139256338802,3610139256420872,3610139256471343,3610139256478433,0,10,80,4,model.layers.2.self_attn.attn
3610139257140357,3610139257282008,3610139257283048,3610139257283748,3610139257374989,3610139257388009,3610139257727161,3610139257730001,3610139257735981,0,10,80,128,model.layers.3.self_attn.attn
3610139258406596,3610139258566247,3610139258567407,3610139258568127,3610139258663907,3610139258675917,3610139259008579,3610139259010919,3610139259017000,0,10,80,1,model.layers.0.self_attn.swa_cache
3610139259713204,3610139259877555,3610139259878665,3610139259879285,3610139259976186,3610139259988486,3610139260081777,3610139260083587,3610139260090047,0,10,80,1,model.layers.1.self_attn.swa_cache
3610139260904802,3610139261068193,3610139261069343,3610139261069983,3610139261167594,3610139261179084,3610139261257264,3610139261259224,3610139261265504,0,10,80,1,model.layers.2.self_attn.compressor.state_cache
3610139261953719,3610139262143520,3610139262144670,3610139262145420,3610139262254381,3610139262268091,3610139262357422,3610139262359382,3610139262366702,0,10,80,1,model.layers.2.self_attn.indexer.compressor.state_cache
3610139263306138,3610139263495749,3610139263496889,3610139263497729,3610139263606870,3610139263620780,3610139263712200,3610139263714260,3610139263722031,0,10,80,1,model.layers.3.self_attn.compressor.state_cache
3610139387993299,3610139388587183,3610139388665273,3610139388998375,3610139389188577,3610139389204937,3610139389873181,3610139391733613,3610139391741993,1,9,72,4,model.layers.2.self_attn.indexer.k_cache
3610139392635139,3610139392821940,3610139392823120,3610139392823781,3610139392939571,3610139392953771,3610139393040102,3610139393094002,3610139393101292,0,9,72,4,model.layers.2.self_attn.attn
3610139393863517,3610139394045399,3610139394046479,3610139394047269,3610139394146549,3610139394160389,3610139394549612,3610139394552542,3610139394558802,0,9,72,128,model.layers.3.self_attn.attn
3610139395331687,3610139395517348,3610139395518398,3610139395519088,3610139395618419,3610139395631259,3610139395999521,3610139396012212,3610139396018562,0,9,72,1,model.layers.0.self_attn.swa_cache
3610139396761456,3610139396946358,3610139396947728,3610139396948388,3610139397064598,3610139397077449,3610139397171689,3610139397173759,3610139397180629,0,9,72,1,model.layers.1.self_attn.swa_cache
3610139398056715,3610139398237886,3610139398239126,3610139398239816,3610139398340887,3610139398353577,3610139398439087,3610139398440927,3610139398447678,0,9,72,1,model.layers.2.self_attn.compressor.state_cache
3610139399057772,3610139399238463,3610139399239593,3610139399240303,3610139399343933,3610139399356814,3610139399438494,3610139399440394,3610139399446964,0,9,72,1,model.layers.2.self_attn.indexer.compressor.state_cache
3610139400420621,3610139400603102,3610139400604312,3610139400604942,3610139400699472,3610139400711402,3610139400789483,3610139400791283,3610139400797683,0,9,72,1,model.layers.3.self_attn.compressor.state_cache
3610139521440037,3610139521970511,3610139522049101,3610139522366553,3610139522484214,3610139522499214,3610139523008078,3610139534057710,3610139534066950,1,9,72,4,model.layers.2.self_attn.indexer.k_cache
3610139534772835,3610139534953046,3610139534954146,3610139534954786,3610139535053647,3610139535066737,3610139535148528,3610139535198938,3610139535205808,0,9,72,4,model.layers.2.self_attn.attn
3610139535892052,3610139536075874,3610139536076934,3610139536077514,3610139536172864,3610139536186334,3610139536531227,3610139536533677,3610139536539567,0,9,72,128,model.layers.3.self_attn.attn
3610139537229601,3610139537397082,3610139537398032,3610139537398702,3610139537491923,3610139537503993,3610139537839655,3610139537842215,3610139537847735,0,9,72,1,model.layers.0.self_attn.swa_cache
3610139538536740,3610139538706941,3610139538708011,3610139538708581,3610139538802242,3610139538814002,3610139538892582,3610139538894312,3610139538900662,0,9,72,1,model.layers.1.self_attn.swa_cache
3610139539571747,3610139539737468,3610139539738478,3610139539739028,3610139539834298,3610139539845858,3610139539925839,3610139539927469,3610139539933629,0,9,72,1,model.layers.2.self_attn.compressor.state_cache
3610139540593573,3610139540786165,3610139540787205,3610139540787875,3610139540898125,3610139540911225,3610139541002676,3610139541004776,3610139541011906,0,9,72,1,model.layers.2.self_attn.indexer.compressor.state_cache
3610139541821871,3610139542014903,3610139542016253,3610139542017003,3610139542125213,3610139542138504,3610139542224924,3610139542227084,3610139542234774,0,9,72,1,model.layers.3.self_attn.compressor.state_cache
3610139605340170,3610139605876613,3610139605943764,3610139606233676,3610139606343636,3610139606357456,3610139606789059,3610139607222102,3610139607231172,1,10,4256,4,model.layers.2.self_attn.indexer.k_cache
3610139608182248,3610139608353080,3610139608354040,3610139608354810,3610139608454540,3610139608467410,3610139608550841,3610139608600261,3610139608607321,0,10,4256,4,model.layers.2.self_attn.attn
3610139609304686,3610139609465167,3610139609466097,3610139609466667,3610139609563287,3610139609575188,3610139609940450,3610139609943130,3610139609949560,0,10,4256,128,model.layers.3.self_attn.attn
3610139610650775,3610139610818816,3610139610819766,3610139610820416,3610139610916326,3610139610928166,3610139611271679,3610139611274729,3610139611280999,0,10,4256,1,model.layers.0.self_attn.swa_cache
3610139611973113,3610139612166415,3610139612167475,3610139612168105,3610139612266165,3610139612278465,3610139612360636,3610139612362546,3610139612369876,0,10,4256,1,model.layers.1.self_attn.swa_cache
3610139613176611,3610139613344992,3610139613346132,3610139613346802,3610139613444793,3610139613456703,3610139613539124,3610139613541454,3610139613548604,0,10,4256,1,model.layers.2.self_attn.compressor.state_cache
3610139614132708,3610139614298519,3610139614299479,3610139614300099,3610139614398259,3610139614410129,3610139614489070,3610139614491010,3610139614498310,0,10,4256,1,model.layers.2.self_attn.indexer.compressor.state_cache
3610139615327835,3610139615494727,3610139615495967,3610139615496567,3610139615596017,3610139615608177,3610139615691218,3610139615693168,3610139615700718,0,10,4256,1,model.layers.3.self_attn.compressor.state_cache
3610140040414993,3610140040949467,3610140041025897,3610140041308149,3610140041421920,3610140041436710,3610140041854773,3610140051470656,3610140051479686,1,9,72,4,model.layers.2.self_attn.indexer.k_cache
3610140052400042,3610140052632343,3610140052633663,3610140052634573,3610140052769304,3610140052787614,3610140052901865,3610140052971756,3610140052982096,0,9,72,4,model.layers.2.self_attn.attn
3610140053926012,3610140054150513,3610140054151963,3610140054152793,3610140054281714,3610140054300694,3610140054815498,3610140054819208,3610140054827878,0,9,72,128,model.layers.3.self_attn.attn
3610140055821494,3610140056077466,3610140056079336,3610140056080286,3610140056217907,3610140056234707,3610140056707210,3610140056711040,3610140056720090,0,9,72,1,model.layers.0.self_attn.swa_cache
3610140057667027,3610140057901348,3610140057902968,3610140057903978,3610140058035819,3610140058055079,3610140058167280,3610140058170030,3610140058179030,0,9,72,1,model.layers.1.self_attn.swa_cache
3610140059101036,3610140059340778,3610140059342258,3610140059343168,3610140059473138,3610140059490049,3610140059602489,3610140059605039,3610140059614109,0,9,72,1,model.layers.2.self_attn.compressor.state_cache
3610140060408035,3610140060575826,3610140060576826,3610140060577576,3610140060673656,3610140060685846,3610140060764947,3610140060767067,3610140060773777,0,9,72,1,model.layers.2.self_attn.indexer.compressor.state_cache
3610140061505062,3610140061668413,3610140061669433,3610140061670063,3610140061766784,3610140061778774,3610140061858864,3610140061860644,3610140061867474,0,9,72,1,model.layers.3.self_attn.compressor.state_cache
3610140131920555,3610140132475029,3610140132542079,3610140132872942,3610140132990682,3610140133004652,3610140133520716,3610140133963509,3610140133977389,1,10,8096,4,model.layers.2.self_attn.indexer.k_cache
3610140134789624,3610140134960585,3610140134961745,3610140134962355,3610140135058456,3610140135071616,3610140135152307,3610140135201787,3610140135208977,0,10,8096,4,model.layers.2.self_attn.attn
3610140135908701,3610140136098833,3610140136100133,3610140136100723,3610140136199373,3610140136212473,3610140136562546,3610140136565566,3610140136571896,0,10,8096,128,model.layers.3.self_attn.attn
3610140137288411,3610140137456992,3610140137458202,3610140137458782,3610140137555342,3610140137568412,3610140137917475,3610140137920135,3610140137926195,0,10,8096,1,model.layers.0.self_attn.swa_cache
3610140138622589,3610140138789590,3610140138790830,3610140138791400,3610140138888111,3610140138900161,3610140138977922,3610140138979762,3610140138986322,0,10,8096,1,model.layers.1.self_attn.swa_cache
3610140139657336,3610140139822337,3610140139823497,3610140139824097,3610140139919288,3610140139931138,3610140140021099,3610140140022839,3610140140029559,0,10,8096,1,model.layers.2.self_attn.compressor.state_cache
3610140140640563,3610140140807994,3610140140809124,3610140140809634,3610140140902864,3610140140915284,3610140140990145,3610140140991915,3610140140998355,0,10,8096,1,model.layers.2.self_attn.indexer.compressor.state_cache
3610140141720300,3610140141882311,3610140141883491,3610140141884081,3610140141976971,3610140141988451,3610140142065452,3610140142067322,3610140142073412,0,10,8096,1,model.layers.3.self_attn.compressor.state_cache
3610140625039330,3610140625584824,3610140625651034,3610140625957226,3610140626074227,3610140626088757,3610140626551450,3610140626983463,3610140626992873,1,9,392,4,model.layers.2.self_attn.indexer.k_cache
3610140627720938,3610140627892909,3610140627894049,3610140627894759,3610140627990920,3610140628025950,3610140628114051,3610140628168931,3610140628176431,0,9,392,4,model.layers.2.self_attn.attn
3610140628883166,3610140629051807,3610140629052947,3610140629053647,3610140629149587,3610140629162538,3610140629521590,3610140629524570,3610140629531440,0,9,392,128,model.layers.3.self_attn.attn
3610140630237655,3610140630405296,3610140630406436,3610140630407146,3610140630504736,3610140630516946,3610140630857609,3610140630860709,3610140630867289,0,9,392,1,model.layers.0.self_attn.swa_cache
3610140631564753,3610140631732774,3610140631733944,3610140631734494,3610140631833325,3610140631846195,3610140631926136,3610140631928096,3610140631934516,0,9,392,1,model.layers.1.self_attn.swa_cache
3610140632759381,3610140632927492,3610140632928692,3610140632929352,3610140633025373,3610140633037583,3610140633117154,3610140633119124,3610140633126024,0,9,392,1,model.layers.2.self_attn.compressor.state_cache
3610140633701187,3610140633867709,3610140633868869,3610140633869479,3610140633964719,3610140633976559,3610140634054360,3610140634056320,3610140634063250,0,9,392,1,model.layers.2.self_attn.indexer.compressor.state_cache
3610140635411569,3610140635591770,3610140635592880,3610140635593460,3610140635688251,3610140635699911,3610140635780621,3610140635782311,3610140635788941,0,9,392,1,model.layers.3.self_attn.compressor.state_cache
3610141075741085,3610141076288049,3610141076352159,3610141076656771,3610141076777562,3610141076790732,3610141077262875,3610141077713028,3610141077721348,1,11,8096,4,model.layers.2.self_attn.indexer.k_cache
3610141078456193,3610141078628874,3610141078629934,3610141078630514,3610141078732135,3610141078744735,3610141078828346,3610141078881146,3610141078887966,0,11,8096,4,model.layers.2.self_attn.attn
3610141079591101,3610141079760322,3610141079761352,3610141079762002,3610141079858152,3610141079870592,3610141080233585,3610141080236355,3610141080242235,0,11,8096,128,model.layers.3.self_attn.attn
3610141080937579,3610141081107370,3610141081108391,3610141081109051,3610141081205771,3610141081217681,3610141081572294,3610141081574934,3610141081580614,0,11,8096,1,model.layers.0.self_attn.swa_cache
3610141082278838,3610141082448349,3610141082449629,3610141082450269,3610141082547800,3610141082560210,3610141082639771,3610141082641561,3610141082647951,0,11,8096,1,model.layers.1.self_attn.swa_cache
3610141083326575,3610141083495736,3610141083496786,3610141083497426,3610141083593557,3610141083606647,3610141083687507,3610141083689427,3610141083695508,0,11,8096,1,model.layers.2.self_attn.compressor.state_cache
3610141084314052,3610141084484233,3610141084485323,3610141084486043,3610141084583083,3610141084594603,3610141084671744,3610141084673704,3610141084679744,0,11,8096,1,model.layers.2.self_attn.indexer.compressor.state_cache
3610141085396289,3610141085566230,3610141085567300,3610141085568040,3610141085663490,3610141085675481,3610141085754271,3610141085756351,3610141085762541,0,11,8096,1,model.layers.3.self_attn.compressor.state_cache
3610141559865990,3610141560429523,3610141560496904,3610141560803586,3610141560919117,3610141560933107,3610141561408590,3610141561855383,3610141561864833,1,11,4592,4,model.layers.2.self_attn.indexer.k_cache
3610141562592708,3610141562763899,3610141562765199,3610141562765759,3610141562863059,3610141562876490,3610141562959770,3610141563013650,3610141563021070,0,11,4592,4,model.layers.2.self_attn.attn
3610141563728115,3610141563894006,3610141563895166,3610141563895706,3610141563992277,3610141564018097,3610141564366769,3610141564369769,3610141564376349,0,11,4592,128,model.layers.3.self_attn.attn
3610141565083964,3610141565248865,3610141565249955,3610141565250585,3610141565346796,3610141565359576,3610141565701238,3610141565704278,3610141565710948,0,11,4592,1,model.layers.0.self_attn.swa_cache
3610141566409993,3610141566584314,3610141566585564,3610141566586124,3610141566684885,3610141566696495,3610141566777315,3610141566779065,3610141566785875,0,11,4592,1,model.layers.1.self_attn.swa_cache
3610141567581330,3610141567750182,3610141567751392,3610141567752092,3610141567848592,3610141567859982,3610141567941013,3610141567942963,3610141567950033,0,11,4592,1,model.layers.2.self_attn.compressor.state_cache
3610141568548157,3610141568719318,3610141568720598,3610141568721238,3610141568816699,3610141568828779,3610141568908919,3610141568910749,3610141568917529,0,11,4592,1,model.layers.2.self_attn.indexer.compressor.state_cache
3610141570173488,3610141570393129,3610141570394379,3610141570394989,3610141570498570,3610141570511280,3610141570593830,3610141570595770,3610141570602470,0,11,4592,1,model.layers.3.self_attn.compressor.state_cache
3610141996884613,3610141997411747,3610141997475827,3610141997763539,3610141997880810,3610141997894940,3610141998373023,3610141998819196,3610141998827276,1,12,4272,4,model.layers.2.self_attn.indexer.k_cache
3610141999590641,3610141999770312,3610141999771512,3610141999772232,3610141999871073,3610141999883473,3610141999965264,3610142000027634,3610142000034614,0,12,4272,4,model.layers.2.self_attn.attn
3610142000764939,3610142000932220,3610142000933290,3610142000933940,3610142001030201,3610142001042521,3610142001393893,3610142001396513,3610142001402653,0,12,4272,128,model.layers.3.self_attn.attn
3610142002122618,3610142002291389,3610142002292559,3610142002293129,3610142002389560,3610142002401270,3610142002748062,3610142002750982,3610142002757162,0,12,4272,1,model.layers.0.self_attn.swa_cache
3610142003449807,3610142003618998,3610142003620058,3610142003620698,3610142003717148,3610142003729698,3610142003810379,3610142003812299,3610142003818549,0,12,4272,1,model.layers.1.self_attn.swa_cache
3610142004514634,3610142004687225,3610142004688275,3610142004688925,3610142004786785,3610142004799195,3610142004879476,3610142004881426,3610142004887576,0,12,4272,1,model.layers.2.self_attn.compressor.state_cache
3610142005465370,3610142005633771,3610142005634731,3610142005635391,3610142005731982,3610142005743782,3610142005822232,3610142005824102,3610142005830302,0,12,4272,1,model.layers.2.self_attn.indexer.compressor.state_cache
3610142006552547,3610142006728838,3610142006730038,3610142006730648,3610142006826409,3610142006838709,3610142006919009,3610142006920909,3610142006927659,0,12,4272,1,model.layers.3.self_attn.compressor.state_cache
3610142425338050,3610142425865334,3610142425938734,3610142426219226,3610142426326257,3610142426340567,3610142426758690,3610142431280200,3610142431292030,1,12,96,4,model.layers.2.self_attn.indexer.k_cache
3610142432223736,3610142432444947,3610142432446317,3610142432447157,3610142432570528,3610142432587128,3610142432691279,3610142432762229,3610142432771459,0,12,96,4,model.layers.2.self_attn.attn
3610142433648655,3610142433869397,3610142433870577,3610142433871427,3610142433993357,3610142434009877,3610142434450610,3610142434453940,3610142434461820,0,12,96,128,model.layers.3.self_attn.attn
3610142435347066,3610142435567208,3610142435568468,3610142435569348,3610142435691639,3610142435707189,3610142436154402,3610142436157832,3610142436165612,0,12,96,1,model.layers.0.self_attn.swa_cache
3610142437039807,3610142437257669,3610142437259119,3610142437259909,3610142437381170,3610142437396840,3610142437496770,3610142437499420,3610142437507670,0,12,96,1,model.layers.1.self_attn.swa_cache
3610142438363716,3610142438584838,3610142438586228,3610142438587048,3610142438709058,3610142438724258,3610142438827529,3610142438829859,3610142438837739,0,12,96,1,model.layers.2.self_attn.compressor.state_cache
3610142439513474,3610142439679635,3610142439680675,3610142439681285,3610142439776015,3610142439788225,3610142439867066,3610142439869136,3610142439875456,0,12,96,1,model.layers.2.self_attn.indexer.compressor.state_cache
3610142440617961,3610142440782862,3610142440783962,3610142440784632,3610142440882263,3610142440894373,3610142440974033,3610142440976053,3610142440982583,0,12,96,1,model.layers.3.self_attn.compressor.state_cache
3610142500179493,3610142500726956,3610142500803127,3610142501123669,3610142501242990,3610142501258040,3610142501739663,3610142504952394,3610142504960624,1,11,88,4,model.layers.2.self_attn.indexer.k_cache
3610142505698169,3610142505865630,3610142505866680,3610142505867340,3610142505967371,3610142505980391,3610142506061031,3610142506111152,3610142506117942,0,11,88,4,model.layers.2.self_attn.attn
3610142506818376,3610142506981097,3610142506982137,3610142506982767,3610142507081118,3610142507094168,3610142507457590,3610142507460310,3610142507466180,0,11,88,128,model.layers.3.self_attn.attn
3610142508196345,3610142508366096,3610142508367186,3610142508367776,3610142508469177,3610142508481637,3610142508827789,3610142508830479,3610142508836409,0,11,88,1,model.layers.0.self_attn.swa_cache
3610142509540304,3610142509706235,3610142509707195,3610142509707705,3610142509803906,3610142509815656,3610142509897196,3610142509898866,3610142509905677,0,11,88,1,model.layers.1.self_attn.swa_cache
3610142510592691,3610142510756832,3610142510757952,3610142510758572,3610142510853643,3610142510865473,3610142510943813,3610142510945603,3610142510951683,0,11,88,1,model.layers.2.self_attn.compressor.state_cache
3610142511531957,3610142511698658,3610142511699738,3610142511700348,3610142511792569,3610142511805239,3610142511883880,3610142511885790,3610142511892110,0,11,88,1,model.layers.2.self_attn.indexer.compressor.state_cache
3610142512679595,3610142512850646,3610142512851656,3610142512852356,3610142512953857,3610142512967177,3610142513048997,3610142513050667,3610142513056977,0,11,88,1,model.layers.3.self_attn.compressor.state_cache
3610142567821847,3610142568389121,3610142568466042,3610142568795934,3610142568916104,3610142568930375,3610142569736480,3610142571907024,3610142571916444,1,11,88,4,model.layers.2.self_attn.indexer.k_cache
3610142572711499,3610142572883111,3610142572884321,3610142572884921,3610142572994341,3610142573008071,3610142573092032,3610142573143622,3610142573150982,0,11,88,4,model.layers.2.self_attn.attn
3610142573866347,3610142574035998,3610142574036908,3610142574037558,3610142574136379,3610142574150109,3610142574536091,3610142574538931,3610142574544971,0,11,88,128,model.layers.3.self_attn.attn
3610142575268566,3610142575442787,3610142575443987,3610142575444627,3610142575552118,3610142575565118,3610142575935981,3610142575939071,3610142575945611,0,11,88,1,model.layers.0.self_attn.swa_cache
3610142576706516,3610142576881297,3610142576882607,3610142576883287,3610142576984298,3610142576996448,3610142577077178,3610142577079058,3610142577085398,0,11,88,1,model.layers.1.self_attn.swa_cache
3610142577782543,3610142577948344,3610142577949644,3610142577950514,3610142578048385,3610142578060595,3610142578139085,3610142578141145,3610142578147295,0,11,88,1,model.layers.2.self_attn.compressor.state_cache
3610142578800359,3610142578975851,3610142578976971,3610142578977551,3610142579073441,3610142579085741,3610142579165262,3610142579167362,3610142579173542,0,11,88,1,model.layers.2.self_attn.indexer.compressor.state_cache
3610142579901267,3610142580083068,3610142580084458,3610142580085118,3610142580181879,3610142580194289,3610142580272359,3610142580274269,3610142580280419,0,11,88,1,model.layers.3.self_attn.compressor.state_cache
3610142633932602,3610142634756457,3610142634835518,3610142635155940,3610142635278561,3610142635293051,3610142635826434,3610142636885601,3610142636893611,1,11,88,4,model.layers.2.self_attn.indexer.k_cache
3610142637600946,3610142637774257,3610142637775287,3610142637775857,3610142637871588,3610142637884238,3610142637967429,3610142638021689,3610142638028879,0,11,88,4,model.layers.2.self_attn.attn
3610142638723383,3610142638890375,3610142638891265,3610142638892275,3610142638989475,3610142639002275,3610142639350548,3610142639353238,3610142639359128,0,11,88,128,model.layers.3.self_attn.attn
3610142640084702,3610142640257724,3610142640258754,3610142640259374,3610142640356214,3610142640368184,3610142640707647,3610142640710367,3610142640716147,0,11,88,1,model.layers.0.self_attn.swa_cache
3610142641442101,3610142641607472,3610142641608472,3610142641609022,3610142641704173,3610142641715923,3610142641795654,3610142641797434,3610142641803814,0,11,88,1,model.layers.1.self_attn.swa_cache
3610142642484268,3610142642649159,3610142642650109,3610142642650639,3610142642747540,3610142642760050,3610142642840791,3610142642842461,3610142642848821,0,11,88,1,model.layers.2.self_attn.compressor.state_cache
3610142643432104,3610142643602216,3610142643603246,3610142643603886,3610142643700636,3610142643712196,3610142643793007,3610142643794877,3610142643801397,0,11,88,1,model.layers.2.self_attn.indexer.compressor.state_cache
3610142644529592,3610142644697473,3610142644698443,3610142644699083,3610142644794383,3610142644806003,3610142644888434,3610142644890284,3610142644896454,0,11,88,1,model.layers.3.self_attn.compressor.state_cache
3610142700613560,3610142701244034,3610142701320425,3610142701656357,3610142701775438,3610142701789958,3610142702299691,3610142703054716,3610142703063546,1,10,80,4,model.layers.2.self_attn.indexer.k_cache
3610142703787811,3610142703960302,3610142703961362,3610142703961982,3610142704078143,3610142704092283,3610142704180874,3610142704234574,3610142704240954,0,10,80,4,model.layers.2.self_attn.attn
3610142704940609,3610142705108760,3610142705109810,3610142705110390,3610142705206930,3610142705219911,3610142705567493,3610142705570073,3610142705576023,0,10,80,128,model.layers.3.self_attn.attn
3610142706310158,3610142706478249,3610142706479369,3610142706480079,3610142706577279,3610142706589840,3610142706930412,3610142706932952,3610142706938882,0,10,80,1,model.layers.0.self_attn.swa_cache
3610142707634516,3610142707800607,3610142707801777,3610142707802448,3610142707897848,3610142707909698,3610142707990369,3610142707992399,3610142707998429,0,10,80,1,model.layers.1.self_attn.swa_cache
3610142708699353,3610142708868425,3610142708869365,3610142708870035,3610142708968315,3610142708981355,3610142709062016,3610142709063886,3610142709069826,0,10,80,1,model.layers.2.self_attn.compressor.state_cache
3610142709652270,3610142709820721,3610142709821801,3610142709822481,3610142709918421,3610142709929961,3610142710011182,3610142710013122,3610142710019082,0,10,80,1,model.layers.2.self_attn.indexer.compressor.state_cache
3610142710741907,3610142710911328,3610142710912398,3610142710912978,3610142711009429,3610142711021649,3610142711105589,3610142711107379,3610142711113989,0,10,80,1,model.layers.3.self_attn.compressor.state_cache
3610142767660191,3610142768223925,3610142768300825,3610142768627317,3610142768750838,3610142768766068,3610142769294282,3610142770090687,3610142770100007,1,9,72,4,model.layers.2.self_attn.indexer.k_cache
3610142770848942,3610142771022863,3610142771024063,3610142771024803,3610142771132844,3610142771147284,3610142771233374,3610142771285065,3610142771292045,0,9,72,4,model.layers.2.self_attn.attn
3610142772091640,3610142772268441,3610142772269581,3610142772270261,3610142772377572,3610142772391572,3610142772775465,3610142772778395,3610142772784665,0,9,72,128,model.layers.3.self_attn.attn
3610142773499699,3610142773670270,3610142773671400,3610142773672000,3610142773769831,3610142773781831,3610142774127353,3610142774130123,3610142774136253,0,9,72,1,model.layers.0.self_attn.swa_cache
3610142774833628,3610142775001979,3610142775003109,3610142775003729,3610142775099300,3610142775111240,3610142775191710,3610142775193680,3610142775200120,0,9,72,1,model.layers.1.self_attn.swa_cache
3610142775882655,3610142776063096,3610142776064076,3610142776064716,3610142776161197,3610142776173227,3610142776253077,3610142776254887,3610142776261917,0,9,72,1,model.layers.2.self_attn.compressor.state_cache
3610142776856141,3610142777026882,3610142777028242,3610142777028952,3610142777127703,3610142777140203,3610142777218084,3610142777220194,3610142777226524,0,9,72,1,model.layers.2.self_attn.indexer.compressor.state_cache
3610142777968359,3610142778133840,3610142778134960,3610142778135570,3610142778230780,3610142778242900,3610142778320611,3610142778322951,3610142778329501,0,9,72,1,model.layers.3.self_attn.compressor.state_cache
3610142838773528,3610142839318412,3610142839385102,3610142839712004,3610142839834425,3610142839849135,3610142840382209,3610142840832982,3610142840842332,1,10,4256,4,model.layers.2.self_attn.indexer.k_cache
3610142841585537,3610142841757748,3610142841758838,3610142841759528,3610142841862489,3610142841875289,3610142841958259,3610142842008610,3610142842016100,0,10,4256,4,model.layers.2.self_attn.attn
3610142842720754,3610142842891885,3610142842892975,3610142842893685,3610142842991636,3610142843004196,3610142843378629,3610142843381439,3610142843387629,0,10,4256,128,model.layers.3.self_attn.attn
3610142844114543,3610142844283784,3610142844284904,3610142844285514,3610142844383185,3610142844395805,3610142844742047,3610142844745017,3610142844751128,0,10,4256,1,model.layers.0.self_attn.swa_cache
3610142845455172,3610142845621353,3610142845622493,3610142845623103,3610142845719644,3610142845732054,3610142845809844,3610142845811835,3610142845818495,0,10,4256,1,model.layers.1.self_attn.swa_cache
3610142846503399,3610142846670860,3610142846671940,3610142846672690,3610142846769091,3610142846781131,3610142846859591,3610142846861431,3610142846867591,0,10,4256,1,model.layers.2.self_attn.compressor.state_cache
3610142847449195,3610142847617616,3610142847618906,3610142847619526,3610142847713847,3610142847726197,3610142847807578,3610142847809558,3610142847816208,0,10,4256,1,model.layers.2.self_attn.indexer.compressor.state_cache
3610142848625313,3610142848797684,3610142848798934,3610142848799574,3610142848895835,3610142848907875,3610142848986295,3610142848988215,3610142848994875,0,10,4256,1,model.layers.3.self_attn.compressor.state_cache
3610143255481267,3610143256009740,3610143256084901,3610143256361113,3610143256470533,3610143256485063,3610143256882156,3610143260413879,3610143260422609,1,10,80,4,model.layers.2.self_attn.indexer.k_cache
3610143261205684,3610143261435646,3610143261436996,3610143261437896,3610143261567867,3610143261585167,3610143261696408,3610143261768908,3610143261778668,0,10,80,4,model.layers.2.self_attn.attn
3610143262719234,3610143262945756,3610143262947146,3610143262948016,3610143263079867,3610143263097997,3610143263578070,3610143263581620,3610143263590270,0,10,80,128,model.layers.3.self_attn.attn
3610143264561337,3610143264789208,3610143264790498,3610143264791428,3610143264924369,3610143264942089,3610143265409462,3610143265412992,3610143265421282,0,10,80,1,model.layers.0.self_attn.swa_cache
3610143266371908,3610143266600460,3610143266601960,3610143266602850,3610143266733201,3610143266751091,3610143266857892,3610143266860232,3610143266869522,0,10,80,1,model.layers.1.self_attn.swa_cache
3610143267796008,3610143268040049,3610143268041459,3610143268042349,3610143268175830,3610143268193970,3610143268307091,3610143268309601,3610143268318341,0,10,80,1,model.layers.2.self_attn.compressor.state_cache
3610143269103376,3610143269348018,3610143269349478,3610143269350348,3610143269504899,3610143269516349,3610143269596060,3610143269598140,3610143269604380,0,10,80,1,model.layers.2.self_attn.indexer.compressor.state_cache
3610143270356315,3610143270523256,3610143270524176,3610143270524806,3610143270618656,3610143270630166,3610143270711027,3610143270712867,3610143270719167,0,10,80,1,model.layers.3.self_attn.compressor.state_cache
3610143345976682,3610143346526025,3610143346594566,3610143346915418,3610143347036749,3610143347051279,3610143347559852,3610143348015475,3610143348025025,1,11,8096,4,model.layers.2.self_attn.indexer.k_cache
3610143348770330,3610143348950191,3610143348951361,3610143348951941,3610143349049672,3610143349063372,3610143349147812,3610143349200713,3610143349207513,0,11,8096,4,model.layers.2.self_attn.attn
3610143349917317,3610143350086759,3610143350087849,3610143350088439,3610143350186159,3610143350199099,3610143350563432,3610143350566412,3610143350572512,0,11,8096,128,model.layers.3.self_attn.attn
3610143351292377,3610143351463658,3610143351464678,3610143351465238,3610143351561888,3610143351574168,3610143351931181,3610143351934691,3610143351941101,0,11,8096,1,model.layers.0.self_attn.swa_cache
3610143352690516,3610143352866187,3610143352867367,3610143352867937,3610143352968678,3610143352981628,3610143353061708,3610143353063498,3610143353070478,0,11,8096,1,model.layers.1.self_attn.swa_cache
3610143353784533,3610143353956434,3610143353957664,3610143353958274,3610143354058615,3610143354071945,3610143354153095,3610143354154985,3610143354161835,0,11,8096,1,model.layers.2.self_attn.compressor.state_cache
3610143354789989,3610143354956741,3610143354958341,3610143354958921,3610143355060541,3610143355073091,3610143355155012,3610143355157052,3610143355163792,0,11,8096,1,model.layers.2.self_attn.indexer.compressor.state_cache
3610143355917747,3610143356113418,3610143356114678,3610143356115378,3610143356213409,3610143356226189,3610143356308589,3610143356310579,3610143356317230,0,11,8096,1,model.layers.3.self_attn.compressor.state_cache
3610143822351442,3610143822889785,3610143822954776,3610143823242888,3610143823353378,3610143823367148,3610143823806921,3610143824258474,3610143824267544,1,11,416,4,model.layers.2.self_attn.indexer.k_cache
3610143824961439,3610143825126580,3610143825128100,3610143825128700,3610143825224801,3610143825237701,3610143825322581,3610143825373522,3610143825380842,0,11,416,4,model.layers.2.self_attn.attn
3610143826078236,3610143826244537,3610143826245577,3610143826246107,3610143826343558,3610143826356188,3610143826709450,3610143826712460,3610143826718721,0,11,416,128,model.layers.3.self_attn.attn
3610143827453945,3610143827627326,3610143827628456,3610143827629036,3610143827727357,3610143827739697,3610143828096870,3610143828100080,3610143828106730,0,11,416,1,model.layers.0.self_attn.swa_cache
3610143828813514,3610143828983035,3610143828984065,3610143828984575,3610143829081546,3610143829093686,3610143829174687,3610143829176737,3610143829183547,0,11,416,1,model.layers.1.self_attn.swa_cache
3610143829968242,3610143830127923,3610143830128973,3610143830129533,3610143830225574,3610143830237904,3610143830317494,3610143830319474,3610143830326324,0,11,416,1,model.layers.2.self_attn.compressor.state_cache
3610143830905148,3610143831077579,3610143831078799,3610143831079389,3610143831176880,3610143831188980,3610143831267840,3610143831270040,3610143831276680,0,11,416,1,model.layers.2.self_attn.indexer.compressor.state_cache
3610143832433378,3610143832605409,3610143832606369,3610143832607009,3610143832708040,3610143832720020,3610143832801160,3610143832803160,3610143832809721,0,11,416,1,model.layers.3.self_attn.compressor.state_cache
3610144259789965,3610144260343979,3610144260410129,3610144260700901,3610144260813972,3610144260828112,3610144261276515,3610144261722378,3610144261731408,1,12,4272,4,model.layers.2.self_attn.indexer.k_cache
3610144262434053,3610144262602974,3610144262604054,3610144262604694,3610144262701854,3610144262714905,3610144262797355,3610144262847765,3610144262855195,0,12,4272,4,model.layers.2.self_attn.attn
3610144263542350,3610144263707131,3610144263708151,3610144263708811,3610144263805162,3610144263817402,3610144264181424,3610144264184214,3610144264190134,0,12,4272,128,model.layers.3.self_attn.attn
3610144264888789,3610144265060300,3610144265061230,3610144265061880,3610144265158681,3610144265170451,3610144265518573,3610144265521313,3610144265527253,0,12,4272,1,model.layers.0.self_attn.swa_cache
3610144266229838,3610144266400069,3610144266401029,3610144266401649,3610144266501129,3610144266513630,3610144266593920,3610144266595940,3610144266602100,0,12,4272,1,model.layers.1.self_attn.swa_cache
3610144267287355,3610144267453636,3610144267454786,3610144267455486,3610144267553866,3610144267566036,3610144267645577,3610144267647277,3610144267653737,0,12,4272,1,model.layers.2.self_attn.compressor.state_cache
3610144268241901,3610144268412452,3610144268413542,3610144268414262,3610144268510273,3610144268522023,3610144268600603,3610144268602413,3610144268608783,0,12,4272,1,model.layers.2.self_attn.indexer.compressor.state_cache
3610144269332618,3610144269497749,3610144269498799,3610144269499459,3610144269596190,3610144269607610,3610144269688660,3610144269690540,3610144269696870,0,12,4272,1,model.layers.3.self_attn.compressor.state_cache
3610144685978095,3610144686805780,3610144686883551,3610144687192123,3610144687307524,3610144687323504,3610144687799217,3610144688904074,3610144688912224,1,12,96,4,model.layers.2.self_attn.indexer.k_cache
3610144689727100,3610144689898401,3610144689899391,3610144689899931,3610144689996081,3610144690009151,3610144690091232,3610144690141552,3610144690148382,0,12,96,4,model.layers.2.self_attn.attn
3610144690835237,3610144691001958,3610144691002918,3610144691003518,3610144691098679,3610144691111769,3610144691461621,3610144691464301,3610144691470291,0,12,96,128,model.layers.3.self_attn.attn
3610144692193526,3610144692363627,3610144692364637,3610144692365217,3610144692463277,3610144692475478,3610144692832790,3610144692835620,3610144692841380,0,12,96,1,model.layers.0.self_attn.swa_cache
3610144693546085,3610144693719286,3610144693720356,3610144693720956,3610144693817966,3610144693830176,3610144693910207,3610144693912217,3610144693918587,0,12,96,1,model.layers.1.self_attn.swa_cache
3610144694656442,3610144694831363,3610144694832493,3610144694833123,3610144694930884,3610144694943114,3610144695027714,3610144695029794,3610144695036304,0,12,96,1,model.layers.2.self_attn.compressor.state_cache
3610144695624088,3610144695792429,3610144695793449,3610144695794019,3610144695894110,3610144695906350,3610144695989501,3610144695991661,3610144695998181,0,12,96,1,model.layers.2.self_attn.indexer.compressor.state_cache
3610144696795366,3610144696967257,3610144696968487,3610144696969107,3610144697070018,3610144697082148,3610144697165758,3610144697167838,3610144697174368,0,12,96,1,model.layers.3.self_attn.compressor.state_cache
3610144757951387,3610144758488961,3610144758562881,3610144758857833,3610144758970224,3610144758985004,3610144759272896,3610144762761689,3610144762770069,1,12,96,4,model.layers.2.self_attn.indexer.k_cache
3610144763504704,3610144763670355,3610144763671565,3610144763672145,3610144763772916,3610144763785596,3610144763867506,3610144763919167,3610144763926637,0,12,96,4,model.layers.2.self_attn.attn
3610144764647731,3610144764815903,3610144764816923,3610144764817513,3610144764917183,3610144764930753,3610144765189785,3610144765192295,3610144765198685,0,12,96,128,model.layers.3.self_attn.attn
3610144765896300,3610144766069781,3610144766070931,3610144766071541,3610144766168611,3610144766181292,3610144766435193,3610144766437863,3610144766443673,0,12,96,1,model.layers.0.self_attn.swa_cache
3610144767136938,3610144767303619,3610144767304659,3610144767305299,3610144767401410,3610144767413040,3610144767493240,3610144767495290,3610144767502250,0,12,96,1,model.layers.1.self_attn.swa_cache
3610144768380636,3610144768608977,3610144768610477,3610144768611357,3610144768741408,3610144768757318,3610144768863209,3610144768865989,3610144768875079,0,12,96,1,model.layers.2.self_attn.compressor.state_cache
3610144769664824,3610144769896006,3610144769897586,3610144769898376,3610144770025997,3610144770042437,3610144770151278,3610144770153918,3610144770163258,0,12,96,1,model.layers.2.self_attn.indexer.compressor.state_cache
3610144771128244,3610144771350155,3610144771351695,3610144771352615,3610144771480056,3610144771496126,3610144771602207,3610144771604857,3610144771613807,0,12,96,1,model.layers.3.self_attn.compressor.state_cache
3610144826057935,3610144826573098,3610144826648509,3610144826915130,3610144827021631,3610144827036361,3610144827476184,3610144831112078,3610144831120058,1,12,96,4,model.layers.2.self_attn.indexer.k_cache
3610144831768872,3610144831939943,3610144831941043,3610144831941733,3610144832057944,3610144832070394,3610144832158595,3610144832215815,3610144832223415,0,12,96,4,model.layers.2.self_attn.attn
3610144832921970,3610144833087801,3610144833089021,3610144833089721,3610144833187111,3610144833200202,3610144833554934,3610144833557564,3610144833563584,0,12,96,128,model.layers.3.self_attn.attn
3610144834514770,3610144834762292,3610144834763902,3610144834764842,3610144834905523,3610144834924083,3610144835417106,3610144835421136,3610144835430026,0,12,96,1,model.layers.0.self_attn.swa_cache
3610144836452613,3610144836696105,3610144836697695,3610144836698635,3610144836837055,3610144836854276,3610144836970016,3610144836972846,3610144836981916,0,12,96,1,model.layers.1.self_attn.swa_cache
3610144837988863,3610144838241465,3610144838243085,3610144838244135,3610144838382936,3610144838400526,3610144838516346,3610144838519186,3610144838528397,0,12,96,1,model.layers.2.self_attn.compressor.state_cache
3610144839361022,3610144839604754,3610144839606514,3610144839607574,3610144839747915,3610144839765405,3610144839880065,3610144839882725,3610144839891905,0,12,96,1,model.layers.2.self_attn.indexer.compressor.state_cache
3610144840941482,3610144841181524,3610144841183104,3610144841184074,3610144841320065,3610144841336685,3610144841451096,3610144841454016,3610144841463066,0,12,96,1,model.layers.3.self_attn.compressor.state_cache
3610144894175282,3610144894695935,3610144894770916,3610144895033468,3610144895138728,3610144895152738,3610144895426290,3610144898629261,3610144898637711,1,12,96,4,model.layers.2.self_attn.indexer.k_cache
3610144899456867,3610144899685788,3610144899687288,3610144899688178,3610144899821089,3610144899839039,3610144899951840,3610144900049050,3610144900058911,0,12,96,4,model.layers.2.self_attn.attn
3610144901013157,3610144901238788,3610144901240218,3610144901241278,3610144901371389,3610144901389939,3610144901744572,3610144901748122,3610144901756012,0,12,96,128,model.layers.3.self_attn.attn
3610144902740508,3610144902969610,3610144902971080,3610144902971990,3610144903102601,3610144903122731,3610144903468523,3610144903471943,3610144903480023,0,12,96,1,model.layers.0.self_attn.swa_cache
3610144904459679,3610144904696961,3610144904698381,3610144904699291,3610144904829592,3610144904846162,3610144904966023,3610144904969083,3610144904978113,0,12,96,1,model.layers.1.self_attn.swa_cache
3610144905917949,3610144906160891,3610144906162391,3610144906163371,3610144906295192,3610144906311702,3610144906422392,3610144906425062,3610144906433952,0,12,96,1,model.layers.2.self_attn.compressor.state_cache
3610144907214338,3610144907449999,3610144907451069,3610144907451739,3610144907548400,3610144907560390,3610144907640550,3610144907642610,3610144907649070,0,12,96,1,model.layers.2.self_attn.indexer.compressor.state_cache
3610144908376595,3610144908548646,3610144908549626,3610144908550326,3610144908646877,3610144908658387,3610144908739108,3610144908740958,3610144908747278,0,12,96,1,model.layers.3.self_attn.compressor.state_cache
3610144961274542,3610144961792996,3610144961869826,3610144962130118,3610144962236489,3610144962250499,3610144962524561,3610144966337806,3610144966347096,1,12,96,4,model.layers.2.self_attn.indexer.k_cache
3610144967023750,3610144967202531,3610144967203691,3610144967204411,3610144967304902,3610144967319172,3610144967403673,3610144967455083,3610144967462763,0,12,96,4,model.layers.2.self_attn.attn
3610144968224008,3610144968418849,3610144968420009,3610144968420739,3610144968529610,3610144968544130,3610144968820652,3610144968823482,3610144968830342,0,12,96,128,model.layers.3.self_attn.attn
3610144969569147,3610144969745558,3610144969746798,3610144969747658,3610144969858039,3610144969870649,3610144970140501,3610144970142891,3610144970148911,0,12,96,1,model.layers.0.self_attn.swa_cache
3610144970871996,3610144971050247,3610144971051487,3610144971052197,3610144971153377,3610144971165987,3610144971249998,3610144971251878,3610144971258808,0,12,96,1,model.layers.1.self_attn.swa_cache
3610144971973583,3610144972175404,3610144972176754,3610144972177564,3610144972280655,3610144972292895,3610144972378045,3610144972380045,3610144972386975,0,12,96,1,model.layers.2.self_attn.compressor.state_cache
3610144973108860,3610144973287541,3610144973288691,3610144973289441,3610144973393152,3610144973406102,3610144973489043,3610144973491193,3610144973498263,0,12,96,1,model.layers.2.self_attn.indexer.compressor.state_cache
3610144974270148,3610144974451729,3610144974452849,3610144974453659,3610144974556230,3610144974568920,3610144974651280,3610144974653320,3610144974660180,0,12,96,1,model.layers.3.self_attn.compressor.state_cache
3610145029407360,3610145029913283,3610145029987574,3610145030252035,3610145030355166,3610145030368966,3610145030794829,3610145034535964,3610145034543724,1,12,96,4,model.layers.2.self_attn.indexer.k_cache
3610145035184108,3610145035356549,3610145035357619,3610145035358369,3610145035454010,3610145035466680,3610145035548040,3610145035596841,3610145035603831,0,12,96,4,model.layers.2.self_attn.attn
3610145036312505,3610145036483716,3610145036484806,3610145036485506,3610145036580277,3610145036592857,3610145036929379,3610145036931929,3610145036938019,0,12,96,128,model.layers.3.self_attn.attn
3610145037625384,3610145037790965,3610145037792015,3610145037792695,3610145037887626,3610145037899686,3610145038236338,3610145038239288,3610145038245358,0,12,96,1,model.layers.0.self_attn.swa_cache
3610145038957013,3610145039118114,3610145039119244,3610145039119954,3610145039216924,3610145039228954,3610145039305585,3610145039307585,3610145039313785,0,12,96,1,model.layers.1.self_attn.swa_cache
3610145039981659,3610145040248861,3610145040250181,3610145040251051,3610145040373532,3610145040389642,3610145040488803,3610145040491213,3610145040499063,0,12,96,1,model.layers.2.self_attn.compressor.state_cache
3610145041229187,3610145041436629,3610145041438019,3610145041438969,3610145041557790,3610145041572760,3610145041672540,3610145041675160,3610145041682920,0,12,96,1,model.layers.2.self_attn.indexer.compressor.state_cache
3610145042593216,3610145042801418,3610145042802518,3610145042803318,3610145042923239,3610145042937499,3610145043038759,3610145043041179,3610145043048829,0,12,96,1,model.layers.3.self_attn.compressor.state_cache
3610145096922393,3610145097432017,3610145097505097,3610145097768359,3610145097874209,3610145097888340,3610145098265802,3610145102078627,3610145102086527,1,12,96,4,model.layers.2.self_attn.indexer.k_cache
3610145102721141,3610145102888772,3610145102889842,3610145102890542,3610145102986963,3610145102999683,3610145103082034,3610145103132354,3610145103139074,0,12,96,4,model.layers.2.self_attn.attn
3610145103826779,3610145103992960,3610145103993980,3610145103994660,3610145104114480,3610145104127880,3610145104470733,3610145104473443,3610145104479363,0,12,96,128,model.layers.3.self_attn.attn
3610145105177687,3610145105348128,3610145105349319,3610145105349979,3610145105445199,3610145105457419,3610145105798121,3610145105800771,3610145105806802,0,12,96,1,model.layers.0.self_attn.swa_cache
3610145106508476,3610145106771528,3610145106773008,3610145106773928,3610145106904339,3610145106921189,3610145107030360,3610145107032950,3610145107041130,0,12,96,1,model.layers.1.self_attn.swa_cache
3610145107967436,3610145108221747,3610145108223377,3610145108224317,3610145108356598,3610145108373258,3610145108480819,3610145108483679,3610145108492009,0,12,96,1,model.layers.2.self_attn.compressor.state_cache
3610145109296544,3610145109519606,3610145109520896,3610145109521836,3610145109652587,3610145109668817,3610145109776258,3610145109778878,3610145109786908,0,12,96,1,model.layers.2.self_attn.indexer.compressor.state_cache
3610145110745844,3610145110976685,3610145110978355,3610145110979225,3610145111112376,3610145111129096,3610145111235547,3610145111238047,3610145111246497,0,12,96,1,model.layers.3.self_attn.compressor.state_cache
3610145168531703,3610145169098247,3610145169173658,3610145169464009,3610145169575340,3610145169589760,3610145170031653,3610145170775688,3610145170783848,1,12,96,4,model.layers.2.self_attn.indexer.k_cache
3610145171470823,3610145171643124,3610145171644214,3610145171644844,3610145171740684,3610145171753655,3610145171836915,3610145171887265,3610145171893865,0,12,96,4,model.layers.2.self_attn.attn
3610145172631050,3610145172802991,3610145172803991,3610145172804651,3610145172900082,3610145172913412,3610145173269734,3610145173272314,3610145173277955,0,12,96,128,model.layers.3.self_attn.attn
3610145173983119,3610145174150680,3610145174151810,3610145174152530,3610145174250111,3610145174261711,3610145174608933,3610145174611613,3610145174617563,0,12,96,1,model.layers.0.self_attn.swa_cache
3610145175319308,3610145175488799,3610145175490049,3610145175490729,3610145175588540,3610145175600560,3610145175680210,3610145175682100,3610145175688120,0,12,96,1,model.layers.1.self_attn.swa_cache
3610145176395325,3610145176561366,3610145176562436,3610145176563016,3610145176659247,3610145176671757,3610145176751967,3610145176753887,3610145176760027,0,12,96,1,model.layers.2.self_attn.compressor.state_cache
3610145177336621,3610145177498582,3610145177499752,3610145177500492,3610145177592683,3610145177604923,3610145177682373,3610145177684273,3610145177690394,0,12,96,1,model.layers.2.self_attn.indexer.compressor.state_cache
3610145178412458,3610145178577399,3610145178578479,3610145178579139,3610145178673430,3610145178684760,3610145178763991,3610145178765911,3610145178772011,0,12,96,1,model.layers.3.self_attn.compressor.state_cache
3610145232466213,3610145232980347,3610145233057607,3610145233319389,3610145233426799,3610145233440610,3610145233827242,3610145237631167,3610145237638987,1,12,96,4,model.layers.2.self_attn.indexer.k_cache
3610145238370442,3610145238616164,3610145238617584,3610145238618564,3610145238756194,3610145238774815,3610145238892315,3610145238965286,3610145238975076,0,12,96,4,model.layers.2.self_attn.attn
3610145239976202,3610145240252224,3610145240253654,3610145240254644,3610145240395325,3610145240414745,3610145240926279,3610145240930119,3610145240938589,0,12,96,128,model.layers.3.self_attn.attn
3610145241994836,3610145242238167,3610145242239617,3610145242240807,3610145242381198,3610145242398258,3610145242893612,3610145242897752,3610145242906292,0,12,96,1,model.layers.0.self_attn.swa_cache
3610145243906548,3610145244180530,3610145244182550,3610145244183570,3610145244325621,3610145244343171,3610145244461382,3610145244464252,3610145244473532,0,12,96,1,model.layers.1.self_attn.swa_cache
3610145245467319,3610145245703730,3610145245705490,3610145245706520,3610145245843521,3610145245860901,3610145245975942,3610145245978852,3610145245987922,0,12,96,1,model.layers.2.self_attn.compressor.state_cache
3610145246758487,3610145246924828,3610145246925708,3610145246926358,3610145247020729,3610145247032539,3610145247113829,3610145247115769,3610145247122209,0,12,96,1,model.layers.2.self_attn.indexer.compressor.state_cache
3610145247837844,3610145247998955,3610145248000005,3610145248012365,3610145248114066,3610145248125556,3610145248208887,3610145248211067,3610145248217417,0,12,96,1,model.layers.3.self_attn.compressor.state_cache
3610145306538440,3610145307060183,3610145307134353,3610145307414355,3610145307523246,3610145307536816,3610145307933729,3610145308687904,3610145308696214,1,12,96,4,model.layers.2.self_attn.indexer.k_cache
3610145309367958,3610145309542089,3610145309543259,3610145309543949,3610145309640850,3610145309653700,3610145309737101,3610145309788271,3610145309795551,0,12,96,4,model.layers.2.self_attn.attn
3610145310496545,3610145310659317,3610145310660407,3610145310661087,3610145310757737,3610145310770987,3610145311142120,3610145311144930,3610145311151050,0,12,96,128,model.layers.3.self_attn.attn
3610145311855134,3610145312038166,3610145312039336,3610145312040026,3610145312139406,3610145312151426,3610145312499099,3610145312501959,3610145312508289,0,12,96,1,model.layers.0.self_attn.swa_cache
3610145313214573,3610145313383964,3610145313384994,3610145313385654,3610145313480955,3610145313493085,3610145313574056,3610145313575966,3610145313582276,0,12,96,1,model.layers.1.self_attn.swa_cache
3610145314271830,3610145314441321,3610145314442441,3610145314443101,3610145314539922,3610145314552272,3610145314630423,3610145314632313,3610145314639063,0,12,96,1,model.layers.2.self_attn.compressor.state_cache
3610145315252917,3610145315419188,3610145315420368,3610145315421098,3610145315517398,3610145315528659,3610145315607789,3610145315609819,3610145315616009,0,12,96,1,model.layers.2.self_attn.indexer.compressor.state_cache
3610145316348864,3610145316517255,3610145316518455,3610145316519105,3610145316615876,3610145316628216,3610145316708086,3610145316709976,3610145316716166,0,12,96,1,model.layers.3.self_attn.compressor.state_cache
3610145372176990,3610145372705334,3610145372779844,3610145373062956,3610145373176607,3610145373190827,3610145373622440,3610145377477675,3610145377487805,1,12,96,4,model.layers.2.self_attn.indexer.k_cache
3610145378332471,3610145378556362,3610145378557742,3610145378558532,3610145378682293,3610145378698363,3610145378802584,3610145378866964,3610145378875354,0,12,96,4,model.layers.2.self_attn.attn
3610145379748280,3610145379957712,3610145379958842,3610145379959662,3610145380100993,3610145380117583,3610145380563806,3610145380567296,3610145380574976,0,12,96,128,model.layers.3.self_attn.attn
3610145381457381,3610145381670783,3610145381672143,3610145381673003,3610145381794404,3610145381809304,3610145382263897,3610145382267337,3610145382274397,0,12,96,1,model.layers.0.self_attn.swa_cache
3610145383157323,3610145383370714,3610145383371994,3610145383372844,3610145383494685,3610145383509815,3610145383610096,3610145383612456,3610145383620176,0,12,96,1,model.layers.1.self_attn.swa_cache
3610145384510991,3610145384721323,3610145384722733,3610145384723573,3610145384846594,3610145384861914,3610145384997105,3610145384999105,3610145385005265,0,12,96,1,model.layers.2.self_attn.compressor.state_cache
3610145385584819,3610145385747570,3610145385748580,3610145385749230,3610145385843570,3610145385855570,3610145385935431,3610145385937531,3610145385943601,0,12,96,1,model.layers.2.self_attn.indexer.compressor.state_cache
3610145386688266,3610145386855567,3610145386856567,3610145386857227,3610145386950998,3610145386962328,3610145387043028,3610145387044758,3610145387050818,0,12,96,1,model.layers.3.self_attn.compressor.state_cache
3610145440634180,3610145441151513,3610145441227734,3610145441506786,3610145441616836,3610145441631617,3610145442073559,3610145445722943,3610145445731103,1,12,96,4,model.layers.2.self_attn.indexer.k_cache
3610145446409498,3610145446580589,3610145446581719,3610145446582429,3610145446680780,3610145446693120,3610145446776920,3610145446826861,3610145446833701,0,12,96,4,model.layers.2.self_attn.attn
3610145447533615,3610145447710436,3610145447711436,3610145447712136,3610145447817757,3610145447831257,3610145448238120,3610145448240910,3610145448247040,0,12,96,128,model.layers.3.self_attn.attn
3610145448960615,3610145449134416,3610145449135566,3610145449136276,3610145449233796,3610145449246057,3610145449593869,3610145449596589,3610145449602549,0,12,96,1,model.layers.0.self_attn.swa_cache
3610145450387894,3610145450633576,3610145450635176,3610145450636056,3610145450773737,3610145450790907,3610145450904467,3610145450907137,3610145450916118,0,12,96,1,model.layers.1.self_attn.swa_cache
3610145451895474,3610145452162896,3610145452164656,3610145452165616,3610145452304567,3610145452321267,3610145452438248,3610145452441038,3610145452450248,0,12,96,1,model.layers.2.self_attn.compressor.state_cache
3610145453270733,3610145453514805,3610145453516395,3610145453517545,3610145453657816,3610145453676046,3610145453791966,3610145453794936,3610145453803676,0,12,96,1,model.layers.2.self_attn.indexer.compressor.state_cache
3610145454823833,3610145455063995,3610145455065405,3610145455066505,3610145455204566,3610145455221796,3610145455337327,3610145455339897,3610145455348587,0,12,96,1,model.layers.3.self_attn.compressor.state_cache
3610145510294547,3610145510866601,3610145510943092,3610145511299124,3610145511417725,3610145511432515,3610145511930698,3610145512688773,3610145512696713,1,12,96,4,model.layers.2.self_attn.indexer.k_cache
3610145513442448,3610145513609959,3610145513610919,3610145513611619,3610145513709330,3610145513722220,3610145513811780,3610145513866181,3610145513872941,0,12,96,4,model.layers.2.self_attn.attn
3610145514567215,3610145514731417,3610145514732417,3610145514733137,3610145514828267,3610145514841057,3610145515188700,3610145515191280,3610145515197070,0,12,96,128,model.layers.3.self_attn.attn
3610145515898934,3610145516092285,3610145516093415,3610145516093985,3610145516190516,3610145516202606,3610145516556918,3610145516559769,3610145516565489,0,12,96,1,model.layers.0.self_attn.swa_cache
3610145517266543,3610145517432464,3610145517433614,3610145517434194,3610145517531155,3610145517542805,3610145517623866,3610145517625816,3610145517631866,0,12,96,1,model.layers.1.self_attn.swa_cache
3610145518311120,3610145518475671,3610145518476681,3610145518477311,3610145518579522,3610145518591472,3610145518672252,3610145518674092,3610145518679932,0,12,96,1,model.layers.2.self_attn.compressor.state_cache
3610145519253616,3610145519421027,3610145519422177,3610145519422847,3610145519517848,3610145519529438,3610145519610029,3610145519611899,3610145519618069,0,12,96,1,model.layers.2.self_attn.indexer.compressor.state_cache
3610145520353253,3610145520516695,3610145520517725,3610145520518285,3610145520613845,3610145520626045,3610145520707416,3610145520709216,3610145520715266,0,12,96,1,model.layers.3.self_attn.compressor.state_cache
3610145573922485,3610145574440849,3610145574517019,3610145574789241,3610145574892802,3610145574907702,3610145575317714,3610145578561206,3610145578569116,1,12,96,4,model.layers.2.self_attn.indexer.k_cache
3610145579227320,3610145579398091,3610145579399061,3610145579399731,3610145579496752,3610145579509292,3610145579596932,3610145579650753,3610145579657833,0,12,96,4,model.layers.2.self_attn.attn
3610145580362517,3610145580537419,3610145580538499,3610145580539219,3610145580634949,3610145580648259,3610145581011972,3610145581014812,3610145581020532,0,12,96,128,model.layers.3.self_attn.attn
3610145581989368,3610145582217420,3610145582218830,3610145582219710,3610145582351741,3610145582368851,3610145582843854,3610145582847024,3610145582854864,0,12,96,1,model.layers.0.self_attn.swa_cache
3610145583839300,3610145584096722,3610145584098212,3610145584099102,3610145584232263,3610145584248413,3610145584360204,3610145584362884,3610145584371904,0,12,96,1,model.layers.1.self_attn.swa_cache
3610145585297580,3610145585527661,3610145585529051,3610145585530041,3610145585657222,3610145585674362,3610145585781903,3610145585784833,3610145585793083,0,12,96,1,model.layers.2.self_attn.compressor.state_cache
3610145586584818,3610145586819410,3610145586820780,3610145586821750,3610145586952151,3610145586968421,3610145587074892,3610145587077582,3610145587085882,0,12,96,1,model.layers.2.self_attn.indexer.compressor.state_cache
3610145588066858,3610145588301520,3610145588303020,3610145588303880,3610145588434840,3610145588451311,3610145588561541,3610145588564191,3610145588572561,0,12,96,1,model.layers.3.self_attn.compressor.state_cache
3610145641380578,3610145641898242,3610145641973512,3610145642555536,3610145642672587,3610145642686707,3610145642988389,3610145644534779,3610145644542649,1,12,96,4,model.layers.2.self_attn.indexer.k_cache
3610145645197943,3610145645364754,3610145645365754,3610145645366484,3610145645462915,3610145645475625,3610145645557206,3610145645606856,3610145645613596,0,12,96,4,model.layers.2.self_attn.attn
3610145646315581,3610145646486162,3610145646487062,3610145646487712,3610145646627693,3610145646641973,3610145646924905,3610145646927455,3610145646933885,0,12,96,128,model.layers.3.self_attn.attn
3610145647703050,3610145647891781,3610145647893011,3610145647893811,3610145648021562,3610145648037572,3610145648325524,3610145648328214,3610145648334794,0,12,96,1,model.layers.0.self_attn.swa_cache
3610145649098559,3610145649281420,3610145649282770,3610145649283500,3610145649390181,3610145649403131,3610145649491871,3610145649494111,3610145649501091,0,12,96,1,model.layers.1.self_attn.swa_cache
3610145650279257,3610145650462358,3610145650463628,3610145650464398,3610145650569568,3610145650582769,3610145650670749,3610145650672879,3610145650679749,0,12,96,1,model.layers.2.self_attn.compressor.state_cache
3610145651318943,3610145651502045,3610145651503195,3610145651503965,3610145651608695,3610145651621765,3610145651708976,3610145651711236,3610145651718326,0,12,96,1,model.layers.2.self_attn.indexer.compressor.state_cache
3610145652536011,3610145652718613,3610145652719803,3610145652720533,3610145652825133,3610145652838093,3610145652927264,3610145652929294,3610145652936314,0,12,96,1,model.layers.3.self_attn.compressor.state_cache
3610145706085043,3610145706616736,3610145706692157,3610145706971639,3610145707081989,3610145707096019,3610145707554462,3610145711154896,3610145711162596,1,12,96,4,model.layers.2.self_attn.indexer.k_cache
3610145711827441,3610145711997982,3610145711999082,3610145711999772,3610145712271103,3610145712289294,3610145712412184,3610145712484735,3610145712494575,0,12,96,4,model.layers.2.self_attn.attn
3610145713451911,3610145713681873,3610145713683243,3610145713684053,3610145713813144,3610145713831014,3610145714309357,3610145714313447,3610145714321827,0,12,96,128,model.layers.3.self_attn.attn
3610145715273853,3610145715504075,3610145715505475,3610145715506395,3610145715639836,3610145715656296,3610145716158769,3610145716162499,3610145716170639,0,12,96,1,model.layers.0.self_attn.swa_cache
3610145717119365,3610145717348347,3610145717349857,3610145717350787,3610145717480348,3610145717496068,3610145717604628,3610145717607268,3610145717615819,0,12,96,1,model.layers.1.self_attn.swa_cache
3610145718550535,3610145718771266,3610145718772636,3610145718773486,3610145718903337,3610145718920327,3610145719027098,3610145719029758,3610145719038128,0,12,96,1,model.layers.2.self_attn.compressor.state_cache
3610145719817663,3610145720158335,3610145720159855,3610145720160595,3610145720264056,3610145720276056,3610145720360887,3610145720362737,3610145720369137,0,12,96,1,model.layers.2.self_attn.indexer.compressor.state_cache
3610145721088971,3610145721256502,3610145721257642,3610145721258322,3610145721353873,3610145721365393,3610145721444324,3610145721446244,3610145721452304,0,12,96,1,model.layers.3.self_attn.compressor.state_cache
3610145774169390,3610145774701223,3610145774776244,3610145775047775,3610145775154676,3610145775168946,3610145775574209,3610145779136442,3610145779145802,1,12,96,4,model.layers.2.self_attn.indexer.k_cache
3610145779913597,3610145780147259,3610145780148509,3610145780149369,3610145780267240,3610145780282670,3610145780385750,3610145780450801,3610145780459261,0,12,96,4,model.layers.2.self_attn.attn
3610145781311187,3610145781517888,3610145781519078,3610145781519888,3610145781637329,3610145781653259,3610145782091702,3610145782095202,3610145782102412,0,12,96,128,model.layers.3.self_attn.attn
3610145782948517,3610145783157239,3610145783158609,3610145783159589,3610145783274959,3610145783290030,3610145783707432,3610145783710722,3610145783718252,0,12,96,1,model.layers.0.self_attn.swa_cache
3610145784581528,3610145784789399,3610145784790709,3610145784791539,3610145784907920,3610145784921850,3610145785017781,3610145785020341,3610145785027761,0,12,96,1,model.layers.1.self_attn.swa_cache
3610145785862906,3610145786033018,3610145786034038,3610145786034708,3610145786133448,3610145786145928,3610145786226429,3610145786228549,3610145786234569,0,12,96,1,model.layers.2.self_attn.compressor.state_cache
3610145786805123,3610145786970914,3610145786972194,3610145786972874,3610145787067764,3610145787079854,3610145787159745,3610145787161915,3610145787167825,0,12,96,1,model.layers.2.self_attn.indexer.compressor.state_cache
3610145787877300,3610145788060251,3610145788061561,3610145788062341,3610145788161341,3610145788172772,3610145788255832,3610145788257842,3610145788264122,0,12,96,1,model.layers.3.self_attn.compressor.state_cache
3610145841980555,3610145842510538,3610145842585759,3610145842863301,3610145842973351,3610145842988101,3610145843271803,3610145846946067,3610145846953767,1,12,96,4,model.layers.2.self_attn.indexer.k_cache
3610145847614282,3610145847783293,3610145847784433,3610145847785063,3610145847882643,3610145847895614,3610145847979084,3610145848047825,3610145848054725,0,12,96,4,model.layers.2.self_attn.attn
3610145848753699,3610145848923960,3610145848925030,3610145848925770,3610145849023281,3610145849036361,3610145849295133,3610145849297913,3610145849303743,0,12,96,128,model.layers.3.self_attn.attn
3610145849999167,3610145850168718,3610145850169748,3610145850170388,3610145850269549,3610145850281699,3610145850537971,3610145850540481,3610145850546341,0,12,96,1,model.layers.0.self_attn.swa_cache
3610145851239025,3610145851407877,3610145851408947,3610145851409657,3610145851503327,3610145851514777,3610145851650188,3610145851652998,3610145851673508,0,12,96,1,model.layers.1.self_attn.swa_cache
3610145852689465,3610145852928477,3610145852929917,3610145852931027,3610145853069248,3610145853086088,3610145853217098,3610145853219768,3610145853228709,0,12,96,1,model.layers.2.self_attn.compressor.state_cache
3610145854056634,3610145854300166,3610145854301586,3610145854302596,3610145854439976,3610145854457227,3610145854577347,3610145854580037,3610145854588787,0,12,96,1,model.layers.2.self_attn.indexer.compressor.state_cache
3610145855620464,3610145855861796,3610145855863306,3610145855864286,3610145856013587,3610145856033427,3610145856159228,3610145856162568,3610145856172098,0,12,96,1,model.layers.3.self_attn.compressor.state_cache
3610145913345573,3610145913869047,3610145913944847,3610145914217019,3610145914325200,3610145914339520,3610145914800043,3610145918466387,3610145918474197,1,12,96,4,model.layers.2.self_attn.indexer.k_cache
3610145919122411,3610145919293252,3610145919294352,3610145919295032,3610145919391993,3610145919405603,3610145919488393,3610145919538284,3610145919545354,0,12,96,4,model.layers.2.self_attn.attn
3610145920261018,3610145920435760,3610145920436860,3610145920437500,3610145920535200,3610145920548270,3610145920900353,3610145920903093,3610145920909283,0,12,96,128,model.layers.3.self_attn.attn
3610145921640708,3610145921812569,3610145921813509,3610145921814179,3610145921910639,3610145921923269,3610145922280922,3610145922283832,3610145922289932,0,12,96,1,model.layers.0.self_attn.swa_cache
3610145923003816,3610145923176728,3610145923177758,3610145923178388,3610145923272998,3610145923285588,3610145923367489,3610145923369469,3610145923375859,0,12,96,1,model.layers.1.self_attn.swa_cache
3610145924194104,3610145924417186,3610145924418566,3610145924419446,3610145924548907,3610145924564187,3610145924666667,3610145924668837,3610145924676887,0,12,96,1,model.layers.2.self_attn.compressor.state_cache
3610145925410322,3610145925621754,3610145925623074,3610145925623934,3610145925742694,3610145925758135,3610145925858055,3610145925860615,3610145925868415,0,12,96,1,model.layers.2.self_attn.indexer.compressor.state_cache
3610145926782501,3610145926994733,3610145926995983,3610145926996823,3610145927115833,3610145927130844,3610145927231984,3610145927234544,3610145927242244,0,12,96,1,model.layers.3.self_attn.compressor.state_cache
3610145985679008,3610145986219821,3610145986299412,3610145986616424,3610145986734845,3610145986751415,3610145987260498,3610145989642284,3610145989650194,1,10,80,4,model.layers.2.self_attn.indexer.k_cache
3610145990379319,3610145990549380,3610145990550320,3610145990550950,3610145990647740,3610145990660941,3610145990744301,3610145990797911,3610145990804851,0,10,80,4,model.layers.2.self_attn.attn
3610145991496016,3610145991670647,3610145991671687,3610145991672337,3610145991766978,3610145991780108,3610145992147270,3610145992150210,3610145992156050,0,10,80,128,model.layers.3.self_attn.attn
3610145992846475,3610145993011356,3610145993012416,3610145993013036,3610145993108057,3610145993119927,3610145993474679,3610145993477329,3610145993483219,0,10,80,1,model.layers.0.self_attn.swa_cache
3610145994176234,3610145994345735,3610145994346725,3610145994347305,3610145994441775,3610145994453895,3610145994531686,3610145994533486,3610145994539636,0,10,80,1,model.layers.1.self_attn.swa_cache
3610145995225290,3610145995392332,3610145995393342,3610145995393892,3610145995489802,3610145995501672,3610145995580593,3610145995582553,3610145995588793,0,10,80,1,model.layers.2.self_attn.compressor.state_cache
3610145996190857,3610145996362948,3610145996364078,3610145996364728,3610145996466129,3610145996478199,3610145996558079,3610145996560409,3610145996566739,0,10,80,1,model.layers.2.self_attn.indexer.compressor.state_cache
3610145997296104,3610145997468055,3610145997469245,3610145997469775,3610145997564856,3610145997577586,3610145997656746,3610145997658796,3610145997665316,0,10,80,1,model.layers.3.self_attn.compressor.state_cache
3610146054334868,3610146055250854,3610146055332665,3610146055712777,3610146055842908,3610146055861368,3610146056415812,3610146057216647,3610146057225797,1,9,72,4,model.layers.2.self_attn.indexer.k_cache
3610146057947972,3610146058121663,3610146058122593,3610146058123203,3610146058221664,3610146058234474,3610146058317275,3610146058370225,3610146058377285,0,9,72,4,model.layers.2.self_attn.attn
3610146059071630,3610146059241781,3610146059242921,3610146059243511,3610146059339971,3610146059352841,3610146059706184,3610146059709184,3610146059715524,0,9,72,128,model.layers.3.self_attn.attn
3610146060433138,3610146060601370,3610146060602460,3610146060603050,3610146060698520,3610146060710770,3610146061053773,3610146061056593,3610146061062593,0,9,72,1,model.layers.0.self_attn.swa_cache
3610146061762167,3610146061934598,3610146061935738,3610146061936428,3610146062032609,3610146062044219,3610146062124180,3610146062126060,3610146062132710,0,9,72,1,model.layers.1.self_attn.swa_cache
3610146062818354,3610146062984685,3610146062985795,3610146062986365,3610146063080026,3610146063092216,3610146063171036,3610146063172976,3610146063179576,0,9,72,1,model.layers.2.self_attn.compressor.state_cache
3610146063753990,3610146063923651,3610146063924661,3610146063925241,3610146064031212,3610146064044632,3610146064126333,3610146064128163,3610146064134793,0,9,72,1,model.layers.2.self_attn.indexer.compressor.state_cache
3610146064856617,3610146065024149,3610146065025379,3610146065026049,3610146065119939,3610146065131499,3610146065211350,3610146065213260,3610146065219490,0,9,72,1,model.layers.3.self_attn.compressor.state_cache
3610146121373858,3610146121964942,3610146122041603,3610146122373005,3610146122493396,3610146122508426,3610146123020239,3610146124058816,3610146124069586,1,8,64,4,model.layers.2.self_attn.indexer.k_cache
3610146124817891,3610146124991282,3610146124992642,3610146124993372,3610146125096933,3610146125110743,3610146125195623,3610146125250314,3610146125257524,0,8,64,4,model.layers.2.self_attn.attn
3610146125968099,3610146126142470,3610146126143580,3610146126144130,3610146126241070,3610146126254450,3610146126618523,3610146126621473,3610146126627743,0,8,64,128,model.layers.3.self_attn.attn
3610146127333358,3610146127501539,3610146127502619,3610146127503229,3610146127604169,3610146127616959,3610146127967542,3610146127970462,3610146127977032,0,8,64,1,model.layers.0.self_attn.swa_cache
3610146128703317,3610146128878208,3610146128879368,3610146128879938,3610146128978158,3610146128990568,3610146129072139,3610146129073899,3610146129080469,0,8,64,1,model.layers.1.self_attn.swa_cache
3610146129885614,3610146130056585,3610146130057755,3610146130058315,3610146130158346,3610146130170746,3610146130251337,3610146130253157,3610146130259437,0,8,64,1,model.layers.2.self_attn.compressor.state_cache
3610146130847161,3610146131019042,3610146131020222,3610146131020732,3610146131119432,3610146131132202,3610146131214123,3610146131216073,3610146131222633,0,8,64,1,model.layers.2.self_attn.indexer.compressor.state_cache
3610146132077619,3610146132248180,3610146132249310,3610146132249860,3610146132349090,3610146132361171,3610146132441111,3610146132443101,3610146132450391,0,8,64,1,model.layers.3.self_attn.compressor.state_cache
3610146254877985,3610146255465338,3610146255544879,3610146255897271,3610146256037342,3610146256052972,3610146256560766,3610146257302371,3610146257310851,1,8,64,4,model.layers.2.self_attn.indexer.k_cache
3610146258018695,3610146258191556,3610146258193046,3610146258193646,3610146258289387,3610146258303067,3610146258385188,3610146258439018,3610146258446398,0,8,64,4,model.layers.2.self_attn.attn
3610146259127812,3610146259298474,3610146259299574,3610146259300244,3610146259393064,3610146259406304,3610146259746867,3610146259749557,3610146259755397,0,8,64,128,model.layers.3.self_attn.attn
3610146260466591,3610146260635082,3610146260636602,3610146260637212,3610146260730603,3610146260742663,3610146261070795,3610146261073465,3610146261079145,0,8,64,1,model.layers.0.self_attn.swa_cache
3610146261764230,3610146261931331,3610146261932381,3610146261932951,3610146262026802,3610146262038232,3610146262114512,3610146262116342,3610146262122642,0,8,64,1,model.layers.1.self_attn.swa_cache
3610146262790927,3610146262957608,3610146262958768,3610146262959478,3610146263052918,3610146263064848,3610146263142339,3610146263144289,3610146263150339,0,8,64,1,model.layers.2.self_attn.compressor.state_cache
3610146263742563,3610146263909224,3610146263910434,3610146263911064,3610146264016985,3610146264030135,3610146264109575,3610146264111435,3610146264117915,0,8,64,1,model.layers.2.self_attn.indexer.compressor.state_cache
3610146264821180,3610146264987251,3610146264988541,3610146264989051,3610146265080862,3610146265091992,3610146265168112,3610146265170032,3610146265176112,0,8,64,1,model.layers.3.self_attn.compressor.state_cache
3610146326930267,3610146327490461,3610146327556182,3610146327882784,3610146327999805,3610146328025535,3610146328531708,3610146328964211,3610146328973281,1,9,4248,4,model.layers.2.self_attn.indexer.k_cache
3610146329714826,3610146329889977,3610146329891047,3610146329891667,3610146329998398,3610146330011558,3610146330093738,3610146330144119,3610146330151069,0,9,4248,4,model.layers.2.self_attn.attn
3610146330855763,3610146331022224,3610146331023274,3610146331023834,3610146331122835,3610146331135115,3610146331509478,3610146331512388,3610146331518398,0,9,4248,128,model.layers.3.self_attn.attn
3610146332246632,3610146332417443,3610146332418614,3610146332419314,3610146332519854,3610146332532164,3610146332883377,3610146332886537,3610146332892537,0,9,4248,1,model.layers.0.self_attn.swa_cache
3610146333641242,3610146333815853,3610146333817093,3610146333817633,3610146333915073,3610146333926723,3610146334005264,3610146334007214,3610146334014054,0,9,4248,1,model.layers.1.self_attn.swa_cache
3610146334817359,3610146334978490,3610146334979620,3610146334980230,3610146335078361,3610146335090691,3610146335171192,3610146335173122,3610146335179672,0,9,4248,1,model.layers.2.self_attn.compressor.state_cache
3610146335765115,3610146335934207,3610146335935307,3610146335935947,3610146336042897,3610146336056527,3610146336139078,3610146336140948,3610146336147368,0,9,4248,1,model.layers.2.self_attn.indexer.compressor.state_cache
3610146336979553,3610146337144735,3610146337146035,3610146337146755,3610146337248305,3610146337260765,3610146337342026,3610146337343926,3610146337350396,0,9,4248,1,model.layers.3.self_attn.compressor.state_cache
3610146751793496,3610146752321829,3610146752397630,3610146752675871,3610146752785432,3610146752799902,3610146753213035,3610146769450461,3610146769458942,1,9,72,4,model.layers.2.self_attn.indexer.k_cache
3610146770185516,3610146770355847,3610146770357037,3610146770357637,3610146770455008,3610146770468178,3610146770550479,3610146770600439,3610146770607659,0,9,72,4,model.layers.2.self_attn.attn
3610146771298944,3610146771468555,3610146771469595,3610146771470265,3610146771564755,3610146771577885,3610146771931588,3610146771934278,3610146771940538,0,9,72,128,model.layers.3.self_attn.attn
3610146772659583,3610146772828694,3610146772829774,3610146772830294,3610146772925314,3610146772937384,3610146773285977,3610146773288857,3610146773294947,0,9,72,1,model.layers.0.self_attn.swa_cache
3610146773978631,3610146774146602,3610146774147572,3610146774148252,3610146774285823,3610146774302523,3610146774412804,3610146774415264,3610146774424504,0,9,72,1,model.layers.1.self_attn.swa_cache
3610146775336640,3610146775564992,3610146775566312,3610146775567162,3610146775696302,3610146775712273,3610146775818983,3610146775821253,3610146775829933,0,9,72,1,model.layers.2.self_attn.compressor.state_cache
3610146776628109,3610146776857030,3610146776858430,3610146776859350,3610146776986451,3610146777002771,3610146777110502,3610146777113052,3610146777121732,0,9,72,1,model.layers.2.self_attn.indexer.compressor.state_cache
3610146778087598,3610146778314680,3610146778316150,3610146778317050,3610146778445450,3610146778461341,3610146778572871,3610146778575601,3610146778584111,0,9,72,1,model.layers.3.self_attn.compressor.state_cache
3610146843100945,3610146843630248,3610146843694959,3610146843997570,3610146844126711,3610146844141231,3610146844610915,3610146845040797,3610146845048977,1,11,8096,4,model.layers.2.self_attn.indexer.k_cache
3610146845749262,3610146845916603,3610146845917693,3610146845918333,3610146846012924,3610146846024884,3610146846106534,3610146846158565,3610146846165365,0,11,8096,4,model.layers.2.self_attn.attn
3610146846843619,3610146847012450,3610146847013470,3610146847014150,3610146847108731,3610146847121141,3610146847481633,3610146847484183,3610146847490023,0,11,8096,128,model.layers.3.self_attn.attn
3610146848239068,3610146848413039,3610146848414239,3610146848414909,3610146848519620,3610146848531920,3610146848888643,3610146848891553,3610146848897403,0,11,8096,1,model.layers.0.self_attn.swa_cache
3610146849591367,3610146849757578,3610146849758578,3610146849759188,3610146849855109,3610146849866969,3610146849948640,3610146849950340,3610146849956350,0,11,8096,1,model.layers.1.self_attn.swa_cache
3610146850633374,3610146850798745,3610146850799795,3610146850800455,3610146850897206,3610146850908896,3610146850987616,3610146850989626,3610146850995606,0,11,8096,1,model.layers.2.self_attn.compressor.state_cache
3610146851562710,3610146851728511,3610146851729591,3610146851730241,3610146851825072,3610146851837032,3610146851912932,3610146851914802,3610146851921062,0,11,8096,1,model.layers.2.self_attn.indexer.compressor.state_cache
3610146852650067,3610146852818558,3610146852819728,3610146852820378,3610146852915139,3610146852927219,3610146853005650,3610146853007480,3610146853013640,0,11,8096,1,model.layers.3.self_attn.compressor.state_cache
3610147327727374,3610147328279347,3610147328345018,3610147328643220,3610147328758821,3610147328772651,3610147329231694,3610147329681337,3610147329690377,1,12,4600,4,model.layers.2.self_attn.indexer.k_cache
3610147330393471,3610147330565042,3610147330566132,3610147330566782,3610147330664783,3610147330677563,3610147330758234,3610147330806354,3610147330813744,0,12,4600,4,model.layers.2.self_attn.attn
3610147331506069,3610147331676280,3610147331677380,3610147331678050,3610147331772990,3610147331785580,3610147332151143,3610147332154153,3610147332160553,0,12,4600,128,model.layers.3.self_attn.attn
3610147332858277,3610147333032689,3610147333033779,3610147333034419,3610147333131249,3610147333144739,3610147333494682,3610147333497402,3610147333503722,0,12,4600,1,model.layers.0.self_attn.swa_cache
3610147334201016,3610147334370927,3610147334371967,3610147334372657,3610147334473818,3610147334485958,3610147334565799,3610147334567689,3610147334574299,0,12,4600,1,model.layers.1.self_attn.swa_cache
3610147335359314,3610147335526225,3610147335527385,3610147335528025,3610147335623786,3610147335636186,3610147335717356,3610147335719336,3610147335726186,0,12,4600,1,model.layers.2.self_attn.compressor.state_cache
3610147336314010,3610147336484471,3610147336485491,3610147336486171,3610147336584092,3610147336596142,3610147336677533,3610147336679453,3610147336686033,0,12,4600,1,model.layers.2.self_attn.indexer.compressor.state_cache
3610147337919501,3610147338092472,3610147338093442,3610147338094122,3610147338199823,3610147338212413,3610147338297703,3610147338300073,3610147338306453,0,12,4600,1,model.layers.3.self_attn.compressor.state_cache
3610147773386987,3610147773922981,3610147773999931,3610147774272323,3610147774408934,3610147774423934,3610147774844037,3610147775613972,3610147775621672,1,12,96,4,model.layers.2.self_attn.indexer.k_cache
3610147776424037,3610147776608188,3610147776609338,3610147776609938,3610147776707769,3610147776720789,3610147776805509,3610147776857750,3610147776864500,0,12,96,4,model.layers.2.self_attn.attn
3610147777559334,3610147777725016,3610147777725986,3610147777726566,3610147777821076,3610147777834336,3610147778192729,3610147778195469,3610147778201479,0,12,96,128,model.layers.3.self_attn.attn
3610147778899343,3610147779070654,3610147779071574,3610147779072194,3610147779167465,3610147779179575,3610147779530927,3610147779533617,3610147779539217,0,12,96,1,model.layers.0.self_attn.swa_cache
3610147780271912,3610147780438083,3610147780439003,3610147780439643,3610147780536484,3610147780548314,3610147780630815,3610147780632655,3610147780639095,0,12,96,1,model.layers.1.self_attn.swa_cache
3610147781318749,3610147781488930,3610147781490020,3610147781490620,3610147781585841,3610147781598011,3610147781676341,3610147781678101,3610147781684211,0,12,96,1,model.layers.2.self_attn.compressor.state_cache
3610147782252685,3610147782416666,3610147782417586,3610147782418186,3610147782510557,3610147782521927,3610147782601727,3610147782603608,3610147782609718,0,12,96,1,model.layers.2.self_attn.indexer.compressor.state_cache
3610147783344062,3610147783507943,3610147783508933,3610147783509523,3610147783603824,3610147783615634,3610147783696165,3610147783697855,3610147783704055,0,12,96,1,model.layers.3.self_attn.compressor.state_cache
3610147843473587,3610147844025900,3610147844103651,3610147844418843,3610147844537134,3610147844551984,3610147844875896,3610147848136737,3610147848148147,1,11,88,4,model.layers.2.self_attn.indexer.k_cache
3610147849075333,3610147849311485,3610147849313335,3610147849314265,3610147849466756,3610147849484996,3610147849595827,3610147849666887,3610147849676487,0,11,88,4,model.layers.2.self_attn.attn
3610147850594193,3610147850808945,3610147850810275,3610147850811115,3610147850949016,3610147850966416,3610147851345478,3610147851348928,3610147851356288,0,11,88,128,model.layers.3.self_attn.attn
3610147852330235,3610147852542626,3610147852544086,3610147852544936,3610147852673847,3610147852690077,3610147853038259,3610147853041779,3610147853048809,0,11,88,1,model.layers.0.self_attn.swa_cache
3610147853972625,3610147854187547,3610147854188957,3610147854189797,3610147854310798,3610147854326388,3610147854423618,3610147854426188,3610147854434389,0,11,88,1,model.layers.1.self_attn.swa_cache
3610147855307574,3610147855525676,3610147855527206,3610147855528046,3610147855649416,3610147855664717,3610147855763067,3610147855765577,3610147855773547,0,11,88,1,model.layers.2.self_attn.compressor.state_cache
3610147856534582,3610147856700833,3610147856702063,3610147856702703,3610147856796684,3610147856808694,3610147856885185,3610147856887015,3610147856893755,0,11,88,1,model.layers.2.self_attn.indexer.compressor.state_cache
3610147857641730,3610147857817111,3610147857818341,3610147857818941,3610147857923301,3610147857937441,3610147858021802,3610147858023942,3610147858031452,0,11,88,1,model.layers.3.self_attn.compressor.state_cache
3610147913126143,3610147913729367,3610147913807498,3610147914175380,3610147914292191,3610147914307381,3610147914818744,3610147915591220,3610147915599530,1,11,88,4,model.layers.2.self_attn.indexer.k_cache
3610147916346214,3610147916515376,3610147916516526,3610147916517096,3610147916615946,3610147916629356,3610147916711307,3610147916762447,3610147916769427,0,11,88,4,model.layers.2.self_attn.attn
3610147917494912,3610147917665953,3610147917666983,3610147917667613,3610147917764854,3610147917778254,3610147918139536,3610147918142786,3610147918149426,0,11,88,128,model.layers.3.self_attn.attn
3610147918859581,3610147919033272,3610147919034392,3610147919035112,3610147919131813,3610147919145213,3610147919508635,3610147919511505,3610147919517415,0,11,88,1,model.layers.0.self_attn.swa_cache
3610147920248210,3610147920421911,3610147920423101,3610147920423761,3610147920524662,3610147920537082,3610147920617692,3610147920619482,3610147920626133,0,11,88,1,model.layers.1.self_attn.swa_cache
3610147921323287,3610147921495318,3610147921496498,3610147921497118,3610147921599629,3610147921612239,3610147921694360,3610147921696500,3610147921702970,0,11,88,1,model.layers.2.self_attn.compressor.state_cache
3610147922295773,3610147922467215,3610147922468265,3610147922468855,3610147922570465,3610147922582125,3610147922662266,3610147922664166,3610147922670656,0,11,88,1,model.layers.2.self_attn.indexer.compressor.state_cache
3610147923400681,3610147923567312,3610147923568442,3610147923569102,3610147923665732,3610147923677923,3610147923758863,3610147923760733,3610147923767693,0,11,88,1,model.layers.3.self_attn.compressor.state_cache
3610147980775037,3610147981322341,3610147981398341,3610147981712323,3610147981836454,3610147981850364,3610147982356237,3610147983125442,3610147983133812,1,10,80,4,model.layers.2.self_attn.indexer.k_cache
3610147983862467,3610147984053628,3610147984054738,3610147984055428,3610147984155049,3610147984168629,3610147984254440,3610147984309250,3610147984316070,0,10,80,4,model.layers.2.self_attn.attn
3610147985010375,3610147985174346,3610147985175366,3610147985176046,3610147985273076,3610147985286547,3610147985663119,3610147985665919,3610147985672339,0,10,80,128,model.layers.3.self_attn.attn
3610147986415274,3610147986584905,3610147986586105,3610147986586715,3610147986687806,3610147986700626,3610147987059878,3610147987062928,3610147987069108,0,10,80,1,model.layers.0.self_attn.swa_cache
3610147987768383,3610147987934924,3610147987935894,3610147987936524,3610147988045255,3610147988058815,3610147988143235,3610147988145155,3610147988151815,0,10,80,1,model.layers.1.self_attn.swa_cache
3610147988841070,3610147989007111,3610147989008211,3610147989008941,3610147989105232,3610147989116902,3610147989198592,3610147989200532,3610147989206812,0,10,80,1,model.layers.2.self_attn.compressor.state_cache
3610147989784956,3610147989953897,3610147989954967,3610147989955607,3610147990052298,3610147990064298,3610147990143678,3610147990145758,3610147990152168,0,10,80,1,model.layers.2.self_attn.indexer.compressor.state_cache
3610147990871773,3610147991040394,3610147991041484,3610147991042044,3610147991137575,3610147991149625,3610147991232676,3610147991234736,3610147991241116,0,10,80,1,model.layers.3.self_attn.compressor.state_cache
3610148047316473,3610148047877997,3610148047955747,3610148048314120,3610148048440471,3610148048458051,3610148049003184,3610148049819590,3610148049828650,1,10,80,4,model.layers.2.self_attn.indexer.k_cache
3610148050578975,3610148050751486,3610148050752586,3610148050753296,3610148050856536,3610148050870377,3610148050952997,3610148051002327,3610148051009037,0,10,80,4,model.layers.2.self_attn.attn
3610148051713532,3610148051884073,3610148051885213,3610148051885833,3610148051981214,3610148051994664,3610148052413167,3610148052416027,3610148052422087,0,10,80,128,model.layers.3.self_attn.attn
3610148053161772,3610148053338693,3610148053339873,3610148053340503,3610148053437433,3610148053450183,3610148053802826,3610148053805636,3610148053811726,0,10,80,1,model.layers.0.self_attn.swa_cache
3610148054509170,3610148054677342,3610148054678512,3610148054679082,3610148054773392,3610148054785752,3610148054864873,3610148054866773,3610148054873133,0,10,80,1,model.layers.1.self_attn.swa_cache
3610148055550737,3610148055718968,3610148055720048,3610148055720658,3610148055816399,3610148055828419,3610148055907810,3610148055909650,3610148055916050,0,10,80,1,model.layers.2.self_attn.compressor.state_cache
3610148056515864,3610148056685335,3610148056686565,3610148056687115,3610148056790745,3610148056803615,3610148056886096,3610148056888136,3610148056895106,0,10,80,1,model.layers.2.self_attn.indexer.compressor.state_cache
3610148057678681,3610148057849162,3610148057850322,3610148057851002,3610148057949913,3610148057962063,3610148058040604,3610148058042664,3610148058049134,0,10,80,1,model.layers.3.self_attn.compressor.state_cache
3610148111934877,3610148112480071,3610148112555891,3610148112837573,3610148112946454,3610148112960914,3610148113386397,3610148114131111,3610148114139151,1,10,80,4,model.layers.2.self_attn.indexer.k_cache
3610148114825346,3610148114993017,3610148114993967,3610148114994687,3610148115092598,3610148115105088,3610148115188358,3610148115241219,3610148115247929,0,10,80,4,model.layers.2.self_attn.attn
3610148115935803,3610148116121904,3610148116122964,3610148116123634,3610148116219895,3610148116233355,3610148116589868,3610148116592568,3610148116598638,0,10,80,128,model.layers.3.self_attn.attn
3610148117305072,3610148117473833,3610148117474903,3610148117475643,3610148117570434,3610148117582244,3610148117938056,3610148117940526,3610148117946726,0,10,80,1,model.layers.0.self_attn.swa_cache
3610148118650191,3610148118856462,3610148118857722,3610148118858322,3610148118959333,3610148118972313,3610148119052584,3610148119054244,3610148119060824,0,10,80,1,model.layers.1.self_attn.swa_cache
3610148119747048,3610148119912309,3610148119913299,3610148119914069,3610148120025610,3610148120039800,3610148120123821,3610148120125621,3610148120131931,0,10,80,1,model.layers.2.self_attn.compressor.state_cache
3610148120715355,3610148120882046,3610148120883136,3610148120883766,3610148120978796,3610148120991036,3610148121069137,3610148121071197,3610148121077167,0,10,80,1,model.layers.2.self_attn.indexer.compressor.state_cache
3610148121799122,3610148121963103,3610148121964243,3610148121964833,3610148122062213,3610148122074333,3610148122152494,3610148122154364,3610148122160534,0,10,80,1,model.layers.3.self_attn.compressor.state_cache
3610148177971910,3610148178877856,3610148178960956,3610148179338989,3610148179460810,3610148179475860,3610148179994703,3610148180796599,3610148180804849,1,9,72,4,model.layers.2.self_attn.indexer.k_cache
3610148181517563,3610148181691094,3610148181692114,3610148181692714,3610148181788815,3610148181801945,3610148181887676,3610148181941556,3610148181948326,0,9,72,4,model.layers.2.self_attn.attn
3610148182639381,3610148182807582,3610148182808552,3610148182809192,3610148182903422,3610148182915742,3610148183274805,3610148183277425,3610148183283345,0,9,72,128,model.layers.3.self_attn.attn
3610148183974949,3610148184193501,3610148184194661,3610148184195281,3610148184291881,3610148184303722,3610148184648354,3610148184650744,3610148184656784,0,9,72,1,model.layers.0.self_attn.swa_cache
3610148185356888,3610148185526630,3610148185527650,3610148185528260,3610148185626240,3610148185638400,3610148185719081,3610148185721141,3610148185727411,0,9,72,1,model.layers.1.self_attn.swa_cache
3610148186436596,3610148186607007,3610148186608067,3610148186608747,3610148186702027,3610148186713637,3610148186792758,3610148186794648,3610148186801088,0,9,72,1,model.layers.2.self_attn.compressor.state_cache
3610148187369952,3610148187535663,3610148187536633,3610148187537203,3610148187634153,3610148187645583,3610148187722614,3610148187724594,3610148187730864,0,9,72,1,model.layers.2.self_attn.indexer.compressor.state_cache
3610148188460139,3610148188633090,3610148188633990,3610148188634560,3610148188731821,3610148188743271,3610148188822301,3610148188824141,3610148188830441,0,9,72,1,model.layers.3.self_attn.compressor.state_cache
3610148256937288,3610148257486031,3610148257553682,3610148257874484,3610148257995255,3610148258009185,3610148258538338,3610148258991901,3610148259001311,1,9,4248,4,model.layers.2.self_attn.indexer.k_cache
3610148259729416,3610148259898407,3610148259899597,3610148259900197,3610148259999628,3610148260025378,3610148260111919,3610148260168469,3610148260175489,0,9,4248,4,model.layers.2.self_attn.attn
3610148260896424,3610148261070195,3610148261071315,3610148261071865,3610148261171476,3610148261185446,3610148261583898,3610148261587178,3610148261593898,0,9,4248,128,model.layers.3.self_attn.attn
3610148262341553,3610148262511234,3610148262512324,3610148262512974,3610148262613135,3610148262625575,3610148262984157,3610148262987267,3610148262993588,0,9,4248,1,model.layers.0.self_attn.swa_cache
3610148263698722,3610148263865593,3610148263866743,3610148263867253,3610148263963464,3610148263975994,3610148264074905,3610148264076815,3610148264083845,0,9,4248,1,model.layers.1.self_attn.swa_cache
3610148264765149,3610148264936890,3610148264938060,3610148264938640,3610148265035601,3610148265048021,3610148265127992,3610148265129822,3610148265136112,0,9,4248,1,model.layers.2.self_attn.compressor.state_cache
3610148265711145,3610148265874706,3610148265875886,3610148265876476,3610148265969777,3610148265981657,3610148266062198,3610148266064038,3610148266070238,0,9,4248,1,model.layers.2.self_attn.indexer.compressor.state_cache
3610148266796782,3610148266969734,3610148266971004,3610148266971604,3610148267064724,3610148267076844,3610148267155205,3610148267157375,3610148267164225,0,9,4248,1,model.layers.3.self_attn.compressor.state_cache
3610148675341141,3610148675857465,3610148675931215,3610148676214217,3610148676326768,3610148676340948,3610148676773581,3610148687322030,3610148687330050,1,9,72,4,model.layers.2.self_attn.indexer.k_cache
3610148688067145,3610148688320006,3610148688321546,3610148688322496,3610148688461807,3610148688480757,3610148688601898,3610148688675939,3610148688686029,0,9,72,4,model.layers.2.self_attn.attn
3610148689674095,3610148689912297,3610148689913857,3610148689914657,3610148690051928,3610148690070928,3610148690577371,3610148690581071,3610148690589821,0,9,72,128,model.layers.3.self_attn.attn
3610148691597688,3610148691844029,3610148691845519,3610148691846539,3610148691988980,3610148692022381,3610148692534074,3610148692537564,3610148692546184,0,9,72,1,model.layers.0.self_attn.swa_cache
3610148693557031,3610148693807812,3610148693809332,3610148693810212,3610148693950693,3610148693967853,3610148694083864,3610148694086584,3610148694095344,0,9,72,1,model.layers.1.self_attn.swa_cache
3610148695101741,3610148695354552,3610148695355922,3610148695356722,3610148695493853,3610148695510924,3610148695624884,3610148695627654,3610148695636854,0,9,72,1,model.layers.2.self_attn.compressor.state_cache
3610148696508600,3610148696677171,3610148696678201,3610148696678821,3610148696773072,3610148696784762,3610148696866472,3610148696868302,3610148696875062,0,9,72,1,model.layers.2.self_attn.indexer.compressor.state_cache
3610148697595007,3610148697759518,3610148697760498,3610148697761048,3610148697855239,3610148697866499,3610148697945339,3610148697947259,3610148697953870,0,9,72,1,model.layers.3.self_attn.compressor.state_cache
3610148761823078,3610148762360682,3610148762426822,3610148762732654,3610148762848015,3610148762861445,3610148763335548,3610148763772381,3610148763781101,1,11,8096,4,model.layers.2.self_attn.indexer.k_cache
3610148764545246,3610148764712117,3610148764713347,3610148764713977,3610148764813218,3610148764826338,3610148764910218,3610148764969489,3610148764976669,0,11,8096,4,model.layers.2.self_attn.attn
3610148765685183,3610148765857475,3610148765858585,3610148765859245,3610148765956555,3610148765969135,3610148766335788,3610148766338768,3610148766344978,0,11,8096,128,model.layers.3.self_attn.attn
3610148767064292,3610148767232284,3610148767233324,3610148767233974,3610148767333854,3610148767346734,3610148767714917,3610148767717697,3610148767724097,0,11,8096,1,model.layers.0.self_attn.swa_cache
3610148768458852,3610148768628763,3610148768629683,3610148768630293,3610148768729563,3610148768741933,3610148768822254,3610148768824104,3610148768830764,0,11,8096,1,model.layers.1.self_attn.swa_cache
3610148769532789,3610148769702550,3610148769703680,3610148769704290,3610148769802070,3610148769813911,3610148769893141,3610148769894891,3610148769901591,0,11,8096,1,model.layers.2.self_attn.compressor.state_cache
3610148770485095,3610148770653596,3610148770654736,3610148770655386,3610148770750687,3610148770762267,3610148770841527,3610148770843367,3610148770849707,0,11,8096,1,model.layers.2.self_attn.indexer.compressor.state_cache
3610148771581102,3610148771747013,3610148771748113,3610148771748813,3610148771852474,3610148771864064,3610148771946344,3610148771948234,3610148771954665,0,11,8096,1,model.layers.3.self_attn.compressor.state_cache
3610149258684145,3610149259226478,3610149259292889,3610149259591301,3610149259707371,3610149259721421,3610149260217385,3610149260658768,3610149260668228,1,12,4600,4,model.layers.2.self_attn.indexer.k_cache
3610149261377042,3610149261548293,3610149261549493,3610149261550093,3610149261650584,3610149261663424,3610149261746685,3610149261800065,3610149261807425,0,12,4600,4,model.layers.2.self_attn.attn
3610149262519640,3610149262698291,3610149262699521,3610149262700081,3610149262799342,3610149262811992,3610149263179654,3610149263182414,3610149263189134,0,12,4600,128,model.layers.3.self_attn.attn
3610149263895269,3610149264072220,3610149264073280,3610149264073890,3610149264170341,3610149264182471,3610149264546043,3610149264548993,3610149264555493,0,12,4600,1,model.layers.0.self_attn.swa_cache
3610149265265748,3610149265436549,3610149265437549,3610149265438149,3610149265535950,3610149265548350,3610149265628090,3610149265630020,3610149265636850,0,12,4600,1,model.layers.1.self_attn.swa_cache
3610149266325635,3610149266492846,3610149266493976,3610149266494556,3610149266590216,3610149266601947,3610149266682947,3610149266684997,3610149266691857,0,12,4600,1,model.layers.2.self_attn.compressor.state_cache
3610149267273511,3610149267440502,3610149267441692,3610149267442252,3610149267539603,3610149267551243,3610149267629423,3610149267631123,3610149267637923,0,12,4600,1,model.layers.2.self_attn.indexer.compressor.state_cache
3610149268403048,3610149268574799,3610149268575889,3610149268576520,3610149268670770,3610149268683070,3610149268766251,3610149268768471,3610149268775471,0,12,4600,1,model.layers.3.self_attn.compressor.state_cache
3610149691941154,3610149692501568,3610149692577788,3610149692889630,3610149693007381,3610149693021951,3610149693486234,3610149694261369,3610149694269710,1,11,88,4,model.layers.2.self_attn.indexer.k_cache
3610149694991944,3610149695165705,3610149695166745,3610149695167395,3610149695266286,3610149695279706,3610149695364647,3610149695415137,3610149695422257,0,11,88,4,model.layers.2.self_attn.attn
3610149696134002,3610149696308873,3610149696309913,3610149696310543,3610149696406354,3610149696420024,3610149696781136,3610149696783746,3610149696790046,0,11,88,128,model.layers.3.self_attn.attn
3610149697499301,3610149697668622,3610149697669562,3610149697670202,3610149697768152,3610149697780343,3610149698131185,3610149698133665,3610149698140075,0,11,88,1,model.layers.0.self_attn.swa_cache
3610149698846330,3610149699017101,3610149699018121,3610149699018691,3610149699116871,3610149699128291,3610149699210082,3610149699211872,3610149699218392,0,11,88,1,model.layers.1.self_attn.swa_cache
3610149699935747,3610149700160898,3610149700162008,3610149700162638,3610149700262429,3610149700275159,3610149700355339,3610149700357319,3610149700363839,0,11,88,1,model.layers.2.self_attn.compressor.state_cache
3610149700944083,3610149701111594,3610149701112714,3610149701113354,3610149701209675,3610149701221485,3610149701300776,3610149701302616,3610149701309026,0,11,88,1,model.layers.2.self_attn.indexer.compressor.state_cache
3610149702038470,3610149702203422,3610149702204372,3610149702204912,3610149702299602,3610149702311472,3610149702393143,3610149702395143,3610149702401863,0,11,88,1,model.layers.3.self_attn.compressor.state_cache
3610149766067970,3610149766612923,3610149766677164,3610149766990796,3610149767109277,3610149767123517,3610149767629870,3610149768085503,3610149768094313,1,11,4264,4,model.layers.2.self_attn.indexer.k_cache
3610149768853488,3610149769026679,3610149769027739,3610149769028329,3610149769127320,3610149769140960,3610149769226931,3610149769280511,3610149769288011,0,11,4264,4,model.layers.2.self_attn.attn
3610149770003286,3610149770175187,3610149770176227,3610149770176817,3610149770272437,3610149770285208,3610149770647180,3610149770649910,3610149770656380,0,11,4264,128,model.layers.3.self_attn.attn
3610149771383135,3610149771550976,3610149771552106,3610149771552726,3610149771651426,3610149771663177,3610149772023499,3610149772026369,3610149772032949,0,11,4264,1,model.layers.0.self_attn.swa_cache
3610149772746454,3610149772922885,3610149772923815,3610149772924345,3610149773021615,3610149773033616,3610149773114566,3610149773116256,3610149773122806,0,11,4264,1,model.layers.1.self_attn.swa_cache
3610149773916671,3610149774082612,3610149774083662,3610149774084222,3610149774181763,3610149774193713,3610149774275164,3610149774277064,3610149774283894,0,11,4264,1,model.layers.2.self_attn.compressor.state_cache
3610149774861177,3610149775026229,3610149775027169,3610149775027699,3610149775127779,3610149775140079,3610149775221100,3610149775222780,3610149775229580,0,11,4264,1,model.layers.2.self_attn.indexer.compressor.state_cache
3610149776112126,3610149776277527,3610149776278667,3610149776279397,3610149776374987,3610149776387007,3610149776468648,3610149776470538,3610149776477158,0,11,4264,1,model.layers.3.self_attn.compressor.state_cache
3610150200175494,3610150200703897,3610150200781328,3610150201070850,3610150201184220,3610150201198901,3610150201665084,3610150209095532,3610150209104242,1,11,88,4,model.layers.2.self_attn.indexer.k_cache
3610150209938548,3610150210190869,3610150210192569,3610150210193489,3610150210333550,3610150210352061,3610150210474671,3610150210548442,3610150210558672,0,11,88,4,model.layers.2.self_attn.attn
3610150211552188,3610150211801920,3610150211803400,3610150211804470,3610150211941561,3610150211960061,3610150212499385,3610150212503235,3610150212512085,0,11,88,128,model.layers.3.self_attn.attn
3610150213527991,3610150213775633,3610150213777103,3610150213778003,3610150213917344,3610150213934244,3610150214442667,3610150214446437,3610150214455367,0,11,88,1,model.layers.0.self_attn.swa_cache
3610150215437294,3610150215675225,3610150215676665,3610150215677655,3610150215818096,3610150215835206,3610150215951227,3610150215954077,3610150215963567,0,11,88,1,model.layers.1.self_attn.swa_cache
3610150216954514,3610150217198895,3610150217200565,3610150217201435,3610150217339586,3610150217356116,3610150217470627,3610150217473057,3610150217482577,0,11,88,1,model.layers.2.self_attn.compressor.state_cache
3610150218231592,3610150218399453,3610150218400413,3610150218401053,3610150218496264,3610150218507744,3610150218587124,3610150218588994,3610150218595255,0,11,88,1,model.layers.2.self_attn.indexer.compressor.state_cache
3610150219316459,3610150219482360,3610150219483450,3610150219484060,3610150219577721,3610150219589581,3610150219669772,3610150219671542,3610150219677782,0,11,88,1,model.layers.3.self_attn.compressor.state_cache
3610150278645138,3610150279181041,3610150279246302,3610150279541214,3610150279654305,3610150279667795,3610150280132528,3610150280569311,3610150280577711,1,12,4272,4,model.layers.2.self_attn.indexer.k_cache
3610150281607407,3610150281788609,3610150281789639,3610150281790299,3610150281893619,3610150281906659,3610150281997400,3610150282051160,3610150282058330,0,12,4272,4,model.layers.2.self_attn.attn
3610150282766255,3610150282935296,3610150282936276,3610150282936876,3610150283034687,3610150283046967,3610150283413119,3610150283415739,3610150283421689,0,12,4272,128,model.layers.3.self_attn.attn
3610150284178744,3610150284351015,3610150284351905,3610150284352535,3610150284451446,3610150284464106,3610150284825598,3610150284828538,3610150284834678,0,12,4272,1,model.layers.0.self_attn.swa_cache
3610150285537823,3610150285707454,3610150285708414,3610150285709094,3610150285806455,3610150285818715,3610150285898775,3610150285900735,3610150285907136,0,12,4272,1,model.layers.1.self_attn.swa_cache
3610150286592880,3610150286759371,3610150286760421,3610150286761011,3610150286855522,3610150286867622,3610150286945362,3610150286947372,3610150286953662,0,12,4272,1,model.layers.2.self_attn.compressor.state_cache
3610150287527446,3610150287696577,3610150287697657,3610150287698367,3610150287793718,3610150287805488,3610150287887368,3610150287889078,3610150287895249,0,12,4272,1,model.layers.2.self_attn.indexer.compressor.state_cache
3610150288632673,3610150288800274,3610150288801184,3610150288801864,3610150288895575,3610150288907635,3610150288992526,3610150288994276,3610150289000476,0,12,4272,1,model.layers.3.self_attn.compressor.state_cache
3610150706990084,3610150707511257,3610150707586588,3610150707857140,3610150707966430,3610150707982541,3610150708418703,3610150718001316,3610150718010156,1,12,96,4,model.layers.2.self_attn.indexer.k_cache
3610150718778091,3610150718967912,3610150718969322,3610150718970102,3610150719076073,3610150719089983,3610150719183174,3610150719244714,3610150719252344,0,12,96,4,model.layers.2.self_attn.attn
3610150719999729,3610150720212401,3610150720213921,3610150720214641,3610150720320561,3610150720334961,3610150720720544,3610150720723574,3610150720730024,0,12,96,128,model.layers.3.self_attn.attn
3610150721489209,3610150721670300,3610150721671540,3610150721672280,3610150721778641,3610150721792311,3610150722176093,3610150722179203,3610150722185484,0,12,96,1,model.layers.0.self_attn.swa_cache
3610150722931808,3610150723113870,3610150723114980,3610150723115720,3610150723220430,3610150723233420,3610150723320401,3610150723322451,3610150723328991,0,12,96,1,model.layers.1.self_attn.swa_cache
3610150724076916,3610150724268247,3610150724269327,3610150724270007,3610150724374918,3610150724387918,3610150724476209,3610150724478369,3610150724485479,0,12,96,1,model.layers.2.self_attn.compressor.state_cache
3610150725154003,3610150725335374,3610150725336504,3610150725337294,3610150725443655,3610150725457085,3610150725544025,3610150725546016,3610150725553016,0,12,96,1,model.layers.2.self_attn.indexer.compressor.state_cache
3610150726341931,3610150726526462,3610150726527592,3610150726528282,3610150726632823,3610150726645583,3610150726730593,3610150726732533,3610150726739543,0,12,96,1,model.layers.3.self_attn.compressor.state_cache
3610150786788267,3610150787308350,3610150787382970,3610150787684632,3610150787802123,3610150787817283,3610150788247706,3610150791981131,3610150791991671,1,12,96,4,model.layers.2.self_attn.indexer.k_cache
3610150792813736,3610150793024257,3610150793025557,3610150793026387,3610150793146398,3610150793161928,3610150793266309,3610150793331279,3610150793339999,0,12,96,4,model.layers.2.self_attn.attn
3610150794173585,3610150794371426,3610150794372566,3610150794373426,3610150794492137,3610150794508747,3610150794941520,3610150794945270,3610150794952630,0,12,96,128,model.layers.3.self_attn.attn
3610150795802596,3610150796018107,3610150796019287,3610150796020027,3610150796145378,3610150796159698,3610150796585171,3610150796588781,3610150796596241,0,12,96,1,model.layers.0.self_attn.swa_cache
3610150797438556,3610150797642008,3610150797643198,3610150797643938,3610150797761668,3610150797776649,3610150797872099,3610150797874449,3610150797881799,0,12,96,1,model.layers.1.self_attn.swa_cache
3610150798738875,3610150798936496,3610150798937626,3610150798938386,3610150799054177,3610150799069037,3610150799161338,3610150799163778,3610150799171478,0,12,96,1,model.layers.2.self_attn.compressor.state_cache
3610150799809372,3610150799976203,3610150799977603,3610150799978183,3610150800089384,3610150800101554,3610150800183054,3610150800185054,3610150800191324,0,12,96,1,model.layers.2.self_attn.indexer.compressor.state_cache
3610150800900399,3610150801063840,3610150801064870,3610150801065480,3610150801160001,3610150801171771,3610150801249011,3610150801250821,3610150801257411,0,12,96,1,model.layers.3.self_attn.compressor.state_cache
3610150855024873,3610150855557867,3610150855633077,3610150855911849,3610150856034540,3610150856049370,3610150856466543,3610150860073566,3610150860081717,1,11,88,4,model.layers.2.self_attn.indexer.k_cache
3610150860743441,3610150860915962,3610150860916952,3610150860917552,3610150861015843,3610150861028503,3610150861113183,3610150861163494,3610150861170304,0,11,88,4,model.layers.2.self_attn.attn
3610150861896668,3610150862061879,3610150862062869,3610150862063599,3610150862157340,3610150862170750,3610150862527423,3610150862530353,3610150862536793,0,11,88,128,model.layers.3.self_attn.attn
3610150863241697,3610150863417628,3610150863418618,3610150863419338,3610150863514539,3610150863526759,3610150863886701,3610150863889681,3610150863895961,0,11,88,1,model.layers.0.self_attn.swa_cache
3610150864630096,3610150864806037,3610150864807107,3610150864807827,3610150864903338,3610150864915648,3610150864998089,3610150864999789,3610150865006579,0,11,88,1,model.layers.1.self_attn.swa_cache
3610150865850264,3610150866080346,3610150866082186,3610150866083066,3610150866217367,3610150866234177,3610150866344268,3610150866346978,3610150866356058,0,11,88,1,model.layers.2.self_attn.compressor.state_cache
3610150867143983,3610150867372904,3610150867374534,3610150867375564,3610150867505735,3610150867522065,3610150867633536,3610150867635986,3610150867644546,0,11,88,1,model.layers.2.self_attn.indexer.compressor.state_cache
3610150868624292,3610150868847054,3610150868848634,3610150868849554,3610150868979675,3610150868995755,3610150869105176,3610150869107826,3610150869116906,0,11,88,1,model.layers.3.self_attn.compressor.state_cache
3610150926991575,3610150927531418,3610150927608229,3610150927930361,3610150928061702,3610150928077142,3610150928613545,3610150929387880,3610150929396810,1,11,88,4,model.layers.2.self_attn.indexer.k_cache
3610150930128285,3610150930298336,3610150930299466,3610150930300126,3610150930399077,3610150930412547,3610150930496208,3610150930549418,3610150930556248,0,11,88,4,model.layers.2.self_attn.attn
3610150931253013,3610150931418594,3610150931419624,3610150931420274,3610150931514894,3610150931528514,3610150931892457,3610150931895157,3610150931900957,0,11,88,128,model.layers.3.self_attn.attn
3610150932630132,3610150932796583,3610150932797553,3610150932798203,3610150932894133,3610150932906293,3610150933253946,3610150933256976,3610150933263106,0,11,88,1,model.layers.0.self_attn.swa_cache
3610150933979960,3610150934149792,3610150934150902,3610150934151572,3610150934246722,3610150934258412,3610150934338323,3610150934340223,3610150934346343,0,11,88,1,model.layers.1.self_attn.swa_cache
3610150935035307,3610150935210948,3610150935212068,3610150935212748,3610150935307099,3610150935318399,3610150935398960,3610150935400860,3610150935407280,0,11,88,1,model.layers.2.self_attn.compressor.state_cache
3610150935979814,3610150936161265,3610150936162365,3610150936163055,3610150936261715,3610150936274695,3610150936357016,3610150936359076,3610150936365746,0,11,88,1,model.layers.2.self_attn.indexer.compressor.state_cache
3610150937085361,3610150937252942,3610150937253952,3610150937254672,3610150937351902,3610150937363683,3610150937448063,3610150937450033,3610150937456603,0,11,88,1,model.layers.3.self_attn.compressor.state_cache
3610150993109818,3610150993637271,3610150993711582,3610150994021904,3610150994135774,3610150994150024,3610150994660508,3610150995410563,3610150995418863,1,11,88,4,model.layers.2.self_attn.indexer.k_cache
3610150996175358,3610150996343559,3610150996344619,3610150996345279,3610150996444309,3610150996457200,3610150996539630,3610150996590320,3610150996597070,0,11,88,4,model.layers.2.self_attn.attn
3610150997288915,3610150997460126,3610150997461246,3610150997461886,3610150997561897,3610150997574507,3610150997928289,3610150997930849,3610150997936579,0,11,88,128,model.layers.3.self_attn.attn
3610150998643434,3610150998810855,3610150998811835,3610150998812525,3610150998904806,3610150998917466,3610150999266308,3610150999268868,3610150999274918,0,11,88,1,model.layers.0.self_attn.swa_cache
3610150999962923,3610151000143054,3610151000144084,3610151000144744,3610151000241164,3610151000253214,3610151000333295,3610151000335105,3610151000341365,0,11,88,1,model.layers.1.self_attn.swa_cache
3610151001019829,3610151001190981,3610151001192001,3610151001192571,3610151001287531,3610151001299111,3610151001379272,3610151001381272,3610151001387592,0,11,88,1,model.layers.2.self_attn.compressor.state_cache
3610151001964246,3610151002129157,3610151002130297,3610151002130877,3610151002226737,3610151002238337,3610151002317228,3610151002318978,3610151002324848,0,11,88,1,model.layers.2.self_attn.indexer.compressor.state_cache
3610151003041803,3610151003208354,3610151003209384,3610151003209944,3610151003303654,3610151003316094,3610151003395565,3610151003397465,3610151003403515,0,11,88,1,model.layers.3.self_attn.compressor.state_cache
3610151056575103,3610151057123917,3610151057197437,3610151057481249,3610151057592030,3610151057606430,3610151057911582,3610151058570946,3610151058578286,1,11,88,4,model.layers.2.self_attn.indexer.k_cache
3610151059241951,3610151059411602,3610151059412622,3610151059413222,3610151059510492,3610151059523733,3610151059607453,3610151059657783,3610151059664383,0,11,88,4,model.layers.2.self_attn.attn
3610151060374048,3610151060540579,3610151060541519,3610151060542199,3610151060636540,3610151060649860,3610151060907272,3610151060909812,3610151060915742,0,11,88,128,model.layers.3.self_attn.attn
3610151061605356,3610151061770367,3610151061771377,3610151061771997,3610151061865928,3610151061877748,3610151062136590,3610151062139060,3610151062144660,0,11,88,1,model.layers.0.self_attn.swa_cache
3610151062833964,3610151062999685,3610151063000655,3610151063001305,3610151063097886,3610151063110216,3610151063190017,3610151063192147,3610151063198207,0,11,88,1,model.layers.1.self_attn.swa_cache
3610151063871871,3610151064058202,3610151064059352,3610151064060092,3610151064156933,3610151064168853,3610151064250413,3610151064252393,3610151064258264,0,11,88,1,model.layers.2.self_attn.compressor.state_cache
3610151064828137,3610151065001608,3610151065002788,3610151065003478,3610151065099269,3610151065111209,3610151065192520,3610151065194330,3610151065200060,0,11,88,1,model.layers.2.self_attn.indexer.compressor.state_cache
3610151065915494,3610151066080485,3610151066081525,3610151066082125,3610151066174996,3610151066186506,3610151066264217,3610151066266147,3610151066272167,0,11,88,1,model.layers.3.self_attn.compressor.state_cache
3610151122784897,3610151123359681,3610151123437651,3610151123764503,3610151123885854,3610151123901674,3610151124451448,3610151125201593,3610151125210183,1,10,80,4,model.layers.2.self_attn.indexer.k_cache
3610151125935687,3610151126107339,3610151126108639,3610151126109289,3610151126207389,3610151126219999,3610151126303020,3610151126353830,3610151126360770,0,10,80,4,model.layers.2.self_attn.attn
3610151127053165,3610151127224716,3610151127225646,3610151127226256,3610151127320156,3610151127333507,3610151127685799,3610151127688439,3610151127694619,0,10,80,128,model.layers.3.self_attn.attn
3610151128443894,3610151128613535,3610151128614605,3610151128615195,3610151128708786,3610151128721236,3610151129061438,3610151129064088,3610151129069848,0,10,80,1,model.layers.0.self_attn.swa_cache
3610151129794923,3610151129967434,3610151129968694,3610151129969454,3610151130064714,3610151130076645,3610151130156145,3610151130157955,3610151130164035,0,10,80,1,model.layers.1.self_attn.swa_cache
3610151130870090,3610151131036261,3610151131037401,3610151131037991,3610151131136511,3610151131148482,3610151131227632,3610151131229522,3610151131236132,0,10,80,1,model.layers.2.self_attn.compressor.state_cache
3610151131815386,3610151131981827,3610151131982987,3610151131983677,3610151132093588,3610151132105718,3610151132185208,3610151132187228,3610151132193528,0,10,80,1,model.layers.2.self_attn.indexer.compressor.state_cache
3610151132921763,3610151133091834,3610151133092974,3610151133093534,3610151133187205,3610151133199255,3610151133278295,3610151133280116,3610151133286526,0,10,80,1,model.layers.3.self_attn.compressor.state_cache
3610151188831589,3610151189403753,3610151189480054,3610151189827926,3610151189946867,3610151189962167,3610151190493640,3610151191252965,3610151191260915,1,10,80,4,model.layers.2.self_attn.indexer.k_cache
3610151191959230,3610151192160511,3610151192161491,3610151192162151,3610151192258292,3610151192270652,3610151192352552,3610151192403703,3610151192410453,0,10,80,4,model.layers.2.self_attn.attn
3610151193102887,3610151193274658,3610151193275638,3610151193276258,3610151193371239,3610151193384159,3610151193737111,3610151193739571,3610151193745301,0,10,80,128,model.layers.3.self_attn.attn
3610151194432126,3610151194594787,3610151194595627,3610151194596197,3610151194689738,3610151194701968,3610151195041950,3610151195044370,3610151195050190,0,10,80,1,model.layers.0.self_attn.swa_cache
3610151195731304,3610151195897966,3610151195898916,3610151195899576,3610151195995706,3610151196020636,3610151196103087,3610151196104787,3610151196110867,0,10,80,1,model.layers.1.self_attn.swa_cache
3610151196782241,3610151196946702,3610151196947712,3610151196948372,3610151197041173,3610151197052613,3610151197129744,3610151197131684,3610151197137594,0,10,80,1,model.layers.2.self_attn.compressor.state_cache
3610151197701367,3610151197866178,3610151197867108,3610151197867778,3610151197962159,3610151197975009,3610151198052920,3610151198054830,3610151198060740,0,10,80,1,model.layers.2.self_attn.indexer.compressor.state_cache
3610151198768734,3610151198935805,3610151198936695,3610151198937465,3610151199031466,3610151199042816,3610151199119057,3610151199120677,3610151199126747,0,10,80,1,model.layers.3.self_attn.compressor.state_cache
3610151257520879,3610151258062403,3610151258128073,3610151258428325,3610151258539846,3610151258553086,3610151259004309,3610151259442252,3610151259450202,1,11,4264,4,model.layers.2.self_attn.indexer.k_cache
3610151260133476,3610151260304707,3610151260305827,3610151260306537,3610151260401528,3610151260413908,3610151260494799,3610151260545879,3610151260552899,0,11,4264,4,model.layers.2.self_attn.attn
3610151261251134,3610151261416905,3610151261417875,3610151261418585,3610151261513405,3610151261525845,3610151261889748,3610151261892258,3610151261898298,0,11,4264,128,model.layers.3.self_attn.attn
3610151262596452,3610151262763973,3610151262764993,3610151262765603,3610151262862094,3610151262873924,3610151263230536,3610151263233426,3610151263239197,0,11,4264,1,model.layers.0.self_attn.swa_cache
3610151263937671,3610151264127602,3610151264128632,3610151264129332,3610151264227303,3610151264239763,3610151264317794,3610151264319614,3610151264325874,0,11,4264,1,model.layers.1.self_attn.swa_cache
3610151265009938,3610151265173039,3610151265173939,3610151265174629,3610151265267480,3610151265279090,3610151265358400,3610151265360330,3610151265366510,0,11,4264,1,model.layers.2.self_attn.compressor.state_cache
3610151265936204,3610151266102155,3610151266103145,3610151266103845,3610151266200096,3610151266211466,3610151266291077,3610151266292947,3610151266299137,0,11,4264,1,model.layers.2.self_attn.indexer.compressor.state_cache
3610151267035901,3610151267211483,3610151267212653,3610151267213353,3610151267310153,3610151267322723,3610151267402684,3610151267404674,3610151267410934,0,11,4264,1,model.layers.3.self_attn.compressor.state_cache
3610151677601700,3610151678123873,3610151678199204,3610151678467466,3610151678576486,3610151678591056,3610151679003149,3610151689974361,3610151689983201,1,11,88,4,model.layers.2.self_attn.indexer.k_cache
3610151690763046,3610151690952857,3610151690953967,3610151690954657,3610151691060418,3610151691074898,3610151691164759,3610151691218829,3610151691227109,0,11,88,4,model.layers.2.self_attn.attn
3610151691970194,3610151692187725,3610151692188915,3610151692189675,3610151692296266,3610151692310716,3610151692698749,3610151692701689,3610151692708779,0,11,88,128,model.layers.3.self_attn.attn
3610151693464224,3610151693647455,3610151693648725,3610151693649385,3610151693756376,3610151693769566,3610151694152938,3610151694155768,3610151694162498,0,11,88,1,model.layers.0.self_attn.swa_cache
3610151694930903,3610151695122385,3610151695123495,3610151695124275,3610151695232115,3610151695245105,3610151695336706,3610151695338916,3610151695345726,0,11,88,1,model.layers.1.self_attn.swa_cache
3610151696086601,3610151696272102,3610151696273262,3610151696273992,3610151696377603,3610151696390193,3610151696478503,3610151696480683,3610151696487994,0,11,88,1,model.layers.2.self_attn.compressor.state_cache
3610151697156718,3610151697343979,3610151697345139,3610151697345909,3610151697449800,3610151697462050,3610151697547720,3610151697549720,3610151697556551,0,11,88,1,model.layers.2.self_attn.indexer.compressor.state_cache
3610151698339616,3610151698518787,3610151698519867,3610151698520607,3610151698622477,3610151698635038,3610151698720268,3610151698722398,3610151698729158,0,11,88,1,model.layers.3.self_attn.compressor.state_cache
3610151758004676,3610151758541600,3610151758606600,3610151758898552,3610151759010323,3610151759023743,3610151759466046,3610151759903719,3610151759912519,1,12,4272,4,model.layers.2.self_attn.indexer.k_cache
3610151760876125,3610151761053406,3610151761054356,3610151761055036,3610151761156677,3610151761169777,3610151761258287,3610151761310978,3610151761317998,0,12,4272,4,model.layers.2.self_attn.attn
3610151762043603,3610151762218374,3610151762219384,3610151762220044,3610151762316374,3610151762328274,3610151762692847,3610151762695567,3610151762701787,0,12,4272,128,model.layers.3.self_attn.attn
3610151763414272,3610151763587633,3610151763588673,3610151763589333,3610151763685813,3610151763698033,3610151764080406,3610151764083166,3610151764089166,0,12,4272,1,model.layers.0.self_attn.swa_cache
3610151764793481,3610151764964892,3610151764965802,3610151764966492,3610151765061972,3610151765073132,3610151765154393,3610151765156123,3610151765162383,0,12,4272,1,model.layers.1.self_attn.swa_cache
3610151765849098,3610151766015799,3610151766016809,3610151766017549,3610151766111989,3610151766123779,3610151766206030,3610151766208040,3610151766214400,0,12,4272,1,model.layers.2.self_attn.compressor.state_cache
3610151766802184,3610151766969525,3610151766970405,3610151766971085,3610151767065595,3610151767077366,3610151767156146,3610151767157836,3610151767164086,0,12,4272,1,model.layers.2.self_attn.indexer.compressor.state_cache
3610151767915011,3610151768106402,3610151768107402,3610151768108102,3610151768205223,3610151768217723,3610151768299044,3610151768301204,3610151768307464,0,12,4272,1,model.layers.3.self_attn.compressor.state_cache
3610152179953338,3610152180489932,3610152180564472,3610152180831804,3610152180939284,3610152180954435,3610152181365537,3610152194100471,3610152194110081,1,12,96,4,model.layers.2.self_attn.indexer.k_cache
3610152195157548,3610152195346379,3610152195347579,3610152195348409,3610152195455609,3610152195470530,3610152195560520,3610152195615971,3610152195623901,0,12,96,4,model.layers.2.self_attn.attn
3610152196403846,3610152196588397,3610152196589617,3610152196590327,3610152196692918,3610152196707398,3610152197095270,3610152197098310,3610152197105110,0,12,96,128,model.layers.3.self_attn.attn
3610152197883815,3610152198069997,3610152198071137,3610152198071917,3610152198175937,3610152198188827,3610152198576390,3610152198579440,3610152198586230,0,12,96,1,model.layers.0.self_attn.swa_cache
3610152199334425,3610152199524646,3610152199525746,3610152199526586,3610152199630207,3610152199643227,3610152199732397,3610152199734627,3610152199741498,0,12,96,1,model.layers.1.self_attn.swa_cache
3610152200525143,3610152200708214,3610152200709324,3610152200710014,3610152200813765,3610152200826635,3610152200913555,3610152200915785,3610152200922735,0,12,96,1,model.layers.2.self_attn.compressor.state_cache
3610152201597560,3610152201782811,3610152201783991,3610152201784741,3610152201890712,3610152201903112,3610152201989342,3610152201991372,3610152201998592,0,12,96,1,model.layers.2.self_attn.indexer.compressor.state_cache
3610152202921608,3610152203103230,3610152203104250,3610152203105000,3610152203211300,3610152203223740,3610152203313181,3610152203315341,3610152203322751,0,12,96,1,model.layers.3.self_attn.compressor.state_cache
3610152262949371,3610152263475835,3610152263551005,3610152263838027,3610152263949978,3610152263965018,3610152264409991,3610152268226936,3610152268236816,1,12,96,4,model.layers.2.self_attn.indexer.k_cache
3610152269035141,3610152269238002,3610152269239242,3610152269240052,3610152269360813,3610152269376903,3610152269482804,3610152269547304,3610152269555504,0,12,96,4,model.layers.2.self_attn.attn
3610152270384300,3610152270583381,3610152270584521,3610152270585351,3610152270705332,3610152270721632,3610152271166025,3610152271169575,3610152271176575,0,12,96,128,model.layers.3.self_attn.attn
3610152272032471,3610152272255872,3610152272257192,3610152272257972,3610152272375893,3610152272390553,3610152272817796,3610152272820976,3610152272827916,0,12,96,1,model.layers.0.self_attn.swa_cache
3610152273674861,3610152273873493,3610152273874823,3610152273875633,3610152273991904,3610152274006504,3610152274100504,3610152274102764,3610152274110194,0,12,96,1,model.layers.1.self_attn.swa_cache
3610152274925490,3610152275096841,3610152275097901,3610152275098591,3610152275196191,3610152275208121,3610152275289592,3610152275291352,3610152275297822,0,12,96,1,model.layers.2.self_attn.compressor.state_cache
3610152275875156,3610152276055927,3610152276057067,3610152276057747,3610152276157598,3610152276169388,3610152276248838,3610152276250658,3610152276256898,0,12,96,1,model.layers.2.self_attn.indexer.compressor.state_cache
3610152276973253,3610152277142034,3610152277143044,3610152277143654,3610152277241495,3610152277253675,3610152277334095,3610152277335905,3610152277342185,0,12,96,1,model.layers.3.self_attn.compressor.state_cache
3610152337807421,3610152338340685,3610152338414615,3610152338702747,3610152338818658,3610152338832678,3610152339130460,3610152339787184,3610152339795374,1,12,96,4,model.layers.2.self_attn.indexer.k_cache
3610152340497749,3610152340667800,3610152340668860,3610152340669470,3610152340765231,3610152340778631,3610152340863421,3610152340916772,3610152340923812,0,12,96,4,model.layers.2.self_attn.attn
3610152341624046,3610152341797517,3610152341798567,3610152341799247,3610152341896998,3610152341910978,3610152342172190,3610152342174690,3610152342180880,0,12,96,128,model.layers.3.self_attn.attn
3610152342880084,3610152343047486,3610152343048546,3610152343049086,3610152343146686,3610152343159056,3610152343418098,3610152343420888,3610152343426918,0,12,96,1,model.layers.0.self_attn.swa_cache
3610152344141813,3610152344308194,3610152344309314,3610152344309964,3610152344405284,3610152344417335,3610152344499735,3610152344501565,3610152344508245,0,12,96,1,model.layers.1.self_attn.swa_cache
3610152345192910,3610152345357891,3610152345358951,3610152345359681,3610152345454341,3610152345465531,3610152345545872,3610152345547772,3610152345554442,0,12,96,1,model.layers.2.self_attn.compressor.state_cache
3610152346131216,3610152346294987,3610152346296037,3610152346296637,3610152346391267,3610152346403127,3610152346481188,3610152346483028,3610152346489388,0,12,96,1,model.layers.2.self_attn.indexer.compressor.state_cache
3610152347210353,3610152347377704,3610152347378754,3610152347379394,3610152347475155,3610152347487435,3610152347569485,3610152347571535,3610152347578255,0,12,96,1,model.layers.3.self_attn.compressor.state_cache
3610152400766473,3610152401283677,3610152401359047,3610152401994741,3610152402150732,3610152402166012,3610152402719866,3610152404218826,3610152404227296,1,12,96,4,model.layers.2.self_attn.indexer.k_cache
3610152404941071,3610152405112802,3610152405113832,3610152405114472,3610152405254783,3610152405269003,3610152405368353,3610152405431174,3610152405439584,0,12,96,4,model.layers.2.self_attn.attn
3610152406207729,3610152406398330,3610152406399390,3610152406400150,3610152406506351,3610152406521321,3610152406914334,3610152406917614,3610152406924224,0,12,96,128,model.layers.3.self_attn.attn
3610152407698629,3610152407890860,3610152407891940,3610152407892650,3610152407997301,3610152408028511,3610152408414633,3610152408417563,3610152408424443,0,12,96,1,model.layers.0.self_attn.swa_cache
3610152409195899,3610152409387980,3610152409389220,3610152409390080,3610152409497500,3610152409510291,3610152409599691,3610152409601631,3610152409608801,0,12,96,1,model.layers.1.self_attn.swa_cache
3610152410370366,3610152410552287,3610152410553507,3610152410554177,3610152410659828,3610152410673348,3610152410763599,3610152410765819,3610152410772849,0,12,96,1,model.layers.2.self_attn.compressor.state_cache
3610152411421153,3610152411602824,3610152411603924,3610152411604724,3610152411707935,3610152411720915,3610152411809046,3610152411811266,3610152411818276,0,12,96,1,model.layers.2.self_attn.indexer.compressor.state_cache
3610152412624821,3610152412815672,3610152412816862,3610152412817632,3610152412922383,3610152412935073,3610152413022544,3610152413024504,3610152413031694,0,12,96,1,model.layers.3.self_attn.compressor.state_cache
3610152467240408,3610152467774782,3610152467851882,3610152468153934,3610152468266885,3610152468281505,3610152468787489,3610152470887702,3610152470895502,1,12,96,4,model.layers.2.self_attn.indexer.k_cache
3610152471775588,3610152471984239,3610152471985339,3610152471986170,3610152472125130,3610152472140221,3610152472242731,3610152472305042,3610152472313502,0,12,96,4,model.layers.2.self_attn.attn
3610152473163037,3610152473367509,3610152473368739,3610152473369539,3610152473484169,3610152473500099,3610152473821662,3610152473824952,3610152473832242,0,12,96,128,model.layers.3.self_attn.attn
3610152474685317,3610152474894099,3610152474895409,3610152474896229,3610152475010529,3610152475024309,3610152475333341,3610152475336651,3610152475343731,0,12,96,1,model.layers.0.self_attn.swa_cache
3610152476193977,3610152476398628,3610152476399948,3610152476400678,3610152476516759,3610152476530719,3610152476630690,3610152476632970,3610152476641550,0,12,96,1,model.layers.1.self_attn.swa_cache
3610152477486976,3610152477688037,3610152477689267,3610152477690027,3610152477805048,3610152477818988,3610152477916668,3610152477919418,3610152477927768,0,12,96,1,model.layers.2.self_attn.compressor.state_cache
3610152478623843,3610152478822634,3610152478823924,3610152478824674,3610152478938325,3610152478952675,3610152479051056,3610152479053306,3610152479061266,0,12,96,1,model.layers.2.self_attn.indexer.compressor.state_cache
3610152479827021,3610152479991152,3610152479992332,3610152479992952,3610152480099863,3610152480112153,3610152480193403,3610152480195213,3610152480201873,0,12,96,1,model.layers.3.self_attn.compressor.state_cache
3610152533413262,3610152533940775,3610152534016746,3610152534288267,3610152534396448,3610152534411498,3610152534861061,3610152537971951,3610152537980071,1,12,96,4,model.layers.2.self_attn.indexer.k_cache
3610152538634736,3610152538804627,3610152538805667,3610152538806377,3610152538902337,3610152538915598,3610152539001048,3610152539055478,3610152539062739,0,12,96,4,model.layers.2.self_attn.attn
3610152539772203,3610152539940744,3610152539941654,3610152539942404,3610152540061385,3610152540074615,3610152540471108,3610152540473958,3610152540480428,0,12,96,128,model.layers.3.self_attn.attn
3610152541189252,3610152541355434,3610152541356464,3610152541357214,3610152541455684,3610152541467984,3610152541825017,3610152541827797,3610152541833747,0,12,96,1,model.layers.0.self_attn.swa_cache
3610152542533421,3610152542702702,3610152542703752,3610152542704472,3610152542801823,3610152542814093,3610152542895564,3610152542897464,3610152542903884,0,12,96,1,model.layers.1.self_attn.swa_cache
3610152543613198,3610152543779949,3610152543780909,3610152543781569,3610152543876710,3610152543887880,3610152543967041,3610152543968941,3610152543975531,0,12,96,1,model.layers.2.self_attn.compressor.state_cache
3610152544768926,3610152544958987,3610152544960027,3610152544960737,3610152545069208,3610152545083388,3610152545175989,3610152545178289,3610152545185529,0,12,96,1,model.layers.2.self_attn.indexer.compressor.state_cache
3610152546012234,3610152546206715,3610152546207945,3610152546208715,3610152546318206,3610152546331916,3610152546424567,3610152546426747,3610152546434267,0,12,96,1,model.layers.3.self_attn.compressor.state_cache
3610152600167549,3610152600709972,3610152600786173,3610152601051684,3610152601187045,3610152601201525,3610152601595628,3610152605268002,3610152605276082,1,12,96,4,model.layers.2.self_attn.indexer.k_cache
3610152605927286,3610152606097167,3610152606098507,3610152606099197,3610152606196758,3610152606209598,3610152606295009,3610152606348489,3610152606355539,0,12,96,4,model.layers.2.self_attn.attn
3610152607043354,3610152607209405,3610152607210455,3610152607211175,3610152607304685,3610152607318075,3610152607683718,3610152607686378,3610152607692518,0,12,96,128,model.layers.3.self_attn.attn
3610152608415212,3610152608586804,3610152608587944,3610152608588684,3610152608685584,3610152608697964,3610152609055797,3610152609058567,3610152609064777,0,12,96,1,model.layers.0.self_attn.swa_cache
3610152609987523,3610152610219574,3610152610220934,3610152610221994,3610152610354365,3610152610371175,3610152610483246,3610152610486066,3610152610494846,0,12,96,1,model.layers.1.self_attn.swa_cache
3610152611430732,3610152611655234,3610152611656584,3610152611657554,3610152611786495,3610152611803095,3610152611914675,3610152611917245,3610152611926035,0,12,96,1,model.layers.2.self_attn.compressor.state_cache
3610152612724791,3610152612951122,3610152612952452,3610152612953422,3610152613084623,3610152613100913,3610152613210914,3610152613213614,3610152613222774,0,12,96,1,model.layers.2.self_attn.indexer.compressor.state_cache
3610152614199660,3610152614428312,3610152614429672,3610152614430752,3610152614562753,3610152614579073,3610152614689134,3610152614692034,3610152614700394,0,12,96,1,model.layers.3.self_attn.compressor.state_cache
3610152668177244,3610152668691927,3610152668766237,3610152669031579,3610152669134820,3610152669149130,3610152669428562,3610152672511692,3610152672519462,1,12,96,4,model.layers.2.self_attn.indexer.k_cache
3610152673159596,3610152673328817,3610152673329857,3610152673330507,3610152673427378,3610152673440208,3610152673523169,3610152673573119,3610152673580309,0,12,96,4,model.layers.2.self_attn.attn
3610152674283054,3610152674454105,3610152674455175,3610152674455815,3610152674551445,3610152674565225,3610152674831907,3610152674834447,3610152674840507,0,12,96,128,model.layers.3.self_attn.attn
3610152675536322,3610152675701023,3610152675702063,3610152675702673,3610152675798414,3610152675810094,3610152676161246,3610152676164566,3610152676172296,0,12,96,1,model.layers.0.self_attn.swa_cache
3610152677077992,3610152677298893,3610152677300263,3610152677301123,3610152677424594,3610152677439554,3610152677542815,3610152677545305,3610152677553575,0,12,96,1,model.layers.1.self_attn.swa_cache
3610152678436501,3610152678653772,3610152678655282,3610152678656202,3610152678784393,3610152678800483,3610152678901824,3610152678904624,3610152678913074,0,12,96,1,model.layers.2.self_attn.compressor.state_cache
3610152679669649,3610152679883700,3610152679885030,3610152679885850,3610152680023031,3610152680040851,3610152680148692,3610152680151402,3610152680159712,0,12,96,1,model.layers.2.self_attn.indexer.compressor.state_cache
3610152681091148,3610152681305120,3610152681306430,3610152681307240,3610152681429230,3610152681443960,3610152681546501,3610152681548821,3610152681557321,0,12,96,1,model.layers.3.self_attn.compressor.state_cache
3610152734581468,3610152735099711,3610152735173372,3610152735436254,3610152735541554,3610152735555544,3610152735986247,3610152739413880,3610152739421720,1,12,96,4,model.layers.2.self_attn.indexer.k_cache
3610152740106774,3610152740275785,3610152740276805,3610152740277545,3610152740375366,3610152740388146,3610152740472967,3610152740526977,3610152740533927,0,12,96,4,model.layers.2.self_attn.attn
3610152741234072,3610152741405603,3610152741406613,3610152741407293,3610152741504743,3610152741517913,3610152741943666,3610152741947326,3610152741955516,0,12,96,128,model.layers.3.self_attn.attn
3610152742912033,3610152743138954,3610152743140464,3610152743141454,3610152743270005,3610152743286705,3610152743788218,3610152743792278,3610152743800288,0,12,96,1,model.layers.0.self_attn.swa_cache
3610152744796525,3610152745028176,3610152745029496,3610152745030496,3610152745160017,3610152745176947,3610152745286248,3610152745288798,3610152745297278,0,12,96,1,model.layers.1.self_attn.swa_cache
3610152746245384,3610152746473426,3610152746474916,3610152746475876,3610152746605497,3610152746621667,3610152746732948,3610152746735968,3610152746744768,0,12,96,1,model.layers.2.self_attn.compressor.state_cache
3610152747528573,3610152747752584,3610152747754014,3610152747755064,3610152747886975,3610152747903195,3610152748025876,3610152748028696,3610152748037726,0,12,96,1,model.layers.2.self_attn.indexer.compressor.state_cache
3610152749018543,3610152749244134,3610152749245354,3610152749246204,3610152749379205,3610152749396075,3610152749504006,3610152749506536,3610152749515176,0,12,96,1,model.layers.3.self_attn.compressor.state_cache
3610152802289791,3610152802804714,3610152802877385,3610152803381668,3610152803495629,3610152803509939,3610152803948452,3610152805600523,3610152805608523,1,12,96,4,model.layers.2.self_attn.indexer.k_cache
3610152806253037,3610152806423058,3610152806424068,3610152806424748,3610152806520399,3610152806533609,3610152806618539,3610152806673600,3610152806681130,0,12,96,4,model.layers.2.self_attn.attn
3610152807453535,3610152807641136,3610152807642186,3610152807642876,3610152807746507,3610152807761527,3610152808181530,3610152808184760,3610152808191800,0,12,96,128,model.layers.3.self_attn.attn
3610152808954215,3610152809137516,3610152809138666,3610152809139366,3610152809244987,3610152809258157,3610152809644319,3610152809647389,3610152809654389,0,12,96,1,model.layers.0.self_attn.swa_cache
3610152810419934,3610152810607605,3610152810608695,3610152810609415,3610152810713766,3610152810727156,3610152810816047,3610152810818077,3610152810825757,0,12,96,1,model.layers.1.self_attn.swa_cache
3610152811561442,3610152811742693,3610152811743763,3610152811744463,3610152811849444,3610152811862874,3610152811948754,3610152811950864,3610152811958034,0,12,96,1,model.layers.2.self_attn.compressor.state_cache
3610152812601959,3610152812781910,3610152812783090,3610152812783780,3610152812886930,3610152812900240,3610152812986221,3610152812988001,3610152812995071,0,12,96,1,model.layers.2.self_attn.indexer.compressor.state_cache
3610152813771816,3610152813952817,3610152813953847,3610152813954597,3610152814058408,3610152814071518,3610152814159309,3610152814161449,3610152814168389,0,12,96,1,model.layers.3.self_attn.compressor.state_cache
3610152867111615,3610152867626669,3610152867700589,3610152867967811,3610152868085542,3610152868099782,3610152868492034,3610152871348033,3610152871355923,1,11,88,4,model.layers.2.self_attn.indexer.k_cache
3610152871991757,3610152872328879,3610152872330409,3610152872331329,3610152872457210,3610152872474700,3610152872579391,3610152872644451,3610152872653481,0,11,88,4,model.layers.2.self_attn.attn
3610152873541487,3610152873752879,3610152873754109,3610152873754919,3610152873875989,3610152873893250,3610152874362263,3610152874365793,3610152874373633,0,11,88,128,model.layers.3.self_attn.attn
3610152875256718,3610152875469780,3610152875471200,3610152875472100,3610152875592961,3610152875608291,3610152876079924,3610152876083614,3610152876091534,0,11,88,1,model.layers.0.self_attn.swa_cache
3610152876977660,3610152877190541,3610152877191781,3610152877192611,3610152877316382,3610152877331832,3610152877431433,3610152877433833,3610152877441913,0,11,88,1,model.layers.1.self_attn.swa_cache
3610152878321199,3610152878534850,3610152878536100,3610152878536970,3610152878661621,3610152878676921,3610152878778391,3610152878780742,3610152878789312,0,11,88,1,model.layers.2.self_attn.compressor.state_cache
3610152879550927,3610152879773878,3610152879775158,3610152879775978,3610152879895089,3610152879909679,3610152880021480,3610152880024310,3610152880032530,0,11,88,1,model.layers.2.self_attn.indexer.compressor.state_cache
3610152880803375,3610152880967386,3610152880968456,3610152880969246,3610152881064986,3610152881077077,3610152881159597,3610152881161717,3610152881168287,0,11,88,1,model.layers.3.self_attn.compressor.state_cache
3610152937773027,3610152938302521,3610152938377841,3610152938694533,3610152938818594,3610152938833704,3610152939355508,3610152940130913,3610152940139083,1,11,88,4,model.layers.2.self_attn.indexer.k_cache
3610152940897798,3610152941072139,3610152941073359,3610152941073999,3610152941174320,3610152941187960,3610152941271420,3610152941323181,3610152941330141,0,11,88,4,model.layers.2.self_attn.attn
3610152942025105,3610152942190806,3610152942191916,3610152942192586,3610152942288687,3610152942301647,3610152942685410,3610152942688280,3610152942694220,0,11,88,128,model.layers.3.self_attn.attn
3610152943381944,3610152943558235,3610152943559345,3610152943559985,3610152943657586,3610152943669726,3610152944038598,3610152944041658,3610152944047679,0,11,88,1,model.layers.0.self_attn.swa_cache
3610152944738083,3610152944911634,3610152944912694,3610152944913264,3610152945009955,3610152945022035,3610152945101895,3610152945103795,3610152945110075,0,11,88,1,model.layers.1.self_attn.swa_cache
3610152945783880,3610152945951191,3610152945952281,3610152945952941,3610152946050072,3610152946062372,3610152946142342,3610152946144182,3610152946150802,0,11,88,1,model.layers.2.self_attn.compressor.state_cache
3610152946719116,3610152946884427,3610152946885337,3610152946885967,3610152946981528,3610152946993928,3610152947071318,3610152947073078,3610152947079378,0,11,88,1,model.layers.2.self_attn.indexer.compressor.state_cache
3610152947793533,3610152947959924,3610152947961014,3610152947961654,3610152948067285,3610152948079765,3610152948159945,3610152948161785,3610152948168055,0,11,88,1,model.layers.3.self_attn.compressor.state_cache
3610153002970824,3610153003763799,3610153003844630,3610153004236662,3610153004368853,3610153004383723,3610153004960297,3610153005740102,3610153005748802,1,11,88,4,model.layers.2.self_attn.indexer.k_cache
3610153006447747,3610153006617068,3610153006618128,3610153006618838,3610153006715209,3610153006727219,3610153006808869,3610153006861059,3610153006867740,0,11,88,4,model.layers.2.self_attn.attn
3610153007548834,3610153007716265,3610153007717205,3610153007717795,3610153007811376,3610153007823556,3610153008193008,3610153008195658,3610153008201458,0,11,88,128,model.layers.3.self_attn.attn
3610153008890783,3610153009058734,3610153009059774,3610153009060364,3610153009154444,3610153009165955,3610153009518437,3610153009521007,3610153009526837,0,11,88,1,model.layers.0.self_attn.swa_cache
3610153010208591,3610153010382973,3610153010383983,3610153010384673,3610153010479153,3610153010490903,3610153010570004,3610153010571874,3610153010577564,0,11,88,1,model.layers.1.self_attn.swa_cache
3610153011249108,3610153011413159,3610153011414049,3610153011414659,3610153011507270,3610153011519010,3610153011595020,3610153011596610,3610153011602440,0,11,88,1,model.layers.2.self_attn.compressor.state_cache
3610153012222365,3610153012389926,3610153012391026,3610153012391666,3610153012484246,3610153012496826,3610153012575637,3610153012577427,3610153012583447,0,11,88,1,model.layers.2.self_attn.indexer.compressor.state_cache
3610153013297392,3610153013465103,3610153013466233,3610153013466843,3610153013561193,3610153013573173,3610153013649984,3610153013651684,3610153013657754,0,11,88,1,model.layers.3.self_attn.compressor.state_cache
3610153067451096,3610153067975879,3610153068063780,3610153068340262,3610153068447722,3610153068461662,3610153068875715,3610153072413728,3610153072421988,1,11,88,4,model.layers.2.self_attn.indexer.k_cache
3610153073114723,3610153073288194,3610153073289214,3610153073289894,3610153073385935,3610153073398825,3610153073484285,3610153073538916,3610153073545506,0,11,88,4,model.layers.2.self_attn.attn
3610153074237010,3610153074403521,3610153074404481,3610153074405111,3610153074499182,3610153074512642,3610153074886375,3610153074889175,3610153074895155,0,11,88,128,model.layers.3.self_attn.attn
3610153075583519,3610153075750790,3610153075751820,3610153075752460,3610153075846971,3610153075859451,3610153076237443,3610153076240073,3610153076245943,0,11,88,1,model.layers.0.self_attn.swa_cache
3610153076935778,3610153077166659,3610153077168089,3610153077169009,3610153077297830,3610153077313750,3610153077424121,3610153077426801,3610153077435371,0,11,88,1,model.layers.1.self_attn.swa_cache
3610153078359647,3610153078585709,3610153078587219,3610153078588189,3610153078717610,3610153078733630,3610153078842000,3610153078844520,3610153078853020,0,11,88,1,model.layers.2.self_attn.compressor.state_cache
3610153079627336,3610153079854487,3610153079855887,3610153079856847,3610153079985708,3610153080015048,3610153080127399,3610153080129949,3610153080138049,0,11,88,1,model.layers.2.self_attn.indexer.compressor.state_cache
3610153081099365,3610153081329477,3610153081330947,3610153081331787,3610153081462258,3610153081478018,3610153081586318,3610153081588898,3610153081597268,0,11,88,1,model.layers.3.self_attn.compressor.state_cache
3610153134901737,3610153135416151,3610153135489881,3610153135757103,3610153135863363,3610153135877414,3610153136499938,3610153138710802,3610153138718912,1,11,88,4,model.layers.2.self_attn.indexer.k_cache
3610153139376006,3610153139546838,3610153139547928,3610153139548598,3610153139646848,3610153139659178,3610153139742029,3610153139794639,3610153139801639,0,11,88,4,model.layers.2.self_attn.attn
3610153140516324,3610153140689655,3610153140690685,3610153140691365,3610153140786656,3610153140799706,3610153141159648,3610153141162198,3610153141168318,0,11,88,128,model.layers.3.self_attn.attn
3610153141861993,3610153142031264,3610153142032414,3610153142033064,3610153142128974,3610153142140805,3610153142506417,3610153142509117,3610153142515307,0,11,88,1,model.layers.0.self_attn.swa_cache
3610153143201831,3610153143363883,3610153143364833,3610153143365473,3610153143462013,3610153143473983,3610153143554084,3610153143555984,3610153143562284,0,11,88,1,model.layers.1.self_attn.swa_cache
3610153144431830,3610153144631131,3610153144632261,3610153144633051,3610153144747812,3610153144762722,3610153144859562,3610153144861952,3610153144869502,0,11,88,1,model.layers.2.self_attn.compressor.state_cache
3610153145564707,3610153145767118,3610153145768168,3610153145768978,3610153145885669,3610153145899919,3610153145996200,3610153145998630,3610153146006380,0,11,88,1,model.layers.2.self_attn.indexer.compressor.state_cache
3610153146860015,3610153147063767,3610153147065037,3610153147065777,3610153147179478,3610153147193658,3610153147290048,3610153147292198,3610153147300018,0,11,88,1,model.layers.3.self_attn.compressor.state_cache
3610153206779607,3610153207317391,3610153207381921,3610153207687683,3610153207804304,3610153207817624,3610153208153666,3610153208506469,3610153208514779,1,12,4272,4,model.layers.2.self_attn.indexer.k_cache
3610153209258984,3610153209426315,3610153209427345,3610153209428135,3610153209525525,3610153209538065,3610153209621516,3610153209672146,3610153209678966,0,12,4272,4,model.layers.2.self_attn.attn
3610153210372791,3610153210542942,3610153210544002,3610153210544782,3610153210641783,3610153210653603,3610153210916655,3610153210919055,3610153210925005,0,12,4272,128,model.layers.3.self_attn.attn
3610153211618919,3610153211786840,3610153211787880,3610153211788590,3610153211883741,3610153211895461,3610153212164463,3610153212166773,3610153212172953,0,12,4272,1,model.layers.0.self_attn.swa_cache
3610153212858247,3610153213025208,3610153213026218,3610153213026898,3610153213123009,3610153213134969,3610153213215760,3610153213217580,3610153213223910,0,12,4272,1,model.layers.1.self_attn.swa_cache
3610153213903884,3610153214070805,3610153214071955,3610153214072635,3610153214166906,3610153214178986,3610153214260376,3610153214262336,3610153214268586,0,12,4272,1,model.layers.2.self_attn.compressor.state_cache
3610153214878210,3610153215044972,3610153215045872,3610153215046502,3610153215140432,3610153215152082,3610153215236313,3610153215238303,3610153215244363,0,12,4272,1,model.layers.2.self_attn.indexer.compressor.state_cache
3610153215960208,3610153216160879,3610153216162149,3610153216162879,3610153216260739,3610153216273230,3610153216354510,3610153216356210,3610153216362290,0,12,4272,1,model.layers.3.self_attn.compressor.state_cache
3610153630361859,3610153630882072,3610153630962383,3610153631230334,3610153631341835,3610153631356265,3610153631791908,3610153641470111,3610153641478911,1,12,96,4,model.layers.2.self_attn.indexer.k_cache
3610153642319017,3610153642494378,3610153642495478,3610153642496178,3610153642595979,3610153642609539,3610153642693749,3610153642745300,3610153642751990,0,12,96,4,model.layers.2.self_attn.attn
3610153643441954,3610153643608865,3610153643609835,3610153643610465,3610153643704726,3610153643717956,3610153644089229,3610153644092069,3610153644098159,0,12,96,128,model.layers.3.self_attn.attn
3610153644797683,3610153644969744,3610153644970724,3610153644971364,3610153645142425,3610153645162906,3610153645799730,3610153645804480,3610153645814720,0,12,96,1,model.layers.0.self_attn.swa_cache
3610153646965097,3610153647251809,3610153647253629,3610153647254629,3610153647413990,3610153647433960,3610153647567961,3610153647570981,3610153647581381,0,12,96,1,model.layers.1.self_attn.swa_cache
3610153648718579,3610153648998601,3610153649000471,3610153649001521,3610153649158442,3610153649178842,3610153649308733,3610153649311533,3610153649321923,0,12,96,1,model.layers.2.self_attn.compressor.state_cache
3610153650281449,3610153650563361,3610153650565041,3610153650566071,3610153650725182,3610153650745682,3610153650874423,3610153650877263,3610153650887823,0,12,96,1,model.layers.2.self_attn.indexer.compressor.state_cache
3610153652100231,3610153652385253,3610153652387073,3610153652388203,3610153652548954,3610153652569914,3610153652704105,3610153652706955,3610153652717355,0,12,96,1,model.layers.3.self_attn.compressor.state_cache
3610153711434649,3610153711977163,3610153712065763,3610153712379035,3610153712498476,3610153712513726,3610153712832008,3610153716029619,3610153716037529,1,11,88,4,model.layers.2.self_attn.indexer.k_cache
3610153716766474,3610153716934245,3610153716935375,3610153716935985,3610153717038796,3610153717051596,3610153717135766,3610153717188427,3610153717194857,0,11,88,4,model.layers.2.self_attn.attn
3610153717891491,3610153718058102,3610153718059142,3610153718059802,3610153718163403,3610153718177403,3610153718442245,3610153718444705,3610153718450275,0,11,88,128,model.layers.3.self_attn.attn
3610153719144229,3610153719314701,3610153719315811,3610153719316571,3610153719413891,3610153719426151,3610153719680983,3610153719683453,3610153719689033,0,11,88,1,model.layers.0.self_attn.swa_cache
3610153720383458,3610153720557269,3610153720558479,3610153720559079,3610153720655719,3610153720667079,3610153720746380,3610153720748110,3610153720754420,0,11,88,1,model.layers.1.self_attn.swa_cache
3610153721431444,3610153721599776,3610153721600796,3610153721601346,3610153721695186,3610153721706626,3610153721786597,3610153721788477,3610153721795217,0,11,88,1,model.layers.2.self_attn.compressor.state_cache
3610153722373571,3610153722543322,3610153722544242,3610153722544852,3610153722640412,3610153722651572,3610153722732453,3610153722734353,3610153722740583,0,11,88,1,model.layers.2.self_attn.indexer.compressor.state_cache
3610153723451418,3610153723618909,3610153723619999,3610153723620669,3610153723714579,3610153723726459,3610153723804460,3610153723806190,3610153723812330,0,11,88,1,model.layers.3.self_attn.compressor.state_cache
3610153779446504,3610153779999327,3610153780088078,3610153780408660,3610153780528261,3610153780544461,3610153781090605,3610153784150555,3610153784159155,1,11,88,4,model.layers.2.self_attn.indexer.k_cache
3610153784919900,3610153785088201,3610153785089291,3610153785089901,3610153785200321,3610153785213342,3610153785294522,3610153785345532,3610153785352452,0,11,88,4,model.layers.2.self_attn.attn
3610153786090417,3610153786258448,3610153786259558,3610153786260178,3610153786360339,3610153786373949,3610153786780042,3610153786782732,3610153786788552,0,11,88,128,model.layers.3.self_attn.attn
3610153787502577,3610153787677278,3610153787678428,3610153787679098,3610153787779068,3610153787791268,3610153788189601,3610153788192451,3610153788198321,0,11,88,1,model.layers.0.self_attn.swa_cache
3610153788918386,3610153789091417,3610153789092517,3610153789093157,3610153789191938,3610153789204238,3610153789286698,3610153789288588,3610153789295338,0,11,88,1,model.layers.1.self_attn.swa_cache
3610153790003933,3610153790177724,3610153790178874,3610153790179494,3610153790279475,3610153790291485,3610153790373475,3610153790375485,3610153790381865,0,11,88,1,model.layers.2.self_attn.compressor.state_cache
3610153790959939,3610153791132440,3610153791133450,3610153791134140,3610153791230611,3610153791242221,3610153791319331,3610153791321351,3610153791327582,0,11,88,1,model.layers.2.self_attn.indexer.compressor.state_cache
3610153792061276,3610153792241317,3610153792242487,3610153792243178,3610153792342118,3610153792354688,3610153792437749,3610153792439579,3610153792445969,0,11,88,1,model.layers.3.self_attn.compressor.state_cache
3610153845953569,3610153846482672,3610153846556953,3610153846834735,3610153846945435,3610153846960505,3610153847439468,3610153850170296,3610153850178766,1,11,88,4,model.layers.2.self_attn.indexer.k_cache
3610153850942761,3610153851135833,3610153851136953,3610153851137693,3610153851244833,3610153851259023,3610153851350704,3610153851407044,3610153851414534,0,11,88,4,model.layers.2.self_attn.attn
3610153852192880,3610153852374711,3610153852375791,3610153852376411,3610153852485141,3610153852499962,3610153852893194,3610153852896304,3610153852903084,0,11,88,128,model.layers.3.self_attn.attn
3610153853673429,3610153853852300,3610153853853510,3610153853854190,3610153853962901,3610153853975711,3610153854368834,3610153854371974,3610153854378454,0,11,88,1,model.layers.0.self_attn.swa_cache
3610153855141799,3610153855332830,3610153855333900,3610153855334570,3610153855442781,3610153855456101,3610153855545561,3610153855547771,3610153855554692,0,11,88,1,model.layers.1.self_attn.swa_cache
3610153856327517,3610153856522918,3610153856524028,3610153856524738,3610153856630919,3610153856644649,3610153856732949,3610153856734999,3610153856741899,0,11,88,1,model.layers.2.self_attn.compressor.state_cache
3610153857418524,3610153857599705,3610153857600655,3610153857601265,3610153857705846,3610153857718856,3610153857802976,3610153857804896,3610153857811566,0,11,88,1,model.layers.2.self_attn.indexer.compressor.state_cache
3610153858579861,3610153858763553,3610153858764653,3610153858765453,3610153858868303,3610153858880733,3610153858969244,3610153858971344,3610153858978124,0,11,88,1,model.layers.3.self_attn.compressor.state_cache
3610153912553364,3610153913086038,3610153913162758,3610153913464490,3610153913579501,3610153913594521,3610153913906563,3610153916278789,3610153916286759,1,11,88,4,model.layers.2.self_attn.indexer.k_cache
3610153916982453,3610153917160184,3610153917161124,3610153917161784,3610153917258725,3610153917271685,3610153917356136,3610153917407706,3610153917414416,0,11,88,4,model.layers.2.self_attn.attn
3610153918098791,3610153918268382,3610153918269382,3610153918270042,3610153918363322,3610153918376392,3610153918637254,3610153918639794,3610153918645504,0,11,88,128,model.layers.3.self_attn.attn
3610153919332479,3610153919502620,3610153919503670,3610153919504330,3610153919599590,3610153919611310,3610153919863742,3610153919866012,3610153919871932,0,11,88,1,model.layers.0.self_attn.swa_cache
3610153920574087,3610153920742678,3610153920743688,3610153920744348,3610153920839248,3610153920850959,3610153920931349,3610153920933339,3610153920939439,0,11,88,1,model.layers.1.self_attn.swa_cache
3610153921613594,3610153921780255,3610153921781345,3610153921782035,3610153921877305,3610153921889915,3610153921967026,3610153921968696,3610153921974966,0,11,88,1,model.layers.2.self_attn.compressor.state_cache
3610153922577960,3610153922741061,3610153922741991,3610153922742581,3610153922835342,3610153922846912,3610153922927882,3610153922929732,3610153922935862,0,11,88,1,model.layers.2.self_attn.indexer.compressor.state_cache
3610153923653457,3610153923823618,3610153923824618,3610153923825278,3610153923924999,3610153923936239,3610153924023659,3610153924025569,3610153924031469,0,11,88,1,model.layers.3.self_attn.compressor.state_cache
3610153977726030,3610153978244874,3610153978320454,3610153978599196,3610153978707657,3610153978721827,3610153979146080,3610153982480052,3610153982488352,1,10,80,4,model.layers.2.self_attn.indexer.k_cache
3610153983167326,3610153983338037,3610153983339047,3610153983339747,3610153983436508,3610153983449658,3610153983533988,3610153983589039,3610153983595769,0,10,80,4,model.layers.2.self_attn.attn
3610153984299993,3610153984471845,3610153984473045,3610153984473695,3610153984571085,3610153984584285,3610153984941938,3610153984944638,3610153984950928,0,10,80,128,model.layers.3.self_attn.attn
3610153985686823,3610153985856644,3610153985857704,3610153985858354,3610153985954494,3610153985966474,3610153986323847,3610153986326687,3610153986332857,0,10,80,1,model.layers.0.self_attn.swa_cache
3610153987031821,3610153987196832,3610153987197902,3610153987198522,3610153987294783,3610153987306423,3610153987388004,3610153987389894,3610153987396004,0,10,80,1,model.layers.1.self_attn.swa_cache
3610153988144029,3610153988363840,3610153988365140,3610153988365940,3610153988492311,3610153988507981,3610153988611672,3610153988614152,3610153988622292,0,10,80,1,model.layers.2.self_attn.compressor.state_cache
3610153989369907,3610153989589898,3610153989591358,3610153989592168,3610153989717399,3610153989732189,3610153989836900,3610153989839300,3610153989847290,0,10,80,1,model.layers.2.self_attn.indexer.compressor.state_cache
3610153990771816,3610153990986057,3610153990987377,3610153990988187,3610153991107538,3610153991122218,3610153991224279,3610153991226679,3610153991234679,0,10,80,1,model.layers.3.self_attn.compressor.state_cache
3610154059687406,3610154060255980,3610154060322281,3610154060653193,3610154060776684,3610154060790584,3610154061361407,3610154061818940,3610154061827950,1,11,4264,4,model.layers.2.self_attn.indexer.k_cache
3610154062558605,3610154062731446,3610154062732576,3610154062733256,3610154062847327,3610154062860287,3610154062956238,3610154063010208,3610154063016998,0,11,4264,4,model.layers.2.self_attn.attn
3610154063726753,3610154063893944,3610154063895104,3610154063895814,3610154063992165,3610154064014835,3610154064384937,3610154064387877,3610154064394287,0,11,4264,128,model.layers.3.self_attn.attn
3610154065113592,3610154065285783,3610154065286903,3610154065287543,3610154065384044,3610154065397004,3610154065752026,3610154065754896,3610154065761006,0,11,4264,1,model.layers.0.self_attn.swa_cache
3610154066468971,3610154066635612,3610154066636672,3610154066637362,3610154066733363,3610154066746063,3610154066824743,3610154066826743,3610154066832973,0,11,4264,1,model.layers.1.self_attn.swa_cache
3610154067522238,3610154067694519,3610154067695569,3610154067696179,3610154067792589,3610154067805210,3610154067883910,3610154067885860,3610154067891780,0,11,4264,1,model.layers.2.self_attn.compressor.state_cache
3610154068496144,3610154068664205,3610154068665145,3610154068665785,3610154068764756,3610154068777186,3610154068857516,3610154068859566,3610154068866137,0,11,4264,1,model.layers.2.self_attn.indexer.compressor.state_cache
3610154069597001,3610154069775502,3610154069776702,3610154069777432,3610154069873233,3610154069885163,3610154069963914,3610154069965494,3610154069971584,0,11,4264,1,model.layers.3.self_attn.compressor.state_cache
3610154492423126,3610154492975590,3610154493052631,3610154493366463,3610154493483033,3610154493498793,3610154494012717,3610154494779142,3610154494787632,1,10,80,4,model.layers.2.self_attn.indexer.k_cache
3610154495520407,3610154495698898,3610154495699968,3610154495700608,3610154495801708,3610154495814889,3610154495899149,3610154495953379,3610154495960480,0,10,80,4,model.layers.2.self_attn.attn
3610154496717274,3610154496884036,3610154496886036,3610154496886606,3610154496982746,3610154496995876,3610154497356919,3610154497359709,3610154497366459,0,10,80,128,model.layers.3.self_attn.attn
3610154498059153,3610154498231454,3610154498232464,3610154498233164,3610154498329155,3610154498341775,3610154498698577,3610154498701607,3610154498707807,0,10,80,1,model.layers.0.self_attn.swa_cache
3610154499402492,3610154499575613,3610154499576953,3610154499577673,3610154499679014,3610154499691524,3610154499775314,3610154499777224,3610154499784045,0,10,80,1,model.layers.1.self_attn.swa_cache
3610154500482879,3610154500649220,3610154500650260,3610154500650890,3610154500745381,3610154500757311,3610154500840111,3610154500842121,3610154500848781,0,10,80,1,model.layers.2.self_attn.compressor.state_cache
3610154501433525,3610154501599226,3610154501600266,3610154501600956,3610154501695587,3610154501707117,3610154501787128,3610154501789098,3610154501795688,0,10,80,1,model.layers.2.self_attn.indexer.compressor.state_cache
3610154502523592,3610154502696014,3610154502696974,3610154502697634,3610154502793544,3610154502805084,3610154502884295,3610154502886315,3610154502892715,0,10,80,1,model.layers.3.self_attn.compressor.state_cache
3610154568827976,3610154569397160,3610154569462610,3610154569818343,3610154569938423,3610154569952383,3610154570475847,3610154570922980,3610154570931570,1,12,8096,4,model.layers.2.self_attn.indexer.k_cache
3610154571652225,3610154571829956,3610154571831076,3610154571831726,3610154571931066,3610154571943866,3610154572041497,3610154572098587,3610154572105717,0,12,8096,4,model.layers.2.self_attn.attn
3610154572820412,3610154572991763,3610154572992813,3610154572993543,3610154573092224,3610154573104604,3610154573476136,3610154573478926,3610154573484987,0,12,8096,128,model.layers.3.self_attn.attn
3610154574200591,3610154574370392,3610154574371412,3610154574372002,3610154574471913,3610154574484203,3610154574839705,3610154574842575,3610154574848675,0,12,8096,1,model.layers.0.self_attn.swa_cache
3610154575556000,3610154575730681,3610154575731711,3610154575732331,3610154575829512,3610154575841242,3610154575924062,3610154575925882,3610154575932403,0,12,8096,1,model.layers.1.self_attn.swa_cache
3610154576641427,3610154576811598,3610154576812848,3610154576813418,3610154576910389,3610154576922609,3610154577004450,3610154577006410,3610154577013090,0,12,8096,1,model.layers.2.self_attn.compressor.state_cache
3610154577600543,3610154577770215,3610154577771245,3610154577771825,3610154577868275,3610154577880135,3610154577960326,3610154577962396,3610154577969036,0,12,8096,1,model.layers.2.self_attn.indexer.compressor.state_cache
3610154578696291,3610154578869732,3610154578870792,3610154578871332,3610154578968692,3610154578981012,3610154579060733,3610154579062583,3610154579068883,0,12,8096,1,model.layers.3.self_attn.compressor.state_cache
3610155048779934,3610155049322597,3610155049390418,3610155049701180,3610155049817030,3610155049830530,3610155050347674,3610155050718016,3610155050726626,1,11,424,4,model.layers.2.self_attn.indexer.k_cache
3610155051438671,3610155051607092,3610155051608212,3610155051608872,3610155051704893,3610155051716863,3610155051798293,3610155051846114,3610155051852914,0,11,424,4,model.layers.2.self_attn.attn
3610155052575198,3610155052746130,3610155052747230,3610155052747840,3610155052845940,3610155052858300,3610155053210453,3610155053213313,3610155053219333,0,11,424,128,model.layers.3.self_attn.attn
3610155053919207,3610155054092628,3610155054093758,3610155054094408,3610155054193349,3610155054205409,3610155054557631,3610155054560361,3610155054566321,0,11,424,1,model.layers.0.self_attn.swa_cache
3610155055257056,3610155055423117,3610155055424167,3610155055424747,3610155055520418,3610155055532308,3610155055636448,3610155055638458,3610155055644599,0,11,424,1,model.layers.1.self_attn.swa_cache
3610155056468554,3610155056632165,3610155056633225,3610155056633865,3610155056730926,3610155056742736,3610155056823436,3610155056825346,3610155056831706,0,11,424,1,model.layers.2.self_attn.compressor.state_cache
3610155057430910,3610155057594251,3610155057595381,3610155057596041,3610155057692432,3610155057703842,3610155057783562,3610155057785513,3610155057791953,0,11,424,1,model.layers.2.self_attn.indexer.compressor.state_cache
3610155058953800,3610155059132861,3610155059133911,3610155059134561,3610155059244162,3610155059257372,3610155059340493,3610155059342093,3610155059347893,0,11,424,1,model.layers.3.self_attn.compressor.state_cache
3610155488290057,3610155488849870,3610155488915461,3610155489220143,3610155489334663,3610155489347813,3610155489658586,3610155490018968,3610155490027168,1,12,4272,4,model.layers.2.self_attn.indexer.k_cache
3610155490732553,3610155490906324,3610155490907424,3610155490908054,3610155491005224,3610155491018144,3610155491099835,3610155491152465,3610155491159655,0,12,4272,4,model.layers.2.self_attn.attn
3610155491851150,3610155492036091,3610155492037151,3610155492037721,3610155492135082,3610155492147682,3610155492409873,3610155492412514,3610155492418194,0,12,4272,128,model.layers.3.self_attn.attn
3610155493112868,3610155493284669,3610155493285779,3610155493286429,3610155493383620,3610155493396140,3610155493662282,3610155493665012,3610155493670942,0,12,4272,1,model.layers.0.self_attn.swa_cache
3610155494370716,3610155494555118,3610155494556118,3610155494556768,3610155494657128,3610155494669728,3610155494751309,3610155494753389,3610155494759739,0,12,4272,1,model.layers.1.self_attn.swa_cache
3610155495452863,3610155495629125,3610155495630275,3610155495631005,3610155495728995,3610155495740825,3610155495822346,3610155495824196,3610155495830406,0,12,4272,1,model.layers.2.self_attn.compressor.state_cache
3610155496432160,3610155496601401,3610155496602511,3610155496603221,3610155496701712,3610155496714462,3610155496797432,3610155496799232,3610155496805302,0,12,4272,1,model.layers.2.self_attn.indexer.compressor.state_cache
3610155497534067,3610155497707478,3610155497708528,3610155497709148,3610155497806429,3610155497818539,3610155497899999,3610155497901729,3610155497907849,0,12,4272,1,model.layers.3.self_attn.compressor.state_cache
3610155916544265,3610155917070989,3610155917147759,3610155917422881,3610155917538262,3610155917552342,3610155917842854,3610155928712035,3610155928722265,1,12,96,4,model.layers.2.self_attn.indexer.k_cache
3610155929623451,3610155929850572,3610155929851982,3610155929852942,3610155929978173,3610155929994583,3610155930102654,3610155930170794,3610155930179974,0,12,96,4,model.layers.2.self_attn.attn
3610155931084610,3610155931308392,3610155931309832,3610155931310682,3610155931436573,3610155931454423,3610155931791505,3610155931794715,3610155931802645,0,12,96,128,model.layers.3.self_attn.attn
3610155932728911,3610155932952192,3610155932953602,3610155932954422,3610155933082253,3610155933098093,3610155933428266,3610155933431256,3610155933438936,0,12,96,1,model.layers.0.self_attn.swa_cache
3610155934334121,3610155934550843,3610155934552353,3610155934553263,3610155934677264,3610155934692644,3610155934798045,3610155934800505,3610155934808685,0,12,96,1,model.layers.1.self_attn.swa_cache
3610155935704570,3610155935922262,3610155935923612,3610155935924432,3610155936059833,3610155936076963,3610155936185754,3610155936188184,3610155936196084,0,12,96,1,model.layers.2.self_attn.compressor.state_cache
3610155936950659,3610155937113580,3610155937114640,3610155937115370,3610155937209560,3610155937221170,3610155937300351,3610155937302081,3610155937308231,0,12,96,1,model.layers.2.self_attn.indexer.compressor.state_cache
3610155938024686,3610155938189257,3610155938190267,3610155938190817,3610155938284237,3610155938295817,3610155938375238,3610155938377308,3610155938383578,0,12,96,1,model.layers.3.self_attn.compressor.state_cache
3610155998231139,3610155998782433,3610155998862563,3610155999193585,3610155999316686,3610155999332126,3610155999653698,3610156002838149,3610156002847409,1,11,88,4,model.layers.2.self_attn.indexer.k_cache
3610156003566784,3610156003733825,3610156003735035,3610156003735655,3610156003834906,3610156003848586,3610156003929376,3610156003978827,3610156003985787,0,11,88,4,model.layers.2.self_attn.attn
3610156004714221,3610156004882492,3610156004883482,3610156004884082,3610156004982243,3610156004996163,3610156005243415,3610156005245845,3610156005251975,0,11,88,128,model.layers.3.self_attn.attn
3610156005929989,3610156006091730,3610156006092750,3610156006093330,3610156006187711,3610156006199641,3610156006441203,3610156006443603,3610156006449223,0,11,88,1,model.layers.0.self_attn.swa_cache
3610156007117537,3610156007289648,3610156007290728,3610156007291398,3610156007385459,3610156007397269,3610156007472629,3610156007474529,3610156007480879,0,11,88,1,model.layers.1.self_attn.swa_cache
3610156008150824,3610156008313945,3610156008315005,3610156008315645,3610156008408605,3610156008419446,3610156008495936,3610156008497786,3610156008504626,0,11,88,1,model.layers.2.self_attn.compressor.state_cache
3610156009066620,3610156009239701,3610156009240921,3610156009241501,3610156009337832,3610156009349702,3610156009426522,3610156009428402,3610156009434692,0,11,88,1,model.layers.2.self_attn.indexer.compressor.state_cache
3610156010137787,3610156010301748,3610156010302728,3610156010303288,3610156010397088,3610156010407639,3610156010483099,3610156010484929,3610156010491109,0,11,88,1,model.layers.3.self_attn.compressor.state_cache
3610156065915211,3610156066469335,3610156066548365,3610156066869307,3610156066986698,3610156067002788,3610156067677563,3610156069583785,3610156069592675,1,10,80,4,model.layers.2.self_attn.indexer.k_cache
3610156070336950,3610156070501961,3610156070503081,3610156070503741,3610156070606982,3610156070620902,3610156070704702,3610156070758413,3610156070766323,0,10,80,4,model.layers.2.self_attn.attn
3610156071455737,3610156071620308,3610156071621328,3610156071621898,3610156071715799,3610156071728839,3610156072119332,3610156072122352,3610156072128772,0,10,80,128,model.layers.3.self_attn.attn
3610156072827666,3610156072993077,3610156072994247,3610156072994897,3610156073090838,3610156073102108,3610156073453240,3610156073456010,3610156073462011,0,10,80,1,model.layers.0.self_attn.swa_cache
3610156074167075,3610156074331636,3610156074332786,3610156074333366,3610156074429197,3610156074441017,3610156074521227,3610156074523097,3610156074529487,0,10,80,1,model.layers.1.self_attn.swa_cache
3610156075222682,3610156075390773,3610156075391853,3610156075392473,3610156075490264,3610156075502444,3610156075583654,3610156075585504,3610156075592154,0,10,80,1,model.layers.2.self_attn.compressor.state_cache
3610156076189788,3610156076365409,3610156076366479,3610156076367079,3610156076461110,3610156076472800,3610156076552181,3610156076554081,3610156076560131,0,10,80,1,model.layers.2.self_attn.indexer.compressor.state_cache
3610156077305886,3610156077466267,3610156077467367,3610156077468047,3610156077564087,3610156077575877,3610156077654808,3610156077656608,3610156077663098,0,10,80,1,model.layers.3.self_attn.compressor.state_cache
3610156135092923,3610156135628817,3610156135707137,3610156136045119,3610156136161480,3610156136176130,3610156136697684,3610156137462799,3610156137471239,1,9,72,4,model.layers.2.self_attn.indexer.k_cache
3610156138200933,3610156138368665,3610156138369555,3610156138370195,3610156138465875,3610156138479285,3610156138559266,3610156138611866,3610156138618446,0,9,72,4,model.layers.2.self_attn.attn
3610156139303821,3610156139470372,3610156139471342,3610156139471922,3610156139564672,3610156139577612,3610156139929545,3610156139932085,3610156139938035,0,9,72,128,model.layers.3.self_attn.attn
3610156140645929,3610156140817571,3610156140818631,3610156140819271,3610156140914431,3610156140926221,3610156141267544,3610156141270164,3610156141275824,0,9,72,1,model.layers.0.self_attn.swa_cache
3610156141954258,3610156142119079,3610156142120079,3610156142120699,3610156142214700,3610156142226640,3610156142306500,3610156142308520,3610156142314600,0,9,72,1,model.layers.1.self_attn.swa_cache
3610156142983295,3610156143154736,3610156143155766,3610156143156426,3610156143250336,3610156143261297,3610156143338557,3610156143340437,3610156143346707,0,9,72,1,model.layers.2.self_attn.compressor.state_cache
3610156143950021,3610156144128812,3610156144130012,3610156144130692,3610156144225113,3610156144237073,3610156144315223,3610156144316913,3610156144323073,0,9,72,1,model.layers.2.self_attn.indexer.compressor.state_cache
3610156145027828,3610156145198189,3610156145199319,3610156145199889,3610156145293460,3610156145304970,3610156145385290,3610156145387060,3610156145393610,0,9,72,1,model.layers.3.self_attn.compressor.state_cache
3610156200196489,3610156200760632,3610156200838503,3610156201172665,3610156201292556,3610156201312786,3610156201644058,3610156202323942,3610156202332503,1,9,72,4,model.layers.2.self_attn.indexer.k_cache
3610156203065147,3610156203227958,3610156203229088,3610156203229688,3610156203326489,3610156203338809,3610156203421710,3610156203474630,3610156203481580,0,9,72,4,model.layers.2.self_attn.attn
3610156204192385,3610156204361516,3610156204362526,3610156204363146,3610156204456456,3610156204469746,3610156204728408,3610156204731048,3610156204736578,0,9,72,128,model.layers.3.self_attn.attn
3610156205419333,3610156205587284,3610156205588274,3610156205588864,3610156205683134,3610156205694474,3610156205949016,3610156205951386,3610156205956946,0,9,72,1,model.layers.0.self_attn.swa_cache
3610156206627961,3610156206797332,3610156206798442,3610156206799032,3610156206897852,3610156206909292,3610156206986993,3610156206988843,3610156206995183,0,9,72,1,model.layers.1.self_attn.swa_cache
3610156207687717,3610156207852809,3610156207853859,3610156207854529,3610156207950399,3610156207962329,3610156208055100,3610156208056860,3610156208063390,0,9,72,1,model.layers.2.self_attn.compressor.state_cache
3610156208640774,3610156208810555,3610156208811675,3610156208812305,3610156208910915,3610156208922556,3610156209001466,3610156209003246,3610156209009516,0,9,72,1,model.layers.2.self_attn.indexer.compressor.state_cache
3610156209739271,3610156209906562,3610156209907772,3610156209908382,3610156210007453,3610156210020113,3610156210100633,3610156210102423,3610156210108523,0,9,72,1,model.layers.3.self_attn.compressor.state_cache
3610156269457111,3610156269972774,3610156270047085,3610156270340887,3610156270455898,3610156270470698,3610156270983331,3610156271735106,3610156271743246,1,8,64,4,model.layers.2.self_attn.indexer.k_cache
3610156272492011,3610156272667812,3610156272669062,3610156272669662,3610156272769983,3610156272782853,3610156272864723,3610156272915774,3610156272922324,0,8,64,4,model.layers.2.self_attn.attn
3610156273620038,3610156273792649,3610156273793949,3610156273794489,3610156273889360,3610156273903010,3610156274266333,3610156274268883,3610156274275183,0,8,64,128,model.layers.3.self_attn.attn
3610156274975707,3610156275144608,3610156275145718,3610156275146388,3610156275243749,3610156275255379,3610156275597891,3610156275600721,3610156275606761,0,8,64,1,model.layers.0.self_attn.swa_cache
3610156276318746,3610156276495357,3610156276496467,3610156276496987,3610156276595468,3610156276607638,3610156276686528,3610156276688408,3610156276694478,0,8,64,1,model.layers.1.self_attn.swa_cache
3610156277376853,3610156277541774,3610156277542844,3610156277543464,3610156277640355,3610156277652135,3610156277730995,3610156277732915,3610156277739305,0,8,64,1,model.layers.2.self_attn.compressor.state_cache
3610156278326189,3610156278520460,3610156278521600,3610156278522200,3610156278618041,3610156278629101,3610156278708542,3610156278710392,3610156278716642,0,8,64,1,model.layers.2.self_attn.indexer.compressor.state_cache
3610156279440506,3610156279610627,3610156279611787,3610156279612407,3610156279710048,3610156279722118,3610156279803479,3610156279805209,3610156279812049,0,8,64,1,model.layers.3.self_attn.compressor.state_cache
3610156344861954,3610156345413217,3610156345479708,3610156345809470,3610156345929591,3610156345943381,3610156346495554,3610156346942467,3610156346951447,1,9,4248,4,model.layers.2.self_attn.indexer.k_cache
3610156347670362,3610156347839033,3610156347840113,3610156347840813,3610156347937154,3610156347949994,3610156348042785,3610156348096565,3610156348103315,0,9,4248,4,model.layers.2.self_attn.attn
3610156348844170,3610156349010131,3610156349011231,3610156349011871,3610156349106462,3610156349118872,3610156349485924,3610156349488804,3610156349495164,0,9,4248,128,model.layers.3.self_attn.attn
3610156350185839,3610156350355370,3610156350356590,3610156350357310,3610156350450850,3610156350463820,3610156350814253,3610156350817413,3610156350823383,0,9,4248,1,model.layers.0.self_attn.swa_cache
3610156351520497,3610156351690548,3610156351691718,3610156351692428,3610156351786429,3610156351798319,3610156351877200,3610156351879070,3610156351885120,0,9,4248,1,model.layers.1.self_attn.swa_cache
3610156352583684,3610156352758275,3610156352759475,3610156352760115,3610156352852626,3610156352864806,3610156352941177,3610156352943007,3610156352949007,0,9,4248,1,model.layers.2.self_attn.compressor.state_cache
3610156353519090,3610156353685981,3610156353687221,3610156353687871,3610156353780962,3610156353792752,3610156353869773,3610156353871563,3610156353877803,0,9,4248,1,model.layers.2.self_attn.indexer.compressor.state_cache
3610156354598707,3610156354768559,3610156354769649,3610156354770489,3610156354864439,3610156354876139,3610156354954670,3610156354956630,3610156354963320,0,9,4248,1,model.layers.3.self_attn.compressor.state_cache
3610156758884649,3610156759392892,3610156759468922,3610156759758084,3610156759868775,3610156759882575,3610156760374358,3610156776113911,3610156776121881,1,9,72,4,model.layers.2.self_attn.indexer.k_cache
3610156776834386,3610156777011087,3610156777012207,3610156777012897,3610156777111468,3610156777124088,3610156777204708,3610156777253589,3610156777260259,0,9,72,4,model.layers.2.self_attn.attn
3610156777969223,3610156778138304,3610156778139444,3610156778140084,3610156778234405,3610156778247805,3610156778810979,3610156778816149,3610156778827399,0,9,72,128,model.layers.3.self_attn.attn
3610156780162358,3610156780478940,3610156780481010,3610156780482240,3610156780668301,3610156780691341,3610156781343945,3610156781348765,3610156781359935,0,9,72,1,model.layers.0.self_attn.swa_cache
3610156782708804,3610156783031856,3610156783033736,3610156783034896,3610156783215278,3610156783236998,3610156783387769,3610156783391479,3610156783403409,0,9,72,1,model.layers.1.self_attn.swa_cache
3610156784695557,3610156785013439,3610156785015259,3610156785016519,3610156785196390,3610156785218531,3610156785367432,3610156785370942,3610156785382222,0,9,72,1,model.layers.2.self_attn.compressor.state_cache
3610156786454669,3610156786792671,3610156786794001,3610156786794671,3610156786891442,3610156786902382,3610156786979172,3610156786980832,3610156786986662,0,9,72,1,model.layers.2.self_attn.indexer.compressor.state_cache
3610156787699547,3610156787867068,3610156787867998,3610156787868568,3610156787962409,3610156787973699,3610156788064549,3610156788066349,3610156788072289,0,9,72,1,model.layers.3.self_attn.compressor.state_cache
3610156858662340,3610156859229154,3610156859298384,3610156859642827,3610156859763577,3610156859778578,3610156860372611,3610156860853035,3610156860863475,1,10,8096,4,model.layers.2.self_attn.indexer.k_cache
3610156861687680,3610156861865141,3610156861866311,3610156861867031,3610156861965342,3610156861978452,3610156862060052,3610156862112133,3610156862119463,0,10,8096,4,model.layers.2.self_attn.attn
3610156862819867,3610156862988979,3610156862990149,3610156862990769,3610156863087039,3610156863099989,3610156863459292,3610156863462492,3610156863468562,0,10,8096,128,model.layers.3.self_attn.attn
3610156864183626,3610156864354267,3610156864355367,3610156864356017,3610156864452738,3610156864464938,3610156864811480,3610156864814510,3610156864821300,0,10,8096,1,model.layers.0.self_attn.swa_cache
3610156865518515,3610156865684786,3610156865685906,3610156865686546,3610156865780007,3610156865791767,3610156865867757,3610156865869787,3610156865876277,0,10,8096,1,model.layers.1.self_attn.swa_cache
3610156866568212,3610156866735043,3610156866736203,3610156866736783,3610156866829824,3610156866841444,3610156866919394,3610156866921424,3610156866927874,0,10,8096,1,model.layers.2.self_attn.compressor.state_cache
3610156867529338,3610156867696459,3610156867697549,3610156867698109,3610156867791270,3610156867803530,3610156867882540,3610156867884571,3610156867891001,0,10,8096,1,model.layers.2.self_attn.indexer.compressor.state_cache
3610156868665206,3610156868831607,3610156868832687,3610156868833267,3610156868927277,3610156868939887,3610156869021188,3610156869023188,3610156869029818,0,10,8096,1,model.layers.3.self_attn.compressor.state_cache
3610157344751995,3610157345289558,3610157345356379,3610157345661971,3610157345778272,3610157345792672,3610157346276825,3610157346713288,3610157346721968,1,11,4584,4,model.layers.2.self_attn.indexer.k_cache
3610157347424482,3610157347595133,3610157347596183,3610157347596703,3610157347694094,3610157347706844,3610157347788795,3610157347840405,3610157347847245,0,11,4584,4,model.layers.2.self_attn.attn
3610157348566810,3610157348736601,3610157348737771,3610157348738341,3610157348835312,3610157348848122,3610157349205014,3610157349208184,3610157349214444,0,11,4584,128,model.layers.3.self_attn.attn
3610157349907489,3610157350083550,3610157350084520,3610157350085190,3610157350181620,3610157350193500,3610157350545183,3610157350547963,3610157350554293,0,11,4584,1,model.layers.0.self_attn.swa_cache
3610157351255477,3610157351424298,3610157351425368,3610157351425958,3610157351522479,3610157351535339,3610157351615060,3610157351617170,3610157351623960,0,11,4584,1,model.layers.1.self_attn.swa_cache
3610157352419935,3610157352584976,3610157352586196,3610157352586826,3610157352686617,3610157352698637,3610157352781087,3610157352783437,3610157352789867,0,11,4584,1,model.layers.2.self_attn.compressor.state_cache
3610157353367451,3610157353532652,3610157353533772,3610157353534342,3610157353629083,3610157353640693,3610157353719303,3610157353721373,3610157353727854,0,11,4584,1,model.layers.2.self_attn.indexer.compressor.state_cache
3610157354979732,3610157355150753,3610157355151983,3610157355152583,3610157355253883,3610157355265454,3610157355345964,3610157355347914,3610157355354754,0,11,4584,1,model.layers.3.self_attn.compressor.state_cache
3610157778279916,3610157778812889,3610157778879270,3610157779166802,3610157779276812,3610157779290543,3610157779789556,3610157780253919,3610157780262909,1,12,4272,4,model.layers.2.self_attn.indexer.k_cache
3610157780960543,3610157781132555,3610157781133535,3610157781134105,3610157781232435,3610157781245395,3610157781562047,3610157781622088,3610157781629508,0,12,4272,4,model.layers.2.self_attn.attn
3610157782337672,3610157782505423,3610157782506393,3610157782507053,3610157782604384,3610157782616844,3610157782987167,3610157782990567,3610157782996607,0,12,4272,128,model.layers.3.self_attn.attn
3610157783689141,3610157783867782,3610157783868932,3610157783869582,3610157783968683,3610157783980783,3610157784351906,3610157784354696,3610157784360856,0,12,4272,1,model.layers.0.self_attn.swa_cache
3610157785054350,3610157785223171,3610157785224171,3610157785224821,3610157785318862,3610157785330652,3610157785408502,3610157785410232,3610157785416592,0,12,4272,1,model.layers.1.self_attn.swa_cache
3610157786090407,3610157786257208,3610157786258148,3610157786258778,3610157786357259,3610157786369329,3610157786449399,3610157786451299,3610157786457569,0,12,4272,1,model.layers.2.self_attn.compressor.state_cache
3610157787024243,3610157787188384,3610157787189384,3610157787190024,3610157787285335,3610157787297455,3610157787378005,3610157787379925,3610157787386045,0,12,4272,1,model.layers.2.self_attn.indexer.compressor.state_cache
3610157788114820,3610157788289081,3610157788290181,3610157788290801,3610157788387102,3610157788399192,3610157788479142,3610157788481082,3610157788487763,0,12,4272,1,model.layers.3.self_attn.compressor.state_cache
3610158201024376,3610158201540519,3610158201619679,3610158201889941,3610158201999032,3610158202013352,3610158202426125,3610158225163603,3610158225171623,1,12,96,4,model.layers.2.self_attn.indexer.k_cache
3610158226124209,3610158226357141,3610158226358671,3610158226359531,3610158226494452,3610158226512072,3610158226626923,3610158226699373,3610158226708873,0,12,96,4,model.layers.2.self_attn.attn
3610158227695560,3610158227924961,3610158227926281,3610158227927131,3610158228087932,3610158228109522,3610158228610756,3610158228614366,3610158228622766,0,12,96,128,model.layers.3.self_attn.attn
3610158229564202,3610158229794223,3610158229795683,3610158229796543,3610158229928314,3610158229944844,3610158230427318,3610158230431048,3610158230439008,0,12,96,1,model.layers.0.self_attn.swa_cache
3610158231371384,3610158231600185,3610158231601335,3610158231602225,3610158231734406,3610158231750476,3610158231859607,3610158231862227,3610158231870957,0,12,96,1,model.layers.1.self_attn.swa_cache
3610158232823613,3610158233049015,3610158233050335,3610158233051285,3610158233180985,3610158233196966,3610158233305936,3610158233308686,3610158233317006,0,12,96,1,model.layers.2.self_attn.compressor.state_cache
3610158234016051,3610158234185542,3610158234186662,3610158234187282,3610158234280303,3610158234291883,3610158234370483,3610158234372443,3610158234378343,0,12,96,1,model.layers.2.self_attn.indexer.compressor.state_cache
3610158235099908,3610158235271029,3610158235272119,3610158235272729,3610158235369880,3610158235382530,3610158235459510,3610158235461300,3610158235467300,0,12,96,1,model.layers.3.self_attn.compressor.state_cache
3610158293341658,3610158293868562,3610158293942512,3610158294223184,3610158294329515,3610158294343735,3610158294766828,3610158298312021,3610158298319991,1,12,96,4,model.layers.2.self_attn.indexer.k_cache
3610158298983045,3610158299153746,3610158299154866,3610158299155516,3610158299252417,3610158299265377,3610158299349307,3610158299402128,3610158299408848,0,12,96,4,model.layers.2.self_attn.attn
3610158300258663,3610158300489675,3610158300490985,3610158300491925,3610158300627146,3610158300646256,3610158301140039,3610158301143899,3610158301152229,0,12,96,128,model.layers.3.self_attn.attn
3610158302100575,3610158302331967,3610158302333257,3610158302334207,3610158302464348,3610158302480168,3610158302963091,3610158302966921,3610158302974991,0,12,96,1,model.layers.0.self_attn.swa_cache
3610158303914127,3610158304163559,3610158304164949,3610158304165839,3610158304298810,3610158304315350,3610158304422501,3610158304425021,3610158304433561,0,12,96,1,model.layers.1.self_attn.swa_cache
3610158305353597,3610158305588268,3610158305589538,3610158305590538,3610158305720479,3610158305736539,3610158305845310,3610158305847880,3610158305856230,0,12,96,1,model.layers.2.self_attn.compressor.state_cache
3610158306628985,3610158306849156,3610158306850726,3610158306851626,3610158306980027,3610158306996167,3610158307103788,3610158307106358,3610158307114788,0,12,96,1,model.layers.2.self_attn.indexer.compressor.state_cache
3610158308103495,3610158308338056,3610158308339056,3610158308339766,3610158308435667,3610158308447557,3610158308526477,3610158308528267,3610158308534527,0,12,96,1,model.layers.3.self_attn.compressor.state_cache
3610158369847168,3610158370370151,3610158370445572,3610158370726283,3610158370836574,3610158370850984,3610158371290667,3610158372057322,3610158372065742,1,12,96,4,model.layers.2.self_attn.indexer.k_cache
3610158372740147,3610158372908958,3610158372909998,3610158372910718,3610158373009328,3610158373021868,3610158373105499,3610158373158199,3610158373165009,0,12,96,4,model.layers.2.self_attn.attn
3610158373861664,3610158374028145,3610158374029155,3610158374029875,3610158374126486,3610158374139956,3610158374501878,3610158374504658,3610158374510728,0,12,96,128,model.layers.3.self_attn.attn
3610158375205693,3610158375368024,3610158375369034,3610158375369824,3610158375468664,3610158375481274,3610158375838187,3610158375840837,3610158375846907,0,12,96,1,model.layers.0.self_attn.swa_cache
3610158376554911,3610158376723753,3610158376724763,3610158376725473,3610158376820063,3610158376832583,3610158376912134,3610158376914044,3610158376919964,0,12,96,1,model.layers.1.self_attn.swa_cache
3610158377600828,3610158377766369,3610158377767289,3610158377768019,3610158377865920,3610158377877790,3610158377957461,3610158377959451,3610158377965631,0,12,96,1,model.layers.2.self_attn.compressor.state_cache
3610158378574035,3610158378738376,3610158378739296,3610158378739966,3610158378834586,3610158378845766,3610158378922657,3610158378924527,3610158378930547,0,12,96,1,model.layers.2.self_attn.indexer.compressor.state_cache
3610158379639142,3610158379809533,3610158379810623,3610158379811313,3610158379907133,3610158379919113,3610158379998154,3610158379999774,3610158380017554,0,12,96,1,model.layers.3.self_attn.compressor.state_cache
3610158432799469,3610158433326562,3610158433402283,3610158433664874,3610158433771245,3610158433785525,3610158434064507,3610158436882285,3610158436890335,1,12,96,4,model.layers.2.self_attn.indexer.k_cache
3610158437539970,3610158437711241,3610158437712181,3610158437712861,3610158437808941,3610158437821871,3610158437908672,3610158437960452,3610158437967332,0,12,96,4,model.layers.2.self_attn.attn
3610158438657907,3610158438820738,3610158438821718,3610158438822378,3610158438917829,3610158438931099,3610158439188100,3610158439190380,3610158439196350,0,12,96,128,model.layers.3.self_attn.attn
3610158439888695,3610158440130066,3610158440131386,3610158440132216,3610158440253807,3610158440269507,3610158440595210,3610158440598610,3610158440606150,0,12,96,1,model.layers.0.self_attn.swa_cache
3610158441482765,3610158441697927,3610158441699207,3610158441700097,3610158441821108,3610158441835538,3610158441935708,3610158441938088,3610158441946308,0,12,96,1,model.layers.1.self_attn.swa_cache
3610158442806574,3610158443017715,3610158443018945,3610158443019725,3610158443146006,3610158443161446,3610158443263827,3610158443266187,3610158443274137,0,12,96,1,model.layers.2.self_attn.compressor.state_cache
3610158444046452,3610158444259363,3610158444260513,3610158444261423,3610158444380774,3610158444395504,3610158444496295,3610158444498385,3610158444506635,0,12,96,1,model.layers.2.self_attn.indexer.compressor.state_cache
3610158445407241,3610158445614252,3610158445615572,3610158445616452,3610158445735753,3610158445750263,3610158445850464,3610158445852634,3610158445860444,0,12,96,1,model.layers.3.self_attn.compressor.state_cache
3610158504840639,3610158505386722,3610158505463223,3610158505734605,3610158505843635,3610158505857966,3610158506134447,3610158506785832,3610158506793852,1,12,96,4,model.layers.2.self_attn.indexer.k_cache
3610158507503416,3610158507671157,3610158507672177,3610158507672867,3610158507770468,3610158507784238,3610158507868649,3610158507920059,3610158507927049,0,12,96,4,model.layers.2.self_attn.attn
3610158508670514,3610158508837765,3610158508838795,3610158508839445,3610158508936966,3610158508950596,3610158509214487,3610158509217017,3610158509223028,0,12,96,128,model.layers.3.self_attn.attn
3610158509934782,3610158510106303,3610158510107443,3610158510108093,3610158510204304,3610158510216304,3610158510471006,3610158510473496,3610158510479556,0,12,96,1,model.layers.0.self_attn.swa_cache
3610158511184490,3610158511356021,3610158511357131,3610158511357921,3610158511454262,3610158511466252,3610158511544933,3610158511546993,3610158511553413,0,12,96,1,model.layers.1.self_attn.swa_cache
3610158512269697,3610158512434438,3610158512435438,3610158512436058,3610158512535499,3610158512547429,3610158512628730,3610158512630540,3610158512636860,0,12,96,1,model.layers.2.self_attn.compressor.state_cache
3610158513222714,3610158513392655,3610158513393805,3610158513394465,3610158513491805,3610158513504465,3610158513584496,3610158513586546,3610158513592876,0,12,96,1,model.layers.2.self_attn.indexer.compressor.state_cache
3610158514341041,3610158514507802,3610158514508712,3610158514509372,3610158514605743,3610158514617943,3610158514700893,3610158514702833,3610158514709493,0,12,96,1,model.layers.3.self_attn.compressor.state_cache
3610158567502578,3610158568049822,3610158568128162,3610158568658625,3610158568775246,3610158568789816,3610158569083788,3610158570638758,3610158570646688,1,12,96,4,model.layers.2.self_attn.indexer.k_cache
3610158571363813,3610158571551574,3610158571552854,3610158571553604,3610158571660205,3610158571674625,3610158571766296,3610158571822636,3610158571830326,0,12,96,4,model.layers.2.self_attn.attn
3610158572649302,3610158572840143,3610158572841493,3610158572842243,3610158572947994,3610158572963474,3610158573253506,3610158573256156,3610158573262886,0,12,96,128,model.layers.3.self_attn.attn
3610158574047101,3610158574228092,3610158574229302,3610158574230092,3610158574338123,3610158574351443,3610158574632045,3610158574635155,3610158574641715,0,12,96,1,model.layers.0.self_attn.swa_cache
3610158575412500,3610158575598751,3610158575599981,3610158575600841,3610158575707892,3610158575722052,3610158575813072,3610158575815322,3610158575822482,0,12,96,1,model.layers.1.self_attn.swa_cache
3610158576596127,3610158576778209,3610158576779299,3610158576780059,3610158576885399,3610158576898629,3610158576985600,3610158576987650,3610158576994420,0,12,96,1,model.layers.2.self_attn.compressor.state_cache
3610158577634554,3610158577815675,3610158577816945,3610158577817725,3610158577925436,3610158577938466,3610158578026717,3610158578028727,3610158578035687,0,12,96,1,model.layers.2.self_attn.indexer.compressor.state_cache
3610158578829752,3610158579013263,3610158579014413,3610158579015163,3610158579123644,3610158579137454,3610158579226214,3610158579228465,3610158579275875,0,12,96,1,model.layers.3.self_attn.compressor.state_cache
3610158632526272,3610158633055056,3610158633132096,3610158633401758,3610158633510769,3610158633525379,3610158634197083,3610158636661609,3610158636671609,1,12,96,4,model.layers.2.self_attn.indexer.k_cache
3610158637453315,3610158637666866,3610158637668306,3610158637669206,3610158637787497,3610158637803277,3610158637906328,3610158637975168,3610158637983908,0,12,96,4,model.layers.2.self_attn.attn
3610158638832014,3610158639041245,3610158639042505,3610158639043505,3610158639161076,3610158639177496,3610158639621639,3610158639624979,3610158639632289,0,12,96,128,model.layers.3.self_attn.attn
3610158640501835,3610158640711386,3610158640712716,3610158640713546,3610158640832427,3610158640847227,3610158641276570,3610158641279960,3610158641287580,0,12,96,1,model.layers.0.self_attn.swa_cache
3610158642140495,3610158642337666,3610158642338837,3610158642339647,3610158642458317,3610158642473127,3610158642570028,3610158642572288,3610158642579988,0,12,96,1,model.layers.1.self_attn.swa_cache
3610158643406753,3610158643609335,3610158643610695,3610158643611505,3610158643728956,3610158643743966,3610158643842556,3610158643844846,3610158643852416,0,12,96,1,model.layers.2.self_attn.compressor.state_cache
3610158644609301,3610158644774182,3610158644775262,3610158644775942,3610158644872163,3610158644884563,3610158644963144,3610158644964924,3610158644971544,0,12,96,1,model.layers.2.self_attn.indexer.compressor.state_cache
3610158645714139,3610158645883330,3610158645884440,3610158645885160,3610158645984480,3610158645996780,3610158646078171,3610158646080201,3610158646086811,0,12,96,1,model.layers.3.self_attn.compressor.state_cache
3610158698904816,3610158699730581,3610158699808412,3610158700113224,3610158700224064,3610158700239864,3610158700684787,3610158701772304,3610158701779954,1,12,96,4,model.layers.2.self_attn.indexer.k_cache
3610158702423619,3610158702597280,3610158702598440,3610158702599130,3610158702696080,3610158702709300,3610158702793841,3610158702845991,3610158702853511,0,12,96,4,model.layers.2.self_attn.attn
3610158703560946,3610158703730477,3610158703731437,3610158703732097,3610158703828858,3610158703842518,3610158704222300,3610158704225200,3610158704231680,0,12,96,128,model.layers.3.self_attn.attn
3610158704939085,3610158705106956,3610158705108056,3610158705108776,3610158705205907,3610158705218117,3610158705577339,3610158705580439,3610158705586679,0,12,96,1,model.layers.0.self_attn.swa_cache
3610158706290334,3610158706455095,3610158706456125,3610158706456795,3610158706553926,3610158706565916,3610158706646706,3610158706648456,3610158706654966,0,12,96,1,model.layers.1.self_attn.swa_cache
3610158707341191,3610158707510932,3610158707511852,3610158707512582,3610158707609092,3610158707620733,3610158707702563,3610158707704673,3610158707711223,0,12,96,1,model.layers.2.self_attn.compressor.state_cache
3610158708300647,3610158708469058,3610158708469998,3610158708470728,3610158708568969,3610158708581079,3610158708660319,3610158708662339,3610158708668909,0,12,96,1,model.layers.2.self_attn.indexer.compressor.state_cache
3610158709456905,3610158709623846,3610158709624966,3610158709625686,3610158709719236,3610158709731206,3610158709811057,3610158709813127,3610158709819877,0,12,96,1,model.layers.3.self_attn.compressor.state_cache
3610158762627891,3610158763153265,3610158763229345,3610158763493627,3610158763599848,3610158763614308,3610158764018221,3610158767860746,3610158767870766,1,12,96,4,model.layers.2.self_attn.indexer.k_cache
3610158768665611,3610158768875132,3610158768876292,3610158768877112,3610158768992703,3610158769008863,3610158769109214,3610158769169634,3610158769178134,0,12,96,4,model.layers.2.self_attn.attn
3610158770032930,3610158770236771,3610158770237971,3610158770238801,3610158770355882,3610158770372762,3610158770813435,3610158770816505,3610158770824115,0,12,96,128,model.layers.3.self_attn.attn
3610158771681501,3610158771890112,3610158771891332,3610158771892142,3610158772028973,3610158772045193,3610158772482006,3610158772485386,3610158772492776,0,12,96,1,model.layers.0.self_attn.swa_cache
3610158773335981,3610158773541833,3610158773542973,3610158773543723,3610158773660943,3610158773675444,3610158773769074,3610158773771324,3610158773778944,0,12,96,1,model.layers.1.self_attn.swa_cache
3610158774606260,3610158774817351,3610158774818631,3610158774819551,3610158774937902,3610158774953102,3610158775049592,3610158775051903,3610158775059653,0,12,96,1,model.layers.2.self_attn.compressor.state_cache
3610158775748377,3610158775956088,3610158775957118,3610158775957798,3610158776064099,3610158776076569,3610158776158380,3610158776160520,3610158776166830,0,12,96,1,model.layers.2.self_attn.indexer.compressor.state_cache
3610158776883704,3610158777049806,3610158777050846,3610158777051476,3610158777147376,3610158777159156,3610158777238187,3610158777240127,3610158777246537,0,12,96,1,model.layers.3.self_attn.compressor.state_cache
3610158830396624,3610158831161849,3610158831242849,3610158831522111,3610158831637012,3610158831652372,3610158832126875,3610158833429693,3610158833437803,1,12,96,4,model.layers.2.self_attn.indexer.k_cache
3610158834118098,3610158834288859,3610158834290029,3610158834290659,3610158834387690,3610158834401190,3610158834485260,3610158834535731,3610158834543241,0,12,96,4,model.layers.2.self_attn.attn
3610158835251045,3610158835423196,3610158835424196,3610158835424906,3610158835521247,3610158835535117,3610158835930630,3610158835933280,3610158835939720,0,12,96,128,model.layers.3.self_attn.attn
3610158836681945,3610158836856796,3610158836857886,3610158836858546,3610158836957206,3610158836969697,3610158837339579,3610158837342469,3610158837348959,0,12,96,1,model.layers.0.self_attn.swa_cache
3610158838048054,3610158838216805,3610158838217845,3610158838218555,3610158838317085,3610158838329645,3610158838411846,3610158838413676,3610158838420226,0,12,96,1,model.layers.1.self_attn.swa_cache
3610158839113011,3610158839278262,3610158839279332,3610158839279982,3610158839376322,3610158839388842,3610158839470093,3610158839471903,3610158839478483,0,12,96,1,model.layers.2.self_attn.compressor.state_cache
3610158840073427,3610158840244868,3610158840245948,3610158840246688,3610158840345949,3610158840358169,3610158840440339,3610158840442269,3610158840449009,0,12,96,1,model.layers.2.self_attn.indexer.compressor.state_cache
3610158841171334,3610158841335615,3610158841336635,3610158841337415,3610158841433956,3610158841445646,3610158841525106,3610158841527106,3610158841533486,0,12,96,1,model.layers.3.self_attn.compressor.state_cache
3610158894896405,3610158895426138,3610158895501288,3610158895771360,3610158895878221,3610158895892651,3610158896188143,3610158899316703,3610158899326283,1,12,96,4,model.layers.2.self_attn.indexer.k_cache
3610158900167909,3610158900383290,3610158900384590,3610158900385470,3610158900508281,3610158900524921,3610158900630482,3610158900692702,3610158900700892,0,12,96,4,model.layers.2.self_attn.attn
3610158901593548,3610158901808970,3610158901810290,3610158901811170,3610158901931840,3610158901948881,3610158902283333,3610158902286613,3610158902294123,0,12,96,128,model.layers.3.self_attn.attn
3610158903217869,3610158903437240,3610158903438440,3610158903439320,3610158903566961,3610158903582921,3610158903916613,3610158903919383,3610158903926643,0,12,96,1,model.layers.0.self_attn.swa_cache
3610158904841469,3610158905059541,3610158905060901,3610158905061731,3610158905183752,3610158905198952,3610158905303282,3610158905305672,3610158905313772,0,12,96,1,model.layers.1.self_attn.swa_cache
3610158906186398,3610158906398090,3610158906399400,3610158906400140,3610158906525050,3610158906540360,3610158906646571,3610158906649051,3610158906657341,0,12,96,1,model.layers.2.self_attn.compressor.state_cache
3610158907346736,3610158907514167,3610158907515217,3610158907515867,3610158907611987,3610158907624548,3610158907705028,3610158907706798,3610158907713038,0,12,96,1,model.layers.2.self_attn.indexer.compressor.state_cache
3610158908447923,3610158908616614,3610158908617734,3610158908618394,3610158908714455,3610158908726105,3610158908807355,3610158908809365,3610158908815865,0,12,96,1,model.layers.3.self_attn.compressor.state_cache
3610158965928498,3610158966481792,3610158966557112,3610158966874074,3610158966991795,3610158967007055,3610158967357937,3610158968046242,3610158968054182,1,11,88,4,model.layers.2.self_attn.indexer.k_cache
3610158968789277,3610158968960058,3610158968961118,3610158968961768,3610158969061388,3610158969074199,3610158969156779,3610158969207969,3610158969214519,0,11,88,4,model.layers.2.self_attn.attn
3610158969916004,3610158970087155,3610158970088235,3610158970088865,3610158970183676,3610158970196516,3610158970455658,3610158970457998,3610158970463658,0,11,88,128,model.layers.3.self_attn.attn
3610158971165412,3610158971340203,3610158971341183,3610158971341703,3610158971438334,3610158971449744,3610158971708676,3610158971711386,3610158971717136,0,11,88,1,model.layers.0.self_attn.swa_cache
3610158972458771,3610158972629432,3610158972630392,3610158972631012,3610158972725942,3610158972737702,3610158972815463,3610158972817383,3610158972823593,0,11,88,1,model.layers.1.self_attn.swa_cache
3610158973523608,3610158973694529,3610158973695539,3610158973696139,3610158973795119,3610158973807459,3610158973888140,3610158973889970,3610158973896170,0,11,88,1,model.layers.2.self_attn.compressor.state_cache
3610158974483794,3610158974649985,3610158974650965,3610158974651625,3610158974746556,3610158974758466,3610158974839026,3610158974840846,3610158974847046,0,11,88,1,model.layers.2.self_attn.indexer.compressor.state_cache
3610158975587511,3610158975756042,3610158975757172,3610158975757762,3610158975853143,3610158975865223,3610158975942683,3610158975944463,3610158975950753,0,11,88,1,model.layers.3.self_attn.compressor.state_cache
3610159033625420,3610159034172843,3610159034251304,3610159034578116,3610159034698327,3610159034713407,3610159035261220,3610159036028415,3610159036037945,1,10,80,4,model.layers.2.self_attn.indexer.k_cache
3610159036776500,3610159036944461,3610159036945531,3610159036946251,3610159037041902,3610159037054422,3610159037134973,3610159037185723,3610159037192123,0,10,80,4,model.layers.2.self_attn.attn
3610159037878167,3610159038043329,3610159038044279,3610159038044979,3610159038138859,3610159038151599,3610159038532642,3610159038534962,3610159038540582,0,10,80,128,model.layers.3.self_attn.attn
3610159039230506,3610159039396717,3610159039397647,3610159039398167,3610159039492188,3610159039503548,3610159039858840,3610159039861720,3610159039867330,0,10,80,1,model.layers.0.self_attn.swa_cache
3610159040573535,3610159040739406,3610159040740456,3610159040741096,3610159040836497,3610159040848907,3610159040928297,3610159040930097,3610159040936467,0,10,80,1,model.layers.1.self_attn.swa_cache
3610159041608382,3610159041772123,3610159041773073,3610159041773723,3610159041867144,3610159041879154,3610159041960014,3610159041961894,3610159041968174,0,10,80,1,model.layers.2.self_attn.compressor.state_cache
3610159042534308,3610159042700339,3610159042701339,3610159042702099,3610159042794300,3610159042806020,3610159042883750,3610159042885410,3610159042891910,0,10,80,1,model.layers.2.self_attn.indexer.compressor.state_cache
3610159043632575,3610159043794796,3610159043795836,3610159043796536,3610159043890897,3610159043902287,3610159043982547,3610159043984437,3610159043990427,0,10,80,1,model.layers.3.self_attn.compressor.state_cache
3610159098830075,3610159099361589,3610159099437359,3610159099747951,3610159099864182,3610159099878742,3610159100410776,3610159101158400,3610159101167050,1,10,80,4,model.layers.2.self_attn.indexer.k_cache
3610159101882785,3610159102053656,3610159102054786,3610159102055406,3610159102152727,3610159102164907,3610159102249288,3610159102301598,3610159102308278,0,10,80,4,model.layers.2.self_attn.attn
3610159102993142,3610159103158293,3610159103159263,3610159103159913,3610159103252904,3610159103265814,3610159103617096,3610159103619726,3610159103625836,0,10,80,128,model.layers.3.self_attn.attn
3610159104367261,3610159104534202,3610159104535172,3610159104535792,3610159104629933,3610159104641113,3610159104995485,3610159104998275,3610159105004105,0,10,80,1,model.layers.0.self_attn.swa_cache
3610159105726950,3610159105892961,3610159105893911,3610159105894471,3610159105990972,3610159106003182,3610159106083773,3610159106085693,3610159106091813,0,10,80,1,model.layers.1.self_attn.swa_cache
3610159106765147,3610159106928368,3610159106929378,3610159106929958,3610159107024069,3610159107035619,3610159107115219,3610159107116979,3610159107123009,0,10,80,1,model.layers.2.self_attn.compressor.state_cache
3610159107693673,3610159107858074,3610159107859024,3610159107859664,3610159107950915,3610159107961955,3610159108052735,3610159108054455,3610159108060425,0,10,80,1,model.layers.2.self_attn.indexer.compressor.state_cache
3610159108772360,3610159108935361,3610159108936191,3610159108936841,3610159109031502,3610159109043202,3610159109122802,3610159109124822,3610159109130912,0,10,80,1,model.layers.3.self_attn.compressor.state_cache
3610159164056721,3610159164598454,3610159164675065,3610159164978417,3610159165093438,3610159165108158,3610159165613461,3610159166369986,3610159166378506,1,9,72,4,model.layers.2.self_attn.indexer.k_cache
3610159167065510,3610159167235692,3610159167236582,3610159167237342,3610159167333522,3610159167346922,3610159167432453,3610159167484843,3610159167491653,0,9,72,4,model.layers.2.self_attn.attn
3610159168207078,3610159168378259,3610159168379259,3610159168379849,3610159168475990,3610159168489600,3610159168855082,3610159168857832,3610159168864012,0,9,72,128,model.layers.3.self_attn.attn
3610159169566937,3610159169735208,3610159169736198,3610159169736828,3610159169831319,3610159169842929,3610159170237141,3610159170240141,3610159170246211,0,9,72,1,model.layers.0.self_attn.swa_cache
3610159170946376,3610159171120547,3610159171121597,3610159171122207,3610159171217568,3610159171229598,3610159171310488,3610159171312518,3610159171318928,0,9,72,1,model.layers.1.self_attn.swa_cache
3610159172018423,3610159172201774,3610159172202834,3610159172203424,3610159172301265,3610159172313115,3610159172394505,3610159172396405,3610159172402745,0,9,72,1,model.layers.2.self_attn.compressor.state_cache
3610159172986799,3610159173151440,3610159173152450,3610159173153100,3610159173247311,3610159173258871,3610159173339221,3610159173341211,3610159173347511,0,9,72,1,model.layers.2.self_attn.indexer.compressor.state_cache
3610159174064436,3610159174229687,3610159174230787,3610159174231447,3610159174325028,3610159174337078,3610159174415428,3610159174417388,3610159174423528,0,9,72,1,model.layers.3.self_attn.compressor.state_cache
3610159227570315,3610159228141719,3610159228219329,3610159228490611,3610159228598422,3610159228612262,3610159228897754,3610159229542198,3610159229550588,1,9,72,4,model.layers.2.self_attn.indexer.k_cache
3610159230211202,3610159230382074,3610159230383244,3610159230383884,3610159230479334,3610159230492254,3610159230574365,3610159230626485,3610159230633195,0,9,72,4,model.layers.2.self_attn.attn
3610159231326380,3610159231495431,3610159231496561,3610159231497241,3610159231592942,3610159231605652,3610159231861803,3610159231864493,3610159231870533,0,9,72,128,model.layers.3.self_attn.attn
3610159232615078,3610159232778199,3610159232779289,3610159232779869,3610159232873920,3610159232886250,3610159233140622,3610159233142982,3610159233148692,0,9,72,1,model.layers.0.self_attn.swa_cache
3610159233839726,3610159234005757,3610159234006767,3610159234007507,3610159234104248,3610159234116028,3610159234194318,3610159234196308,3610159234202689,0,9,72,1,model.layers.1.self_attn.swa_cache
3610159234889033,3610159235056204,3610159235057264,3610159235057934,3610159235155285,3610159235167135,3610159235247195,3610159235249195,3610159235255565,0,9,72,1,model.layers.2.self_attn.compressor.state_cache
3610159235830649,3610159235998380,3610159235999380,3610159236000030,3610159236105721,3610159236117771,3610159236196892,3610159236198942,3610159236205252,0,9,72,1,model.layers.2.self_attn.indexer.compressor.state_cache
3610159236915366,3610159237080207,3610159237081167,3610159237081757,3610159237176798,3610159237188898,3610159237267389,3610159237269259,3610159237275579,0,9,72,1,model.layers.3.self_attn.compressor.state_cache
3610159295374138,3610159295901101,3610159295966012,3610159296257883,3610159296368314,3610159296381274,3610159296832847,3610159297275210,3610159297283110,1,10,4256,4,model.layers.2.self_attn.indexer.k_cache
3610159297949044,3610159298117326,3610159298118356,3610159298119016,3610159298217736,3610159298230326,3610159298313747,3610159298364827,3610159298371757,0,10,4256,4,model.layers.2.self_attn.attn
3610159299076272,3610159299241053,3610159299242003,3610159299242633,3610159299339094,3610159299351414,3610159299732386,3610159299735226,3610159299741406,0,10,4256,128,model.layers.3.self_attn.attn
3610159300470611,3610159300645592,3610159300646712,3610159300647352,3610159300747563,3610159300759773,3610159301159705,3610159301162565,3610159301168676,0,10,4256,1,model.layers.0.self_attn.swa_cache
3610159301874150,3610159302039511,3610159302040681,3610159302041381,3610159302137412,3610159302148922,3610159302230522,3610159302232282,3610159302238612,0,10,4256,1,model.layers.1.self_attn.swa_cache
3610159302930667,3610159303096568,3610159303097558,3610159303098208,3610159303193469,3610159303204839,3610159303283419,3610159303285219,3610159303291709,0,10,4256,1,model.layers.2.self_attn.compressor.state_cache
3610159303870813,3610159304051424,3610159304052404,3610159304053074,3610159304152045,3610159304164385,3610159304246356,3610159304248226,3610159304254586,0,10,4256,1,model.layers.2.self_attn.indexer.compressor.state_cache
3610159304985870,3610159305156892,3610159305158012,3610159305158662,3610159305256012,3610159305270232,3610159305350963,3610159305352973,3610159305359303,0,10,4256,1,model.layers.3.self_attn.compressor.state_cache
3610159725738306,3610159726275069,3610159726353150,3610159726637202,3610159726754822,3610159726769072,3610159727228585,3610159727988130,3610159727996520,1,9,72,4,model.layers.2.self_attn.indexer.k_cache
3610159728728055,3610159728903326,3610159728904466,3610159728905116,3610159729004037,3610159729017687,3610159729102148,3610159729154568,3610159729161288,0,9,72,4,model.layers.2.self_attn.attn
3610159729848843,3610159730015284,3610159730016444,3610159730017084,3610159730112564,3610159730125424,3610159730558267,3610159730560887,3610159730566927,0,9,72,128,model.layers.3.self_attn.attn
3610159731260142,3610159731428283,3610159731429273,3610159731429853,3610159731529053,3610159731541194,3610159731904056,3610159731906786,3610159731912666,0,9,72,1,model.layers.0.self_attn.swa_cache
3610159732623411,3610159732789832,3610159732790842,3610159732791372,3610159732887142,3610159732899362,3610159732979523,3610159732981583,3610159732988323,0,9,72,1,model.layers.1.self_attn.swa_cache
3610159733666987,3610159733837479,3610159733838419,3610159733839049,3610159733934329,3610159733946049,3610159734027820,3610159734029770,3610159734035860,0,9,72,1,model.layers.2.self_attn.compressor.state_cache
3610159734607884,3610159734776455,3610159734777625,3610159734778255,3610159734873675,3610159734885395,3610159734965076,3610159734966936,3610159734973056,0,9,72,1,model.layers.2.self_attn.indexer.compressor.state_cache
3610159735738921,3610159735908572,3610159735909662,3610159735910362,3610159736021513,3610159736035103,3610159736117383,3610159736119253,3610159736125163,0,9,72,1,model.layers.3.self_attn.compressor.state_cache
3610159795107068,3610159795651472,3610159795715852,3610159796023984,3610159796137825,3610159796151445,3610159796835729,3610159797355873,3610159797364923,1,10,4256,4,model.layers.2.self_attn.indexer.k_cache
3610159798102148,3610159798273429,3610159798274539,3610159798275129,3610159798375239,3610159798387280,3610159798471440,3610159798522920,3610159798529860,0,10,4256,4,model.layers.2.self_attn.attn
3610159799233445,3610159799404396,3610159799405446,3610159799406056,3610159799504797,3610159799516777,3610159799904359,3610159799907109,3610159799913120,0,10,4256,128,model.layers.3.self_attn.attn
3610159800655094,3610159800824025,3610159800825175,3610159800825865,3610159800923956,3610159800935876,3610159801301599,3610159801304309,3610159801310589,0,10,4256,1,model.layers.0.self_attn.swa_cache
3610159802014343,3610159802183244,3610159802184254,3610159802184864,3610159802282955,3610159802294915,3610159802376256,3610159802378196,3610159802384426,0,10,4256,1,model.layers.1.self_attn.swa_cache
3610159803075450,3610159803242701,3610159803243821,3610159803244491,3610159803340132,3610159803351752,3610159803431192,3610159803433242,3610159803439472,0,10,4256,1,model.layers.2.self_attn.compressor.state_cache
3610159804058917,3610159804240408,3610159804241608,3610159804242308,3610159804341668,3610159804353178,3610159804433189,3610159804435229,3610159804441749,0,10,4256,1,model.layers.2.self_attn.indexer.compressor.state_cache
3610159805172664,3610159805339985,3610159805341035,3610159805341765,3610159805437226,3610159805448446,3610159805528266,3610159805530196,3610159805536646,0,10,4256,1,model.layers.3.self_attn.compressor.state_cache
3610160219992779,3610160220544133,3610160220621473,3610160220893125,3610160221002816,3610160221017916,3610160221452249,3610160234928207,3610160234936037,1,10,80,4,model.layers.2.self_attn.indexer.k_cache
3610160235626641,3610160235800412,3610160235801422,3610160235802062,3610160235900093,3610160235913753,3610160235996184,3610160236071784,3610160236078634,0,10,80,4,model.layers.2.self_attn.attn
3610160236772559,3610160236934890,3610160236935880,3610160236936510,3610160237032080,3610160237045241,3610160237408433,3610160237411313,3610160237417233,0,10,80,128,model.layers.3.self_attn.attn
3610160238109378,3610160238278319,3610160238279309,3610160238280079,3610160238374219,3610160238385819,3610160238746942,3610160238749902,3610160238755872,0,10,80,1,model.layers.0.self_attn.swa_cache
3610160239446486,3610160239614557,3610160239615537,3610160239616267,3610160239756408,3610160239772398,3610160239885029,3610160239887699,3610160239896219,0,10,80,1,model.layers.1.self_attn.swa_cache
3610160240856315,3610160241090377,3610160241091857,3610160241092707,3610160241225398,3610160241242058,3610160241353329,3610160241356069,3610160241365119,0,10,80,1,model.layers.2.self_attn.compressor.state_cache
3610160242136214,3610160242360405,3610160242361775,3610160242362665,3610160242487446,3610160242503886,3610160242611917,3610160242614407,3610160242622867,0,10,80,1,model.layers.2.self_attn.indexer.compressor.state_cache
3610160243590353,3610160243819135,3610160243820525,3610160243821275,3610160243951426,3610160243967146,3610160244092277,3610160244094917,3610160244103627,0,10,80,1,model.layers.3.self_attn.compressor.state_cache
3610160303182952,3610160303714325,3610160303789786,3610160304088178,3610160304198229,3610160304213299,3610160304648772,3610160307815882,3610160307824102,1,10,80,4,model.layers.2.self_attn.indexer.k_cache
3610160308519397,3610160308690748,3610160308691778,3610160308692478,3610160308790919,3610160308803999,3610160308886229,3610160308938329,3610160308945370,0,10,80,4,model.layers.2.self_attn.attn
3610160309659914,3610160309832975,3610160309834045,3610160309834735,3610160309933426,3610160309947126,3610160310312168,3610160310314608,3610160310320459,0,10,80,128,model.layers.3.self_attn.attn
3610160311050553,3610160311222044,3610160311223234,3610160311223924,3610160311318885,3610160311330435,3610160311686887,3610160311689797,3610160311695937,0,10,80,1,model.layers.0.self_attn.swa_cache
3610160312399722,3610160312566413,3610160312567503,3610160312568193,3610160312662834,3610160312674304,3610160312755214,3610160312757074,3610160312763364,0,10,80,1,model.layers.1.self_attn.swa_cache
3610160313591160,3610160313806311,3610160313807711,3610160313808511,3610160313929762,3610160313944452,3610160314048023,3610160314050513,3610160314058673,0,10,80,1,model.layers.2.self_attn.compressor.state_cache
3610160314803048,3610160315023089,3610160315024459,3610160315025419,3610160315147190,3610160315162660,3610160315265641,3610160315268191,3610160315276031,0,10,80,1,model.layers.2.self_attn.indexer.compressor.state_cache
3610160316205957,3610160316431198,3610160316432518,3610160316433298,3610160316557099,3610160316572829,3610160316677370,3610160316680050,3610160316688610,0,10,80,1,model.layers.3.self_attn.compressor.state_cache
3610160378737565,3610160379269788,3610160379347149,3610160379630101,3610160379741831,3610160379756191,3610160380223834,3610160380964009,3610160380972899,1,10,80,4,model.layers.2.self_attn.indexer.k_cache
3610160381650804,3610160381821795,3610160381822835,3610160381823535,3610160381922006,3610160381935336,3610160382018386,3610160382069506,3610160382076487,0,10,80,4,model.layers.2.self_attn.attn
3610160382765531,3610160382928782,3610160382929932,3610160382930622,3610160383025423,3610160383039283,3610160383403295,3610160383406245,3610160383412465,0,10,80,128,model.layers.3.self_attn.attn
3610160384119960,3610160384287771,3610160384288811,3610160384289451,3610160384386522,3610160384398992,3610160384760564,3610160384763474,3610160384769414,0,10,80,1,model.layers.0.self_attn.swa_cache
3610160385468729,3610160385641540,3610160385642590,3610160385643320,3610160385740240,3610160385751460,3610160385830301,3610160385832281,3610160385838561,0,10,80,1,model.layers.1.self_attn.swa_cache
3610160386514725,3610160386689227,3610160386690367,3610160386691077,3610160386785957,3610160386797697,3610160386875548,3610160386877768,3610160386883998,0,10,80,1,model.layers.2.self_attn.compressor.state_cache
3610160387460082,3610160387623543,3610160387624823,3610160387625603,3610160387720033,3610160387731603,3610160387811044,3610160387812874,3610160387819364,0,10,80,1,model.layers.2.self_attn.indexer.compressor.state_cache
3610160388571639,3610160388741060,3610160388742260,3610160388742910,3610160388838111,3610160388849911,3610160388930361,3610160388932331,3610160388938701,0,10,80,1,model.layers.3.self_attn.compressor.state_cache
3610160441357163,3610160441876187,3610160441950177,3610160442225979,3610160442333740,3610160442348330,3610160442741582,3610160445941803,3610160445951793,1,10,80,4,model.layers.2.self_attn.indexer.k_cache
3610160446755678,3610160446964250,3610160446965510,3610160446966340,3610160447089661,3610160447105451,3610160447207571,3610160447273562,3610160447282202,0,10,80,4,model.layers.2.self_attn.attn
3610160448141917,3610160448341159,3610160448342479,3610160448343219,3610160448461720,3610160448477570,3610160448921883,3610160448925233,3610160448932423,0,10,80,128,model.layers.3.self_attn.attn
3610160449772488,3610160449975929,3610160449977119,3610160449977869,3610160450097040,3610160450111420,3610160450548793,3610160450552043,3610160450559243,0,10,80,1,model.layers.0.self_attn.swa_cache
3610160451398299,3610160451608870,3610160451610160,3610160451611050,3610160451726571,3610160451741121,3610160451838162,3610160451840242,3610160451847992,0,10,80,1,model.layers.1.self_attn.swa_cache
3610160452680467,3610160452884288,3610160452885468,3610160452886288,3610160453002179,3610160453017219,3610160453114510,3610160453117090,3610160453124910,0,10,80,1,model.layers.2.self_attn.compressor.state_cache
3610160453786394,3610160453951305,3610160453952345,3610160453953065,3610160454046326,3610160454058476,3610160454143747,3610160454145497,3610160454151717,0,10,80,1,model.layers.2.self_attn.indexer.compressor.state_cache
3610160454887411,3610160455053573,3610160455054743,3610160455055383,3610160455149403,3610160455160913,3610160455240364,3610160455242224,3610160455248584,0,10,80,1,model.layers.3.self_attn.compressor.state_cache
3610160508551211,3610160509100545,3610160509175015,3610160509455427,3610160509564518,3610160509578638,3610160509995271,3610160510763756,3610160510771896,1,9,72,4,model.layers.2.self_attn.indexer.k_cache
3610160511434470,3610160511606011,3610160511607111,3610160511607811,3610160511704022,3610160511717432,3610160511804493,3610160511860593,3610160511867753,0,9,72,4,model.layers.2.self_attn.attn
3610160512601758,3610160512771659,3610160512772869,3610160512773649,3610160512868550,3610160512882450,3610160513247682,3610160513250672,3610160513257002,0,9,72,128,model.layers.3.self_attn.attn
3610160513962997,3610160514132778,3610160514133878,3610160514134548,3610160514230968,3610160514243389,3610160514610361,3610160514613131,3610160514619211,0,9,72,1,model.layers.0.self_attn.swa_cache
3610160515321766,3610160515490137,3610160515491207,3610160515491947,3610160515589007,3610160515601257,3610160515680268,3610160515682318,3610160515688888,0,9,72,1,model.layers.1.self_attn.swa_cache
3610160516398653,3610160516568114,3610160516569134,3610160516569844,3610160516667264,3610160516679624,3610160516759595,3610160516761715,3610160516768245,0,9,72,1,model.layers.2.self_attn.compressor.state_cache
3610160517353469,3610160517525940,3610160517526960,3610160517527680,3610160517623881,3610160517635891,3610160517716421,3610160517718531,3610160517725161,0,9,72,1,model.layers.2.self_attn.indexer.compressor.state_cache
3610160518443086,3610160518609637,3610160518610707,3610160518611367,3610160518707028,3610160518718878,3610160518799758,3610160518801808,3610160518808878,0,9,72,1,model.layers.3.self_attn.compressor.state_cache
3610160573151053,3610160573686036,3610160573760177,3610160574048529,3610160574162479,3610160574177159,3610160574643802,3610160575401797,3610160575410017,1,9,72,4,model.layers.2.self_attn.indexer.k_cache
3610160576118492,3610160576296243,3610160576297423,3610160576297983,3610160576397814,3610160576411874,3610160576497655,3610160576551545,3610160576558345,0,9,72,4,model.layers.2.self_attn.attn
3610160577267580,3610160577433571,3610160577434631,3610160577435191,3610160577530781,3610160577544351,3610160577919154,3610160577922014,3610160577928334,0,9,72,128,model.layers.3.self_attn.attn
3610160578635749,3610160578808980,3610160578809980,3610160578810570,3610160578907900,3610160578919800,3610160579287763,3610160579290563,3610160579296813,0,9,72,1,model.layers.0.self_attn.swa_cache
3610160580017358,3610160580196389,3610160580197529,3610160580198129,3610160580297819,3610160580309849,3610160580390940,3610160580392990,3610160580399490,0,9,72,1,model.layers.1.self_attn.swa_cache
3610160581100885,3610160581268726,3610160581269786,3610160581270386,3610160581368156,3610160581380226,3610160581459327,3610160581461407,3610160581467767,0,9,72,1,model.layers.2.self_attn.compressor.state_cache
3610160582056051,3610160582223592,3610160582224502,3610160582225132,3610160582321103,3610160582333933,3610160582412913,3610160582414863,3610160582420903,0,9,72,1,model.layers.2.self_attn.indexer.compressor.state_cache
3610160583147688,3610160583316189,3610160583317219,3610160583317799,3610160583416190,3610160583428860,3610160583509960,3610160583511860,3610160583518120,0,9,72,1,model.layers.3.self_attn.compressor.state_cache
3610160636562676,3610160637078580,3610160637156180,3610160637705554,3610160637820265,3610160637835665,3610160638287858,3610160639375755,3610160639384325,1,9,72,4,model.layers.2.self_attn.indexer.k_cache
3610160640050079,3610160640221260,3610160640222250,3610160640222900,3610160640322621,3610160640336161,3610160640418792,3610160640469712,3610160640476942,0,9,72,4,model.layers.2.self_attn.attn
3610160641174696,3610160641338608,3610160641339598,3610160641340288,3610160641435858,3610160641449578,3610160641820281,3610160641823001,3610160641829371,0,9,72,128,model.layers.3.self_attn.attn
3610160642564355,3610160642731327,3610160642732477,3610160642733147,3610160642830647,3610160642843157,3610160643211730,3610160643214580,3610160643220620,0,9,72,1,model.layers.0.self_attn.swa_cache
3610160643930404,3610160644120796,3610160644121856,3610160644122516,3610160644221186,3610160644232796,3610160644312897,3610160644314947,3610160644321307,0,9,72,1,model.layers.1.self_attn.swa_cache
3610160645010231,3610160645179063,3610160645180253,3610160645180903,3610160645277403,3610160645289123,3610160645369444,3610160645371214,3610160645377614,0,9,72,1,model.layers.2.self_attn.compressor.state_cache
3610160645952678,3610160646115839,3610160646116879,3610160646117539,3610160646214219,3610160646226259,3610160646305190,3610160646307100,3610160646313390,0,9,72,1,model.layers.2.self_attn.indexer.compressor.state_cache
3610160647032985,3610160647199366,3610160647200416,3610160647201096,3610160647295466,3610160647307116,3610160647385707,3610160647387747,3610160647394147,0,9,72,1,model.layers.3.self_attn.compressor.state_cache
3610160700892156,3610160701413069,3610160701488000,3610160701754201,3610160701859772,3610160701874142,3610160702432726,3610160704331218,3610160704339298,1,9,72,4,model.layers.2.self_attn.indexer.k_cache
3610160704986802,3610160705160774,3610160705161794,3610160705162404,3610160705258894,3610160705272204,3610160705357955,3610160705412805,3610160705420295,0,9,72,4,model.layers.2.self_attn.attn
3610160706115600,3610160706329841,3610160706331051,3610160706331821,3610160706439442,3610160706454392,3610160706862105,3610160706865045,3610160706871655,0,9,72,128,model.layers.3.self_attn.attn
3610160707647710,3610160707835061,3610160707836221,3610160707836981,3610160707944802,3610160707958232,3610160708381175,3610160708384335,3610160708390805,0,9,72,1,model.layers.0.self_attn.swa_cache
3610160709189890,3610160709379691,3610160709380891,3610160709381631,3610160709489492,3610160709502692,3610160709594623,3610160709596773,3610160709604013,0,9,72,1,model.layers.1.self_attn.swa_cache
3610160710360168,3610160710549739,3610160710550839,3610160710551639,3610160710656949,3610160710670080,3610160710758560,3610160710760790,3610160710767830,0,9,72,1,model.layers.2.self_attn.compressor.state_cache
3610160711401904,3610160711579395,3610160711580415,3610160711581235,3610160711693166,3610160711706626,3610160711793257,3610160711795617,3610160711802427,0,9,72,1,model.layers.2.self_attn.indexer.compressor.state_cache
3610160712617882,3610160712829104,3610160712830274,3610160712831044,3610160712936224,3610160712949304,3610160713038115,3610160713040385,3610160713047475,0,9,72,1,model.layers.3.self_attn.compressor.state_cache
3610160765720788,3610160766233172,3610160766309292,3610160766577794,3610160766684005,3610160766698335,3610160767223668,3610160769100810,3610160769109421,1,9,72,4,model.layers.2.self_attn.indexer.k_cache
3610160769748705,3610160769916676,3610160769917766,3610160769918416,3610160770013606,3610160770026657,3610160770111997,3610160770167077,3610160770174547,0,9,72,4,model.layers.2.self_attn.attn
3610160770869982,3610160771041973,3610160771042983,3610160771043623,3610160771138624,3610160771152424,3610160771521436,3610160771524386,3610160771530556,0,9,72,128,model.layers.3.self_attn.attn
3610160772343512,3610160772535763,3610160772536843,3610160772537653,3610160772651364,3610160772664844,3610160773103297,3610160773106727,3610160773113707,0,9,72,1,model.layers.0.self_attn.swa_cache
3610160773924742,3610160774117753,3610160774118983,3610160774119693,3610160774232774,3610160774246834,3610160774340495,3610160774342795,3610160774350245,0,9,72,1,model.layers.1.self_attn.swa_cache
3610160775137970,3610160775334911,3610160775336091,3610160775336811,3610160775446832,3610160775460682,3610160775553673,3610160775556003,3610160775563493,0,9,72,1,model.layers.2.self_attn.compressor.state_cache
3610160776247487,3610160776445298,3610160776446518,3610160776447378,3610160776558889,3610160776572749,3610160776668120,3610160776670530,3610160776677990,0,9,72,1,model.layers.2.self_attn.indexer.compressor.state_cache
3610160777510955,3610160777705747,3610160777707137,3610160777707897,3610160777816357,3610160777830077,3610160777918568,3610160777921158,3610160777928658,0,9,72,1,model.layers.3.self_attn.compressor.state_cache
3610160830789753,3610160831572938,3610160831651288,3610160831932330,3610160832060761,3610160832078601,3610160832517534,3610160833471550,3610160833479830,1,9,72,4,model.layers.2.self_attn.indexer.k_cache
3610160834112774,3610160834281015,3610160834282085,3610160834282795,3610160834380726,3610160834394066,3610160834475497,3610160834527617,3610160834534797,0,9,72,4,model.layers.2.self_attn.attn
3610160835238482,3610160835409693,3610160835410763,3610160835411473,3610160835506993,3610160835520273,3610160835894606,3610160835897386,3610160835903366,0,9,72,128,model.layers.3.self_attn.attn
3610160836629061,3610160836797362,3610160836798312,3610160836799072,3610160836894932,3610160836907363,3610160837271465,3610160837274235,3610160837280565,0,9,72,1,model.layers.0.self_attn.swa_cache
3610160837983940,3610160838153641,3610160838154651,3610160838155261,3610160838250501,3610160838262711,3610160838340082,3610160838342162,3610160838348632,0,9,72,1,model.layers.1.self_attn.swa_cache
3610160839030116,3610160839196867,3610160839197947,3610160839198637,3610160839294738,3610160839306438,3610160839386539,3610160839388729,3610160839395259,0,9,72,1,model.layers.2.self_attn.compressor.state_cache
3610160839979933,3610160840168824,3610160840169774,3610160840170504,3610160840270924,3610160840283535,3610160840365265,3610160840366935,3610160840373555,0,9,72,1,model.layers.2.self_attn.indexer.compressor.state_cache
3610160841117320,3610160841284611,3610160841285801,3610160841286471,3610160841380692,3610160841392472,3610160841470642,3610160841472362,3610160841478852,0,9,72,1,model.layers.3.self_attn.compressor.state_cache
3610160895436674,3610160895964448,3610160896051708,3610160896338590,3610160896450491,3610160896464971,3610160896988294,3610160898726386,3610160898735096,1,8,64,4,model.layers.2.self_attn.indexer.k_cache
3610160899425510,3610160899600001,3610160899601251,3610160899601961,3610160899702242,3610160899716492,3610160899801053,3610160899855873,3610160899863453,0,8,64,4,model.layers.2.self_attn.attn
3610160900593578,3610160900763499,3610160900764489,3610160900765209,3610160900862459,3610160900876340,3610160901252302,3610160901255112,3610160901261382,0,8,64,128,model.layers.3.self_attn.attn
3610160901969067,3610160902138618,3610160902139498,3610160902140218,3610160902237118,3610160902249429,3610160902615831,3610160902619051,3610160902625331,0,8,64,1,model.layers.0.self_attn.swa_cache
3610160903377606,3610160903561377,3610160903562607,3610160903563327,3610160903667938,3610160903681008,3610160903768938,3610160903771058,3610160903778068,0,8,64,1,model.layers.1.self_attn.swa_cache
3610160904548914,3610160904725575,3610160904726755,3610160904727505,3610160904833045,3610160904845865,3610160904932736,3610160904934986,3610160904942186,0,8,64,1,model.layers.2.self_attn.compressor.state_cache
3610160905577200,3610160905753621,3610160905754731,3610160905755421,3610160905859822,3610160905872642,3610160905957853,3610160905959923,3610160905966923,0,8,64,1,model.layers.2.self_attn.indexer.compressor.state_cache
3610160906750868,3610160906933719,3610160906934779,3610160906935599,3610160907038320,3610160907051220,3610160907137480,3610160907139610,3610160907146840,0,8,64,1,model.layers.3.self_attn.compressor.state_cache
3610160959706343,3610160960240297,3610160960317187,3610160960589099,3610160960696650,3610160960711390,3610160961123362,3610160963434207,3610160963442967,1,8,64,4,model.layers.2.self_attn.indexer.k_cache
3610160964129532,3610160964321933,3610160964323133,3610160964323783,3610160964433384,3610160964446804,3610160964533825,3610160964586135,3610160964593125,0,8,64,4,model.layers.2.self_attn.attn
3610160965304390,3610160965477371,3610160965478461,3610160965479161,3610160965575121,3610160965588791,3610160965963424,3610160965966374,3610160965972624,0,8,64,128,model.layers.3.self_attn.attn
3610160966676119,3610160966848050,3610160966849110,3610160966849780,3610160966946460,3610160966958620,3610160967327123,3610160967329983,3610160967336303,0,8,64,1,model.layers.0.self_attn.swa_cache
3610160968201118,3610160968399740,3610160968401160,3610160968401990,3610160968516081,3610160968530041,3610160968623101,3610160968625591,3610160968633091,0,8,64,1,model.layers.1.self_attn.swa_cache
3610160969423526,3610160969616678,3610160969617868,3610160969618598,3610160969729798,3610160969744089,3610160969837399,3610160969839959,3610160969847469,0,8,64,1,model.layers.2.self_attn.compressor.state_cache
3610160970516014,3610160970704145,3610160970705355,3610160970706145,3610160970816826,3610160970830146,3610160970923136,3610160970925696,3610160970932966,0,8,64,1,model.layers.2.self_attn.indexer.compressor.state_cache
3610160971786202,3610160971980283,3610160971981523,3610160971982273,3610160972108094,3610160972122314,3610160972216925,3610160972218845,3610160972226275,0,8,64,1,model.layers.3.self_attn.compressor.state_cache
3610161024133113,3610161024646536,3610161024718727,3610161024982079,3610161025088099,3610161025102339,3610161025705533,3610161027450515,3610161027458245,1,8,64,4,model.layers.2.self_attn.indexer.k_cache
3610161028123459,3610161028289780,3610161028290770,3610161028291460,3610161028389781,3610161028402561,3610161028485351,3610161028536042,3610161028542872,0,8,64,4,model.layers.2.self_attn.attn
3610161029240916,3610161029416328,3610161029417438,3610161029418108,3610161029514968,3610161029528588,3610161029911881,3610161029914681,3610161029920601,0,8,64,128,model.layers.3.self_attn.attn
3610161030621075,3610161030789287,3610161030790287,3610161030791027,3610161030886997,3610161030898897,3610161031268280,3610161031271420,3610161031277000,0,8,64,1,model.layers.0.self_attn.swa_cache
3610161031977014,3610161032160195,3610161032161395,3610161032162135,3610161032260436,3610161032272776,3610161032350777,3610161032352687,3610161032359387,0,8,64,1,model.layers.1.self_attn.swa_cache
3610161033048501,3610161033213052,3610161033214042,3610161033214742,3610161033309353,3610161033321243,3610161033400114,3610161033402174,3610161033408434,0,8,64,1,model.layers.2.self_attn.compressor.state_cache
3610161034104218,3610161034299729,3610161034301249,3610161034302059,3610161034411110,3610161034424990,3610161034515281,3610161034517221,3610161034524581,0,8,64,1,model.layers.2.self_attn.indexer.compressor.state_cache
3610161035345726,3610161035542928,3610161035544208,3610161035545008,3610161035657378,3610161035670958,3610161035764429,3610161035766849,3610161035774109,0,8,64,1,model.layers.3.self_attn.compressor.state_cache
3610161089299128,3610161089842712,3610161089918582,3610161090189974,3610161090356575,3610161090371215,3610161090780148,3610161091747514,3610161091755204,1,7,56,4,model.layers.2.self_attn.indexer.k_cache
3610161092422878,3610161092594689,3610161092595609,3610161092596459,3610161092691960,3610161092704690,3610161092787631,3610161092837581,3610161092844401,0,7,56,4,model.layers.2.self_attn.attn
3610161093566726,3610161093734047,3610161093735027,3610161093735747,3610161093832708,3610161093846788,3610161094216460,3610161094219370,3610161094225120,0,7,56,128,model.layers.3.self_attn.attn
3610161094950615,3610161095119896,3610161095121026,3610161095121756,3610161095217227,3610161095229387,3610161095596829,3610161095599799,3610161095605539,0,7,56,1,model.layers.0.self_attn.swa_cache
3610161096329274,3610161096501225,3610161096502355,3610161096503105,3610161096601876,3610161096614016,3610161096692756,3610161096694846,3610161096701166,0,7,56,1,model.layers.1.self_attn.swa_cache
3610161097521202,3610161097686943,3610161097688003,3610161097688693,3610161097783773,3610161097795483,3610161097877804,3610161097879914,3610161097885914,0,7,56,1,model.layers.2.self_attn.compressor.state_cache
3610161098462458,3610161098640169,3610161098641119,3610161098641809,3610161098739680,3610161098752020,3610161098833650,3610161098835960,3610161098841920,0,7,56,1,model.layers.2.self_attn.indexer.compressor.state_cache
3610161099692356,3610161099857327,3610161099858397,3610161099859257,3610161099956007,3610161099967928,3610161100062778,3610161100065138,3610161100071518,0,7,56,1,model.layers.3.self_attn.compressor.state_cache
3610161226577213,3610161227101336,3610161227177287,3610161227465559,3610161227577979,3610161227591870,3610161228049593,3610161228812438,3610161228820558,1,7,56,4,model.layers.2.self_attn.indexer.k_cache
3610161229530142,3610161229701333,3610161229702323,3610161229703063,3610161229796974,3610161229809864,3610161229892825,3610161229942965,3610161229949445,0,7,56,4,model.layers.2.self_attn.attn
3610161230641109,3610161230817381,3610161230818461,3610161230819251,3610161230915491,3610161230929411,3610161231304644,3610161231307264,3610161231313374,0,7,56,128,model.layers.3.self_attn.attn
3610161232025618,3610161232201990,3610161232203020,3610161232203670,3610161232300530,3610161232312290,3610161232675433,3610161232678393,3610161232684403,0,7,56,1,model.layers.0.self_attn.swa_cache
3610161233384657,3610161233552068,3610161233553028,3610161233553728,3610161233650049,3610161233661669,3610161233742330,3610161233744370,3610161233750840,0,7,56,1,model.layers.1.self_attn.swa_cache
3610161234435034,3610161234603025,3610161234604245,3610161234605045,3610161234701066,3610161234712756,3610161234790786,3610161234792687,3610161234799077,0,7,56,1,model.layers.2.self_attn.compressor.state_cache
3610161235378010,3610161235550561,3610161235551701,3610161235552401,3610161235647702,3610161235659402,3610161235739973,3610161235741753,3610161235747983,0,7,56,1,model.layers.2.self_attn.indexer.compressor.state_cache
3610161236476627,3610161236641419,3610161236642549,3610161236643199,3610161236741059,3610161236752669,3610161236833440,3610161236835350,3610161236841550,0,7,56,1,model.layers.3.self_attn.compressor.state_cache
3610161295153790,3610161295662633,3610161295739434,3610161296014356,3610161296120636,3610161296135286,3610161296534619,3610161298972965,3610161298980905,1,7,56,4,model.layers.2.self_attn.indexer.k_cache
3610161299613099,3610161299779720,3610161299780810,3610161299781580,3610161299878141,3610161299890941,3610161299975961,3610161300049032,3610161300056262,0,7,56,4,model.layers.2.self_attn.attn
3610161300756527,3610161300924468,3610161300925628,3610161300926318,3610161301023238,3610161301036428,3610161301420461,3610161301423131,3610161301429221,0,7,56,128,model.layers.3.self_attn.attn
3610161302122835,3610161302288057,3610161302289027,3610161302289767,3610161302383507,3610161302395557,3610161302762660,3610161302765580,3610161302771210,0,7,56,1,model.layers.0.self_attn.swa_cache
3610161303468934,3610161303635595,3610161303636575,3610161303637285,3610161303732716,3610161303744826,3610161303823857,3610161303825627,3610161303832057,0,7,56,1,model.layers.1.self_attn.swa_cache
3610161304536631,3610161304704732,3610161304705752,3610161304706422,3610161304803813,3610161304815673,3610161304896364,3610161304898254,3610161304904374,0,7,56,1,model.layers.2.self_attn.compressor.state_cache
3610161305627558,3610161305832490,3610161305833770,3610161305834590,3610161305951130,3610161305965861,3610161306065071,3610161306067651,3610161306075091,0,7,56,1,model.layers.2.self_attn.indexer.compressor.state_cache
3610161306938327,3610161307134278,3610161307135448,3610161307136378,3610161307250339,3610161307264719,3610161307358510,3610161307360760,3610161307368310,0,7,56,1,model.layers.3.self_attn.compressor.state_cache
3610161364507702,3610161365033406,3610161365109836,3610161365404808,3610161365517859,3610161365532769,3610161365991092,3610161366755057,3610161366765287,1,7,56,4,model.layers.2.self_attn.indexer.k_cache
3610161367537042,3610161367739153,3610161367740603,3610161367741373,3610161367863794,3610161367878764,3610161367972325,3610161368049115,3610161368056915,0,7,56,4,model.layers.2.self_attn.attn
3610161368797790,3610161368970671,3610161368971781,3610161368972531,3610161369076902,3610161369091282,3610161369494225,3610161369496935,3610161369503125,0,7,56,128,model.layers.3.self_attn.attn
3610161370220059,3610161370398021,3610161370399231,3610161370400001,3610161370499521,3610161370512451,3610161370886684,3610161370889904,3610161370896514,0,7,56,1,model.layers.0.self_attn.swa_cache
3610161371636769,3610161371806010,3610161371807260,3610161371807990,3610161371904920,3610161371916720,3610161371997451,3610161371999591,3610161372018101,0,7,56,1,model.layers.1.self_attn.swa_cache
3610161372714786,3610161372883477,3610161372884587,3610161372885377,3610161372980497,3610161372992837,3610161373073268,3610161373075218,3610161373081518,0,7,56,1,model.layers.2.self_attn.compressor.state_cache
3610161373673242,3610161373841603,3610161373842673,3610161373843403,3610161373939304,3610161373951414,3610161374031244,3610161374033234,3610161374039714,0,7,56,1,model.layers.2.self_attn.indexer.compressor.state_cache
3610161374757319,3610161374922240,3610161374923240,3610161374923980,3610161375019391,3610161375031831,3610161375112781,3610161375114771,3610161375121471,0,7,56,1,model.layers.3.self_attn.compressor.state_cache
3610161428167757,3610161428692861,3610161428768391,3610161429040793,3610161429153784,3610161429168964,3610161429591146,3610161430338021,3610161430346231,1,7,56,4,model.layers.2.self_attn.indexer.k_cache
3610161431037836,3610161431212477,3610161431213497,3610161431214237,3610161431313518,3610161431326568,3610161431412028,3610161431463209,3610161431470179,0,7,56,4,model.layers.2.self_attn.attn
3610161432196103,3610161432367335,3610161432368475,3610161432369135,3610161432466005,3610161432479755,3610161432851958,3610161432854878,3610161432861178,0,7,56,128,model.layers.3.self_attn.attn
3610161433569142,3610161433737524,3610161433738614,3610161433739304,3610161433835144,3610161433847104,3610161434216047,3610161434218997,3610161434224937,0,7,56,1,model.layers.0.self_attn.swa_cache
3610161434922151,3610161435093292,3610161435094282,3610161435095132,3610161435193343,3610161435205313,3610161435286214,3610161435288154,3610161435294584,0,7,56,1,model.layers.1.self_attn.swa_cache
3610161435982338,3610161436174129,3610161436175359,3610161436176179,3610161436275190,3610161436287120,3610161436367981,3610161436369981,3610161436375941,0,7,56,1,model.layers.2.self_attn.compressor.state_cache
3610161436959315,3610161437123856,3610161437124846,3610161437125626,3610161437222126,3610161437234336,3610161437312937,3610161437314917,3610161437321097,0,7,56,1,model.layers.2.self_attn.indexer.compressor.state_cache
3610161438040032,3610161438209233,3610161438210293,3610161438211043,3610161438304973,3610161438316723,3610161438396084,3610161438398254,3610161438404744,0,7,56,1,model.layers.3.self_attn.compressor.state_cache
3610161491551610,3610161492109644,3610161492186905,3610161492463736,3610161492572837,3610161492587607,3610161493004560,3610161493989136,3610161493997456,1,6,48,4,model.layers.2.self_attn.indexer.k_cache
3610161494650631,3610161494826032,3610161494827102,3610161494827752,3610161494925622,3610161494938883,3610161495021863,3610161495072393,3610161495079683,0,6,48,4,model.layers.2.self_attn.attn
3610161495784548,3610161495952669,3610161495953729,3610161495954379,3610161496067040,3610161496081080,3610161496456942,3610161496459872,3610161496465772,0,6,48,128,model.layers.3.self_attn.attn
3610161497174957,3610161497341138,3610161497342248,3610161497342908,3610161497441529,3610161497453849,3610161497826211,3610161497829001,3610161497835071,0,6,48,1,model.layers.0.self_attn.swa_cache
3610161498542846,3610161498713737,3610161498714857,3610161498715497,3610161498814598,3610161498826818,3610161498910038,3610161498912038,3610161498918328,0,6,48,1,model.layers.1.self_attn.swa_cache
3610161499714274,3610161499883705,3610161499884805,3610161499885495,3610161499984745,3610161499996985,3610161500094186,3610161500096056,3610161500102596,0,6,48,1,model.layers.2.self_attn.compressor.state_cache
3610161500690440,3610161500861621,3610161500862661,3610161500863301,3610161500959602,3610161500972032,3610161501053452,3610161501055602,3610161501062032,0,6,48,1,model.layers.2.self_attn.indexer.compressor.state_cache
3610161501895918,3610161502063999,3610161502065189,3610161502065849,3610161502163000,3610161502175090,3610161502258320,3610161502260400,3610161502267040,0,6,48,1,model.layers.3.self_attn.compressor.state_cache
3610161627215605,3610161627746518,3610161627821049,3610161628124991,3610161628243512,3610161628258462,3610161628712285,3610161629463220,3610161629471550,1,6,48,4,model.layers.2.self_attn.indexer.k_cache
3610161630159224,3610161630340645,3610161630341845,3610161630342525,3610161630445876,3610161630459206,3610161630545367,3610161630599577,3610161630606917,0,6,48,4,model.layers.2.self_attn.attn
3610161631302252,3610161631468643,3610161631469733,3610161631470503,3610161631566153,3610161631579743,3610161631951756,3610161631954536,3610161631960656,0,6,48,128,model.layers.3.self_attn.attn
3610161632686401,3610161632856692,3610161632857882,3610161632858612,3610161632957102,3610161632969082,3610161633349545,3610161633352405,3610161633358775,0,6,48,1,model.layers.0.self_attn.swa_cache
3610161634061239,3610161634227591,3610161634228651,3610161634229431,3610161634325851,3610161634338261,3610161634420352,3610161634422392,3610161634428812,0,6,48,1,model.layers.1.self_attn.swa_cache
3610161635115466,3610161635280117,3610161635281147,3610161635281817,3610161635376888,3610161635388938,3610161635469749,3610161635471869,3610161635478309,0,6,48,1,model.layers.2.self_attn.compressor.state_cache
3610161636065183,3610161636237774,3610161636238874,3610161636239574,3610161636339764,3610161636352004,3610161636432595,3610161636434865,3610161636441135,0,6,48,1,model.layers.2.self_attn.indexer.compressor.state_cache
3610161637159350,3610161637328141,3610161637329251,3610161637329941,3610161637426331,3610161637438022,3610161637517312,3610161637519492,3610161637526142,0,6,48,1,model.layers.3.self_attn.compressor.state_cache
3610161690311486,3610161690819529,3610161690894300,3610161691160282,3610161691265662,3610161691279772,3610161691682015,3610161693876219,3610161693884389,1,6,48,4,model.layers.2.self_attn.indexer.k_cache
3610161694534394,3610161694724005,3610161694725575,3610161694726225,3610161694828186,3610161694841726,3610161694924206,3610161694976757,3610161694983827,0,6,48,4,model.layers.2.self_attn.attn
3610161695684361,3610161695848242,3610161695849372,3610161695850092,3610161695947663,3610161695961423,3610161696360616,3610161696363416,3610161696369666,0,6,48,128,model.layers.3.self_attn.attn
3610161697074170,3610161697237221,3610161697238391,3610161697239151,3610161697336452,3610161697348452,3610161697720494,3610161697723474,3610161697729634,0,6,48,1,model.layers.0.self_attn.swa_cache
3610161698461159,3610161698628910,3610161698630010,3610161698630660,3610161698729041,3610161698741591,3610161698822152,3610161698824032,3610161698830402,0,6,48,1,model.layers.1.self_attn.swa_cache
3610161699652877,3610161699845008,3610161699846368,3610161699847258,3610161699956099,3610161699970129,3610161700078480,3610161700080750,3610161700088180,0,6,48,1,model.layers.2.self_attn.compressor.state_cache
3610161700768374,3610161700957346,3610161700958436,3610161700959166,3610161701070016,3610161701083426,3610161701177207,3610161701179567,3610161701186597,0,6,48,1,model.layers.2.self_attn.indexer.compressor.state_cache
3610161702016952,3610161702213784,3610161702215134,3610161702215944,3610161702326024,3610161702340015,3610161702433205,3610161702435545,3610161702442865,0,6,48,1,model.layers.3.self_attn.compressor.state_cache
3610161755037768,3610161755547061,3610161755620672,3610161756193665,3610161756308686,3610161756322796,3610161756739109,3610161757459754,3610161757467504,1,6,48,4,model.layers.2.self_attn.indexer.k_cache
3610161758100458,3610161758271789,3610161758272909,3610161758273639,3610161758370170,3610161758383350,3610161758466950,3610161758516741,3610161758523601,0,6,48,4,model.layers.2.self_attn.attn
3610161759221115,3610161759396176,3610161759397186,3610161759397776,3610161759492037,3610161759505757,3610161759889580,3610161759892680,3610161759898860,0,6,48,128,model.layers.3.self_attn.attn
3610161760621914,3610161760789375,3610161760790455,3610161760791135,3610161760885936,3610161760898226,3610161761271509,3610161761274169,3610161761279789,0,6,48,1,model.layers.0.self_attn.swa_cache
3610161761973653,3610161762141844,3610161762142854,3610161762143544,3610161762242725,3610161762254755,3610161762337195,3610161762339016,3610161762345436,0,6,48,1,model.layers.1.self_attn.swa_cache
3610161763057210,3610161763221361,3610161763222411,3610161763223121,3610161763318232,3610161763329872,3610161763409492,3610161763411372,3610161763417533,0,6,48,1,model.layers.2.self_attn.compressor.state_cache
3610161764022286,3610161764195528,3610161764196668,3610161764197368,3610161764290618,3610161764302138,3610161764381529,3610161764383609,3610161764389809,0,6,48,1,model.layers.2.self_attn.indexer.compressor.state_cache
3610161765111594,3610161765277295,3610161765278335,3610161765279055,3610161765374245,3610161765386065,3610161765463086,3610161765465046,3610161765470926,0,6,48,1,model.layers.3.self_attn.compressor.state_cache
3610161818979385,3610161819493528,3610161819566988,3610161819828410,3610161819934461,3610161819948571,3610161820361944,3610161822581068,3610161822588858,1,6,48,4,model.layers.2.self_attn.indexer.k_cache
3610161823339023,3610161823535084,3610161823536254,3610161823537114,3610161823650935,3610161823666345,3610161823763146,3610161823820896,3610161823828606,0,6,48,4,model.layers.2.self_attn.attn
3610161824654852,3610161824866373,3610161824867653,3610161824868453,3610161824990324,3610161825006374,3610161825442067,3610161825445187,3610161825452487,0,6,48,128,model.layers.3.self_attn.attn
3610161826256222,3610161826456043,3610161826457333,3610161826458153,3610161826568174,3610161826582064,3610161827006117,3610161827009397,3610161827016287,0,6,48,1,model.layers.0.self_attn.swa_cache
3610161827819282,3610161828022694,3610161828023824,3610161828024594,3610161828138204,3610161828151834,3610161828247045,3610161828249115,3610161828256575,0,6,48,1,model.layers.1.self_attn.swa_cache
3610161829044220,3610161829233501,3610161829234671,3610161829235511,3610161829349722,3610161829364202,3610161829458783,3610161829461013,3610161829468423,0,6,48,1,model.layers.2.self_attn.compressor.state_cache
3610161830135267,3610161830329799,3610161830330969,3610161830331729,3610161830446429,3610161830460889,3610161830553590,3610161830555790,3610161830562840,0,6,48,1,model.layers.2.self_attn.indexer.compressor.state_cache
3610161831382025,3610161831547627,3610161831548657,3610161831549297,3610161831645477,3610161831657027,3610161831735918,3610161831737838,3610161831743958,0,6,48,1,model.layers.3.self_attn.compressor.state_cache
3610161884317480,3610161884825594,3610161884901224,3610161885167626,3610161885275507,3610161885290037,3610161885695229,3610161887937304,3610161887945714,1,6,48,4,model.layers.2.self_attn.indexer.k_cache
3610161888791070,3610161888989171,3610161888990241,3610161888991051,3610161889102282,3610161889117412,3610161889215672,3610161889278023,3610161889286113,0,6,48,4,model.layers.2.self_attn.attn
3610161890095618,3610161890291409,3610161890292639,3610161890293419,3610161890403880,3610161890419610,3610161890857633,3610161890860783,3610161890867943,0,6,48,128,model.layers.3.self_attn.attn
3610161891681198,3610161891881710,3610161891882910,3610161891883720,3610161891995060,3610161892019671,3610161892448663,3610161892451883,3610161892459013,0,6,48,1,model.layers.0.self_attn.swa_cache
3610161893268699,3610161893460960,3610161893462200,3610161893462940,3610161893573851,3610161893588121,3610161893682231,3610161893684301,3610161893691991,0,6,48,1,model.layers.1.self_attn.swa_cache
3610161894483177,3610161894675228,3610161894676498,3610161894677338,3610161894785039,3610161894797879,3610161894889119,3610161894891609,3610161894899049,0,6,48,1,model.layers.2.self_attn.compressor.state_cache
3610161895565454,3610161895760635,3610161895761745,3610161895762515,3610161895874086,3610161895887916,3610161895978546,3610161895980686,3610161895988056,0,6,48,1,model.layers.2.self_attn.indexer.compressor.state_cache
3610161896784612,3610161896952953,3610161896953943,3610161896954663,3610161897052013,3610161897064243,3610161897144044,3610161897145924,3610161897152554,0,6,48,1,model.layers.3.self_attn.compressor.state_cache
3610161949352504,3610161949874338,3610161949949258,3610161950217120,3610161950325031,3610161950338871,3610161950941245,3610161952538855,3610161952547045,1,6,48,4,model.layers.2.self_attn.indexer.k_cache
3610161953234619,3610161953403251,3610161953404531,3610161953405331,3610161953549952,3610161953564402,3610161953659662,3610161953718623,3610161953726193,0,6,48,4,model.layers.2.self_attn.attn
3610161954491078,3610161954676439,3610161954677709,3610161954678469,3610161954782010,3610161954796950,3610161955201312,3610161955204432,3610161955211122,0,6,48,128,model.layers.3.self_attn.attn
3610161955974407,3610161956181019,3610161956182239,3610161956182969,3610161956288059,3610161956301199,3610161956704732,3610161956708162,3610161956714932,0,6,48,1,model.layers.0.self_attn.swa_cache
3610161957483597,3610161957674748,3610161957676068,3610161957676888,3610161957783599,3610161957797269,3610161957887900,3610161957890160,3610161957897220,0,6,48,1,model.layers.1.self_attn.swa_cache
3610161958644075,3610161958822356,3610161958823686,3610161958824436,3610161958928637,3610161958942107,3610161959029337,3610161959031487,3610161959038307,0,6,48,1,model.layers.2.self_attn.compressor.state_cache
3610161959667631,3610161959853973,3610161959855143,3610161959855973,3610161959960013,3610161959973073,3610161960073564,3610161960075714,3610161960082754,0,6,48,1,model.layers.2.self_attn.indexer.compressor.state_cache
3610161960898299,3610161961088021,3610161961089241,3610161961090071,3610161961198031,3610161961211041,3610161961299632,3610161961301682,3610161961308502,0,6,48,1,model.layers.3.self_attn.compressor.state_cache
3610162013484512,3610162014008826,3610162014084146,3610162014352388,3610162014457918,3610162014472199,3610162014879551,3610162016863444,3610162016871544,1,6,48,4,model.layers.2.self_attn.indexer.k_cache
3610162017513588,3610162017682679,3610162017683719,3610162017684429,3610162017782490,3610162017795750,3610162017881471,3610162017936181,3610162017943201,0,6,48,4,model.layers.2.self_attn.attn
3610162018644306,3610162018875397,3610162018876587,3610162018877437,3610162018986548,3610162019002188,3610162019434861,3610162019438371,3610162019445291,0,6,48,128,model.layers.3.self_attn.attn
3610162020270676,3610162020467918,3610162020469118,3610162020469988,3610162020584408,3610162020598808,3610162021026911,3610162021030221,3610162021037411,0,6,48,1,model.layers.0.self_attn.swa_cache
3610162021841267,3610162022031978,3610162022033228,3610162022033998,3610162022145789,3610162022159739,3610162022254119,3610162022256499,3610162022263749,0,6,48,1,model.layers.1.self_attn.swa_cache
3610162023057784,3610162023249576,3610162023250986,3610162023251906,3610162023362496,3610162023376247,3610162023469697,3610162023472357,3610162023479717,0,6,48,1,model.layers.2.self_attn.compressor.state_cache
3610162024170362,3610162024366713,3610162024367943,3610162024368853,3610162024479624,3610162024493334,3610162024586304,3610162024588424,3610162024595565,0,6,48,1,model.layers.2.self_attn.indexer.compressor.state_cache
3610162025429030,3610162025623481,3610162025624691,3610162025625491,3610162025735372,3610162025748942,3610162025841063,3610162025843153,3610162025850343,0,6,48,1,model.layers.3.self_attn.compressor.state_cache
3610162078173984,3610162078695327,3610162078770658,3610162079041109,3610162079149170,3610162079164150,3610162079580523,3610162081448115,3610162081456015,1,6,48,4,model.layers.2.self_attn.indexer.k_cache
3610162082106859,3610162082283320,3610162082284290,3610162082284940,3610162082382651,3610162082395681,3610162082482452,3610162082535702,3610162082542372,0,6,48,4,model.layers.2.self_attn.attn
3610162083247747,3610162083417078,3610162083418088,3610162083418828,3610162083514558,3610162083527689,3610162083902321,3610162083905431,3610162083911671,0,6,48,128,model.layers.3.self_attn.attn
3610162084655836,3610162084834127,3610162084835147,3610162084835947,3610162084933128,3610162084945148,3610162085391671,3610162085394931,3610162085401701,0,6,48,1,model.layers.0.self_attn.swa_cache
3610162086173246,3610162086362447,3610162086363557,3610162086364407,3610162086470558,3610162086484278,3610162086573678,3610162086576358,3610162086583008,0,6,48,1,model.layers.1.self_attn.swa_cache
3610162087385614,3610162087578945,3610162087580125,3610162087580885,3610162087687476,3610162087701276,3610162087789916,3610162087792546,3610162087799606,0,6,48,1,model.layers.2.self_attn.compressor.state_cache
3610162088456021,3610162088638272,3610162088639372,3610162088640192,3610162088749923,3610162088763753,3610162088853193,3610162088855303,3610162088861913,0,6,48,1,model.layers.2.self_attn.indexer.compressor.state_cache
3610162089657148,3610162089846490,3610162089847590,3610162089848470,3610162089954220,3610162089966991,3610162090055441,3610162090057561,3610162090064491,0,6,48,1,model.layers.3.self_attn.compressor.state_cache
3610162141965459,3610162142472023,3610162142545803,3610162142814285,3610162142917386,3610162142931366,3610162143347728,3610162145527553,3610162145535233,1,6,48,4,model.layers.2.self_attn.indexer.k_cache
3610162146187217,3610162146362618,3610162146363788,3610162146364418,3610162146462829,3610162146476739,3610162146559589,3610162146610160,3610162146617300,0,6,48,4,model.layers.2.self_attn.attn
3610162147307224,3610162147477205,3610162147478325,3610162147478965,3610162147572986,3610162147586736,3610162147959808,3610162147962588,3610162147968598,0,6,48,128,model.layers.3.self_attn.attn
3610162148676033,3610162148845904,3610162148847104,3610162148847744,3610162148942625,3610162148954555,3610162149322397,3610162149325247,3610162149331247,0,6,48,1,model.layers.0.self_attn.swa_cache
3610162150019292,3610162150184363,3610162150185533,3610162150186163,3610162150283464,3610162150295014,3610162150376754,3610162150379114,3610162150385374,0,6,48,1,model.layers.1.self_attn.swa_cache
3610162151199600,3610162151396051,3610162151397341,3610162151398111,3610162151510002,3610162151523832,3610162151619542,3610162151621952,3610162151628782,0,6,48,1,model.layers.2.self_attn.compressor.state_cache
3610162152295737,3610162152488258,3610162152489588,3610162152490388,3610162152598209,3610162152612229,3610162152705409,3610162152707639,3610162152714809,0,6,48,1,model.layers.2.self_attn.indexer.compressor.state_cache
3610162153539635,3610162153731036,3610162153732226,3610162153732956,3610162153841317,3610162153854827,3610162153948317,3610162153950767,3610162153958078,0,6,48,1,model.layers.3.self_attn.compressor.state_cache
3610162206477690,3610162206989883,3610162207063144,3610162207330845,3610162207435026,3610162207449186,3610162207866619,3610162209984723,3610162209992623,1,6,48,4,model.layers.2.self_attn.indexer.k_cache
3610162210640167,3610162210807838,3610162210808918,3610162210809668,3610162210908329,3610162210921269,3610162211002859,3610162211053870,3610162211060670,0,6,48,4,model.layers.2.self_attn.attn
3610162211741194,3610162211912335,3610162211913505,3610162211914185,3610162212026546,3610162212040006,3610162212412238,3610162212414948,3610162212420828,0,6,48,128,model.layers.3.self_attn.attn
3610162213116213,3610162213288734,3610162213289834,3610162213290464,3610162213386365,3610162213398395,3610162213782397,3610162213785057,3610162213790917,0,6,48,1,model.layers.0.self_attn.swa_cache
3610162214486562,3610162214656433,3610162214657503,3610162214658163,3610162214753644,3610162214765684,3610162214847654,3610162214849634,3610162214855964,0,6,48,1,model.layers.1.self_attn.swa_cache
3610162215691730,3610162215889841,3610162215891051,3610162215891831,3610162216015792,3610162216031512,3610162216129043,3610162216131323,3610162216138523,0,6,48,1,model.layers.2.self_attn.compressor.state_cache
3610162216815897,3610162217017828,3610162217019048,3610162217019868,3610162217130629,3610162217144779,3610162217240900,3610162217243220,3610162217250270,0,6,48,1,model.layers.2.self_attn.indexer.compressor.state_cache
3610162218080275,3610162218276807,3610162218278047,3610162218278847,3610162218389407,3610162218403017,3610162218497148,3610162218499368,3610162218506448,0,6,48,1,model.layers.3.self_attn.compressor.state_cache
3610162273765378,3610162274292132,3610162274365752,3610162274654684,3610162274828335,3610162274843205,3610162275306748,3610162276306605,3610162276314575,1,5,40,4,model.layers.2.self_attn.indexer.k_cache
3610162277030990,3610162277204771,3610162277205851,3610162277206531,3610162277304451,3610162277317101,3610162277401772,3610162277451872,3610162277458832,0,5,40,4,model.layers.2.self_attn.attn
3610162278227187,3610162278394568,3610162278395528,3610162278396218,3610162278490979,3610162278504479,3610162278896162,3610162278899002,3610162278905372,0,5,40,128,model.layers.3.self_attn.attn
3610162279638657,3610162279806018,3610162279807048,3610162279807718,3610162279903898,3610162279916138,3610162280308001,3610162280310801,3610162280317271,0,5,40,1,model.layers.0.self_attn.swa_cache
3610162281023006,3610162281203037,3610162281204257,3610162281205067,3610162281303577,3610162281315597,3610162281398648,3610162281400608,3610162281406948,0,5,40,1,model.layers.1.self_attn.swa_cache
3610162282230353,3610162282394154,3610162282395314,3610162282396044,3610162282491495,3610162282503655,3610162282583526,3610162282585306,3610162282592016,0,5,40,1,model.layers.2.self_attn.compressor.state_cache
3610162283175140,3610162283343001,3610162283344081,3610162283344761,3610162283444591,3610162283456531,3610162283537482,3610162283539452,3610162283545652,0,5,40,1,model.layers.2.self_attn.indexer.compressor.state_cache
3610162284413268,3610162284580879,3610162284581939,3610162284582589,3610162284678949,3610162284691069,3610162284772450,3610162284774310,3610162284781010,0,5,40,1,model.layers.3.self_attn.compressor.state_cache
3610162415444151,3610162415979585,3610162416069286,3610162416376658,3610162416494798,3610162416509178,3610162417024452,3610162418018008,3610162418025898,1,4,32,4,model.layers.2.self_attn.indexer.k_cache
3610162418736233,3610162418911074,3610162418912284,3610162418912894,3610162419013735,3610162419026965,3610162419108785,3610162419160076,3610162419166826,0,4,32,4,model.layers.2.self_attn.attn
3610162419863090,3610162420045871,3610162420046881,3610162420047541,3610162420147182,3610162420161352,3610162420525985,3610162420528755,3610162420534435,0,4,32,128,model.layers.3.self_attn.attn
3610162421227979,3610162421394460,3610162421395440,3610162421396060,3610162421490041,3610162421502211,3610162421860043,3610162421862713,3610162421868723,0,4,32,1,model.layers.0.self_attn.swa_cache
3610162422548578,3610162422716869,3610162422718039,3610162422718699,3610162422814230,3610162422826460,3610162422905580,3610162422907780,3610162422913720,0,4,32,1,model.layers.1.self_attn.swa_cache
3610162423684405,3610162423847526,3610162423848646,3610162423849316,3610162423949337,3610162423961707,3610162424053978,3610162424055868,3610162424062298,0,4,32,1,model.layers.2.self_attn.compressor.state_cache
3610162424629211,3610162424803602,3610162424804722,3610162424805413,3610162424899993,3610162424911753,3610162424992664,3610162424994564,3610162425000574,0,4,32,1,model.layers.2.self_attn.indexer.compressor.state_cache
3610162425809579,3610162425972500,3610162425973610,3610162425974180,3610162426068141,3610162426079701,3610162426158901,3610162426160851,3610162426167101,0,4,32,1,model.layers.3.self_attn.compressor.state_cache
3610162528964261,3610162529539275,3610162529617716,3610162529911807,3610162530085319,3610162530100849,3610162530568092,3610162532455794,3610162532465004,1,3,24,4,model.layers.2.self_attn.indexer.k_cache
3610162533142808,3610162533359060,3610162533360120,3610162533360840,3610162533466311,3610162533480041,3610162533570451,3610162533622652,3610162533629782,0,3,24,4,model.layers.2.self_attn.attn
3610162534403327,3610162534584848,3610162534586028,3610162534586688,3610162534690009,3610162534704149,3610162535110441,3610162535113401,3610162535119951,0,3,24,128,model.layers.3.self_attn.attn
3610162535900036,3610162536102998,3610162536104028,3610162536104798,3610162536210028,3610162536222789,3610162536616301,3610162536619231,3610162536625671,0,3,24,1,model.layers.0.self_attn.swa_cache
3610162537371106,3610162537549497,3610162537550527,3610162537551167,3610162537653358,3610162537666178,3610162537752209,3610162537754289,3610162537761329,0,3,24,1,model.layers.1.self_attn.swa_cache
3610162538630004,3610162538939456,3610162538940746,3610162538941426,3610162539046757,3610162539060177,3610162539147618,3610162539149828,3610162539156778,0,3,24,1,model.layers.2.self_attn.compressor.state_cache
3610162539804182,3610162539990783,3610162539991893,3610162539992593,3610162540111344,3610162540124024,3610162540212365,3610162540214495,3610162540221395,0,3,24,1,model.layers.2.self_attn.indexer.compressor.state_cache
3610162541130991,3610162541349252,3610162541350182,3610162541350842,3610162541447343,3610162541459423,3610162541542373,3610162541544503,3610162541550893,0,3,24,1,model.layers.3.self_attn.compressor.state_cache
3610162652256105,3610162652779888,3610162652855339,3610162653141470,3610162653249021,3610162653263731,3610162653699764,3610162669955730,3610162669964230,1,3,24,4,model.layers.2.self_attn.indexer.k_cache
3610162670646294,3610162670816856,3610162670817806,3610162670818496,3610162670915426,3610162670928126,3610162671011177,3610162671060607,3610162671067427,0,3,24,4,model.layers.2.self_attn.attn
3610162671752892,3610162671915623,3610162671916663,3610162671917263,3610162672133054,3610162672154204,3610162672754308,3610162672758438,3610162672767928,0,3,24,128,model.layers.3.self_attn.attn
3610162673857835,3610162674123337,3610162674125007,3610162674126027,3610162674273858,3610162674292158,3610162674873002,3610162674877172,3610162674886402,0,3,24,1,model.layers.0.self_attn.swa_cache
3610162675960479,3610162676254051,3610162676255821,3610162676256821,3610162676410072,3610162676429322,3610162676555823,3610162676558793,3610162676568663,0,3,24,1,model.layers.1.self_attn.swa_cache
3610162677635210,3610162677904902,3610162677906442,3610162677907512,3610162678056953,3610162678076573,3610162678204974,3610162678208034,3610162678218104,0,3,24,1,model.layers.2.self_attn.compressor.state_cache
3610162679101850,3610162679363171,3610162679364941,3610162679366051,3610162679517042,3610162679535712,3610162679658653,3610162679661573,3610162679671183,0,3,24,1,model.layers.2.self_attn.indexer.compressor.state_cache
3610162680633820,3610162680806251,3610162680807301,3610162680808001,3610162680902771,3610162680914361,3610162680995122,3610162680997032,3610162681003302,0,3,24,1,model.layers.3.self_attn.compressor.state_cache
3610162735671828,3610162736459713,3610162736535604,3610162736826306,3610162736938216,3610162736952166,3610162737410129,3610162738372876,3610162738380886,1,2,16,4,model.layers.2.self_attn.indexer.k_cache
3610162739058380,3610162739239511,3610162739240601,3610162739241201,3610162739338072,3610162739351502,3610162739434193,3610162739485893,3610162739492673,0,2,16,4,model.layers.2.self_attn.attn
3610162740202068,3610162740366739,3610162740367829,3610162740368529,3610162740466239,3610162740479709,3610162740854802,3610162740857382,3610162740863452,0,2,16,128,model.layers.3.self_attn.attn
3610162741564996,3610162741739788,3610162741740818,3610162741741498,3610162741839378,3610162741851018,3610162742220031,3610162742222571,3610162742228411,0,2,16,1,model.layers.0.self_attn.swa_cache
3610162742924955,3610162743097656,3610162743098736,3610162743099326,3610162743193657,3610162743205687,3610162743288188,3610162743290108,3610162743296368,0,2,16,1,model.layers.1.self_attn.swa_cache
3610162744139103,3610162744303544,3610162744304714,3610162744305384,3610162744404265,3610162744416175,3610162744497406,3610162744499096,3610162744505746,0,2,16,1,model.layers.2.self_attn.compressor.state_cache
3610162745090659,3610162745257010,3610162745258010,3610162745258660,3610162745354631,3610162745366501,3610162745444482,3610162745446162,3610162745452392,0,2,16,1,model.layers.2.self_attn.indexer.compressor.state_cache
3610162746260687,3610162746424468,3610162746425508,3610162746426138,3610162746523199,3610162746534999,3610162746615829,3610162746617809,3610162746624049,0,2,16,1,model.layers.3.self_attn.compressor.state_cache
3610162860447881,3610162860972234,3610162861048925,3610162861329707,3610162861439377,3610162861453447,3610162861904530,3610162865756335,3610162865764905,1,2,16,4,model.layers.2.self_attn.indexer.k_cache
3610162866448510,3610162866620901,3610162866622071,3610162866622771,3610162866718352,3610162866731782,3610162866816432,3610162866868983,3610162866875643,0,2,16,4,model.layers.2.self_attn.attn
3610162867605947,3610162867776009,3610162867777179,3610162867777929,3610162867872099,3610162867885159,3610162868279722,3610162868282382,3610162868288682,0,2,16,128,model.layers.3.self_attn.attn
3610162868992096,3610162869167108,3610162869167988,3610162869168728,3610162869263508,3610162869275618,3610162869742411,3610162869746551,3610162869755351,0,2,16,1,model.layers.0.self_attn.swa_cache
3610162870747178,3610162870982999,3610162870984549,3610162870985649,3610162871124800,3610162871141830,3610162871256481,3610162871259241,3610162871268341,0,2,16,1,model.layers.1.self_attn.swa_cache
3610162872266698,3610162872508699,3610162872510459,3610162872511429,3610162872648930,3610162872666270,3610162872781261,3610162872784041,3610162872792751,0,2,16,1,model.layers.2.self_attn.compressor.state_cache
3610162873627867,3610162873865868,3610162873867368,3610162873868338,3610162874004389,3610162874021599,3610162874262411,3610162874265481,3610162874274771,0,2,16,1,model.layers.2.self_attn.indexer.compressor.state_cache
3610162875304768,3610162875538809,3610162875540339,3610162875541399,3610162875681270,3610162875698660,3610162875815951,3610162875818821,3610162875828011,0,2,16,1,model.layers.3.self_attn.compressor.state_cache
3610162930419227,3610162930945040,3610162931019970,3610162931289182,3610162931395473,3610162931412823,3610162931832156,3610162932580621,3610162932588691,1,2,16,4,model.layers.2.self_attn.indexer.k_cache
3610162933246775,3610162933417896,3610162933419016,3610162933419756,3610162933517917,3610162933531007,3610162933615087,3610162933665538,3610162933672348,0,2,16,4,model.layers.2.self_attn.attn
3610162934366042,3610162934538753,3610162934539843,3610162934540543,3610162934636554,3610162934655814,3610162935052507,3610162935055407,3610162935061327,0,2,16,128,model.layers.3.self_attn.attn
3610162935756061,3610162935924092,3610162935925202,3610162935925942,3610162936040413,3610162936054543,3610162936430896,3610162936433796,3610162936439946,0,2,16,1,model.layers.0.self_attn.swa_cache
3610162937134730,3610162937306231,3610162937307231,3610162937307991,3610162937404582,3610162937416672,3610162937496273,3610162937498183,3610162937504443,0,2,16,1,model.layers.1.self_attn.swa_cache
3610162938187537,3610162938357628,3610162938358618,3610162938359388,3610162938455179,3610162938466729,3610162938547370,3610162938549520,3610162938555680,0,2,16,1,model.layers.2.self_attn.compressor.state_cache
3610162939129313,3610162939291904,3610162939292904,3610162939293594,3610162939388225,3610162939399755,3610162939478836,3610162939480836,3610162939487026,0,2,16,1,model.layers.2.self_attn.indexer.compressor.state_cache
3610162940217830,3610162940380761,3610162940381691,3610162940382451,3610162940475072,3610162940487192,3610162940564113,3610162940566073,3610162940572313,0,2,16,1,model.layers.3.self_attn.compressor.state_cache
3610162992327010,3610162992844203,3610162992919164,3610162993392387,3610162993528128,3610162993542668,3610162993953030,3610162994668265,3610162994676175,1,2,16,4,model.layers.2.self_attn.indexer.k_cache
3610162995319049,3610162995493230,3610162995494230,3610162995494860,3610162995591761,3610162995605101,3610162995688882,3610162995741332,3610162995748122,0,2,16,4,model.layers.2.self_attn.attn
3610162996462507,3610162996628128,3610162996629178,3610162996629828,3610162996725338,3610162996738989,3610162997112881,3610162997115561,3610162997121591,0,2,16,128,model.layers.3.self_attn.attn
3610162997821436,3610162997990347,3610162997991457,3610162997992147,3610162998086997,3610162998099417,3610162998470890,3610162998473820,3610162998479940,0,2,16,1,model.layers.0.self_attn.swa_cache
3610162999179674,3610162999353016,3610162999354106,3610162999354886,3610162999450916,3610162999463366,3610162999545107,3610162999547007,3610162999553287,0,2,16,1,model.layers.1.self_attn.swa_cache
3610163000260011,3610163000432993,3610163000433973,3610163000434633,3610163000531973,3610163000544683,3610163000625344,3610163000627364,3610163000633864,0,2,16,1,model.layers.2.self_attn.compressor.state_cache
3610163001242338,3610163001409589,3610163001410719,3610163001411369,3610163001506430,3610163001517940,3610163001598500,3610163001600450,3610163001606920,0,2,16,1,model.layers.2.self_attn.indexer.compressor.state_cache
3610163002322435,3610163002485926,3610163002486986,3610163002487706,3610163002585797,3610163002597547,3610163002675407,3610163002677107,3610163002683347,0,2,16,1,model.layers.3.self_attn.compressor.state_cache
3610163054019372,3610163054534435,3610163054607895,3610163054872307,3610163054978138,3610163054992188,3610163055396401,3610163057991618,3610163057999578,1,2,16,4,model.layers.2.self_attn.indexer.k_cache
3610163058641762,3610163058809963,3610163058811093,3610163058811773,3610163058907833,3610163058921004,3610163059005944,3610163059056294,3610163059062995,0,2,16,4,model.layers.2.self_attn.attn
3610163059883880,3610163060106981,3610163060108301,3610163060109041,3610163060227332,3610163060243892,3610163060702665,3610163060706105,3610163060713285,0,2,16,128,model.layers.3.self_attn.attn
3610163061559181,3610163061762342,3610163061763492,3610163061764392,3610163061882093,3610163061896423,3610163062345496,3610163062348876,3610163062356286,0,2,16,1,model.layers.0.self_attn.swa_cache
3610163063196151,3610163063406363,3610163063407623,3610163063408493,3610163063525894,3610163063540754,3610163063637454,3610163063639714,3610163063647204,0,2,16,1,model.layers.1.self_attn.swa_cache
3610163064476860,3610163064676551,3610163064677701,3610163064678601,3610163064793502,3610163064807572,3610163064902423,3610163064904663,3610163064912053,0,2,16,1,model.layers.2.self_attn.compressor.state_cache
3610163065605717,3610163065806288,3610163065807518,3610163065808358,3610163065927339,3610163065941729,3610163066038520,3610163066040900,3610163066048390,0,2,16,1,model.layers.2.self_attn.indexer.compressor.state_cache
3610163066908356,3610163067110747,3610163067112107,3610163067112977,3610163067230418,3610163067244678,3610163067340438,3610163067342868,3610163067350088,0,2,16,1,model.layers.3.self_attn.compressor.state_cache
3610163119048075,3610163119558269,3610163119634239,3610163119892561,3610163119996201,3610163120018742,3610163120627866,3610163121539881,3610163121548142,1,2,16,4,model.layers.2.self_attn.indexer.k_cache
3610163122182186,3610163122355407,3610163122356507,3610163122357237,3610163122452507,3610163122465497,3610163122551598,3610163122604908,3610163122611598,0,2,16,4,model.layers.2.self_attn.attn
3610163123305853,3610163123473504,3610163123474504,3610163123475204,3610163123571735,3610163123584765,3610163123961297,3610163123964017,3610163123970017,0,2,16,128,model.layers.3.self_attn.attn
3610163124697662,3610163124864473,3610163124865423,3610163124866093,3610163124964184,3610163124976404,3610163125347686,3610163125350436,3610163125356306,0,2,16,1,model.layers.0.self_attn.swa_cache
3610163126060201,3610163126225672,3610163126226752,3610163126227392,3610163126324993,3610163126336803,3610163126415523,3610163126417513,3610163126423663,0,2,16,1,model.layers.1.self_attn.swa_cache
3610163127109998,3610163127279369,3610163127280469,3610163127281259,3610163127378549,3610163127390270,3610163127470530,3610163127472470,3610163127478720,0,2,16,1,model.layers.2.self_attn.compressor.state_cache
3610163128079304,3610163128251635,3610163128252715,3610163128253435,3610163128349736,3610163128361426,3610163128444726,3610163128446556,3610163128452916,0,2,16,1,model.layers.2.self_attn.indexer.compressor.state_cache
3610163129179501,3610163129341682,3610163129342602,3610163129343342,3610163129437013,3610163129449123,3610163129531754,3610163129533624,3610163129539744,0,2,16,1,model.layers.3.self_attn.compressor.state_cache
3610163181104339,3610163181620943,3610163181695203,3610163181958155,3610163182060136,3610163182074796,3610163182475528,3610163185181906,3610163185190416,1,2,16,4,model.layers.2.self_attn.indexer.k_cache
3610163185826840,3610163185997111,3610163185998131,3610163185998861,3610163186095232,3610163186108292,3610163186192093,3610163186241953,3610163186248843,0,2,16,4,model.layers.2.self_attn.attn
3610163186999298,3610163187166309,3610163187167339,3610163187168149,3610163187265960,3610163187279310,3610163187653032,3610163187655582,3610163187661802,0,2,16,128,model.layers.3.self_attn.attn
3610163188371607,3610163188536998,3610163188538028,3610163188538778,3610163188636729,3610163188648609,3610163189025641,3610163189028411,3610163189034291,0,2,16,1,model.layers.0.self_attn.swa_cache
3610163189740246,3610163189907777,3610163189908707,3610163189909407,3610163190005447,3610163190017577,3610163190098768,3610163190100608,3610163190106608,0,2,16,1,model.layers.1.self_attn.swa_cache
3610163190910733,3610163191124235,3610163191125405,3610163191126295,3610163191247626,3610163191263156,3610163191363936,3610163191366366,3610163191373896,0,2,16,1,model.layers.2.self_attn.compressor.state_cache
3610163192120181,3610163192338603,3610163192340103,3610163192341073,3610163192461523,3610163192476224,3610163192579144,3610163192581574,3610163192589604,0,2,16,1,model.layers.2.self_attn.indexer.compressor.state_cache
3610163193496820,3610163193709502,3610163193710672,3610163193711552,3610163193833282,3610163193847922,3610163193949833,3610163193952353,3610163193960313,0,2,16,1,model.layers.3.self_attn.compressor.state_cache
3610163246580686,3610163247099049,3610163247174370,3610163247444632,3610163247822504,3610163247837214,3610163248285437,3610163249024642,3610163249032552,1,2,16,4,model.layers.2.self_attn.indexer.k_cache
3610163249686316,3610163249853577,3610163249854677,3610163249855377,3610163249951278,3610163249964398,3610163250046358,3610163250097599,3610163250104289,0,2,16,4,model.layers.2.self_attn.attn
3610163250804563,3610163250970245,3610163250971175,3610163250971865,3610163251067425,3610163251080975,3610163251458688,3610163251461818,3610163251467698,0,2,16,128,model.layers.3.self_attn.attn
3610163252186862,3610163252354844,3610163252355884,3610163252356554,3610163252452574,3610163252464954,3610163252836407,3610163252839227,3610163252844887,0,2,16,1,model.layers.0.self_attn.swa_cache
3610163253543731,3610163253714902,3610163253716192,3610163253716932,3610163253813033,3610163253825383,3610163253908244,3610163253909954,3610163253916054,0,2,16,1,model.layers.1.self_attn.swa_cache
3610163254600728,3610163254775009,3610163254776009,3610163254776659,3610163254872630,3610163254884000,3610163254964701,3610163254966481,3610163254972581,0,2,16,1,model.layers.2.self_attn.compressor.state_cache
3610163255559394,3610163255721645,3610163255722695,3610163255723485,3610163255820826,3610163255833106,3610163255911117,3610163255913227,3610163255919307,0,2,16,1,model.layers.2.self_attn.indexer.compressor.state_cache
3610163256645961,3610163256812053,3610163256813073,3610163256813713,3610163256908263,3610163256920443,3610163256999874,3610163257001704,3610163257008134,0,2,16,1,model.layers.3.self_attn.compressor.state_cache
3610163308611390,3610163309152814,3610163309226784,3610163309497506,3610163309602236,3610163309617457,3610163310033719,3610163312361694,3610163312370624,1,2,16,4,model.layers.2.self_attn.indexer.k_cache
3610163313072249,3610163313261320,3610163313262460,3610163313263240,3610163313368921,3610163313383531,3610163313472962,3610163313526862,3610163313534462,0,2,16,4,model.layers.2.self_attn.attn
3610163314297037,3610163314477438,3610163314478458,3610163314479228,3610163314582919,3610163314597289,3610163315003082,3610163315006152,3610163315012892,0,2,16,128,model.layers.3.self_attn.attn
3610163315770477,3610163315948798,3610163315949928,3610163315950578,3610163316072579,3610163316087039,3610163316495161,3610163316498311,3610163316505121,0,2,16,1,model.layers.0.self_attn.swa_cache
3610163317263446,3610163317446238,3610163317447398,3610163317448088,3610163317553388,3610163317566488,3610163317654449,3610163317656519,3610163317663379,0,2,16,1,model.layers.1.self_attn.swa_cache
3610163318411714,3610163318590475,3610163318591585,3610163318592375,3610163318696366,3610163318709336,3610163318797826,3610163318800026,3610163318806726,0,2,16,1,model.layers.2.self_attn.compressor.state_cache
3610163319465081,3610163319646562,3610163319647492,3610163319648152,3610163319750183,3610163319762433,3610163319845423,3610163319847463,3610163319854173,0,2,16,1,model.layers.2.self_attn.indexer.compressor.state_cache
3610163320739199,3610163320906580,3610163320907760,3610163320908450,3610163321008381,3610163321020761,3610163321101091,3610163321103171,3610163321109571,0,2,16,1,model.layers.3.self_attn.compressor.state_cache
3610163375900738,3610163376446822,3610163376521032,3610163376794884,3610163376904615,3610163376918505,3610163377350608,3610163378108643,3610163378116953,1,2,16,4,model.layers.2.self_attn.indexer.k_cache
3610163378784537,3610163378956948,3610163378957868,3610163378958558,3610163379054509,3610163379067699,3610163379152379,3610163379204430,3610163379211330,0,2,16,4,model.layers.2.self_attn.attn
3610163379933875,3610163380132126,3610163380133186,3610163380133836,3610163380229676,3610163380244017,3610163380617509,3610163380620619,3610163380626739,0,2,16,128,model.layers.3.self_attn.attn
3610163381344834,3610163381509515,3610163381510585,3610163381511275,3610163381607135,3610163381618826,3610163381987748,3610163381990478,3610163381996318,0,2,16,1,model.layers.0.self_attn.swa_cache
3610163382700963,3610163382866974,3610163382868114,3610163382868764,3610163382965724,3610163382978074,3610163383059095,3610163383061295,3610163383067625,0,2,16,1,model.layers.1.self_attn.swa_cache
3610163383754899,3610163383922241,3610163383923231,3610163383924061,3610163384029171,3610163384041741,3610163384122922,3610163384124762,3610163384130812,0,2,16,1,model.layers.2.self_attn.compressor.state_cache
3610163384716186,3610163384885757,3610163384886767,3610163384887507,3610163384983857,3610163384995768,3610163385075548,3610163385077538,3610163385083518,0,2,16,1,model.layers.2.self_attn.indexer.compressor.state_cache
3610163385796053,3610163385962454,3610163385963494,3610163385964134,3610163386057654,3610163386069115,3610163386150425,3610163386152345,3610163386158625,0,2,16,1,model.layers.3.self_attn.compressor.state_cache
3610163439233121,3610163439771034,3610163439845765,3610163440164117,3610163440280198,3610163440294478,3610163440771701,3610163441515286,3610163441523516,1,1,8,4,model.layers.2.self_attn.indexer.k_cache
3610163442227740,3610163442397851,3610163442398821,3610163442399511,3610163442496892,3610163442509692,3610163442592903,3610163442647813,3610163442654723,0,1,8,4,model.layers.2.self_attn.attn
3610163443376938,3610163443543109,3610163443544059,3610163443544689,3610163443642620,3610163443656120,3610163444049772,3610163444052562,3610163444059112,0,1,8,128,model.layers.3.self_attn.attn
3610163444780057,3610163444950948,3610163444951938,3610163444952548,3610163445048959,3610163445061019,3610163445427151,3610163445429911,3610163445435731,0,1,8,1,model.layers.0.self_attn.swa_cache
3610163446131126,3610163446299427,3610163446300467,3610163446301197,3610163446398357,3610163446410388,3610163446490878,3610163446493008,3610163446499288,0,1,8,1,model.layers.1.self_attn.swa_cache
3610163447183523,3610163447349474,3610163447350484,3610163447351154,3610163447447884,3610163447459574,3610163447538465,3610163447540445,3610163447546655,0,1,8,1,model.layers.2.self_attn.compressor.state_cache
3610163448136019,3610163448309280,3610163448310190,3610163448310890,3610163448407411,3610163448419271,3610163448499081,3610163448500981,3610163448507251,0,1,8,1,model.layers.2.self_attn.indexer.compressor.state_cache
3610163449216536,3610163449381397,3610163449382267,3610163449382947,3610163449478558,3610163449490338,3610163449569818,3610163449571728,3610163449577798,0,1,8,1,model.layers.3.self_attn.compressor.state_cache
3610163503227638,3610163503761031,3610163503836122,3610163504143544,3610163504256184,3610163504271314,3610163504727477,3610163505462432,3610163505470912,1,1,8,4,model.layers.2.self_attn.indexer.k_cache
3610163506151867,3610163506322138,3610163506323148,3610163506323788,3610163506421678,3610163506434079,3610163506518569,3610163506570429,3610163506577299,0,1,8,4,model.layers.2.self_attn.attn
3610163507278184,3610163507443855,3610163507444855,3610163507445535,3610163507541636,3610163507555336,3610163507928538,3610163507931448,3610163507937208,0,1,8,128,model.layers.3.self_attn.attn
3610163508761674,3610163508927305,3610163508928365,3610163508929005,3610163509026515,3610163509038285,3610163509403258,3610163509406278,3610163509412488,0,1,8,1,model.layers.0.self_attn.swa_cache
3610163510109202,3610163510279144,3610163510280274,3610163510281074,3610163510379044,3610163510391404,3610163510472875,3610163510475055,3610163510481395,0,1,8,1,model.layers.1.self_attn.swa_cache
3610163511173529,3610163511341860,3610163511342860,3610163511343531,3610163511441141,3610163511452651,3610163511534642,3610163511536612,3610163511542772,0,1,8,1,model.layers.2.self_attn.compressor.state_cache
3610163512130676,3610163512304587,3610163512305727,3610163512306497,3610163512401767,3610163512412877,3610163512492648,3610163512494398,3610163512500528,0,1,8,1,model.layers.2.self_attn.indexer.compressor.state_cache
3610163513222573,3610163513396624,3610163513397744,3610163513398454,3610163513500205,3610163513512345,3610163513594125,3610163513596135,3610163513602525,0,1,8,1,model.layers.3.self_attn.compressor.state_cache
3610163565901776,3610163566631631,3610163566708751,3610163566982423,3610163567094614,3610163567109684,3610163567540757,3610163568295911,3610163568304272,1,1,8,4,model.layers.2.self_attn.indexer.k_cache
3610163568967376,3610163569140187,3610163569141257,3610163569141947,3610163569240808,3610163569253778,3610163569339218,3610163569393599,3610163569400659,0,1,8,4,model.layers.2.self_attn.attn
3610163570106963,3610163570273264,3610163570274254,3610163570274884,3610163570369805,3610163570383265,3610163570755148,3610163570758068,3610163570764278,0,1,8,128,model.layers.3.self_attn.attn
3610163571470192,3610163571638803,3610163571639853,3610163571640583,3610163571737464,3610163571749694,3610163572133046,3610163572135716,3610163572141947,0,1,8,1,model.layers.0.self_attn.swa_cache
3610163572845881,3610163573018522,3610163573019722,3610163573020452,3610163573120713,3610163573132963,3610163573217144,3610163573219154,3610163573225484,0,1,8,1,model.layers.1.self_attn.swa_cache
3610163573913678,3610163574080579,3610163574081669,3610163574082329,3610163574181970,3610163574194850,3610163574276570,3610163574278650,3610163574285170,0,1,8,1,model.layers.2.self_attn.compressor.state_cache
3610163574862864,3610163575030645,3610163575031865,3610163575032625,3610163575129126,3610163575141146,3610163575221587,3610163575223597,3610163575229767,0,1,8,1,model.layers.2.self_attn.indexer.compressor.state_cache
3610163575948701,3610163576128952,3610163576130262,3610163576130952,3610163576226073,3610163576237653,3610163576314664,3610163576316654,3610163576322954,0,1,8,1,model.layers.3.self_attn.compressor.state_cache
3610163628358953,3610163628883086,3610163628957987,3610163629235148,3610163629344429,3610163629359009,3610163630018264,3610163630799679,3610163630807779,1,1,8,4,model.layers.2.self_attn.indexer.k_cache
3610163631470293,3610163631641744,3610163631642814,3610163631643474,3610163631739815,3610163631752945,3610163631834495,3610163631884966,3610163631892036,0,1,8,4,model.layers.2.self_attn.attn
3610163632614850,3610163632779552,3610163632780562,3610163632781292,3610163632877992,3610163632891652,3610163633270555,3610163633273385,3610163633279415,0,1,8,128,model.layers.3.self_attn.attn
3610163633985599,3610163634157180,3610163634158300,3610163634158990,3610163634256531,3610163634268161,3610163634641824,3610163634644694,3610163634651034,0,1,8,1,model.layers.0.self_attn.swa_cache
3610163635348298,3610163635514119,3610163635515179,3610163635515899,3610163635611950,3610163635623590,3610163635703461,3610163635705311,3610163635711451,0,1,8,1,model.layers.1.self_attn.swa_cache
3610163636408885,3610163636573436,3610163636574596,3610163636575216,3610163636671977,3610163636684277,3610163636764867,3610163636766757,3610163636773078,0,1,8,1,model.layers.2.self_attn.compressor.state_cache
3610163637380661,3610163637549813,3610163637550813,3610163637551473,3610163637648693,3610163637660533,3610163637739194,3610163637741194,3610163637747444,0,1,8,1,model.layers.2.self_attn.indexer.compressor.state_cache
3610163638486249,3610163638659210,3610163638660250,3610163638660970,3610163638757300,3610163638769371,3610163638850471,3610163638852491,3610163638858751,0,1,8,1,model.layers.3.self_attn.compressor.state_cache
3610163690755739,3610163691286863,3610163691363203,3610163691633675,3610163691740755,3610163691754816,3610163692178118,3610163694361243,3610163694370123,1,1,8,4,model.layers.2.self_attn.indexer.k_cache
3610163695066747,3610163695252368,3610163695253578,3610163695254248,3610163695366759,3610163695380839,3610163695472400,3610163695528890,3610163695536510,0,1,8,4,model.layers.2.self_attn.attn
3610163696300885,3610163696478326,3610163696479386,3610163696480106,3610163696583837,3610163696598097,3610163697007730,3610163697010850,3610163697017200,0,1,8,128,model.layers.3.self_attn.attn
3610163697771425,3610163697951156,3610163697952306,3610163697953086,3610163698059967,3610163698073057,3610163698479359,3610163698482339,3610163698488819,0,1,8,1,model.layers.0.self_attn.swa_cache
3610163699241154,3610163699425236,3610163699426336,3610163699427116,3610163699531206,3610163699544786,3610163699631547,3610163699633907,3610163699640627,0,1,8,1,model.layers.1.self_attn.swa_cache
3610163700389172,3610163700564623,3610163700565703,3610163700566443,3610163700669174,3610163700682014,3610163700771664,3610163700773844,3610163700780614,0,1,8,1,model.layers.2.self_attn.compressor.state_cache
3610163701404268,3610163701580470,3610163701581560,3610163701582230,3610163701684600,3610163701697200,3610163701783751,3610163701785751,3610163701792181,0,1,8,1,model.layers.2.self_attn.indexer.compressor.state_cache
3610163702572396,3610163702739537,3610163702740677,3610163702741347,3610163702838488,3610163702850468,3610163702931158,3610163702933368,3610163702939408,0,1,8,1,model.layers.3.self_attn.compressor.state_cache
3610163754664415,3610163755183829,3610163755257359,3610163755527331,3610163755635831,3610163755649982,3610163756071694,3610163757679925,3610163757688015,1,1,8,4,model.layers.2.self_attn.indexer.k_cache
3610163758336689,3610163758504040,3610163758504980,3610163758505640,3610163758603301,3610163758616511,3610163758698991,3610163758750112,3610163758757052,0,1,8,4,model.layers.2.self_attn.attn
3610163759515487,3610163759703258,3610163759704348,3610163759705108,3610163759810139,3610163759824439,3610163760252202,3610163760255102,3610163760262012,0,1,8,128,model.layers.3.self_attn.attn
3610163761019127,3610163761204648,3610163761205708,3610163761206448,3610163761310358,3610163761323139,3610163761725901,3610163761728871,3610163761735591,0,1,8,1,model.layers.0.self_attn.swa_cache
3610163762484686,3610163762668637,3610163762669897,3610163762670667,3610163762776558,3610163762789778,3610163762877579,3610163762879479,3610163762886429,0,1,8,1,model.layers.1.self_attn.swa_cache
3610163763625144,3610163763804395,3610163763805395,3610163763806085,3610163763909335,3610163763922065,3610163764020976,3610163764023246,3610163764029926,0,1,8,1,model.layers.2.self_attn.compressor.state_cache
3610163764646150,3610163764824061,3610163764825141,3610163764825841,3610163764927882,3610163764940892,3610163765029143,3610163765031233,3610163765038113,0,1,8,1,model.layers.2.self_attn.indexer.compressor.state_cache
3610163765810038,3610163765991709,3610163765992829,3610163765993519,3610163766098460,3610163766111920,3610163766200090,3610163766202210,3610163766208920,0,1,8,1,model.layers.3.self_attn.compressor.state_cache
3610163818136528,3610163818656782,3610163818732502,3610163819001304,3610163819108675,3610163819122425,3610163819531858,3610163822987740,3610163822996000,1,1,8,4,model.layers.2.self_attn.indexer.k_cache
3610163823642404,3610163823812985,3610163823814075,3610163823814765,3610163823912526,3610163823925616,3610163824027127,3610163824084057,3610163824091047,0,1,8,4,model.layers.2.self_attn.attn
3610163824833472,3610163825066664,3610163825067934,3610163825068914,3610163825203154,3610163825221795,3610163825736468,3610163825740288,3610163825748718,0,1,8,128,model.layers.3.self_attn.attn
3610163826742334,3610163826971726,3610163826973356,3610163826974266,3610163827105697,3610163827122797,3610163827628910,3610163827633070,3610163827641260,0,1,8,1,model.layers.0.self_attn.swa_cache
3610163828601907,3610163828836368,3610163828837748,3610163828838798,3610163828971449,3610163828988059,3610163829098590,3610163829101220,3610163829109590,0,1,8,1,model.layers.1.self_attn.swa_cache
3610163830044046,3610163830271027,3610163830272387,3610163830273387,3610163830406948,3610163830423778,3610163830533409,3610163830535919,3610163830544639,0,1,8,1,model.layers.2.self_attn.compressor.state_cache
3610163831334534,3610163831563316,3610163831564726,3610163831565726,3610163831701277,3610163831717967,3610163831826308,3610163831828868,3610163831837378,0,1,8,1,model.layers.2.self_attn.indexer.compressor.state_cache
3610163832827514,3610163833093396,3610163833094456,3610163833095116,3610163833190296,3610163833201817,3610163833282317,3610163833284197,3610163833290657,0,1,8,1,model.layers.3.self_attn.compressor.state_cache
3610163885032734,3610163885542227,3610163885616128,3610163886121061,3610163886238182,3610163886252782,3610163886677705,3610163887435670,3610163887443740,1,1,8,4,model.layers.2.self_attn.indexer.k_cache
3610163888121714,3610163888291885,3610163888292875,3610163888293555,3610163888392526,3610163888405756,3610163888490216,3610163888540447,3610163888547097,0,1,8,4,model.layers.2.self_attn.attn
3610163889242271,3610163889413852,3610163889414883,3610163889415673,3610163889511513,3610163889525463,3610163889916856,3610163889919536,3610163889925656,0,1,8,128,model.layers.3.self_attn.attn
3610163890622010,3610163890791701,3610163890792701,3610163890793381,3610163890889922,3610163890902232,3610163891272335,3610163891275145,3610163891281275,0,1,8,1,model.layers.0.self_attn.swa_cache
3610163891979429,3610163892161620,3610163892162580,3610163892163290,3610163892261401,3610163892274101,3610163892369422,3610163892371532,3610163892378222,0,1,8,1,model.layers.1.self_attn.swa_cache
3610163893071376,3610163893236437,3610163893237367,3610163893238007,3610163893332278,3610163893344188,3610163893422079,3610163893424149,3610163893430629,0,1,8,1,model.layers.2.self_attn.compressor.state_cache
3610163894008392,3610163894172293,3610163894173323,3610163894174013,3610163894270644,3610163894282704,3610163894362815,3610163894364955,3610163894371635,0,1,8,1,model.layers.2.self_attn.indexer.compressor.state_cache
3610163895085709,3610163895251901,3610163895252891,3610163895253601,3610163895348271,3610163895359941,3610163895439332,3610163895441222,3610163895447582,0,1,8,1,model.layers.3.self_attn.compressor.state_cache
3610163947321120,3610163947842213,3610163947916553,3610163948191055,3610163948295976,3610163948310196,3610163948719339,3610163950463740,3610163950471300,1,1,8,4,model.layers.2.self_attn.indexer.k_cache
3610163951114544,3610163951282535,3610163951283605,3610163951284285,3610163951379536,3610163951392466,3610163951473147,3610163951523907,3610163951530787,0,1,8,4,model.layers.2.self_attn.attn
3610163952234101,3610163952405553,3610163952406523,3610163952407213,3610163952503933,3610163952517503,3610163952892436,3610163952895236,3610163952901586,0,1,8,128,model.layers.3.self_attn.attn
3610163953604580,3610163953771952,3610163953773062,3610163953773732,3610163953870712,3610163953883192,3610163954253295,3610163954255905,3610163954261915,0,1,8,1,model.layers.0.self_attn.swa_cache
3610163954954439,3610163955123500,3610163955124410,3610163955125070,3610163955222331,3610163955234661,3610163955316272,3610163955318252,3610163955324512,0,1,8,1,model.layers.1.self_attn.swa_cache
3610163956086197,3610163956269458,3610163956270638,3610163956271328,3610163956376488,3610163956389149,3610163956474399,3610163956476529,3610163956483219,0,1,8,1,model.layers.2.self_attn.compressor.state_cache
3610163957103093,3610163957279494,3610163957280544,3610163957281334,3610163957384165,3610163957396625,3610163957483086,3610163957485336,3610163957492296,0,1,8,1,model.layers.2.self_attn.indexer.compressor.state_cache
3610163958268361,3610163958444512,3610163958445712,3610163958446432,3610163958548503,3610163958561443,3610163958646483,3610163958648503,3610163958655093,0,1,8,1,model.layers.3.self_attn.compressor.state_cache
3610164010704642,3610164011220446,3610164011294946,3610164011559928,3610164011665078,3610164011679099,3610164012092481,3610164014037794,3610164014046794,1,1,8,4,model.layers.2.self_attn.indexer.k_cache
3610164014740378,3610164014923330,3610164014924420,3610164014925200,3610164015030820,3610164015044670,3610164015134681,3610164015189321,3610164015196971,0,1,8,4,model.layers.2.self_attn.attn
3610164015944466,3610164016157798,3610164016158998,3610164016159858,3610164016265668,3610164016279809,3610164016687051,3610164016690031,3610164016696571,0,1,8,128,model.layers.3.self_attn.attn
3610164017453696,3610164017639977,3610164017641327,3610164017642087,3610164017747328,3610164017760958,3610164018168711,3610164018171651,3610164018178411,0,1,8,1,model.layers.0.self_attn.swa_cache
3610164018928816,3610164019121667,3610164019122837,3610164019123627,3610164019229728,3610164019242288,3610164019330448,3610164019332618,3610164019339298,0,1,8,1,model.layers.1.self_attn.swa_cache
3610164020095433,3610164020273804,3610164020274935,3610164020275685,3610164020378145,3610164020390895,3610164020474446,3610164020476556,3610164020483106,0,1,8,1,model.layers.2.self_attn.compressor.state_cache
3610164021102770,3610164021279941,3610164021280931,3610164021281771,3610164021384862,3610164021397582,3610164021482162,3610164021484342,3610164021490962,0,1,8,1,model.layers.2.self_attn.indexer.compressor.state_cache
3610164022268787,3610164022435169,3610164022436179,3610164022436879,3610164022534349,3610164022546539,3610164022626620,3610164022628940,3610164022635200,0,1,8,1,model.layers.3.self_attn.compressor.state_cache
3610164074130015,3610164074646649,3610164074719799,3610164074982841,3610164075088371,3610164075102261,3610164075503944,3610164077350646,3610164077359236,1,1,8,4,model.layers.2.self_attn.indexer.k_cache
3610164077990680,3610164078159711,3610164078160761,3610164078161381,3610164078257812,3610164078271002,3610164078353363,3610164078403913,3610164078411083,0,1,8,4,model.layers.2.self_attn.attn
3610164079188028,3610164079374039,3610164079375269,3610164079376009,3610164079481660,3610164079496610,3610164079915393,3610164079918223,3610164079924983,0,1,8,128,model.layers.3.self_attn.attn
3610164080721218,3610164080899189,3610164080900359,3610164080901089,3610164081006610,3610164081020230,3610164081439583,3610164081442573,3610164081449233,0,1,8,1,model.layers.0.self_attn.swa_cache
3610164082232948,3610164082424079,3610164082425229,3610164082425999,3610164082534580,3610164082547070,3610164082636961,3610164082639281,3610164082646821,0,1,8,1,model.layers.1.self_attn.swa_cache
3610164083402376,3610164083584627,3610164083585717,3610164083586487,3610164083696357,3610164083709388,3610164083799968,3610164083802198,3610164083809018,0,1,8,1,model.layers.2.self_attn.compressor.state_cache
3610164084460752,3610164084643724,3610164084644844,3610164084645624,3610164084752154,3610164084765164,3610164084852305,3610164084854245,3610164084861085,0,1,8,1,model.layers.2.self_attn.indexer.compressor.state_cache
3610164085656180,3610164085837641,3610164085838701,3610164085839491,3610164085942562,3610164085955102,3610164086044513,3610164086046583,3610164086053833,0,1,8,1,model.layers.3.self_attn.compressor.state_cache
3610164137595688,3610164138121192,3610164138195482,3610164138458844,3610164138564365,3610164138578745,3610164138981687,3610164140707689,3610164140715969,1,1,8,4,model.layers.2.self_attn.indexer.k_cache
3610164141347493,3610164141514204,3610164141515294,3610164141516014,3610164141610394,3610164141623115,3610164141706215,3610164141758465,3610164141765456,0,1,8,4,model.layers.2.self_attn.attn
3610164142451280,3610164142628881,3610164142629921,3610164142630641,3610164142727702,3610164142740632,3610164143128664,3610164143131414,3610164143137384,0,1,8,128,model.layers.3.self_attn.attn
3610164143967790,3610164144193571,3610164144195001,3610164144195781,3610164144304042,3610164144317362,3610164144723705,3610164144726545,3610164144733095,0,1,8,1,model.layers.0.self_attn.swa_cache
3610164145519740,3610164145706731,3610164145707901,3610164145708671,3610164145814402,3610164145827462,3610164145915743,3610164145917833,3610164145924923,0,1,8,1,model.layers.1.self_attn.swa_cache
3610164146668337,3610164146848739,3610164146849959,3610164146850729,3610164146952139,3610164146964939,3610164147048940,3610164147051200,3610164147057930,0,1,8,1,model.layers.2.self_attn.compressor.state_cache
3610164147677734,3610164147857195,3610164147858295,3610164147859075,3610164147962046,3610164147974456,3610164148071367,3610164148073357,3610164148080177,0,1,8,1,model.layers.2.self_attn.indexer.compressor.state_cache
3610164148847972,3610164149023213,3610164149024333,3610164149025143,3610164149126863,3610164149139774,3610164149225434,3610164149227674,3610164149234634,0,1,8,1,model.layers.3.self_attn.compressor.state_cache
3610165055791615,3610165056334069,3610165056399219,3610165056759602,3610165056876532,3610165056889893,3610165057445916,3610165057883399,3610165057892189,1,1,88,4,model.layers.2.self_attn.indexer.k_cache
3610165058598624,3610165058766775,3610165058767815,3610165058768425,3610165058860455,3610165058872605,3610165058951906,3610165059002326,3610165059008966,0,1,88,4,model.layers.2.self_attn.attn
3610165059673981,3610165059836062,3610165059837042,3610165059837682,3610165059929752,3610165059941752,3610165060312315,3610165060315035,3610165060321005,0,1,88,128,model.layers.3.self_attn.attn
3610165060996239,3610165061155470,3610165061156480,3610165061157140,3610165061250811,3610165061262801,3610165061604123,3610165061606693,3610165061612763,0,1,88,1,model.layers.0.self_attn.swa_cache
3610165062310948,3610165062474559,3610165062475449,3610165062476079,3610165062567470,3610165062578540,3610165062654810,3610165062656590,3610165062662830,0,1,88,1,model.layers.1.self_attn.swa_cache
3610165063324054,3610165063485775,3610165063486705,3610165063487296,3610165063578616,3610165063589996,3610165063666467,3610165063668327,3610165063674047,0,1,88,1,model.layers.2.self_attn.compressor.state_cache
3610165064233880,3610165064393671,3610165064394641,3610165064395261,3610165064484742,3610165064496032,3610165064570533,3610165064572323,3610165064578373,0,1,88,1,model.layers.2.self_attn.indexer.compressor.state_cache
3610165065274877,3610165065437988,3610165065439058,3610165065439688,3610165065529459,3610165065540309,3610165065614799,3610165065616549,3610165065622619,0,1,88,1,model.layers.3.self_attn.compressor.state_cache
3610165474217479,3610165474744422,3610165474821222,3610165475130294,3610165475245545,3610165475260675,3610165475782569,3610165501955059,3610165501964289,1,1,8,4,model.layers.2.self_attn.indexer.k_cache
3610165502725304,3610165502890285,3610165502891415,3610165502892065,3610165503009416,3610165503023336,3610165503104147,3610165503154447,3610165503160867,0,1,8,4,model.layers.2.self_attn.attn
3610165503882602,3610165504061653,3610165504062713,3610165504063363,3610165504163573,3610165504176943,3610165504591726,3610165504594316,3610165504600096,0,1,8,128,model.layers.3.self_attn.attn
3610165505298911,3610165505468682,3610165505469752,3610165505470382,3610165505567843,3610165505579593,3610165505947835,3610165505950785,3610165505956825,0,1,8,1,model.layers.0.self_attn.swa_cache
3610165506648630,3610165506815921,3610165506817021,3610165506817661,3610165506916381,3610165506929371,3610165507009682,3610165507011652,3610165507018222,0,1,8,1,model.layers.1.self_attn.swa_cache
3610165507692596,3610165507856087,3610165507857097,3610165507857737,3610165507957488,3610165507969338,3610165508092529,3610165508094729,3610165508101059,0,1,8,1,model.layers.2.self_attn.compressor.state_cache
3610165508675453,3610165508836974,3610165508838124,3610165508838784,3610165508932464,3610165508944295,3610165509023425,3610165509025405,3610165509031955,0,1,8,1,model.layers.2.self_attn.indexer.compressor.state_cache
3610165509736610,3610165509896591,3610165509897481,3610165509898131,3610165509991351,3610165510002851,3610165510080422,3610165510082382,3610165510088832,0,1,8,1,model.layers.3.self_attn.compressor.state_cache
3610165583807272,3610165584374665,3610165584440926,3610165584755188,3610165584872559,3610165584886539,3610165585444552,3610165585905035,3610165585914165,1,4,264,4,model.layers.2.self_attn.indexer.k_cache
3610165586671140,3610165586842091,3610165586843291,3610165586843961,3610165586939092,3610165586952132,3610165587033513,3610165587083753,3610165587090503,0,4,264,4,model.layers.2.self_attn.attn
3610165587779858,3610165587941729,3610165587942879,3610165587943539,3610165588049969,3610165588062009,3610165588434742,3610165588437502,3610165588444182,0,4,264,128,model.layers.3.self_attn.attn
3610165589137506,3610165589299787,3610165589300847,3610165589301447,3610165589394838,3610165589407068,3610165589775341,3610165589778121,3610165589784451,0,4,264,1,model.layers.0.self_attn.swa_cache
3610165590469455,3610165590636656,3610165590637836,3610165590638436,3610165590732497,3610165590744217,3610165590822437,3610165590824177,3610165590830667,0,4,264,1,model.layers.1.self_attn.swa_cache
3610165591609503,3610165591772194,3610165591773364,3610165591773974,3610165591867954,3610165591879374,3610165591957485,3610165591959605,3610165591965955,0,4,264,1,model.layers.2.self_attn.compressor.state_cache
3610165592554499,3610165592721470,3610165592722690,3610165592723270,3610165592818990,3610165592831390,3610165592906811,3610165592908641,3610165592914811,0,4,264,1,model.layers.2.self_attn.indexer.compressor.state_cache
3610165593741386,3610165593907577,3610165593908807,3610165593909377,3610165594006148,3610165594018008,3610165594097649,3610165594099309,3610165594105979,0,4,264,1,model.layers.3.self_attn.compressor.state_cache
3610166023049989,3610166023592873,3610166023671283,3610166023991915,3610166024126766,3610166024142576,3610166024693230,3610166031887257,3610166031895797,1,4,32,4,model.layers.2.self_attn.indexer.k_cache
3610166032689022,3610166032862203,3610166032863533,3610166032864133,3610166032977784,3610166032991534,3610166033071384,3610166033121875,3610166033128945,0,4,32,4,model.layers.2.self_attn.attn
3610166033837169,3610166034006981,3610166034008341,3610166034008961,3610166034103941,3610166034117581,3610166034593144,3610166034595894,3610166034602444,0,4,32,128,model.layers.3.self_attn.attn
3610166035313009,3610166035478670,3610166035479860,3610166035480510,3610166035580161,3610166035592171,3610166035957613,3610166035960203,3610166035966733,0,4,32,1,model.layers.0.self_attn.swa_cache
3610166036692528,3610166036865499,3610166036866699,3610166036867319,3610166036964660,3610166036976470,3610166037055430,3610166037057410,3610166037063890,0,4,32,1,model.layers.1.self_attn.swa_cache
3610166037748135,3610166037923226,3610166037924476,3610166037925086,3610166038021897,3610166038034097,3610166038113897,3610166038115667,3610166038122247,0,4,32,1,model.layers.2.self_attn.compressor.state_cache
3610166038698141,3610166038868142,3610166038869252,3610166038869842,3610166038964253,3610166038976443,3610166039052783,3610166039054543,3610166039060553,0,4,32,1,model.layers.2.self_attn.indexer.compressor.state_cache
3610166039777138,3610166039939439,3610166039940609,3610166039941239,3610166040047750,3610166040061000,3610166040142060,3610166040143970,3610166040150191,0,4,32,1,model.layers.3.self_attn.compressor.state_cache
3610166143130350,3610166143684824,3610166143752034,3610166144099687,3610166144224768,3610166144239608,3610166144812741,3610166145257884,3610166145268094,1,6,200,4,model.layers.2.self_attn.indexer.k_cache
3610166146025499,3610166146196980,3610166146198360,3610166146199120,3610166146300681,3610166146313231,3610166146392812,3610166146443052,3610166146450472,0,6,200,4,model.layers.2.self_attn.attn
3610166147143087,3610166147309258,3610166147310398,3610166147310988,3610166147403948,3610166147416668,3610166147804991,3610166147807891,3610166147813981,0,6,200,128,model.layers.3.self_attn.attn
3610166148534876,3610166148705427,3610166148706597,3610166148707137,3610166148803327,3610166148815707,3610166149184250,3610166149187230,3610166149193680,0,6,200,1,model.layers.0.self_attn.swa_cache
3610166149915565,3610166150081346,3610166150082556,3610166150083166,3610166150180606,3610166150192616,3610166150271357,3610166150273267,3610166150279967,0,6,200,1,model.layers.1.self_attn.swa_cache
3610166151084532,3610166151248193,3610166151249493,3610166151250123,3610166151346574,3610166151358764,3610166151435734,3610166151437744,3610166151444775,0,6,200,1,model.layers.2.self_attn.compressor.state_cache
3610166152036518,3610166152211670,3610166152212750,3610166152213440,3610166152314000,3610166152327530,3610166152409591,3610166152411601,3610166152418441,0,6,200,1,model.layers.2.self_attn.indexer.compressor.state_cache
3610166153278856,3610166153445388,3610166153446678,3610166153447318,3610166153543108,3610166153554608,3610166153633379,3610166153635469,3610166153642409,0,6,200,1,model.layers.3.self_attn.compressor.state_cache
3610166573549880,3610166574060224,3610166574135954,3610166574402676,3610166574509067,3610166574523037,3610166574951049,3610166584682663,3610166584690923,1,6,48,4,model.layers.2.self_attn.indexer.k_cache
3610166585388917,3610166585557558,3610166585558748,3610166585559368,3610166585656489,3610166585669139,3610166585749580,3610166585799200,3610166585806410,0,6,48,4,model.layers.2.self_attn.attn
3610166586479784,3610166586643096,3610166586644326,3610166586644966,3610166586740496,3610166586753226,3610166587126909,3610166587129619,3610166587135639,0,6,48,128,model.layers.3.self_attn.attn
3610166587825333,3610166587992884,3610166587994064,3610166587994734,3610166588116945,3610166588128685,3610166588497968,3610166588500528,3610166588506348,0,6,48,1,model.layers.0.self_attn.swa_cache
3610166589182372,3610166589352043,3610166589353143,3610166589353783,3610166589450614,3610166589462114,3610166589537444,3610166589539194,3610166589545104,0,6,48,1,model.layers.1.self_attn.swa_cache
3610166590359950,3610166590585701,3610166590587181,3610166590588011,3610166590719052,3610166590735392,3610166590844563,3610166590847093,3610166590855183,0,6,48,1,model.layers.2.self_attn.compressor.state_cache
3610166591621488,3610166591845389,3610166591846779,3610166591847649,3610166591975540,3610166591990780,3610166592114681,3610166592117211,3610166592125751,0,6,48,1,model.layers.2.self_attn.indexer.compressor.state_cache
3610166593081717,3610166593307599,3610166593309249,3610166593310179,3610166593439400,3610166593454540,3610166593561301,3610166593563821,3610166593571951,0,6,48,1,model.layers.3.self_attn.compressor.state_cache
3610166660553296,3610166661088200,3610166661152340,3610166661449672,3610166661564223,3610166661578123,3610166662083196,3610166662582970,3610166662591760,1,8,216,4,model.layers.2.self_attn.indexer.k_cache
3610166663301874,3610166663466645,3610166663467735,3610166663468335,3610166663566206,3610166663578566,3610166663662527,3610166663714877,3610166663722157,0,8,216,4,model.layers.2.self_attn.attn
3610166664433262,3610166664605523,3610166664606653,3610166664607323,3610166664703223,3610166664715603,3610166665104516,3610166665108026,3610166665114356,0,8,216,128,model.layers.3.self_attn.attn
3610166665816151,3610166665981902,3610166665983122,3610166665983852,3610166666079662,3610166666091632,3610166666474005,3610166666476855,3610166666482975,0,8,216,1,model.layers.0.self_attn.swa_cache
3610166667177969,3610166667346200,3610166667347350,3610166667347980,3610166667447061,3610166667459411,3610166667542112,3610166667544182,3610166667550952,0,8,216,1,model.layers.1.self_attn.swa_cache
3610166668369417,3610166668533288,3610166668534428,3610166668535108,3610166668637729,3610166668649479,3610166668728679,3610166668730489,3610166668736980,0,8,216,1,model.layers.2.self_attn.compressor.state_cache
3610166669329853,3610166669495634,3610166669497174,3610166669497874,3610166669592755,3610166669604475,3610166669684066,3610166669685956,3610166669692616,0,8,216,1,model.layers.2.self_attn.indexer.compressor.state_cache
3610166670526061,3610166670691322,3610166670692472,3610166670693162,3610166670787453,3610166670799033,3610166670881213,3610166670883033,3610166670889534,0,8,216,1,model.layers.3.self_attn.compressor.state_cache
3610167096141159,3610167096668742,3610167096734442,3610167097021404,3610167097129835,3610167097142935,3610167097618138,3610167098064561,3610167098072951,1,9,152,4,model.layers.2.self_attn.indexer.k_cache
3610167098773916,3610167098949967,3610167098951367,3610167098951987,3610167099047748,3610167099060378,3610167099143908,3610167099196728,3610167099203559,0,9,152,4,model.layers.2.self_attn.attn
3610167099885953,3610167100067284,3610167100068524,3610167100069204,3610167100168125,3610167100180245,3610167100575557,3610167100578527,3610167100584788,0,9,152,128,model.layers.3.self_attn.attn
3610167101286762,3610167101453283,3610167101454423,3610167101455053,3610167101550934,3610167101562804,3610167101942786,3610167101945826,3610167101952186,0,9,152,1,model.layers.0.self_attn.swa_cache
3610167102639541,3610167102803852,3610167102805032,3610167102805632,3610167102901393,3610167102913343,3610167102995613,3610167102997473,3610167103004013,0,9,152,1,model.layers.1.self_attn.swa_cache
3610167103776778,3610167103942119,3610167103943249,3610167103943889,3610167104055870,3610167104068950,3610167104153821,3610167104155661,3610167104162001,0,9,152,1,model.layers.2.self_attn.compressor.state_cache
3610167104733704,3610167104900506,3610167104901606,3610167104902256,3610167104999496,3610167105011276,3610167105092607,3610167105094517,3610167105100887,0,9,152,1,model.layers.2.self_attn.indexer.compressor.state_cache
3610167105915142,3610167106082713,3610167106083853,3610167106084463,3610167106179554,3610167106191304,3610167106268694,3610167106270534,3610167106277085,0,9,152,1,model.layers.3.self_attn.compressor.state_cache
3610167550873345,3610167551416029,3610167551482819,3610167551775931,3610167551888832,3610167551905802,3610167552398775,3610167552860318,3610167552868908,1,11,240,4,model.layers.2.self_attn.indexer.k_cache
3610167553584923,3610167553758564,3610167553759654,3610167553760204,3610167553857715,3610167553870885,3610167553952915,3610167554002986,3610167554010326,0,11,240,4,model.layers.2.self_attn.attn
3610167554697680,3610167554861291,3610167554862551,3610167554863191,3610167554961312,3610167554973772,3610167555364715,3610167555367945,3610167555374545,0,11,240,128,model.layers.3.self_attn.attn
3610167556099539,3610167556274361,3610167556275471,3610167556276091,3610167556375081,3610167556387601,3610167556769634,3610167556772644,3610167556778794,0,11,240,1,model.layers.0.self_attn.swa_cache
3610167557485808,3610167557658520,3610167557659740,3610167557660360,3610167557757920,3610167557769660,3610167557849461,3610167557851121,3610167557857941,0,11,240,1,model.layers.1.self_attn.swa_cache
3610167558650986,3610167558818577,3610167558819717,3610167558820387,3610167558920148,3610167558931878,3610167559011828,3610167559013678,3610167559020408,0,11,240,1,model.layers.2.self_attn.compressor.state_cache
3610167559599522,3610167559770943,3610167559772163,3610167559772723,3610167559872184,3610167559884194,3610167559964055,3610167559966205,3610167559972785,0,11,240,1,model.layers.2.self_attn.indexer.compressor.state_cache
3610167561094272,3610167561296573,3610167561297803,3610167561298393,3610167561400714,3610167561412674,3610167561493824,3610167561495835,3610167561502465,0,11,240,1,model.layers.3.self_attn.compressor.state_cache
3610167993760034,3610167994298868,3610167994362618,3610167994647460,3610167994756131,3610167994769481,3610167995243554,3610167995608166,3610167995616256,1,12,176,4,model.layers.2.self_attn.indexer.k_cache
3610167996365981,3610167996529042,3610167996530252,3610167996530822,3610167996627193,3610167996639543,3610167996719744,3610167996771324,3610167996778484,0,12,176,4,model.layers.2.self_attn.attn
3610167997471788,3610167997637099,3610167997638269,3610167997638829,3610167997732760,3610167997745290,3610167998124143,3610167998126983,3610167998133213,0,12,176,128,model.layers.3.self_attn.attn
3610167998826647,3610167998995438,3610167998996478,3610167998997108,3610167999094059,3610167999105859,3610167999496932,3610167999499812,3610167999505642,0,12,176,1,model.layers.0.self_attn.swa_cache
3610168000220116,3610168000392617,3610168000393687,3610168000394317,3610168000489688,3610168000501598,3610168000582309,3610168000584379,3610168000590729,0,12,176,1,model.layers.1.self_attn.swa_cache
3610168001385704,3610168001549655,3610168001550725,3610168001551345,3610168001647536,3610168001659806,3610168001737936,3610168001740046,3610168001746706,0,12,176,1,model.layers.2.self_attn.compressor.state_cache
3610168002320790,3610168002483601,3610168002484741,3610168002485311,3610168002580182,3610168002592032,3610168002668852,3610168002670932,3610168002677452,0,12,176,1,model.layers.2.self_attn.indexer.compressor.state_cache
3610168003504368,3610168003666959,3610168003668059,3610168003668759,3610168003767219,3610168003778699,3610168003857440,3610168003859410,3610168003866220,0,12,176,1,model.layers.3.self_attn.compressor.state_cache
3610168437901541,3610168438426824,3610168438501735,3610168438776927,3610168438909197,3610168438924358,3610168439215299,3610168482065048,3610168482072858,1,12,96,4,model.layers.2.self_attn.indexer.k_cache
3610168482803043,3610168482972864,3610168482973774,3610168482974414,3610168483071065,3610168483083845,3610168483166325,3610168483217615,3610168483224426,0,12,96,4,model.layers.2.self_attn.attn
3610168483916680,3610168484117031,3610168484118381,3610168484119131,3610168484215302,3610168484228742,3610168484496264,3610168484499014,3610168484504964,0,12,96,128,model.layers.3.self_attn.attn
3610168485201588,3610168485375309,3610168485376480,3610168485377230,3610168485473820,3610168485486150,3610168485740702,3610168485743182,3610168485749252,0,12,96,1,model.layers.0.self_attn.swa_cache
3610168486434876,3610168486613658,3610168486614578,3610168486615198,3610168486710778,3610168486722568,3610168486803569,3610168486805339,3610168486811299,0,12,96,1,model.layers.1.self_attn.swa_cache
3610168487485403,3610168487653994,3610168487655234,3610168487655904,3610168487751565,3610168487763135,3610168487843356,3610168487845246,3610168487851736,0,12,96,1,model.layers.2.self_attn.compressor.state_cache
3610168488621611,3610168488816302,3610168488817562,3610168488818302,3610168488926363,3610168488939743,3610168489032973,3610168489035303,3610168489042503,0,12,96,1,model.layers.2.self_attn.indexer.compressor.state_cache
3610168489863329,3610168490055680,3610168490056880,3610168490057660,3610168490166641,3610168490180371,3610168490271641,3610168490273681,3610168490280881,0,12,96,1,model.layers.3.self_attn.compressor.state_cache
3610168549977099,3610168550503743,3610168550580653,3610168550865715,3610168550976946,3610168550991196,3610168551282918,3610168554884251,3610168554892921,1,12,96,4,model.layers.2.self_attn.indexer.k_cache
3610168555650636,3610168555840937,3610168555841977,3610168555842737,3610168555947918,3610168555961378,3610168556076609,3610168556138699,3610168556146339,0,12,96,4,model.layers.2.self_attn.attn
3610168556898924,3610168557083066,3610168557084156,3610168557084826,3610168557190106,3610168557204406,3610168557484238,3610168557487098,3610168557493718,0,12,96,128,model.layers.3.self_attn.attn
3610168558244713,3610168558424714,3610168558425724,3610168558426474,3610168558528015,3610168558540745,3610168558817387,3610168558820217,3610168558826607,0,12,96,1,model.layers.0.self_attn.swa_cache
3610168559572572,3610168559755483,3610168559756543,3610168559757193,3610168559861374,3610168559874224,3610168559961884,3610168559963784,3610168559970584,0,12,96,1,model.layers.1.self_attn.swa_cache
3610168560724799,3610168560900360,3610168560901510,3610168560902190,3610168561006131,3610168561018741,3610168561104472,3610168561106592,3610168561113362,0,12,96,1,model.layers.2.self_attn.compressor.state_cache
3610168561776156,3610168561956177,3610168561957237,3610168561957937,3610168562061368,3610168562073868,3610168562160989,3610168562163289,3610168562169849,0,12,96,1,model.layers.2.self_attn.indexer.compressor.state_cache
3610168562955684,3610168563136935,3610168563138125,3610168563138875,3610168563245656,3610168563258486,3610168563348146,3610168563350336,3610168563357216,0,12,96,1,model.layers.3.self_attn.compressor.state_cache
3610168616887274,3610168617407708,3610168617482688,3610168617750760,3610168617857211,3610168617871221,3610168618358194,3610168622049078,3610168622057468,1,12,96,4,model.layers.2.self_attn.indexer.k_cache
3610168622751512,3610168622922013,3610168622923073,3610168622923693,3610168623020704,3610168623034384,3610168623118865,3610168623170645,3610168623177805,0,12,96,4,model.layers.2.self_attn.attn
3610168623873120,3610168624063091,3610168624064191,3610168624064841,3610168624164312,3610168624177762,3610168624548664,3610168624551494,3610168624557584,0,12,96,128,model.layers.3.self_attn.attn
3610168625271699,3610168625441460,3610168625442510,3610168625443270,3610168625542521,3610168625555191,3610168625952783,3610168625955743,3610168625961623,0,12,96,1,model.layers.0.self_attn.swa_cache
3610168626670288,3610168626926990,3610168626928470,3610168626929410,3610168627060490,3610168627076860,3610168627187541,3610168627190091,3610168627199361,0,12,96,1,model.layers.1.self_attn.swa_cache
3610168628151817,3610168628379919,3610168628381369,3610168628382379,3610168628515570,3610168628531580,3610168628636641,3610168628639421,3610168628647831,0,12,96,1,model.layers.2.self_attn.compressor.state_cache
3610168629427676,3610168629653667,3610168629655187,3610168629656177,3610168629787568,3610168629804198,3610168629913279,3610168629916139,3610168629924939,0,12,96,1,model.layers.2.self_attn.indexer.compressor.state_cache
3610168630900825,3610168631132797,3610168631134387,3610168631135307,3610168631268798,3610168631285668,3610168631397149,3610168631400019,3610168631408899,0,12,96,1,model.layers.3.self_attn.compressor.state_cache
3610168685283569,3610168686094004,3610168686172314,3610168686456766,3610168686569247,3610168686583587,3610168686880909,3610168688118147,3610168688126177,1,12,96,4,model.layers.2.self_attn.indexer.k_cache
3610168688768051,3610168688938612,3610168688939632,3610168688940322,3610168689037283,3610168689050123,3610168689131464,3610168689181484,3610168689188294,0,12,96,4,model.layers.2.self_attn.attn
3610168689879129,3610168690044020,3610168690045040,3610168690045650,3610168690142280,3610168690155220,3610168690412572,3610168690415042,3610168690420752,0,12,96,128,model.layers.3.self_attn.attn
3610168691143307,3610168691310218,3610168691311268,3610168691311908,3610168691408339,3610168691420499,3610168691681640,3610168691684190,3610168691689660,0,12,96,1,model.layers.0.self_attn.swa_cache
3610168692486726,3610168692665317,3610168692666527,3610168692667307,3610168692774557,3610168692788377,3610168692875808,3610168692877838,3610168692884618,0,12,96,1,model.layers.1.self_attn.swa_cache
3610168693625513,3610168693804134,3610168693805404,3610168693806124,3610168693910405,3610168693923205,3610168694008215,3610168694010335,3610168694017165,0,12,96,1,model.layers.2.self_attn.compressor.state_cache
3610168694641420,3610168694819531,3610168694820731,3610168694821471,3610168694924691,3610168694937701,3610168695022422,3610168695024652,3610168695031132,0,12,96,1,model.layers.2.self_attn.indexer.compressor.state_cache
3610168695795017,3610168695973058,3610168695974228,3610168695974968,3610168696092599,3610168696105969,3610168696193980,3610168696196100,3610168696203030,0,12,96,1,model.layers.3.self_attn.compressor.state_cache
3610168749601777,3610168750116030,3610168750190280,3610168750452762,3610168750558183,3610168750572063,3610168751031816,3610168754666759,3610168754674920,1,12,96,4,model.layers.2.self_attn.indexer.k_cache
3610168755313544,3610168755487505,3610168755488625,3610168755489265,3610168755587375,3610168755600116,3610168755685306,3610168755736806,3610168755743966,0,12,96,4,model.layers.2.self_attn.attn
3610168756452911,3610168756624632,3610168756625722,3610168756626392,3610168756723633,3610168756737013,3610168757112295,3610168757115145,3610168757121405,0,12,96,128,model.layers.3.self_attn.attn
3610168758083662,3610168758316573,3610168758318243,3610168758319143,3610168758455314,3610168758472094,3610168758994878,3610168758999118,3610168759007898,0,12,96,1,model.layers.0.self_attn.swa_cache
3610168760025504,3610168760284826,3610168760286166,3610168760287176,3610168760429847,3610168760447787,3610168760564128,3610168760566998,3610168760576048,0,12,96,1,model.layers.1.self_attn.swa_cache
3610168761588674,3610168761823546,3610168761824896,3610168761825746,3610168761965737,3610168761983667,3610168762099258,3610168762102148,3610168762111348,0,12,96,1,model.layers.2.self_attn.compressor.state_cache
3610168762933833,3610168763187525,3610168763189235,3610168763190095,3610168763329086,3610168763346266,3610168763462737,3610168763465727,3610168763475067,0,12,96,1,model.layers.2.self_attn.indexer.compressor.state_cache
3610168764518993,3610168764755265,3610168764756745,3610168764757785,3610168764894506,3610168764911566,3610168765026847,3610168765029477,3610168765038827,0,12,96,1,model.layers.3.self_attn.compressor.state_cache
3610168818268263,3610168819071818,3610168819149888,3610168819433960,3610168819550931,3610168819565341,3610168819859483,3610168820751169,3610168820759579,1,12,96,4,model.layers.2.self_attn.indexer.k_cache
3610168821406223,3610168821574424,3610168821575484,3610168821576174,3610168821671805,3610168821684515,3610168821767025,3610168821824096,3610168821831156,0,12,96,4,model.layers.2.self_attn.attn
3610168822531980,3610168822697921,3610168822698931,3610168822699661,3610168822795062,3610168822807592,3610168823064134,3610168823066614,3610168823072404,0,12,96,128,model.layers.3.self_attn.attn
3610168823772218,3610168823943660,3610168823944660,3610168823945290,3610168824071070,3610168824084250,3610168824341642,3610168824344122,3610168824350012,0,12,96,1,model.layers.0.self_attn.swa_cache
3610168825050657,3610168825220848,3610168825221898,3610168825222598,3610168825318008,3610168825330089,3610168825412409,3610168825414559,3610168825420849,0,12,96,1,model.layers.1.self_attn.swa_cache
3610168826099734,3610168826270885,3610168826271975,3610168826272615,3610168826368985,3610168826381055,3610168826462486,3610168826464446,3610168826470976,0,12,96,1,model.layers.2.self_attn.compressor.state_cache
3610168827043340,3610168827210451,3610168827211341,3610168827211951,3610168827306171,3610168827318141,3610168827413942,3610168827415912,3610168827429542,0,12,96,1,model.layers.2.self_attn.indexer.compressor.state_cache
3610168828166577,3610168828331618,3610168828332678,3610168828333368,3610168828429239,3610168828440859,3610168828520459,3610168828522429,3610168828528869,0,12,96,1,model.layers.3.self_attn.compressor.state_cache
3610168881379853,3610168881903826,3610168881977267,3610168882246318,3610168882353229,3610168882367739,3610168882650881,3610168885566580,3610168885574440,1,12,96,4,model.layers.2.self_attn.indexer.k_cache
3610168886217234,3610168886386205,3610168886387315,3610168886387945,3610168886485986,3610168886499086,3610168886583586,3610168886637587,3610168886644847,0,12,96,4,model.layers.2.self_attn.attn
3610168887346791,3610168887519893,3610168887520923,3610168887521603,3610168887615933,3610168887630033,3610168887893955,3610168887896595,3610168887902615,0,12,96,128,model.layers.3.self_attn.attn
3610168888621160,3610168888789721,3610168888790851,3610168888791431,3610168888887531,3610168888899322,3610168889154303,3610168889156543,3610168889162453,0,12,96,1,model.layers.0.self_attn.swa_cache
3610168890003379,3610168890221080,3610168890222550,3610168890223480,3610168890349261,3610168890365361,3610168890467812,3610168890470122,3610168890478402,0,12,96,1,model.layers.1.self_attn.swa_cache
3610168891342657,3610168891551769,3610168891552999,3610168891553869,3610168891677390,3610168891693080,3610168891794120,3610168891796670,3610168891804960,0,12,96,1,model.layers.2.self_attn.compressor.state_cache
3610168892550505,3610168892762967,3610168892764297,3610168892765077,3610168892886307,3610168892902258,3610168893003238,3610168893005948,3610168893013978,0,12,96,1,model.layers.2.self_attn.indexer.compressor.state_cache
3610168893921604,3610168894142526,3610168894144076,3610168894144936,3610168894268026,3610168894284887,3610168894387207,3610168894389817,3610168894397787,0,12,96,1,model.layers.3.self_attn.compressor.state_cache
3610168947815484,3610168948633550,3610168948712360,3610168949011042,3610168949132033,3610168949146423,3610168949456475,3610168950664473,3610168950672383,1,12,96,4,model.layers.2.self_attn.indexer.k_cache
3610168951353437,3610168951524988,3610168951526158,3610168951526778,3610168951623949,3610168951637039,3610168951721440,3610168951772600,3610168951779830,0,12,96,4,model.layers.2.self_attn.attn
3610168952512125,3610168952683926,3610168952684956,3610168952685626,3610168952784857,3610168952798507,3610168953060638,3610168953063168,3610168953069328,0,12,96,128,model.layers.3.self_attn.attn
3610168953773893,3610168953942734,3610168953943994,3610168953944754,3610168954042125,3610168954054545,3610168954313786,3610168954316477,3610168954322527,0,12,96,1,model.layers.0.self_attn.swa_cache
3610168955107492,3610168955286403,3610168955287703,3610168955288363,3610168955392574,3610168955405674,3610168955495334,3610168955497364,3610168955504504,0,12,96,1,model.layers.1.self_attn.swa_cache
3610168956265859,3610168956444510,3610168956445650,3610168956446450,3610168956550721,3610168956563961,3610168956650502,3610168956652742,3610168956659612,0,12,96,1,model.layers.2.self_attn.compressor.state_cache
3610168957306346,3610168957485367,3610168957486487,3610168957487147,3610168957589548,3610168957602098,3610168957686638,3610168957688668,3610168957695338,0,12,96,1,model.layers.2.self_attn.indexer.compressor.state_cache
3610168958465053,3610168958645855,3610168958647135,3610168958647725,3610168958752995,3610168958766795,3610168958850816,3610168958852966,3610168958859896,0,12,96,1,model.layers.3.self_attn.compressor.state_cache
3610169012379594,3610169012921077,3610169012996418,3610169013284230,3610169013397920,3610169013412620,3610169014005334,3610169016257769,3610169016266199,1,12,96,4,model.layers.2.self_attn.indexer.k_cache
3610169016957603,3610169017128285,3610169017129465,3610169017130105,3610169017228595,3610169017241825,3610169017324216,3610169017375126,3610169017382176,0,12,96,4,model.layers.2.self_attn.attn
3610169018075581,3610169018248952,3610169018250002,3610169018250752,3610169018347633,3610169018361253,3610169018736075,3610169018738935,3610169018744975,0,12,96,128,model.layers.3.self_attn.attn
3610169019447820,3610169019618231,3610169019619261,3610169019619961,3610169019715591,3610169019727771,3610169020233495,3610169020236645,3610169020243735,0,12,96,1,model.layers.0.self_attn.swa_cache
3610169021058210,3610169021245841,3610169021247071,3610169021247791,3610169021359592,3610169021373982,3610169021466853,3610169021469103,3610169021476683,0,12,96,1,model.layers.1.self_attn.swa_cache
3610169022270758,3610169022459729,3610169022460909,3610169022461619,3610169022570860,3610169022584620,3610169022675381,3610169022677581,3610169022684891,0,12,96,1,model.layers.2.self_attn.compressor.state_cache
3610169023348235,3610169023541036,3610169023542276,3610169023543146,3610169023652777,3610169023667607,3610169023759458,3610169023761678,3610169023768928,0,12,96,1,model.layers.2.self_attn.indexer.compressor.state_cache
3610169024621683,3610169024810304,3610169024811735,3610169024812455,3610169024923595,3610169024937345,3610169025028336,3610169025030556,3610169025037836,0,12,96,1,model.layers.3.self_attn.compressor.state_cache
3610169078825915,3610169079399989,3610169079475910,3610169079770442,3610169079885122,3610169079899012,3610169080203064,3610169080886239,3610169080893969,1,12,96,4,model.layers.2.self_attn.indexer.k_cache
3610169081542653,3610169081715754,3610169081716834,3610169081717444,3610169081816845,3610169081829505,3610169081913235,3610169081964066,3610169081971086,0,12,96,4,model.layers.2.self_attn.attn
3610169082670500,3610169082840161,3610169082841121,3610169082841762,3610169082934572,3610169082947742,3610169083206184,3610169083208814,3610169083214414,0,12,96,128,model.layers.3.self_attn.attn
3610169083910498,3610169084111420,3610169084112530,3610169084113210,3610169084210430,3610169084222630,3610169084482322,3610169084484912,3610169084490672,0,12,96,1,model.layers.0.self_attn.swa_cache
3610169085190797,3610169085363868,3610169085364868,3610169085365558,3610169085460809,3610169085472419,3610169085551669,3610169085553749,3610169085559999,0,12,96,1,model.layers.1.self_attn.swa_cache
3610169086309404,3610169086472805,3610169086473655,3610169086474315,3610169086569736,3610169086582056,3610169086662216,3610169086663896,3610169086669946,0,12,96,1,model.layers.2.self_attn.compressor.state_cache
3610169087246930,3610169087413331,3610169087414231,3610169087414821,3610169087509772,3610169087521862,3610169087603092,3610169087604702,3610169087610862,0,12,96,1,model.layers.2.self_attn.indexer.compressor.state_cache
3610169088341067,3610169088507358,3610169088508398,3610169088509058,3610169088603199,3610169088614949,3610169088695400,3610169088697060,3610169088703150,0,12,96,1,model.layers.3.self_attn.compressor.state_cache
3610169141674324,3610169142203777,3610169142277748,3610169142552269,3610169142659640,3610169142674260,3610169142968422,3610169146742667,3610169146750757,1,12,96,4,model.layers.2.self_attn.indexer.k_cache
3610169147413611,3610169147586042,3610169147587082,3610169147587712,3610169147683803,3610169147696833,3610169147781603,3610169147832004,3610169147839004,0,12,96,4,model.layers.2.self_attn.attn
3610169148551188,3610169148719369,3610169148720329,3610169148721069,3610169148817630,3610169148831320,3610169149088192,3610169149091032,3610169149096742,0,12,96,128,model.layers.3.self_attn.attn
3610169149787966,3610169149956358,3610169149957368,3610169149957968,3610169150053368,3610169150065068,3610169150321460,3610169150324000,3610169150329920,0,12,96,1,model.layers.0.self_attn.swa_cache
3610169151028554,3610169151194506,3610169151195556,3610169151196256,3610169151292846,3610169151304826,3610169151384437,3610169151386477,3610169151392717,0,12,96,1,model.layers.1.self_attn.swa_cache
3610169152232422,3610169152456674,3610169152457954,3610169152458784,3610169152584795,3610169152600365,3610169152705415,3610169152707915,3610169152715965,0,12,96,1,model.layers.2.self_attn.compressor.state_cache
3610169153467530,3610169153682542,3610169153683772,3610169153684662,3610169153809883,3610169153825433,3610169153928573,3610169153931283,3610169153939403,0,12,96,1,model.layers.2.self_attn.indexer.compressor.state_cache
3610169154865329,3610169155080951,3610169155082281,3610169155083111,3610169155207032,3610169155222642,3610169155322932,3610169155325572,3610169155333712,0,12,96,1,model.layers.3.self_attn.compressor.state_cache
3610169208973621,3610169209492464,3610169209567865,3610169209837187,3610169209944187,3610169209958177,3610169210255249,3610169213340549,3610169213347809,1,12,96,4,model.layers.2.self_attn.indexer.k_cache
3610169213988334,3610169214152935,3610169214153845,3610169214154555,3610169214250105,3610169214263255,3610169214344576,3610169214394366,3610169214400706,0,12,96,4,model.layers.2.self_attn.attn
3610169215096941,3610169215265242,3610169215266282,3610169215266972,3610169215362642,3610169215375893,3610169215631024,3610169215633764,3610169215639494,0,12,96,128,model.layers.3.self_attn.attn
3610169216358769,3610169216523520,3610169216524600,3610169216525260,3610169216622901,3610169216635401,3610169216889422,3610169216891962,3610169216897732,0,12,96,1,model.layers.0.self_attn.swa_cache
3610169217588437,3610169217886209,3610169217887709,3610169217888559,3610169218016650,3610169218032870,3610169218136270,3610169218138910,3610169218147071,0,12,96,1,model.layers.1.self_attn.swa_cache
3610169219016356,3610169219229688,3610169219231188,3610169219232188,3610169219355948,3610169219371788,3610169219475039,3610169219477689,3610169219485419,0,12,96,1,model.layers.2.self_attn.compressor.state_cache
3610169220243674,3610169220461756,3610169220463216,3610169220464066,3610169220587946,3610169220603336,3610169220706167,3610169220708527,3610169220716487,0,12,96,1,model.layers.2.self_attn.indexer.compressor.state_cache
3610169221640803,3610169221864395,3610169221865805,3610169221866755,3610169221990975,3610169222006916,3610169222108206,3610169222110636,3610169222118376,0,12,96,1,model.layers.3.self_attn.compressor.state_cache
3610169275813955,3610169276337189,3610169276409419,3610169276674901,3610169276783701,3610169276797632,3610169277071943,3610169279548659,3610169279556789,1,12,96,4,model.layers.2.self_attn.indexer.k_cache
3610169280253134,3610169280440805,3610169280442125,3610169280442805,3610169280540976,3610169280553636,3610169280635386,3610169280684287,3610169280691047,0,12,96,4,model.layers.2.self_attn.attn
3610169281387731,3610169281551722,3610169281552792,3610169281553562,3610169281650313,3610169281663393,3610169281919585,3610169281922135,3610169281927995,0,12,96,128,model.layers.3.self_attn.attn
3610169282630819,3610169282869211,3610169282870751,3610169282871551,3610169282988612,3610169283003372,3610169283311154,3610169283314164,3610169283321554,0,12,96,1,model.layers.0.self_attn.swa_cache
3610169284200730,3610169284399841,3610169284401191,3610169284402061,3610169284516712,3610169284531052,3610169284656323,3610169284658843,3610169284666663,0,12,96,1,model.layers.1.self_attn.swa_cache
3610169285488008,3610169285689069,3610169285690549,3610169285691349,3610169285808450,3610169285823410,3610169285923481,3610169285926151,3610169285934011,0,12,96,1,model.layers.2.self_attn.compressor.state_cache
3610169286622075,3610169286821257,3610169286822757,3610169286823697,3610169286938557,3610169286952838,3610169287047938,3610169287050498,3610169287057968,0,12,96,1,model.layers.2.self_attn.indexer.compressor.state_cache
3610169287927664,3610169288150175,3610169288151445,3610169288152295,3610169288265876,3610169288280316,3610169288377927,3610169288380177,3610169288388307,0,12,96,1,model.layers.3.self_attn.compressor.state_cache
3610169342448178,3610169342969291,3610169343044082,3610169343659696,3610169343790597,3610169343805977,3610169344145319,3610169345747569,3610169345755970,1,12,96,4,model.layers.2.self_attn.indexer.k_cache
3610169346457634,3610169346629325,3610169346630365,3610169346631125,3610169346729466,3610169346742856,3610169346824366,3610169346876587,3610169346883437,0,12,96,4,model.layers.2.self_attn.attn
3610169347581581,3610169347749122,3610169347750033,3610169347750683,3610169347846143,3610169347859633,3610169348137195,3610169348139995,3610169348146185,0,12,96,128,model.layers.3.self_attn.attn
3610169348941340,3610169349124411,3610169349125691,3610169349126461,3610169349232632,3610169349246292,3610169349526894,3610169349529614,3610169349536644,0,12,96,1,model.layers.0.self_attn.swa_cache
3610169350314579,3610169350507150,3610169350508290,3610169350509060,3610169350616911,3610169350630541,3610169350720652,3610169350722782,3610169350730112,0,12,96,1,model.layers.1.self_attn.swa_cache
3610169351491087,3610169351682728,3610169351683828,3610169351684578,3610169351791599,3610169351804969,3610169351893089,3610169351895319,3610169351902929,0,12,96,1,model.layers.2.self_attn.compressor.state_cache
3610169352563144,3610169352747175,3610169352748395,3610169352749155,3610169352853256,3610169352866716,3610169352951836,3610169352953866,3610169352960716,0,12,96,1,model.layers.2.self_attn.indexer.compressor.state_cache
3610169353757632,3610169353940713,3610169353941883,3610169353942503,3610169354048243,3610169354060874,3610169354148534,3610169354150804,3610169354158094,0,12,96,1,model.layers.3.self_attn.compressor.state_cache
3610169407278069,3610169407802383,3610169407877803,3610169408178245,3610169408289006,3610169408303446,3610169408808649,3610169412451663,3610169412459753,1,12,96,4,model.layers.2.self_attn.indexer.k_cache
3610169413143487,3610169413313338,3610169413314408,3610169413315098,3610169413412889,3610169413425619,3610169413509240,3610169413560630,3610169413567610,0,12,96,4,model.layers.2.self_attn.attn
3610169414263775,3610169414435686,3610169414436766,3610169414437436,3610169414533296,3610169414546416,3610169415003589,3610169415007589,3610169415015659,0,12,96,128,model.layers.3.self_attn.attn
3610169415974886,3610169416232607,3610169416234087,3610169416234907,3610169416366488,3610169416382728,3610169416879552,3610169416883232,3610169416891712,0,12,96,1,model.layers.0.self_attn.swa_cache
3610169417840448,3610169418074189,3610169418075529,3610169418076459,3610169418209380,3610169418225890,3610169418336811,3610169418339231,3610169418347841,0,12,96,1,model.layers.1.self_attn.swa_cache
3610169419320347,3610169419543409,3610169419544959,3610169419545889,3610169419676930,3610169419693140,3610169419803001,3610169419805731,3610169419814601,0,12,96,1,model.layers.2.self_attn.compressor.state_cache
3610169420625926,3610169420848857,3610169420850127,3610169420851127,3610169420979618,3610169420995598,3610169421104879,3610169421107289,3610169421115669,0,12,96,1,model.layers.2.self_attn.indexer.compressor.state_cache
3610169422087625,3610169422306027,3610169422307427,3610169422308447,3610169422437938,3610169422453648,3610169422563039,3610169422565749,3610169422574299,0,12,96,1,model.layers.3.self_attn.compressor.state_cache
3610169475893925,3610169476424828,3610169476501289,3610169477045542,3610169477180233,3610169477195923,3610169477502155,3610169479250907,3610169479258737,1,12,96,4,model.layers.2.self_attn.indexer.k_cache
3610169479934961,3610169480321134,3610169480322814,3610169480323634,3610169480440935,3610169480456695,3610169480555385,3610169480617966,3610169480626106,0,12,96,4,model.layers.2.self_attn.attn
3610169481439691,3610169481658462,3610169481660012,3610169481660812,3610169481783703,3610169481799733,3610169482108885,3610169482111835,3610169482118445,0,12,96,128,model.layers.3.self_attn.attn
3610169482922341,3610169483117562,3610169483118942,3610169483119682,3610169483231553,3610169483245513,3610169483540155,3610169483543095,3610169483549995,0,12,96,1,model.layers.0.self_attn.swa_cache
3610169484371800,3610169484569991,3610169484571381,3610169484572061,3610169484686522,3610169484701062,3610169484795513,3610169484797743,3610169484805073,0,12,96,1,model.layers.1.self_attn.swa_cache
3610169485598308,3610169485787819,3610169485789109,3610169485789819,3610169485902750,3610169485916500,3610169486012851,3610169486015211,3610169486022501,0,12,96,1,model.layers.2.self_attn.compressor.state_cache
3610169486688535,3610169486879536,3610169486880846,3610169486881636,3610169486993177,3610169487007057,3610169487098888,3610169487101278,3610169487108468,0,12,96,1,model.layers.2.self_attn.indexer.compressor.state_cache
3610169487940583,3610169488249285,3610169488250845,3610169488251545,3610169488351186,3610169488363766,3610169488444527,3610169488446457,3610169488453197,0,12,96,1,model.layers.3.self_attn.compressor.state_cache
3610169541884464,3610169542411507,3610169542487168,3610169542758099,3610169542870980,3610169542884840,3610169543370043,3610169547057367,3610169547065167,1,12,96,4,model.layers.2.self_attn.indexer.k_cache
3610169547741032,3610169547914303,3610169547915283,3610169547915943,3610169548035004,3610169548047884,3610169548136884,3610169548190135,3610169548196625,0,12,96,4,model.layers.2.self_attn.attn
3610169548892529,3610169549056490,3610169549057560,3610169549058190,3610169549153721,3610169549166841,3610169549535593,3610169549538253,3610169549544033,0,12,96,128,model.layers.3.self_attn.attn
3610169550271058,3610169550433819,3610169550434859,3610169550435529,3610169550530270,3610169550542230,3610169550904762,3610169550907532,3610169550913712,0,12,96,1,model.layers.0.self_attn.swa_cache
3610169551609007,3610169551776818,3610169551778028,3610169551778648,3610169551874689,3610169551886849,3610169551965449,3610169551967439,3610169551973749,0,12,96,1,model.layers.1.self_attn.swa_cache
3610169552727724,3610169552938536,3610169552939846,3610169552940776,3610169553062186,3610169553076746,3610169553177317,3610169553179927,3610169553187877,0,12,96,1,model.layers.2.self_attn.compressor.state_cache
3610169553922172,3610169554178464,3610169554180074,3610169554180964,3610169554304874,3610169554319995,3610169554420845,3610169554423015,3610169554431325,0,12,96,1,model.layers.2.self_attn.indexer.compressor.state_cache
3610169555329781,3610169555536972,3610169555538192,3610169555539112,3610169555660213,3610169555675483,3610169555781644,3610169555784114,3610169555792634,0,12,96,1,model.layers.3.self_attn.compressor.state_cache
3610169612167730,3610169612719964,3610169612797814,3610169613091696,3610169613204647,3610169613219217,3610169613516499,3610169614185033,3610169614192843,1,12,96,4,model.layers.2.self_attn.indexer.k_cache
3610169614904828,3610169615072679,3610169615073869,3610169615074629,3610169615172470,3610169615185990,3610169615269600,3610169615321281,3610169615328621,0,12,96,4,model.layers.2.self_attn.attn
3610169616047986,3610169616217877,3610169616219247,3610169616219887,3610169616315857,3610169616329827,3610169616590149,3610169616592719,3610169616598779,0,12,96,128,model.layers.3.self_attn.attn
3610169617306654,3610169617473085,3610169617474325,3610169617475065,3610169617573265,3610169617585926,3610169617843907,3610169617846597,3610169617852697,0,12,96,1,model.layers.0.self_attn.swa_cache
3610169618557942,3610169618722803,3610169618723953,3610169618724633,3610169618820644,3610169618833334,3610169618914094,3610169618916074,3610169618922734,0,12,96,1,model.layers.1.self_attn.swa_cache
3610169619610109,3610169619776900,3610169619778110,3610169619778750,3610169619875560,3610169619888310,3610169619970021,3610169619971861,3610169619978291,0,12,96,1,model.layers.2.self_attn.compressor.state_cache
3610169620574105,3610169620738196,3610169620739306,3610169620739976,3610169620835687,3610169620847827,3610169620927117,3610169620929067,3610169620935547,0,12,96,1,model.layers.2.self_attn.indexer.compressor.state_cache
3610169621654972,3610169621828033,3610169621829283,3610169621829893,3610169621927334,3610169621939704,3610169622020374,3610169622022514,3610169622028834,0,12,96,1,model.layers.3.self_attn.compressor.state_cache
3610169675402761,3610169675925045,3610169676008815,3610169676280217,3610169676388958,3610169676402868,3610169676820740,3610169680546285,3610169680554665,1,12,96,4,model.layers.2.self_attn.indexer.k_cache
3610169681215859,3610169681383190,3610169681384310,3610169681384980,3610169681482261,3610169681495811,3610169681579331,3610169681629062,3610169681635942,0,12,96,4,model.layers.2.self_attn.attn
3610169682340156,3610169682505777,3610169682506937,3610169682507587,3610169682603278,3610169682616398,3610169683004680,3610169683007511,3610169683013721,0,12,96,128,model.layers.3.self_attn.attn
3610169684143508,3610169684383279,3610169684384839,3610169684385699,3610169684527090,3610169684544670,3610169685083634,3610169685087744,3610169685096604,0,12,96,1,model.layers.0.self_attn.swa_cache
3610169686113821,3610169686356312,3610169686357712,3610169686358732,3610169686498343,3610169686516483,3610169686634264,3610169686637284,3610169686646864,0,12,96,1,model.layers.1.self_attn.swa_cache
3610169687633231,3610169687867062,3610169687868712,3610169687869702,3610169688026493,3610169688047183,3610169688168794,3610169688171884,3610169688180824,0,12,96,1,model.layers.2.self_attn.compressor.state_cache
3610169689020070,3610169689258921,3610169689260651,3610169689261601,3610169689400392,3610169689418352,3610169689533713,3610169689536463,3610169689545863,0,12,96,1,model.layers.2.self_attn.indexer.compressor.state_cache
3610169690575780,3610169690813421,3610169690815071,3610169690816161,3610169690954472,3610169690972432,3610169691087413,3610169691090223,3610169691099383,0,12,96,1,model.layers.3.self_attn.compressor.state_cache
3610169744265808,3610169745042573,3610169745125284,3610169745426686,3610169745540687,3610169745554927,3610169745861379,3610169747278098,3610169747285828,1,12,96,4,model.layers.2.self_attn.indexer.k_cache
3610169747939982,3610169748146083,3610169748147333,3610169748148063,3610169748249934,3610169748263074,3610169748347135,3610169748397445,3610169748404495,0,12,96,4,model.layers.2.self_attn.attn
3610169749207470,3610169749403822,3610169749405112,3610169749405902,3610169749512542,3610169749527172,3610169749822444,3610169749825334,3610169749832054,0,12,96,128,model.layers.3.self_attn.attn
3610169750603149,3610169750784711,3610169750785991,3610169750786741,3610169750896361,3610169750909971,3610169751192793,3610169751195723,3610169751202263,0,12,96,1,model.layers.0.self_attn.swa_cache
3610169751971748,3610169752185250,3610169752186480,3610169752187220,3610169752295370,3610169752308541,3610169752398341,3610169752400681,3610169752407771,0,12,96,1,model.layers.1.self_attn.swa_cache
3610169753167296,3610169753345457,3610169753346587,3610169753347327,3610169753456598,3610169753470248,3610169753558669,3610169753560969,3610169753567609,0,12,96,1,model.layers.2.self_attn.compressor.state_cache
3610169754233753,3610169754415584,3610169754416834,3610169754417554,3610169754522405,3610169754534615,3610169754621866,3610169754624186,3610169754630886,0,12,96,1,model.layers.2.self_attn.indexer.compressor.state_cache
3610169755423531,3610169755614382,3610169755615492,3610169755616182,3610169755723453,3610169755736723,3610169755825093,3610169755827403,3610169755834233,0,12,96,1,model.layers.3.self_attn.compressor.state_cache
3610169809275080,3610169809787634,3610169809862214,3610169810133226,3610169810240987,3610169810255327,3610169810737660,3610169814578865,3610169814589155,1,12,96,4,model.layers.2.self_attn.indexer.k_cache
3610169815416050,3610169815634322,3610169815635712,3610169815636702,3610169815770163,3610169815787083,3610169815894873,3610169815960634,3610169815969664,0,12,96,4,model.layers.2.self_attn.attn
3610169816894510,3610169817113691,3610169817115141,3610169817116031,3610169817239872,3610169817257302,3610169817744465,3610169817748035,3610169817755886,0,12,96,128,model.layers.3.self_attn.attn
3610169818660451,3610169818875543,3610169818876823,3610169818877693,3610169819003764,3610169819020204,3610169819512337,3610169819515927,3610169819523417,0,12,96,1,model.layers.0.self_attn.swa_cache
3610169820441013,3610169820666714,3610169820668234,3610169820669074,3610169820798865,3610169820815175,3610169820917106,3610169820919596,3610169820927656,0,12,96,1,model.layers.1.self_attn.swa_cache
3610169821814962,3610169822028723,3610169822029983,3610169822030883,3610169822155154,3610169822170384,3610169822274835,3610169822277375,3610169822285475,0,12,96,1,model.layers.2.self_attn.compressor.state_cache
3610169823010510,3610169823174011,3610169823175001,3610169823175661,3610169823270001,3610169823281671,3610169823358392,3610169823360162,3610169823366292,0,12,96,1,model.layers.2.self_attn.indexer.compressor.state_cache
3610169824113327,3610169824280668,3610169824281818,3610169824282508,3610169824378859,3610169824390679,3610169824476679,3610169824478469,3610169824484909,0,12,96,1,model.layers.3.self_attn.compressor.state_cache
3610169877402673,3610169877918576,3610169877992757,3610169878266128,3610169878371949,3610169878385909,3610169878670151,3610169881689061,3610169881697801,1,12,96,4,model.layers.2.self_attn.indexer.k_cache
3610169882397655,3610169882574666,3610169882575746,3610169882576466,3610169882681627,3610169882695697,3610169882783938,3610169882840378,3610169882847808,0,12,96,4,model.layers.2.self_attn.attn
3610169883595383,3610169883775514,3610169883776634,3610169883777504,3610169883880375,3610169883895095,3610169884204357,3610169884207417,3610169884214467,0,12,96,128,model.layers.3.self_attn.attn
3610169884973762,3610169885186313,3610169885187863,3610169885188733,3610169885298264,3610169885311844,3610169885592756,3610169885596016,3610169885602716,0,12,96,1,model.layers.0.self_attn.swa_cache
3610169886360031,3610169886539422,3610169886540572,3610169886541352,3610169886646283,3610169886658913,3610169886747524,3610169886749814,3610169886757004,0,12,96,1,model.layers.1.self_attn.swa_cache
3610169887507608,3610169887689330,3610169887690670,3610169887691390,3610169887795650,3610169887809150,3610169887893761,3610169887895841,3610169887902791,0,12,96,1,model.layers.2.self_attn.compressor.state_cache
3610169888551655,3610169888727776,3610169888729236,3610169888730076,3610169888833547,3610169888847237,3610169888934528,3610169888936618,3610169888943718,0,12,96,1,model.layers.2.self_attn.indexer.compressor.state_cache
3610169889731663,3610169889911214,3610169889912544,3610169889913274,3610169890018255,3610169890031505,3610169890119455,3610169890121525,3610169890128645,0,12,96,1,model.layers.3.self_attn.compressor.state_cache
3610169944235657,3610169944772840,3610169944850441,3610169945141223,3610169945250933,3610169945265264,3610169945738117,3610169949234199,3610169949242609,1,12,96,4,model.layers.2.self_attn.indexer.k_cache
3610169949932874,3610169950105895,3610169950106915,3610169950107625,3610169950206716,3610169950220416,3610169950305256,3610169950356517,3610169950363397,0,12,96,4,model.layers.2.self_attn.attn
3610169951101681,3610169951267523,3610169951268533,3610169951269213,3610169951365413,3610169951379123,3610169951763566,3610169951766416,3610169951772666,0,12,96,128,model.layers.3.self_attn.attn
3610169952510401,3610169952677742,3610169952678882,3610169952679532,3610169952778372,3610169952790632,3610169953167915,3610169953170965,3610169953177195,0,12,96,1,model.layers.0.self_attn.swa_cache
3610169953988770,3610169954236802,3610169954238272,3610169954239202,3610169954372903,3610169954389593,3610169954499014,3610169954501624,3610169954510694,0,12,96,1,model.layers.1.self_attn.swa_cache
3610169955446960,3610169955673251,3610169955674731,3610169955675721,3610169955810792,3610169955827442,3610169955939903,3610169955942243,3610169955951043,0,12,96,1,model.layers.2.self_attn.compressor.state_cache
3610169956756368,3610169956981620,3610169956983010,3610169956983910,3610169957115531,3610169957132221,3610169957242671,3610169957245541,3610169957254181,0,12,96,1,model.layers.2.self_attn.indexer.compressor.state_cache
3610169958235078,3610169958458629,3610169958460189,3610169958461099,3610169958591720,3610169958607760,3610169958716901,3610169958719631,3610169958728381,0,12,96,1,model.layers.3.self_attn.compressor.state_cache
3610170012953523,3610170013479297,3610170013555647,3610170013836079,3610170013945070,3610170013959570,3610170014597234,3610170016817738,3610170016826228,1,12,96,4,model.layers.2.self_attn.indexer.k_cache
3610170017503013,3610170017676394,3610170017677444,3610170017678064,3610170017776224,3610170017789155,3610170017875615,3610170017927925,3610170017934755,0,12,96,4,model.layers.2.self_attn.attn
3610170018640940,3610170018809741,3610170018810681,3610170018811341,3610170018909452,3610170018923262,3610170019311134,3610170019313964,3610170019320164,0,12,96,128,model.layers.3.self_attn.attn
3610170020235330,3610170020435382,3610170020436812,3610170020437652,3610170020554562,3610170020568833,3610170021018725,3610170021022175,3610170021029256,0,12,96,1,model.layers.0.self_attn.swa_cache
3610170021879601,3610170022087682,3610170022089212,3610170022090112,3610170022207193,3610170022221873,3610170022322074,3610170022324434,3610170022332374,0,12,96,1,model.layers.1.self_attn.swa_cache
3610170023166839,3610170023398561,3610170023399971,3610170023400891,3610170023521972,3610170023536772,3610170023636792,3610170023639152,3610170023647013,0,12,96,1,model.layers.2.self_attn.compressor.state_cache
3610170024365937,3610170024573109,3610170024574439,3610170024575249,3610170024690899,3610170024705449,3610170024804020,3610170024806250,3610170024814170,0,12,96,1,model.layers.2.self_attn.indexer.compressor.state_cache
3610170025684986,3610170025887107,3610170025888467,3610170025889237,3610170026004718,3610170026019088,3610170026111519,3610170026113819,3610170026121739,0,12,96,1,model.layers.3.self_attn.compressor.state_cache
3610170079667426,3610170080200410,3610170080277980,3610170080549942,3610170080656943,3610170080671393,3610170080951595,3610170083710613,3610170083718663,1,12,96,4,model.layers.2.self_attn.indexer.k_cache
3610170084396117,3610170084567188,3610170084568378,3610170084569078,3610170084666229,3610170084680019,3610170084763799,3610170084815910,3610170084863880,0,12,96,4,model.layers.2.self_attn.attn
3610170085755556,3610170085968387,3610170085969797,3610170085970647,3610170086090928,3610170086108348,3610170086464530,3610170086467770,3610170086475911,0,12,96,128,model.layers.3.self_attn.attn
3610170087369336,3610170087583798,3610170087585368,3610170087586238,3610170087709169,3610170087724909,3610170088065461,3610170088068751,3610170088076601,0,12,96,1,model.layers.0.self_attn.swa_cache
3610170088970657,3610170089178368,3610170089179718,3610170089180618,3610170089303169,3610170089318369,3610170089420410,3610170089422800,3610170089431080,0,12,96,1,model.layers.1.self_attn.swa_cache
3610170090306575,3610170090527777,3610170090529207,3610170090530047,3610170090653498,3610170090668898,3610170090769808,3610170090772128,3610170090780388,0,12,96,1,model.layers.2.self_attn.compressor.state_cache
3610170091556664,3610170091765635,3610170091767315,3610170091768105,3610170091889016,3610170091904276,3610170092016657,3610170092019217,3610170092027597,0,12,96,1,model.layers.2.self_attn.indexer.compressor.state_cache
3610170092948763,3610170093157434,3610170093158934,3610170093159794,3610170093309385,3610170093321945,3610170093399796,3610170093401596,3610170093407986,0,12,96,1,model.layers.3.self_attn.compressor.state_cache
3610170146610311,3610170147122294,3610170147195405,3610170147463607,3610170147572547,3610170147586697,3610170148038930,3610170151439302,3610170151450352,1,12,96,4,model.layers.2.self_attn.indexer.k_cache
3610170152299438,3610170152512979,3610170152514299,3610170152515139,3610170152640430,3610170152657820,3610170152770831,3610170152834031,3610170152843132,0,12,96,4,model.layers.2.self_attn.attn
3610170153744287,3610170153961079,3610170153962559,3610170153963379,3610170154087590,3610170154104780,3610170154592653,3610170154596273,3610170154604513,0,12,96,128,model.layers.3.self_attn.attn
3610170155502519,3610170155714240,3610170155715750,3610170155716590,3610170155839531,3610170155855301,3610170156356384,3610170156359894,3610170156367944,0,12,96,1,model.layers.0.self_attn.swa_cache
3610170157260260,3610170157474452,3610170157475682,3610170157476542,3610170157597912,3610170157613462,3610170157715723,3610170157718143,3610170157726303,0,12,96,1,model.layers.1.self_attn.swa_cache
3610170158598879,3610170158851931,3610170158853111,3610170158853851,3610170158950251,3610170158962271,3610170159044312,3610170159046352,3610170159052742,0,12,96,1,model.layers.2.self_attn.compressor.state_cache
3610170159634686,3610170159799987,3610170159801037,3610170159801707,3610170159898547,3610170159910627,3610170159989798,3610170159991748,3610170159998278,0,12,96,1,model.layers.2.self_attn.indexer.compressor.state_cache
3610170160730703,3610170160895194,3610170160896214,3610170160896834,3610170160992314,3610170161004435,3610170161081795,3610170161083715,3610170161090345,0,12,96,1,model.layers.3.self_attn.compressor.state_cache
3610170214190390,3610170214709423,3610170214784294,3610170215056896,3610170215164596,3610170215178816,3610170215470358,3610170218511198,3610170218519108,1,12,96,4,model.layers.2.self_attn.indexer.k_cache
3610170219175812,3610170219346953,3610170219348253,3610170219348993,3610170219446584,3610170219459234,3610170219541845,3610170219591645,3610170219598755,0,12,96,4,model.layers.2.self_attn.attn
3610170220322600,3610170220498171,3610170220499251,3610170220499951,3610170220597842,3610170220611412,3610170220870893,3610170220873583,3610170220879483,0,12,96,128,model.layers.3.self_attn.attn
3610170221580858,3610170221758309,3610170221759439,3610170221760089,3610170221857440,3610170221869810,3610170222127711,3610170222130311,3610170222136211,0,12,96,1,model.layers.0.self_attn.swa_cache
3610170222827616,3610170222996697,3610170222997787,3610170222998467,3610170223095658,3610170223107438,3610170223189828,3610170223191848,3610170223198138,0,12,96,1,model.layers.1.self_attn.swa_cache
3610170223887023,3610170224195665,3610170224197075,3610170224197935,3610170224326216,3610170224341706,3610170224446076,3610170224448527,3610170224456997,0,12,96,1,model.layers.2.self_attn.compressor.state_cache
3610170225181431,3610170225392043,3610170225393533,3610170225394313,3610170225516043,3610170225531304,3610170225632174,3610170225634694,3610170225642814,0,12,96,1,model.layers.2.self_attn.indexer.compressor.state_cache
3610170226554080,3610170226764792,3610170226766302,3610170226767162,3610170226888672,3610170226904212,3610170227005033,3610170227007163,3610170227015263,0,12,96,1,model.layers.3.self_attn.compressor.state_cache
3610170281002294,3610170281513747,3610170281588598,3610170281853679,3610170281962990,3610170281977600,3610170282453873,3610170286203888,3610170286212208,1,12,96,4,model.layers.2.self_attn.indexer.k_cache
3610170286859872,3610170287029463,3610170287030593,3610170287031273,3610170287129514,3610170287143304,3610170287225674,3610170287277775,3610170287285235,0,12,96,4,model.layers.2.self_attn.attn
3610170288080070,3610170288257031,3610170288258171,3610170288258851,3610170288358192,3610170288372192,3610170288758184,3610170288760804,3610170288767114,0,12,96,128,model.layers.3.self_attn.attn
3610170289471809,3610170289638880,3610170289639960,3610170289640620,3610170289737480,3610170289749691,3610170290314814,3610170290318844,3610170290327844,0,12,96,1,model.layers.0.self_attn.swa_cache
3610170291346751,3610170291594193,3610170291595723,3610170291596703,3610170291734453,3610170291752134,3610170291865664,3610170291868294,3610170291877784,0,12,96,1,model.layers.1.self_attn.swa_cache
3610170292887681,3610170293128332,3610170293130023,3610170293131103,3610170293267683,3610170293284674,3610170293399644,3610170293402634,3610170293411934,0,12,96,1,model.layers.2.self_attn.compressor.state_cache
3610170294247650,3610170294485081,3610170294486581,3610170294487531,3610170294626152,3610170294644982,3610170294760513,3610170294763393,3610170294772703,0,12,96,1,model.layers.2.self_attn.indexer.compressor.state_cache
3610170295797440,3610170296052321,3610170296054272,3610170296055402,3610170296198652,3610170296216513,3610170296335773,3610170296338523,3610170296347873,0,12,96,1,model.layers.3.self_attn.compressor.state_cache
3610170349932781,3610170350455495,3610170350529745,3610170350828567,3610170350943768,3610170350958158,3610170351637752,3610170353861937,3610170353869957,1,12,96,4,model.layers.2.self_attn.indexer.k_cache
3610170354567091,3610170354738533,3610170354739563,3610170354740273,3610170354836753,3610170354849723,3610170354931754,3610170354981504,3610170354988704,0,12,96,4,model.layers.2.self_attn.attn
3610170355838670,3610170356063201,3610170356064751,3610170356065591,3610170356189662,3610170356206032,3610170356664905,3610170356668185,3610170356675645,0,12,96,128,model.layers.3.self_attn.attn
3610170357528891,3610170357741802,3610170357743072,3610170357743802,3610170357859313,3610170357874093,3610170358318696,3610170358321876,3610170358329406,0,12,96,1,model.layers.0.self_attn.swa_cache
3610170359176961,3610170359384133,3610170359385283,3610170359386063,3610170359503914,3610170359518874,3610170359614564,3610170359616974,3610170359624824,0,12,96,1,model.layers.1.self_attn.swa_cache
3610170360458180,3610170360662311,3610170360663611,3610170360664391,3610170360778452,3610170360793022,3610170360888313,3610170360890463,3610170360897923,0,12,96,1,model.layers.2.self_attn.compressor.state_cache
3610170361595867,3610170361794918,3610170361796058,3610170361796858,3610170361909749,3610170361924119,3610170362022420,3610170362024830,3610170362032090,0,12,96,1,model.layers.2.self_attn.indexer.compressor.state_cache
3610170362897586,3610170363107207,3610170363108417,3610170363109187,3610170363228668,3610170363243708,3610170363345798,3610170363348288,3610170363355649,0,12,96,1,model.layers.3.self_attn.compressor.state_cache
3610170416926466,3610170417457500,3610170417535670,3610170417810222,3610170417918353,3610170417932813,3610170418362706,3610170422230531,3610170422240251,1,12,96,4,model.layers.2.self_attn.indexer.k_cache
3610170423032346,3610170423237257,3610170423238637,3610170423239447,3610170423359368,3610170423374778,3610170423477749,3610170423538159,3610170423546479,0,12,96,4,model.layers.2.self_attn.attn
3610170424409005,3610170424607276,3610170424608666,3610170424609526,3610170424725667,3610170424741687,3610170425197080,3610170425200350,3610170425207870,0,12,96,128,model.layers.3.self_attn.attn
3610170426093096,3610170426300807,3610170426302117,3610170426303097,3610170426420778,3610170426435178,3610170426886861,3610170426890461,3610170426898011,0,12,96,1,model.layers.0.self_attn.swa_cache
3610170427743397,3610170427947148,3610170427948368,3610170427949208,3610170428081009,3610170428096439,3610170428197130,3610170428199680,3610170428207360,0,12,96,1,model.layers.1.self_attn.swa_cache
3610170429029055,3610170429232966,3610170429234376,3610170429235206,3610170429349727,3610170429364537,3610170429460768,3610170429463128,3610170429470548,0,12,96,1,model.layers.2.self_attn.compressor.state_cache
3610170430144502,3610170430306473,3610170430307693,3610170430308363,3610170430404004,3610170430415654,3610170430496115,3610170430498195,3610170430504245,0,12,96,1,model.layers.2.self_attn.indexer.compressor.state_cache
3610170431214339,3610170431380280,3610170431381450,3610170431382070,3610170431479551,3610170431492081,3610170431572072,3610170431573932,3610170431580262,0,12,96,1,model.layers.3.self_attn.compressor.state_cache
3610170485048429,3610170485575512,3610170485649853,3610170485922124,3610170486028805,3610170486043235,3610170486464028,3610170490164522,3610170490172852,1,12,96,4,model.layers.2.self_attn.indexer.k_cache
3610170490827996,3610170490997017,3610170490998017,3610170490998647,3610170491097718,3610170491110798,3610170491196769,3610170491250899,3610170491257829,0,12,96,4,model.layers.2.self_attn.attn
3610170491956714,3610170492146995,3610170492148055,3610170492148795,3610170492246376,3610170492260576,3610170492638828,3610170492641738,3610170492648228,0,12,96,128,model.layers.3.self_attn.attn
3610170493349483,3610170493521614,3610170493522664,3610170493523324,3610170493622204,3610170493634345,3610170494007727,3610170494010167,3610170494016387,0,12,96,1,model.layers.0.self_attn.swa_cache
3610170494712172,3610170494878133,3610170494879203,3610170494879863,3610170494975553,3610170494987353,3610170495067244,3610170495069204,3610170495075664,0,12,96,1,model.layers.1.self_attn.swa_cache
3610170496035680,3610170496274402,3610170496275882,3610170496276852,3610170496410403,3610170496426563,3610170496537293,3610170496539893,3610170496548583,0,12,96,1,model.layers.2.self_attn.compressor.state_cache
3610170497340839,3610170497572730,3610170497574020,3610170497574900,3610170497706201,3610170497721881,3610170497830072,3610170497832852,3610170497841872,0,12,96,1,model.layers.2.self_attn.indexer.compressor.state_cache
3610170498814898,3610170499046500,3610170499047920,3610170499049030,3610170499179941,3610170499196221,3610170499304851,3610170499307691,3610170499316611,0,12,96,1,model.layers.3.self_attn.compressor.state_cache
3610170553322922,3610170553846776,3610170553921976,3610170554192198,3610170554299538,3610170554313859,3610170554589960,3610170557731051,3610170557739241,1,12,96,4,model.layers.2.self_attn.indexer.k_cache
3610170558403345,3610170558568246,3610170558569246,3610170558569856,3610170558668267,3610170558681567,3610170558765877,3610170558817568,3610170558824398,0,12,96,4,model.layers.2.self_attn.attn
3610170559530022,3610170559699924,3610170559700944,3610170559701674,3610170559798494,3610170559812094,3610170560094916,3610170560097546,3610170560103776,0,12,96,128,model.layers.3.self_attn.attn
3610170561092043,3610170561322704,3610170561324134,3610170561325194,3610170561457995,3610170561474985,3610170561828737,3610170561832067,3610170561840167,0,12,96,1,model.layers.0.self_attn.swa_cache
3610170562788294,3610170563018075,3610170563019465,3610170563020635,3610170563156906,3610170563173076,3610170563281217,3610170563283877,3610170563292367,0,12,96,1,model.layers.1.self_attn.swa_cache
3610170564236303,3610170564463694,3610170564464894,3610170564465825,3610170564596065,3610170564613065,3610170564720016,3610170564722646,3610170564731416,0,12,96,1,model.layers.2.self_attn.compressor.state_cache
3610170565525451,3610170565756223,3610170565757613,3610170565758533,3610170565887444,3610170565903654,3610170566010575,3610170566013245,3610170566022405,0,12,96,1,model.layers.2.self_attn.indexer.compressor.state_cache
3610170566990851,3610170567213492,3610170567214802,3610170567215682,3610170567348783,3610170567365823,3610170567472684,3610170567475214,3610170567483424,0,12,96,1,model.layers.3.self_attn.compressor.state_cache
3610170620822900,3610170621335914,3610170621410394,3610170621681126,3610170621787807,3610170621802027,3610170622277620,3610170625928244,3610170625938784,1,12,96,4,model.layers.2.self_attn.indexer.k_cache
3610170626768459,3610170626985751,3610170626987081,3610170626988041,3610170627115231,3610170627131441,3610170627236382,3610170627301433,3610170627310133,0,12,96,4,model.layers.2.self_attn.attn
3610170628245629,3610170628457750,3610170628459010,3610170628459870,3610170628581241,3610170628598001,3610170629073604,3610170629077134,3610170629084964,0,12,96,128,model.layers.3.self_attn.attn
3610170629996870,3610170630222672,3610170630223902,3610170630224852,3610170630352062,3610170630367452,3610170630842626,3610170630845726,3610170630853596,0,12,96,1,model.layers.0.self_attn.swa_cache
3610170631744201,3610170631961663,3610170631962913,3610170631963783,3610170632102844,3610170632119234,3610170632222104,3610170632224675,3610170632232895,0,12,96,1,model.layers.1.self_attn.swa_cache
3610170633096400,3610170633314212,3610170633315432,3610170633316272,3610170633455363,3610170633467443,3610170633548653,3610170633550493,3610170633557293,0,12,96,1,model.layers.2.self_attn.compressor.state_cache
3610170634134137,3610170634300858,3610170634301948,3610170634302618,3610170634398299,3610170634410019,3610170634490739,3610170634492649,3610170634499189,0,12,96,1,model.layers.2.self_attn.indexer.compressor.state_cache
3610170635210314,3610170635376365,3610170635377435,3610170635378035,3610170635472976,3610170635484856,3610170635562856,3610170635564966,3610170635571286,0,12,96,1,model.layers.3.self_attn.compressor.state_cache
3610170688137588,3610170688648571,3610170688722271,3610170688982923,3610170689089974,3610170689103774,3610170689374416,3610170693074540,3610170693083210,1,12,96,4,model.layers.2.self_attn.indexer.k_cache
3610170693776744,3610170693957855,3610170693958875,3610170693959695,3610170694063746,3610170694077456,3610170694167337,3610170694221647,3610170694229247,0,12,96,4,model.layers.2.self_attn.attn
3610170694980332,3610170695155823,3610170695156833,3610170695157553,3610170695259074,3610170695273194,3610170695554466,3610170695557226,3610170695563816,0,12,96,128,model.layers.3.self_attn.attn
3610170696339731,3610170696520522,3610170696521772,3610170696522542,3610170696627533,3610170696640783,3610170696916765,3610170696919435,3610170696926005,0,12,96,1,model.layers.0.self_attn.swa_cache
3610170697684610,3610170697870551,3610170697871641,3610170697872331,3610170697973341,3610170697986311,3610170698072692,3610170698074852,3610170698082162,0,12,96,1,model.layers.1.self_attn.swa_cache
3610170698849337,3610170699031728,3610170699032658,3610170699033428,3610170699138199,3610170699151169,3610170699239390,3610170699241520,3610170699248620,0,12,96,1,model.layers.2.self_attn.compressor.state_cache
3610170699990284,3610170700193066,3610170700194126,3610170700194916,3610170700297456,3610170700310177,3610170700399517,3610170700401617,3610170700408927,0,12,96,1,model.layers.2.self_attn.indexer.compressor.state_cache
3610170701205902,3610170701388594,3610170701389764,3610170701390454,3610170701496324,3610170701509874,3610170701596135,3610170701598555,3610170701606085,0,12,96,1,model.layers.3.self_attn.compressor.state_cache
3610170754743350,3610170755257523,3610170755331474,3610170755596725,3610170755702606,3610170755716616,3610170756011358,3610170759859283,3610170759867423,1,12,96,4,model.layers.2.self_attn.indexer.k_cache
3610170760522567,3610170760690748,3610170760691758,3610170760692438,3610170760788309,3610170760801309,3610170760883940,3610170760933490,3610170760940290,0,12,96,4,model.layers.2.self_attn.attn
3610170761632065,3610170761799346,3610170761800296,3610170761800946,3610170761895936,3610170761909316,3610170762161558,3610170762164018,3610170762169828,0,12,96,128,model.layers.3.self_attn.attn
3610170762872163,3610170763040464,3610170763041424,3610170763042074,3610170763138304,3610170763149834,3610170763407406,3610170763409816,3610170763415696,0,12,96,1,model.layers.0.self_attn.swa_cache
3610170764127431,3610170764295002,3610170764296042,3610170764296812,3610170764397683,3610170764409933,3610170764489883,3610170764491763,3610170764498493,0,12,96,1,model.layers.1.self_attn.swa_cache
3610170765188548,3610170765403119,3610170765404389,3610170765405329,3610170765530400,3610170765546170,3610170765651801,3610170765654421,3610170765663061,0,12,96,1,model.layers.2.self_attn.compressor.state_cache
3610170766442786,3610170766659997,3610170766661347,3610170766662377,3610170766785698,3610170766801658,3610170766905539,3610170766908169,3610170766916819,0,12,96,1,model.layers.2.self_attn.indexer.compressor.state_cache
3610170767845935,3610170768081796,3610170768083056,3610170768083986,3610170768208307,3610170768224117,3610170768327408,3610170768329948,3610170768338648,0,12,96,1,model.layers.3.self_attn.compressor.state_cache
3610170822501640,3610170823026163,3610170823099454,3610170823361945,3610170823467026,3610170823481836,3610170823893769,3610170827088869,3610170827097050,1,12,96,4,model.layers.2.self_attn.indexer.k_cache
3610170827738884,3610170827909085,3610170827909995,3610170827910615,3610170828019906,3610170828032916,3610170828121866,3610170828173727,3610170828180667,0,12,96,4,model.layers.2.self_attn.attn
3610170828881071,3610170829053162,3610170829054132,3610170829054792,3610170829149323,3610170829162243,3610170829535285,3610170829538145,3610170829544395,0,12,96,128,model.layers.3.self_attn.attn
3610170830252310,3610170830422751,3610170830423921,3610170830424621,3610170830518702,3610170830531132,3610170830914954,3610170830917874,3610170830924264,0,12,96,1,model.layers.0.self_attn.swa_cache
3610170831840100,3610170832079762,3610170832081042,3610170832081882,3610170832212183,3610170832228473,3610170832335204,3610170832337594,3610170832346444,0,12,96,1,model.layers.1.self_attn.swa_cache
3610170833238139,3610170833458591,3610170833459921,3610170833460771,3610170833586472,3610170833601872,3610170833707642,3610170833710362,3610170833718593,0,12,96,1,model.layers.2.self_attn.compressor.state_cache
3610170834466267,3610170834675929,3610170834677439,3610170834678299,3610170834803220,3610170834818500,3610170834920880,3610170834923580,3610170834932300,0,12,96,1,model.layers.2.self_attn.indexer.compressor.state_cache
3610170835869136,3610170836102238,3610170836103598,3610170836104458,3610170836228439,3610170836243519,3610170836347800,3610170836350410,3610170836359180,0,12,96,1,model.layers.3.self_attn.compressor.state_cache
3610170890033748,3610170890559891,3610170890633302,3610170890893884,3610170890999384,3610170891013614,3610170891422857,3610170895189942,3610170895198462,1,12,96,4,model.layers.2.self_attn.indexer.k_cache
3610170895843446,3610170896025997,3610170896027087,3610170896027747,3610170896127468,3610170896140568,3610170896226048,3610170896281619,3610170896288509,0,12,96,4,model.layers.2.self_attn.attn
3610170897261815,3610170897499587,3610170897500907,3610170897501897,3610170897641567,3610170897661498,3610170898223631,3610170898227451,3610170898236141,0,12,96,128,model.layers.3.self_attn.attn
3610170899244148,3610170899485009,3610170899486349,3610170899487359,3610170899622730,3610170899639970,3610170900189334,3610170900193274,3610170900202424,0,12,96,1,model.layers.0.self_attn.swa_cache
3610170901215191,3610170901456212,3610170901457632,3610170901458612,3610170901598443,3610170901616213,3610170901731864,3610170901734494,3610170901743304,0,12,96,1,model.layers.1.self_attn.swa_cache
3610170902741311,3610170902978992,3610170902980232,3610170902981292,3610170903118093,3610170903135403,3610170903254854,3610170903257834,3610170903267064,0,12,96,1,model.layers.2.self_attn.compressor.state_cache
3610170904121240,3610170904363291,3610170904364781,3610170904365721,3610170904504282,3610170904521522,3610170904635033,3610170904637813,3610170904647083,0,12,96,1,model.layers.2.self_attn.indexer.compressor.state_cache
3610170905463728,3610170905632089,3610170905633129,3610170905633689,3610170905727190,3610170905738840,3610170905820151,3610170905822011,3610170905828581,0,12,96,1,model.layers.3.self_attn.compressor.state_cache
3610170958884245,3610170959401568,3610170959475209,3610170959739381,3610170959845841,3610170959859961,3610170960281554,3610170963340104,3610170963349334,1,12,96,4,model.layers.2.self_attn.indexer.k_cache
3610170964088759,3610170964278870,3610170964279980,3610170964280670,3610170964387711,3610170964402241,3610170964495921,3610170964555062,3610170964562752,0,12,96,4,model.layers.2.self_attn.attn
3610170965369667,3610170965556778,3610170965557798,3610170965558478,3610170965663859,3610170965678769,3610170966101392,3610170966104712,3610170966111792,0,12,96,128,model.layers.3.self_attn.attn
3610170966891617,3610170967077208,3610170967078368,3610170967079198,3610170967185149,3610170967198309,3610170967618232,3610170967621652,3610170967628812,0,12,96,1,model.layers.0.self_attn.swa_cache
3610170968428567,3610170968611998,3610170968613078,3610170968613838,3610170968719269,3610170968732759,3610170968821209,3610170968823259,3610170968830330,0,12,96,1,model.layers.1.self_attn.swa_cache
3610170969591684,3610170969774086,3610170969775336,3610170969776036,3610170969880386,3610170969893906,3610170970079598,3610170970081958,3610170970089138,0,12,96,1,model.layers.2.self_attn.compressor.state_cache
3610170970719482,3610170970905893,3610170970906973,3610170970907733,3610170971013374,3610170971025924,3610170971114624,3610170971116834,3610170971123784,0,12,96,1,model.layers.2.self_attn.indexer.compressor.state_cache
3610170971912740,3610170972115071,3610170972116191,3610170972116861,3610170972220992,3610170972234462,3610170972320552,3610170972322592,3610170972329302,0,12,96,1,model.layers.3.self_attn.compressor.state_cache
3610171025731929,3610171026249732,3610171026326083,3610171026594654,3610171026702315,3610171026716475,3610171027137238,3610171030924413,3610171030932893,1,12,96,4,model.layers.2.self_attn.indexer.k_cache
3610171031596537,3610171031767968,3610171031768918,3610171031769628,3610171031865449,3610171031878929,3610171031960739,3610171032033920,3610171032040810,0,12,96,4,model.layers.2.self_attn.attn
3610171032737704,3610171032905665,3610171032906695,3610171032907335,3610171033002806,3610171033016286,3610171033398149,3610171033400919,3610171033407119,0,12,96,128,model.layers.3.self_attn.attn
3610171034111113,3610171034279414,3610171034280394,3610171034281194,3610171034378225,3610171034391005,3610171034768918,3610171034771558,3610171034778448,0,12,96,1,model.layers.0.self_attn.swa_cache
3610171035611953,3610171035851185,3610171035852715,3610171035853655,3610171035994855,3610171036025856,3610171036146126,3610171036148696,3610171036158677,0,12,96,1,model.layers.1.self_attn.swa_cache
3610171037150833,3610171037393175,3610171037395035,3610171037396085,3610171037534335,3610171037552216,3610171037672606,3610171037675236,3610171037684886,0,12,96,1,model.layers.2.self_attn.compressor.state_cache
3610171038514992,3610171038751173,3610171038752773,3610171038753723,3610171038895434,3610171038912724,3610171039029465,3610171039031985,3610171039041705,0,12,96,1,model.layers.2.self_attn.indexer.compressor.state_cache
3610171040102552,3610171040359094,3610171040361184,3610171040362124,3610171040503025,3610171040520375,3610171040637866,3610171040640576,3610171040650586,0,12,96,1,model.layers.3.self_attn.compressor.state_cache
3610171094453555,3610171094974438,3610171095047579,3610171095323501,3610171095430971,3610171095445351,3610171095892204,3610171099081045,3610171099088935,1,12,96,4,model.layers.2.self_attn.indexer.k_cache
3610171099748689,3610171099919610,3610171099920690,3610171099921360,3610171100029781,3610171100042841,3610171100129912,3610171100187952,3610171100195122,0,12,96,4,model.layers.2.self_attn.attn
3610171101113878,3610171101338250,3610171101339550,3610171101340390,3610171101469140,3610171101486381,3610171102009564,3610171102013174,3610171102021204,0,12,96,128,model.layers.3.self_attn.attn
3610171102944820,3610171103167221,3610171103168612,3610171103169472,3610171103295982,3610171103312532,3610171103813596,3610171103817406,3610171103825386,0,12,96,1,model.layers.0.self_attn.swa_cache
3610171104762712,3610171104985533,3610171104986783,3610171104987583,3610171105118234,3610171105133294,3610171105242745,3610171105245135,3610171105253225,0,12,96,1,model.layers.1.self_attn.swa_cache
3610171106142681,3610171106358612,3610171106359892,3610171106360792,3610171106484313,3610171106499713,3610171106603984,3610171106606414,3610171106614654,0,12,96,1,model.layers.2.self_attn.compressor.state_cache
3610171107403889,3610171107619160,3610171107620400,3610171107621230,3610171107745841,3610171107761121,3610171107863162,3610171107865812,3610171107874352,0,12,96,1,model.layers.2.self_attn.indexer.compressor.state_cache
3610171108754088,3610171108921269,3610171108922349,3610171108922969,3610171109017869,3610171109029660,3610171109109520,3610171109111420,3610171109117960,0,12,96,1,model.layers.3.self_attn.compressor.state_cache
3610171162301435,3610171162807869,3610171162880219,3610171163147561,3610171163254732,3610171163269492,3610171163690174,3610171167533699,3610171167541619,1,12,96,4,model.layers.2.self_attn.indexer.k_cache
3610171168206464,3610171168380915,3610171168381795,3610171168382455,3610171168481805,3610171168494846,3610171168576986,3610171168626876,3610171168633456,0,12,96,4,model.layers.2.self_attn.attn
3610171169333931,3610171169503322,3610171169504242,3610171169504872,3610171169600793,3610171169614323,3610171169997865,3610171170000775,3610171170006635,0,12,96,128,model.layers.3.self_attn.attn
3610171170740770,3610171170912481,3610171170913441,3610171170914091,3610171171011932,3610171171024512,3610171171429905,3610171171432925,3610171171438715,0,12,96,1,model.layers.0.self_attn.swa_cache
3610171172141889,3610171172307870,3610171172308870,3610171172309590,3610171172406481,3610171172418441,3610171172498032,3610171172500062,3610171172506442,0,12,96,1,model.layers.1.self_attn.swa_cache
3610171173268787,3610171173483118,3610171173484378,3610171173485138,3610171173605199,3610171173620809,3610171173722949,3610171173725239,3610171173733000,0,12,96,1,model.layers.2.self_attn.compressor.state_cache
3610171174464214,3610171174677036,3610171174678206,3610171174679106,3610171174801346,3610171174816867,3610171174921087,3610171174923387,3610171174931187,0,12,96,1,model.layers.2.self_attn.indexer.compressor.state_cache
3610171175830453,3610171176053885,3610171176055425,3610171176056225,3610171176183015,3610171176198736,3610171176302976,3610171176305436,3610171176313266,0,12,96,1,model.layers.3.self_attn.compressor.state_cache
3610171230616259,3610171231141622,3610171231215373,3610171231493024,3610171231601205,3610171231615335,3610171232065978,3610171235828873,3610171235836993,1,12,96,4,model.layers.2.self_attn.indexer.k_cache
3610171236533247,3610171236702528,3610171236703448,3610171236704098,3610171236801779,3610171236814959,3610171236898060,3610171236949430,3610171236956440,0,12,96,4,model.layers.2.self_attn.attn
3610171237655614,3610171237822616,3610171237823676,3610171237824366,3610171237920766,3610171237934016,3610171238329859,3610171238332679,3610171238353339,0,12,96,128,model.layers.3.self_attn.attn
3610171239403546,3610171239651767,3610171239653197,3610171239654107,3610171239795388,3610171239813148,3610171240395132,3610171240399662,3610171240408712,0,12,96,1,model.layers.0.self_attn.swa_cache
3610171241423899,3610171241669431,3610171241670831,3610171241671831,3610171241811601,3610171241828272,3610171241944522,3610171241947102,3610171241956552,0,12,96,1,model.layers.1.self_attn.swa_cache
3610171242946749,3610171243186920,3610171243188260,3610171243189230,3610171243329671,3610171243347231,3610171243462602,3610171243465562,3610171243474362,0,12,96,1,model.layers.2.self_attn.compressor.state_cache
3610171244316918,3610171244559739,3610171244561179,3610171244562149,3610171244701920,3610171244718730,3610171244835371,3610171244838111,3610171244847141,0,12,96,1,model.layers.2.self_attn.indexer.compressor.state_cache
3610171245915808,3610171246152080,3610171246153690,3610171246154710,3610171246293381,3610171246310541,3610171246424281,3610171246426901,3610171246436651,0,12,96,1,model.layers.3.self_attn.compressor.state_cache
3610171299420975,3610171299940919,3610171300026869,3610171300299181,3610171300406622,3610171300421352,3610171301117596,3610171303600743,3610171303610533,1,12,96,4,model.layers.2.self_attn.indexer.k_cache
3610171304446408,3610171304657409,3610171304658609,3610171304659419,3610171304781680,3610171304798340,3610171304899561,3610171304961161,3610171304969371,0,12,96,4,model.layers.2.self_attn.attn
3610171305884617,3610171306088479,3610171306089689,3610171306090519,3610171306206979,3610171306223550,3610171306684883,3610171306688193,3610171306695613,0,12,96,128,model.layers.3.self_attn.attn
3610171307567378,3610171307774230,3610171307775410,3610171307776290,3610171307893080,3610171307907800,3610171308392554,3610171308395894,3610171308403634,0,12,96,1,model.layers.0.self_attn.swa_cache
3610171309262089,3610171309467141,3610171309468461,3610171309469301,3610171309587401,3610171309602341,3610171309698082,3610171309700252,3610171309708322,0,12,96,1,model.layers.1.self_attn.swa_cache
3610171310538068,3610171310738819,3610171310740119,3610171310740949,3610171310856940,3610171310871850,3610171310968970,3610171310971480,3610171310979580,0,12,96,1,model.layers.2.self_attn.compressor.state_cache
3610171311706835,3610171311873706,3610171311874656,3610171311875306,3610171311969497,3610171311981367,3610171312084248,3610171312086158,3610171312092748,0,12,96,1,model.layers.2.self_attn.indexer.compressor.state_cache
3610171312816392,3610171312983803,3610171312984873,3610171312985533,3610171313081594,3610171313093024,3610171313173525,3610171313175605,3610171313182335,0,12,96,1,model.layers.3.self_attn.compressor.state_cache
3610171366523201,3610171367039444,3610171367112555,3610171367388827,3610171367497147,3610171367511977,3610171367935780,3610171371707865,3610171371716185,1,12,96,4,model.layers.2.self_attn.indexer.k_cache
3610171372397249,3610171372566070,3610171372567040,3610171372567750,3610171372666551,3610171372679761,3610171372760261,3610171372811022,3610171372817812,0,12,96,4,model.layers.2.self_attn.attn
3610171373475486,3610171373622057,3610171373622997,3610171373623657,3610171373717028,3610171373729678,3610171374123350,3610171374126070,3610171374132510,0,12,96,128,model.layers.3.self_attn.attn
3610171374802885,3610171374949086,3610171374950016,3610171374950716,3610171375047936,3610171375059856,3610171375447359,3610171375450019,3610171375456149,0,12,96,1,model.layers.0.self_attn.swa_cache
3610171376180784,3610171376389565,3610171376390855,3610171376391875,3610171376529676,3610171376546286,3610171376661527,3610171376664457,3610171376673477,0,12,96,1,model.layers.1.self_attn.swa_cache
3610171377664023,3610171377906755,3610171377908205,3610171377909175,3610171378046456,3610171378064416,3610171378180857,3610171378183387,3610171378192807,0,12,96,1,model.layers.2.self_attn.compressor.state_cache
3610171379016912,3610171379253574,3610171379255064,3610171379256084,3610171379391214,3610171379408155,3610171379518545,3610171379521355,3610171379530395,0,12,96,1,model.layers.2.self_attn.indexer.compressor.state_cache
3610171380587992,3610171380833224,3610171380835044,3610171380835964,3610171380971735,3610171380988755,3610171381104096,3610171381107026,3610171381116256,0,12,96,1,model.layers.3.self_attn.compressor.state_cache
3610171435390088,3610171435918021,3610171435994992,3610171436274654,3610171436385264,3610171436399404,3610171436826547,3610171440014198,3610171440022398,1,12,96,4,model.layers.2.self_attn.indexer.k_cache
3610171440682332,3610171440851123,3610171440852233,3610171440852883,3610171440952594,3610171440965934,3610171441048925,3610171441099775,3610171441106995,0,12,96,4,model.layers.2.self_attn.attn
3610171441801920,3610171441969261,3610171441970291,3610171441971001,3610171442067811,3610171442081441,3610171442462244,3610171442464944,3610171442471454,0,12,96,128,model.layers.3.self_attn.attn
3610171443351980,3610171443573331,3610171443574701,3610171443575491,3610171443702322,3610171443717302,3610171444231645,3610171444235575,3610171444244475,0,12,96,1,model.layers.0.self_attn.swa_cache
3610171445161011,3610171445374233,3610171445375563,3610171445376433,3610171445500824,3610171445516964,3610171445622464,3610171445625254,3610171445634314,0,12,96,1,model.layers.1.self_attn.swa_cache
3610171446536030,3610171446794012,3610171446795612,3610171446796482,3610171446924203,3610171446939943,3610171447046434,3610171447049184,3610171447057924,0,12,96,1,model.layers.2.self_attn.compressor.state_cache
3610171447806579,3610171448056610,3610171448058280,3610171448059050,3610171448186891,3610171448202541,3610171448311672,3610171448314322,3610171448322872,0,12,96,1,model.layers.2.self_attn.indexer.compressor.state_cache
3610171449310218,3610171449525870,3610171449527260,3610171449528200,3610171449655471,3610171449671101,3610171449776891,3610171449779331,3610171449788211,0,12,96,1,model.layers.3.self_attn.compressor.state_cache
3610171503100297,3610171503626411,3610171503702621,3610171503971613,3610171504086864,3610171504101484,3610171504519287,3610171508515223,3610171508526213,1,12,96,4,model.layers.2.self_attn.indexer.k_cache
3610171509363248,3610171509580820,3610171509582300,3610171509583220,3610171509712030,3610171509729020,3610171509837221,3610171509902882,3610171509911682,0,12,96,4,model.layers.2.self_attn.attn
3610171510809677,3610171511032569,3610171511033859,3610171511034849,3610171511160260,3610171511177610,3610171511695713,3610171511699903,3610171511708023,0,12,96,128,model.layers.3.self_attn.attn
3610171512658879,3610171512876351,3610171512877641,3610171512878591,3610171513003702,3610171513019232,3610171513525165,3610171513528685,3610171513536725,0,12,96,1,model.layers.0.self_attn.swa_cache
3610171514453331,3610171514670873,3610171514672123,3610171514672973,3610171514800153,3610171514815263,3610171514921034,3610171514923694,3610171514931934,0,12,96,1,model.layers.1.self_attn.swa_cache
3610171515818490,3610171516075032,3610171516076192,3610171516076892,3610171516173352,3610171516184872,3610171516265093,3610171516267133,3610171516273793,0,12,96,1,model.layers.2.self_attn.compressor.state_cache
3610171516851747,3610171517019118,3610171517020188,3610171517020858,3610171517116358,3610171517128558,3610171517208609,3610171517210549,3610171517216999,0,12,96,1,model.layers.2.self_attn.indexer.compressor.state_cache
3610171517932914,3610171518096485,3610171518097425,3610171518098055,3610171518194025,3610171518205875,3610171518285166,3610171518287206,3610171518293746,0,12,96,1,model.layers.3.self_attn.compressor.state_cache
3610171571560262,3610171572106195,3610171572184076,3610171572468278,3610171572577998,3610171572592569,3610171573048881,3610171576090251,3610171576098731,1,12,96,4,model.layers.2.self_attn.indexer.k_cache
3610171576777846,3610171576953747,3610171576954897,3610171576955517,3610171577054237,3610171577066968,3610171577150068,3610171577202698,3610171577209609,0,12,96,4,model.layers.2.self_attn.attn
3610171577909783,3610171578079844,3610171578080804,3610171578081534,3610171578177585,3610171578190385,3610171578571907,3610171578574767,3610171578580887,0,12,96,128,model.layers.3.self_attn.attn
3610171579302282,3610171579469083,3610171579470053,3610171579470713,3610171579568394,3610171579580554,3610171579975826,3610171579978836,3610171579984847,0,12,96,1,model.layers.0.self_attn.swa_cache
3610171580758032,3610171580971143,3610171580972573,3610171580973573,3610171581094894,3610171581109924,3610171581210844,3610171581213254,3610171581221345,0,12,96,1,model.layers.1.self_attn.swa_cache
3610171582125300,3610171582344722,3610171582346012,3610171582346802,3610171582469073,3610171582484363,3610171582584293,3610171582586643,3610171582594873,0,12,96,1,model.layers.2.self_attn.compressor.state_cache
3610171583326158,3610171583533460,3610171583534770,3610171583535590,3610171583655110,3610171583669790,3610171583771981,3610171583774241,3610171583782131,0,12,96,1,model.layers.2.self_attn.indexer.compressor.state_cache
3610171584706657,3610171584912559,3610171584914059,3610171584915049,3610171585037459,3610171585052979,3610171585155020,3610171585157560,3610171585165590,0,12,96,1,model.layers.3.self_attn.compressor.state_cache
3610171639259871,3610171639777145,3610171639851555,3610171640141777,3610171640251128,3610171640265368,3610171640698781,3610171644141003,3610171644149153,1,12,96,4,model.layers.2.self_attn.indexer.k_cache
3610171644818237,3610171644987818,3610171644988798,3610171644989428,3610171645090489,3610171645103609,3610171645188250,3610171645239430,3610171645246200,0,12,96,4,model.layers.2.self_attn.attn
3610171646007965,3610171646237767,3610171646239137,3610171646239937,3610171646374587,3610171646392838,3610171646928621,3610171646932561,3610171646941131,0,12,96,128,model.layers.3.self_attn.attn
3610171647948498,3610171648263390,3610171648265100,3610171648266030,3610171648407241,3610171648425131,3610171648965964,3610171648969884,3610171648978684,0,12,96,1,model.layers.0.self_attn.swa_cache
3610171649946841,3610171650180952,3610171650182342,3610171650183162,3610171650315193,3610171650331403,3610171650441964,3610171650444794,3610171650453684,0,12,96,1,model.layers.1.self_attn.swa_cache
3610171651382220,3610171651607791,3610171651609211,3610171651610121,3610171651741422,3610171651757642,3610171651868193,3610171651870843,3610171651880093,0,12,96,1,model.layers.2.self_attn.compressor.state_cache
3610171652696228,3610171652920900,3610171652922100,3610171652922960,3610171653051921,3610171653068481,3610171653178772,3610171653181322,3610171653190282,0,12,96,1,model.layers.2.self_attn.indexer.compressor.state_cache
3610171654194158,3610171654361149,3610171654362189,3610171654362769,3610171654460220,3610171654472040,3610171654553791,3610171654555731,3610171654562081,0,12,96,1,model.layers.3.self_attn.compressor.state_cache
3610171707625965,3610171708158398,3610171708234989,3610171708514801,3610171708622941,3610171708636921,3610171709084354,3610171712079394,3610171712088884,1,12,96,4,model.layers.2.self_attn.indexer.k_cache
3610171712865899,3610171713062080,3610171713063080,3610171713063870,3610171713175831,3610171713190581,3610171713286612,3610171713346892,3610171713355122,0,12,96,4,model.layers.2.self_attn.attn
3610171714165117,3610171714364149,3610171714365309,3610171714366079,3610171714478479,3610171714493249,3610171714937782,3610171714940872,3610171714947922,0,12,96,128,model.layers.3.self_attn.attn
3610171715783498,3610171715976359,3610171715977529,3610171715978269,3610171716107850,3610171716123080,3610171716573113,3610171716576733,3610171716583773,0,12,96,1,model.layers.0.self_attn.swa_cache
3610171717404428,3610171717599680,3610171717600820,3610171717601580,3610171717713950,3610171717727920,3610171717817451,3610171717819831,3610171717826961,0,12,96,1,model.layers.1.self_attn.swa_cache
3610171718621906,3610171718817838,3610171718819058,3610171718819968,3610171718931748,3610171718946018,3610171719068789,3610171719070689,3610171719077409,0,12,96,1,model.layers.2.self_attn.compressor.state_cache
3610171719679563,3610171719849544,3610171719850584,3610171719851294,3610171719949075,3610171719961375,3610171720059146,3610171720061146,3610171720068016,0,12,96,1,model.layers.2.self_attn.indexer.compressor.state_cache
3610171720827671,3610171721009132,3610171721010292,3610171721010962,3610171721114872,3610171721127682,3610171721210953,3610171721212933,3610171721219563,0,12,96,1,model.layers.3.self_attn.compressor.state_cache
3610171774803661,3610171775316444,3610171775389505,3610171775656256,3610171775762977,3610171775777917,3610171776222380,3610171779175789,3610171779183739,1,12,96,4,model.layers.2.self_attn.indexer.k_cache
3610171779829573,3610171779998844,3610171780014495,3610171780015315,3610171780115785,3610171780128395,3610171780212706,3610171780266826,3610171780273636,0,12,96,4,model.layers.2.self_attn.attn
3610171780980511,3610171781155262,3610171781156312,3610171781156992,3610171781252853,3610171781266033,3610171781656445,3610171781659245,3610171781665105,0,12,96,128,model.layers.3.self_attn.attn
3610171782373760,3610171782553781,3610171782554821,3610171782555471,3610171782653652,3610171782665482,3610171783066214,3610171783068954,3610171783075274,0,12,96,1,model.layers.0.self_attn.swa_cache
3610171783791479,3610171783954890,3610171783955880,3610171783956510,3610171784067351,3610171784079971,3610171784163661,3610171784165771,3610171784172222,0,12,96,1,model.layers.1.self_attn.swa_cache
3610171784988107,3610171785195968,3610171785197288,3610171785198108,3610171785322319,3610171785337399,3610171785438660,3610171785440950,3610171785448950,0,12,96,1,model.layers.2.self_attn.compressor.state_cache
3610171786185195,3610171786401486,3610171786402676,3610171786403496,3610171786525677,3610171786540497,3610171786637118,3610171786639568,3610171786647488,0,12,96,1,model.layers.2.self_attn.indexer.compressor.state_cache
3610171787594944,3610171787807245,3610171787808475,3610171787809285,3610171787928006,3610171787942756,3610171788061117,3610171788063537,3610171788071837,0,12,96,1,model.layers.3.self_attn.compressor.state_cache
3610171847369462,3610171847911355,3610171847986016,3610171848305148,3610171848421388,3610171848435278,3610171848960542,3610171849733397,3610171849741527,1,12,96,4,model.layers.2.self_attn.indexer.k_cache
3610171850492302,3610171850660153,3610171850661233,3610171850661873,3610171850762014,3610171850775374,3610171850861324,3610171850917015,3610171850924285,0,12,96,4,model.layers.2.self_attn.attn
3610171851630269,3610171851797760,3610171851798810,3610171851799470,3610171851895991,3610171851909071,3610171852321754,3610171852324444,3610171852330664,0,12,96,128,model.layers.3.self_attn.attn
3610171853041488,3610171853207369,3610171853208399,3610171853209069,3610171853307180,3610171853319360,3610171853706183,3610171853709173,3610171853715373,0,12,96,1,model.layers.0.self_attn.swa_cache
3610171854421087,3610171854588238,3610171854589168,3610171854589768,3610171854687729,3610171854699489,3610171854781650,3610171854783770,3610171854790740,0,12,96,1,model.layers.1.self_attn.swa_cache
3610171855487134,3610171855653905,3610171855655225,3610171855655885,3610171855752716,3610171855764576,3610171855845517,3610171855847247,3610171855853637,0,12,96,1,model.layers.2.self_attn.compressor.state_cache
3610171856455851,3610171856623192,3610171856624262,3610171856624902,3610171856721192,3610171856733002,3610171856813263,3610171856815423,3610171856822473,0,12,96,1,model.layers.2.self_attn.indexer.compressor.state_cache
3610171857598388,3610171857765589,3610171857766609,3610171857767359,3610171857863650,3610171857875570,3610171857956660,3610171857958520,3610171857964900,0,12,96,1,model.layers.3.self_attn.compressor.state_cache
3610171911964391,3610171912529684,3610171912606895,3610171912913917,3610171913033928,3610171913048178,3610171913559661,3610171914307806,3610171914316146,1,12,96,4,model.layers.2.self_attn.indexer.k_cache
3610171914973200,3610171915138671,3610171915139751,3610171915140471,3610171915237202,3610171915250122,3610171915334523,3610171915384973,3610171915391623,0,12,96,4,model.layers.2.self_attn.attn
3610171916119128,3610171916290939,3610171916291979,3610171916292679,3610171916388839,3610171916402639,3610171916800662,3610171916803712,3610171916810292,0,12,96,128,model.layers.3.self_attn.attn
3610171917535677,3610171917707838,3610171917709008,3610171917709668,3610171917805869,3610171917817799,3610171918198961,3610171918201671,3610171918208041,0,12,96,1,model.layers.0.self_attn.swa_cache
3610171918921616,3610171919085417,3610171919086577,3610171919087237,3610171919186028,3610171919198478,3610171919278748,3610171919280798,3610171919287298,0,12,96,1,model.layers.1.self_attn.swa_cache
3610171919975413,3610171920158284,3610171920159354,3610171920160054,3610171920259314,3610171920270975,3610171920352655,3610171920354535,3610171920361265,0,12,96,1,model.layers.2.self_attn.compressor.state_cache
3610171920945429,3610171921121500,3610171921122660,3610171921123320,3610171921220421,3610171921232801,3610171921313971,3610171921315941,3610171921322511,0,12,96,1,model.layers.2.self_attn.indexer.compressor.state_cache
3610171922052986,3610171922218727,3610171922219877,3610171922220507,3610171922315778,3610171922328018,3610171922408298,3610171922410368,3610171922417088,0,12,96,1,model.layers.3.self_attn.compressor.state_cache
3610171977014573,3610171977536556,3610171977615017,3610171977887808,3610171977997969,3610171978012289,3610171978437792,3610171982217336,3610171982225417,1,12,96,4,model.layers.2.self_attn.indexer.k_cache
3610171982888851,3610171983064922,3610171983065992,3610171983066682,3610171983164943,3610171983178033,3610171983261663,3610171983312744,3610171983319724,0,12,96,4,model.layers.2.self_attn.attn
3610171984038478,3610171984214419,3610171984215559,3610171984216199,3610171984310950,3610171984324020,3610171984730573,3610171984733413,3610171984739363,0,12,96,128,model.layers.3.self_attn.attn
3610171985507508,3610171985673819,3610171985674959,3610171985675669,3610171985771490,3610171985783560,3610171986176092,3610171986179222,3610171986185352,0,12,96,1,model.layers.0.self_attn.swa_cache
3610171986886337,3610171987054428,3610171987055818,3610171987056548,3610171987152498,3610171987164239,3610171987243539,3610171987245419,3610171987251749,0,12,96,1,model.layers.1.self_attn.swa_cache
3610171987995984,3610171988235156,3610171988236476,3610171988237306,3610171988359626,3610171988375196,3610171988477957,3610171988480347,3610171988488217,0,12,96,1,model.layers.2.self_attn.compressor.state_cache
3610171989226672,3610171989438143,3610171989439813,3610171989440643,3610171989560374,3610171989575524,3610171989676515,3610171989678905,3610171989687265,0,12,96,1,model.layers.2.self_attn.indexer.compressor.state_cache
3610171990601421,3610171990812132,3610171990813482,3610171990814312,3610171990936213,3610171990951473,3610171991050974,3610171991053094,3610171991061214,0,12,96,1,model.layers.3.self_attn.compressor.state_cache
3610172045511617,3610172046032231,3610172046107871,3610172046385783,3610172046493964,3610172046508904,3610172046953446,3610172050492609,3610172050501250,1,12,96,4,model.layers.2.self_attn.indexer.k_cache
3610172051176304,3610172051342345,3610172051343505,3610172051344195,3610172051440786,3610172051453796,3610172051535936,3610172051585897,3610172051592927,0,12,96,4,model.layers.2.self_attn.attn
3610172052322871,3610172052492842,3610172052493912,3610172052494562,3610172052591783,3610172052605203,3610172053003486,3610172053006216,3610172053012426,0,12,96,128,model.layers.3.self_attn.attn
3610172054020842,3610172054243154,3610172054244624,3610172054245554,3610172054371915,3610172054387985,3610172054898978,3610172054902678,3610172054910928,0,12,96,1,model.layers.0.self_attn.swa_cache
3610172055817724,3610172056047665,3610172056048966,3610172056049816,3610172056178816,3610172056195326,3610172056304287,3610172056307127,3610172056315447,0,12,96,1,model.layers.1.self_attn.swa_cache
3610172057219743,3610172057433774,3610172057435105,3610172057435995,3610172057560215,3610172057576615,3610172057681156,3610172057684186,3610172057692496,0,12,96,1,model.layers.2.self_attn.compressor.state_cache
3610172058445001,3610172058667063,3610172058668303,3610172058669113,3610172058792803,3610172058808973,3610172058911734,3610172058914074,3610172058922624,0,12,96,1,model.layers.2.self_attn.indexer.compressor.state_cache
3610172059853350,3610172060149952,3610172060151442,3610172060152392,3610172060278823,3610172060294313,3610172060398724,3610172060401504,3610172060410394,0,12,96,1,model.layers.3.self_attn.compressor.state_cache
3610172114037812,3610172114579975,3610172114655736,3610172114932518,3610172115046078,3610172115060928,3610172115519241,3610172118574671,3610172118584361,1,12,96,4,model.layers.2.self_attn.indexer.k_cache
3610172119354446,3610172119546987,3610172119548268,3610172119549138,3610172119661018,3610172119676608,3610172119776079,3610172119839389,3610172119847779,0,12,96,4,model.layers.2.self_attn.attn
3610172120681165,3610172120871216,3610172120872436,3610172120873276,3610172120984377,3610172121000347,3610172121466860,3610172121470590,3610172121478470,0,12,96,128,model.layers.3.self_attn.attn
3610172122311835,3610172122509987,3610172122511207,3610172122511937,3610172122623627,3610172122637868,3610172123086830,3610172123090270,3610172123097501,0,12,96,1,model.layers.0.self_attn.swa_cache
3610172123937916,3610172124152957,3610172124154237,3610172124155057,3610172124267938,3610172124281838,3610172124375999,3610172124378329,3610172124385489,0,12,96,1,model.layers.1.self_attn.swa_cache
3610172125193304,3610172125422706,3610172125423646,3610172125424266,3610172125523186,3610172125535556,3610172125617467,3610172125619447,3610172125625867,0,12,96,1,model.layers.2.self_attn.compressor.state_cache
3610172126205351,3610172126372692,3610172126373692,3610172126374352,3610172126470982,3610172126484153,3610172126564993,3610172126567123,3610172126573283,0,12,96,1,model.layers.2.self_attn.indexer.compressor.state_cache
3610172127325708,3610172127488079,3610172127489149,3610172127489799,3610172127584870,3610172127596820,3610172127676540,3610172127678370,3610172127684520,0,12,96,1,model.layers.3.self_attn.compressor.state_cache
3610172181182307,3610172181700881,3610172181774251,3610172182052943,3610172182193564,3610172182208774,3610172182669147,3610172186394681,3610172186402911,1,12,96,4,model.layers.2.self_attn.indexer.k_cache
3610172187081626,3610172187251697,3610172187252757,3610172187253507,3610172187350927,3610172187364098,3610172187448548,3610172187501968,3610172187508768,0,12,96,4,model.layers.2.self_attn.attn
3610172188267813,3610172188442885,3610172188444055,3610172188444845,3610172188539445,3610172188553435,3610172188953308,3610172188956368,3610172188962448,0,12,96,128,model.layers.3.self_attn.attn
3610172189686773,3610172189852954,3610172189853974,3610172189854674,3610172189952344,3610172189964254,3610172190348967,3610172190351997,3610172190358157,0,12,96,1,model.layers.0.self_attn.swa_cache
3610172191416514,3610172191661705,3610172191663145,3610172191664225,3610172191803006,3610172191819906,3610172191933687,3610172191936587,3610172191945747,0,12,96,1,model.layers.1.self_attn.swa_cache
3610172192960484,3610172193203695,3610172193205225,3610172193206195,3610172193345286,3610172193362086,3610172193480087,3610172193483137,3610172193492047,0,12,96,1,model.layers.2.self_attn.compressor.state_cache
3610172194330693,3610172194570434,3610172194571844,3610172194572804,3610172194708735,3610172194725125,3610172194835516,3610172194838356,3610172194847276,0,12,96,1,model.layers.2.self_attn.indexer.compressor.state_cache
3610172195885033,3610172196158755,3610172196160885,3610172196162065,3610172196312586,3610172196330506,3610172196449506,3610172196452436,3610172196461577,0,12,96,1,model.layers.3.self_attn.compressor.state_cache
3610172250667798,3610172251456523,3610172251539704,3610172251842736,3610172251958587,3610172251972487,3610172252470000,3610172253865159,3610172253873259,1,12,96,4,model.layers.2.self_attn.indexer.k_cache
3610172254551673,3610172254723855,3610172254724925,3610172254725535,3610172254823605,3610172254836595,3610172254919756,3610172254971226,3610172254978126,0,12,96,4,model.layers.2.self_attn.attn
3610172255676571,3610172255846992,3610172255848002,3610172255848692,3610172255944782,3610172255958083,3610172256377565,3610172256380385,3610172256386415,0,12,96,128,model.layers.3.self_attn.attn
3610172257196141,3610172257380222,3610172257381312,3610172257382052,3610172257488322,3610172257501883,3610172257933715,3610172257937075,3610172257943595,0,12,96,1,model.layers.0.self_attn.swa_cache
3610172258705420,3610172258888262,3610172258889542,3610172258890212,3610172258994172,3610172259007302,3610172259095423,3610172259097613,3610172259104563,0,12,96,1,model.layers.1.self_attn.swa_cache
3610172259850188,3610172260042659,3610172260043809,3610172260044479,3610172260150990,3610172260164250,3610172260254720,3610172260257020,3610172260264040,0,12,96,1,model.layers.2.self_attn.compressor.state_cache
3610172260901725,3610172261084006,3610172261085016,3610172261085676,3610172261189496,3610172261202587,3610172261291617,3610172261293817,3610172261300757,0,12,96,1,model.layers.2.self_attn.indexer.compressor.state_cache
3610172262070512,3610172262246193,3610172262247143,3610172262247793,3610172262351604,3610172262364934,3610172262451395,3610172262453395,3610172262460375,0,12,96,1,model.layers.3.self_attn.compressor.state_cache
3610172317818714,3610172318332347,3610172318406678,3610172318677029,3610172318786010,3610172318800410,3610172319239383,3610172323152859,3610172323162479,1,12,96,4,model.layers.2.self_attn.indexer.k_cache
3610172323936194,3610172324171385,3610172324172695,3610172324173535,3610172324289686,3610172324305406,3610172324405347,3610172324464807,3610172324473217,0,12,96,4,model.layers.2.self_attn.attn
3610172325322613,3610172325526724,3610172325527984,3610172325528754,3610172325644165,3610172325660975,3610172326162278,3610172326165888,3610172326173418,0,12,96,128,model.layers.3.self_attn.attn
3610172327077594,3610172327282735,3610172327283935,3610172327284725,3610172327402186,3610172327417396,3610172327883239,3610172327886829,3610172327894379,0,12,96,1,model.layers.0.self_attn.swa_cache
3610172328757835,3610172328962986,3610172328964386,3610172328965256,3610172329080337,3610172329095457,3610172329192878,3610172329195618,3610172329203478,0,12,96,1,model.layers.1.self_attn.swa_cache
3610172330035213,3610172330197774,3610172330198884,3610172330199684,3610172330293975,3610172330306045,3610172330388165,3610172330390095,3610172330396536,0,12,96,1,model.layers.2.self_attn.compressor.state_cache
3610172330976619,3610172331140660,3610172331141850,3610172331142540,3610172331237731,3610172331249321,3610172331328032,3610172331330042,3610172331336352,0,12,96,1,model.layers.2.self_attn.indexer.compressor.state_cache
3610172332075536,3610172332248698,3610172332249858,3610172332250538,3610172332347248,3610172332359248,3610172332438409,3610172332440289,3610172332446709,0,12,96,1,model.layers.3.self_attn.compressor.state_cache
3610172386962793,3610172387490476,3610172387566766,3610172387838008,3610172387944539,3610172387959719,3610172388434652,3610172392114416,3610172392122846,1,12,96,4,model.layers.2.self_attn.indexer.k_cache
3610172392788470,3610172392962171,3610172392963091,3610172392963791,3610172393062732,3610172393075392,3610172393160653,3610172393213093,3610172393219853,0,12,96,4,model.layers.2.self_attn.attn
3610172393916968,3610172394088279,3610172394089179,3610172394089849,3610172394185779,3610172394199069,3610172394599282,3610172394602412,3610172394608632,0,12,96,128,model.layers.3.self_attn.attn
3610172395314977,3610172395479738,3610172395480778,3610172395481438,3610172395579428,3610172395592099,3610172395986111,3610172395988991,3610172395995101,0,12,96,1,model.layers.0.self_attn.swa_cache
3610172397119448,3610172397367460,3610172397369120,3610172397370090,3610172397513071,3610172397530941,3610172397650982,3610172397653722,3610172397663912,0,12,96,1,model.layers.1.self_attn.swa_cache
3610172398646878,3610172398888390,3610172398889870,3610172398890840,3610172399026411,3610172399043571,3610172399160392,3610172399163292,3610172399173052,0,12,96,1,model.layers.2.self_attn.compressor.state_cache
3610172400022497,3610172400283219,3610172400284689,3610172400285609,3610172400425380,3610172400442700,3610172400557891,3610172400560511,3610172400570291,0,12,96,1,model.layers.2.self_attn.indexer.compressor.state_cache
3610172401605028,3610172401848419,3610172401849759,3610172401850689,3610172401987900,3610172402005130,3610172402122471,3610172402125541,3610172402135141,0,12,96,1,model.layers.3.self_attn.compressor.state_cache
3610172455914760,3610172456436733,3610172456511844,3610172456787706,3610172457232188,3610172457248419,3610172457733492,3610172459416783,3610172459424873,1,12,96,4,model.layers.2.self_attn.indexer.k_cache
3610172460099507,3610172460275038,3610172460276108,3610172460276838,3610172460374219,3610172460387129,3610172460469219,3610172460522410,3610172460529630,0,12,96,4,model.layers.2.self_attn.attn
3610172461303645,3610172461484426,3610172461485616,3610172461486306,3610172461590927,3610172461605907,3610172462027980,3610172462031430,3610172462038290,0,12,96,128,model.layers.3.self_attn.attn
3610172462827065,3610172463009926,3610172463011086,3610172463011826,3610172463119777,3610172463132707,3610172463572540,3610172463575780,3610172463582910,0,12,96,1,model.layers.0.self_attn.swa_cache
3610172464417425,3610172464603106,3610172464604396,3610172464605126,3610172464709617,3610172464722587,3610172464810578,3610172464812768,3610172464820458,0,12,96,1,model.layers.1.self_attn.swa_cache
3610172465593203,3610172465778134,3610172465779354,3610172465780124,3610172465888275,3610172465901315,3610172465992825,3610172465995365,3610172466002595,0,12,96,1,model.layers.2.self_attn.compressor.state_cache
3610172466648670,3610172466834471,3610172466835761,3610172466836461,3610172466944391,3610172466957942,3610172467044652,3610172467046742,3610172467054032,0,12,96,1,model.layers.2.self_attn.indexer.compressor.state_cache
3610172467867967,3610172468070759,3610172468072039,3610172468072829,3610172468178629,3610172468192190,3610172468277470,3610172468279850,3610172468287120,0,12,96,1,model.layers.3.self_attn.compressor.state_cache
3610172522427561,3610172522944455,3610172523020865,3610172523290237,3610172523397838,3610172523412168,3610172523835551,3610172527812876,3610172527822926,1,12,96,4,model.layers.2.self_attn.indexer.k_cache
3610172528622072,3610172528835433,3610172528836613,3610172528837343,3610172528955584,3610172528971644,3610172529073055,3610172529135105,3610172529143115,0,12,96,4,model.layers.2.self_attn.attn
3610172529992571,3610172530193802,3610172530195162,3610172530196022,3610172530310933,3610172530327543,3610172530806316,3610172530809916,3610172530817676,0,12,96,128,model.layers.3.self_attn.attn
3610172531682622,3610172531887903,3610172531889303,3610172531890083,3610172532019694,3610172532035854,3610172532500667,3610172532504307,3610172532511977,0,12,96,1,model.layers.0.self_attn.swa_cache
3610172533372832,3610172533577124,3610172533578484,3610172533579274,3610172533697055,3610172533711515,3610172533809055,3610172533811445,3610172533819365,0,12,96,1,model.layers.1.self_attn.swa_cache
3610172534655421,3610172534858422,3610172534859652,3610172534860522,3610172534977943,3610172534993053,3610172535089764,3610172535092114,3610172535099814,0,12,96,1,model.layers.2.self_attn.compressor.state_cache
3610172535771868,3610172535940369,3610172535941429,3610172535942109,3610172536049600,3610172536063450,3610172536147400,3610172536149420,3610172536155841,0,12,96,1,model.layers.2.self_attn.indexer.compressor.state_cache
3610172536885455,3610172537049696,3610172537050726,3610172537051416,3610172537148947,3610172537160887,3610172537241828,3610172537243668,3610172537249898,0,12,96,1,model.layers.3.self_attn.compressor.state_cache
3610172590752265,3610172591272308,3610172591346879,3610172591620670,3610172591728341,3610172591742111,3610172592192694,3610172595842928,3610172595851598,1,12,96,4,model.layers.2.self_attn.indexer.k_cache
3610172596543512,3610172596717033,3610172596718113,3610172596718773,3610172596818344,3610172596831994,3610172596916265,3610172596967565,3610172596974925,0,12,96,4,model.layers.2.self_attn.attn
3610172597689880,3610172597861261,3610172597862241,3610172597862941,3610172597958832,3610172597972302,3610172598358264,3610172598361084,3610172598367884,0,12,96,128,model.layers.3.self_attn.attn
3610172599094869,3610172599260250,3610172599261330,3610172599262030,3610172599358481,3610172599370991,3610172599761053,3610172599763813,3610172599770213,0,12,96,1,model.layers.0.self_attn.swa_cache
3610172600579919,3610172600806980,3610172600808190,3610172600809110,3610172600937771,3610172600954061,3610172601060562,3610172601063082,3610172601072022,0,12,96,1,model.layers.1.self_attn.swa_cache
3610172602007868,3610172602235979,3610172602237509,3610172602238329,3610172602369370,3610172602386660,3610172602494561,3610172602497431,3610172602506431,0,12,96,1,model.layers.2.self_attn.compressor.state_cache
3610172603284956,3610172603511268,3610172603512828,3610172603513788,3610172603646118,3610172603663319,3610172603771949,3610172603774659,3610172603783359,0,12,96,1,model.layers.2.self_attn.indexer.compressor.state_cache
3610172604789536,3610172605017377,3610172605018757,3610172605019787,3610172605150998,3610172605167278,3610172605277779,3610172605280319,3610172605289359,0,12,96,1,model.layers.3.self_attn.compressor.state_cache
3610172659916494,3610172660451927,3610172660527837,3610172660800009,3610172660907780,3610172660921870,3610172661354813,3610172664347822,3610172664356972,1,12,96,4,model.layers.2.self_attn.indexer.k_cache
3610172665028637,3610172665214068,3610172665215348,3610172665216008,3610172665313699,3610172665327709,3610172665412889,3610172665465310,3610172665472810,0,12,96,4,model.layers.2.self_attn.attn
3610172666181654,3610172666350305,3610172666351245,3610172666351955,3610172666494446,3610172666511776,3610172667038480,3610172667042540,3610172667050520,0,12,96,128,model.layers.3.self_attn.attn
3610172668022156,3610172668253848,3610172668255388,3610172668256358,3610172668381658,3610172668396139,3610172668891872,3610172668895422,3610172668903272,0,12,96,1,model.layers.0.self_attn.swa_cache
3610172669789088,3610172670004629,3610172670006149,3610172670006999,3610172670127460,3610172670142310,3610172670241630,3610172670244111,3610172670252231,0,12,96,1,model.layers.1.self_attn.swa_cache
3610172671117596,3610172671319597,3610172671321117,3610172671321947,3610172671443038,3610172671458358,3610172671560439,3610172671562859,3610172671571019,0,12,96,1,model.layers.2.self_attn.compressor.state_cache
3610172672315964,3610172672527285,3610172672528555,3610172672529475,3610172672650756,3610172672666616,3610172672767517,3610172672769807,3610172672777717,0,12,96,1,model.layers.2.self_attn.indexer.compressor.state_cache
3610172673698693,3610172673908524,3610172673909844,3610172673910624,3610172674030835,3610172674045355,3610172674146736,3610172674149566,3610172674157296,0,12,96,1,model.layers.3.self_attn.compressor.state_cache
3610172727756773,3610172728288087,3610172728364497,3610172728637319,3610172728746250,3610172728760740,3610172729192973,3610172732485154,3610172732496954,1,12,96,4,model.layers.2.self_attn.indexer.k_cache
3610172733353570,3610172733583481,3610172733584901,3610172733585901,3610172733716192,3610172733733322,3610172733842893,3610172733908133,3610172733917493,0,12,96,4,model.layers.2.self_attn.attn
3610172734839879,3610172735063501,3610172735065281,3610172735066231,3610172735188792,3610172735206992,3610172735730435,3610172735734515,3610172735742875,0,12,96,128,model.layers.3.self_attn.attn
3610172736694011,3610172736937773,3610172736939053,3610172736940083,3610172737065134,3610172737081214,3610172737596677,3610172737600317,3610172737608437,0,12,96,1,model.layers.0.self_attn.swa_cache
3610172738521153,3610172738735495,3610172738736875,3610172738737935,3610172738862296,3610172738877886,3610172738981176,3610172738983496,3610172738991936,0,12,96,1,model.layers.1.self_attn.swa_cache
3610172739883352,3610172740124654,3610172740126204,3610172740127154,3610172740255155,3610172740270915,3610172740375555,3610172740378195,3610172740386295,0,12,96,1,model.layers.2.self_attn.compressor.state_cache
3610172741033590,3610172741200091,3610172741201121,3610172741201881,3610172741296681,3610172741308471,3610172741390422,3610172741392532,3610172741399302,0,12,96,1,model.layers.2.self_attn.indexer.compressor.state_cache
3610172742143397,3610172742312948,3610172742314198,3610172742314898,3610172742411429,3610172742423399,3610172742503629,3610172742505599,3610172742511999,0,12,96,1,model.layers.3.self_attn.compressor.state_cache
3610172796073987,3610172796600630,3610172796676740,3610172796946662,3610172797054963,3610172797069043,3610172797525536,3610172800557036,3610172800565896,1,12,96,4,model.layers.2.self_attn.indexer.k_cache
3610172801236900,3610172801406161,3610172801407391,3610172801408111,3610172801505602,3610172801518802,3610172801602182,3610172801652063,3610172801659713,0,12,96,4,model.layers.2.self_attn.attn
3610172802370597,3610172802538148,3610172802539198,3610172802540008,3610172802639379,3610172802653319,3610172803046542,3610172803049532,3610172803056162,0,12,96,128,model.layers.3.self_attn.attn
3610172803774256,3610172803943388,3610172803944598,3610172803945198,3610172804059078,3610172804073868,3610172804495671,3610172804498591,3610172804505471,0,12,96,1,model.layers.0.self_attn.swa_cache
3610172805217736,3610172805389177,3610172805390167,3610172805390907,3610172805488418,3610172805499848,3610172805579888,3610172805581728,3610172805588638,0,12,96,1,model.layers.1.self_attn.swa_cache
3610172806284093,3610172806451584,3610172806452784,3610172806453424,3610172806549554,3610172806561755,3610172806641335,3610172806643385,3610172806650195,0,12,96,1,model.layers.2.self_attn.compressor.state_cache
3610172807346190,3610172807543111,3610172807544501,3610172807545301,3610172807659262,3610172807673742,3610172807771042,3610172807773202,3610172807781182,0,12,96,1,model.layers.2.self_attn.indexer.compressor.state_cache
3610172808668038,3610172808922260,3610172808923680,3610172808924430,3610172809044311,3610172809058871,3610172809160281,3610172809162751,3610172809170671,0,12,96,1,model.layers.3.self_attn.compressor.state_cache
3610172864011817,3610172864531521,3610172864607181,3610172864882073,3610172864990593,3610172865005144,3610172865653988,3610172867922263,3610172867931363,1,12,96,4,model.layers.2.self_attn.indexer.k_cache
3610172868610897,3610172868780708,3610172868781868,3610172868782558,3610172868884019,3610172868897949,3610172868982759,3610172869034100,3610172869041720,0,12,96,4,model.layers.2.self_attn.attn
3610172869751674,3610172869919535,3610172869920865,3610172869921585,3610172870018936,3610172870033106,3610172870444299,3610172870447309,3610172870454269,0,12,96,128,model.layers.3.self_attn.attn
3610172871174274,3610172871339725,3610172871340905,3610172871341595,3610172871436305,3610172871448605,3610172871836308,3610172871839208,3610172871846018,0,12,96,1,model.layers.0.self_attn.swa_cache
3610172872753784,3610172872957465,3610172872958865,3610172872959615,3610172873076146,3610172873090776,3610172873191447,3610172873193957,3610172873202517,0,12,96,1,model.layers.1.self_attn.swa_cache
3610172874045012,3610172874251434,3610172874252844,3610172874253624,3610172874372254,3610172874386784,3610172874484365,3610172874486715,3610172874495165,0,12,96,1,model.layers.2.self_attn.compressor.state_cache
3610172875199410,3610172875399751,3610172875401111,3610172875401981,3610172875518312,3610172875532292,3610172875630292,3610172875632883,3610172875641273,0,12,96,1,model.layers.2.self_attn.indexer.compressor.state_cache
3610172876532208,3610172876731600,3610172876732960,3610172876733750,3610172876850830,3610172876865881,3610172876961971,3610172876964341,3610172876972851,0,12,96,1,model.layers.3.self_attn.compressor.state_cache
3610172931371254,3610172931898817,3610172931973358,3610172932254270,3610172932363400,3610172932378091,3610172932816033,3610172935958584,3610172935968064,1,12,96,4,model.layers.2.self_attn.indexer.k_cache
3610172936658158,3610172936828039,3610172936829159,3610172936830199,3610172936929140,3610172936943270,3610172937028471,3610172937080591,3610172937088051,0,12,96,4,model.layers.2.self_attn.attn
3610172937799586,3610172937971087,3610172937972427,3610172937973117,3610172938116528,3610172938134658,3610172938635521,3610172938639341,3610172938647901,0,12,96,128,model.layers.3.self_attn.attn
3610172939570227,3610172939787909,3610172939789309,3610172939790189,3610172939915769,3610172939931090,3610172940460043,3610172940464133,3610172940473053,0,12,96,1,model.layers.0.self_attn.swa_cache
3610172941367619,3610172941579790,3610172941581200,3610172941582110,3610172941706231,3610172941721841,3610172941826262,3610172941828782,3610172941837512,0,12,96,1,model.layers.1.self_attn.swa_cache
3610172942715948,3610172942935589,3610172942937169,3610172942938079,3610172943061450,3610172943076870,3610172943179421,3610172943182181,3610172943190941,0,12,96,1,model.layers.2.self_attn.compressor.state_cache
3610172943939716,3610172944170327,3610172944172047,3610172944172867,3610172944294698,3610172944310288,3610172944412279,3610172944414829,3610172944423819,0,12,96,1,model.layers.2.self_attn.indexer.compressor.state_cache
3610172945357285,3610172945572796,3610172945574126,3610172945575246,3610172945696907,3610172945712347,3610172945816648,3610172945819548,3610172945828338,0,12,96,1,model.layers.3.self_attn.compressor.state_cache
3610173000243961,3610173000776224,3610173000850765,3610173001137556,3610173001249817,3610173001265057,3610173001755170,3610173004604979,3610173004615499,1,12,96,4,model.layers.2.self_attn.indexer.k_cache
3610173005406114,3610173005602785,3610173005604205,3610173005604975,3610173005716326,3610173005732196,3610173005830087,3610173005892027,3610173005901027,0,12,96,4,model.layers.2.self_attn.attn
3610173006717843,3610173006915254,3610173006916724,3610173006917554,3610173007026605,3610173007042855,3610173007504668,3610173007508228,3610173007515708,0,12,96,128,model.layers.3.self_attn.attn
3610173008376663,3610173008574435,3610173008575795,3610173008576565,3610173008688775,3610173008702606,3610173009151558,3610173009155378,3610173009163089,0,12,96,1,model.layers.0.self_attn.swa_cache
3610173010026704,3610173010252586,3610173010254036,3610173010254706,3610173010368786,3610173010383026,3610173010477597,3610173010480087,3610173010488237,0,12,96,1,model.layers.1.self_attn.swa_cache
3610173011285542,3610173011475924,3610173011477174,3610173011478004,3610173011621584,3610173011633505,3610173011714585,3610173011716915,3610173011723725,0,12,96,1,model.layers.2.self_attn.compressor.state_cache
3610173012324659,3610173012489420,3610173012490740,3610173012491410,3610173012588581,3610173012600431,3610173012682061,3610173012684321,3610173012691301,0,12,96,1,model.layers.2.self_attn.indexer.compressor.state_cache
3610173013429176,3610173013598037,3610173013599397,3610173013600027,3610173013695758,3610173013707778,3610173013787639,3610173013789779,3610173013796719,0,12,96,1,model.layers.3.self_attn.compressor.state_cache
3610173067660688,3610173068197931,3610173068273192,3610173068543014,3610173068650484,3610173068665244,3610173069104707,3610173071991356,3610173072011826,1,12,96,4,model.layers.2.self_attn.indexer.k_cache
3610173072732501,3610173072904682,3610173072905932,3610173072906662,3610173073007603,3610173073021493,3610173073105823,3610173073156764,3610173073163734,0,12,96,4,model.layers.2.self_attn.attn
3610173073876848,3610173074049559,3610173074050569,3610173074051309,3610173074146040,3610173074160410,3610173074565633,3610173074568653,3610173074574723,0,12,96,128,model.layers.3.self_attn.attn
3610173075293787,3610173075460768,3610173075462028,3610173075462648,3610173075560929,3610173075573079,3610173075956532,3610173075959612,3610173075965792,0,12,96,1,model.layers.0.self_attn.swa_cache
3610173076700107,3610173076868718,3610173076869918,3610173076870588,3610173076964768,3610173076976958,3610173077057289,3610173077059159,3610173077065879,0,12,96,1,model.layers.1.self_attn.swa_cache
3610173077959395,3610173078168086,3610173078169426,3610173078170376,3610173078292507,3610173078308107,3610173078409298,3610173078412308,3610173078420388,0,12,96,1,model.layers.2.self_attn.compressor.state_cache
3610173079159272,3610173079376184,3610173079377614,3610173079378514,3610173079500995,3610173079516575,3610173079620265,3610173079622865,3610173079631166,0,12,96,1,model.layers.2.self_attn.indexer.compressor.state_cache
3610173080556682,3610173080772683,3610173080774183,3610173080775063,3610173080904034,3610173080919474,3610173081020895,3610173081023585,3610173081031905,0,12,96,1,model.layers.3.self_attn.compressor.state_cache
3610173135883030,3610173136422734,3610173136498044,3610173136772226,3610173136879837,3610173136893777,3610173137480181,3610173139732655,3610173139741205,1,12,96,4,model.layers.2.self_attn.indexer.k_cache
3610173140443480,3610173140621341,3610173140622511,3610173140623231,3610173140721432,3610173140735192,3610173140818782,3610173140874503,3610173140881753,0,12,96,4,model.layers.2.self_attn.attn
3610173141592057,3610173141761428,3610173141762648,3610173141763338,3610173141864129,3610173141877859,3610173142285082,3610173142288082,3610173142294512,0,12,96,128,model.layers.3.self_attn.attn
3610173143014487,3610173143183608,3610173143184828,3610173143185528,3610173143333799,3610173143347989,3610173143806322,3610173143809812,3610173143816952,0,12,96,1,model.layers.0.self_attn.swa_cache
3610173144662607,3610173144860199,3610173144861539,3610173144862359,3610173144975199,3610173144989359,3610173145083900,3610173145086090,3610173145093830,0,12,96,1,model.layers.1.self_attn.swa_cache
3610173145898365,3610173146092767,3610173146094027,3610173146094867,3610173146204807,3610173146219207,3610173146313988,3610173146316448,3610173146323948,0,12,96,1,model.layers.2.self_attn.compressor.state_cache
3610173146996042,3610173147187964,3610173147189344,3610173147190094,3610173147302594,3610173147316644,3610173147411155,3610173147413715,3610173147420935,0,12,96,1,model.layers.2.self_attn.indexer.compressor.state_cache
3610173148279591,3610173148472942,3610173148474492,3610173148475252,3610173148584883,3610173148598723,3610173148691933,3610173148694563,3610173148702133,0,12,96,1,model.layers.3.self_attn.compressor.state_cache
3610173203238947,3610173203770271,3610173203845511,3610173204135263,3610173204245144,3610173204259574,3610173204700447,3610173208371870,3610173208380691,1,12,96,4,model.layers.2.self_attn.indexer.k_cache
3610173209259466,3610173209488388,3610173209489878,3610173209490748,3610173209617539,3610173209635679,3610173209750099,3610173209822380,3610173209832610,0,12,96,4,model.layers.2.self_attn.attn
3610173210747406,3610173210970257,3610173210971957,3610173210972857,3610173211096808,3610173211115408,3610173211649542,3610173211653632,3610173211662652,0,12,96,128,model.layers.3.self_attn.attn
3610173212609028,3610173212829849,3610173212831349,3610173212832319,3610173212961290,3610173212977180,3610173213494924,3610173213498784,3610173213507594,0,12,96,1,model.layers.0.self_attn.swa_cache
3610173214452720,3610173214680121,3610173214681691,3610173214682611,3610173214806322,3610173214822392,3610173214928493,3610173214931593,3610173214940343,0,12,96,1,model.layers.1.self_attn.swa_cache
3610173215840669,3610173216071560,3610173216073280,3610173216074180,3610173216202311,3610173216217961,3610173216325822,3610173216328632,3610173216337312,0,12,96,1,model.layers.2.self_attn.compressor.state_cache
3610173217069317,3610173217234688,3610173217236008,3610173217236728,3610173217331889,3610173217344369,3610173217425959,3610173217428249,3610173217435019,0,12,96,1,model.layers.2.self_attn.indexer.compressor.state_cache
3610173218165344,3610173218334885,3610173218336155,3610173218336815,3610173218434856,3610173218446976,3610173218527416,3610173218529666,3610173218536506,0,12,96,1,model.layers.3.self_attn.compressor.state_cache
3610173272508606,3610173273039650,3610173273114890,3610173273385802,3610173273492233,3610173273506753,3610173273949476,3610173276992785,3610173277003116,1,12,96,4,model.layers.2.self_attn.indexer.k_cache
3610173277712590,3610173277899391,3610173277900781,3610173277901491,3610173278004122,3610173278018992,3610173278103753,3610173278156863,3610173278165433,0,12,96,4,model.layers.2.self_attn.attn
3610173278911058,3610173279091709,3610173279092899,3610173279093619,3610173279196640,3610173279212640,3610173279624203,3610173279627713,3610173279634953,0,12,96,128,model.layers.3.self_attn.attn
3610173280410338,3610173280593059,3610173280594369,3610173280595109,3610173280698380,3610173280711280,3610173281113282,3610173281116832,3610173281124012,0,12,96,1,model.layers.0.self_attn.swa_cache
3610173281885177,3610173282065158,3610173282066638,3610173282067388,3610173282169539,3610173282182419,3610173282264980,3610173282267420,3610173282275110,0,12,96,1,model.layers.1.self_attn.swa_cache
3610173283010485,3610173283232356,3610173283233776,3610173283234496,3610173283338747,3610173283351577,3610173283436027,3610173283438617,3610173283446057,0,12,96,1,model.layers.2.self_attn.compressor.state_cache
3610173284087842,3610173284291693,3610173284292973,3610173284293703,3610173284399284,3610173284412274,3610173284497784,3610173284500224,3610173284507984,0,12,96,1,model.layers.2.self_attn.indexer.compressor.state_cache
3610173285311639,3610173285494461,3610173285495731,3610173285496451,3610173285598161,3610173285611111,3610173285696352,3610173285698982,3610173285706842,0,12,96,1,model.layers.3.self_attn.compressor.state_cache
3610173338688496,3610173339199399,3610173339278179,3610173339548981,3610173339650522,3610173339665302,3610173340087465,3610173343757608,3610173343767119,1,12,96,4,model.layers.2.self_attn.indexer.k_cache
3610173344445163,3610173344616024,3610173344617204,3610173344617924,3610173344714035,3610173344728325,3610173344808105,3610173344859266,3610173344867116,0,12,96,4,model.layers.2.self_attn.attn
3610173345562380,3610173345728231,3610173345729511,3610173345730251,3610173345825362,3610173345839772,3610173346230585,3610173346233455,3610173346240075,0,12,96,128,model.layers.3.self_attn.attn
3610173346945669,3610173347114070,3610173347115470,3610173347116240,3610173347214051,3610173347227131,3610173347608043,3610173347611153,3610173347618194,0,12,96,1,model.layers.0.self_attn.swa_cache
3610173348630610,3610173348868312,3610173348870112,3610173348871072,3610173349010243,3610173349027613,3610173349138473,3610173349141343,3610173349151993,0,12,96,1,model.layers.1.self_attn.swa_cache
3610173350112930,3610173350357191,3610173350359021,3610173350360121,3610173350497222,3610173350514802,3610173350627463,3610173350630373,3610173350640453,0,12,96,1,model.layers.2.self_attn.compressor.state_cache
3610173351456368,3610173351695570,3610173351697240,3610173351698310,3610173351832611,3610173351850071,3610173351960162,3610173351963382,3610173351973662,0,12,96,1,model.layers.2.self_attn.indexer.compressor.state_cache
3610173353020029,3610173353256850,3610173353258700,3610173353259780,3610173353397401,3610173353414781,3610173353526312,3610173353529372,3610173353540042,0,12,96,1,model.layers.3.self_attn.compressor.state_cache
3610173410546942,3610173411097985,3610173411176086,3610173411486608,3610173411594938,3610173411609859,3610173412071512,3610173412833586,3610173412842527,1,12,96,4,model.layers.2.self_attn.indexer.k_cache
3610173413522111,3610173413692192,3610173413693372,3610173413694142,3610173413792343,3610173413806523,3610173413887083,3610173413937434,3610173413945084,0,12,96,4,model.layers.2.self_attn.attn
3610173414643808,3610173414811109,3610173414812299,3610173414813049,3610173414908570,3610173414923350,3610173415307323,3610173415310593,3610173415317463,0,12,96,128,model.layers.3.self_attn.attn
3610173416047507,3610173416223278,3610173416224498,3610173416225168,3610173416321579,3610173416333569,3610173416708132,3610173416711772,3610173416718982,0,12,96,1,model.layers.0.self_attn.swa_cache
3610173417419146,3610173417584237,3610173417585317,3610173417586087,3610173417680568,3610173417692468,3610173417770858,3610173417773188,3610173417780369,0,12,96,1,model.layers.1.self_attn.swa_cache
3610173418462433,3610173418627264,3610173418628494,3610173418629294,3610173418726345,3610173418737745,3610173418817495,3610173418819645,3610173418826725,0,12,96,1,model.layers.2.self_attn.compressor.state_cache
3610173419401839,3610173419567790,3610173419568910,3610173419569640,3610173419666101,3610173419678251,3610173419756781,3610173419758951,3610173419765761,0,12,96,1,model.layers.2.self_attn.indexer.compressor.state_cache
3610173420502086,3610173420665347,3610173420666727,3610173420667377,3610173420760218,3610173420772198,3610173420850218,3610173420852408,3610173420859599,0,12,96,1,model.layers.3.self_attn.compressor.state_cache
3610173476376679,3610173476906132,3610173476982152,3610173477258954,3610173477364265,3610173477379525,3610173477813908,3610173481591932,3610173481601132,1,12,96,4,model.layers.2.self_attn.indexer.k_cache
3610173482260937,3610173482431418,3610173482432588,3610173482433388,3610173482530908,3610173482544909,3610173482627639,3610173482679129,3610173482686739,0,12,96,4,model.layers.2.self_attn.attn
3610173483374964,3610173483539695,3610173483541015,3610173483541775,3610173483637566,3610173483651636,3610173484053628,3610173484056748,3610173484063848,0,12,96,128,model.layers.3.self_attn.attn
3610173484778083,3610173484955174,3610173484956404,3610173484957234,3610173485053135,3610173485065445,3610173485457447,3610173485460557,3610173485467138,0,12,96,1,model.layers.0.self_attn.swa_cache
3610173486167712,3610173486336323,3610173486337553,3610173486338283,3610173486437664,3610173486449524,3610173486530324,3610173486532394,3610173486539434,0,12,96,1,model.layers.1.self_attn.swa_cache
3610173487326990,3610173487541891,3610173487543381,3610173487544341,3610173487665442,3610173487679712,3610173487779523,3610173487782543,3610173487791523,0,12,96,1,model.layers.2.self_attn.compressor.state_cache
3610173488543397,3610173488751559,3610173488753079,3610173488754009,3610173488873430,3610173488888050,3610173488986550,3610173488989230,3610173488997850,0,12,96,1,model.layers.2.self_attn.indexer.compressor.state_cache
3610173489902146,3610173490115568,3610173490117038,3610173490117868,3610173490239628,3610173490254879,3610173490355229,3610173490357789,3610173490366759,0,12,96,1,model.layers.3.self_attn.compressor.state_cache
3610173544962133,3610173545484177,3610173545561137,3610173545834669,3610173545941370,3610173545957240,3610173546388983,3610173550176037,3610173550185207,1,12,96,4,model.layers.2.self_attn.indexer.k_cache
3610173550846472,3610173551014143,3610173551015493,3610173551016133,3610173551115243,3610173551129423,3610173551213624,3610173551264734,3610173551272444,0,12,96,4,model.layers.2.self_attn.attn
3610173552215000,3610173552444652,3610173552446462,3610173552447412,3610173552581383,3610173552601883,3610173553146226,3610173553151136,3610173553160207,0,12,96,128,model.layers.3.self_attn.attn
3610173554141333,3610173554371404,3610173554373154,3610173554374164,3610173554505685,3610173554522135,3610173555046829,3610173555051759,3610173555061149,0,12,96,1,model.layers.0.self_attn.swa_cache
3610173556030635,3610173556271247,3610173556272687,3610173556273527,3610173556406748,3610173556424088,3610173556532988,3610173556535868,3610173556545748,0,12,96,1,model.layers.1.self_attn.swa_cache
3610173557492365,3610173557722536,3610173557724346,3610173557725186,3610173557857407,3610173557873577,3610173557983668,3610173557986708,3610173557996358,0,12,96,1,model.layers.2.self_attn.compressor.state_cache
3610173558787443,3610173559014534,3610173559016295,3610173559017225,3610173559148185,3610173559164025,3610173559268526,3610173559271616,3610173559281566,0,12,96,1,model.layers.2.self_attn.indexer.compressor.state_cache
3610173560208782,3610173560378873,3610173560380213,3610173560380913,3610173560477614,3610173560489754,3610173560570435,3610173560572435,3610173560579475,0,12,96,1,model.layers.3.self_attn.compressor.state_cache
3610173613818020,3610173614358113,3610173614432274,3610173614708546,3610173614814886,3610173614829616,3610173615271599,3610173618651641,3610173618661981,1,12,96,4,model.layers.2.self_attn.indexer.k_cache
3610173619398036,3610173619589207,3610173619590517,3610173619591397,3610173619702028,3610173619717268,3610173619809639,3610173619866039,3610173619874059,0,12,96,4,model.layers.2.self_attn.attn
3610173620663144,3610173620853056,3610173620854386,3610173620855146,3610173620961406,3610173620976636,3610173621415909,3610173621419559,3610173621427009,0,12,96,128,model.layers.3.self_attn.attn
3610173622220664,3610173622402486,3610173622404026,3610173622404776,3610173622509496,3610173622523056,3610173622946499,3610173622949849,3610173622956939,0,12,96,1,model.layers.0.self_attn.swa_cache
3610173623735884,3610173623919655,3610173623920905,3610173623921635,3610173624039026,3610173624053796,3610173624145657,3610173624148057,3610173624155917,0,12,96,1,model.layers.1.self_attn.swa_cache
3610173624927202,3610173625114953,3610173625116343,3610173625117053,3610173625224544,3610173625238164,3610173625327135,3610173625329535,3610173625337435,0,12,96,1,model.layers.2.self_attn.compressor.state_cache
3610173625975529,3610173626163200,3610173626164480,3610173626165190,3610173626270301,3610173626284651,3610173626373031,3610173626375531,3610173626382781,0,12,96,1,model.layers.2.self_attn.indexer.compressor.state_cache
3610173627224937,3610173627411308,3610173627412728,3610173627413478,3610173627520099,3610173627533659,3610173627621659,3610173627623849,3610173627631900,0,12,96,1,model.layers.3.self_attn.compressor.state_cache
3610173683057509,3610173683602492,3610173683679363,3610173683976565,3610173684100466,3610173684116016,3610173684707570,3610173686833903,3610173686843063,1,12,96,4,model.layers.2.self_attn.indexer.k_cache
3610173687550078,3610173687720239,3610173687721869,3610173687722459,3610173687822520,3610173687837130,3610173687922370,3610173687973051,3610173687981301,0,12,96,4,model.layers.2.self_attn.attn
3610173688711136,3610173688880967,3610173688882387,3610173688883027,3610173688979927,3610173688994327,3610173689386200,3610173689389680,3610173689396630,0,12,96,128,model.layers.3.self_attn.attn
3610173690110265,3610173690277196,3610173690278466,3610173690279096,3610173690417977,3610173690432607,3610173690896920,3610173690900640,3610173690908320,0,12,96,1,model.layers.0.self_attn.swa_cache
3610173691775695,3610173691981117,3610173691982607,3610173691983407,3610173692114158,3610173692129338,3610173692227948,3610173692230488,3610173692238728,0,12,96,1,model.layers.1.self_attn.swa_cache
3610173693030904,3610173693227685,3610173693229265,3610173693230025,3610173693340416,3610173693354406,3610173693447176,3610173693449716,3610173693457976,0,12,96,1,model.layers.2.self_attn.compressor.state_cache
3610173694141411,3610173694335362,3610173694336982,3610173694337782,3610173694447523,3610173694461423,3610173694553563,3610173694556113,3610173694564073,0,12,96,1,model.layers.2.self_attn.indexer.compressor.state_cache
3610173695401749,3610173695598720,3610173695600330,3610173695601090,3610173695714401,3610173695728581,3610173695821152,3610173695824002,3610173695831782,0,12,96,1,model.layers.3.self_attn.compressor.state_cache
3610173750678487,3610173751210061,3610173751290081,3610173751567493,3610173751674974,3610173751691124,3610173752137677,3610173755625789,3610173755638319,1,12,96,4,model.layers.2.self_attn.indexer.k_cache
3610173756513565,3610173756734046,3610173756735747,3610173756736627,3610173756860627,3610173756878567,3610173756989718,3610173757060589,3610173757070679,0,12,96,4,model.layers.2.self_attn.attn
3610173757973995,3610173758194496,3610173758196166,3610173758197116,3610173758320857,3610173758339897,3610173758846420,3610173758851010,3610173758860410,0,12,96,128,model.layers.3.self_attn.attn
3610173759767806,3610173759979538,3610173759981308,3610173759982188,3610173760124228,3610173760141029,3610173760636372,3610173760640642,3610173760649592,0,12,96,1,model.layers.0.self_attn.swa_cache
3610173761563328,3610173761776409,3610173761778289,3610173761779139,3610173761902060,3610173761917640,3610173762019461,3610173762022401,3610173762031681,0,12,96,1,model.layers.1.self_attn.swa_cache
3610173762923987,3610173763136578,3610173763138118,3610173763138998,3610173763294579,3610173763306349,3610173763387900,3610173763389800,3610173763396610,0,12,96,1,model.layers.2.self_attn.compressor.state_cache
3610173763985784,3610173764175925,3610173764177375,3610173764178005,3610173764275065,3610173764287555,3610173764369226,3610173764371656,3610173764379026,0,12,96,1,model.layers.2.self_attn.indexer.compressor.state_cache
3610173765134591,3610173765299482,3610173765300772,3610173765301592,3610173765401723,3610173765414303,3610173765495303,3610173765497513,3610173765504733,0,12,96,1,model.layers.3.self_attn.compressor.state_cache
3610173819538674,3610173820076977,3610173820152928,3610173820491990,3610173820606071,3610173820621451,3610173821289275,3610173823559690,3610173823569510,1,12,96,4,model.layers.2.self_attn.indexer.k_cache
3610173824277224,3610173824447145,3610173824448435,3610173824449135,3610173824546876,3610173824560296,3610173824644237,3610173824698247,3610173824705957,0,12,96,4,model.layers.2.self_attn.attn
3610173825411082,3610173825579273,3610173825580453,3610173825581123,3610173825676473,3610173825690894,3610173826090546,3610173826094136,3610173826101066,0,12,96,128,model.layers.3.self_attn.attn
3610173826823861,3610173826991522,3610173826992902,3610173826993632,3610173827089553,3610173827101953,3610173827497125,3610173827500565,3610173827507295,0,12,96,1,model.layers.0.self_attn.swa_cache
3610173828256680,3610173828432511,3610173828433821,3610173828434481,3610173828578052,3610173828592752,3610173828690243,3610173828692903,3610173828701353,0,12,96,1,model.layers.1.self_attn.swa_cache
3610173829552879,3610173829763210,3610173829764750,3610173829765620,3610173829884451,3610173829899481,3610173829996541,3610173829999181,3610173830007552,0,12,96,1,model.layers.2.self_attn.compressor.state_cache
3610173830714006,3610173830912547,3610173830914067,3610173830914837,3610173831031878,3610173831046568,3610173831143729,3610173831146249,3610173831154839,0,12,96,1,model.layers.2.self_attn.indexer.compressor.state_cache
3610173832056855,3610173832272756,3610173832274146,3610173832274976,3610173832391857,3610173832406347,3610173832501378,3610173832503958,3610173832512898,0,12,96,1,model.layers.3.self_attn.compressor.state_cache
3610173887380203,3610173887913097,3610173887990147,3610173888278189,3610173888386980,3610173888402220,3610173888871343,3610173892154464,3610173892164024,1,12,96,4,model.layers.2.self_attn.indexer.k_cache
3610173892834499,3610173893004120,3610173893005560,3610173893006300,3610173893103981,3610173893117781,3610173893201981,3610173893254142,3610173893262032,0,12,96,4,model.layers.2.self_attn.attn
3610173894181418,3610173894406049,3610173894407829,3610173894408609,3610173894535040,3610173894553380,3610173895060663,3610173895064603,3610173895073603,0,12,96,128,model.layers.3.self_attn.attn
3610173896023349,3610173896250851,3610173896252551,3610173896253561,3610173896378592,3610173896394112,3610173896904415,3610173896908875,3610173896918075,0,12,96,1,model.layers.0.self_attn.swa_cache
3610173897846591,3610173898061013,3610173898062783,3610173898063623,3610173898190644,3610173898206704,3610173898313104,3610173898315884,3610173898325404,0,12,96,1,model.layers.1.self_attn.swa_cache
3610173899229760,3610173899449902,3610173899451552,3610173899452572,3610173899577622,3610173899593603,3610173899698613,3610173899701343,3610173899710763,0,12,96,1,model.layers.2.self_attn.compressor.state_cache
3610173900488608,3610173900715080,3610173900716700,3610173900717680,3610173900843541,3610173900859521,3610173900965091,3610173900967902,3610173900976812,0,12,96,1,model.layers.2.self_attn.indexer.compressor.state_cache
3610173901925578,3610173902094099,3610173902095379,3610173902095989,3610173902191449,3610173902203850,3610173902283680,3610173902285830,3610173902292710,0,12,96,1,model.layers.3.self_attn.compressor.state_cache
3610173956448441,3610173956979115,3610173957056305,3610173957330667,3610173957441818,3610173957457138,3610173957898851,3610173961171142,3610173961180822,1,12,96,4,model.layers.2.self_attn.indexer.k_cache
3610173961889286,3610173962058328,3610173962059488,3610173962060188,3610173962160008,3610173962174268,3610173962259299,3610173962310249,3610173962318439,0,12,96,4,model.layers.2.self_attn.attn
3610173963034864,3610173963204065,3610173963205385,3610173963206115,3610173963304486,3610173963318706,3610173963718168,3610173963721198,3610173963728298,0,12,96,128,model.layers.3.self_attn.attn
3610173964477363,3610173964638634,3610173964640024,3610173964640704,3610173964738795,3610173964750925,3610173965158328,3610173965161568,3610173965168818,0,12,96,1,model.layers.0.self_attn.swa_cache
3610173965887172,3610173966057873,3610173966059133,3610173966059823,3610173966158464,3610173966170714,3610173966252605,3610173966254865,3610173966261865,0,12,96,1,model.layers.1.self_attn.swa_cache
3610173967128350,3610173967331032,3610173967332742,3610173967333662,3610173967450952,3610173967466153,3610173967564843,3610173967567563,3610173967576553,0,12,96,1,model.layers.2.self_attn.compressor.state_cache
3610173968300148,3610173968503169,3610173968504849,3610173968505659,3610173968620840,3610173968635770,3610173968731371,3610173968734241,3610173968743001,0,12,96,1,model.layers.2.self_attn.indexer.compressor.state_cache
3610173969624637,3610173969834228,3610173969835908,3610173969836718,3610173969953759,3610173969969029,3610173970067039,3610173970069999,3610173970078340,0,12,96,1,model.layers.3.self_attn.compressor.state_cache
3610174024901225,3610174025420608,3610174025496629,3610174025764911,3610174025876031,3610174025890191,3610174026320634,3610174028986401,3610174028995581,1,12,96,4,model.layers.2.self_attn.indexer.k_cache
3610174029658536,3610174029828387,3610174029829697,3610174029830477,3610174029932178,3610174029946358,3610174030030388,3610174030081598,3610174030089519,0,12,96,4,model.layers.2.self_attn.attn
3610174030803373,3610174030972574,3610174030974024,3610174030974784,3610174031070925,3610174031085135,3610174031483478,3610174031486928,3610174031493988,0,12,96,128,model.layers.3.self_attn.attn
3610174032392913,3610174032603685,3610174032605155,3610174032606075,3610174032724246,3610174032739306,3610174033219199,3610174033222799,3610174033231069,0,12,96,1,model.layers.0.self_attn.swa_cache
3610174034132195,3610174034333466,3610174034334886,3610174034335736,3610174034451397,3610174034465487,3610174034565058,3610174034567788,3610174034576588,0,12,96,1,model.layers.1.self_attn.swa_cache
3610174035421653,3610174035626144,3610174035627594,3610174035628494,3610174035743915,3610174035758305,3610174035853646,3610174035856496,3610174035865236,0,12,96,1,model.layers.2.self_attn.compressor.state_cache
3610174036587711,3610174036794022,3610174036795622,3610174036796512,3610174036914273,3610174036929083,3610174037024233,3610174037026924,3610174037035654,0,12,96,1,model.layers.2.self_attn.indexer.compressor.state_cache
3610174037907959,3610174038113031,3610174038114451,3610174038115351,3610174038230811,3610174038245301,3610174038342722,3610174038345372,3610174038353972,0,12,96,1,model.layers.3.self_attn.compressor.state_cache
3610174092912426,3610174093436829,3610174093510730,3610174093778041,3610174093885322,3610174093899702,3610174094334225,3610174097213144,3610174097222574,1,12,96,4,model.layers.2.self_attn.indexer.k_cache
3610174097893878,3610174098065939,3610174098067199,3610174098067919,3610174098167470,3610174098181310,3610174098267061,3610174098321321,3610174098329091,0,12,96,4,model.layers.2.self_attn.attn
3610174099154316,3610174099373558,3610174099375098,3610174099376088,3610174099499949,3610174099518919,3610174100055182,3610174100059642,3610174100068762,0,12,96,128,model.layers.3.self_attn.attn
3610174101035918,3610174101261670,3610174101263180,3610174101264270,3610174101387051,3610174101403491,3610174101918694,3610174101923014,3610174101931624,0,12,96,1,model.layers.0.self_attn.swa_cache
3610174102843020,3610174103055022,3610174103056532,3610174103057532,3610174103181282,3610174103196622,3610174103299203,3610174103302123,3610174103311113,0,12,96,1,model.layers.1.self_attn.swa_cache
3610174104224489,3610174104441661,3610174104443181,3610174104444071,3610174104568921,3610174104584301,3610174104688362,3610174104690962,3610174104699952,0,12,96,1,model.layers.2.self_attn.compressor.state_cache
3610174105441567,3610174105654158,3610174105655628,3610174105656548,3610174105777739,3610174105792919,3610174105895270,3610174105898320,3610174105907300,0,12,96,1,model.layers.2.self_attn.indexer.compressor.state_cache
3610174106832676,3610174107048737,3610174107050087,3610174107050857,3610174107211798,3610174107224119,3610174107305279,3610174107307249,3610174107314049,0,12,96,1,model.layers.3.self_attn.compressor.state_cache
3610174161166278,3610174161688952,3610174161765022,3610174162042414,3610174162441977,3610174162458737,3610174162922290,3610174164680411,3610174164689901,1,12,96,4,model.layers.2.self_attn.indexer.k_cache
3610174165455076,3610174165643177,3610174165644597,3610174165645327,3610174165752338,3610174165767748,3610174165861669,3610174165919549,3610174165928809,0,12,96,4,model.layers.2.self_attn.attn
3610174166723244,3610174166912636,3610174166914226,3610174166914966,3610174167021616,3610174167037606,3610174167473449,3610174167477389,3610174167484859,0,12,96,128,model.layers.3.self_attn.attn
3610174168327545,3610174168521376,3610174168522666,3610174168523496,3610174168631697,3610174168645927,3610174169086230,3610174169090020,3610174169097990,0,12,96,1,model.layers.0.self_attn.swa_cache
3610174169891875,3610174170083196,3610174170084656,3610174170085496,3610174170192577,3610174170205937,3610174170295837,3610174170298197,3610174170306188,0,12,96,1,model.layers.1.self_attn.swa_cache
3610174171079703,3610174171264644,3610174171266014,3610174171266784,3610174171372274,3610174171385715,3610174171471595,3610174171474135,3610174171482305,0,12,96,1,model.layers.2.self_attn.compressor.state_cache
3610174172145239,3610174172331991,3610174172333291,3610174172334061,3610174172443181,3610174172456931,3610174172547082,3610174172549482,3610174172557162,0,12,96,1,model.layers.2.self_attn.indexer.compressor.state_cache
3610174173398888,3610174173567159,3610174173568389,3610174173569029,3610174173665919,3610174173677989,3610174173757470,3610174173759540,3610174173766560,0,12,96,1,model.layers.3.self_attn.compressor.state_cache
3610174228616536,3610174229140699,3610174229216759,3610174229484331,3610174229591872,3610174229606672,3610174230029875,3610174233766299,3610174233775529,1,12,96,4,model.layers.2.self_attn.indexer.k_cache
3610174234426923,3610174234596784,3610174234598174,3610174234598824,3610174234695485,3610174234709625,3610174234795246,3610174234855636,3610174234864166,0,12,96,4,model.layers.2.self_attn.attn
3610174235593991,3610174235773972,3610174235775332,3610174235776072,3610174235873683,3610174235888513,3610174236323265,3610174236326705,3610174236333786,0,12,96,128,model.layers.3.self_attn.attn
3610174237054160,3610174237221841,3610174237223251,3610174237223991,3610174237320032,3610174237332492,3610174237721215,3610174237724465,3610174237730915,0,12,96,1,model.layers.0.self_attn.swa_cache
3610174238672391,3610174238914522,3610174238916362,3610174238917392,3610174239054813,3610174239072683,3610174239189934,3610174239193064,3610174239203864,0,12,96,1,model.layers.1.self_attn.swa_cache
3610174240227341,3610174240469942,3610174240471722,3610174240472642,3610174240613883,3610174240631253,3610174240747704,3610174240751054,3610174240761514,0,12,96,1,model.layers.2.self_attn.compressor.state_cache
3610174241613020,3610174241852891,3610174241854611,3610174241855561,3610174241994782,3610174242012432,3610174242129983,3610174242133133,3610174242143693,0,12,96,1,model.layers.2.self_attn.indexer.compressor.state_cache
3610174243180570,3610174243424502,3610174243426322,3610174243427232,3610174243567922,3610174243586043,3610174243704493,3610174243707753,3610174243718003,0,12,96,1,model.layers.3.self_attn.compressor.state_cache
3610174298230157,3610174298756580,3610174298830331,3610174299095152,3610174299202923,3610174299218073,3610174299662626,3610174302441394,3610174302450704,1,12,96,4,model.layers.2.self_attn.indexer.k_cache
3610174303101158,3610174303278600,3610174303279980,3610174303280940,3610174303380390,3610174303394290,3610174303479121,3610174303533671,3610174303541771,0,12,96,4,model.layers.2.self_attn.attn
3610174304414977,3610174304624528,3610174304626278,3610174304627248,3610174304748139,3610174304766399,3610174305261922,3610174305266062,3610174305274712,0,12,96,128,model.layers.3.self_attn.attn
3610174306172798,3610174306392000,3610174306393660,3610174306394500,3610174306520411,3610174306535851,3610174307044164,3610174307048334,3610174307057114,0,12,96,1,model.layers.0.self_attn.swa_cache
3610174307983660,3610174308224062,3610174308225712,3610174308226602,3610174308350152,3610174308366022,3610174308467203,3610174308469893,3610174308479013,0,12,96,1,model.layers.1.self_attn.swa_cache
3610174309364239,3610174309575090,3610174309576550,3610174309577400,3610174309699951,3610174309715861,3610174309819112,3610174309821812,3610174309830862,0,12,96,1,model.layers.2.self_attn.compressor.state_cache
3610174310568737,3610174310778698,3610174310780298,3610174310781198,3610174310902149,3610174310917029,3610174311019400,3610174311022230,3610174311030820,0,12,96,1,model.layers.2.self_attn.indexer.compressor.state_cache
3610174311946966,3610174312269468,3610174312270898,3610174312271588,3610174312372538,3610174312385339,3610174312467309,3610174312469429,3610174312477019,0,12,96,1,model.layers.3.self_attn.compressor.state_cache
3610174366208967,3610174366734101,3610174366809901,3610174367071793,3610174367177804,3610174367193164,3610174367616927,3610174371549872,3610174371560092,1,12,96,4,model.layers.2.self_attn.indexer.k_cache
3610174372284077,3610174372471468,3610174372473058,3610174372473798,3610174372582769,3610174372598169,3610174372688459,3610174372743430,3610174372752210,0,12,96,4,model.layers.2.self_attn.attn
3610174373517935,3610174373709846,3610174373711376,3610174373712186,3610174373816357,3610174373832527,3610174374269270,3610174374273080,3610174374280630,0,12,96,128,model.layers.3.self_attn.attn
3610174375074055,3610174375254486,3610174375255816,3610174375256666,3610174375359687,3610174375372977,3610174375793160,3610174375796590,3610174375804210,0,12,96,1,model.layers.0.self_attn.swa_cache
3610174376602385,3610174376795556,3610174376796896,3610174376797716,3610174376902577,3610174376915697,3610174377004357,3610174377006957,3610174377014898,0,12,96,1,model.layers.1.self_attn.swa_cache
3610174377851713,3610174378050354,3610174378051774,3610174378052614,3610174378164145,3610174378178565,3610174378273486,3610174378276206,3610174378284696,0,12,96,1,model.layers.2.self_attn.compressor.state_cache
3610174378968230,3610174379165591,3610174379167081,3610174379167881,3610174379279572,3610174379293332,3610174379385873,3610174379388483,3610174379396913,0,12,96,1,model.layers.2.self_attn.indexer.compressor.state_cache
3610174380254219,3610174380421030,3610174380422450,3610174380423220,3610174380530040,3610174380543560,3610174380626971,3610174380629451,3610174380637631,0,12,96,1,model.layers.3.self_attn.compressor.state_cache
3610174437619600,3610174438170374,3610174438248354,3610174438526486,3610174438636317,3610174438651017,3610174439085840,3610174439830345,3610174439839345,1,12,96,4,model.layers.2.self_attn.indexer.k_cache
3610174440530109,3610174440700080,3610174440701400,3610174440702160,3610174440802061,3610174440816031,3610174440899962,3610174440951122,3610174440958972,0,12,96,4,model.layers.2.self_attn.attn
3610174441688887,3610174441857598,3610174441858808,3610174441859458,3610174441955969,3610174441970159,3610174442363581,3610174442367251,3610174442374141,0,12,96,128,model.layers.3.self_attn.attn
3610174443108716,3610174443274057,3610174443275367,3610174443276047,3610174443371548,3610174443383918,3610174443778980,3610174443782520,3610174443789210,0,12,96,1,model.layers.0.self_attn.swa_cache
3610174444547705,3610174444715726,3610174444716936,3610174444717596,3610174444814757,3610174444826907,3610174444908068,3610174444910308,3610174444918058,0,12,96,1,model.layers.1.self_attn.swa_cache
3610174445626942,3610174445796313,3610174445797623,3610174445798453,3610174445895194,3610174445907624,3610174445989795,3610174445992195,3610174445999325,0,12,96,1,model.layers.2.self_attn.compressor.state_cache
3610174446593649,3610174446760450,3610174446761650,3610174446762400,3610174446860860,3610174446872870,3610174446953801,3610174446956221,3610174446963161,0,12,96,1,model.layers.2.self_attn.indexer.compressor.state_cache
3610174447695416,3610174447861827,3610174447863187,3610174447863857,3610174447961577,3610174447973318,3610174448065868,3610174448068408,3610174448075878,0,12,96,1,model.layers.3.self_attn.compressor.state_cache
3610174502240319,3610174502765373,3610174502841363,3610174503119425,3610174503227836,3610174503242866,3610174503681379,3610174507386643,3610174507396223,1,12,96,4,model.layers.2.self_attn.indexer.k_cache
3610174508075987,3610174508248508,3610174508249718,3610174508250458,3610174508351589,3610174508365329,3610174508448720,3610174508500170,3610174508508240,0,12,96,4,model.layers.2.self_attn.attn
3610174509222965,3610174509394756,3610174509395966,3610174509396756,3610174509495036,3610174509509086,3610174509898069,3610174509901569,3610174509908759,0,12,96,128,model.layers.3.self_attn.attn
3610174510752984,3610174511005116,3610174511006886,3610174511007886,3610174511148787,3610174511165707,3610174511739881,3610174511744701,3610174511754291,0,12,96,1,model.layers.0.self_attn.swa_cache
3610174512793898,3610174513043469,3610174513045289,3610174513046199,3610174513188300,3610174513206500,3610174513322671,3610174513325661,3610174513336351,0,12,96,1,model.layers.1.self_attn.swa_cache
3610174514337178,3610174514582809,3610174514584639,3610174514585669,3610174514723980,3610174514741570,3610174514859541,3610174514862721,3610174514873241,0,12,96,1,model.layers.2.self_attn.compressor.state_cache
3610174515775087,3610174516026979,3610174516028719,3610174516029689,3610174516170820,3610174516187860,3610174516307230,3610174516310400,3610174516320831,0,12,96,1,model.layers.2.self_attn.indexer.compressor.state_cache
3610174517372117,3610174517622919,3610174517624979,3610174517626029,3610174517764000,3610174517780760,3610174517897091,3610174517900171,3610174517911001,0,12,96,1,model.layers.3.self_attn.compressor.state_cache
3610174572074302,3610174572605885,3610174572685566,3610174572952778,3610174573363500,3610174573379790,3610174573875724,3610174575690685,3610174575700375,1,12,96,4,model.layers.2.self_attn.indexer.k_cache
3610174576576631,3610174576783223,3610174576784673,3610174576785573,3610174576901143,3610174576917163,3610174577015684,3610174577077704,3610174577087024,0,12,96,4,model.layers.2.self_attn.attn
3610174577910650,3610174578109061,3610174578110541,3610174578111361,3610174578225742,3610174578242932,3610174578707795,3610174578711495,3610174578719875,0,12,96,128,model.layers.3.self_attn.attn
3610174579565001,3610174579764422,3610174579765952,3610174579766722,3610174579878493,3610174579893383,3610174580358856,3610174580363056,3610174580371316,0,12,96,1,model.layers.0.self_attn.swa_cache
3610174581190291,3610174581386432,3610174581387912,3610174581388682,3610174581500703,3610174581514533,3610174581609314,3610174581611874,3610174581620494,0,12,96,1,model.layers.1.self_attn.swa_cache
3610174582422349,3610174582619360,3610174582620840,3610174582621580,3610174582734451,3610174582748591,3610174582842552,3610174582845022,3610174582853442,0,12,96,1,model.layers.2.self_attn.compressor.state_cache
3610174583529406,3610174583757958,3610174583759348,3610174583760068,3610174583855758,3610174583867798,3610174583947099,3610174583949349,3610174583956649,0,12,96,1,model.layers.2.self_attn.indexer.compressor.state_cache
3610174584692314,3610174584859155,3610174584860455,3610174584861125,3610174584956576,3610174584967946,3610174585048056,3610174585050406,3610174585058366,0,12,96,1,model.layers.3.self_attn.compressor.state_cache
3610174638868065,3610174639391178,3610174639467189,3610174639744741,3610174639853581,3610174639868501,3610174640314254,3610174643630086,3610174643639456,1,12,96,4,model.layers.2.self_attn.indexer.k_cache
3610174644361131,3610174644535182,3610174644536462,3610174644537132,3610174644638102,3610174644652512,3610174644737233,3610174644788623,3610174644796633,0,12,96,4,model.layers.2.self_attn.attn
3610174645513038,3610174645677179,3610174645678339,3610174645679009,3610174645776870,3610174645791500,3610174646199883,3610174646203033,3610174646210233,0,12,96,128,model.layers.3.self_attn.attn
3610174646935857,3610174647110468,3610174647111678,3610174647112388,3610174647212039,3610174647224299,3610174647616402,3610174647619912,3610174647626502,0,12,96,1,model.layers.0.self_attn.swa_cache
3610174648362377,3610174648533168,3610174648534438,3610174648535148,3610174648634188,3610174648646368,3610174648730059,3610174648732239,3610174648739459,0,12,96,1,model.layers.1.self_attn.swa_cache
3610174649487274,3610174649693895,3610174649695575,3610174649696455,3610174649816146,3610174649831576,3610174649931717,3610174649934237,3610174649942717,0,12,96,1,model.layers.2.self_attn.compressor.state_cache
3610174650653521,3610174650856803,3610174650858313,3610174650859223,3610174650974913,3610174650989034,3610174651085774,3610174651088404,3610174651096934,0,12,96,1,model.layers.2.self_attn.indexer.compressor.state_cache
3610174651971770,3610174652188301,3610174652189831,3610174652190611,3610174652306732,3610174652321062,3610174652417753,3610174652420433,3610174652429003,0,12,96,1,model.layers.3.self_attn.compressor.state_cache
3610174707343309,3610174707872572,3610174707949823,3610174708230845,3610174708341175,3610174708355635,3610174708787538,3610174711610716,3610174711619996,1,12,96,4,model.layers.2.self_attn.indexer.k_cache
3610174712302221,3610174712474212,3610174712475422,3610174712476122,3610174712574053,3610174712588233,3610174712672443,3610174712724084,3610174712731754,0,12,96,4,model.layers.2.self_attn.attn
3610174713446988,3610174713616329,3610174713617679,3610174713618349,3610174713714370,3610174713728490,3610174714128123,3610174714131353,3610174714138243,0,12,96,128,model.layers.3.self_attn.attn
3610174714872308,3610174715042019,3610174715043279,3610174715043919,3610174715140749,3610174715152439,3610174715550862,3610174715554412,3610174715561142,0,12,96,1,model.layers.0.self_attn.swa_cache
3610174716505398,3610174716717380,3610174716718830,3610174716719660,3610174716842080,3610174716857630,3610174716960001,3610174716962831,3610174716972041,0,12,96,1,model.layers.1.self_attn.swa_cache
3610174717903287,3610174718116019,3610174718117739,3610174718118669,3610174718240329,3610174718255379,3610174718358320,3610174718361050,3610174718370040,0,12,96,1,model.layers.2.self_attn.compressor.state_cache
3610174719119075,3610174719328866,3610174719330346,3610174719331166,3610174719453147,3610174719468037,3610174719568748,3610174719571618,3610174719580308,0,12,96,1,model.layers.2.self_attn.indexer.compressor.state_cache
3610174720511854,3610174720728706,3610174720730296,3610174720731156,3610174720853706,3610174720868696,3610174720968297,3610174720970867,3610174720980167,0,12,96,1,model.layers.3.self_attn.compressor.state_cache
3610174775569101,3610174776118204,3610174776197805,3610174776479227,3610174776593038,3610174776608088,3610174777141581,3610174779313385,3610174779322845,1,12,96,4,model.layers.2.self_attn.indexer.k_cache
3610174780033410,3610174780215621,3610174780216971,3610174780217691,3610174780317132,3610174780331872,3610174780416522,3610174780469483,3610174780477173,0,12,96,4,model.layers.2.self_attn.attn
3610174781268438,3610174781462949,3610174781464339,3610174781465229,3610174781578480,3610174781595390,3610174782062763,3610174782066563,3610174782074523,0,12,96,128,model.layers.3.self_attn.attn
3610174782915528,3610174783117960,3610174783119610,3610174783120490,3610174783232461,3610174783246621,3610174783712964,3610174783717054,3610174783725054,0,12,96,1,model.layers.0.self_attn.swa_cache
3610174784580399,3610174784775951,3610174784777211,3610174784778041,3610174784889511,3610174784903651,3610174784995042,3610174784997582,3610174785005892,0,12,96,1,model.layers.1.self_attn.swa_cache
3610174785818117,3610174786007829,3610174786009369,3610174786010299,3610174786120969,3610174786135019,3610174786228030,3610174786230510,3610174786238570,0,12,96,1,model.layers.2.self_attn.compressor.state_cache
3610174786917554,3610174787118866,3610174787120466,3610174787121456,3610174787234086,3610174787247977,3610174787340137,3610174787342747,3610174787350637,0,12,96,1,model.layers.2.self_attn.indexer.compressor.state_cache
3610174788208863,3610174788406554,3610174788408044,3610174788408884,3610174788519345,3610174788533415,3610174788624545,3610174788627015,3610174788635296,0,12,96,1,model.layers.3.self_attn.compressor.state_cache
3610174842806767,3610174843334490,3610174843411080,3610174843681252,3610174843794713,3610174843810273,3610174844407707,3610174846579141,3610174846590211,1,12,96,4,model.layers.2.self_attn.indexer.k_cache
3610174847365046,3610174847569837,3610174847571417,3610174847572167,3610174847686338,3610174847702878,3610174847802179,3610174847863459,3610174847872299,0,12,96,4,model.layers.2.self_attn.attn
3610174848721145,3610174848914136,3610174848915786,3610174848916526,3610174849026777,3610174849043427,3610174849505860,3610174849509260,3610174849516860,0,12,96,128,model.layers.3.self_attn.attn
3610174850347595,3610174850543537,3610174850545177,3610174850546027,3610174850657577,3610174850672078,3610174851133791,3610174851137841,3610174851145461,0,12,96,1,model.layers.0.self_attn.swa_cache
3610174851980766,3610174852202197,3610174852203777,3610174852204587,3610174852317668,3610174852331738,3610174852426549,3610174852429209,3610174852437269,0,12,96,1,model.layers.1.self_attn.swa_cache
3610174853243364,3610174853434335,3610174853435845,3610174853436575,3610174853550256,3610174853564816,3610174853658757,3610174853661307,3610174853669457,0,12,96,1,model.layers.2.self_attn.compressor.state_cache
3610174854322201,3610174854487602,3610174854488862,3610174854489512,3610174854584483,3610174854596803,3610174854677133,3610174854679283,3610174854686364,0,12,96,1,model.layers.2.self_attn.indexer.compressor.state_cache
3610174855414818,3610174855583909,3610174855585229,3610174855586169,3610174855684140,3610174855696620,3610174855777601,3610174855780051,3610174855787201,0,12,96,1,model.layers.3.self_attn.compressor.state_cache
3610174909651130,3610174910189723,3610174910266994,3610174910541765,3610174910650476,3610174910664876,3610174911108989,3610174913777686,3610174913786826,1,12,96,4,model.layers.2.self_attn.indexer.k_cache
3610174914492541,3610174914665282,3610174914666682,3610174914667322,3610174914763753,3610174914778173,3610174914863603,3610174914914604,3610174914922144,0,12,96,4,model.layers.2.self_attn.attn
3610174915633758,3610174915807540,3610174915808790,3610174915809380,3610174915906460,3610174915920750,3610174916345343,3610174916348553,3610174916355243,0,12,96,128,model.layers.3.self_attn.attn
3610174917085958,3610174917253349,3610174917254509,3610174917255129,3610174917354370,3610174917366690,3610174917771282,3610174917774542,3610174917781202,0,12,96,1,model.layers.0.self_attn.swa_cache
3610174918501717,3610174918670638,3610174918671858,3610174918672498,3610174918771369,3610174918783959,3610174918969930,3610174918972840,3610174918981410,0,12,96,1,model.layers.1.self_attn.swa_cache
3610174919822806,3610174920037707,3610174920039297,3610174920040147,3610174920160318,3610174920174968,3610174920273509,3610174920276139,3610174920285139,0,12,96,1,model.layers.2.self_attn.compressor.state_cache
3610174920997613,3610174921200315,3610174921201835,3610174921202635,3610174921318435,3610174921332615,3610174921432196,3610174921434696,3610174921443056,0,12,96,1,model.layers.2.self_attn.indexer.compressor.state_cache
3610174922317112,3610174922518983,3610174922520353,3610174922521083,3610174922639174,3610174922654124,3610174922750265,3610174922752585,3610174922761505,0,12,96,1,model.layers.3.self_attn.compressor.state_cache
3610174977431079,3610174977956622,3610174978033523,3610174978307875,3610174978416535,3610174978431235,3610174979128480,3610174981355964,3610174981365394,1,12,96,4,model.layers.2.self_attn.indexer.k_cache
3610174982037589,3610174982213130,3610174982214420,3610174982215130,3610174982312591,3610174982326821,3610174982409761,3610174982459121,3610174982466602,0,12,96,4,model.layers.2.self_attn.attn
3610174983170716,3610174983342947,3610174983344167,3610174983344797,3610174983440848,3610174983455578,3610174983849020,3610174983852551,3610174983859711,0,12,96,128,model.layers.3.self_attn.attn
3610174984840257,3610174985045148,3610174985046678,3610174985047478,3610174985165459,3610174985180379,3610174985669012,3610174985673062,3610174985681152,0,12,96,1,model.layers.0.self_attn.swa_cache
3610174986541298,3610174986739739,3610174986741159,3610174986741959,3610174986859360,3610174986873860,3610174986971751,3610174986974351,3610174986983321,0,12,96,1,model.layers.1.self_attn.swa_cache
3610174987824056,3610174988055348,3610174988056918,3610174988057818,3610174988175659,3610174988189379,3610174988285509,3610174988288219,3610174988296869,0,12,96,1,model.layers.2.self_attn.compressor.state_cache
3610174989009124,3610174989209145,3610174989210755,3610174989211635,3610174989327746,3610174989342766,3610174989437647,3610174989440397,3610174989448797,0,12,96,1,model.layers.2.self_attn.indexer.compressor.state_cache
3610174990328412,3610174990530534,3610174990532134,3610174990533074,3610174990649135,3610174990663935,3610174990762795,3610174990765695,3610174990774345,0,12,96,1,model.layers.3.self_attn.compressor.state_cache
3610175044831836,3610175045606381,3610175045683101,3610175045975333,3610175046087274,3610175046101984,3610175046577317,3610175047763475,3610175047772375,1,12,96,4,model.layers.2.self_attn.indexer.k_cache
3610175048455129,3610175048626720,3610175048627860,3610175048628580,3610175048726141,3610175048739751,3610175048823911,3610175048875422,3610175048882712,0,12,96,4,model.layers.2.self_attn.attn
3610175049588086,3610175049758898,3610175049760158,3610175049760958,3610175049856318,3610175049870038,3610175050273581,3610175050276551,3610175050282951,0,12,96,128,model.layers.3.self_attn.attn
3610175051050816,3610175051220417,3610175051221627,3610175051222307,3610175051321668,3610175051334228,3610175051752530,3610175051755740,3610175051762141,0,12,96,1,model.layers.0.self_attn.swa_cache
3610175052513435,3610175052686527,3610175052687677,3610175052688397,3610175052788047,3610175052800497,3610175052883698,3610175052885818,3610175052892818,0,12,96,1,model.layers.1.self_attn.swa_cache
3610175053639893,3610175053814634,3610175053815714,3610175053816404,3610175053916234,3610175053928115,3610175054011135,3610175054013085,3610175054019735,0,12,96,1,model.layers.2.self_attn.compressor.state_cache
3610175054621599,3610175054794770,3610175054795930,3610175054796600,3610175054897881,3610175054910271,3610175054991161,3610175054993151,3610175055000042,0,12,96,1,model.layers.2.self_attn.indexer.compressor.state_cache
3610175055751596,3610175055926218,3610175055927288,3610175055927968,3610175056037638,3610175056050598,3610175056135809,3610175056137659,3610175056144519,0,12,96,1,model.layers.3.self_attn.compressor.state_cache
3610175109552545,3610175110068048,3610175110143209,3610175110409021,3610175110516501,3610175110531191,3610175110970054,3610175114206425,3610175114215205,1,12,96,4,model.layers.2.self_attn.indexer.k_cache
3610175114882040,3610175115056571,3610175115057841,3610175115058531,3610175115155921,3610175115169981,3610175115252532,3610175115302182,3610175115309852,0,12,96,4,model.layers.2.self_attn.attn
3610175116027587,3610175116203188,3610175116204558,3610175116205288,3610175116300729,3610175116315329,3610175116714521,3610175116717731,3610175116724251,0,12,96,128,model.layers.3.self_attn.attn
3610175117704018,3610175117928209,3610175117929699,3610175117930619,3610175118055980,3610175118071890,3610175118588274,3610175118592344,3610175118601074,0,12,96,1,model.layers.0.self_attn.swa_cache
3610175119511680,3610175119733381,3610175119734791,3610175119735631,3610175119865032,3610175119881032,3610175119986043,3610175119988853,3610175119997783,0,12,96,1,model.layers.1.self_attn.swa_cache
3610175120911709,3610175121129900,3610175121131560,3610175121132480,3610175121258191,3610175121273411,3610175121379222,3610175121381692,3610175121390932,0,12,96,1,model.layers.2.self_attn.compressor.state_cache
3610175122148367,3610175122365518,3610175122367008,3610175122367858,3610175122491269,3610175122506239,3610175122607530,3610175122610360,3610175122618900,0,12,96,1,model.layers.2.self_attn.indexer.compressor.state_cache
3610175123552316,3610175123768057,3610175123769657,3610175123770667,3610175123894248,3610175123909048,3610175124023139,3610175124025739,3610175124034499,0,12,96,1,model.layers.3.self_attn.compressor.state_cache
3610175177552756,3610175178075269,3610175178150990,3610175178418071,3610175178808504,3610175178824644,3610175179311327,3610175181105019,3610175181113579,1,12,96,4,model.layers.2.self_attn.indexer.k_cache
3610175181753213,3610175181921744,3610175181923014,3610175181923724,3610175182020125,3610175182033385,3610175182115285,3610175182168116,3610175182175476,0,12,96,4,model.layers.2.self_attn.attn
3610175182972131,3610175183165512,3610175183166812,3610175183167812,3610175183279703,3610175183295913,3610175183767896,3610175183771506,3610175183778816,0,12,96,128,model.layers.3.self_attn.attn
3610175184633121,3610175184826483,3610175184828103,3610175184828873,3610175184943624,3610175184958404,3610175185418447,3610175185421697,3610175185429117,0,12,96,1,model.layers.0.self_attn.swa_cache
3610175186248782,3610175186441663,3610175186443113,3610175186443933,3610175186556554,3610175186570194,3610175186661095,3610175186663415,3610175186671165,0,12,96,1,model.layers.1.self_attn.swa_cache
3610175187471570,3610175187664501,3610175187665891,3610175187666711,3610175187777672,3610175187791082,3610175187883713,3610175187886073,3610175187893813,0,12,96,1,model.layers.2.self_attn.compressor.state_cache
3610175188578707,3610175188765878,3610175188767428,3610175188768398,3610175188880289,3610175188894079,3610175188987900,3610175188990230,3610175188997860,0,12,96,1,model.layers.2.self_attn.indexer.compressor.state_cache
3610175189827575,3610175190018366,3610175190019826,3610175190020576,3610175190129327,3610175190143447,3610175190235018,3610175190237218,3610175190245128,0,12,96,1,model.layers.3.self_attn.compressor.state_cache
3610175243707394,3610175244234968,3610175244309238,3610175244575180,3610175244681481,3610175244695821,3610175245392035,3610175247612460,3610175247621440,1,12,96,4,model.layers.2.self_attn.indexer.k_cache
3610175248525236,3610175248732137,3610175248733897,3610175248734707,3610175248852918,3610175248869708,3610175248970988,3610175249032899,3610175249041639,0,12,96,4,model.layers.2.self_attn.attn
3610175249906164,3610175250107086,3610175250108586,3610175250109366,3610175250226607,3610175250243757,3610175250742520,3610175250746490,3610175250754320,0,12,96,128,model.layers.3.self_attn.attn
3610175251632956,3610175251837927,3610175251839477,3610175251840317,3610175251957108,3610175251971518,3610175252468571,3610175252472361,3610175252481071,0,12,96,1,model.layers.0.self_attn.swa_cache
3610175253340217,3610175253541158,3610175253542498,3610175253543268,3610175253659079,3610175253673549,3610175253770609,3610175253773150,3610175253781570,0,12,96,1,model.layers.1.self_attn.swa_cache
3610175254611205,3610175254813966,3610175254815626,3610175254816526,3610175254933277,3610175254947577,3610175255043678,3610175255046148,3610175255054538,0,12,96,1,model.layers.2.self_attn.compressor.state_cache
3610175255758902,3610175255958684,3610175255960004,3610175255960824,3610175256178985,3610175256192965,3610175256282336,3610175256284496,3610175256291246,0,12,96,1,model.layers.2.self_attn.indexer.compressor.state_cache
3610175257014701,3610175257184862,3610175257186082,3610175257186742,3610175257284782,3610175257297232,3610175257379083,3610175257381083,3610175257387903,0,12,96,1,model.layers.3.self_attn.compressor.state_cache
3610175310560367,3610175311080901,3610175311157161,3610175311419813,3610175311526794,3610175311541114,3610175311972097,3610175315420899,3610175315431029,1,12,96,4,model.layers.2.self_attn.indexer.k_cache
3610175316205124,3610175316389515,3610175316390775,3610175316391545,3610175316493066,3610175316508106,3610175316594587,3610175316650147,3610175316658567,0,12,96,4,model.layers.2.self_attn.attn
3610175317401172,3610175317581413,3610175317582843,3610175317583633,3610175317684274,3610175317699344,3610175318114816,3610175318118206,3610175318125917,0,12,96,128,model.layers.3.self_attn.attn
3610175318874931,3610175319053213,3610175319054473,3610175319055393,3610175319158813,3610175319171923,3610175319591746,3610175319594916,3610175319602186,0,12,96,1,model.layers.0.self_attn.swa_cache
3610175320363961,3610175320542682,3610175320544252,3610175320545022,3610175320643893,3610175320656143,3610175320739243,3610175320741423,3610175320749014,0,12,96,1,model.layers.1.self_attn.swa_cache
3610175321493418,3610175321665249,3610175321666699,3610175321667549,3610175321768030,3610175321781410,3610175321864381,3610175321866861,3610175321874591,0,12,96,1,model.layers.2.self_attn.compressor.state_cache
3610175322526565,3610175322707396,3610175322708706,3610175322709526,3610175322810137,3610175322822417,3610175322903827,3610175322905947,3610175322913298,0,12,96,1,model.layers.2.self_attn.indexer.compressor.state_cache
3610175323677012,3610175323853624,3610175323854904,3610175323855694,3610175323956914,3610175323969424,3610175324062855,3610175324065085,3610175324072815,0,12,96,1,model.layers.3.self_attn.compressor.state_cache
3610175377708423,3610175378219056,3610175378295296,3610175378565228,3610175378666999,3610175378682099,3610175379109492,3610175382835286,3610175382844226,1,12,96,4,model.layers.2.self_attn.indexer.k_cache
3610175383482450,3610175383631781,3610175383633531,3610175383634271,3610175383723892,3610175383737982,3610175383807432,3610175383850902,3610175383858882,0,12,96,4,model.layers.2.self_attn.attn
3610175384550527,3610175384716208,3610175384717528,3610175384718238,3610175384813589,3610175384828019,3610175385194671,3610175385197981,3610175385204771,0,12,96,128,model.layers.3.self_attn.attn
3610175385877346,3610175386048007,3610175386049157,3610175386049837,3610175386146127,3610175386157897,3610175386550760,3610175386553660,3610175386559600,0,12,96,1,model.layers.0.self_attn.swa_cache
3610175387263745,3610175387433636,3610175387434536,3610175387435206,3610175387528376,3610175387540086,3610175387616367,3610175387618147,3610175387624697,0,12,96,1,model.layers.1.self_attn.swa_cache
3610175388496132,3610175388714184,3610175388715644,3610175388716514,3610175388840925,3610175388855925,3610175388955605,3610175388958495,3610175388966946,0,12,96,1,model.layers.2.self_attn.compressor.state_cache
3610175389718400,3610175389931512,3610175389932962,3610175389933812,3610175390055993,3610175390071103,3610175390165703,3610175390168313,3610175390177063,0,12,96,1,model.layers.2.self_attn.indexer.compressor.state_cache
3610175391085049,3610175391295631,3610175391297191,3610175391298111,3610175391422231,3610175391437882,3610175391537892,3610175391540502,3610175391549362,0,12,96,1,model.layers.3.self_attn.compressor.state_cache
3610175448483291,3610175448995875,3610175449070835,3610175449338787,3610175449441527,3610175449456047,3610175449870830,3610175453825426,3610175453836286,1,12,96,4,model.layers.2.self_attn.indexer.k_cache
3610175454642811,3610175454843652,3610175454845062,3610175454846002,3610175454966903,3610175454983263,3610175455081284,3610175455145264,3610175455154574,0,12,96,4,model.layers.2.self_attn.attn
3610175455991680,3610175456285762,3610175456287352,3610175456288332,3610175456405063,3610175456421883,3610175456902476,3610175456906396,3610175456914906,0,12,96,128,model.layers.3.self_attn.attn
3610175457771681,3610175457971913,3610175457973203,3610175457974123,3610175458089103,3610175458102864,3610175458562606,3610175458565847,3610175458573347,0,12,96,1,model.layers.0.self_attn.swa_cache
3610175459415662,3610175459615763,3610175459616843,3610175459617713,3610175459732534,3610175459746494,3610175459840865,3610175459843135,3610175459851005,0,12,96,1,model.layers.1.self_attn.swa_cache
3610175460717660,3610175460944392,3610175460945372,3610175460946102,3610175461040843,3610175461052993,3610175461130563,3610175461132443,3610175461138733,0,12,96,1,model.layers.2.self_attn.compressor.state_cache
3610175461704477,3610175461868738,3610175461869818,3610175461870718,3610175461963719,3610175461974649,3610175462051669,3610175462053679,3610175462060059,0,12,96,1,model.layers.2.self_attn.indexer.compressor.state_cache
3610175462768544,3610175462930975,3610175462931875,3610175462932575,3610175463026305,3610175463037325,3610175463114116,3610175463116296,3610175463122906,0,12,96,1,model.layers.3.self_attn.compressor.state_cache
3610175518260023,3610175518778837,3610175518854077,3610175519126289,3610175519230780,3610175519244810,3610175519683853,3610175523458017,3610175523466917,1,12,96,4,model.layers.2.self_attn.indexer.k_cache
3610175524139091,3610175524305402,3610175524306562,3610175524307233,3610175524405873,3610175524419333,3610175524501294,3610175524549434,3610175524557154,0,12,96,4,model.layers.2.self_attn.attn
3610175525257509,3610175525422440,3610175525423610,3610175525424330,3610175525520840,3610175525534810,3610175525923923,3610175525927033,3610175525933763,0,12,96,128,model.layers.3.self_attn.attn
3610175526874949,3610175527103881,3610175527105471,3610175527106511,3610175527239242,3610175527255232,3610175527806715,3610175527810745,3610175527819485,0,12,96,1,model.layers.0.self_attn.swa_cache
3610175528773851,3610175529001063,3610175529002483,3610175529003323,3610175529132634,3610175529148764,3610175529255135,3610175529257995,3610175529266935,0,12,96,1,model.layers.1.self_attn.swa_cache
3610175530192071,3610175530417462,3610175530419062,3610175530419992,3610175530548303,3610175530564423,3610175530668674,3610175530671344,3610175530680134,0,12,96,1,model.layers.2.self_attn.compressor.state_cache
3610175531453739,3610175531695810,3610175531697500,3610175531698500,3610175531831121,3610175531848211,3610175531955192,3610175531958032,3610175531966912,0,12,96,1,model.layers.2.self_attn.indexer.compressor.state_cache
3610175532953689,3610175533178450,3610175533180010,3610175533180950,3610175533310041,3610175533325741,3610175533430452,3610175533433052,3610175533442782,0,12,96,1,model.layers.3.self_attn.compressor.state_cache
3610175587665433,3610175588190516,3610175588264987,3610175588541359,3610175588648099,3610175588662740,3610175589114042,3610175592949507,3610175592960087,1,12,96,4,model.layers.2.self_attn.indexer.k_cache
3610175593777943,3610175593976624,3610175593977854,3610175593978774,3610175594097125,3610175594113355,3610175594214745,3610175594277516,3610175594286466,0,12,96,4,model.layers.2.self_attn.attn
3610175595117531,3610175595316343,3610175595317693,3610175595318443,3610175595432663,3610175595449844,3610175595922127,3610175595925987,3610175595933887,0,12,96,128,model.layers.3.self_attn.attn
3610175596827092,3610175597026954,3610175597028134,3610175597029034,3610175597142154,3610175597157185,3610175597642068,3610175597645628,3610175597653228,0,12,96,1,model.layers.0.self_attn.swa_cache
3610175598489163,3610175598686004,3610175598687384,3610175598688244,3610175598804255,3610175598818975,3610175598914516,3610175598916976,3610175598924906,0,12,96,1,model.layers.1.self_attn.swa_cache
3610175599797062,3610175599964463,3610175599965583,3610175599966283,3610175600071763,3610175600084384,3610175600162584,3610175600164524,3610175600171074,0,12,96,1,model.layers.2.self_attn.compressor.state_cache
3610175600744448,3610175600907629,3610175600908609,3610175600909329,3610175601004429,3610175601016940,3610175601093590,3610175601095760,3610175601102140,0,12,96,1,model.layers.2.self_attn.indexer.compressor.state_cache
3610175601812915,3610175601978156,3610175601979246,3610175601979896,3610175602073866,3610175602085246,3610175602164727,3610175602166407,3610175602172997,0,12,96,1,model.layers.3.self_attn.compressor.state_cache
3610175657179704,3610175657695807,3610175657771867,3610175658038939,3610175658146420,3610175658161130,3610175658599653,3610175662318257,3610175662327467,1,12,96,4,model.layers.2.self_attn.indexer.k_cache
3610175662985591,3610175663150542,3610175663151792,3610175663152502,3610175663250053,3610175663263673,3610175663344493,3610175663394004,3610175663402014,0,12,96,4,model.layers.2.self_attn.attn
3610175664114828,3610175664285990,3610175664287140,3610175664287800,3610175664384320,3610175664398390,3610175664842443,3610175664846293,3610175664855023,0,12,96,128,model.layers.3.self_attn.attn
3610175665799459,3610175666019151,3610175666020521,3610175666021431,3610175666147862,3610175666163272,3610175666673855,3610175666677785,3610175666685455,0,12,96,1,model.layers.0.self_attn.swa_cache
3610175667587421,3610175667801572,3610175667802852,3610175667803802,3610175667926283,3610175667941673,3610175668058114,3610175668060824,3610175668069304,0,12,96,1,model.layers.1.self_attn.swa_cache
3610175668959670,3610175669186701,3610175669188051,3610175669188981,3610175669313402,3610175669328322,3610175669430213,3610175669432493,3610175669440713,0,12,96,1,model.layers.2.self_attn.compressor.state_cache
3610175670179958,3610175670395859,3610175670397419,3610175670398259,3610175670519430,3610175670534880,3610175670634971,3610175670637331,3610175670645431,0,12,96,1,model.layers.2.self_attn.indexer.compressor.state_cache
3610175671556827,3610175671766368,3610175671767768,3610175671768778,3610175671893289,3610175671909079,3610175672025590,3610175672028290,3610175672036700,0,12,96,1,model.layers.3.self_attn.compressor.state_cache
3610175726363962,3610175726885835,3610175726962695,3610175727249807,3610175727358728,3610175727373978,3610175727814391,3610175731644386,3610175731654916,1,12,96,4,model.layers.2.self_attn.indexer.k_cache
3610175732416031,3610175732601212,3610175732602502,3610175732603222,3610175732708723,3610175732723803,3610175732814703,3610175732871874,3610175732880434,0,12,96,4,model.layers.2.self_attn.attn
3610175733646069,3610175733832370,3610175733833670,3610175733834350,3610175733939161,3610175733954491,3610175734388704,3610175734392264,3610175734399994,0,12,96,128,model.layers.3.self_attn.attn
3610175735178029,3610175735357470,3610175735358750,3610175735359510,3610175735463071,3610175735475971,3610175735900583,3610175735903763,3610175735910663,0,12,96,1,model.layers.0.self_attn.swa_cache
3610175736675768,3610175736856250,3610175736857330,3610175736858020,3610175736961600,3610175736974620,3610175737058461,3610175737060441,3610175737067441,0,12,96,1,model.layers.1.self_attn.swa_cache
3610175737796216,3610175738019967,3610175738021207,3610175738021907,3610175738127008,3610175738139208,3610175738223178,3610175738225328,3610175738232228,0,12,96,1,model.layers.2.self_attn.compressor.state_cache
3610175738892903,3610175739078524,3610175739079734,3610175739080484,3610175739181975,3610175739194585,3610175739278715,3610175739280925,3610175739287905,0,12,96,1,model.layers.2.self_attn.indexer.compressor.state_cache
3610175740079750,3610175740266342,3610175740267552,3610175740268242,3610175740378472,3610175740391802,3610175740479733,3610175740481843,3610175740488983,0,12,96,1,model.layers.3.self_attn.compressor.state_cache
3610175795655820,3610175796181524,3610175796257684,3610175796525176,3610175796629527,3610175796643817,3610175797071620,3610175800866684,3610175800875594,1,12,96,4,model.layers.2.self_attn.indexer.k_cache
3610175801522108,3610175801688929,3610175801690149,3610175801690859,3610175801787130,3610175801801550,3610175801887531,3610175801940051,3610175801947481,0,12,96,4,model.layers.2.self_attn.attn
3610175802648886,3610175802888307,3610175802889847,3610175802890717,3610175803013728,3610175803031748,3610175803536041,3610175803540261,3610175803548892,0,12,96,128,model.layers.3.self_attn.attn
3610175804531688,3610175804750659,3610175804752029,3610175804753029,3610175804879060,3610175804895250,3610175805406594,3610175805409854,3610175805417504,0,12,96,1,model.layers.0.self_attn.swa_cache
3610175806314499,3610175806528111,3610175806529601,3610175806530471,3610175806653252,3610175806668202,3610175806768822,3610175806771392,3610175806779962,0,12,96,1,model.layers.1.self_attn.swa_cache
3610175807674578,3610175807893100,3610175807894580,3610175807895390,3610175808034111,3610175808051601,3610175808157371,3610175808159881,3610175808168121,0,12,96,1,model.layers.2.self_attn.compressor.state_cache
3610175808905786,3610175809119978,3610175809121188,3610175809122078,3610175809245098,3610175809260539,3610175809363499,3610175809366309,3610175809374729,0,12,96,1,model.layers.2.self_attn.indexer.compressor.state_cache
3610175810300255,3610175810511047,3610175810512427,3610175810513327,3610175810634837,3610175810650128,3610175810751178,3610175810753548,3610175810762278,0,12,96,1,model.layers.3.self_attn.compressor.state_cache
3610175864286545,3610175864814178,3610175864891019,3610175865167551,3610175865272201,3610175865286321,3610175865720274,3610175869545169,3610175869554789,1,12,96,4,model.layers.2.self_attn.indexer.k_cache
3610175870274784,3610175870456725,3610175870458045,3610175870458845,3610175870564966,3610175870579536,3610175870670156,3610175870727487,3610175870736007,0,12,96,4,model.layers.2.self_attn.attn
3610175871490882,3610175871671043,3610175871672333,3610175871673133,3610175871776523,3610175871791674,3610175872246646,3610175872250057,3610175872257687,0,12,96,128,model.layers.3.self_attn.attn
3610175873018691,3610175873206083,3610175873207223,3610175873208013,3610175873311393,3610175873324383,3610175873749706,3610175873752756,3610175873759506,0,12,96,1,model.layers.0.self_attn.swa_cache
3610175874517961,3610175874695522,3610175874696762,3610175874697472,3610175874802343,3610175874815403,3610175874900064,3610175874902114,3610175874909004,0,12,96,1,model.layers.1.self_attn.swa_cache
3610175875642178,3610175875820880,3610175875822240,3610175875823030,3610175875926410,3610175875939280,3610175876036301,3610175876038651,3610175876045561,0,12,96,1,model.layers.2.self_attn.compressor.state_cache
3610175876667855,3610175876847606,3610175876848736,3610175876849536,3610175876952157,3610175876965647,3610175877049548,3610175877051508,3610175877058488,0,12,96,1,model.layers.2.self_attn.indexer.compressor.state_cache
3610175877825083,3610175877996774,3610175877998024,3610175877998754,3610175878098884,3610175878111044,3610175878192955,3610175878194975,3610175878202065,0,12,96,1,model.layers.3.self_attn.compressor.state_cache
3610175932754338,3610175933274862,3610175933351242,3610175933625294,3610175933729965,3610175933744335,3610175934190188,3610175937881892,3610175937891592,1,12,96,4,model.layers.2.self_attn.indexer.k_cache
3610175938552936,3610175938722097,3610175938723337,3610175938724067,3610175938821508,3610175938835778,3610175938918648,3610175938967699,3610175938975339,0,12,96,4,model.layers.2.self_attn.attn
3610175939705783,3610175939873284,3610175939874415,3610175939875125,3610175939970205,3610175939984805,3610175940395088,3610175940398178,3610175940405108,0,12,96,128,model.layers.3.self_attn.attn
3610175941256693,3610175941485595,3610175941487035,3610175941487915,3610175941617476,3610175941634136,3610175942170359,3610175942174019,3610175942182699,0,12,96,1,model.layers.0.self_attn.swa_cache
3610175943147926,3610175943373177,3610175943374727,3610175943375717,3610175943504898,3610175943521068,3610175943630629,3610175943632989,3610175943642149,0,12,96,1,model.layers.1.self_attn.swa_cache
3610175944579175,3610175944802526,3610175944803936,3610175944804846,3610175944934117,3610175944949987,3610175945057028,3610175945059728,3610175945068968,0,12,96,1,model.layers.2.self_attn.compressor.state_cache
3610175945860973,3610175946082385,3610175946083995,3610175946084915,3610175946213826,3610175946229716,3610175946336606,3610175946339636,3610175946348826,0,12,96,1,model.layers.2.self_attn.indexer.compressor.state_cache
3610175947327703,3610175947550024,3610175947551364,3610175947552264,3610175947681615,3610175947697865,3610175947803866,3610175947806766,3610175947815796,0,12,96,1,model.layers.3.self_attn.compressor.state_cache
3610176001341333,3610176001864586,3610176001940287,3610176002208298,3610176002312959,3610176002327339,3610176002767962,3610176006153494,3610176006165684,1,12,96,4,model.layers.2.self_attn.indexer.k_cache
3610176007017479,3610176007235621,3610176007237321,3610176007238241,3610176007364902,3610176007382932,3610176007488082,3610176007552823,3610176007563123,0,12,96,4,model.layers.2.self_attn.attn
3610176008493169,3610176008711120,3610176008712690,3610176008713550,3610176008837231,3610176008855801,3610176009375515,3610176009379615,3610176009388535,0,12,96,128,model.layers.3.self_attn.attn
3610176010358741,3610176010576722,3610176010578092,3610176010578952,3610176010701093,3610176010716523,3610176011223517,3610176011227207,3610176011235297,0,12,96,1,model.layers.0.self_attn.swa_cache
3610176012156743,3610176012370934,3610176012372154,3610176012373104,3610176012498275,3610176012513625,3610176012615846,3610176012618086,3610176012626166,0,12,96,1,model.layers.1.self_attn.swa_cache
3610176013507631,3610176013728243,3610176013729583,3610176013730463,3610176013853084,3610176013868954,3610176013969834,3610176013972424,3610176013980874,0,12,96,1,model.layers.2.self_attn.compressor.state_cache
3610176014600729,3610176014761730,3610176014762790,3610176014763610,3610176014857860,3610176014870250,3610176014947661,3610176014949501,3610176014956001,0,12,96,1,model.layers.2.self_attn.indexer.compressor.state_cache
3610176015662765,3610176015831646,3610176015832856,3610176015833546,3610176015927247,3610176015938947,3610176016032008,3610176016033848,3610176016040408,0,12,96,1,model.layers.3.self_attn.compressor.state_cache
3610176069260883,3610176069792946,3610176069868106,3610176070137368,3610176070241699,3610176070256379,3610176070691922,3610176073459280,3610176073468930,1,12,96,4,model.layers.2.self_attn.indexer.k_cache
3610176074131734,3610176074303205,3610176074304335,3610176074305055,3610176074402116,3610176074416466,3610176074502386,3610176074558207,3610176074565717,0,12,96,4,model.layers.2.self_attn.attn
3610176075268381,3610176075438033,3610176075439263,3610176075439903,3610176075535163,3610176075549923,3610176075937806,3610176075941046,3610176075948246,0,12,96,128,model.layers.3.self_attn.attn
3610176076709291,3610176076875122,3610176076876092,3610176076876802,3610176076973332,3610176076984933,3610176077380375,3610176077383105,3610176077389345,0,12,96,1,model.layers.0.self_attn.swa_cache
3610176078079930,3610176078246231,3610176078247241,3610176078247861,3610176078347401,3610176078360331,3610176078438322,3610176078440422,3610176078447052,0,12,96,1,model.layers.1.self_attn.swa_cache
3610176079314958,3610176079522289,3610176079523799,3610176079524679,3610176079643550,3610176079658660,3610176079760541,3610176079763221,3610176079771721,0,12,96,1,model.layers.2.self_attn.compressor.state_cache
3610176080552696,3610176080767687,3610176080768997,3610176080769737,3610176080891068,3610176080905528,3610176081004509,3610176081006969,3610176081015029,0,12,96,1,model.layers.2.self_attn.indexer.compressor.state_cache
3610176081901524,3610176082109456,3610176082110916,3610176082111936,3610176082230607,3610176082245157,3610176082343017,3610176082345287,3610176082353277,0,12,96,1,model.layers.3.self_attn.compressor.state_cache
3610176137811927,3610176138320790,3610176138395740,3610176138666092,3610176138771533,3610176138786393,3610176139226566,3610176143011850,3610176143021330,1,12,96,4,model.layers.2.self_attn.indexer.k_cache
3610176143677675,3610176143850456,3610176143851636,3610176143852306,3610176143950336,3610176143964276,3610176144205848,3610176144293149,3610176144304539,0,12,96,4,model.layers.2.self_attn.attn
3610176145320575,3610176145566497,3610176145568187,3610176145569297,3610176145708238,3610176145729168,3610176146309262,3610176146313612,3610176146323402,0,12,96,128,model.layers.3.self_attn.attn
3610176147353458,3610176147602020,3610176147603630,3610176147604520,3610176147747201,3610176147764661,3610176148373195,3610176148377345,3610176148386335,0,12,96,1,model.layers.0.self_attn.swa_cache
3610176149403082,3610176149636973,3610176149638623,3610176149639663,3610176149778364,3610176149796494,3610176149915045,3610176149918015,3610176149927625,0,12,96,1,model.layers.1.self_attn.swa_cache
3610176150921931,3610176151161443,3610176151162863,3610176151163873,3610176151302054,3610176151318934,3610176151430325,3610176151433375,3610176151443005,0,12,96,1,model.layers.2.self_attn.compressor.state_cache
3610176152315030,3610176152482592,3610176152483612,3610176152484262,3610176152580952,3610176152592442,3610176152672233,3610176152674403,3610176152680763,0,12,96,1,model.layers.2.self_attn.indexer.compressor.state_cache
3610176153412808,3610176153581809,3610176153582949,3610176153583599,3610176153678599,3610176153690109,3610176153768240,3610176153770160,3610176153777090,0,12,96,1,model.layers.3.self_attn.compressor.state_cache
3610176207422827,3610176207951791,3610176208037701,3610176208313843,3610176208425074,3610176208440224,3610176208916297,3610176211799746,3610176211809106,1,12,96,4,model.layers.2.self_attn.indexer.k_cache
3610176212512400,3610176212684241,3610176212685411,3610176212686061,3610176212784522,3610176212798692,3610176212884243,3610176212938503,3610176212945983,0,12,96,4,model.layers.2.self_attn.attn
3610176213656358,3610176213826699,3610176213827949,3610176213828689,3610176213926490,3610176213940630,3610176214337212,3610176214340242,3610176214346852,0,12,96,128,model.layers.3.self_attn.attn
3610176215077427,3610176215245958,3610176215247078,3610176215247768,3610176215347279,3610176215359209,3610176215769041,3610176215771821,3610176215778082,0,12,96,1,model.layers.0.self_attn.swa_cache
3610176216502116,3610176216664847,3610176216665987,3610176216666667,3610176216761618,3610176216773778,3610176216853368,3610176216855339,3610176216862119,0,12,96,1,model.layers.1.self_attn.swa_cache
3610176217689524,3610176217895215,3610176217896565,3610176217897395,3610176218018876,3610176218034456,3610176218133697,3610176218135987,3610176218143917,0,12,96,1,model.layers.2.self_attn.compressor.state_cache
3610176218879422,3610176219088803,3610176219090363,3610176219091173,3610176219211684,3610176219225994,3610176219326725,3610176219329125,3610176219337585,0,12,96,1,model.layers.2.self_attn.indexer.compressor.state_cache
3610176220268541,3610176220477562,3610176220479002,3610176220479822,3610176220599773,3610176220614333,3610176220713573,3610176220716124,3610176220724804,0,12,96,1,model.layers.3.self_attn.compressor.state_cache
3610176276364724,3610176276889377,3610176276965588,3610176277235350,3610176277342660,3610176277357180,3610176277792273,3610176281537077,3610176281546317,1,12,96,4,model.layers.2.self_attn.indexer.k_cache
3610176282208132,3610176282378913,3610176282380103,3610176282380903,3610176282478794,3610176282491844,3610176282576044,3610176282629945,3610176282637235,0,12,96,4,model.layers.2.self_attn.attn
3610176283650701,3610176283913663,3610176283915383,3610176283916493,3610176284073184,3610176284093724,3610176284654178,3610176284658338,3610176284667728,0,12,96,128,model.layers.3.self_attn.attn
3610176285660474,3610176285882856,3610176285884256,3610176285885186,3610176286018686,3610176286036647,3610176286589990,3610176286593870,3610176286602350,0,12,96,1,model.layers.0.self_attn.swa_cache
3610176287556516,3610176287787638,3610176287788918,3610176287789798,3610176287919749,3610176287936219,3610176288062230,3610176288065160,3610176288074060,0,12,96,1,model.layers.1.self_attn.swa_cache
3610176289047916,3610176289282488,3610176289284038,3610176289284848,3610176289416678,3610176289432699,3610176289541749,3610176289544869,3610176289553329,0,12,96,1,model.layers.2.self_attn.compressor.state_cache
3610176290343304,3610176290569636,3610176290571196,3610176290572096,3610176290701357,3610176290716977,3610176290827518,3610176290830178,3610176290838628,0,12,96,1,model.layers.2.self_attn.indexer.compressor.state_cache
3610176291712173,3610176291876994,3610176291878074,3610176291878684,3610176291974055,3610176291986295,3610176292077286,3610176292079386,3610176292086326,0,12,96,1,model.layers.3.self_attn.compressor.state_cache
3610176346113136,3610176346634599,3610176346710220,3610176346978861,3610176347087562,3610176347102302,3610176347558575,3610176351368030,3610176351376720,1,12,96,4,model.layers.2.self_attn.indexer.k_cache
3610176352074044,3610176352247355,3610176352248565,3610176352249285,3610176352346796,3610176352360416,3610176352444897,3610176352499697,3610176352507397,0,12,96,4,model.layers.2.self_attn.attn
3610176353217702,3610176353387923,3610176353389223,3610176353389903,3610176353486643,3610176353500324,3610176353901406,3610176353904536,3610176353911256,0,12,96,128,model.layers.3.self_attn.attn
3610176354644701,3610176354814862,3610176354815902,3610176354816572,3610176354914853,3610176354926633,3610176355337135,3610176355340105,3610176355346466,0,12,96,1,model.layers.0.self_attn.swa_cache
3610176356068610,3610176356248361,3610176356249421,3610176356250131,3610176356347482,3610176356359642,3610176356442313,3610176356444453,3610176356451133,0,12,96,1,model.layers.1.self_attn.swa_cache
3610176357146257,3610176357315848,3610176357317038,3610176357317698,3610176357475019,3610176357490649,3610176357596750,3610176357599050,3610176357607120,0,12,96,1,model.layers.2.self_attn.compressor.state_cache
3610176358351685,3610176358576746,3610176358578346,3610176358579206,3610176358702277,3610176358717287,3610176358820018,3610176358822538,3610176358830618,0,12,96,1,model.layers.2.self_attn.indexer.compressor.state_cache
3610176359743964,3610176359956225,3610176359957655,3610176359958515,3610176360095306,3610176360111146,3610176360214397,3610176360216887,3610176360225147,0,12,96,1,model.layers.3.self_attn.compressor.state_cache
3610176420392037,3610176420909030,3610176420984321,3610176421263362,3610176421371503,3610176421386143,3610176421840896,3610176422603621,3610176422611671,1,12,96,4,model.layers.2.self_attn.indexer.k_cache
3610176423286776,3610176423464607,3610176423465657,3610176423466377,3610176423563717,3610176423576587,3610176423659318,3610176423709728,3610176423716888,0,12,96,4,model.layers.2.self_attn.attn
3610176424431553,3610176424595834,3610176424596884,3610176424597514,3610176424691645,3610176424704955,3610176425109267,3610176425112097,3610176425118417,0,12,96,128,model.layers.3.self_attn.attn
3610176425845152,3610176426017593,3610176426018673,3610176426019353,3610176426118494,3610176426130254,3610176426536347,3610176426539517,3610176426545687,0,12,96,1,model.layers.0.self_attn.swa_cache
3610176427269231,3610176427438982,3610176427440182,3610176427440892,3610176427539173,3610176427551443,3610176427632064,3610176427634294,3610176427640724,0,12,96,1,model.layers.1.self_attn.swa_cache
3610176428344168,3610176428509859,3610176428511259,3610176428511889,3610176428611730,3610176428623070,3610176428704031,3610176428706011,3610176428712771,0,12,96,1,model.layers.2.self_attn.compressor.state_cache
3610176429325075,3610176429494416,3610176429495596,3610176429496266,3610176429591296,3610176429603106,3610176429683117,3610176429685137,3610176429691667,0,12,96,1,model.layers.2.self_attn.indexer.compressor.state_cache
3610176430408152,3610176430573643,3610176430574753,3610176430575453,3610176430669253,3610176430680473,3610176430761574,3610176430763664,3610176430770044,0,12,96,1,model.layers.3.self_attn.compressor.state_cache
3610176484433152,3610176484945045,3610176485019865,3610176485317957,3610176485427338,3610176485442218,3610176485892541,3610176489733376,3610176489742396,1,12,96,4,model.layers.2.self_attn.indexer.k_cache
3610176490440320,3610176490636952,3610176490638182,3610176490638952,3610176490749663,3610176490763643,3610176490853843,3610176490909704,3610176490917544,0,12,96,4,model.layers.2.self_attn.attn
3610176491670418,3610176491854970,3610176491855980,3610176491856650,3610176491959520,3610176491974130,3610176492421243,3610176492424363,3610176492431233,0,12,96,128,model.layers.3.self_attn.attn
3610176493197858,3610176493379500,3610176493380800,3610176493381580,3610176493485750,3610176493498420,3610176493939043,3610176493942143,3610176493948823,0,12,96,1,model.layers.0.self_attn.swa_cache
3610176494718198,3610176494903399,3610176494904549,3610176494905219,3610176495006520,3610176495019170,3610176495108271,3610176495110561,3610176495117631,0,12,96,1,model.layers.1.self_attn.swa_cache
3610176495860546,3610176496172298,3610176496173598,3610176496174388,3610176496285868,3610176496299418,3610176496392949,3610176496395279,3610176496402369,0,12,96,1,model.layers.2.self_attn.compressor.state_cache
3610176497047493,3610176497238155,3610176497239245,3610176497240035,3610176497344525,3610176497357465,3610176497445126,3610176497447126,3610176497453996,0,12,96,1,model.layers.2.self_attn.indexer.compressor.state_cache
3610176498254001,3610176498442692,3610176498443922,3610176498444692,3610176498547723,3610176498560703,3610176498647034,3610176498649124,3610176498656524,0,12,96,1,model.layers.3.self_attn.compressor.state_cache
3610176552882525,3610176553400528,3610176553475889,3610176553749201,3610176553857651,3610176553872001,3610176554307884,3610176558066239,3610176558074179,1,12,96,4,model.layers.2.self_attn.indexer.k_cache
3610176558734233,3610176558911754,3610176558912904,3610176558913574,3610176559010845,3610176559024035,3610176559109445,3610176559160676,3610176559167406,0,12,96,4,model.layers.2.self_attn.attn
3610176559869450,3610176560058501,3610176560059781,3610176560060601,3610176560159132,3610176560173232,3610176560581095,3610176560584115,3610176560590645,0,12,96,128,model.layers.3.self_attn.attn
3610176561317640,3610176561484671,3610176561485761,3610176561486621,3610176561655182,3610176561672552,3610176562265586,3610176562269526,3610176562278696,0,12,96,1,model.layers.0.self_attn.swa_cache
3610176563326193,3610176563566384,3610176563567854,3610176563568814,3610176563706045,3610176563723315,3610176563838896,3610176563842046,3610176563851216,0,12,96,1,model.layers.1.self_attn.swa_cache
3610176564858813,3610176565109104,3610176565110774,3610176565111844,3610176565248625,3610176565265815,3610176565382266,3610176565385546,3610176565394886,0,12,96,1,model.layers.2.self_attn.compressor.state_cache
3610176566219931,3610176566469223,3610176566470763,3610176566471773,3610176566609094,3610176566626154,3610176566739635,3610176566742605,3610176566751725,0,12,96,1,model.layers.2.self_attn.indexer.compressor.state_cache
3610176567774021,3610176568031063,3610176568032693,3610176568033783,3610176568174734,3610176568191194,3610176568308345,3610176568311395,3610176568321125,0,12,96,1,model.layers.3.self_attn.compressor.state_cache
3610176621930642,3610176622450096,3610176622528346,3610176622801958,3610176622911869,3610176622927179,3610176623382402,3610176626966205,3610176626974645,1,12,96,4,model.layers.2.self_attn.indexer.k_cache
3610176627803610,3610176628053082,3610176628054672,3610176628055642,3610176628191293,3610176628209153,3610176628323194,3610176628392134,3610176628401944,0,12,96,4,model.layers.2.self_attn.attn
3610176629398301,3610176629625422,3610176629627012,3610176629627962,3610176629760573,3610176629778413,3610176630315476,3610176630319287,3610176630328237,0,12,96,128,model.layers.3.self_attn.attn
3610176631309573,3610176631542644,3610176631544404,3610176631545374,3610176631680535,3610176631697035,3610176632265979,3610176632270079,3610176632278879,0,12,96,1,model.layers.0.self_attn.swa_cache
3610176633240255,3610176633480347,3610176633481797,3610176633482697,3610176633612258,3610176633628248,3610176633740709,3610176633743359,3610176633752489,0,12,96,1,model.layers.1.self_attn.swa_cache
3610176634679735,3610176634904606,3610176634906196,3610176634907086,3610176635035287,3610176635051917,3610176635162508,3610176635165308,3610176635174388,0,12,96,1,model.layers.2.self_attn.compressor.state_cache
3610176635932033,3610176636145324,3610176636146764,3610176636147564,3610176636255375,3610176636268765,3610176636362426,3610176636364486,3610176636371206,0,12,96,1,model.layers.2.self_attn.indexer.compressor.state_cache
3610176637087620,3610176637254161,3610176637255351,3610176637255981,3610176637351632,3610176637363482,3610176637441743,3610176637443773,3610176637450283,0,12,96,1,model.layers.3.self_attn.compressor.state_cache
3610176690780938,3610176691298011,3610176691374852,3610176691648024,3610176691754394,3610176691768554,3610176692208357,3610176695222117,3610176695230647,1,12,96,4,model.layers.2.self_attn.indexer.k_cache
3610176695885421,3610176696083642,3610176696084742,3610176696085472,3610176696183123,3610176696196163,3610176696281604,3610176696334894,3610176696342094,0,12,96,4,model.layers.2.self_attn.attn
3610176697039919,3610176697205260,3610176697206370,3610176697207120,3610176697304440,3610176697317490,3610176697723973,3610176697726633,3610176697733183,0,12,96,128,model.layers.3.self_attn.attn
3610176698461128,3610176698635319,3610176698636259,3610176698636909,3610176698735420,3610176698747250,3610176699154162,3610176699157072,3610176699163542,0,12,96,1,model.layers.0.self_attn.swa_cache
3610176699873337,3610176700055328,3610176700056408,3610176700057168,3610176700155829,3610176700168369,3610176700250029,3610176700252099,3610176700258739,0,12,96,1,model.layers.1.self_attn.swa_cache
3610176700956724,3610176701166675,3610176701167995,3610176701168915,3610176701282246,3610176701297286,3610176701394607,3610176701397067,3610176701404407,0,12,96,1,model.layers.2.self_attn.compressor.state_cache
3610176702104711,3610176702305043,3610176702306373,3610176702307283,3610176702421913,3610176702435843,3610176702532664,3610176702535024,3610176702543024,0,12,96,1,model.layers.2.self_attn.indexer.compressor.state_cache
3610176703418870,3610176703624491,3610176703625851,3610176703626631,3610176703740932,3610176703755002,3610176703851473,3610176703853813,3610176703861823,0,12,96,1,model.layers.3.self_attn.compressor.state_cache
3610176758603987,3610176759124481,3610176759198591,3610176759467743,3610176759575283,3610176759589364,3610176760045476,3610176763775551,3610176763783431,1,12,96,4,model.layers.2.self_attn.indexer.k_cache
3610176764453695,3610176764624856,3610176764626056,3610176764626746,3610176764723917,3610176764736637,3610176764818477,3610176764869278,3610176764876208,0,12,96,4,model.layers.2.self_attn.attn
3610176765576342,3610176765745133,3610176765746353,3610176765747073,3610176765842764,3610176765856334,3610176766248977,3610176766251707,3610176766257987,0,12,96,128,model.layers.3.self_attn.attn
3610176766969141,3610176767132882,3610176767133932,3610176767134582,3610176767231823,3610176767244723,3610176767645376,3610176767648276,3610176767654346,0,12,96,1,model.layers.0.self_attn.swa_cache
3610176768597242,3610176768836423,3610176768837973,3610176768838933,3610176768975014,3610176768992074,3610176769108295,3610176769111415,3610176769120235,0,12,96,1,model.layers.1.self_attn.swa_cache
3610176770112932,3610176770360793,3610176770362503,3610176770363533,3610176770502724,3610176770520434,3610176770639035,3610176770642385,3610176770651335,0,12,96,1,model.layers.2.self_attn.compressor.state_cache
3610176771542221,3610176771787603,3610176771789363,3610176771790463,3610176771929893,3610176771947054,3610176772079494,3610176772082644,3610176772091464,0,12,96,1,model.layers.2.self_attn.indexer.compressor.state_cache
3610176773132021,3610176773371853,3610176773373693,3610176773374643,3610176773515624,3610176773532044,3610176773650455,3610176773653335,3610176773662445,0,12,96,1,model.layers.3.self_attn.compressor.state_cache
3610176828829592,3610176829354545,3610176829429986,3610176830024340,3610176830144990,3610176830160470,3610176830685924,3610176831920172,3610176831928752,1,11,88,4,model.layers.2.self_attn.indexer.k_cache
3610176832621196,3610176832797337,3610176832798537,3610176832799278,3610176832899998,3610176832912858,3610176832997239,3610176833049749,3610176833057189,0,11,88,4,model.layers.2.self_attn.attn
3610176833878054,3610176834051996,3610176834053106,3610176834053856,3610176834153826,3610176834167706,3610176834594439,3610176834597259,3610176834604079,0,11,88,128,model.layers.3.self_attn.attn
3610176835350054,3610176835528415,3610176835529575,3610176835530405,3610176835628866,3610176835641566,3610176836072729,3610176836075589,3610176836082439,0,11,88,1,model.layers.0.self_attn.swa_cache
3610176836820304,3610176836995765,3610176836996925,3610176836997735,3610176837098385,3610176837111515,3610176837195546,3610176837197596,3610176837204466,0,11,88,1,model.layers.1.self_attn.swa_cache
3610176837926311,3610176838133802,3610176838135012,3610176838135752,3610176838238623,3610176838250903,3610176838338133,3610176838340223,3610176838346813,0,11,88,1,model.layers.2.self_attn.compressor.state_cache
3610176838954377,3610176839126468,3610176839127618,3610176839128478,3610176839225909,3610176839238419,3610176839321280,3610176839323670,3610176839330690,0,11,88,1,model.layers.2.self_attn.indexer.compressor.state_cache
3610176840099745,3610176840271416,3610176840272616,3610176840273426,3610176840374687,3610176840387377,3610176840475737,3610176840477757,3610176840484637,0,11,88,1,model.layers.3.self_attn.compressor.state_cache
3610176895171531,3610176896057217,3610176896135878,3610176896456120,3610176896575420,3610176896589600,3610176897134544,3610176897927589,3610176897935819,1,10,80,4,model.layers.2.self_attn.indexer.k_cache
3610176898614644,3610176898783895,3610176898785015,3610176898785675,3610176898883905,3610176898897045,3610176898980346,3610176899034986,3610176899041926,0,10,80,4,model.layers.2.self_attn.attn
3610176899784661,3610176899958482,3610176899959632,3610176899960432,3610176900075023,3610176900088373,3610176900519056,3610176900522186,3610176900528466,0,10,80,128,model.layers.3.self_attn.attn
3610176901263311,3610176901438592,3610176901439562,3610176901440422,3610176901538983,3610176901551383,3610176901961525,3610176901964415,3610176901970745,0,10,80,1,model.layers.0.self_attn.swa_cache
3610176902683450,3610176902851671,3610176902852851,3610176902853541,3610176902950002,3610176902962162,3610176903044082,3610176903046072,3610176903052742,0,10,80,1,model.layers.1.self_attn.swa_cache
3610176903748877,3610176903920628,3610176903921608,3610176903922348,3610176904030609,3610176904043679,3610176904126959,3610176904129069,3610176904135519,0,10,80,1,model.layers.2.self_attn.compressor.state_cache
3610176904722623,3610176904890944,3610176904892074,3610176904892724,3610176904987415,3610176904999285,3610176905080685,3610176905082685,3610176905089916,0,10,80,1,model.layers.2.self_attn.indexer.compressor.state_cache
3610176905824830,3610176905991301,3610176905992491,3610176905993211,3610176906091292,3610176906103142,3610176906184563,3610176906186783,3610176906193573,0,10,80,1,model.layers.3.self_attn.compressor.state_cache
3610176959717259,3610176960238913,3610176960312123,3610176960578305,3610176960684045,3610176960698346,3610176961141498,3610176964536940,3610176964545090,1,10,80,4,model.layers.2.self_attn.indexer.k_cache
3610176965404196,3610176965619637,3610176965621147,3610176965622047,3610176965747668,3610176965765328,3610176965875209,3610176965944699,3610176965954050,0,10,80,4,model.layers.2.self_attn.attn
3610176966902146,3610176967120187,3610176967121757,3610176967122617,3610176967247338,3610176967264978,3610176967801522,3610176967805232,3610176967813502,0,10,80,128,model.layers.3.self_attn.attn
3610176968766048,3610176968983019,3610176968984579,3610176968985419,3610176969109550,3610176969125200,3610176969643623,3610176969647893,3610176969656714,0,10,80,1,model.layers.0.self_attn.swa_cache
3610176970590620,3610176970807341,3610176970808731,3610176970809731,3610176970934622,3610176970950182,3610176971056473,3610176971058923,3610176971067573,0,10,80,1,model.layers.1.self_attn.swa_cache
3610176971972669,3610176972211900,3610176972213500,3610176972214400,3610176972340261,3610176972355451,3610176972462212,3610176972465072,3610176972473472,0,10,80,1,model.layers.2.self_attn.compressor.state_cache
3610176973202317,3610176973368188,3610176973369348,3610176973370038,3610176973465008,3610176973477228,3610176973558779,3610176973560829,3610176973567599,0,10,80,1,model.layers.2.self_attn.indexer.compressor.state_cache
3610176974303674,3610176974474265,3610176974475495,3610176974476215,3610176974572965,3610176974585275,3610176974664546,3610176974666486,3610176974673406,0,10,80,1,model.layers.3.self_attn.compressor.state_cache
3610177027476958,3610177027987441,3610177028073382,3610177028338873,3610177028445164,3610177028459584,3610177029107468,3610177031071291,3610177031080101,1,9,72,4,model.layers.2.self_attn.indexer.k_cache
3610177031775806,3610177031961937,3610177031963167,3610177031963917,3610177032090828,3610177032104798,3610177032197088,3610177032252659,3610177032260289,0,9,72,4,model.layers.2.self_attn.attn
3610177033028184,3610177033212005,3610177033213245,3610177033214035,3610177033317416,3610177033331756,3610177033758919,3610177033762169,3610177033768819,0,9,72,128,model.layers.3.self_attn.attn
3610177034530554,3610177034719265,3610177034720465,3610177034721195,3610177034827825,3610177034841076,3610177035275858,3610177035279388,3610177035286098,0,9,72,1,model.layers.0.self_attn.swa_cache
3610177036069794,3610177036260925,3610177036262185,3610177036262885,3610177036370335,3610177036383806,3610177036474156,3610177036476626,3610177036483336,0,9,72,1,model.layers.1.self_attn.swa_cache
3610177037226461,3610177037406442,3610177037407682,3610177037408452,3610177037510943,3610177037525453,3610177037614234,3610177037616484,3610177037623304,0,9,72,1,model.layers.2.self_attn.compressor.state_cache
3610177038275138,3610177038439179,3610177038440289,3610177038440949,3610177038535539,3610177038547450,3610177038626170,3610177038627940,3610177038634310,0,9,72,1,model.layers.2.self_attn.indexer.compressor.state_cache
3610177039367935,3610177039557686,3610177039558866,3610177039559976,3610177039658377,3610177039670797,3610177039753197,3610177039755177,3610177039761847,0,9,72,1,model.layers.3.self_attn.compressor.state_cache
3610177093973518,3610177094495732,3610177094569242,3610177094840714,3610177094950235,3610177094964245,3610177095428678,3610177096215343,3610177096223373,1,9,72,4,model.layers.2.self_attn.indexer.k_cache
3610177096880927,3610177097048088,3610177097049058,3610177097049708,3610177097145189,3610177097157489,3610177097239010,3610177097291620,3610177097298690,0,9,72,4,model.layers.2.self_attn.attn
3610177098003114,3610177098171066,3610177098172066,3610177098172816,3610177098270476,3610177098283976,3610177098704189,3610177098707329,3610177098713679,0,9,72,128,model.layers.3.self_attn.attn
3610177099431544,3610177099599635,3610177099600735,3610177099601365,3610177099695595,3610177099707646,3610177100121208,3610177100124138,3610177100130028,0,9,72,1,model.layers.0.self_attn.swa_cache
3610177100840393,3610177101013294,3610177101014344,3610177101014954,3610177101112065,3610177101124075,3610177101206305,3610177101208285,3610177101214915,0,9,72,1,model.layers.1.self_attn.swa_cache
3610177101911810,3610177102078901,3610177102079901,3610177102080581,3610177102176771,3610177102188902,3610177102269992,3610177102271942,3610177102277952,0,9,72,1,model.layers.2.self_attn.compressor.state_cache
3610177102858426,3610177103026347,3610177103027527,3610177103028227,3610177103124628,3610177103137048,3610177103218458,3610177103220288,3610177103226558,0,9,72,1,model.layers.2.self_attn.indexer.compressor.state_cache
3610177103985903,3610177104201015,3610177104202155,3610177104202815,3610177104299095,3610177104310955,3610177104391866,3610177104393966,3610177104400506,0,9,72,1,model.layers.3.self_attn.compressor.state_cache
3610177157294808,3610177157805482,3610177157879612,3610177158146184,3610177158252785,3610177158266565,3610177158712588,3610177161854008,3610177161861828,1,9,72,4,model.layers.2.self_attn.indexer.k_cache
3610177162676443,3610177162901435,3610177162902855,3610177162903745,3610177163032205,3610177163049506,3610177163162006,3610177163232037,3610177163240737,0,9,72,4,model.layers.2.self_attn.attn
3610177164177563,3610177164402104,3610177164403574,3610177164404444,3610177164529475,3610177164547595,3610177165082499,3610177165086319,3610177165094399,0,9,72,128,model.layers.3.self_attn.attn
3610177166018985,3610177166237206,3610177166238616,3610177166239456,3610177166363527,3610177166379567,3610177166889480,3610177166893550,3610177166901561,0,9,72,1,model.layers.0.self_attn.swa_cache
3610177167813726,3610177168041908,3610177168043228,3610177168044088,3610177168172289,3610177168187379,3610177168292760,3610177168295480,3610177168303510,0,9,72,1,model.layers.1.self_attn.swa_cache
3610177169229036,3610177169441957,3610177169444207,3610177169445077,3610177169569378,3610177169583948,3610177169689699,3610177169692149,3610177169700399,0,9,72,1,model.layers.2.self_attn.compressor.state_cache
3610177170408493,3610177170577794,3610177170578864,3610177170579564,3610177170673915,3610177170686105,3610177170764766,3610177170766696,3610177170772866,0,9,72,1,model.layers.2.self_attn.indexer.compressor.state_cache
3610177171499760,3610177171670331,3610177171671401,3610177171671971,3610177171766742,3610177171778252,3610177171858953,3610177171861083,3610177171867673,0,9,72,1,model.layers.3.self_attn.compressor.state_cache
3610177225721541,3610177226257165,3610177226332295,3610177226611347,3610177226728088,3610177226741848,3610177227239671,3610177228034316,3610177228042506,1,8,64,4,model.layers.2.self_attn.indexer.k_cache
3610177228705791,3610177228876702,3610177228877612,3610177228878292,3610177228975342,3610177228988012,3610177229071073,3610177229122553,3610177229129133,0,8,64,4,model.layers.2.self_attn.attn
3610177229827968,3610177229996769,3610177229997839,3610177229998489,3610177230094230,3610177230107620,3610177230506152,3610177230508962,3610177230514962,0,8,64,128,model.layers.3.self_attn.attn
3610177231230837,3610177231395348,3610177231396258,3610177231396968,3610177231494069,3610177231506659,3610177231915221,3610177231918171,3610177231924652,0,8,64,1,model.layers.0.self_attn.swa_cache
3610177232648576,3610177232811807,3610177232812867,3610177232813577,3610177232907768,3610177232919398,3610177232996388,3610177232998418,3610177233004838,0,8,64,1,model.layers.1.self_attn.swa_cache
3610177233695903,3610177233862314,3610177233863404,3610177233864124,3610177233962965,3610177233975115,3610177234055635,3610177234057475,3610177234063745,0,8,64,1,model.layers.2.self_attn.compressor.state_cache
3610177234647469,3610177234817450,3610177234818510,3610177234819260,3610177234915631,3610177234928161,3610177235008451,3610177235010441,3610177235016942,0,8,64,1,model.layers.2.self_attn.indexer.compressor.state_cache
3610177235788977,3610177235959848,3610177235960868,3610177235961548,3610177236068638,3610177236081048,3610177236161739,3610177236163729,3610177236170309,0,8,64,1,model.layers.3.self_attn.compressor.state_cache
3610177289291663,3610177290109668,3610177290188029,3610177290499241,3610177290610531,3610177290625662,3610177291109875,3610177291868180,3610177291876290,1,7,56,4,model.layers.2.self_attn.indexer.k_cache
3610177292561124,3610177292732945,3610177292734095,3610177292734805,3610177292831416,3610177292843966,3610177292927966,3610177292978187,3610177292984787,0,7,56,4,model.layers.2.self_attn.attn
3610177293686191,3610177293860522,3610177293861542,3610177293862292,3610177293962013,3610177293975943,3610177294388696,3610177294391696,3610177294397986,0,7,56,128,model.layers.3.self_attn.attn
3610177295150721,3610177295318282,3610177295319292,3610177295319972,3610177295415753,3610177295427693,3610177295849765,3610177295852575,3610177295858645,0,7,56,1,model.layers.0.self_attn.swa_cache
3610177296587720,3610177296755671,3610177296756611,3610177296757371,3610177296852962,3610177296865142,3610177296945802,3610177296947742,3610177296954123,0,7,56,1,model.layers.1.self_attn.swa_cache
3610177297646717,3610177297817808,3610177297818898,3610177297819548,3610177297914259,3610177297926429,3610177298009039,3610177298010959,3610177298017519,0,7,56,1,model.layers.2.self_attn.compressor.state_cache
3610177298604203,3610177298773674,3610177298774724,3610177298775484,3610177298870645,3610177298882825,3610177298964316,3610177298966286,3610177298972666,0,7,56,1,model.layers.2.self_attn.indexer.compressor.state_cache
3610177299693370,3610177299859401,3610177299860601,3610177299861231,3610177299956302,3610177299968032,3610177300062203,3610177300064263,3610177300070443,0,7,56,1,model.layers.3.self_attn.compressor.state_cache
3610177352716244,3610177353231777,3610177353306987,3610177353573709,3610177353680660,3610177353694990,3610177354153983,3610177356626769,3610177356634759,1,7,56,4,model.layers.2.self_attn.indexer.k_cache
3610177357283913,3610177357458534,3610177357459574,3610177357460274,3610177357556935,3610177357570365,3610177357653946,3610177357706576,3610177357713466,0,7,56,4,model.layers.2.self_attn.attn
3610177358577931,3610177358780853,3610177358782243,3610177358783063,3610177358899354,3610177358915504,3610177359431227,3610177359435467,3610177359442937,0,7,56,128,model.layers.3.self_attn.attn
3610177360338103,3610177360542804,3610177360544154,3610177360544974,3610177360659465,3610177360673785,3610177361155958,3610177361159448,3610177361167128,0,7,56,1,model.layers.0.self_attn.swa_cache
3610177362023274,3610177362230805,3610177362232235,3610177362233085,3610177362349136,3610177362363466,3610177362461477,3610177362464277,3610177362472047,0,7,56,1,model.layers.1.self_attn.swa_cache
3610177363306442,3610177363507903,3610177363509053,3610177363509933,3610177363624474,3610177363638354,3610177363733995,3610177363736455,3610177363744225,0,7,56,1,model.layers.2.self_attn.compressor.state_cache
3610177364466890,3610177364665431,3610177364666911,3610177364667761,3610177364783552,3610177364797732,3610177364895282,3610177364897882,3610177364905282,0,7,56,1,model.layers.2.self_attn.indexer.compressor.state_cache
3610177365774038,3610177365979299,3610177365980429,3610177365981199,3610177366098770,3610177366113200,3610177366245711,3610177366247821,3610177366254271,0,7,56,1,model.layers.3.self_attn.compressor.state_cache
3610177420503632,3610177421019316,3610177421093346,3610177421362028,3610177421468929,3610177421482509,3610177421936662,3610177422684937,3610177422692767,1,7,56,4,model.layers.2.self_attn.indexer.k_cache
3610177423348541,3610177423515642,3610177423516702,3610177423517382,3610177423614793,3610177423628313,3610177423714353,3610177423766824,3610177423773354,0,7,56,4,model.layers.2.self_attn.attn
3610177424496438,3610177424664029,3610177424665099,3610177424665759,3610177424763280,3610177424776900,3610177425175093,3610177425177923,3610177425184033,0,7,56,128,model.layers.3.self_attn.attn
3610177425895997,3610177426069698,3610177426070958,3610177426071748,3610177426167899,3610177426179829,3610177426585922,3610177426589032,3610177426595062,0,7,56,1,model.layers.0.self_attn.swa_cache
3610177427293626,3610177427465307,3610177427466457,3610177427467217,3610177427563848,3610177427575728,3610177427653619,3610177427655589,3610177427661839,0,7,56,1,model.layers.1.self_attn.swa_cache
3610177428364913,3610177428533334,3610177428534564,3610177428535254,3610177428631165,3610177428643495,3610177428723676,3610177428725666,3610177428731826,0,7,56,1,model.layers.2.self_attn.compressor.state_cache
3610177429321979,3610177429487701,3610177429488821,3610177429489491,3610177429585081,3610177429597401,3610177429675752,3610177429677792,3610177429684102,0,7,56,1,model.layers.2.self_attn.indexer.compressor.state_cache
3610177430441417,3610177430605098,3610177430606338,3610177430607028,3610177430702428,3610177430713729,3610177430794219,3610177430796259,3610177430802699,0,7,56,1,model.layers.3.self_attn.compressor.state_cache
3610177484547847,3610177485377592,3610177485456183,3610177485744695,3610177485856106,3610177485869946,3610177486338349,3610177487111724,3610177487119934,1,6,48,4,model.layers.2.self_attn.indexer.k_cache
3610177487806578,3610177487976529,3610177487977469,3610177487978239,3610177488095370,3610177488108790,3610177488195171,3610177488248601,3610177488255161,0,6,48,4,model.layers.2.self_attn.attn
3610177488960766,3610177489125127,3610177489126227,3610177489126887,3610177489225477,3610177489238977,3610177489646390,3610177489649350,3610177489655450,0,6,48,128,model.layers.3.self_attn.attn
3610177490368775,3610177490542416,3610177490543826,3610177490544616,3610177490642426,3610177490654977,3610177491073649,3610177491076349,3610177491082249,0,6,48,1,model.layers.0.self_attn.swa_cache
3610177491803854,3610177491974515,3610177491975545,3610177491976295,3610177492090556,3610177492103386,3610177492187216,3610177492189087,3610177492195457,0,6,48,1,model.layers.1.self_attn.swa_cache
3610177492916441,3610177493090402,3610177493091592,3610177493092332,3610177493188343,3610177493200613,3610177493282044,3610177493284114,3610177493290754,0,6,48,1,model.layers.2.self_attn.compressor.state_cache
3610177493872477,3610177494042159,3610177494043349,3610177494044039,3610177494141729,3610177494153689,3610177494235310,3610177494237280,3610177494243700,0,6,48,1,model.layers.2.self_attn.indexer.compressor.state_cache
3610177494965274,3610177495131296,3610177495132356,3610177495133076,3610177495231636,3610177495243776,3610177495327407,3610177495329407,3610177495335717,0,6,48,1,model.layers.3.self_attn.compressor.state_cache
3610177548315120,3610177548839933,3610177548914384,3610177549469377,3610177549585218,3610177549600018,3610177550060541,3610177550845416,3610177550853316,1,5,40,4,model.layers.2.self_attn.indexer.k_cache
3610177551507951,3610177551685212,3610177551686342,3610177551687122,3610177551785242,3610177551798232,3610177551883173,3610177551939433,3610177551946443,0,5,40,4,model.layers.2.self_attn.attn
3610177552666018,3610177552830769,3610177552831799,3610177552832579,3610177552932180,3610177552945270,3610177553349962,3610177553353022,3610177553358933,0,5,40,128,model.layers.3.self_attn.attn
3610177554063317,3610177554233468,3610177554234578,3610177554235378,3610177554332239,3610177554344809,3610177554753232,3610177554756482,3610177554762722,0,5,40,1,model.layers.0.self_attn.swa_cache
3610177555508346,3610177555675278,3610177555676408,3610177555677108,3610177555773778,3610177555785488,3610177555865189,3610177555867419,3610177555873859,0,5,40,1,model.layers.1.self_attn.swa_cache
3610177556583373,3610177556754895,3610177556755995,3610177556756755,3610177556853565,3610177556865605,3610177556946956,3610177556948946,3610177556955246,0,5,40,1,model.layers.2.self_attn.compressor.state_cache
3610177557530710,3610177557694351,3610177557695431,3610177557696151,3610177557792771,3610177557805111,3610177557884802,3610177557886652,3610177557893002,0,5,40,1,model.layers.2.self_attn.indexer.compressor.state_cache
3610177558612997,3610177558777848,3610177558779108,3610177558779788,3610177558876138,3610177558887678,3610177558968079,3610177558970059,3610177558976569,0,5,40,1,model.layers.3.self_attn.compressor.state_cache
3610177613636463,3610177614479998,3610177614558229,3610177614850611,3610177614967091,3610177614981151,3610177615471835,3610177616269490,3610177616277690,1,4,32,4,model.layers.2.self_attn.indexer.k_cache
3610177616977914,3610177617149796,3610177617151016,3610177617151706,3610177617252156,3610177617265736,3610177617352057,3610177617402717,3610177617409227,0,4,32,4,model.layers.2.self_attn.attn
3610177618106582,3610177618278573,3610177618279693,3610177618280403,3610177618375943,3610177618389154,3610177618782766,3610177618785746,3610177618791656,0,4,32,128,model.layers.3.self_attn.attn
3610177619529091,3610177619698922,3610177619700072,3610177619700862,3610177619796853,3610177619808833,3610177620229045,3610177620232035,3610177620237796,0,4,32,1,model.layers.0.self_attn.swa_cache
3610177620951020,3610177621117121,3610177621118491,3610177621119151,3610177621216292,3610177621228312,3610177621308812,3610177621310672,3610177621316823,0,4,32,1,model.layers.1.self_attn.swa_cache
3610177622003097,3610177622172008,3610177622173078,3610177622173808,3610177622269069,3610177622280389,3610177622358749,3610177622360639,3610177622366749,0,4,32,1,model.layers.2.self_attn.compressor.state_cache
3610177622939133,3610177623106694,3610177623107774,3610177623108434,3610177623203935,3610177623215385,3610177623296505,3610177623298175,3610177623304355,0,4,32,1,model.layers.2.self_attn.indexer.compressor.state_cache
3610177624035890,3610177624208161,3610177624209161,3610177624209861,3610177624304272,3610177624315882,3610177624395882,3610177624397732,3610177624403692,0,4,32,1,model.layers.3.self_attn.compressor.state_cache
3610177677669257,3610177678191451,3610177678267961,3610177678533983,3610177678642414,3610177678656534,3610177679097967,3610177680843288,3610177680852048,1,4,32,4,model.layers.2.self_attn.indexer.k_cache
3610177681516392,3610177681687933,3610177681689093,3610177681689923,3610177681789194,3610177681802924,3610177681889695,3610177681945245,3610177681952055,0,4,32,4,model.layers.2.self_attn.attn
3610177682651050,3610177682816321,3610177682817351,3610177682818061,3610177682913461,3610177682926901,3610177683327624,3610177683330964,3610177683336964,0,4,32,128,model.layers.3.self_attn.attn
3610177684075399,3610177684248410,3610177684249470,3610177684250210,3610177684344951,3610177684356651,3610177684756363,3610177684759153,3610177684765033,0,4,32,1,model.layers.0.self_attn.swa_cache
3610177685460828,3610177685630079,3610177685631029,3610177685631699,3610177685727429,3610177685739810,3610177685820940,3610177685823020,3610177685829310,0,4,32,1,model.layers.1.self_attn.swa_cache
3610177686506324,3610177686668626,3610177686669786,3610177686670496,3610177686765876,3610177686777956,3610177686857567,3610177686859427,3610177686865617,0,4,32,1,model.layers.2.self_attn.compressor.state_cache
3610177687520881,3610177687701212,3610177687702432,3610177687703332,3610177687804093,3610177687816613,3610177687903164,3610177687905094,3610177687911734,0,4,32,1,model.layers.2.self_attn.indexer.compressor.state_cache
3610177688697269,3610177688872660,3610177688873870,3610177688874570,3610177688976080,3610177688988771,3610177689074591,3610177689076871,3610177689083531,0,4,32,1,model.layers.3.self_attn.compressor.state_cache
3610177742081184,3610177742602908,3610177742679718,3610177742945030,3610177743054260,3610177743068511,3610177743503813,3610177745226634,3610177745234525,1,4,32,4,model.layers.2.self_attn.indexer.k_cache
3610177745885869,3610177746055540,3610177746056580,3610177746057280,3610177746152910,3610177746165891,3610177746251061,3610177746304171,3610177746310871,0,4,32,4,model.layers.2.self_attn.attn
3610177747012216,3610177747183937,3610177747185007,3610177747185737,3610177747282128,3610177747295858,3610177747707381,3610177747710191,3610177747716351,0,4,32,128,model.layers.3.self_attn.attn
3610177748473315,3610177748637607,3610177748638627,3610177748639347,3610177748734647,3610177748746847,3610177749148310,3610177749151390,3610177749157390,0,4,32,1,model.layers.0.self_attn.swa_cache
3610177749861374,3610177750026636,3610177750027636,3610177750028386,3610177750123126,3610177750135006,3610177750212557,3610177750214517,3610177750220857,0,4,32,1,model.layers.1.self_attn.swa_cache
3610177750901331,3610177751067512,3610177751068582,3610177751069272,3610177751163793,3610177751175413,3610177751255984,3610177751257984,3610177751264074,0,4,32,1,model.layers.2.self_attn.compressor.state_cache
3610177751837407,3610177752011828,3610177752012768,3610177752013578,3610177752155909,3610177752167899,3610177752252870,3610177752255130,3610177752261640,0,4,32,1,model.layers.2.self_attn.indexer.compressor.state_cache
3610177753022665,3610177753195806,3610177753196816,3610177753197446,3610177753295327,3610177753307617,3610177753389957,3610177753392117,3610177753398777,0,4,32,1,model.layers.3.self_attn.compressor.state_cache
3610177805853517,3610177806380150,3610177806456011,3610177806724282,3610177806830113,3610177806844133,3610177807295876,3610177809052918,3610177809060768,1,4,32,4,model.layers.2.self_attn.indexer.k_cache
3610177809715302,3610177809887343,3610177809888493,3610177809889173,3610177809987394,3610177810000694,3610177810084724,3610177810135935,3610177810143095,0,4,32,4,model.layers.2.self_attn.attn
3610177810927740,3610177811113051,3610177811114281,3610177811115061,3610177811217812,3610177811232352,3610177811667114,3610177811669954,3610177811676215,0,4,32,128,model.layers.3.self_attn.attn
3610177812461300,3610177812646241,3610177812647441,3610177812648241,3610177812751811,3610177812764502,3610177813200854,3610177813204144,3610177813210484,0,4,32,1,model.layers.0.self_attn.swa_cache
3610177813971449,3610177814156101,3610177814157401,3610177814158101,3610177814264251,3610177814277281,3610177814366292,3610177814368302,3610177814375272,0,4,32,1,model.layers.1.self_attn.swa_cache
3610177815110807,3610177815287478,3610177815288598,3610177815289438,3610177815394269,3610177815407769,3610177815495449,3610177815497659,3610177815504119,0,4,32,1,model.layers.2.self_attn.compressor.state_cache
3610177816148343,3610177816326385,3610177816327485,3610177816328285,3610177816434815,3610177816447845,3610177816536936,3610177816539196,3610177816545856,0,4,32,1,model.layers.2.self_attn.indexer.compressor.state_cache
3610177817324161,3610177817500842,3610177817501962,3610177817502682,3610177817605363,3610177817618083,3610177817703904,3610177817706244,3610177817712854,0,4,32,1,model.layers.3.self_attn.compressor.state_cache
3610177869695770,3610177870216983,3610177870290074,3610177870565076,3610177870673296,3610177870687416,3610177871132619,3610177872855090,3610177872863150,1,4,32,4,model.layers.2.self_attn.indexer.k_cache
3610177873543035,3610177873716086,3610177873717156,3610177873717876,3610177873815397,3610177873828357,3610177873910217,3610177873958848,3610177873965548,0,4,32,4,model.layers.2.self_attn.attn
3610177874667152,3610177874836853,3610177874837983,3610177874838663,3610177874936544,3610177874950104,3610177875356587,3610177875359677,3610177875365737,0,4,32,128,model.layers.3.self_attn.attn
3610177876216852,3610177876398623,3610177876399753,3610177876400603,3610177876504444,3610177876517324,3610177876959847,3610177876963277,3610177876970127,0,4,32,1,model.layers.0.self_attn.swa_cache
3610177877733162,3610177877910623,3610177877911733,3610177877912513,3610177878014954,3610177878027674,3610177878115364,3610177878117684,3610177878124145,0,4,32,1,model.layers.1.self_attn.swa_cache
3610177878866109,3610177879045200,3610177879046310,3610177879047090,3610177879150711,3610177879163811,3610177879251012,3610177879253092,3610177879259572,0,4,32,1,model.layers.2.self_attn.compressor.state_cache
3610177879881426,3610177880078297,3610177880079357,3610177880080097,3610177880182148,3610177880194588,3610177880279048,3610177880281288,3610177880288039,0,4,32,1,model.layers.2.self_attn.indexer.compressor.state_cache
3610177881062494,3610177881242655,3610177881243895,3610177881244725,3610177881348035,3610177881361355,3610177881446626,3610177881448856,3610177881455326,0,4,32,1,model.layers.3.self_attn.compressor.state_cache
3610177933580533,3610177934092077,3610177934166547,3610177934435479,3610177934540740,3610177934554660,3610177935193134,3610177936435192,3610177936443532,1,4,32,4,model.layers.2.self_attn.indexer.k_cache
3610177937098796,3610177937270637,3610177937271797,3610177937272507,3610177937369608,3610177937382968,3610177937469269,3610177937524129,3610177937531129,0,4,32,4,model.layers.2.self_attn.attn
3610177938234074,3610177938407275,3610177938408435,3610177938409195,3610177938507465,3610177938521625,3610177938924208,3610177938926978,3610177938933068,0,4,32,128,model.layers.3.self_attn.attn
3610177939639463,3610177939806934,3610177939807994,3610177939808724,3610177939904724,3610177939916164,3610177940335367,3610177940338287,3610177940344347,0,4,32,1,model.layers.0.self_attn.swa_cache
3610177941138402,3610177941312733,3610177941313863,3610177941314673,3610177941412374,3610177941424644,3610177941508115,3610177941510175,3610177941516635,0,4,32,1,model.layers.1.self_attn.swa_cache
3610177942227329,3610177942400380,3610177942401510,3610177942402230,3610177942500701,3610177942512691,3610177942594102,3610177942596062,3610177942602242,0,4,32,1,model.layers.2.self_attn.compressor.state_cache
3610177943200576,3610177943374067,3610177943375147,3610177943375857,3610177943474817,3610177943487018,3610177943569358,3610177943571468,3610177943577468,0,4,32,1,model.layers.2.self_attn.indexer.compressor.state_cache
3610177944347333,3610177944515904,3610177944517174,3610177944517894,3610177944616575,3610177944628845,3610177944710155,3610177944712495,3610177944719175,0,4,32,1,model.layers.3.self_attn.compressor.state_cache
3610177996830073,3610177997350546,3610177997425767,3610177997690908,3610177997797519,3610177997811809,3610177998247912,3610177999861172,3610177999868952,1,4,32,4,model.layers.2.self_attn.indexer.k_cache
3610178000524197,3610178000689808,3610178000690788,3610178000691568,3610178000787518,3610178000800348,3610178000885309,3610178000939459,3610178000946419,0,4,32,4,model.layers.2.self_attn.attn
3610178001645874,3610178001811835,3610178001812875,3610178001813615,3610178001909406,3610178001922876,3610178002335608,3610178002338598,3610178002344408,0,4,32,128,model.layers.3.self_attn.attn
3610178003041613,3610178003210744,3610178003211764,3610178003212484,3610178003308635,3610178003320885,3610178003726887,3610178003729867,3610178003735687,0,4,32,1,model.layers.0.self_attn.swa_cache
3610178004454622,3610178004621553,3610178004622603,3610178004623393,3610178004718944,3610178004731324,3610178004812094,3610178004814174,3610178004820364,0,4,32,1,model.layers.1.self_attn.swa_cache
3610178005500569,3610178005666290,3610178005667380,3610178005668130,3610178005763011,3610178005774881,3610178005856731,3610178005858701,3610178005864741,0,4,32,1,model.layers.2.self_attn.compressor.state_cache
3610178006531206,3610178006708307,3610178006709477,3610178006710217,3610178006812347,3610178006825117,3610178006910238,3610178006912328,3610178006919198,0,4,32,1,model.layers.2.self_attn.indexer.compressor.state_cache
3610178007693533,3610178007874634,3610178007875724,3610178007876554,3610178007982435,3610178007995545,3610178008096916,3610178008099056,3610178008105916,0,4,32,1,model.layers.3.self_attn.compressor.state_cache
3610178060870197,3610178061387330,3610178061461911,3610178061731463,3610178061839153,3610178061853994,3610178062349187,3610178063465724,3610178063473504,1,4,32,4,model.layers.2.self_attn.indexer.k_cache
3610178064135958,3610178064307499,3610178064308479,3610178064309149,3610178064405360,3610178064419100,3610178064501541,3610178064551701,3610178064558611,0,4,32,4,model.layers.2.self_attn.attn
3610178065257366,3610178065426147,3610178065427067,3610178065427897,3610178065524967,3610178065538657,3610178065941440,3610178065944420,3610178065950380,0,4,32,128,model.layers.3.self_attn.attn
3610178066653625,3610178066824936,3610178066825976,3610178066826726,3610178066923626,3610178066935436,3610178067339209,3610178067342199,3610178067348129,0,4,32,1,model.layers.0.self_attn.swa_cache
3610178068068964,3610178068242015,3610178068242915,3610178068243635,3610178068338795,3610178068350636,3610178068431236,3610178068433216,3610178068439536,0,4,32,1,model.layers.1.self_attn.swa_cache
3610178069119141,3610178069279922,3610178069280912,3610178069281692,3610178069376802,3610178069388772,3610178069466923,3610178069468703,3610178069474733,0,4,32,1,model.layers.2.self_attn.compressor.state_cache
3610178070048347,3610178070211818,3610178070212718,3610178070213498,3610178070308638,3610178070320128,3610178070398909,3610178070400789,3610178070407009,0,4,32,1,model.layers.2.self_attn.indexer.compressor.state_cache
3610178071122073,3610178071287375,3610178071288385,3610178071289085,3610178071383605,3610178071395665,3610178071474186,3610178071476146,3610178071482546,0,4,32,1,model.layers.3.self_attn.compressor.state_cache
3610178123324831,3610178123835955,3610178123909095,3610178124189157,3610178124296148,3610178124310338,3610178124743491,3610178126466272,3610178126474282,1,4,32,4,model.layers.2.self_attn.indexer.k_cache
3610178127111106,3610178127280607,3610178127281697,3610178127282477,3610178127380378,3610178127394268,3610178127479518,3610178127532569,3610178127539839,0,4,32,4,model.layers.2.self_attn.attn
3610178128388974,3610178128569185,3610178128570205,3610178128570975,3610178128675246,3610178128689446,3610178129145939,3610178129148879,3610178129155379,0,4,32,128,model.layers.3.self_attn.attn
3610178129930594,3610178130111435,3610178130112505,3610178130113315,3610178130216096,3610178130229946,3610178130665419,3610178130668219,3610178130674769,0,4,32,1,model.layers.0.self_attn.swa_cache
3610178131431514,3610178131612715,3610178131613805,3610178131614585,3610178131718426,3610178131731066,3610178131820246,3610178131822306,3610178131829246,0,4,32,1,model.layers.1.self_attn.swa_cache
3610178132588611,3610178132765792,3610178132766972,3610178132767782,3610178132870863,3610178132883353,3610178132970884,3610178132973274,3610178132980284,0,4,32,1,model.layers.2.self_attn.compressor.state_cache
3610178133608438,3610178133785289,3610178133786509,3610178133787339,3610178133889130,3610178133901930,3610178133988030,3610178133990210,3610178133997270,0,4,32,1,model.layers.2.self_attn.indexer.compressor.state_cache
3610178134768415,3610178134950407,3610178134951527,3610178134952327,3610178135053377,3610178135065437,3610178135152338,3610178135154638,3610178135161328,0,4,32,1,model.layers.3.self_attn.compressor.state_cache
3610178187093964,3610178187603227,3610178187678308,3610178187942019,3610178188065610,3610178188080530,3610178188517573,3610178190286425,3610178190294575,1,4,32,4,model.layers.2.self_attn.indexer.k_cache
3610178190935609,3610178191104730,3610178191105830,3610178191106570,3610178191203541,3610178191217221,3610178191301941,3610178191352882,3610178191359922,0,4,32,4,model.layers.2.self_attn.attn
3610178192083186,3610178192261977,3610178192263017,3610178192263777,3610178192359078,3610178192372448,3610178192770131,3610178192773101,3610178192779691,0,4,32,128,model.layers.3.self_attn.attn
3610178193505905,3610178193735947,3610178193737067,3610178193737847,3610178193843288,3610178193856298,3610178194308161,3610178194311491,3610178194318431,0,4,32,1,model.layers.0.self_attn.swa_cache
3610178195085896,3610178195269357,3610178195270507,3610178195271367,3610178195377188,3610178195390528,3610178195482938,3610178195485058,3610178195491938,0,4,32,1,model.layers.1.self_attn.swa_cache
3610178196252033,3610178196436454,3610178196437714,3610178196438634,3610178196544145,3610178196557675,3610178196647636,3610178196649776,3610178196656756,0,4,32,1,model.layers.2.self_attn.compressor.state_cache
3610178197292920,3610178197475611,3610178197476591,3610178197477261,3610178197582892,3610178197596042,3610178197698443,3610178197700903,3610178197707913,0,4,32,1,model.layers.2.self_attn.indexer.compressor.state_cache
3610178198510098,3610178198693479,3610178198694539,3610178198695419,3610178198800750,3610178198813280,3610178198901180,3610178198903320,3610178198910600,0,4,32,1,model.layers.3.self_attn.compressor.state_cache
3610178250983797,3610178251497951,3610178251571901,3610178251833493,3610178252167375,3610178252182895,3610178252633678,3610178253383423,3610178253391513,1,4,32,4,model.layers.2.self_attn.indexer.k_cache
3610178254023147,3610178254189588,3610178254190678,3610178254191478,3610178254288199,3610178254301829,3610178254384809,3610178254434620,3610178254441780,0,4,32,4,model.layers.2.self_attn.attn
3610178255149904,3610178255318386,3610178255319366,3610178255320036,3610178255414536,3610178255428066,3610178255843409,3610178255846279,3610178255852359,0,4,32,128,model.layers.3.self_attn.attn
3610178256574184,3610178256740985,3610178256741975,3610178256742745,3610178256836025,3610178256847675,3610178257255338,3610178257258168,3610178257264318,0,4,32,1,model.layers.0.self_attn.swa_cache
3610178257993353,3610178258161154,3610178258162314,3610178258163014,3610178258258405,3610178258270565,3610178258351705,3610178258353745,3610178258360055,0,4,32,1,model.layers.1.self_attn.swa_cache
3610178259043520,3610178259208021,3610178259209011,3610178259209841,3610178259305231,3610178259316661,3610178259395522,3610178259397432,3610178259403912,0,4,32,1,model.layers.2.self_attn.compressor.state_cache
3610178259978926,3610178260169457,3610178260170597,3610178260171407,3610178260264948,3610178260276708,3610178260356328,3610178260358288,3610178260364578,0,4,32,1,model.layers.2.self_attn.indexer.compressor.state_cache
3610178261086873,3610178261253604,3610178261254704,3610178261255524,3610178261350445,3610178261362175,3610178261445355,3610178261447415,3610178261454955,0,4,32,1,model.layers.3.self_attn.compressor.state_cache
3610178314675670,3610178315188843,3610178315263263,3610178315522535,3610178315625366,3610178315639366,3610178316081459,3610178317877910,3610178317887050,1,4,32,4,model.layers.2.self_attn.indexer.k_cache
3610178318533865,3610178318706506,3610178318707816,3610178318708566,3610178318805696,3610178318820136,3610178318901987,3610178318952207,3610178318959607,0,4,32,4,model.layers.2.self_attn.attn
3610178319676682,3610178319851703,3610178319852913,3610178319853653,3610178319949894,3610178319964354,3610178320377197,3610178320380157,3610178320386677,0,4,32,128,model.layers.3.self_attn.attn
3610178321100181,3610178321268422,3610178321269412,3610178321270182,3610178321368733,3610178321380773,3610178321790086,3610178321793426,3610178321799776,0,4,32,1,model.layers.0.self_attn.swa_cache
3610178322506130,3610178322681221,3610178322682321,3610178322683051,3610178322778452,3610178322790442,3610178322870253,3610178322872153,3610178322878873,0,4,32,1,model.layers.1.self_attn.swa_cache
3610178323563487,3610178323729738,3610178323730758,3610178323731528,3610178323827159,3610178323839009,3610178323918799,3610178323920799,3610178323927329,0,4,32,1,model.layers.2.self_attn.compressor.state_cache
3610178324526953,3610178324696994,3610178324698064,3610178324698764,3610178324796865,3610178324808945,3610178324889106,3610178324891016,3610178324897456,0,4,32,1,model.layers.2.self_attn.indexer.compressor.state_cache
3610178325647121,3610178325807302,3610178325808322,3610178325808982,3610178325900602,3610178325911742,3610178325984943,3610178325986723,3610178325993213,0,4,32,1,model.layers.3.self_attn.compressor.state_cache
3610178378122760,3610178378620543,3610178378696024,3610178378955056,3610178379054346,3610178379068716,3610178379480489,3610178381291791,3610178381300031,1,4,32,4,model.layers.2.self_attn.indexer.k_cache
3610178381973765,3610178382153496,3610178382154686,3610178382155526,3610178382257277,3610178382271857,3610178382358988,3610178382412848,3610178382420378,0,4,32,4,model.layers.2.self_attn.attn
3610178383167553,3610178383350244,3610178383351264,3610178383351994,3610178383455945,3610178383470455,3610178383908998,3610178383911978,3610178383918588,0,4,32,128,model.layers.3.self_attn.attn
3610178384681373,3610178384858174,3610178384859194,3610178384860014,3610178384959604,3610178384972085,3610178385393207,3610178385396127,3610178385402667,0,4,32,1,model.layers.0.self_attn.swa_cache
3610178386136872,3610178386314293,3610178386315463,3610178386316183,3610178386418484,3610178386431274,3610178386516045,3610178386518005,3610178386524895,0,4,32,1,model.layers.1.self_attn.swa_cache
3610178387251409,3610178387424430,3610178387425450,3610178387426260,3610178387526451,3610178387538411,3610178387623432,3610178387625862,3610178387632482,0,4,32,1,model.layers.2.self_attn.compressor.state_cache
3610178388248976,3610178388426417,3610178388427587,3610178388428417,3610178388529728,3610178388542668,3610178388627308,3610178388629318,3610178388636458,0,4,32,1,model.layers.2.self_attn.indexer.compressor.state_cache
3610178389403003,3610178389579144,3610178389580104,3610178389580854,3610178389682465,3610178389695065,3610178389779446,3610178389781486,3610178389788546,0,4,32,1,model.layers.3.self_attn.compressor.state_cache
3610178446604663,3610178447359858,3610178447436869,3610178447708461,3610178447810081,3610178447824541,3610178448270914,3610178448974819,3610178448983669,1,4,32,4,model.layers.2.self_attn.indexer.k_cache
3610178449630533,3610178449799044,3610178449800114,3610178449800874,3610178449897015,3610178449910155,3610178449994305,3610178450049766,3610178450056926,0,4,32,4,model.layers.2.self_attn.attn
3610178450741410,3610178450901571,3610178450902721,3610178450903391,3610178450995662,3610178451009292,3610178451395534,3610178451398444,3610178451404634,0,4,32,128,model.layers.3.self_attn.attn
3610178452118489,3610178452284490,3610178452285500,3610178452286280,3610178452380741,3610178452392901,3610178452782943,3610178452785753,3610178452791743,0,4,32,1,model.layers.0.self_attn.swa_cache
3610178453479898,3610178453650589,3610178453651659,3610178453652409,3610178453746670,3610178453758240,3610178453837010,3610178453839150,3610178453845520,0,4,32,1,model.layers.1.self_attn.swa_cache
3610178454511195,3610178454676466,3610178454677436,3610178454678176,3610178454770046,3610178454781636,3610178454859087,3610178454861207,3610178454867587,0,4,32,1,model.layers.2.self_attn.compressor.state_cache
3610178455428010,3610178455588972,3610178455589862,3610178455590612,3610178455684952,3610178455696152,3610178455772343,3610178455774053,3610178455780133,0,4,32,1,model.layers.2.self_attn.indexer.compressor.state_cache
3610178456492357,3610178456655648,3610178456656548,3610178456657338,3610178456752209,3610178456764659,3610178456843420,3610178456845300,3610178456851780,0,4,32,1,model.layers.3.self_attn.compressor.state_cache
3610178508788276,3610178509298219,3610178509372860,3610178509634981,3610178509735362,3610178509749392,3610178510168745,3610178511966476,3610178511974446,1,4,32,4,model.layers.2.self_attn.indexer.k_cache
3610178512611671,3610178512776172,3610178512777102,3610178512777792,3610178512872172,3610178512885682,3610178512964513,3610178513014613,3610178513021533,0,4,32,4,model.layers.2.self_attn.attn
3610178513698268,3610178513859389,3610178513860329,3610178513861079,3610178513954479,3610178513968139,3610178514450352,3610178514453652,3610178514460443,0,4,32,128,model.layers.3.self_attn.attn
3610178515204917,3610178515390939,3610178515392079,3610178515392829,3610178515494419,3610178515507119,3610178515937182,3610178515940582,3610178515947402,0,4,32,1,model.layers.0.self_attn.swa_cache
3610178516703087,3610178516878678,3610178516879998,3610178516880838,3610178516983269,3610178516995529,3610178517081259,3610178517083559,3610178517090920,0,4,32,1,model.layers.1.self_attn.swa_cache
3610178517819474,3610178518000685,3610178518001775,3610178518002635,3610178518105106,3610178518117996,3610178518203907,3610178518205817,3610178518212887,0,4,32,1,model.layers.2.self_attn.compressor.state_cache
3610178518841011,3610178519017942,3610178519019042,3610178519019762,3610178519121163,3610178519133703,3610178519220443,3610178519222563,3610178519229243,0,4,32,1,model.layers.2.self_attn.indexer.compressor.state_cache
3610178519990358,3610178520184870,3610178520185970,3610178520186760,3610178520288130,3610178520300110,3610178520384601,3610178520386761,3610178520393871,0,4,32,1,model.layers.3.self_attn.compressor.state_cache
3610178575357797,3610178575883640,3610178575959010,3610178576266952,3610178576376823,3610178576391383,3610178576881266,3610178577628211,3610178577636221,1,3,24,4,model.layers.2.self_attn.indexer.k_cache
3610178578298536,3610178578468797,3610178578469857,3610178578470597,3610178578565917,3610178578579307,3610178578660668,3610178578709688,3610178578716428,0,3,24,4,model.layers.2.self_attn.attn
3610178579399153,3610178579563744,3610178579564964,3610178579565724,3610178579659844,3610178579673365,3610178580104027,3610178580106887,3610178580113157,0,3,24,128,model.layers.3.self_attn.attn
3610178580845762,3610178581012673,3610178581013693,3610178581014393,3610178581111564,3610178581123394,3610178581514266,3610178581517146,3610178581523287,0,3,24,1,model.layers.0.self_attn.swa_cache
3610178582216071,3610178582392052,3610178582393182,3610178582394012,3610178582490743,3610178582502843,3610178582583603,3610178582585473,3610178582592333,0,3,24,1,model.layers.1.self_attn.swa_cache
3610178583291108,3610178583458779,3610178583459789,3610178583460539,3610178583555720,3610178583567800,3610178583645920,3610178583647730,3610178583654310,0,3,24,1,model.layers.2.self_attn.compressor.state_cache
3610178584229944,3610178584391925,3610178584392995,3610178584393865,3610178584488216,3610178584500186,3610178584581106,3610178584583056,3610178584589486,0,3,24,1,model.layers.2.self_attn.indexer.compressor.state_cache
3610178585297971,3610178585458472,3610178585459422,3610178585460162,3610178585552673,3610178585564223,3610178585639733,3610178585641783,3610178585648313,0,3,24,1,model.layers.3.self_attn.compressor.state_cache
3610178637548709,3610178638048122,3610178638122793,3610178638388255,3610178638493005,3610178638507095,3610178638940198,3610178639661343,3610178639669573,1,3,24,4,model.layers.2.self_attn.indexer.k_cache
3610178640324477,3610178640492858,3610178640493968,3610178640494708,3610178640591109,3610178640605029,3610178640685889,3610178640736210,3610178640743860,0,3,24,4,model.layers.2.self_attn.attn
3610178641433714,3610178641595295,3610178641596335,3610178641597075,3610178641692146,3610178641705696,3610178642101799,3610178642104639,3610178642110979,0,3,24,128,model.layers.3.self_attn.attn
3610178642806373,3610178642975834,3610178642977004,3610178642977764,3610178643073065,3610178643084665,3610178643481897,3610178643484367,3610178643490728,0,3,24,1,model.layers.0.self_attn.swa_cache
3610178644244462,3610178644410993,3610178644412153,3610178644412943,3610178644508784,3610178644520854,3610178644600935,3610178644602715,3610178644609685,0,3,24,1,model.layers.1.self_attn.swa_cache
3610178645294939,3610178645462930,3610178645463990,3610178645464750,3610178645564271,3610178645576731,3610178645657112,3610178645659102,3610178645665662,0,3,24,1,model.layers.2.self_attn.compressor.state_cache
3610178646233545,3610178646396246,3610178646397286,3610178646397966,3610178646491347,3610178646503347,3610178646580918,3610178646582608,3610178646589218,0,3,24,1,model.layers.2.self_attn.indexer.compressor.state_cache
3610178647296442,3610178647459793,3610178647460723,3610178647461503,3610178647554034,3610178647565994,3610178647644474,3610178647646534,3610178647653124,0,3,24,1,model.layers.3.self_attn.compressor.state_cache
3610178698941426,3610178699447070,3610178699522490,3610178699787282,3610178699889962,3610178699904193,3610178700439746,3610178701532673,3610178701541053,1,3,24,4,model.layers.2.self_attn.indexer.k_cache
3610178702170727,3610178702336718,3610178702337888,3610178702338558,3610178702432969,3610178702446529,3610178702527439,3610178702577540,3610178702584610,0,3,24,4,model.layers.2.self_attn.attn
3610178703289434,3610178703454405,3610178703455515,3610178703456275,3610178703559636,3610178703573666,3610178703986219,3610178703989009,3610178703995379,0,3,24,128,model.layers.3.self_attn.attn
3610178704711744,3610178704877025,3610178704878155,3610178704878875,3610178704973005,3610178704985185,3610178705371568,3610178705374418,3610178705380608,0,3,24,1,model.layers.0.self_attn.swa_cache
3610178706074992,3610178706238113,3610178706239073,3610178706239783,3610178706334724,3610178706347384,3610178706426455,3610178706428405,3610178706434685,0,3,24,1,model.layers.1.self_attn.swa_cache
3610178707109669,3610178707273000,3610178707273980,3610178707274690,3610178707367691,3610178707380041,3610178707457831,3610178707459611,3610178707466091,0,3,24,1,model.layers.2.self_attn.compressor.state_cache
3610178708052045,3610178708223306,3610178708224366,3610178708225136,3610178708321757,3610178708333897,3610178708413728,3610178708415668,3610178708422298,0,3,24,1,model.layers.2.self_attn.indexer.compressor.state_cache
3610178709139752,3610178709303283,3610178709304433,3610178709305143,3610178709398624,3610178709410194,3610178709488085,3610178709490005,3610178709496405,0,3,24,1,model.layers.3.self_attn.compressor.state_cache
3610178762421027,3610178762940510,3610178763015791,3610178763281962,3610178763385403,3610178763400013,3610178764048707,3610178765113294,3610178765121554,1,3,24,4,model.layers.2.self_attn.indexer.k_cache
3610178765782549,3610178765951930,3610178765952900,3610178765953690,3610178766048430,3610178766062020,3610178766144901,3610178766194691,3610178766201961,0,3,24,4,model.layers.2.self_attn.attn
3610178766885486,3610178767053967,3610178767055057,3610178767055807,3610178767149848,3610178767163908,3610178767556080,3610178767559190,3610178767565840,0,3,24,128,model.layers.3.self_attn.attn
3610178768265205,3610178768428026,3610178768429176,3610178768429976,3610178768530436,3610178768542727,3610178768929189,3610178768932309,3610178768938329,0,3,24,1,model.layers.0.self_attn.swa_cache
3610178769636794,3610178769801155,3610178769802295,3610178769803045,3610178769897965,3610178769909795,3610178769988876,3610178769991156,3610178769997706,0,3,24,1,model.layers.1.self_attn.swa_cache
3610178770676130,3610178770842041,3610178770843051,3610178770843841,3610178770938022,3610178770950222,3610178771029033,3610178771031083,3610178771037673,0,3,24,1,model.layers.2.self_attn.compressor.state_cache
3610178771616436,3610178771780627,3610178771781597,3610178771782317,3610178771877188,3610178771888538,3610178771967479,3610178771969469,3610178771975649,0,3,24,1,model.layers.2.self_attn.indexer.compressor.state_cache
3610178772703303,3610178772867404,3610178772868314,3610178772869074,3610178772963665,3610178772975625,3610178773055956,3610178773058106,3610178773064396,0,3,24,1,model.layers.3.self_attn.compressor.state_cache
3610178826398591,3610178826911814,3610178826985385,3610178827265546,3610178827372297,3610178827388127,3610178828085212,3610178828991488,3610178828999858,1,2,16,4,model.layers.2.self_attn.indexer.k_cache
3610178829675842,3610178829839693,3610178829840743,3610178829841613,3610178829937794,3610178829951184,3610178830035094,3610178830087095,3610178830094595,0,2,16,4,model.layers.2.self_attn.attn
3610178830788679,3610178830962020,3610178830963050,3610178830963800,3610178831061631,3610178831074761,3610178831472604,3610178831475164,3610178831481314,0,2,16,128,model.layers.3.self_attn.attn
3610178832200198,3610178832364609,3610178832365559,3610178832366369,3610178832461240,3610178832472730,3610178832861663,3610178832864513,3610178832870733,0,2,16,1,model.layers.0.self_attn.swa_cache
3610178833568567,3610178833732398,3610178833733408,3610178833734248,3610178833828159,3610178833839509,3610178833919019,3610178833920809,3610178833927149,0,2,16,1,model.layers.1.self_attn.swa_cache
3610178834605564,3610178834767475,3610178834768575,3610178834769415,3610178834862926,3610178834874616,3610178834954756,3610178834956616,3610178834962716,0,2,16,1,model.layers.2.self_attn.compressor.state_cache
3610178835559530,3610178835725561,3610178835726581,3610178835727371,3610178835823662,3610178835835212,3610178835913312,3610178835915312,3610178835921392,0,2,16,1,model.layers.2.self_attn.indexer.compressor.state_cache
3610178836649087,3610178836811318,3610178836812228,3610178836812948,3610178836907539,3610178836919359,3610178836997949,3610178836999719,3610178837005989,0,2,16,1,model.layers.3.self_attn.compressor.state_cache
3610178890459495,3610178890979809,3610178891055439,3610178891325691,3610178891427651,3610178891442592,3610178891878554,3610178894439971,3610178894448311,1,1,8,4,model.layers.2.self_attn.indexer.k_cache
3610178895094565,3610178895259896,3610178895260976,3610178895261796,3610178895357347,3610178895370627,3610178895449697,3610178895498518,3610178895505288,0,1,8,4,model.layers.2.self_attn.attn
3610178896368693,3610178896564805,3610178896566075,3610178896566975,3610178896678795,3610178896695745,3610178897171479,3610178897174679,3610178897182199,0,1,8,128,model.layers.3.self_attn.attn
3610178898025304,3610178898221275,3610178898222515,3610178898223385,3610178898335936,3610178898350026,3610178898820919,3610178898824469,3610178898831769,0,1,8,1,model.layers.0.self_attn.swa_cache
3610178899676565,3610178899878816,3610178899880156,3610178899881046,3610178899995357,3610178900022367,3610178900124568,3610178900126988,3610178900134758,0,1,8,1,model.layers.1.self_attn.swa_cache
3610178900994593,3610178901193785,3610178901194865,3610178901195745,3610178901314685,3610178901329365,3610178901426866,3610178901429106,3610178901436606,0,1,8,1,model.layers.2.self_attn.compressor.state_cache
3610178902130041,3610178902324782,3610178902326152,3610178902327012,3610178902439393,3610178902453453,3610178902547153,3610178902549363,3610178902557133,0,1,8,1,model.layers.2.self_attn.indexer.compressor.state_cache
3610178903414589,3610178903609540,3610178903610800,3610178903611660,3610178903726901,3610178903741041,3610178903833972,3610178903836262,3610178903843472,0,1,8,1,model.layers.3.self_attn.compressor.state_cache
3610178956659783,3610178957389888,3610178957465639,3610178957743080,3610178957851761,3610178957866401,3610178958323514,3610178959060059,3610178959068629,1,1,8,4,model.layers.2.self_attn.indexer.k_cache
3610178959735243,3610178959905564,3610178959906694,3610178959907394,3610178960017835,3610178960031365,3610178960118246,3610178960170056,3610178960177306,0,1,8,4,model.layers.2.self_attn.attn
3610178960863111,3610178961026702,3610178961027652,3610178961028322,3610178961121802,3610178961135382,3610178961548085,3610178961550815,3610178961557165,0,1,8,128,model.layers.3.self_attn.attn
3610178962257710,3610178962420321,3610178962421441,3610178962422211,3610178962514491,3610178962526141,3610178962918654,3610178962921474,3610178962927464,0,1,8,1,model.layers.0.self_attn.swa_cache
3610178963616878,3610178963783039,3610178963784129,3610178963784799,3610178963880490,3610178963892010,3610178963971951,3610178963974011,3610178963980121,0,1,8,1,model.layers.1.self_attn.swa_cache
3610178964671325,3610178964832716,3610178964833676,3610178964834386,3610178964927547,3610178964939387,3610178965019337,3610178965021237,3610178965027378,0,1,8,1,model.layers.2.self_attn.compressor.state_cache
3610178965590771,3610178965750172,3610178965751282,3610178965751992,3610178965845973,3610178965857223,3610178965935033,3610178965936823,3610178965943273,0,1,8,1,model.layers.2.self_attn.indexer.compressor.state_cache
3610178966657968,3610178966821229,3610178966822349,3610178966823059,3610178966918080,3610178966929340,3610178967010730,3610178967012730,3610178967019360,0,1,8,1,model.layers.3.self_attn.compressor.state_cache
3610179018433103,3610179018946666,3610179019020287,3610179019283208,3610179019384979,3610179019399699,3610179019823942,3610179022470689,3610179022478929,1,1,8,4,model.layers.2.self_attn.indexer.k_cache
3610179023117463,3610179023284774,3610179023285814,3610179023286544,3610179023383795,3610179023396995,3610179023476436,3610179023525536,3610179023532446,0,1,8,4,model.layers.2.self_attn.attn
3610179024252571,3610179024412512,3610179024413592,3610179024414282,3610179024508142,3610179024521502,3610179024920065,3610179024922785,3610179024928795,0,1,8,128,model.layers.3.self_attn.attn
3610179025628350,3610179025793601,3610179025794631,3610179025795341,3610179025889571,3610179025900791,3610179026293794,3610179026296624,3610179026302744,0,1,8,1,model.layers.0.self_attn.swa_cache
3610179026998158,3610179027166159,3610179027167209,3610179027167909,3610179027262950,3610179027274700,3610179027354111,3610179027355881,3610179027362241,0,1,8,1,model.layers.1.self_attn.swa_cache
3610179028101956,3610179028307217,3610179028308507,3610179028309437,3610179028423928,3610179028438238,3610179028533318,3610179028535478,3610179028543008,0,1,8,1,model.layers.2.self_attn.compressor.state_cache
3610179029232993,3610179029430724,3610179029431934,3610179029432874,3610179029546435,3610179029560635,3610179029653526,3610179029655696,3610179029663286,0,1,8,1,model.layers.2.self_attn.indexer.compressor.state_cache
3610179030519721,3610179030721912,3610179030723132,3610179030723852,3610179030837943,3610179030852243,3610179030947194,3610179030949494,3610179030956804,0,1,8,1,model.layers.3.self_attn.compressor.state_cache
3610179083577514,3610179084105648,3610179084182518,3610179084447900,3610179084766142,3610179084780892,3610179085245695,3610179085970720,3610179085979100,1,1,8,4,model.layers.2.self_attn.indexer.k_cache
3610179086661294,3610179086829145,3610179086830165,3610179086830815,3610179086926196,3610179086939576,3610179087022327,3610179087073027,3610179087079607,0,1,8,4,model.layers.2.self_attn.attn
3610179087771131,3610179087938163,3610179087939253,3610179087940013,3610179088060963,3610179088075723,3610179088475326,3610179088478166,3610179088484286,0,1,8,128,model.layers.3.self_attn.attn
3610179089190591,3610179089353832,3610179089354802,3610179089355532,3610179089451842,3610179089463612,3610179089859635,3610179089862465,3610179089868485,0,1,8,1,model.layers.0.self_attn.swa_cache
3610179090562940,3610179090728191,3610179090729221,3610179090729951,3610179090823541,3610179090836081,3610179090916292,3610179090918002,3610179090924692,0,1,8,1,model.layers.1.self_attn.swa_cache
3610179091610096,3610179091776977,3610179091777977,3610179091778717,3610179091872298,3610179091883968,3610179091963209,3610179091965299,3610179091971389,0,1,8,1,model.layers.2.self_attn.compressor.state_cache
3610179092553532,3610179092714853,3610179092715833,3610179092716493,3610179092810864,3610179092823284,3610179092903225,3610179092905285,3610179092911225,0,1,8,1,model.layers.2.self_attn.indexer.compressor.state_cache
3610179093620069,3610179093786880,3610179093787990,3610179093788690,3610179093883031,3610179093894281,3610179093973732,3610179093975662,3610179093981982,0,1,8,1,model.layers.3.self_attn.compressor.state_cache
3610179145750927,3610179146266590,3610179146342280,3610179146606892,3610179146711123,3610179146725733,3610179147170726,3610179148873097,3610179148880937,1,1,8,4,model.layers.2.self_attn.indexer.k_cache
3610179149612172,3610179149794563,3610179149795593,3610179149796473,3610179149907723,3610179149921534,3610179150012854,3610179150067414,3610179150075645,0,1,8,4,model.layers.2.self_attn.attn
3610179150841019,3610179151017691,3610179151018751,3610179151019501,3610179151123481,3610179151137661,3610179151570424,3610179151573364,3610179151580104,0,1,8,128,model.layers.3.self_attn.attn
3610179152360569,3610179152541770,3610179152542870,3610179152543630,3610179152645851,3610179152658931,3610179153101624,3610179153104564,3610179153110884,0,1,8,1,model.layers.0.self_attn.swa_cache
3610179153863049,3610179154043280,3610179154044360,3610179154045110,3610179154149881,3610179154162611,3610179154248921,3610179154251042,3610179154257912,0,1,8,1,model.layers.1.self_attn.swa_cache
3610179154995226,3610179155171637,3610179155172837,3610179155173507,3610179155274778,3610179155287188,3610179155374499,3610179155376509,3610179155383189,0,1,8,1,model.layers.2.self_attn.compressor.state_cache
3610179156019713,3610179156212584,3610179156213694,3610179156214534,3610179156319415,3610179156331505,3610179156418006,3610179156419836,3610179156426386,0,1,8,1,model.layers.2.self_attn.indexer.compressor.state_cache
3610179157206871,3610179157398342,3610179157399402,3610179157400182,3610179157502623,3610179157514963,3610179157637403,3610179157639263,3610179157645573,0,1,8,1,model.layers.3.self_attn.compressor.state_cache
3610179209190287,3610179209698690,3610179209772661,3610179210034472,3610179210137383,3610179210151883,3610179210578776,3610179212046325,3610179212054285,1,1,8,4,model.layers.2.self_attn.indexer.k_cache
3610179212703750,3610179212872751,3610179212873771,3610179212874591,3610179212971941,3610179212984991,3610179213068512,3610179213120152,3610179213126602,0,1,8,4,model.layers.2.self_attn.attn
3610179213812817,3610179213980328,3610179213981338,3610179213982058,3610179214075678,3610179214089129,3610179214492261,3610179214495251,3610179214542722,0,1,8,128,model.layers.3.self_attn.attn
3610179215296586,3610179215476778,3610179215478028,3610179215478828,3610179215581098,3610179215593648,3610179216035561,3610179216038341,3610179216044871,0,1,8,1,model.layers.0.self_attn.swa_cache
3610179216798916,3610179216983057,3610179216984097,3610179216984887,3610179217088658,3610179217101888,3610179217190199,3610179217192279,3610179217199039,0,1,8,1,model.layers.1.self_attn.swa_cache
3610179217931283,3610179218110285,3610179218111515,3610179218112215,3610179218215535,3610179218228565,3610179218312716,3610179218314966,3610179218321456,0,1,8,1,model.layers.2.self_attn.compressor.state_cache
3610179218965390,3610179219141161,3610179219142381,3610179219143091,3610179219246332,3610179219259242,3610179219344453,3610179219346653,3610179219353523,0,1,8,1,model.layers.2.self_attn.indexer.compressor.state_cache
3610179220140348,3610179220315679,3610179220316719,3610179220317519,3610179220421610,3610179220433870,3610179220516140,3610179220518020,3610179220524830,0,1,8,1,model.layers.3.self_attn.compressor.state_cache
3610179272380626,3610179272897309,3610179272973789,3610179273241551,3610179273344342,3610179273358932,3610179273786265,3610179275301855,3610179275309685,1,1,8,4,model.layers.2.self_attn.indexer.k_cache
3610179275951139,3610179276141000,3610179276142180,3610179276142920,3610179276238461,3610179276251941,3610179276333241,3610179276382762,3610179276389872,0,1,8,4,model.layers.2.self_attn.attn
3610179277084506,3610179277253927,3610179277254987,3610179277255697,3610179277351828,3610179277365648,3610179277766310,3610179277769261,3610179277775201,0,1,8,128,model.layers.3.self_attn.attn
3610179278474955,3610179278644636,3610179278645756,3610179278646476,3610179278741457,3610179278753777,3610179279150749,3610179279153539,3610179279159580,0,1,8,1,model.layers.0.self_attn.swa_cache
3610179279933185,3610179280131256,3610179280132306,3610179280133086,3610179280240327,3610179280253777,3610179280341737,3610179280343707,3610179280350637,0,1,8,1,model.layers.1.self_attn.swa_cache
3610179281093722,3610179281269623,3610179281270703,3610179281271503,3610179281372254,3610179281384654,3610179281469504,3610179281471664,3610179281478385,0,1,8,1,model.layers.2.self_attn.compressor.state_cache
3610179282096899,3610179282275040,3610179282276190,3610179282276980,3610179282379750,3610179282392330,3610179282482121,3610179282484181,3610179282490601,0,1,8,1,model.layers.2.self_attn.indexer.compressor.state_cache
3610179283258696,3610179283436537,3610179283437867,3610179283438727,3610179283540278,3610179283553308,3610179283637608,3610179283639848,3610179283646799,0,1,8,1,model.layers.3.self_attn.compressor.state_cache
3610179335395523,3610179335899777,3610179335972217,3610179336249739,3610179336355059,3610179336369500,3610179336806632,3610179338350232,3610179338358412,1,1,8,4,model.layers.2.self_attn.indexer.k_cache
3610179338993917,3610179339161178,3610179339162108,3610179339162778,3610179339258598,3610179339272538,3610179339354279,3610179339404709,3610179339411509,0,1,8,4,model.layers.2.self_attn.attn
3610179340122984,3610179340291105,3610179340292225,3610179340292895,3610179340386606,3610179340399796,3610179340798188,3610179340801038,3610179340807218,0,1,8,128,model.layers.3.self_attn.attn
3610179341518603,3610179341690674,3610179341691634,3610179341692304,3610179341789095,3610179341801465,3610179342197477,3610179342200127,3610179342206207,0,1,8,1,model.layers.0.self_attn.swa_cache
3610179342901592,3610179343071433,3610179343072393,3610179343073073,3610179343169544,3610179343182064,3610179343262294,3610179343264454,3610179343270984,0,1,8,1,model.layers.1.self_attn.swa_cache
3610179343950289,3610179344131620,3610179344132670,3610179344133440,3610179344273341,3610179344286421,3610179344371821,3610179344373981,3610179344380551,0,1,8,1,model.layers.2.self_attn.compressor.state_cache
3610179345002105,3610179345177597,3610179345178667,3610179345179467,3610179345280437,3610179345292927,3610179345375408,3610179345377328,3610179345384148,0,1,8,1,model.layers.2.self_attn.indexer.compressor.state_cache
3610179346157403,3610179346337064,3610179346338214,3610179346338914,3610179346441065,3610179346453545,3610179346540735,3610179346542775,3610179346549735,0,1,8,1,model.layers.3.self_attn.compressor.state_cache
3610179398241960,3610179398768363,3610179398842594,3610179399111945,3610179399218336,3610179399232926,3610179399667399,3610179400866967,3610179400875187,1,1,8,4,model.layers.2.self_attn.indexer.k_cache
3610179401532751,3610179401700832,3610179401701802,3610179401702542,3610179401798643,3610179401812123,3610179401896513,3610179401950644,3610179401957534,0,1,8,4,model.layers.2.self_attn.attn
3610179402679779,3610179402842650,3610179402843620,3610179402844390,3610179402939710,3610179402953050,3610179403348963,3610179403351753,3610179403358043,0,1,8,128,model.layers.3.self_attn.attn
3610179404082098,3610179404252119,3610179404253119,3610179404253829,3610179404350139,3610179404362369,3610179404755342,3610179404757862,3610179404764162,0,1,8,1,model.layers.0.self_attn.swa_cache
3610179405472117,3610179405634278,3610179405635298,3610179405636028,3610179405730798,3610179405742678,3610179405823419,3610179405825459,3610179405831819,0,1,8,1,model.layers.1.self_attn.swa_cache
3610179406512703,3610179406672934,3610179406673814,3610179406674514,3610179406769275,3610179406781035,3610179406862456,3610179406864356,3610179406870666,0,1,8,1,model.layers.2.self_attn.compressor.state_cache
3610179407439849,3610179407605030,3610179407606030,3610179407606770,3610179407702351,3610179407714141,3610179407794412,3610179407796472,3610179407803012,0,1,8,1,model.layers.2.self_attn.indexer.compressor.state_cache
3610179408542346,3610179408704807,3610179408705687,3610179408706437,3610179408812708,3610179408825058,3610179408915169,3610179408917129,3610179408923709,0,1,8,1,model.layers.3.self_attn.compressor.state_cache
3610179460608343,3610179461125427,3610179461198837,3610179461459699,3610179461561359,3610179461575789,3610179462004652,3610179463804454,3610179463812814,1,1,8,4,model.layers.2.self_attn.indexer.k_cache
3610179464469528,3610179464636579,3610179464637769,3610179464638479,3610179464734010,3610179464746820,3610179464832071,3610179464886541,3610179464894231,0,1,8,4,model.layers.2.self_attn.attn
3610179465592055,3610179465753667,3610179465754727,3610179465755437,3610179465850987,3610179465864407,3610179466265190,3610179466268160,3610179466274700,0,1,8,128,model.layers.3.self_attn.attn
3610179467070345,3610179467249616,3610179467250826,3610179467251676,3610179467356097,3610179467368437,3610179467796980,3610179467800210,3610179467806810,0,1,8,1,model.layers.0.self_attn.swa_cache
3610179468589665,3610179468767186,3610179468768256,3610179468769096,3610179468870767,3610179468882997,3610179468971427,3610179468973477,3610179468980527,0,1,8,1,model.layers.1.self_attn.swa_cache
3610179469724592,3610179469900463,3610179469901573,3610179469902363,3610179470003124,3610179470016194,3610179470100355,3610179470102255,3610179470109505,0,1,8,1,model.layers.2.self_attn.compressor.state_cache
3610179470727529,3610179470905360,3610179470906630,3610179470907440,3610179471009841,3610179471022881,3610179471107921,3610179471110001,3610179471116971,0,1,8,1,model.layers.2.self_attn.indexer.compressor.state_cache
3610179471891606,3610179472079517,3610179472080687,3610179472081457,3610179472184018,3610179472196528,3610179472282769,3610179472284829,3610179472291809,0,1,8,1,model.layers.3.self_attn.compressor.state_cache
3610179523958713,3610179524494186,3610179524569507,3610179524835339,3610179524941129,3610179524955189,3610179525382272,3610179526621120,3610179526629310,1,1,8,4,model.layers.2.self_attn.indexer.k_cache
3610179527271464,3610179527441496,3610179527442396,3610179527443156,3610179527542346,3610179527555486,3610179527641747,3610179527693377,3610179527700617,0,1,8,4,model.layers.2.self_attn.attn
3610179528400692,3610179528563093,3610179528564193,3610179528564983,3610179528659203,3610179528672734,3610179529066606,3610179529069756,3610179529076176,0,1,8,128,model.layers.3.self_attn.attn
3610179529781951,3610179529947142,3610179529948182,3610179529948882,3610179530044572,3610179530057082,3610179530454465,3610179530457315,3610179530463575,0,1,8,1,model.layers.0.self_attn.swa_cache
3610179531174230,3610179531342111,3610179531343051,3610179531343841,3610179531439331,3610179531450631,3610179531531212,3610179531533162,3610179531539782,0,1,8,1,model.layers.1.self_attn.swa_cache
3610179532245417,3610179532413358,3610179532414358,3610179532415078,3610179532512648,3610179532524818,3610179532605889,3610179532607899,3610179532614659,0,1,8,1,model.layers.2.self_attn.compressor.state_cache
3610179533231833,3610179533399674,3610179533400594,3610179533401294,3610179533496065,3610179533507895,3610179533589095,3610179533590855,3610179533597035,0,1,8,1,model.layers.2.self_attn.indexer.compressor.state_cache
3610179534322120,3610179534491021,3610179534492021,3610179534492651,3610179534589772,3610179534601182,3610179534680002,3610179534681842,3610179534688622,0,1,8,1,model.layers.3.self_attn.compressor.state_cache
