Name,Input Shapes,Call Stack,Host Self Duration(us),Host Total Duration(us),Device Self Duration(us),Device Total Duration(us),Device Self Duration With AICore(us),Device Total Duration With AICore(us)
npu_fx_compiler inference,,,17917.19,445681.12,0,43491.2905,0,0
aten::ge,,,273.98,2337.63,0,3.54,0,0
empty_tensor,,,2038.54,2038.54,0,0,0,0
aclnnGeScalar,,,25.11,25.11,3.54,3.54,0,0
aten::lt,,,108.5,126.42,0,3.42,0,0
empty_tensor,,,11.8,11.8,0,0,0,0
aclnnLtScalar,,,6.12,6.12,3.42,3.42,0,0
aten::bitwise_and,,,90.57,106.22,0,1.6,0,0
empty_tensor,,,10.54,10.54,0,0,0,0
aclnnBitwiseAndTensor,,,5.11,5.11,1.6,1.6,0,0
aten::mul,,,110.41,136.76,0,3.06,0,0
empty_tensor,,,11.04,11.04,0,0,0,0
aten::item,,,4.74,11.01,0,0,0,0
aten::_local_scalar_dense,,,6.27,6.27,0,0,0,0
aclnnMuls,,,4.3,4.3,3.06,3.06,0,0
aten::sub,,,101.77,115.16,0,3.8,0,0
empty_tensor,,,8.92,8.92,0,0,0,0
aclnnSub,,,4.47,4.47,3.8,3.8,0,0
aten::mul,,,67.27,78.2,0,3.2,0,0
empty_tensor,,,6.92,6.92,0,0,0,0
aclnnMul,,,4.01,4.01,3.2,3.2,0,0
aten::bitwise_not,,,68.2,79.36,0,1.12,0,0
empty_tensor,,,7.38,7.38,0,0,0,0
aclnnBitwiseNot,,,3.78,3.78,1.12,1.12,0,0
aten::embedding,,,86.28,108.39,0,7.06,0,0
empty_tensor,,,10.33,10.33,0,0,0,0
aclnnEmbedding,,,11.78,11.78,7.06,7.06,0,0
aten::unsqueeze,,,8.25,19.4,0,0,0,0
aten::as_strided,,,11.15,11.15,0,0,0,0
aten::masked_fill,,,1594.1,1853.41,0,19.3005,0,0
aten::expand,,,7.68,13.71,0,0,0,0
aten::as_strided,,,6.03,6.03,0,0,0,0
aten::expand,,,1.37,2.74,0,0,0,0
aten::as_strided,,,1.37,1.37,0,0,0,0
aten::clone,,,14.88,140.13,0,6.9205,0,0
empty_tensor,,,20.12,20.12,0,0,0,0
aten::copy_,,,90.74,105.13,0,6.9205,0,0
aclnnInplaceCopy,,,14.39,14.39,6.9205,6.9205,0,0
aten::masked_fill_,,,90.23,102.73,0,12.38,0,0
aclnnInplaceMaskedFillScalar,,,12.5,12.5,12.38,12.38,0,0
vllm::maybe_pad_and_reduce,,,99.38,542.28,0,12.84,0,0
vllm::reduce_scatter,,,209.52,442.9,0,12.84,0,0
aten::movedim,,,4.53,25.06,0,0,0,0
aten::movedim,,,7.35,20.53,0,0,0,0
aten::permute,,,5.78,13.18,0,0,0,0
aten::as_strided,,,7.4,7.4,0,0,0,0
aten::empty,,,6.72,20.8,0,0,0,0
empty_tensor,,,14.08,14.08,0,0,0,0
c10d::_reduce_scatter_base_,,,124.88,168.61,0,12.82,0,0
record_event,,,17.05,17.05,0.02,0.02,0,0
wait_event,,,3.7,3.7,0.02,0.02,0,0
HcclReduceScatterBase,,,6.04,8.31,0,12.56,0,0
HcclReduceScatter,,,2.27,2.27,12.56,12.56,0,0
record_event,,,11.57,11.57,0.02,0.02,0,0
record_event,,,3.1,3.1,0.2,0.2,0,0
wait_event,,,3.49,3.49,0.02,0.02,0,0
destroy_event,,,2.28,2.28,0,0,0,0
aten::movedim,,,1.71,13.14,0,0,0,0
aten::movedim,,,2.58,11.43,0,0,0,0
aten::permute,,,3.06,8.85,0,0,0,0
aten::as_strided,,,5.79,5.79,0,0,0,0
aten::unsqueeze,,,4.63,7.22,0,0,0,0
aten::as_strided,,,2.59,2.59,0,0,0,0
aten::repeat,,,25.79,41.58,0,5.8,0,0
empty_tensor,,,12.24,12.24,0,0,0,0
aclnnRepeat,,,3.55,3.55,5.8,5.8,0,0
aten::sym_size,,,3.06,3.06,0,0,0,0
_C_ascend::npu_hc_pre_v2,,,82.14,134.41,0,31.7805,0,0
aten::empty,,,3.05,12.5,0,0,0,0
empty_tensor,,,9.45,9.45,0,0,0,0
aten::empty,,,1.4,5.32,0,0,0,0
empty_tensor,,,3.92,3.92,0,0,0,0
aten::empty,,,1.18,5.11,0,0,0,0
empty_tensor,,,3.93,3.93,0,0,0,0
aten::empty,,,2.58,16.08,0,0,0,0
empty_tensor,,,13.5,13.5,0,0,0,0
aclnnHcPre,,,13.26,13.26,31.7805,31.7805,0,0
npu::npu_rms_norm,,,77.32,98.82,0,6.0,0,0
empty_tensor,,,7.58,7.58,0,0,0,0
empty_tensor,,,3.75,3.75,0,0,0,0
aclnnRmsNorm,,,10.17,10.17,6.0,6.0,0,0
aten::empty,,,9.08,16.5,0,0,0,0
empty_tensor,,,7.42,7.42,0,0,0,0
aten::alias,,,7.53,7.53,0,0,0,0
vllm::dsa_forward,,,2740.28,8039.75,0,289.1855,0,0
aten::empty,,,3.85,15.66,0,0,0,0
empty_tensor,,,11.81,11.81,0,0,0,0
c10d::_allgather_base_,,,64.64,99.52,0,19.06,0,0
record_event,,,15.79,15.79,0.02,0.02,0,0
wait_event,,,5.92,5.92,8.18,8.18,0,0
HcclAllgatherBase,,,4.11,6.33,0,10.62,0,0
HcclAllGather,,,2.22,2.22,10.62,10.62,0,0
record_event,,,4.12,4.12,0.22,0.22,0,0
record_event,,,2.72,2.72,0.02,0.02,0,0
npu::npu_dynamic_quant,,,42.83,68.16,0,4.2405,0,0
empty_tensor,,,10.94,10.94,0,0,0,0
empty_tensor,,,6.49,6.49,0,0,0,0
aclnnDynamicQuantV2,,,7.9,7.9,4.2405,4.2405,0,0
npu::npu_quant_matmul,,,48.52,73.99,0,15.68,0,0
empty_tensor,,,7.65,7.65,0,0,0,0
aten::empty,,,2.45,4.93,0,0,0,0
empty_tensor,,,2.48,2.48,0,0,0,0
aten::empty,,,1.17,3.0,0,0,0,0
empty_tensor,,,1.83,1.83,0,0,0,0
aclnnQuantMatmulWeightNz,,,9.89,9.89,15.68,15.68,0,0
_C_ascend::npu_rms_norm_dynamic_quant,,,80.0,157.02,0,6.5005,0,0
aten::empty_like,,,13.11,30.63,0,0,0,0
aten::empty_strided,,,13.51,17.52,0,0,0,0
empty_tensor,,,4.01,4.01,0,0,0,0
aten::empty,,,2.0,5.6,0,0,0,0
empty_tensor,,,3.6,3.6,0,0,0,0
aten::empty,,,1.32,4.41,0,0,0,0
empty_tensor,,,3.09,3.09,0,0,0,0
aten::empty_like,,,2.59,9.23,0,0,0,0
aten::empty_strided,,,4.26,6.64,0,0,0,0
empty_tensor,,,2.38,2.38,0,0,0,0
aten::empty,,,2.32,14.48,0,0,0,0
empty_tensor,,,12.16,12.16,0,0,0,0
aclnnRmsNormDynamicQuant,,,12.67,12.67,6.5005,6.5005,0,0
npu::npu_quant_matmul,,,30.77,55.22,0,35.5805,0,0
empty_tensor,,,7.22,7.22,0,0,0,0
aten::empty,,,1.77,4.42,0,0,0,0
empty_tensor,,,2.65,2.65,0,0,0,0
aten::empty,,,1.0,2.73,0,0,0,0
empty_tensor,,,1.73,1.73,0,0,0,0
aclnnQuantMatmulWeightNz,,,10.08,10.08,35.5805,35.5805,0,0
aten::unflatten,,,11.62,20.45,0,0,0,0
aten::view,,,8.83,8.83,0,0,0,0
aten::view,,,2.97,2.97,0,0,0,0
aten::empty_like,,,6.72,18.84,0,0,0,0
aten::empty_strided,,,7.93,12.12,0,0,0,0
empty_tensor,,,4.19,4.19,0,0,0,0
triton_rms_kernel,,,23.48,23.48,13.1005,13.1005,0,0
aten::view,,,8.4,8.4,0,0,0,0
aten::unsqueeze,,,3.16,7.73,0,0,0,0
aten::as_strided,,,4.57,4.57,0,0,0,0
_C_ascend::inplace_partial_rotary_mul,,,51.38,81.64,0,5.5,0,0
aten::empty,,,4.23,18.34,0,0,0,0
empty_tensor,,,14.11,14.11,0,0,0,0
aclnnInplacePartialRotaryMul,,,11.92,11.92,5.5,5.5,0,0
wait_event,,,7.86,7.86,0.02,0.02,0,0
aten::slice,,,9.94,19.41,0,0,0,0
aten::as_strided,,,9.47,9.47,0,0,0,0
npu::npu_dynamic_quant,,,569.83,608.14,0,7.0805,0,0
empty_tensor,,,15.25,15.25,0,0,0,0
empty_tensor,,,8.88,8.88,0,0,0,0
aclnnDynamicQuantV2,,,14.18,14.18,7.0805,7.0805,0,0
npu::npu_quant_matmul,,,1088.6,1131.55,0,14.16,0,0
empty_tensor,,,20.89,20.89,0,0,0,0
aten::empty,,,3.03,5.32,0,0,0,0
empty_tensor,,,2.29,2.29,0,0,0,0
aten::empty,,,1.15,3.07,0,0,0,0
empty_tensor,,,1.92,1.92,0,0,0,0
aclnnQuantMatmulWeightNz,,,13.67,13.67,14.16,14.16,0,0
npu::npu_rms_norm,,,136.15,166.02,0,9.5605,0,0
empty_tensor,,,10.99,10.99,0,0,0,0
empty_tensor,,,3.43,3.43,0,0,0,0
aclnnRmsNorm,,,15.45,15.45,9.5605,9.5605,0,0
aten::view,,,6.66,6.66,0,0,0,0
aten::unsqueeze,,,3.18,7.2,0,0,0,0
aten::as_strided,,,4.02,4.02,0,0,0,0
aten::slice,,,3.63,5.98,0,0,0,0
aten::as_strided,,,2.35,2.35,0,0,0,0
aten::slice,,,1.59,3.34,0,0,0,0
aten::as_strided,,,1.75,1.75,0,0,0,0
_C_ascend::inplace_partial_rotary_mul,,,104.23,133.11,0,10.1,0,0
aten::empty,,,3.62,16.73,0,0,0,0
empty_tensor,,,13.11,13.11,0,0,0,0
aclnnInplacePartialRotaryMul,,,12.15,12.15,10.1,10.1,0,0
_C_ascend::npu_scatter_nd_update_sk,,,113.1,141.89,0,25.8805,0,0
aten::empty,,,3.07,17.27,0,0,0,0
empty_tensor,,,14.2,14.2,0,0,0,0
aclnnScatterNdUpdateSk,,,11.52,11.52,25.8805,25.8805,0,0
_C_ascend::npu_sparse_attn_sharedkv,,,179.86,224.79,0,23.7405,0,0
aten::empty,,,2.81,13.41,0,0,0,0
empty_tensor,,,10.6,10.6,0,0,0,0
aten::empty,,,1.33,3.52,0,0,0,0
empty_tensor,,,2.19,2.19,0,0,0,0
aten::empty,,,2.88,15.01,0,0,0,0
empty_tensor,,,12.13,12.13,0,0,0,0
aclnnSparseAttnSharedkv,,,12.99,12.99,23.7405,23.7405,0,0
destroy_event,,,2.98,2.98,0,0,0,0
aten::unsqueeze,,,3.88,8.88,0,0,0,0
aten::as_strided,,,5.0,5.0,0,0,0,0
aten::neg,,,17.64,36.2,0,1.0,0,0
empty_tensor,,,8.87,8.87,0,0,0,0
aclnnNeg,,,9.69,9.69,1.0,1.0,0,0
_C_ascend::inplace_partial_rotary_mul,,,37.97,62.59,0,5.22,0,0
aten::empty,,,2.9,14.05,0,0,0,0
empty_tensor,,,11.15,11.15,0,0,0,0
aclnnInplacePartialRotaryMul,,,10.57,10.57,5.22,5.22,0,0
aten::view,,,5.67,5.67,0,0,0,0
aten::permute,,,3.17,8.76,0,0,0,0
aten::as_strided,,,5.59,5.59,0,0,0,0
aten::contiguous,,,8.27,55.49,0,12.2,0,0
aten::clone,,,8.15,47.22,0,12.2,0,0
empty_tensor,,,7.54,7.54,0,0,0,0
aten::copy_,,,23.11,31.53,0,12.2,0,0
aclnnInplaceCopy,,,8.42,8.42,12.2,12.2,0,0
aten::view,,,3.61,3.61,0,0,0,0
aten::empty_like,,,5.04,15.56,0,0,0,0
aten::empty_strided,,,7.68,10.52,0,0,0,0
empty_tensor,,,2.84,2.84,0,0,0,0
c10d::alltoall_base_,,,77.46,109.17,0,13.600000000000001,0,0
record_event,,,13.07,13.07,0.22,0.22,0,0
wait_event,,,3.71,3.71,0.02,0.02,0,0
HcclAlltoAll,,,2.5,8.77,0,13.14,0,0
HcclAlltoAll,,,6.27,6.27,13.14,13.14,0,0
record_event,,,3.49,3.49,0.2,0.2,0,0
record_event,,,2.67,2.67,0.02,0.02,0,0
wait_event,,,3.48,3.48,0.02,0.02,0,0
destroy_event,,,1.95,1.95,0,0,0,0
aten::view,,,5.57,5.57,0,0,0,0
npu::npu_transpose_batchmatmul,,,45.62,66.38,0,33.181,0,0
empty_tensor,,,11.27,11.27,0,0,0,0
aclnnTransposeBatchMatMul,,,9.49,9.49,33.181,33.181,0,0
aten::reshape,,,2.58,7.09,0,0,0,0
aten::view,,,4.51,4.51,0,0,0,0
vllm::matmul_and_reduce,,,194.64,1731.73,0,33.0405,0,0
vllm::unquantized_gemm,,,1156.34,1260.15,0,16.0805,0,0
aten::linear,,,12.11,103.81,0,16.0805,0,0
aten::t,,,18.08,34.43,0,0,0,0
aten::transpose,,,6.61,16.35,0,0,0,0
aten::as_strided,,,9.74,9.74,0,0,0,0
aten::matmul,,,26.56,57.27,0,16.0805,0,0
empty_tensor,,,18.03,18.03,0,0,0,0
aclnnMatmul,,,12.68,12.68,16.0805,16.0805,0,0
vllm::reduce_scatter,,,132.45,276.94,0,16.96,0,0
aten::movedim,,,1.99,13.83,0,0,0,0
aten::movedim,,,3.47,11.84,0,0,0,0
aten::permute,,,3.32,8.37,0,0,0,0
aten::as_strided,,,5.05,5.05,0,0,0,0
aten::empty,,,3.08,16.46,0,0,0,0
empty_tensor,,,13.38,13.38,0,0,0,0
c10d::_reduce_scatter_base_,,,60.73,93.79,0,16.96,0,0
record_event,,,17.03,17.03,0.02,0.02,0,0
wait_event,,,3.14,3.14,3.78,3.78,0,0
HcclReduceScatterBase,,,3.78,5.88,0,12.94,0,0
HcclReduceScatter,,,2.1,2.1,12.94,12.94,0,0
record_event,,,4.23,4.23,0.2,0.2,0,0
record_event,,,2.78,2.78,0.02,0.02,0,0
wait_event,,,3.76,3.76,0.0,0.0,0,0
destroy_event,,,1.97,1.97,0,0,0,0
aten::movedim,,,1.51,14.68,0,0,0,0
aten::movedim,,,2.68,13.17,0,0,0,0
aten::permute,,,2.93,10.49,0,0,0,0
aten::as_strided,,,7.56,7.56,0,0,0,0
aten::copy_,,,60.52,85.33,0,0.72,0,0
aclnnInplaceCopy,,,24.81,24.81,0.72,0.72,0,0
aten::unsqueeze,,,5.09,9.42,0,0,0,0
aten::as_strided,,,4.33,4.33,0,0,0,0
aten::unsqueeze,,,2.21,3.76,0,0,0,0
aten::as_strided,,,1.55,1.55,0,0,0,0
aten::unsqueeze,,,2.06,3.58,0,0,0,0
aten::as_strided,,,1.52,1.52,0,0,0,0
aten::detach,,,7.05,7.05,0,0,0,0
aten::reshape,,,5.6,9.46,0,0,0,0
aten::view,,,3.86,3.86,0,0,0,0
aten::unsqueeze,,,3.2,5.19,0,0,0,0
aten::as_strided,,,1.99,1.99,0,0,0,0
_C_ascend::npu_hc_post,,,48.32,93.47,0,8.76,0,0
aten::empty,,,6.59,18.45,0,0,0,0
empty_tensor,,,11.86,11.86,0,0,0,0
aten::empty,,,3.03,14.21,0,0,0,0
empty_tensor,,,11.18,11.18,0,0,0,0
aclnnHcPost,,,12.49,12.49,8.76,8.76,0,0
aten::squeeze,,,7.47,10.44,0,0,0,0
aten::as_strided,,,2.97,2.97,0,0,0,0
_C_ascend::npu_hc_pre_v2,,,39.77,84.04,0,32.8605,0,0
aten::empty,,,2.21,11.17,0,0,0,0
empty_tensor,,,8.96,8.96,0,0,0,0
aten::empty,,,1.25,4.99,0,0,0,0
empty_tensor,,,3.74,3.74,0,0,0,0
aten::empty,,,2.47,6.42,0,0,0,0
empty_tensor,,,3.95,3.95,0,0,0,0
aten::empty,,,2.14,10.81,0,0,0,0
empty_tensor,,,8.67,8.67,0,0,0,0
aclnnHcPre,,,10.88,10.88,32.8605,32.8605,0,0
npu::npu_rms_norm,,,54.82,75.94,0,4.78,0,0
empty_tensor,,,7.15,7.15,0,0,0,0
empty_tensor,,,3.71,3.71,0,0,0,0
aclnnRmsNorm,,,10.26,10.26,4.78,4.78,0,0
aten::reshape,,,4.67,9.37,0,0,0,0
aten::view,,,4.7,4.7,0,0,0,0
vllm::moe_forward_shared,,,2326.04,7032.52,0,450.609,0,0
aten::to,,,5.55,56.02,0,6.34,0,0
aten::_to_copy,,,8.93,50.47,0,6.34,0,0
aten::empty_strided,,,9.61,14.48,0,0,0,0
empty_tensor,,,4.87,4.87,0,0,0,0
aten::copy_,,,15.98,27.06,0,6.34,0,0
aclnnInplaceCopy,,,11.08,11.08,6.34,6.34,0,0
Event::record,,,173.6,188.23,0,0.02,0,0
record_event,,,14.63,14.63,0.02,0.02,0,0
aten::linear,,,4.93,65.05,0,11.3005,0,0
aten::t,,,5.86,17.93,0,0,0,0
aten::transpose,,,3.19,12.07,0,0,0,0
aten::as_strided,,,8.88,8.88,0,0,0,0
aten::matmul,,,20.13,42.19,0,11.3005,0,0
empty_tensor,,,12.57,12.57,0,0,0,0
aclnnMatmul,,,9.49,9.49,11.3005,11.3005,0,0
Event::record,,,73.52,86.13,0,0.02,0,0
record_event,,,12.61,12.61,0.02,0.02,0,0
vllm::maybe_all_gather_and_maybe_unpad,,,54.41,322.82,0,11.26,0,0
vllm::all_gather,,,134.77,268.41,0,11.26,0,0
aten::empty,,,4.85,19.63,0,0,0,0
empty_tensor,,,14.78,14.78,0,0,0,0
c10d::_allgather_base_,,,56.44,84.6,0,11.26,0,0
record_event,,,13.27,13.27,0.22,0.22,0,0
wait_event,,,3.36,3.36,0.02,0.02,0,0
HcclAllgatherBase,,,3.3,5.17,0,11.0,0,0
HcclAllGather,,,1.87,1.87,11.0,11.0,0,0
record_event,,,3.5,3.5,0.0,0.0,0,0
record_event,,,2.86,2.86,0.02,0.02,0,0
wait_event,,,3.11,3.11,0.0,0.0,0,0
destroy_event,,,1.68,1.68,0,0,0,0
aten::reshape,,,2.07,8.45,0,0,0,0
aten::view,,,6.38,6.38,0,0,0,0
aten::movedim,,,1.49,11.86,0,0,0,0
aten::movedim,,,2.93,10.37,0,0,0,0
aten::permute,,,3.41,7.44,0,0,0,0
aten::as_strided,,,4.03,4.03,0,0,0,0
aten::reshape,,,1.24,4.31,0,0,0,0
aten::view,,,3.07,3.07,0,0,0,0
vllm::maybe_all_gather_and_maybe_unpad,,,40.35,292.71,0,12.959999999999999,0,0
vllm::all_gather,,,117.74,252.36,0,12.959999999999999,0,0
aten::empty,,,3.04,16.28,0,0,0,0
empty_tensor,,,13.24,13.24,0,0,0,0
c10d::_allgather_base_,,,51.53,90.23,0,12.959999999999999,0,0
record_event,,,13.83,13.83,0.02,0.02,0,0
wait_event,,,3.33,3.33,7.0,7.0,0,0
HcclAllgatherBase,,,3.26,5.09,0,5.68,0,0
HcclAllGather,,,1.83,1.83,5.68,5.68,0,0
record_event,,,13.47,13.47,0.02,0.02,0,0
record_event,,,2.98,2.98,0.24,0.24,0,0
wait_event,,,3.42,3.42,0.0,0.0,0,0
destroy_event,,,2.34,2.34,0,0,0,0
aten::reshape,,,1.76,7.37,0,0,0,0
aten::view,,,5.61,5.61,0,0,0,0
aten::movedim,,,1.87,11.29,0,0,0,0
aten::movedim,,,2.6,9.42,0,0,0,0
aten::permute,,,2.82,6.82,0,0,0,0
aten::as_strided,,,4.0,4.0,0,0,0,0
aten::reshape,,,0.84,3.69,0,0,0,0
aten::view,,,2.85,2.85,0,0,0,0
aten::to,,,2.36,111.5,0,1.04,0,0
aten::_to_copy,,,6.0,109.14,0,1.04,0,0
aten::empty_strided,,,12.55,19.18,0,0,0,0
empty_tensor,,,6.63,6.63,0,0,0,0
aten::copy_,,,71.73,83.96,0,1.04,0,0
aclnnInplaceCopy,,,12.23,12.23,1.04,1.04,0,0
aten::to,,,1.41,1.41,0,0,0,0
aten::eq,,,85.91,107.13,0,2.1405,0,0
empty_tensor,,,10.98,10.98,0,0,0,0
aclnnEqScalar,,,10.24,10.24,2.1405,2.1405,0,0
aten::where,,,14.21,141.32,0,3.8600000000000003,0,0
aten::scalar_tensor,,,13.18,43.57,0,1.14,0,0
aten::empty,,,2.46,13.49,0,0,0,0
empty_tensor,,,11.03,11.03,0,0,0,0
aten::fill_,,,13.86,16.9,0,1.14,0,0
aclnnInplaceFillScalar,,,3.04,3.04,1.14,1.14,0,0
aten::to,,,0.59,0.59,0,0,0,0
aten::where,,,71.52,82.95,0,2.72,0,0
empty_tensor,,,8.21,8.21,0,0,0,0
aclnnSWhere,,,3.22,3.22,2.72,2.72,0,0
_C_ascend::moe_gating_top_k_hash,,,57.27,91.63,0,11.2605,0,0
aten::empty,,,2.7,11.48,0,0,0,0
empty_tensor,,,8.78,8.78,0,0,0,0
aten::empty,,,1.28,5.57,0,0,0,0
empty_tensor,,,4.29,4.29,0,0,0,0
aten::empty,,,1.11,5.02,0,0,0,0
empty_tensor,,,3.91,3.91,0,0,0,0
aclnnMoeGatingTopKHash,,,12.29,12.29,11.2605,11.2605,0,0
aten::to,,,1.92,85.96,0,1.06,0,0
aten::_to_copy,,,5.89,84.04,0,1.06,0,0
aten::empty_strided,,,7.6,13.08,0,0,0,0
empty_tensor,,,5.48,5.48,0,0,0,0
aten::copy_,,,54.6,65.07,0,1.06,0,0
aclnnInplaceCopy,,,10.47,10.47,1.06,1.06,0,0
aten::detach,,,6.71,6.71,0,0,0,0
aten::detach,,,1.32,1.32,0,0,0,0
Event::record,,,80.83,94.16,0,0.02,0,0
record_event,,,13.33,13.33,0.02,0.02,0,0
aten::index,,,169.3,196.05,0,23.66,0,0
empty_tensor,,,7.43,7.43,0,0,0,0
empty_tensor,,,7.86,7.86,0,0,0,0
aclnnIndex,,,11.46,11.46,23.66,23.66,0,0
aten::ne,,,83.67,95.69,0,1.66,0,0
empty_tensor,,,7.75,7.75,0,0,0,0
aclnnNeScalar,,,4.27,4.27,1.66,1.66,0,0
aten::mul,,,75.26,86.6,0,2.94,0,0
empty_tensor,,,7.7,7.7,0,0,0,0
aclnnMul,,,3.64,3.64,2.94,2.94,0,0
npu::npu_moe_init_routing_v2,,,190.25,228.65,0,30.9805,0,0
empty_tensor,,,11.85,11.85,0,0,0,0
empty_tensor,,,6.76,6.76,0,0,0,0
empty_tensor,,,4.49,4.49,0,0,0,0
empty_tensor,,,3.44,3.44,0,0,0,0
aclnnMoeInitRoutingV3,,,11.86,11.86,30.9805,30.9805,0,0
aten::to,,,1.72,1.72,0,0,0,0
_C_ascend::grouped_matmul_swiglu_quant_v2,,,283.18,343.02,0,161.643,0,0
aten::empty,,,4.52,17.95,0,0,0,0
empty_tensor,,,13.43,13.43,0,0,0,0
aten::empty,,,1.7,9.51,0,0,0,0
empty_tensor,,,7.81,7.81,0,0,0,0
aten::empty,,,3.74,19.11,0,0,0,0
empty_tensor,,,15.37,15.37,0,0,0,0
aclnnGroupedMatmulSwigluQuantWeightNzV2,,,13.27,13.27,161.643,161.643,0,0
Event::record,,,78.55,92.08,0,0.0,0,0
record_event,,,13.53,13.53,0.0,0.0,0,0
npu::npu_grouped_matmul,,,594.54,631.45,0,93.162,0,0
empty_tensor,,,18.96,18.96,0,0,0,0
npu::get_npu_format,,,4.66,4.66,0,0,0,0
aclnnGroupedMatmulWeightNz,,,13.29,13.29,93.162,93.162,0,0
Event::record,,,79.08,93.37,0,0.02,0,0
record_event,,,14.29,14.29,0.02,0.02,0,0
aten::abs,,,80.53,104.76,0,1.22,0,0
empty_tensor,,,13.15,13.15,0,0,0,0
aclnnAbs,,,11.08,11.08,1.22,1.22,0,0
npu::npu_moe_token_unpermute,,,95.1,117.41,0,12.1805,0,0
empty_tensor,,,12.29,12.29,0,0,0,0
aclnnMoeTokenUnpermute,,,10.02,10.02,12.1805,12.1805,0,0
vllm::maybe_pad_and_reduce,,,40.9,311.84,0,12.401,0,0
vllm::reduce_scatter,,,122.92,270.94,0,12.401,0,0
aten::movedim,,,1.63,14.06,0,0,0,0
aten::movedim,,,2.64,12.43,0,0,0,0
aten::permute,,,3.34,9.79,0,0,0,0
aten::as_strided,,,6.45,6.45,0,0,0,0
aten::empty,,,3.1,15.01,0,0,0,0
empty_tensor,,,11.91,11.91,0,0,0,0
c10d::_reduce_scatter_base_,,,68.35,98.28,0,12.381,0,0
record_event,,,14.56,14.56,0.02,0.02,0,0
wait_event,,,3.21,3.21,0.02,0.02,0,0
HcclReduceScatterBase,,,3.08,5.03,0,11.901,0,0
HcclReduceScatter,,,1.95,1.95,11.901,11.901,0,0
record_event,,,4.48,4.48,0.22,0.22,0,0
record_event,,,2.65,2.65,0.22,0.22,0,0
wait_event,,,3.43,3.43,0.02,0.02,0,0
destroy_event,,,1.83,1.83,0,0,0,0
aten::movedim,,,1.35,15.41,0,0,0,0
aten::movedim,,,2.61,14.06,0,0,0,0
aten::permute,,,6.13,11.45,0,0,0,0
aten::as_strided,,,5.32,5.32,0,0,0,0
Event::wait,,,63.51,78.14,0,0,0,0
wait_event,,,14.63,14.63,0,0,0,0
npu::npu_dynamic_quant,,,33.05,61.8,0,3.94,0,0
empty_tensor,,,13.16,13.16,0,0,0,0
empty_tensor,,,4.37,4.37,0,0,0,0
aclnnDynamicQuantV2,,,11.22,11.22,3.94,3.94,0,0
Event::wait,,,58.26,69.57,0,0,0,0
wait_event,,,11.31,11.31,0,0,0,0
npu::npu_quant_matmul,,,39.72,72.67,0,21.6405,0,0
empty_tensor,,,14.97,14.97,0,0,0,0
aten::empty,,,2.56,5.6,0,0,0,0
empty_tensor,,,3.04,3.04,0,0,0,0
aten::empty,,,1.07,2.71,0,0,0,0
empty_tensor,,,1.64,1.64,0,0,0,0
aclnnQuantMatmulWeightNz,,,9.67,9.67,21.6405,21.6405,0,0
Event::wait,,,56.31,67.6,0,0.2,0,0
wait_event,,,11.29,11.29,0.2,0.2,0,0
_C_ascend::npu_dequant_swiglu_quant,,,55.56,100.4,0,5.88,0,0
aten::empty,,,3.13,17.12,0,0,0,0
empty_tensor,,,13.99,13.99,0,0,0,0
aten::empty,,,1.37,6.13,0,0,0,0
empty_tensor,,,4.76,4.76,0,0,0,0
aten::empty,,,2.43,10.27,0,0,0,0
empty_tensor,,,7.84,7.84,0,0,0,0
aclnnDequantSwigluQuantV2,,,11.32,11.32,5.88,5.88,0,0
Event::wait,,,60.24,72.48,0,0.02,0,0
wait_event,,,12.24,12.24,0.02,0.02,0,0
npu::npu_quant_matmul,,,36.37,68.53,0,17.74,0,0
empty_tensor,,,11.17,11.17,0,0,0,0
aten::empty,,,5.59,8.64,0,0,0,0
empty_tensor,,,3.05,3.05,0,0,0,0
aten::empty,,,1.04,3.37,0,0,0,0
empty_tensor,,,2.33,2.33,0,0,0,0
aclnnQuantMatmulWeightNz,,,8.98,8.98,17.74,17.74,0,0
Event::record,,,68.72,81.3,0,0.02,0,0
record_event,,,12.58,12.58,0.02,0.02,0,0
Event::wait,,,45.2,56.15,0,0.02,0,0
wait_event,,,10.95,10.95,0.02,0.02,0,0
destroy_event,,,6.08,6.08,0,0,0,0
destroy_event,,,6.83,6.83,0,0,0,0
destroy_event,,,4.56,4.56,0,0,0,0
destroy_event,,,1.43,1.43,0,0,0,0
destroy_event,,,2.6,2.6,0,0,0,0
destroy_event,,,1.6,1.6,0,0,0,0
aten::add,,,28.5,51.26,0,7.8005,0,0
empty_tensor,,,14.61,14.61,0,0,0,0
aclnnAdd,,,8.15,8.15,7.8005,7.8005,0,0
vllm::maybe_all_reduce_tensor_model_parallel,,,29.24,29.24,0,0,0,0
aten::unsqueeze,,,5.22,9.66,0,0,0,0
aten::as_strided,,,4.44,4.44,0,0,0,0
aten::unsqueeze,,,2.37,4.49,0,0,0,0
aten::as_strided,,,2.12,2.12,0,0,0,0
aten::unsqueeze,,,2.0,4.11,0,0,0,0
aten::as_strided,,,2.11,2.11,0,0,0,0
aten::unsqueeze,,,1.92,3.54,0,0,0,0
aten::as_strided,,,1.62,1.62,0,0,0,0
_C_ascend::npu_hc_post,,,41.99,80.13,0,7.7005,0,0
aten::empty,,,2.5,14.61,0,0,0,0
empty_tensor,,,12.11,12.11,0,0,0,0
aten::empty,,,2.42,12.4,0,0,0,0
empty_tensor,,,9.98,9.98,0,0,0,0
aclnnHcPost,,,11.13,11.13,7.7005,7.7005,0,0
aten::squeeze,,,5.15,7.98,0,0,0,0
aten::as_strided,,,2.83,2.83,0,0,0,0
_C_ascend::npu_hc_pre_v2,,,40.36,89.93,0,31.4405,0,0
aten::empty,,,2.08,9.81,0,0,0,0
empty_tensor,,,7.73,7.73,0,0,0,0
aten::empty,,,1.55,4.83,0,0,0,0
empty_tensor,,,3.28,3.28,0,0,0,0
aten::empty,,,1.1,7.11,0,0,0,0
empty_tensor,,,6.01,6.01,0,0,0,0
aten::empty,,,2.46,10.57,0,0,0,0
empty_tensor,,,8.11,8.11,0,0,0,0
aclnnHcPre,,,17.25,17.25,31.4405,31.4405,0,0
npu::npu_rms_norm,,,53.76,73.69,0,4.9,0,0
empty_tensor,,,7.32,7.32,0,0,0,0
empty_tensor,,,4.07,4.07,0,0,0,0
aclnnRmsNorm,,,8.54,8.54,4.9,4.9,0,0
aten::empty,,,7.4,14.26,0,0,0,0
empty_tensor,,,6.86,6.86,0,0,0,0
aten::alias,,,7.15,7.15,0,0,0,0
vllm::dsa_forward,,,1435.55,3275.69,0,288.3855,0,0
aten::empty,,,3.73,13.75,0,0,0,0
empty_tensor,,,10.02,10.02,0,0,0,0
c10d::_allgather_base_,,,59.7,94.5,0,11.18,0,0
record_event,,,14.81,14.81,0.2,0.2,0,0
wait_event,,,3.46,3.46,0.02,0.02,0,0
HcclAllgatherBase,,,3.57,9.54,0,10.74,0,0
HcclAllGather,,,5.97,5.97,10.74,10.74,0,0
record_event,,,4.1,4.1,0.02,0.02,0,0
record_event,,,2.89,2.89,0.2,0.2,0,0
npu::npu_dynamic_quant,,,29.78,54.73,0,3.86,0,0
empty_tensor,,,10.4,10.4,0,0,0,0
empty_tensor,,,4.23,4.23,0,0,0,0
aclnnDynamicQuantV2,,,10.32,10.32,3.86,3.86,0,0
npu::npu_quant_matmul,,,32.53,59.2,0,16.5005,0,0
empty_tensor,,,10.09,10.09,0,0,0,0
aten::empty,,,2.54,4.77,0,0,0,0
empty_tensor,,,2.23,2.23,0,0,0,0
aten::empty,,,1.11,3.01,0,0,0,0
empty_tensor,,,1.9,1.9,0,0,0,0
aclnnQuantMatmulWeightNz,,,8.8,8.8,16.5005,16.5005,0,0
_C_ascend::npu_rms_norm_dynamic_quant,,,49.83,112.34,0,6.96,0,0
aten::empty_like,,,6.22,17.72,0,0,0,0
aten::empty_strided,,,7.93,11.5,0,0,0,0
empty_tensor,,,3.57,3.57,0,0,0,0
aten::empty,,,1.48,7.91,0,0,0,0
empty_tensor,,,6.43,6.43,0,0,0,0
aten::empty,,,1.56,4.53,0,0,0,0
empty_tensor,,,2.97,2.97,0,0,0,0
aten::empty_like,,,2.24,8.26,0,0,0,0
aten::empty_strided,,,4.01,6.02,0,0,0,0
empty_tensor,,,2.01,2.01,0,0,0,0
aten::empty,,,2.35,12.64,0,0,0,0
empty_tensor,,,10.29,10.29,0,0,0,0
aclnnRmsNormDynamicQuant,,,11.45,11.45,6.96,6.96,0,0
npu::npu_quant_matmul,,,29.98,53.25,0,35.3005,0,0
empty_tensor,,,6.85,6.85,0,0,0,0
aten::empty,,,1.94,4.46,0,0,0,0
empty_tensor,,,2.52,2.52,0,0,0,0
aten::empty,,,0.98,2.57,0,0,0,0
empty_tensor,,,1.59,1.59,0,0,0,0
aclnnQuantMatmulWeightNz,,,9.39,9.39,35.3005,35.3005,0,0
aten::unflatten,,,7.87,13.56,0,0,0,0
aten::view,,,5.69,5.69,0,0,0,0
aten::view,,,2.92,2.92,0,0,0,0
aten::empty_like,,,4.23,17.83,0,0,0,0
aten::empty_strided,,,10.08,13.6,0,0,0,0
empty_tensor,,,3.52,3.52,0,0,0,0
triton_rms_kernel,,,15.54,15.54,13.5405,13.5405,0,0
aten::view,,,8.84,8.84,0,0,0,0
aten::unsqueeze,,,3.15,7.22,0,0,0,0
aten::as_strided,,,4.07,4.07,0,0,0,0
_C_ascend::inplace_partial_rotary_mul,,,42.92,73.26,0,5.36,0,0
aten::empty,,,3.74,17.78,0,0,0,0
empty_tensor,,,14.04,14.04,0,0,0,0
aclnnInplacePartialRotaryMul,,,12.56,12.56,5.36,5.36,0,0
wait_event,,,8.27,8.27,0.0,0.0,0,0
aten::slice,,,5.34,9.22,0,0,0,0
aten::as_strided,,,3.88,3.88,0,0,0,0
npu::npu_dynamic_quant,,,28.63,54.01,0,7.1005,0,0
empty_tensor,,,10.29,10.29,0,0,0,0
empty_tensor,,,5.15,5.15,0,0,0,0
aclnnDynamicQuantV2,,,9.94,9.94,7.1005,7.1005,0,0
npu::npu_quant_matmul,,,31.22,56.26,0,13.8205,0,0
empty_tensor,,,7.52,7.52,0,0,0,0
aten::empty,,,3.7,5.93,0,0,0,0
empty_tensor,,,2.23,2.23,0,0,0,0
aten::empty,,,1.03,2.77,0,0,0,0
empty_tensor,,,1.74,1.74,0,0,0,0
aclnnQuantMatmulWeightNz,,,8.82,8.82,13.8205,13.8205,0,0
npu::npu_rms_norm,,,54.35,73.86,0,10.1205,0,0
empty_tensor,,,6.54,6.54,0,0,0,0
empty_tensor,,,3.21,3.21,0,0,0,0
aclnnRmsNorm,,,9.76,9.76,10.1205,10.1205,0,0
aten::view,,,5.49,5.49,0,0,0,0
aten::unsqueeze,,,2.84,6.75,0,0,0,0
aten::as_strided,,,3.91,3.91,0,0,0,0
aten::slice,,,3.12,5.42,0,0,0,0
aten::as_strided,,,2.3,2.3,0,0,0,0
aten::slice,,,2.14,3.88,0,0,0,0
aten::as_strided,,,1.74,1.74,0,0,0,0
_C_ascend::inplace_partial_rotary_mul,,,37.7,62.85,0,9.8,0,0
aten::empty,,,3.04,13.64,0,0,0,0
empty_tensor,,,10.6,10.6,0,0,0,0
aclnnInplacePartialRotaryMul,,,11.51,11.51,9.8,9.8,0,0
_C_ascend::npu_scatter_nd_update_sk,,,34.0,55.06,0,26.1205,0,0
aten::empty,,,2.67,11.9,0,0,0,0
empty_tensor,,,9.23,9.23,0,0,0,0
aclnnScatterNdUpdateSk,,,9.16,9.16,26.1205,26.1205,0,0
_C_ascend::npu_sparse_attn_sharedkv,,,45.2,86.61,0,22.821,0,0
aten::empty,,,2.79,10.73,0,0,0,0
empty_tensor,,,7.94,7.94,0,0,0,0
aten::empty,,,1.19,3.26,0,0,0,0
empty_tensor,,,2.07,2.07,0,0,0,0
aten::empty,,,2.45,10.66,0,0,0,0
empty_tensor,,,8.21,8.21,0,0,0,0
aclnnSparseAttnSharedkv,,,16.76,16.76,22.821,22.821,0,0
destroy_event,,,2.46,2.46,0,0,0,0
aten::unsqueeze,,,3.91,8.4,0,0,0,0
aten::as_strided,,,4.49,4.49,0,0,0,0
aten::neg,,,15.08,31.42,0,0.88,0,0
empty_tensor,,,7.16,7.16,0,0,0,0
aclnnNeg,,,9.18,9.18,0.88,0.88,0,0
_C_ascend::inplace_partial_rotary_mul,,,35.81,58.02,0,5.04,0,0
aten::empty,,,2.88,12.81,0,0,0,0
empty_tensor,,,9.93,9.93,0,0,0,0
aclnnInplacePartialRotaryMul,,,9.4,9.4,5.04,5.04,0,0
aten::view,,,5.8,5.8,0,0,0,0
aten::permute,,,3.79,8.41,0,0,0,0
aten::as_strided,,,4.62,4.62,0,0,0,0
aten::contiguous,,,3.19,41.44,0,11.82,0,0
aten::clone,,,5.07,38.25,0,11.82,0,0
empty_tensor,,,6.12,6.12,0,0,0,0
aten::copy_,,,19.23,27.06,0,11.82,0,0
aclnnInplaceCopy,,,7.83,7.83,11.82,11.82,0,0
aten::view,,,3.65,3.65,0,0,0,0
aten::empty_like,,,4.62,14.95,0,0,0,0
aten::empty_strided,,,6.9,10.33,0,0,0,0
empty_tensor,,,3.43,3.43,0,0,0,0
c10d::alltoall_base_,,,60.8,87.9,0,18.48,0,0
record_event,,,10.47,10.47,0.02,0.02,0,0
wait_event,,,3.88,3.88,5.52,5.52,0,0
HcclAlltoAll,,,2.28,6.24,0,12.72,0,0
HcclAlltoAll,,,3.96,3.96,12.72,12.72,0,0
record_event,,,3.74,3.74,0.2,0.2,0,0
record_event,,,2.77,2.77,0.02,0.02,0,0
wait_event,,,3.17,3.17,0.02,0.02,0,0
destroy_event,,,1.84,1.84,0,0,0,0
aten::view,,,5.09,5.09,0,0,0,0
npu::npu_transpose_batchmatmul,,,31.8,54.76,0,33.5805,0,0
empty_tensor,,,11.82,11.82,0,0,0,0
aclnnTransposeBatchMatMul,,,11.14,11.14,33.5805,33.5805,0,0
aten::reshape,,,1.58,6.32,0,0,0,0
aten::view,,,4.74,4.74,0,0,0,0
vllm::matmul_and_reduce,,,154.56,485.69,0,35.3405,0,0
vllm::unquantized_gemm,,,18.64,83.33,0,18.4005,0,0
aten::linear,,,5.49,64.69,0,18.4005,0,0
aten::t,,,7.47,17.04,0,0,0,0
aten::transpose,,,3.68,9.57,0,0,0,0
aten::as_strided,,,5.89,5.89,0,0,0,0
aten::matmul,,,19.63,42.16,0,18.4005,0,0
empty_tensor,,,11.15,11.15,0,0,0,0
aclnnMatmul,,,11.38,11.38,18.4005,18.4005,0,0
vllm::reduce_scatter,,,116.86,247.8,0,16.939999999999998,0,0
aten::movedim,,,1.54,10.86,0,0,0,0
aten::movedim,,,2.64,9.32,0,0,0,0
aten::permute,,,2.75,6.68,0,0,0,0
aten::as_strided,,,3.93,3.93,0,0,0,0
aten::empty,,,3.39,14.1,0,0,0,0
empty_tensor,,,10.71,10.71,0,0,0,0
c10d::_reduce_scatter_base_,,,55.3,89.72,0,16.919999999999998,0,0
record_event,,,12.53,12.53,0.02,0.02,0,0
wait_event,,,3.54,3.54,4.42,4.42,0,0
HcclReduceScatterBase,,,3.76,11.78,0,12.44,0,0
HcclReduceScatter,,,8.02,8.02,12.44,12.44,0,0
record_event,,,3.57,3.57,0.02,0.02,0,0
record_event,,,3.0,3.0,0.02,0.02,0,0
wait_event,,,2.97,2.97,0.02,0.02,0,0
destroy_event,,,1.62,1.62,0,0,0,0
aten::movedim,,,1.74,11.67,0,0,0,0
aten::movedim,,,2.35,9.93,0,0,0,0
aten::permute,,,2.9,7.58,0,0,0,0
aten::as_strided,,,4.68,4.68,0,0,0,0
aten::copy_,,,55.37,66.2,0,0.74,0,0
aclnnInplaceCopy,,,10.83,10.83,0.74,0.74,0,0
aten::unsqueeze,,,4.33,8.63,0,0,0,0
aten::as_strided,,,4.3,4.3,0,0,0,0
aten::unsqueeze,,,2.18,3.77,0,0,0,0
aten::as_strided,,,1.59,1.59,0,0,0,0
aten::unsqueeze,,,2.01,4.43,0,0,0,0
aten::as_strided,,,2.42,2.42,0,0,0,0
aten::detach,,,4.06,4.06,0,0,0,0
aten::reshape,,,4.48,7.94,0,0,0,0
aten::view,,,3.46,3.46,0,0,0,0
aten::unsqueeze,,,2.27,3.78,0,0,0,0
aten::as_strided,,,1.51,1.51,0,0,0,0
_C_ascend::npu_hc_post,,,38.59,76.65,0,7.4805,0,0
aten::empty,,,2.8,14.59,0,0,0,0
empty_tensor,,,11.79,11.79,0,0,0,0
aten::empty,,,2.34,12.54,0,0,0,0
empty_tensor,,,10.2,10.2,0,0,0,0
aclnnHcPost,,,10.93,10.93,7.4805,7.4805,0,0
aten::squeeze,,,4.75,7.58,0,0,0,0
aten::as_strided,,,2.83,2.83,0,0,0,0
_C_ascend::npu_hc_pre_v2,,,35.18,73.46,0,31.4405,0,0
aten::empty,,,1.9,8.7,0,0,0,0
empty_tensor,,,6.8,6.8,0,0,0,0
aten::empty,,,1.22,4.73,0,0,0,0
empty_tensor,,,3.51,3.51,0,0,0,0
aten::empty,,,1.47,5.03,0,0,0,0
empty_tensor,,,3.56,3.56,0,0,0,0
aten::empty,,,1.84,9.59,0,0,0,0
empty_tensor,,,7.75,7.75,0,0,0,0
aclnnHcPre,,,10.23,10.23,31.4405,31.4405,0,0
npu::npu_rms_norm,,,48.37,66.6,0,4.7,0,0
empty_tensor,,,5.72,5.72,0,0,0,0
empty_tensor,,,3.25,3.25,0,0,0,0
aclnnRmsNorm,,,9.26,9.26,4.7,4.7,0,0
aten::reshape,,,4.56,8.66,0,0,0,0
aten::view,,,4.1,4.1,0,0,0,0
vllm::moe_forward_shared,,,1993.54,5009.43,0,467.3915,0,0
aten::to,,,2.61,56.13,0,8.04,0,0
aten::_to_copy,,,5.83,53.52,0,8.04,0,0
aten::empty_strided,,,8.92,13.48,0,0,0,0
empty_tensor,,,4.56,4.56,0,0,0,0
aten::copy_,,,24.77,34.21,0,8.04,0,0
aclnnInplaceCopy,,,9.44,9.44,8.04,8.04,0,0
Event::record,,,76.33,89.0,0,0.02,0,0
record_event,,,12.67,12.67,0.02,0.02,0,0
aten::linear,,,4.33,58.17,0,13.6605,0,0
aten::t,,,5.42,14.83,0,0,0,0
aten::transpose,,,3.32,9.41,0,0,0,0
aten::as_strided,,,6.09,6.09,0,0,0,0
aten::matmul,,,18.41,39.01,0,13.6605,0,0
empty_tensor,,,10.8,10.8,0,0,0,0
aclnnMatmul,,,9.8,9.8,13.6605,13.6605,0,0
Event::record,,,68.48,80.31,0,0.2,0,0
record_event,,,11.83,11.83,0.2,0.2,0,0
vllm::maybe_all_gather_and_maybe_unpad,,,44.5,308.94,0,17.8615,0,0
vllm::all_gather,,,130.3,264.44,0,17.8615,0,0
aten::empty,,,3.8,18.94,0,0,0,0
empty_tensor,,,15.14,15.14,0,0,0,0
c10d::_allgather_base_,,,55.45,85.92,0,17.8415,0,0
record_event,,,14.2,14.2,0.02,0.02,0,0
wait_event,,,3.06,3.06,6.8605,6.8605,0,0
HcclAllgatherBase,,,3.14,6.08,0,10.741,0,0
HcclAllGather,,,2.94,2.94,10.741,10.741,0,0
record_event,,,4.23,4.23,0.2,0.2,0,0
record_event,,,2.9,2.9,0.02,0.02,0,0
wait_event,,,3.15,3.15,0.02,0.02,0,0
destroy_event,,,1.67,1.67,0,0,0,0
aten::reshape,,,1.67,8.4,0,0,0,0
aten::view,,,6.73,6.73,0,0,0,0
aten::movedim,,,1.86,11.91,0,0,0,0
aten::movedim,,,2.66,10.05,0,0,0,0
aten::permute,,,3.39,7.39,0,0,0,0
aten::as_strided,,,4.0,4.0,0,0,0,0
aten::reshape,,,0.91,4.15,0,0,0,0
aten::view,,,3.24,3.24,0,0,0,0
vllm::maybe_all_gather_and_maybe_unpad,,,39.44,272.95,0,11.9405,0,0
vllm::all_gather,,,113.58,233.51,0,11.9405,0,0
aten::empty,,,3.04,14.79,0,0,0,0
empty_tensor,,,11.75,11.75,0,0,0,0
c10d::_allgather_base_,,,51.04,77.73,0,11.9205,0,0
record_event,,,13.18,13.18,0.02,0.02,0,0
wait_event,,,2.94,2.94,6.1205,6.1205,0,0
HcclAllgatherBase,,,3.11,4.9,0,5.36,0,0
HcclAllGather,,,1.79,1.79,5.36,5.36,0,0
record_event,,,3.2,3.2,0.22,0.22,0,0
record_event,,,2.47,2.47,0.2,0.2,0,0
wait_event,,,3.78,3.78,0.02,0.02,0,0
destroy_event,,,1.7,1.7,0,0,0,0
aten::reshape,,,1.45,6.86,0,0,0,0
aten::view,,,5.41,5.41,0,0,0,0
aten::movedim,,,1.54,11.22,0,0,0,0
aten::movedim,,,2.35,9.68,0,0,0,0
aten::permute,,,3.37,7.33,0,0,0,0
aten::as_strided,,,3.96,3.96,0,0,0,0
aten::reshape,,,0.82,3.85,0,0,0,0
aten::view,,,3.03,3.03,0,0,0,0
aten::to,,,1.88,64.05,0,1.08,0,0
aten::_to_copy,,,5.92,62.17,0,1.08,0,0
aten::empty_strided,,,12.3,18.34,0,0,0,0
empty_tensor,,,6.04,6.04,0,0,0,0
aten::copy_,,,27.46,37.91,0,1.08,0,0
aclnnInplaceCopy,,,10.45,10.45,1.08,1.08,0,0
aten::to,,,1.27,1.27,0,0,0,0
aten::eq,,,14.17,31.23,0,1.78,0,0
empty_tensor,,,9.79,9.79,0,0,0,0
aclnnEqScalar,,,7.27,7.27,1.78,1.78,0,0
aten::where,,,8.62,57.65,0,3.12,0,0
aten::scalar_tensor,,,5.71,28.57,0,1.14,0,0
aten::empty,,,1.85,7.47,0,0,0,0
empty_tensor,,,5.62,5.62,0,0,0,0
aten::fill_,,,8.93,15.39,0,1.14,0,0
aclnnInplaceFillScalar,,,6.46,6.46,1.14,1.14,0,0
aten::to,,,0.5,0.5,0,0,0,0
aten::where,,,10.68,19.96,0,1.98,0,0
empty_tensor,,,4.91,4.91,0,0,0,0
aclnnSWhere,,,4.37,4.37,1.98,1.98,0,0
_C_ascend::moe_gating_top_k_hash,,,44.13,71.2,0,11.1205,0,0
aten::empty,,,1.93,7.93,0,0,0,0
empty_tensor,,,6.0,6.0,0,0,0,0
aten::empty,,,1.19,4.8,0,0,0,0
empty_tensor,,,3.61,3.61,0,0,0,0
aten::empty,,,1.1,4.63,0,0,0,0
empty_tensor,,,3.53,3.53,0,0,0,0
aclnnMoeGatingTopKHash,,,9.71,9.71,11.1205,11.1205,0,0
aten::to,,,1.74,40.95,0,0.96,0,0
aten::_to_copy,,,5.2,39.21,0,0.96,0,0
aten::empty_strided,,,8.08,12.43,0,0,0,0
empty_tensor,,,4.35,4.35,0,0,0,0
aten::copy_,,,14.0,21.58,0,0.96,0,0
aclnnInplaceCopy,,,7.58,7.58,0.96,0.96,0,0
aten::detach,,,4.4,4.4,0,0,0,0
aten::detach,,,1.22,1.22,0,0,0,0
Event::record,,,79.32,92.29,0,0.02,0,0
record_event,,,12.97,12.97,0.02,0.02,0,0
aten::index,,,33.65,58.15,0,18.740499999999997,0,0
empty_tensor,,,6.56,6.56,0,0,0,0
empty_tensor,,,8.49,8.49,0,0,0,0
aclnnIndex,,,9.45,9.45,18.740499999999997,18.740499999999997,0,0
aten::ne,,,11.4,23.93,0,1.46,0,0
empty_tensor,,,5.58,5.58,0,0,0,0
aclnnNeScalar,,,6.95,6.95,1.46,1.46,0,0
aten::mul,,,17.08,28.36,0,2.16,0,0
empty_tensor,,,4.72,4.72,0,0,0,0
aclnnMul,,,6.56,6.56,2.16,2.16,0,0
npu::npu_moe_init_routing_v2,,,24.2,51.14,0,35.621,0,0
empty_tensor,,,8.7,8.7,0,0,0,0
empty_tensor,,,3.8,3.8,0,0,0,0
empty_tensor,,,3.04,3.04,0,0,0,0
empty_tensor,,,3.78,3.78,0,0,0,0
aclnnMoeInitRoutingV3,,,7.62,7.62,35.621,35.621,0,0
aten::to,,,1.61,1.61,0,0,0,0
_C_ascend::grouped_matmul_swiglu_quant_v2,,,191.88,241.28,0,162.2835,0,0
aten::empty,,,3.39,13.48,0,0,0,0
empty_tensor,,,10.09,10.09,0,0,0,0
aten::empty,,,1.27,5.26,0,0,0,0
empty_tensor,,,3.99,3.99,0,0,0,0
aten::empty,,,3.45,16.52,0,0,0,0
empty_tensor,,,13.07,13.07,0,0,0,0
aclnnGroupedMatmulSwigluQuantWeightNzV2,,,14.14,14.14,162.2835,162.2835,0,0
Event::record,,,76.79,90.5,0,0.02,0,0
record_event,,,13.71,13.71,0.02,0.02,0,0
npu::npu_grouped_matmul,,,42.78,71.83,0,94.002,0,0
empty_tensor,,,15.2,15.2,0,0,0,0
npu::get_npu_format,,,2.04,2.04,0,0,0,0
aclnnGroupedMatmulWeightNz,,,11.81,11.81,94.002,94.002,0,0
Event::record,,,72.07,84.89,0,0.02,0,0
record_event,,,12.82,12.82,0.02,0.02,0,0
aten::abs,,,16.33,36.83,0,1.12,0,0
empty_tensor,,,11.0,11.0,0,0,0,0
aclnnAbs,,,9.5,9.5,1.12,1.12,0,0
npu::npu_moe_token_unpermute,,,69.76,86.56,0,13.4605,0,0
empty_tensor,,,7.71,7.71,0,0,0,0
aclnnMoeTokenUnpermute,,,9.09,9.09,13.4605,13.4605,0,0
vllm::maybe_pad_and_reduce,,,37.42,290.47,0,19.36,0,0
vllm::reduce_scatter,,,117.49,253.05,0,19.36,0,0
aten::movedim,,,1.66,17.33,0,0,0,0
aten::movedim,,,2.87,15.67,0,0,0,0
aten::permute,,,3.63,12.8,0,0,0,0
aten::as_strided,,,9.17,9.17,0,0,0,0
aten::empty,,,2.94,14.05,0,0,0,0
empty_tensor,,,11.11,11.11,0,0,0,0
c10d::_reduce_scatter_base_,,,56.2,87.43,0,19.34,0,0
record_event,,,14.24,14.24,0.02,0.02,0,0
wait_event,,,2.93,2.93,5.4,5.4,0,0
HcclReduceScatterBase,,,4.19,7.79,0,13.88,0,0
HcclReduceScatter,,,3.6,3.6,13.88,13.88,0,0
record_event,,,3.74,3.74,0.02,0.02,0,0
record_event,,,2.53,2.53,0.02,0.02,0,0
wait_event,,,3.33,3.33,0.02,0.02,0,0
destroy_event,,,1.59,1.59,0,0,0,0
aten::movedim,,,1.37,11.83,0,0,0,0
aten::movedim,,,2.4,10.46,0,0,0,0
aten::permute,,,3.02,8.06,0,0,0,0
aten::as_strided,,,5.04,5.04,0,0,0,0
Event::wait,,,64.27,77.95,0,0,0,0
wait_event,,,13.68,13.68,0,0,0,0
npu::npu_dynamic_quant,,,30.11,57.47,0,3.88,0,0
empty_tensor,,,12.57,12.57,0,0,0,0
empty_tensor,,,4.13,4.13,0,0,0,0
aclnnDynamicQuantV2,,,10.66,10.66,3.88,3.88,0,0
Event::wait,,,57.52,69.48,0,0,0,0
wait_event,,,11.96,11.96,0,0,0,0
npu::npu_quant_matmul,,,35.35,63.47,0,21.0605,0,0
empty_tensor,,,11.39,11.39,0,0,0,0
aten::empty,,,2.32,4.47,0,0,0,0
empty_tensor,,,2.15,2.15,0,0,0,0
aten::empty,,,1.1,2.97,0,0,0,0
empty_tensor,,,1.87,1.87,0,0,0,0
aclnnQuantMatmulWeightNz,,,9.29,9.29,21.0605,21.0605,0,0
Event::wait,,,56.77,68.94,0,0.0,0,0
wait_event,,,12.17,12.17,0.0,0.0,0,0
_C_ascend::npu_dequant_swiglu_quant,,,48.34,88.95,0,5.1805,0,0
aten::empty,,,2.99,14.02,0,0,0,0
empty_tensor,,,11.03,11.03,0,0,0,0
aten::empty,,,1.26,4.81,0,0,0,0
empty_tensor,,,3.55,3.55,0,0,0,0
aten::empty,,,2.22,9.53,0,0,0,0
empty_tensor,,,7.31,7.31,0,0,0,0
aclnnDequantSwigluQuantV2,,,12.25,12.25,5.1805,5.1805,0,0
Event::wait,,,59.39,72.76,0,0.2,0,0
wait_event,,,13.37,13.37,0.2,0.2,0,0
npu::npu_quant_matmul,,,35.19,62.8,0,19.0,0,0
empty_tensor,,,10.95,10.95,0,0,0,0
aten::empty,,,2.14,4.45,0,0,0,0
empty_tensor,,,2.31,2.31,0,0,0,0
aten::empty,,,0.97,2.72,0,0,0,0
empty_tensor,,,1.75,1.75,0,0,0,0
aclnnQuantMatmulWeightNz,,,9.49,9.49,19.0,19.0,0,0
Event::record,,,68.74,80.64,0,0.02,0,0
record_event,,,11.9,11.9,0.02,0.02,0,0
Event::wait,,,44.46,55.61,0,0.0,0,0
wait_event,,,11.15,11.15,0.0,0.0,0,0
destroy_event,,,6.2,6.2,0,0,0,0
destroy_event,,,6.41,6.41,0,0,0,0
destroy_event,,,1.71,1.71,0,0,0,0
destroy_event,,,1.46,1.46,0,0,0,0
destroy_event,,,5.16,5.16,0,0,0,0
destroy_event,,,1.57,1.57,0,0,0,0
aten::add,,,22.36,40.83,0,7.66,0,0
empty_tensor,,,10.82,10.82,0,0,0,0
aclnnAdd,,,7.65,7.65,7.66,7.66,0,0
vllm::maybe_all_reduce_tensor_model_parallel,,,25.09,25.09,0,0,0,0
aten::unsqueeze,,,4.95,9.29,0,0,0,0
aten::as_strided,,,4.34,4.34,0,0,0,0
aten::unsqueeze,,,2.35,4.31,0,0,0,0
aten::as_strided,,,1.96,1.96,0,0,0,0
aten::unsqueeze,,,2.27,4.17,0,0,0,0
aten::as_strided,,,1.9,1.9,0,0,0,0
aten::unsqueeze,,,1.99,3.45,0,0,0,0
aten::as_strided,,,1.46,1.46,0,0,0,0
_C_ascend::npu_hc_post,,,40.51,76.64,0,7.44,0,0
aten::empty,,,2.62,11.94,0,0,0,0
empty_tensor,,,9.32,9.32,0,0,0,0
aten::empty,,,3.33,13.21,0,0,0,0
empty_tensor,,,9.88,9.88,0,0,0,0
aclnnHcPost,,,10.98,10.98,7.44,7.44,0,0
aten::squeeze,,,4.56,7.06,0,0,0,0
aten::as_strided,,,2.5,2.5,0,0,0,0
_C_ascend::npu_hc_pre_v2,,,37.73,74.41,0,30.6605,0,0
aten::empty,,,1.99,8.58,0,0,0,0
empty_tensor,,,6.59,6.59,0,0,0,0
aten::empty,,,1.22,4.43,0,0,0,0
empty_tensor,,,3.21,3.21,0,0,0,0
aten::empty,,,1.09,4.91,0,0,0,0
empty_tensor,,,3.82,3.82,0,0,0,0
aten::empty,,,2.03,9.17,0,0,0,0
empty_tensor,,,7.14,7.14,0,0,0,0
aclnnHcPre,,,9.59,9.59,30.6605,30.6605,0,0
npu::npu_rms_norm,,,48.76,66.41,0,4.72,0,0
empty_tensor,,,5.78,5.78,0,0,0,0
empty_tensor,,,3.41,3.41,0,0,0,0
aclnnRmsNorm,,,8.46,8.46,4.72,4.72,0,0
aten::empty,,,6.04,13.07,0,0,0,0
empty_tensor,,,7.03,7.03,0,0,0,0
aten::alias,,,4.28,4.28,0,0,0,0
vllm::dsa_forward,,,2552.49,7330.56,0,629.5355,0,0
aten::empty,,,3.36,14.39,0,0,0,0
empty_tensor,,,11.03,11.03,0,0,0,0
c10d::_allgather_base_,,,55.92,85.81,0,11.12,0,0
record_event,,,13.57,13.57,0.02,0.02,0,0
wait_event,,,3.07,3.07,0.02,0.02,0,0
HcclAllgatherBase,,,3.06,6.88,0,10.84,0,0
HcclAllGather,,,3.82,3.82,10.84,10.84,0,0
record_event,,,3.84,3.84,0.22,0.22,0,0
record_event,,,2.53,2.53,0.02,0.02,0,0
npu::npu_dynamic_quant,,,29.64,47.44,0,3.8805,0,0
empty_tensor,,,10.51,10.51,0,0,0,0
empty_tensor,,,4.13,4.13,0,0,0,0
aclnnDynamicQuantV2,,,3.16,3.16,3.8805,3.8805,0,0
npu::npu_quant_matmul,,,31.16,56.79,0,16.4605,0,0
empty_tensor,,,6.88,6.88,0,0,0,0
aten::empty,,,2.2,4.28,0,0,0,0
empty_tensor,,,2.08,2.08,0,0,0,0
aten::empty,,,1.03,3.95,0,0,0,0
empty_tensor,,,2.92,2.92,0,0,0,0
aclnnQuantMatmulWeightNz,,,10.52,10.52,16.4605,16.4605,0,0
_C_ascend::npu_rms_norm_dynamic_quant,,,46.58,100.18,0,6.8605,0,0
aten::empty_like,,,5.3,16.32,0,0,0,0
aten::empty_strided,,,7.69,11.02,0,0,0,0
empty_tensor,,,3.33,3.33,0,0,0,0
aten::empty,,,1.37,4.74,0,0,0,0
empty_tensor,,,3.37,3.37,0,0,0,0
aten::empty,,,1.09,3.96,0,0,0,0
empty_tensor,,,2.87,2.87,0,0,0,0
aten::empty_like,,,2.04,8.04,0,0,0,0
aten::empty_strided,,,3.67,6.0,0,0,0,0
empty_tensor,,,2.33,2.33,0,0,0,0
aten::empty,,,2.2,10.12,0,0,0,0
empty_tensor,,,7.92,7.92,0,0,0,0
aclnnRmsNormDynamicQuant,,,10.42,10.42,6.8605,6.8605,0,0
npu::npu_quant_matmul,,,30.65,52.47,0,32.501,0,0
empty_tensor,,,6.84,6.84,0,0,0,0
aten::empty,,,1.85,3.73,0,0,0,0
empty_tensor,,,1.88,1.88,0,0,0,0
aten::empty,,,0.98,2.52,0,0,0,0
empty_tensor,,,1.54,1.54,0,0,0,0
aclnnQuantMatmulWeightNz,,,8.73,8.73,32.501,32.501,0,0
aten::unflatten,,,6.03,11.41,0,0,0,0
aten::view,,,5.38,5.38,0,0,0,0
aten::view,,,2.81,2.81,0,0,0,0
aten::empty_like,,,4.09,14.33,0,0,0,0
aten::empty_strided,,,6.98,10.24,0,0,0,0
empty_tensor,,,3.26,3.26,0,0,0,0
triton_rms_kernel,,,14.86,14.86,13.34,13.34,0,0
aten::view,,,7.83,7.83,0,0,0,0
aten::unsqueeze,,,2.94,7.27,0,0,0,0
aten::as_strided,,,4.33,4.33,0,0,0,0
_C_ascend::inplace_partial_rotary_mul,,,41.97,70.63,0,5.12,0,0
aten::empty,,,3.64,17.93,0,0,0,0
empty_tensor,,,14.29,14.29,0,0,0,0
aclnnInplacePartialRotaryMul,,,10.73,10.73,5.12,5.12,0,0
wait_event,,,4.95,4.95,0.02,0.02,0,0
aten::slice,,,4.21,8.49,0,0,0,0
aten::as_strided,,,4.28,4.28,0,0,0,0
npu::npu_dynamic_quant,,,27.83,51.06,0,7.1205,0,0
empty_tensor,,,9.68,9.68,0,0,0,0
empty_tensor,,,4.18,4.18,0,0,0,0
aclnnDynamicQuantV2,,,9.37,9.37,7.1205,7.1205,0,0
npu::npu_quant_matmul,,,29.98,53.23,0,14.2,0,0
empty_tensor,,,7.82,7.82,0,0,0,0
aten::empty,,,2.14,4.31,0,0,0,0
empty_tensor,,,2.17,2.17,0,0,0,0
aten::empty,,,0.94,2.54,0,0,0,0
empty_tensor,,,1.6,1.6,0,0,0,0
aclnnQuantMatmulWeightNz,,,8.58,8.58,14.2,14.2,0,0
npu::npu_rms_norm,,,53.29,72.16,0,9.64,0,0
empty_tensor,,,6.85,6.85,0,0,0,0
empty_tensor,,,3.08,3.08,0,0,0,0
aclnnRmsNorm,,,8.94,8.94,9.64,9.64,0,0
aten::view,,,5.24,5.24,0,0,0,0
aten::unsqueeze,,,2.93,6.59,0,0,0,0
aten::as_strided,,,3.66,3.66,0,0,0,0
aten::slice,,,3.08,5.98,0,0,0,0
aten::as_strided,,,2.9,2.9,0,0,0,0
aten::slice,,,1.11,2.91,0,0,0,0
aten::as_strided,,,1.8,1.8,0,0,0,0
_C_ascend::inplace_partial_rotary_mul,,,36.61,60.59,0,9.1405,0,0
aten::empty,,,3.08,13.8,0,0,0,0
empty_tensor,,,10.72,10.72,0,0,0,0
aclnnInplacePartialRotaryMul,,,10.18,10.18,9.1405,9.1405,0,0
_C_ascend::npu_scatter_nd_update_sk,,,32.25,53.54,0,26.18,0,0
aten::empty,,,2.51,11.9,0,0,0,0
empty_tensor,,,9.39,9.39,0,0,0,0
aclnnScatterNdUpdateSk,,,9.39,9.39,26.18,26.18,0,0
aten::view,,,14.99,14.99,0,0,0,0
aten::view,,,4.07,4.07,0,0,0,0
_C_ascend::compressor_metadata,,,95.81,129.71,0,4.48,0,0
aten::empty,,,2.23,10.74,0,0,0,0
empty_tensor,,,8.51,8.51,0,0,0,0
aten::empty,,,1.14,4.78,0,0,0,0
empty_tensor,,,3.64,3.64,0,0,0,0
aten::empty,,,1.08,4.9,0,0,0,0
empty_tensor,,,3.82,3.82,0,0,0,0
aclnnCompressorMetadata,,,13.48,13.48,4.48,4.48,0,0
aten::squeeze,,,9.82,16.47,0,0,0,0
aten::as_strided,,,6.65,6.65,0,0,0,0
aten::view,,,4.02,4.02,0,0,0,0
aten::view,,,2.42,2.42,0,0,0,0
_C_ascend::compressor,,,135.39,177.37,0,55.9215,0,0
aten::empty,,,2.73,14.42,0,0,0,0
empty_tensor,,,11.69,11.69,0,0,0,0
aten::empty,,,3.09,15.86,0,0,0,0
empty_tensor,,,12.77,12.77,0,0,0,0
aclnnCompressor,,,11.7,11.7,55.9215,55.9215,0,0
aten::reshape,,,1.77,7.61,0,0,0,0
aten::view,,,5.84,5.84,0,0,0,0
aten::linear,,,4.99,305.82,0,6.36,0,0
aten::t,,,4.79,11.82,0,0,0,0
aten::transpose,,,2.89,7.03,0,0,0,0
aten::as_strided,,,4.14,4.14,0,0,0,0
aten::matmul,,,266.76,289.01,0,6.36,0,0
empty_tensor,,,9.2,9.2,0,0,0,0
aclnnMatmul,,,13.05,13.05,6.36,6.36,0,0
aten::mul,,,69.67,95.67,0,1.14,0,0
empty_tensor,,,10.53,10.53,0,0,0,0
aten::item,,,2.36,6.06,0,0,0,0
aten::_local_scalar_dense,,,3.7,3.7,0,0,0,0
aclnnMuls,,,9.41,9.41,1.14,1.14,0,0
aten::alias,,,3.33,3.33,0,0,0,0
aten::reshape,,,1.48,6.48,0,0,0,0
aten::view,,,5.0,5.0,0,0,0,0
npu::npu_dynamic_quant,,,103.45,129.37,0,3.3005,0,0
empty_tensor,,,9.83,9.83,0,0,0,0
empty_tensor,,,4.08,4.08,0,0,0,0
aclnnDynamicQuantV2,,,12.01,12.01,3.3005,3.3005,0,0
aten::unsqueeze,,,3.49,8.6,0,0,0,0
aten::as_strided,,,5.11,5.11,0,0,0,0
_C_ascend::npu_scatter_nd_update_sk,,,35.74,59.08,0,20.52,0,0
aten::empty,,,3.17,12.82,0,0,0,0
empty_tensor,,,9.65,9.65,0,0,0,0
aclnnScatterNdUpdateSk,,,10.52,10.52,20.52,20.52,0,0
aten::to,,,1.93,84.5,0,1.2,0,0
aten::_to_copy,,,5.36,82.57,0,1.2,0,0
aten::empty_strided,,,8.27,11.91,0,0,0,0
empty_tensor,,,3.64,3.64,0,0,0,0
aten::copy_,,,56.15,65.3,0,1.2,0,0
aclnnInplaceCopy,,,9.15,9.15,1.2,1.2,0,0
aten::unsqueeze,,,3.79,8.2,0,0,0,0
aten::as_strided,,,4.41,4.41,0,0,0,0
_C_ascend::npu_scatter_nd_update_sk,,,27.5,50.3,0,18.3805,0,0
aten::empty,,,2.75,12.77,0,0,0,0
empty_tensor,,,10.02,10.02,0,0,0,0
aclnnScatterNdUpdateSk,,,10.03,10.03,18.3805,18.3805,0,0
npu::npu_quant_matmul,,,341.31,368.81,0,15.3405,0,0
empty_tensor,,,7.82,7.82,0,0,0,0
aten::empty,,,2.03,4.11,0,0,0,0
empty_tensor,,,2.08,2.08,0,0,0,0
aten::empty,,,0.99,2.59,0,0,0,0
empty_tensor,,,1.6,1.6,0,0,0,0
aclnnQuantMatmulWeightNz,,,12.98,12.98,15.3405,15.3405,0,0
aten::view,,,6.19,6.19,0,0,0,0
aten::unsqueeze,,,3.11,7.2,0,0,0,0
aten::as_strided,,,4.09,4.09,0,0,0,0
_C_ascend::inplace_partial_rotary_mul,,,50.36,77.52,0,5.38,0,0
aten::empty,,,3.71,16.04,0,0,0,0
empty_tensor,,,12.33,12.33,0,0,0,0
aclnnInplacePartialRotaryMul,,,11.12,11.12,5.38,5.38,0,0
aten::reshape,,,1.73,6.83,0,0,0,0
aten::view,,,5.1,5.1,0,0,0,0
aten::linear,,,4.79,182.93,0,6.4805,0,0
aten::t,,,5.34,11.6,0,0,0,0
aten::transpose,,,2.78,6.26,0,0,0,0
aten::as_strided,,,3.48,3.48,0,0,0,0
aten::matmul,,,144.79,166.54,0,6.4805,0,0
empty_tensor,,,10.1,10.1,0,0,0,0
aclnnMatmul,,,11.65,11.65,6.4805,6.4805,0,0
aten::mul,,,55.88,78.6,0,5.4805,0,0
empty_tensor,,,9.68,9.68,0,0,0,0
aten::item,,,1.63,3.55,0,0,0,0
aten::_local_scalar_dense,,,1.92,1.92,0,0,0,0
aclnnMuls,,,9.49,9.49,5.4805,5.4805,0,0
aten::alias,,,2.96,2.96,0,0,0,0
aten::reshape,,,1.52,6.15,0,0,0,0
aten::view,,,4.63,4.63,0,0,0,0
vllm::unquantized_gemm,,,21.94,190.61,0,11.6805,0,0
aten::linear,,,4.49,168.67,0,11.6805,0,0
aten::t,,,5.82,14.01,0,0,0,0
aten::transpose,,,2.8,8.19,0,0,0,0
aten::as_strided,,,5.39,5.39,0,0,0,0
aten::matmul,,,127.95,150.17,0,11.6805,0,0
empty_tensor,,,9.6,9.6,0,0,0,0
aclnnMatmul,,,12.62,12.62,11.6805,11.6805,0,0
aten::mul,,,56.73,81.29,0,0.94,0,0
empty_tensor,,,10.39,10.39,0,0,0,0
aten::item,,,1.74,2.97,0,0,0,0
aten::_local_scalar_dense,,,1.23,1.23,0,0,0,0
aclnnMuls,,,11.2,11.2,0.94,0.94,0,0
npu::npu_dynamic_quant,,,96.45,120.55,0,6.7205,0,0
empty_tensor,,,9.4,9.4,0,0,0,0
empty_tensor,,,4.13,4.13,0,0,0,0
aclnnDynamicQuantV2,,,10.57,10.57,6.7205,6.7205,0,0
aten::to,,,2.11,79.59,0,0.9,0,0
aten::_to_copy,,,6.55,77.48,0,0.9,0,0
aten::empty_strided,,,8.09,12.84,0,0,0,0
empty_tensor,,,4.75,4.75,0,0,0,0
aten::copy_,,,47.31,58.09,0,0.9,0,0
aclnnInplaceCopy,,,10.78,10.78,0.9,0.9,0,0
aten::to,,,1.45,73.47,0,1.28,0,0
aten::_to_copy,,,4.7,72.02,0,1.28,0,0
aten::empty_strided,,,6.98,11.65,0,0,0,0
empty_tensor,,,4.67,4.67,0,0,0,0
aten::copy_,,,46.58,55.67,0,1.28,0,0
aclnnInplaceCopy,,,9.09,9.09,1.28,1.28,0,0
aten::squeeze,,,8.43,14.31,0,0,0,0
aten::as_strided,,,5.88,5.88,0,0,0,0
aten::to,,,1.23,1.23,0,0,0,0
aten::slice,,,10.6,13.73,0,0,0,0
aten::as_strided,,,3.13,3.13,0,0,0,0
_C_ascend::npu_vllm_quant_lightning_indexer,,,145.65,188.72,0,78.5615,0,0
aten::empty,,,2.66,12.26,0,0,0,0
empty_tensor,,,9.6,9.6,0,0,0,0
aten::empty,,,1.28,3.27,0,0,0,0
empty_tensor,,,1.99,1.99,0,0,0,0
aten::empty,,,2.86,15.34,0,0,0,0
empty_tensor,,,12.48,12.48,0,0,0,0
aclnnVllmQuantLightningIndexer,,,12.2,12.2,78.5615,78.5615,0,0
aten::view,,,10.05,10.05,0,0,0,0
aten::view,,,3.38,3.38,0,0,0,0
_C_ascend::compressor_metadata,,,38.16,69.62,0,3.26,0,0
aten::empty,,,2.1,11.22,0,0,0,0
empty_tensor,,,9.12,9.12,0,0,0,0
aten::empty,,,1.2,4.91,0,0,0,0
empty_tensor,,,3.71,3.71,0,0,0,0
aten::empty,,,1.12,4.18,0,0,0,0
empty_tensor,,,3.06,3.06,0,0,0,0
aclnnCompressorMetadata,,,11.15,11.15,3.26,3.26,0,0
aten::squeeze,,,7.01,12.54,0,0,0,0
aten::as_strided,,,5.53,5.53,0,0,0,0
aten::view,,,4.03,4.03,0,0,0,0
aten::view,,,2.25,2.25,0,0,0,0
_C_ascend::compressor,,,106.69,146.91,0,63.3415,0,0
aten::empty,,,2.93,13.15,0,0,0,0
empty_tensor,,,10.22,10.22,0,0,0,0
aten::empty,,,2.94,15.17,0,0,0,0
empty_tensor,,,12.23,12.23,0,0,0,0
aclnnCompressor,,,11.9,11.9,63.3415,63.3415,0,0
_C_ascend::npu_scatter_nd_update_sk,,,44.16,68.34,0,18.5005,0,0
aten::empty,,,2.66,13.48,0,0,0,0
empty_tensor,,,10.82,10.82,0,0,0,0
aclnnScatterNdUpdateSk,,,10.7,10.7,18.5005,18.5005,0,0
_C_ascend::npu_sparse_attn_sharedkv,,,128.07,168.69,0,43.861,0,0
aten::empty,,,2.19,11.94,0,0,0,0
empty_tensor,,,9.75,9.75,0,0,0,0
aten::empty,,,1.28,3.46,0,0,0,0
empty_tensor,,,2.18,2.18,0,0,0,0
aten::empty,,,2.32,13.2,0,0,0,0
empty_tensor,,,10.88,10.88,0,0,0,0
aclnnSparseAttnSharedkv,,,12.02,12.02,43.861,43.861,0,0
destroy_event,,,2.57,2.57,0,0,0,0
aten::unsqueeze,,,3.87,8.56,0,0,0,0
aten::as_strided,,,4.69,4.69,0,0,0,0
aten::neg,,,14.5,30.83,0,0.96,0,0
empty_tensor,,,7.17,7.17,0,0,0,0
aclnnNeg,,,9.16,9.16,0.96,0.96,0,0
_C_ascend::inplace_partial_rotary_mul,,,37.53,59.57,0,5.18,0,0
aten::empty,,,2.59,12.52,0,0,0,0
empty_tensor,,,9.93,9.93,0,0,0,0
aclnnInplacePartialRotaryMul,,,9.52,9.52,5.18,5.18,0,0
aten::view,,,5.66,5.66,0,0,0,0
aten::permute,,,3.28,7.89,0,0,0,0
aten::as_strided,,,4.61,4.61,0,0,0,0
aten::contiguous,,,2.64,41.75,0,12.3,0,0
aten::clone,,,5.62,39.11,0,12.3,0,0
empty_tensor,,,6.47,6.47,0,0,0,0
aten::copy_,,,19.38,27.02,0,12.3,0,0
aclnnInplaceCopy,,,7.64,7.64,12.3,12.3,0,0
aten::view,,,3.5,3.5,0,0,0,0
aten::empty_like,,,4.81,14.03,0,0,0,0
aten::empty_strided,,,6.55,9.22,0,0,0,0
empty_tensor,,,2.67,2.67,0,0,0,0
c10d::alltoall_base_,,,64.28,88.71,0,13.459999999999999,0,0
record_event,,,10.55,10.55,0.02,0.02,0,0
wait_event,,,4.37,4.37,0.0,0.0,0,0
HcclAlltoAll,,,2.21,3.56,0,13.02,0,0
HcclAlltoAll,,,1.35,1.35,13.02,13.02,0,0
record_event,,,3.49,3.49,0.22,0.22,0,0
record_event,,,2.46,2.46,0.2,0.2,0,0
wait_event,,,3.85,3.85,0.02,0.02,0,0
destroy_event,,,1.57,1.57,0,0,0,0
aten::view,,,5.17,5.17,0,0,0,0
npu::npu_transpose_batchmatmul,,,31.15,51.87,0,33.561,0,0
empty_tensor,,,11.14,11.14,0,0,0,0
aclnnTransposeBatchMatMul,,,9.58,9.58,33.561,33.561,0,0
aten::reshape,,,1.67,6.54,0,0,0,0
aten::view,,,4.87,4.87,0,0,0,0
vllm::matmul_and_reduce,,,150.95,475.66,0,34.7215,0,0
vllm::unquantized_gemm,,,17.81,77.92,0,18.86,0,0
aten::linear,,,5.25,60.11,0,18.86,0,0
aten::t,,,5.39,14.55,0,0,0,0
aten::transpose,,,3.0,9.16,0,0,0,0
aten::as_strided,,,6.16,6.16,0,0,0,0
aten::matmul,,,19.22,40.31,0,18.86,0,0
empty_tensor,,,10.48,10.48,0,0,0,0
aclnnMatmul,,,10.61,10.61,18.86,18.86,0,0
vllm::reduce_scatter,,,119.33,246.79,0,15.8615,0,0
aten::movedim,,,1.56,11.94,0,0,0,0
aten::movedim,,,3.25,10.38,0,0,0,0
aten::permute,,,3.25,7.13,0,0,0,0
aten::as_strided,,,3.88,3.88,0,0,0,0
aten::empty,,,2.76,12.49,0,0,0,0
empty_tensor,,,9.73,9.73,0,0,0,0
c10d::_reduce_scatter_base_,,,58.0,86.34,0,15.8415,0,0
record_event,,,12.45,12.45,0.02,0.02,0,0
wait_event,,,4.67,4.67,2.6805,2.6805,0,0
HcclReduceScatterBase,,,3.12,5.04,0,12.661,0,0
HcclReduceScatter,,,1.92,1.92,12.661,12.661,0,0
record_event,,,3.75,3.75,0.46,0.46,0,0
record_event,,,2.43,2.43,0.02,0.02,0,0
wait_event,,,2.89,2.89,0.02,0.02,0,0
destroy_event,,,2.47,2.47,0,0,0,0
aten::movedim,,,1.51,11.33,0,0,0,0
aten::movedim,,,2.43,9.82,0,0,0,0
aten::permute,,,2.74,7.39,0,0,0,0
aten::as_strided,,,4.65,4.65,0,0,0,0
aten::copy_,,,54.42,64.87,0,0.72,0,0
aclnnInplaceCopy,,,10.45,10.45,0.72,0.72,0,0
aten::unsqueeze,,,4.6,8.43,0,0,0,0
aten::as_strided,,,3.83,3.83,0,0,0,0
aten::unsqueeze,,,2.35,3.82,0,0,0,0
aten::as_strided,,,1.47,1.47,0,0,0,0
aten::unsqueeze,,,2.11,3.63,0,0,0,0
aten::as_strided,,,1.52,1.52,0,0,0,0
aten::detach,,,4.14,4.14,0,0,0,0
aten::reshape,,,4.95,8.51,0,0,0,0
aten::view,,,3.56,3.56,0,0,0,0
aten::unsqueeze,,,2.4,3.95,0,0,0,0
aten::as_strided,,,1.55,1.55,0,0,0,0
_C_ascend::npu_hc_post,,,38.56,75.36,0,7.48,0,0
aten::empty,,,2.68,13.31,0,0,0,0
empty_tensor,,,10.63,10.63,0,0,0,0
aten::empty,,,2.36,12.29,0,0,0,0
empty_tensor,,,9.93,9.93,0,0,0,0
aclnnHcPost,,,11.2,11.2,7.48,7.48,0,0
aten::squeeze,,,4.24,7.01,0,0,0,0
aten::as_strided,,,2.77,2.77,0,0,0,0
_C_ascend::npu_hc_pre_v2,,,36.83,73.05,0,32.1605,0,0
aten::empty,,,1.91,7.77,0,0,0,0
empty_tensor,,,5.86,5.86,0,0,0,0
aten::empty,,,1.17,4.46,0,0,0,0
empty_tensor,,,3.29,3.29,0,0,0,0
aten::empty,,,1.74,4.9,0,0,0,0
empty_tensor,,,3.16,3.16,0,0,0,0
aten::empty,,,1.97,9.5,0,0,0,0
empty_tensor,,,7.53,7.53,0,0,0,0
aclnnHcPre,,,9.59,9.59,32.1605,32.1605,0,0
npu::npu_rms_norm,,,49.19,67.43,0,4.82,0,0
empty_tensor,,,6.29,6.29,0,0,0,0
empty_tensor,,,3.31,3.31,0,0,0,0
aclnnRmsNorm,,,8.64,8.64,4.82,4.82,0,0
aten::reshape,,,4.49,8.67,0,0,0,0
aten::view,,,4.18,4.18,0,0,0,0
vllm::moe_forward_shared,,,2006.88,5044.67,0,441.329,0,0
aten::to,,,1.9,49.54,0,5.9,0,0
aten::_to_copy,,,5.66,47.64,0,5.9,0,0
aten::empty_strided,,,11.29,16.26,0,0,0,0
empty_tensor,,,4.97,4.97,0,0,0,0
aten::copy_,,,15.11,25.72,0,5.9,0,0
aclnnInplaceCopy,,,10.61,10.61,5.9,5.9,0,0
Event::record,,,80.43,93.27,0,0.22,0,0
record_event,,,12.84,12.84,0.22,0.22,0,0
aten::linear,,,4.43,58.75,0,13.2205,0,0
aten::t,,,5.89,15.11,0,0,0,0
aten::transpose,,,2.8,9.22,0,0,0,0
aten::as_strided,,,6.42,6.42,0,0,0,0
aten::matmul,,,18.78,39.21,0,13.2205,0,0
empty_tensor,,,11.2,11.2,0,0,0,0
aclnnMatmul,,,9.23,9.23,13.2205,13.2205,0,0
Event::record,,,71.96,108.31,0,0.2,0,0
record_event,,,36.35,36.35,0.2,0.2,0,0
vllm::maybe_all_gather_and_maybe_unpad,,,44.93,304.83,0,11.261000000000001,0,0
vllm::all_gather,,,130.77,259.9,0,11.261000000000001,0,0
aten::empty,,,4.1,17.92,0,0,0,0
empty_tensor,,,13.82,13.82,0,0,0,0
c10d::_allgather_base_,,,56.09,82.69,0,11.241000000000001,0,0
record_event,,,12.86,12.86,0.2,0.2,0,0
wait_event,,,2.97,2.97,0.02,0.02,0,0
HcclAllgatherBase,,,3.09,4.85,0,10.601,0,0
HcclAllGather,,,1.76,1.76,10.601,10.601,0,0
record_event,,,3.54,3.54,0.22,0.22,0,0
record_event,,,2.38,2.38,0.2,0.2,0,0
wait_event,,,2.77,2.77,0.02,0.02,0,0
destroy_event,,,1.71,1.71,0,0,0,0
aten::reshape,,,1.83,8.14,0,0,0,0
aten::view,,,6.31,6.31,0,0,0,0
aten::movedim,,,1.61,11.98,0,0,0,0
aten::movedim,,,2.62,10.37,0,0,0,0
aten::permute,,,3.78,7.75,0,0,0,0
aten::as_strided,,,3.97,3.97,0,0,0,0
aten::reshape,,,0.83,3.92,0,0,0,0
aten::view,,,3.09,3.09,0,0,0,0
vllm::maybe_all_gather_and_maybe_unpad,,,39.97,277.05,0,8.0005,0,0
vllm::all_gather,,,114.06,237.08,0,8.0005,0,0
aten::empty,,,3.2,15.52,0,0,0,0
empty_tensor,,,12.32,12.32,0,0,0,0
c10d::_allgather_base_,,,49.43,76.61,0,7.9805,0,0
record_event,,,12.58,12.58,0.02,0.02,0,0
wait_event,,,3.85,3.85,2.4805,2.4805,0,0
HcclAllgatherBase,,,2.92,4.72,0,5.26,0,0
HcclAllGather,,,1.8,1.8,5.26,5.26,0,0
record_event,,,3.54,3.54,0.02,0.02,0,0
record_event,,,2.49,2.49,0.2,0.2,0,0
wait_event,,,7.08,7.08,0.02,0.02,0,0
destroy_event,,,1.62,1.62,0,0,0,0
aten::reshape,,,1.58,7.14,0,0,0,0
aten::view,,,5.56,5.56,0,0,0,0
aten::movedim,,,1.41,10.44,0,0,0,0
aten::movedim,,,2.44,9.03,0,0,0,0
aten::permute,,,2.78,6.59,0,0,0,0
aten::as_strided,,,3.81,3.81,0,0,0,0
aten::reshape,,,0.8,4.61,0,0,0,0
aten::view,,,3.81,3.81,0,0,0,0
aten::to,,,2.06,57.73,0,1.0,0,0
aten::_to_copy,,,6.24,55.67,0,1.0,0,0
aten::empty_strided,,,11.65,17.95,0,0,0,0
empty_tensor,,,6.3,6.3,0,0,0,0
aten::copy_,,,20.42,31.48,0,1.0,0,0
aclnnInplaceCopy,,,11.06,11.06,1.0,1.0,0,0
aten::to,,,1.39,1.39,0,0,0,0
aten::eq,,,12.67,29.29,0,1.7,0,0
empty_tensor,,,8.82,8.82,0,0,0,0
aclnnEqScalar,,,7.8,7.8,1.7,1.7,0,0
aten::where,,,8.25,54.81,0,3.24,0,0
aten::scalar_tensor,,,5.29,27.09,0,1.14,0,0
aten::empty,,,1.7,7.12,0,0,0,0
empty_tensor,,,5.42,5.42,0,0,0,0
aten::fill_,,,8.35,14.68,0,1.14,0,0
aclnnInplaceFillScalar,,,6.33,6.33,1.14,1.14,0,0
aten::to,,,0.55,0.55,0,0,0,0
aten::where,,,9.87,18.92,0,2.1,0,0
empty_tensor,,,4.67,4.67,0,0,0,0
aclnnSWhere,,,4.38,4.38,2.1,2.1,0,0
_C_ascend::moe_gating_top_k_hash,,,42.59,71.26,0,11.0,0,0
aten::empty,,,2.24,9.01,0,0,0,0
empty_tensor,,,6.77,6.77,0,0,0,0
aten::empty,,,1.18,4.5,0,0,0,0
empty_tensor,,,3.32,3.32,0,0,0,0
aten::empty,,,0.99,4.78,0,0,0,0
empty_tensor,,,3.79,3.79,0,0,0,0
aclnnMoeGatingTopKHash,,,10.38,10.38,11.0,11.0,0,0
aten::to,,,1.61,40.3,0,0.98,0,0
aten::_to_copy,,,5.67,38.69,0,0.98,0,0
aten::empty_strided,,,7.42,11.75,0,0,0,0
empty_tensor,,,4.33,4.33,0,0,0,0
aten::copy_,,,13.93,21.27,0,0.98,0,0
aclnnInplaceCopy,,,7.34,7.34,0.98,0.98,0,0
aten::detach,,,4.32,4.32,0,0,0,0
aten::detach,,,1.25,1.25,0,0,0,0
Event::record,,,77.12,90.86,0,0.2005,0,0
record_event,,,13.74,13.74,0.2005,0.2005,0,0
aten::index,,,32.98,57.14,0,21.7805,0,0
empty_tensor,,,6.58,6.58,0,0,0,0
empty_tensor,,,7.88,7.88,0,0,0,0
aclnnIndex,,,9.7,9.7,21.7805,21.7805,0,0
aten::ne,,,11.02,29.43,0,1.58,0,0
empty_tensor,,,5.65,5.65,0,0,0,0
aclnnNeScalar,,,12.76,12.76,1.58,1.58,0,0
aten::mul,,,16.0,27.87,0,2.2800000000000002,0,0
empty_tensor,,,5.75,5.75,0,0,0,0
aclnnMul,,,6.12,6.12,2.2800000000000002,2.2800000000000002,0,0
npu::npu_moe_init_routing_v2,,,25.38,52.52,0,30.3405,0,0
empty_tensor,,,8.23,8.23,0,0,0,0
empty_tensor,,,3.1,3.1,0,0,0,0
empty_tensor,,,2.93,2.93,0,0,0,0
empty_tensor,,,3.11,3.11,0,0,0,0
aclnnMoeInitRoutingV3,,,9.77,9.77,30.3405,30.3405,0,0
aten::to,,,1.57,1.57,0,0,0,0
_C_ascend::grouped_matmul_swiglu_quant_v2,,,200.08,249.99,0,160.183,0,0
aten::empty,,,3.38,14.04,0,0,0,0
empty_tensor,,,10.66,10.66,0,0,0,0
aten::empty,,,1.17,4.92,0,0,0,0
empty_tensor,,,3.75,3.75,0,0,0,0
aten::empty,,,3.79,17.61,0,0,0,0
empty_tensor,,,13.82,13.82,0,0,0,0
aclnnGroupedMatmulSwigluQuantWeightNzV2,,,13.34,13.34,160.183,160.183,0,0
Event::record,,,78.97,93.4,0,0.02,0,0
record_event,,,14.43,14.43,0.02,0.02,0,0
npu::npu_grouped_matmul,,,44.39,72.45,0,92.202,0,0
empty_tensor,,,15.36,15.36,0,0,0,0
npu::get_npu_format,,,1.85,1.85,0,0,0,0
aclnnGroupedMatmulWeightNz,,,10.85,10.85,92.202,92.202,0,0
Event::record,,,72.32,85.0,0,0.22,0,0
record_event,,,12.68,12.68,0.22,0.22,0,0
aten::abs,,,15.69,36.42,0,1.04,0,0
empty_tensor,,,10.87,10.87,0,0,0,0
aclnnAbs,,,9.86,9.86,1.04,1.04,0,0
npu::npu_moe_token_unpermute,,,70.36,91.22,0,13.38,0,0
empty_tensor,,,8.22,8.22,0,0,0,0
aclnnMoeTokenUnpermute,,,12.64,12.64,13.38,13.38,0,0
vllm::maybe_pad_and_reduce,,,37.82,280.45,0,11.96,0,0
vllm::reduce_scatter,,,115.14,242.63,0,11.96,0,0
aten::movedim,,,1.71,13.37,0,0,0,0
aten::movedim,,,2.73,11.66,0,0,0,0
aten::permute,,,3.34,8.93,0,0,0,0
aten::as_strided,,,5.59,5.59,0,0,0,0
aten::empty,,,2.99,13.41,0,0,0,0
empty_tensor,,,10.42,10.42,0,0,0,0
c10d::_reduce_scatter_base_,,,54.01,82.64,0,11.94,0,0
record_event,,,14.77,14.77,0.22,0.22,0,0
wait_event,,,3.03,3.03,0.02,0.02,0,0
HcclReduceScatterBase,,,3.02,4.87,0,11.5,0,0
HcclReduceScatter,,,1.85,1.85,11.5,11.5,0,0
record_event,,,3.53,3.53,0.2,0.2,0,0
record_event,,,2.43,2.43,0.0,0.0,0,0
wait_event,,,3.08,3.08,0.02,0.02,0,0
destroy_event,,,1.71,1.71,0,0,0,0
aten::movedim,,,1.32,13.28,0,0,0,0
aten::movedim,,,2.48,11.96,0,0,0,0
aten::permute,,,4.3,9.48,0,0,0,0
aten::as_strided,,,5.18,5.18,0,0,0,0
Event::wait,,,63.8,77.39,0,0,0,0
wait_event,,,13.59,13.59,0,0,0,0
npu::npu_dynamic_quant,,,30.11,56.76,0,3.94,0,0
empty_tensor,,,12.6,12.6,0,0,0,0
empty_tensor,,,4.1,4.1,0,0,0,0
aclnnDynamicQuantV2,,,9.95,9.95,3.94,3.94,0,0
Event::wait,,,57.88,68.62,0,0,0,0
wait_event,,,10.74,10.74,0,0,0,0
npu::npu_quant_matmul,,,34.31,62.59,0,21.08,0,0
empty_tensor,,,10.66,10.66,0,0,0,0
aten::empty,,,2.43,4.63,0,0,0,0
empty_tensor,,,2.2,2.2,0,0,0,0
aten::empty,,,0.94,2.69,0,0,0,0
empty_tensor,,,1.75,1.75,0,0,0,0
aclnnQuantMatmulWeightNz,,,10.3,10.3,21.08,21.08,0,0
Event::wait,,,56.23,67.74,0,0,0,0
wait_event,,,11.51,11.51,0,0,0,0
_C_ascend::npu_dequant_swiglu_quant,,,47.84,87.97,0,4.9,0,0
aten::empty,,,2.78,13.22,0,0,0,0
empty_tensor,,,10.44,10.44,0,0,0,0
aten::empty,,,1.32,5.0,0,0,0,0
empty_tensor,,,3.68,3.68,0,0,0,0
aten::empty,,,3.36,11.12,0,0,0,0
empty_tensor,,,7.76,7.76,0,0,0,0
aclnnDequantSwigluQuantV2,,,10.79,10.79,4.9,4.9,0,0
Event::wait,,,60.18,72.17,0,0,0,0
wait_event,,,11.99,11.99,0,0,0,0
npu::npu_quant_matmul,,,35.58,63.06,0,19.4605,0,0
empty_tensor,,,10.5,10.5,0,0,0,0
aten::empty,,,1.89,3.97,0,0,0,0
empty_tensor,,,2.08,2.08,0,0,0,0
aten::empty,,,1.03,2.84,0,0,0,0
empty_tensor,,,1.81,1.81,0,0,0,0
aclnnQuantMatmulWeightNz,,,10.17,10.17,19.4605,19.4605,0,0
Event::record,,,69.15,80.79,0,0.02,0,0
record_event,,,11.64,11.64,0.02,0.02,0,0
Event::wait,,,44.32,54.99,0,0.02,0,0
wait_event,,,10.67,10.67,0.02,0.02,0,0
destroy_event,,,6.22,6.22,0,0,0,0
destroy_event,,,6.81,6.81,0,0,0,0
destroy_event,,,2.67,2.67,0,0,0,0
destroy_event,,,1.34,1.34,0,0,0,0
destroy_event,,,3.63,3.63,0,0,0,0
destroy_event,,,4.62,4.62,0,0,0,0
aten::add,,,23.89,42.37,0,7.6805,0,0
empty_tensor,,,11.15,11.15,0,0,0,0
aclnnAdd,,,7.33,7.33,7.6805,7.6805,0,0
vllm::maybe_all_reduce_tensor_model_parallel,,,25.86,25.86,0,0,0,0
aten::unsqueeze,,,4.81,8.91,0,0,0,0
aten::as_strided,,,4.1,4.1,0,0,0,0
aten::unsqueeze,,,2.4,4.47,0,0,0,0
aten::as_strided,,,2.07,2.07,0,0,0,0
aten::unsqueeze,,,2.22,3.8,0,0,0,0
aten::as_strided,,,1.58,1.58,0,0,0,0
aten::unsqueeze,,,2.09,4.56,0,0,0,0
aten::as_strided,,,2.47,2.47,0,0,0,0
_C_ascend::npu_hc_post,,,41.12,76.12,0,7.46,0,0
aten::empty,,,2.62,11.48,0,0,0,0
empty_tensor,,,8.86,8.86,0,0,0,0
aten::empty,,,2.31,12.97,0,0,0,0
empty_tensor,,,10.66,10.66,0,0,0,0
aclnnHcPost,,,10.55,10.55,7.46,7.46,0,0
aten::squeeze,,,4.53,7.4,0,0,0,0
aten::as_strided,,,2.87,2.87,0,0,0,0
_C_ascend::npu_hc_pre_v2,,,37.84,74.66,0,40.4805,0,0
aten::empty,,,1.92,9.02,0,0,0,0
empty_tensor,,,7.1,7.1,0,0,0,0
aten::empty,,,1.09,4.23,0,0,0,0
empty_tensor,,,3.14,3.14,0,0,0,0
aten::empty,,,1.06,4.21,0,0,0,0
empty_tensor,,,3.15,3.15,0,0,0,0
aten::empty,,,1.97,9.68,0,0,0,0
empty_tensor,,,7.71,7.71,0,0,0,0
aclnnHcPre,,,9.68,9.68,40.4805,40.4805,0,0
npu::npu_rms_norm,,,48.21,66.58,0,4.92,0,0
empty_tensor,,,5.96,5.96,0,0,0,0
empty_tensor,,,3.26,3.26,0,0,0,0
aclnnRmsNorm,,,9.15,9.15,4.92,4.92,0,0
aten::empty,,,5.77,12.78,0,0,0,0
empty_tensor,,,7.01,7.01,0,0,0,0
aten::alias,,,4.21,4.21,0,0,0,0
vllm::dsa_forward,,,1541.06,3696.49,0,375.1075,0,0
aten::empty,,,3.26,12.99,0,0,0,0
empty_tensor,,,9.73,9.73,0,0,0,0
c10d::_allgather_base_,,,55.38,83.88,0,11.8205,0,0
record_event,,,14.37,14.37,0.2005,0.2005,0,0
wait_event,,,3.16,3.16,0.02,0.02,0,0
HcclAllgatherBase,,,3.01,4.86,0,11.36,0,0
HcclAllGather,,,1.85,1.85,11.36,11.36,0,0
record_event,,,3.6,3.6,0.22,0.22,0,0
record_event,,,2.51,2.51,0.02,0.02,0,0
npu::npu_dynamic_quant,,,29.87,47.18,0,3.92,0,0
empty_tensor,,,9.77,9.77,0,0,0,0
empty_tensor,,,4.32,4.32,0,0,0,0
aclnnDynamicQuantV2,,,3.22,3.22,3.92,3.92,0,0
npu::npu_quant_matmul,,,29.79,55.21,0,17.0405,0,0
empty_tensor,,,6.73,6.73,0,0,0,0
aten::empty,,,2.6,4.6,0,0,0,0
empty_tensor,,,2.0,2.0,0,0,0,0
aten::empty,,,1.77,3.61,0,0,0,0
empty_tensor,,,1.84,1.84,0,0,0,0
aclnnQuantMatmulWeightNz,,,10.48,10.48,17.0405,17.0405,0,0
_C_ascend::npu_rms_norm_dynamic_quant,,,46.75,100.09,0,7.3605,0,0
aten::empty_like,,,5.78,16.7,0,0,0,0
aten::empty_strided,,,7.82,10.92,0,0,0,0
empty_tensor,,,3.1,3.1,0,0,0,0
aten::empty,,,1.44,4.78,0,0,0,0
empty_tensor,,,3.34,3.34,0,0,0,0
aten::empty,,,1.09,4.1,0,0,0,0
empty_tensor,,,3.01,3.01,0,0,0,0
aten::empty_like,,,1.93,7.47,0,0,0,0
aten::empty_strided,,,3.9,5.54,0,0,0,0
empty_tensor,,,1.64,1.64,0,0,0,0
aten::empty,,,2.08,9.74,0,0,0,0
empty_tensor,,,7.66,7.66,0,0,0,0
aclnnRmsNormDynamicQuant,,,10.55,10.55,7.3605,7.3605,0,0
npu::npu_quant_matmul,,,30.28,51.78,0,33.401,0,0
empty_tensor,,,6.81,6.81,0,0,0,0
aten::empty,,,1.62,3.53,0,0,0,0
empty_tensor,,,1.91,1.91,0,0,0,0
aten::empty,,,0.91,2.4,0,0,0,0
empty_tensor,,,1.49,1.49,0,0,0,0
aclnnQuantMatmulWeightNz,,,8.76,8.76,33.401,33.401,0,0
aten::unflatten,,,6.1,11.49,0,0,0,0
aten::view,,,5.39,5.39,0,0,0,0
aten::view,,,2.62,2.62,0,0,0,0
aten::empty_like,,,4.34,14.91,0,0,0,0
aten::empty_strided,,,7.1,10.57,0,0,0,0
empty_tensor,,,3.47,3.47,0,0,0,0
triton_rms_kernel,,,14.78,14.78,13.5205,13.5205,0,0
aten::view,,,7.46,7.46,0,0,0,0
aten::unsqueeze,,,3.15,7.53,0,0,0,0
aten::as_strided,,,4.38,4.38,0,0,0,0
_C_ascend::inplace_partial_rotary_mul,,,52.22,80.75,0,5.24,0,0
aten::empty,,,3.43,17.09,0,0,0,0
empty_tensor,,,13.66,13.66,0,0,0,0
aclnnInplacePartialRotaryMul,,,11.44,11.44,5.24,5.24,0,0
wait_event,,,5.06,5.06,0.0,0.0,0,0
aten::slice,,,4.17,8.31,0,0,0,0
aten::as_strided,,,4.14,4.14,0,0,0,0
npu::npu_dynamic_quant,,,28.15,52.47,0,7.3,0,0
empty_tensor,,,9.59,9.59,0,0,0,0
empty_tensor,,,4.54,4.54,0,0,0,0
aclnnDynamicQuantV2,,,10.19,10.19,7.3,7.3,0,0
npu::npu_quant_matmul,,,30.71,55.29,0,13.2405,0,0
empty_tensor,,,6.91,6.91,0,0,0,0
aten::empty,,,3.37,5.66,0,0,0,0
empty_tensor,,,2.29,2.29,0,0,0,0
aten::empty,,,1.0,2.53,0,0,0,0
empty_tensor,,,1.53,1.53,0,0,0,0
aclnnQuantMatmulWeightNz,,,9.48,9.48,13.2405,13.2405,0,0
npu::npu_rms_norm,,,54.01,71.81,0,9.9805,0,0
empty_tensor,,,6.21,6.21,0,0,0,0
empty_tensor,,,3.05,3.05,0,0,0,0
aclnnRmsNorm,,,8.54,8.54,9.9805,9.9805,0,0
aten::view,,,5.47,5.47,0,0,0,0
aten::unsqueeze,,,2.92,6.75,0,0,0,0
aten::as_strided,,,3.83,3.83,0,0,0,0
aten::slice,,,3.05,5.26,0,0,0,0
aten::as_strided,,,2.21,2.21,0,0,0,0
aten::slice,,,1.06,2.88,0,0,0,0
aten::as_strided,,,1.82,1.82,0,0,0,0
_C_ascend::inplace_partial_rotary_mul,,,37.07,63.82,0,10.3,0,0
aten::empty,,,3.26,13.43,0,0,0,0
empty_tensor,,,10.17,10.17,0,0,0,0
aclnnInplacePartialRotaryMul,,,13.32,13.32,10.3,10.3,0,0
_C_ascend::npu_scatter_nd_update_sk,,,33.44,54.37,0,26.0605,0,0
aten::empty,,,2.57,11.59,0,0,0,0
empty_tensor,,,9.02,9.02,0,0,0,0
aclnnScatterNdUpdateSk,,,9.34,9.34,26.0605,26.0605,0,0
aten::view,,,10.01,10.01,0,0,0,0
aten::view,,,4.32,4.32,0,0,0,0
_C_ascend::compressor_metadata,,,44.84,73.32,0,2.2605,0,0
aten::empty,,,2.25,9.46,0,0,0,0
empty_tensor,,,7.21,7.21,0,0,0,0
aten::empty,,,1.19,4.81,0,0,0,0
empty_tensor,,,3.62,3.62,0,0,0,0
aten::empty,,,1.18,4.3,0,0,0,0
empty_tensor,,,3.12,3.12,0,0,0,0
aclnnCompressorMetadata,,,9.91,9.91,2.2605,2.2605,0,0
aten::squeeze,,,7.15,12.08,0,0,0,0
aten::as_strided,,,4.93,4.93,0,0,0,0
aten::view,,,3.75,3.75,0,0,0,0
aten::view,,,2.43,2.43,0,0,0,0
_C_ascend::compressor,,,109.97,146.71,0,49.441,0,0
aten::empty,,,2.33,10.92,0,0,0,0
empty_tensor,,,8.59,8.59,0,0,0,0
aten::empty,,,2.92,14.34,0,0,0,0
empty_tensor,,,11.42,11.42,0,0,0,0
aclnnCompressor,,,11.48,11.48,49.441,49.441,0,0
_C_ascend::npu_scatter_nd_update_sk,,,37.67,65.16,0,15.54,0,0
aten::empty,,,2.58,12.82,0,0,0,0
empty_tensor,,,10.24,10.24,0,0,0,0
aclnnScatterNdUpdateSk,,,14.67,14.67,15.54,15.54,0,0
_C_ascend::npu_sparse_attn_sharedkv,,,109.0,147.88,0,37.281,0,0
aten::empty,,,2.35,10.78,0,0,0,0
empty_tensor,,,8.43,8.43,0,0,0,0
aten::empty,,,2.06,4.07,0,0,0,0
empty_tensor,,,2.01,2.01,0,0,0,0
aten::empty,,,2.37,11.9,0,0,0,0
empty_tensor,,,9.53,9.53,0,0,0,0
aclnnSparseAttnSharedkv,,,12.13,12.13,37.281,37.281,0,0
destroy_event,,,3.23,3.23,0,0,0,0
aten::unsqueeze,,,3.82,8.63,0,0,0,0
aten::as_strided,,,4.81,4.81,0,0,0,0
aten::neg,,,15.08,31.96,0,1.0,0,0
empty_tensor,,,7.37,7.37,0,0,0,0
aclnnNeg,,,9.51,9.51,1.0,1.0,0,0
_C_ascend::inplace_partial_rotary_mul,,,36.98,59.05,0,5.14,0,0
aten::empty,,,2.6,12.33,0,0,0,0
empty_tensor,,,9.73,9.73,0,0,0,0
aclnnInplacePartialRotaryMul,,,9.74,9.74,5.14,5.14,0,0
aten::view,,,5.41,5.41,0,0,0,0
aten::permute,,,2.84,7.53,0,0,0,0
aten::as_strided,,,4.69,4.69,0,0,0,0
aten::contiguous,,,2.7,39.99,0,11.98,0,0
aten::clone,,,4.62,37.29,0,11.98,0,0
empty_tensor,,,5.87,5.87,0,0,0,0
aten::copy_,,,18.87,26.8,0,11.98,0,0
aclnnInplaceCopy,,,7.93,7.93,11.98,11.98,0,0
aten::view,,,3.44,3.44,0,0,0,0
aten::empty_like,,,4.91,15.8,0,0,0,0
aten::empty_strided,,,6.95,10.89,0,0,0,0
empty_tensor,,,3.94,3.94,0,0,0,0
c10d::alltoall_base_,,,58.55,83.04,0,19.24,0,0
record_event,,,10.98,10.98,0.02,0.02,0,0
wait_event,,,4.02,4.02,5.64,5.64,0,0
HcclAlltoAll,,,2.17,3.65,0,13.34,0,0
HcclAlltoAll,,,1.48,1.48,13.34,13.34,0,0
record_event,,,3.31,3.31,0.22,0.22,0,0
record_event,,,2.53,2.53,0.02,0.02,0,0
wait_event,,,2.93,2.93,0.02,0.02,0,0
destroy_event,,,1.86,1.86,0,0,0,0
aten::view,,,5.17,5.17,0,0,0,0
npu::npu_transpose_batchmatmul,,,30.25,51.9,0,34.1205,0,0
empty_tensor,,,10.72,10.72,0,0,0,0
aclnnTransposeBatchMatMul,,,10.93,10.93,34.1205,34.1205,0,0
aten::reshape,,,1.64,6.14,0,0,0,0
aten::view,,,4.5,4.5,0,0,0,0
vllm::matmul_and_reduce,,,145.59,475.48,0,39.18,0,0
vllm::unquantized_gemm,,,16.37,80.31,0,20.86,0,0
aten::linear,,,4.31,63.94,0,20.86,0,0
aten::t,,,5.79,15.17,0,0,0,0
aten::transpose,,,3.06,9.38,0,0,0,0
aten::as_strided,,,6.32,6.32,0,0,0,0
aten::matmul,,,19.46,44.46,0,20.86,0,0
empty_tensor,,,10.36,10.36,0,0,0,0
aclnnMatmul,,,14.64,14.64,20.86,20.86,0,0
vllm::reduce_scatter,,,116.72,249.58,0,18.32,0,0
aten::movedim,,,1.73,14.91,0,0,0,0
aten::movedim,,,2.66,13.18,0,0,0,0
aten::permute,,,6.44,10.52,0,0,0,0
aten::as_strided,,,4.08,4.08,0,0,0,0
aten::empty,,,2.76,13.14,0,0,0,0
empty_tensor,,,10.38,10.38,0,0,0,0
c10d::_reduce_scatter_base_,,,57.12,87.41,0,18.3,0,0
record_event,,,12.05,12.05,0.02,0.02,0,0
wait_event,,,3.52,3.52,5.52,5.52,0,0
HcclReduceScatterBase,,,3.2,5.18,0,12.52,0,0
HcclReduceScatter,,,1.98,1.98,12.52,12.52,0,0
record_event,,,3.67,3.67,0.02,0.02,0,0
record_event,,,5.87,5.87,0.22,0.22,0,0
wait_event,,,3.42,3.42,0.02,0.02,0,0
destroy_event,,,2.39,2.39,0,0,0,0
aten::movedim,,,1.65,11.59,0,0,0,0
aten::movedim,,,2.33,9.94,0,0,0,0
aten::permute,,,2.93,7.61,0,0,0,0
aten::as_strided,,,4.68,4.68,0,0,0,0
aten::copy_,,,56.08,66.05,0,0.72,0,0
aclnnInplaceCopy,,,9.97,9.97,0.72,0.72,0,0
aten::unsqueeze,,,4.44,8.24,0,0,0,0
aten::as_strided,,,3.8,3.8,0,0,0,0
aten::unsqueeze,,,2.58,4.19,0,0,0,0
aten::as_strided,,,1.61,1.61,0,0,0,0
aten::unsqueeze,,,2.0,3.54,0,0,0,0
aten::as_strided,,,1.54,1.54,0,0,0,0
aten::detach,,,6.93,6.93,0,0,0,0
aten::reshape,,,4.54,8.14,0,0,0,0
aten::view,,,3.6,3.6,0,0,0,0
aten::unsqueeze,,,2.5,4.21,0,0,0,0
aten::as_strided,,,1.71,1.71,0,0,0,0
_C_ascend::npu_hc_post,,,38.88,78.58,0,7.5805,0,0
aten::empty,,,2.71,13.32,0,0,0,0
empty_tensor,,,10.61,10.61,0,0,0,0
aten::empty,,,2.41,15.32,0,0,0,0
empty_tensor,,,12.91,12.91,0,0,0,0
aclnnHcPost,,,11.06,11.06,7.5805,7.5805,0,0
aten::squeeze,,,4.29,7.15,0,0,0,0
aten::as_strided,,,2.86,2.86,0,0,0,0
_C_ascend::npu_hc_pre_v2,,,37.04,75.63,0,31.101,0,0
aten::empty,,,2.01,8.72,0,0,0,0
empty_tensor,,,6.71,6.71,0,0,0,0
aten::empty,,,1.37,4.78,0,0,0,0
empty_tensor,,,3.41,3.41,0,0,0,0
aten::empty,,,1.27,4.15,0,0,0,0
empty_tensor,,,2.88,2.88,0,0,0,0
aten::empty,,,2.09,10.29,0,0,0,0
empty_tensor,,,8.2,8.2,0,0,0,0
aclnnHcPre,,,10.65,10.65,31.101,31.101,0,0
npu::npu_rms_norm,,,48.77,70.5,0,5.78,0,0
empty_tensor,,,6.72,6.72,0,0,0,0
empty_tensor,,,6.02,6.02,0,0,0,0
aclnnRmsNorm,,,8.99,8.99,5.78,5.78,0,0
aten::reshape,,,4.62,8.77,0,0,0,0
aten::view,,,4.15,4.15,0,0,0,0
vllm::moe_forward_shared,,,1920.22,4832.05,0,373.646,0,0
aten::to,,,1.95,48.75,0,5.94,0,0
aten::_to_copy,,,5.75,46.8,0,5.94,0,0
aten::empty_strided,,,10.51,14.82,0,0,0,0
empty_tensor,,,4.31,4.31,0,0,0,0
aten::copy_,,,14.78,26.23,0,5.94,0,0
aclnnInplaceCopy,,,11.45,11.45,5.94,5.94,0,0
Event::record,,,77.03,89.48,0,0.02,0,0
record_event,,,12.45,12.45,0.02,0.02,0,0
aten::linear,,,4.35,57.48,0,13.88,0,0
aten::t,,,5.23,13.78,0,0,0,0
aten::transpose,,,2.77,8.55,0,0,0,0
aten::as_strided,,,5.78,5.78,0,0,0,0
aten::matmul,,,19.56,39.35,0,13.88,0,0
empty_tensor,,,10.85,10.85,0,0,0,0
aclnnMatmul,,,8.94,8.94,13.88,13.88,0,0
Event::record,,,69.65,81.15,0,0.22,0,0
record_event,,,11.5,11.5,0.22,0.22,0,0
vllm::maybe_all_gather_and_maybe_unpad,,,45.44,318.49,0,15.76,0,0
vllm::all_gather,,,132.42,273.05,0,15.76,0,0
aten::empty,,,3.92,17.72,0,0,0,0
empty_tensor,,,13.8,13.8,0,0,0,0
c10d::_allgather_base_,,,56.49,94.86,0,15.74,0,0
record_event,,,19.21,19.21,0.02,0.02,0,0
wait_event,,,3.56,3.56,5.42,5.42,0,0
HcclAllgatherBase,,,4.12,9.58,0,10.26,0,0
HcclAllGather,,,5.46,5.46,10.26,10.26,0,0
record_event,,,3.59,3.59,0.02,0.02,0,0
record_event,,,2.43,2.43,0.02,0.02,0,0
wait_event,,,3.25,3.25,0.02,0.02,0,0
destroy_event,,,1.6,1.6,0,0,0,0
aten::reshape,,,1.84,8.07,0,0,0,0
aten::view,,,6.23,6.23,0,0,0,0
aten::movedim,,,1.56,11.0,0,0,0,0
aten::movedim,,,2.51,9.44,0,0,0,0
aten::permute,,,3.03,6.93,0,0,0,0
aten::as_strided,,,3.9,3.9,0,0,0,0
aten::reshape,,,0.87,4.13,0,0,0,0
aten::view,,,3.26,3.26,0,0,0,0
vllm::maybe_all_gather_and_maybe_unpad,,,40.23,290.91,0,10.8805,0,0
vllm::all_gather,,,116.06,250.68,0,10.8805,0,0
aten::empty,,,3.0,15.76,0,0,0,0
empty_tensor,,,12.76,12.76,0,0,0,0
c10d::_allgather_base_,,,55.28,92.37,0,10.8605,0,0
record_event,,,22.7,22.7,0.02,0.02,0,0
wait_event,,,3.13,3.13,5.6005,5.6005,0,0
HcclAllgatherBase,,,3.13,5.19,0,5.22,0,0
HcclAllGather,,,2.06,2.06,5.22,5.22,0,0
record_event,,,3.52,3.52,0.0,0.0,0,0
record_event,,,2.55,2.55,0.02,0.02,0,0
wait_event,,,3.38,3.38,0.02,0.02,0,0
destroy_event,,,1.61,1.61,0,0,0,0
aten::reshape,,,1.47,7.14,0,0,0,0
aten::view,,,5.67,5.67,0,0,0,0
aten::movedim,,,1.42,10.51,0,0,0,0
aten::movedim,,,2.27,9.09,0,0,0,0
aten::permute,,,3.04,6.82,0,0,0,0
aten::as_strided,,,3.78,3.78,0,0,0,0
aten::reshape,,,0.83,3.85,0,0,0,0
aten::view,,,3.02,3.02,0,0,0,0
_C_ascend::moe_gating_top_k_hash,,,53.07,91.41,0,13.1,0,0
aten::empty,,,2.99,16.26,0,0,0,0
empty_tensor,,,13.27,13.27,0,0,0,0
aten::empty,,,1.16,5.05,0,0,0,0
empty_tensor,,,3.89,3.89,0,0,0,0
aten::empty,,,1.07,4.35,0,0,0,0
empty_tensor,,,3.28,3.28,0,0,0,0
aclnnMoeGatingTopKHash,,,12.68,12.68,13.1,13.1,0,0
aten::to,,,1.85,47.98,0,0.96,0,0
aten::_to_copy,,,5.97,46.13,0,0.96,0,0
aten::empty_strided,,,8.64,13.93,0,0,0,0
empty_tensor,,,5.29,5.29,0,0,0,0
aten::copy_,,,16.9,26.23,0,0.96,0,0
aclnnInplaceCopy,,,9.33,9.33,0.96,0.96,0,0
aten::detach,,,4.42,4.42,0,0,0,0
aten::detach,,,1.08,1.08,0,0,0,0
Event::record,,,78.67,92.53,0,0.2,0,0
record_event,,,13.86,13.86,0.2,0.2,0,0
aten::index,,,34.09,57.99,0,18.42,0,0
empty_tensor,,,6.45,6.45,0,0,0,0
empty_tensor,,,7.68,7.68,0,0,0,0
aclnnIndex,,,9.77,9.77,18.42,18.42,0,0
aten::ne,,,11.47,23.89,0,1.46,0,0
empty_tensor,,,5.65,5.65,0,0,0,0
aclnnNeScalar,,,6.77,6.77,1.46,1.46,0,0
aten::mul,,,14.87,25.51,0,2.2,0,0
empty_tensor,,,4.87,4.87,0,0,0,0
aclnnMul,,,5.77,5.77,2.2,2.2,0,0
npu::npu_moe_init_routing_v2,,,25.3,53.27,0,31.5205,0,0
empty_tensor,,,10.23,10.23,0,0,0,0
empty_tensor,,,3.24,3.24,0,0,0,0
empty_tensor,,,3.14,3.14,0,0,0,0
empty_tensor,,,2.94,2.94,0,0,0,0
aclnnMoeInitRoutingV3,,,8.42,8.42,31.5205,31.5205,0,0
aten::to,,,1.51,1.51,0,0,0,0
_C_ascend::grouped_matmul_swiglu_quant_v2,,,212.84,263.66,0,117.2825,0,0
aten::empty,,,3.02,13.38,0,0,0,0
empty_tensor,,,10.36,10.36,0,0,0,0
aten::empty,,,1.22,4.76,0,0,0,0
empty_tensor,,,3.54,3.54,0,0,0,0
aten::empty,,,3.84,18.74,0,0,0,0
empty_tensor,,,14.9,14.9,0,0,0,0
aclnnGroupedMatmulSwigluQuantWeightNzV2,,,13.94,13.94,117.2825,117.2825,0,0
Event::record,,,78.03,91.68,0,0.0,0,0
record_event,,,13.65,13.65,0.0,0.0,0,0
npu::npu_grouped_matmul,,,42.97,70.39,0,66.661,0,0
empty_tensor,,,15.0,15.0,0,0,0,0
npu::get_npu_format,,,1.69,1.69,0,0,0,0
aclnnGroupedMatmulWeightNz,,,10.73,10.73,66.661,66.661,0,0
Event::record,,,71.57,84.34,0,0.02,0,0
record_event,,,12.77,12.77,0.02,0.02,0,0
aten::abs,,,15.45,36.1,0,1.2,0,0
empty_tensor,,,11.21,11.21,0,0,0,0
aclnnAbs,,,9.44,9.44,1.2,1.2,0,0
npu::npu_moe_token_unpermute,,,69.68,86.67,0,13.48,0,0
empty_tensor,,,7.94,7.94,0,0,0,0
aclnnMoeTokenUnpermute,,,9.05,9.05,13.48,13.48,0,0
vllm::maybe_pad_and_reduce,,,37.28,280.59,0,13.24,0,0
vllm::reduce_scatter,,,117.35,243.31,0,13.24,0,0
aten::movedim,,,1.61,13.15,0,0,0,0
aten::movedim,,,2.57,11.54,0,0,0,0
aten::permute,,,3.28,8.97,0,0,0,0
aten::as_strided,,,5.69,5.69,0,0,0,0
aten::empty,,,3.05,13.46,0,0,0,0
empty_tensor,,,10.41,10.41,0,0,0,0
c10d::_reduce_scatter_base_,,,54.83,82.06,0,13.219999999999999,0,0
record_event,,,13.3,13.3,0.02,0.02,0,0
wait_event,,,3.08,3.08,0.72,0.72,0,0
HcclReduceScatterBase,,,2.77,4.69,0,12.44,0,0
HcclReduceScatter,,,1.92,1.92,12.44,12.44,0,0
record_event,,,3.88,3.88,0.02,0.02,0,0
record_event,,,2.28,2.28,0.02,0.02,0,0
wait_event,,,3.17,3.17,0.02,0.02,0,0
destroy_event,,,2.12,2.12,0,0,0,0
aten::movedim,,,1.39,12.0,0,0,0,0
aten::movedim,,,2.4,10.61,0,0,0,0
aten::permute,,,3.09,8.21,0,0,0,0
aten::as_strided,,,5.12,5.12,0,0,0,0
Event::wait,,,63.89,78.0,0,0.2,0,0
wait_event,,,14.11,14.11,0.2,0.2,0,0
npu::npu_dynamic_quant,,,29.64,57.94,0,3.9405,0,0
empty_tensor,,,12.75,12.75,0,0,0,0
empty_tensor,,,4.96,4.96,0,0,0,0
aclnnDynamicQuantV2,,,10.59,10.59,3.9405,3.9405,0,0
Event::wait,,,56.89,68.53,0,0.0,0,0
wait_event,,,11.64,11.64,0.0,0.0,0,0
npu::npu_quant_matmul,,,35.53,63.41,0,19.7205,0,0
empty_tensor,,,10.77,10.77,0,0,0,0
aten::empty,,,2.37,4.53,0,0,0,0
empty_tensor,,,2.16,2.16,0,0,0,0
aten::empty,,,1.02,2.82,0,0,0,0
empty_tensor,,,1.8,1.8,0,0,0,0
aclnnQuantMatmulWeightNz,,,9.76,9.76,19.7205,19.7205,0,0
Event::wait,,,55.51,67.27,0,0.02,0,0
wait_event,,,11.76,11.76,0.02,0.02,0,0
_C_ascend::npu_dequant_swiglu_quant,,,47.18,86.93,0,5.16,0,0
aten::empty,,,2.87,13.84,0,0,0,0
empty_tensor,,,10.97,10.97,0,0,0,0
aten::empty,,,1.33,4.97,0,0,0,0
empty_tensor,,,3.64,3.64,0,0,0,0
aten::empty,,,2.19,9.49,0,0,0,0
empty_tensor,,,7.3,7.3,0,0,0,0
aclnnDequantSwigluQuantV2,,,11.45,11.45,5.16,5.16,0,0
Event::wait,,,58.05,71.02,0,0.2,0,0
wait_event,,,12.97,12.97,0.2,0.2,0,0
npu::npu_quant_matmul,,,35.42,62.9,0,17.6805,0,0
empty_tensor,,,10.88,10.88,0,0,0,0
aten::empty,,,2.23,4.2,0,0,0,0
empty_tensor,,,1.97,1.97,0,0,0,0
aten::empty,,,1.01,2.65,0,0,0,0
empty_tensor,,,1.64,1.64,0,0,0,0
aclnnQuantMatmulWeightNz,,,9.75,9.75,17.6805,17.6805,0,0
Event::record,,,69.03,80.56,0,0.26,0,0
record_event,,,11.53,11.53,0.26,0.26,0,0
Event::wait,,,44.97,55.41,0,0.02,0,0
wait_event,,,10.44,10.44,0.02,0.02,0,0
destroy_event,,,6.1,6.1,0,0,0,0
destroy_event,,,6.67,6.67,0,0,0,0
destroy_event,,,3.08,3.08,0,0,0,0
destroy_event,,,1.53,1.53,0,0,0,0
destroy_event,,,1.62,1.62,0,0,0,0
destroy_event,,,1.58,1.58,0,0,0,0
aten::add,,,24.26,43.56,0,7.5805,0,0
empty_tensor,,,11.66,11.66,0,0,0,0
aclnnAdd,,,7.64,7.64,7.5805,7.5805,0,0
vllm::maybe_all_reduce_tensor_model_parallel,,,24.7,24.7,0,0,0,0
aten::unsqueeze,,,5.21,9.34,0,0,0,0
aten::as_strided,,,4.13,4.13,0,0,0,0
aten::unsqueeze,,,2.36,4.26,0,0,0,0
aten::as_strided,,,1.9,1.9,0,0,0,0
aten::unsqueeze,,,1.96,3.38,0,0,0,0
aten::as_strided,,,1.42,1.42,0,0,0,0
aten::unsqueeze,,,1.8,3.35,0,0,0,0
aten::as_strided,,,1.55,1.55,0,0,0,0
_C_ascend::npu_hc_post,,,53.96,92.03,0,7.36,0,0
aten::empty,,,2.64,13.67,0,0,0,0
empty_tensor,,,11.03,11.03,0,0,0,0
aten::empty,,,2.44,13.32,0,0,0,0
empty_tensor,,,10.88,10.88,0,0,0,0
aclnnHcPost,,,11.08,11.08,7.36,7.36,0,0
aten::squeeze,,,5.05,8.4,0,0,0,0
aten::as_strided,,,3.35,3.35,0,0,0,0
_C_ascend::npu_hc_pre_v2,,,38.82,76.76,0,32.9805,0,0
aten::empty,,,2.0,8.93,0,0,0,0
empty_tensor,,,6.93,6.93,0,0,0,0
aten::empty,,,1.12,4.59,0,0,0,0
empty_tensor,,,3.47,3.47,0,0,0,0
aten::empty,,,1.08,4.04,0,0,0,0
empty_tensor,,,2.96,2.96,0,0,0,0
aten::empty,,,2.11,10.11,0,0,0,0
empty_tensor,,,8.0,8.0,0,0,0,0
aclnnHcPre,,,10.27,10.27,32.9805,32.9805,0,0
npu::npu_rms_norm,,,48.19,67.45,0,6.02,0,0
empty_tensor,,,6.54,6.54,0,0,0,0
empty_tensor,,,3.71,3.71,0,0,0,0
aclnnRmsNorm,,,9.01,9.01,6.02,6.02,0,0
aten::empty,,,6.01,12.49,0,0,0,0
empty_tensor,,,6.48,6.48,0,0,0,0
aten::alias,,,4.6,4.6,0,0,0,0
vllm::dsa_forward,,,2218.5,5112.17,0,619.8535,0,0
aten::empty,,,3.12,13.29,0,0,0,0
empty_tensor,,,10.17,10.17,0,0,0,0
c10d::_allgather_base_,,,56.56,87.5,0,11.14,0,0
record_event,,,15.41,15.41,0.02,0.02,0,0
wait_event,,,3.53,3.53,0.02,0.02,0,0
HcclAllgatherBase,,,3.02,5.33,0,10.88,0,0
HcclAllGather,,,2.31,2.31,10.88,10.88,0,0
record_event,,,4.15,4.15,0.2,0.2,0,0
record_event,,,2.52,2.52,0.02,0.02,0,0
npu::npu_dynamic_quant,,,29.22,46.57,0,3.78,0,0
empty_tensor,,,9.29,9.29,0,0,0,0
empty_tensor,,,4.76,4.76,0,0,0,0
aclnnDynamicQuantV2,,,3.3,3.3,3.78,3.78,0,0
npu::npu_quant_matmul,,,32.34,56.95,0,16.28,0,0
empty_tensor,,,6.54,6.54,0,0,0,0
aten::empty,,,2.2,4.26,0,0,0,0
empty_tensor,,,2.06,2.06,0,0,0,0
aten::empty,,,1.05,2.64,0,0,0,0
empty_tensor,,,1.59,1.59,0,0,0,0
aclnnQuantMatmulWeightNz,,,11.17,11.17,16.28,16.28,0,0
_C_ascend::npu_rms_norm_dynamic_quant,,,46.22,101.51,0,7.34,0,0
aten::empty_like,,,6.02,17.88,0,0,0,0
aten::empty_strided,,,8.2,11.86,0,0,0,0
empty_tensor,,,3.66,3.66,0,0,0,0
aten::empty,,,1.51,5.02,0,0,0,0
empty_tensor,,,3.51,3.51,0,0,0,0
aten::empty,,,1.06,4.2,0,0,0,0
empty_tensor,,,3.14,3.14,0,0,0,0
aten::empty_like,,,2.04,7.63,0,0,0,0
aten::empty_strided,,,3.93,5.59,0,0,0,0
empty_tensor,,,1.66,1.66,0,0,0,0
aten::empty,,,2.28,9.83,0,0,0,0
empty_tensor,,,7.55,7.55,0,0,0,0
aclnnRmsNormDynamicQuant,,,10.73,10.73,7.34,7.34,0,0
npu::npu_quant_matmul,,,29.82,52.24,0,36.621,0,0
empty_tensor,,,7.17,7.17,0,0,0,0
aten::empty,,,1.68,3.52,0,0,0,0
empty_tensor,,,1.84,1.84,0,0,0,0
aten::empty,,,0.96,2.36,0,0,0,0
empty_tensor,,,1.4,1.4,0,0,0,0
aclnnQuantMatmulWeightNz,,,9.37,9.37,36.621,36.621,0,0
aten::unflatten,,,6.4,11.89,0,0,0,0
aten::view,,,5.49,5.49,0,0,0,0
aten::view,,,2.78,2.78,0,0,0,0
aten::empty_like,,,4.24,14.51,0,0,0,0
aten::empty_strided,,,7.1,10.27,0,0,0,0
empty_tensor,,,3.17,3.17,0,0,0,0
triton_rms_kernel,,,15.08,15.08,13.46,13.46,0,0
aten::view,,,7.5,7.5,0,0,0,0
aten::unsqueeze,,,3.12,7.41,0,0,0,0
aten::as_strided,,,4.29,4.29,0,0,0,0
_C_ascend::inplace_partial_rotary_mul,,,42.96,71.3,0,5.26,0,0
aten::empty,,,3.31,17.23,0,0,0,0
empty_tensor,,,13.92,13.92,0,0,0,0
aclnnInplacePartialRotaryMul,,,11.11,11.11,5.26,5.26,0,0
wait_event,,,4.95,4.95,0.0,0.0,0,0
aten::slice,,,4.24,8.15,0,0,0,0
aten::as_strided,,,3.91,3.91,0,0,0,0
npu::npu_dynamic_quant,,,28.3,52.08,0,7.06,0,0
empty_tensor,,,9.48,9.48,0,0,0,0
empty_tensor,,,4.29,4.29,0,0,0,0
aclnnDynamicQuantV2,,,10.01,10.01,7.06,7.06,0,0
npu::npu_quant_matmul,,,29.92,55.31,0,13.4005,0,0
empty_tensor,,,7.25,7.25,0,0,0,0
aten::empty,,,2.18,4.11,0,0,0,0
empty_tensor,,,1.93,1.93,0,0,0,0
aten::empty,,,1.07,5.66,0,0,0,0
empty_tensor,,,4.59,4.59,0,0,0,0
aclnnQuantMatmulWeightNz,,,8.37,8.37,13.4005,13.4005,0,0
npu::npu_rms_norm,,,54.37,73.82,0,10.1405,0,0
empty_tensor,,,7.17,7.17,0,0,0,0
empty_tensor,,,3.3,3.3,0,0,0,0
aclnnRmsNorm,,,8.98,8.98,10.1405,10.1405,0,0
aten::view,,,5.5,5.5,0,0,0,0
aten::unsqueeze,,,2.75,6.61,0,0,0,0
aten::as_strided,,,3.86,3.86,0,0,0,0
aten::slice,,,3.04,5.3,0,0,0,0
aten::as_strided,,,2.26,2.26,0,0,0,0
aten::slice,,,1.12,2.78,0,0,0,0
aten::as_strided,,,1.66,1.66,0,0,0,0
_C_ascend::inplace_partial_rotary_mul,,,37.4,61.77,0,10.8005,0,0
aten::empty,,,3.2,13.67,0,0,0,0
empty_tensor,,,10.47,10.47,0,0,0,0
aclnnInplacePartialRotaryMul,,,10.7,10.7,10.8005,10.8005,0,0
_C_ascend::npu_scatter_nd_update_sk,,,35.67,59.35,0,26.961,0,0
aten::empty,,,2.83,12.82,0,0,0,0
empty_tensor,,,9.99,9.99,0,0,0,0
aclnnScatterNdUpdateSk,,,10.86,10.86,26.961,26.961,0,0
aten::squeeze,,,9.82,15.36,0,0,0,0
aten::as_strided,,,5.54,5.54,0,0,0,0
aten::view,,,4.34,4.34,0,0,0,0
aten::view,,,2.34,2.34,0,0,0,0
_C_ascend::compressor,,,48.23,82.61,0,51.561,0,0
aten::empty,,,2.44,11.68,0,0,0,0
empty_tensor,,,9.24,9.24,0,0,0,0
aten::empty,,,2.3,11.19,0,0,0,0
empty_tensor,,,8.89,8.89,0,0,0,0
aclnnCompressor,,,11.51,11.51,51.561,51.561,0,0
aten::reshape,,,1.59,6.87,0,0,0,0
aten::view,,,5.28,5.28,0,0,0,0
aten::linear,,,4.01,52.73,0,6.68,0,0
aten::t,,,5.28,12.15,0,0,0,0
aten::transpose,,,3.2,6.87,0,0,0,0
aten::as_strided,,,3.67,3.67,0,0,0,0
aten::matmul,,,19.75,36.57,0,6.68,0,0
empty_tensor,,,7.45,7.45,0,0,0,0
aclnnMatmul,,,9.37,9.37,6.68,6.68,0,0
aten::mul,,,16.5,33.96,0,1.16,0,0
empty_tensor,,,5.35,5.35,0,0,0,0
aten::item,,,1.91,4.72,0,0,0,0
aten::_local_scalar_dense,,,2.81,2.81,0,0,0,0
aclnnMuls,,,7.39,7.39,1.16,1.16,0,0
aten::alias,,,2.65,2.65,0,0,0,0
aten::reshape,,,1.19,6.48,0,0,0,0
aten::view,,,5.29,5.29,0,0,0,0
npu::npu_dynamic_quant,,,24.24,45.02,0,2.42,0,0
empty_tensor,,,6.49,6.49,0,0,0,0
empty_tensor,,,6.03,6.03,0,0,0,0
aclnnDynamicQuantV2,,,8.26,8.26,2.42,2.42,0,0
aten::unsqueeze,,,2.88,6.79,0,0,0,0
aten::as_strided,,,3.91,3.91,0,0,0,0
_C_ascend::npu_scatter_nd_update_sk,,,36.39,57.75,0,19.2805,0,0
aten::empty,,,2.91,11.69,0,0,0,0
empty_tensor,,,8.78,8.78,0,0,0,0
aclnnScatterNdUpdateSk,,,9.67,9.67,19.2805,19.2805,0,0
aten::to,,,1.76,39.65,0,0.94,0,0
aten::_to_copy,,,5.75,37.89,0,0.94,0,0
aten::empty_strided,,,7.44,11.04,0,0,0,0
empty_tensor,,,3.6,3.6,0,0,0,0
aten::copy_,,,13.73,21.1,0,0.94,0,0
aclnnInplaceCopy,,,7.37,7.37,0.94,0.94,0,0
aten::unsqueeze,,,2.69,6.24,0,0,0,0
aten::as_strided,,,3.55,3.55,0,0,0,0
_C_ascend::npu_scatter_nd_update_sk,,,32.82,53.93,0,20.2605,0,0
aten::empty,,,2.65,11.99,0,0,0,0
empty_tensor,,,9.34,9.34,0,0,0,0
aclnnScatterNdUpdateSk,,,9.12,9.12,20.2605,20.2605,0,0
npu::npu_quant_matmul,,,30.6,53.72,0,15.5205,0,0
empty_tensor,,,7.26,7.26,0,0,0,0
aten::empty,,,1.95,4.19,0,0,0,0
empty_tensor,,,2.24,2.24,0,0,0,0
aten::empty,,,1.08,2.71,0,0,0,0
empty_tensor,,,1.63,1.63,0,0,0,0
aclnnQuantMatmulWeightNz,,,8.96,8.96,15.5205,15.5205,0,0
aten::view,,,6.35,6.35,0,0,0,0
aten::unsqueeze,,,2.51,6.24,0,0,0,0
aten::as_strided,,,3.73,3.73,0,0,0,0
_C_ascend::inplace_partial_rotary_mul,,,40.37,63.28,0,5.62,0,0
aten::empty,,,2.84,12.86,0,0,0,0
empty_tensor,,,10.02,10.02,0,0,0,0
aclnnInplacePartialRotaryMul,,,10.05,10.05,5.62,5.62,0,0
aten::reshape,,,1.67,6.88,0,0,0,0
aten::view,,,5.21,5.21,0,0,0,0
aten::linear,,,3.67,47.4,0,6.06,0,0
aten::t,,,5.3,11.78,0,0,0,0
aten::transpose,,,2.59,6.48,0,0,0,0
aten::as_strided,,,3.89,3.89,0,0,0,0
aten::matmul,,,17.09,31.95,0,6.06,0,0
empty_tensor,,,6.55,6.55,0,0,0,0
aclnnMatmul,,,8.31,8.31,6.06,6.06,0,0
aten::mul,,,14.63,29.94,0,5.44,0,0
empty_tensor,,,5.54,5.54,0,0,0,0
aten::item,,,1.65,2.92,0,0,0,0
aten::_local_scalar_dense,,,1.27,1.27,0,0,0,0
aclnnMuls,,,6.85,6.85,5.44,5.44,0,0
aten::alias,,,2.46,2.46,0,0,0,0
aten::reshape,,,1.31,5.24,0,0,0,0
aten::view,,,3.93,3.93,0,0,0,0
vllm::unquantized_gemm,,,17.52,67.43,0,9.88,0,0
aten::linear,,,4.81,49.91,0,9.88,0,0
aten::t,,,4.66,13.38,0,0,0,0
aten::transpose,,,4.36,8.72,0,0,0,0
aten::as_strided,,,4.36,4.36,0,0,0,0
aten::matmul,,,15.09,31.72,0,9.88,0,0
empty_tensor,,,7.72,7.72,0,0,0,0
aclnnMatmul,,,8.91,8.91,9.88,9.88,0,0
aten::mul,,,15.04,31.96,0,0.8605,0,0
empty_tensor,,,6.56,6.56,0,0,0,0
aten::item,,,1.52,2.66,0,0,0,0
aten::_local_scalar_dense,,,1.14,1.14,0,0,0,0
aclnnMuls,,,7.7,7.7,0.8605,0.8605,0,0
npu::npu_dynamic_quant,,,23.61,42.43,0,6.6,0,0
empty_tensor,,,6.46,6.46,0,0,0,0
empty_tensor,,,4.27,4.27,0,0,0,0
aclnnDynamicQuantV2,,,8.09,8.09,6.6,6.6,0,0
aten::to,,,1.52,35.12,0,1.02,0,0
aten::_to_copy,,,5.62,33.6,0,1.02,0,0
aten::empty_strided,,,6.87,9.73,0,0,0,0
empty_tensor,,,2.86,2.86,0,0,0,0
aten::copy_,,,11.83,18.25,0,1.02,0,0
aclnnInplaceCopy,,,6.42,6.42,1.02,1.02,0,0
aten::to,,,1.06,28.87,0,0.92,0,0
aten::_to_copy,,,2.92,27.81,0,0.92,0,0
aten::empty_strided,,,5.62,8.66,0,0,0,0
empty_tensor,,,3.04,3.04,0,0,0,0
aten::copy_,,,9.57,16.23,0,0.92,0,0
aclnnInplaceCopy,,,6.66,6.66,0.92,0.92,0,0
aten::squeeze,,,7.13,12.32,0,0,0,0
aten::as_strided,,,5.19,5.19,0,0,0,0
aten::to,,,1.23,1.23,0,0,0,0
aten::slice,,,7.16,10.23,0,0,0,0
aten::as_strided,,,3.07,3.07,0,0,0,0
_C_ascend::npu_vllm_quant_lightning_indexer,,,54.19,88.69,0,79.2815,0,0
aten::empty,,,2.25,9.8,0,0,0,0
empty_tensor,,,7.55,7.55,0,0,0,0
aten::empty,,,1.02,2.85,0,0,0,0
empty_tensor,,,1.83,1.83,0,0,0,0
aten::empty,,,2.19,11.35,0,0,0,0
empty_tensor,,,9.16,9.16,0,0,0,0
aclnnVllmQuantLightningIndexer,,,10.5,10.5,79.2815,79.2815,0,0
aten::squeeze,,,7.27,12.79,0,0,0,0
aten::as_strided,,,5.52,5.52,0,0,0,0
aten::view,,,4.47,4.47,0,0,0,0
aten::view,,,2.36,2.36,0,0,0,0
_C_ascend::compressor,,,58.25,93.0,0,65.0815,0,0
aten::empty,,,2.23,11.02,0,0,0,0
empty_tensor,,,8.79,8.79,0,0,0,0
aten::empty,,,3.46,12.38,0,0,0,0
empty_tensor,,,8.92,8.92,0,0,0,0
aclnnCompressor,,,11.35,11.35,65.0815,65.0815,0,0
_C_ascend::npu_scatter_nd_update_sk,,,34.85,57.83,0,18.4005,0,0
aten::empty,,,2.56,12.58,0,0,0,0
empty_tensor,,,10.02,10.02,0,0,0,0
aclnnScatterNdUpdateSk,,,10.4,10.4,18.4005,18.4005,0,0
_C_ascend::npu_sparse_attn_sharedkv,,,46.77,81.55,0,42.001,0,0
aten::empty,,,2.31,10.21,0,0,0,0
empty_tensor,,,7.9,7.9,0,0,0,0
aten::empty,,,1.09,3.13,0,0,0,0
empty_tensor,,,2.04,2.04,0,0,0,0
aten::empty,,,2.0,10.52,0,0,0,0
empty_tensor,,,8.52,8.52,0,0,0,0
aclnnSparseAttnSharedkv,,,10.92,10.92,42.001,42.001,0,0
destroy_event,,,2.39,2.39,0,0,0,0
aten::unsqueeze,,,3.9,8.6,0,0,0,0
aten::as_strided,,,4.7,4.7,0,0,0,0
aten::neg,,,14.94,30.84,0,1.0,0,0
empty_tensor,,,6.51,6.51,0,0,0,0
aclnnNeg,,,9.39,9.39,1.0,1.0,0,0
_C_ascend::inplace_partial_rotary_mul,,,37.36,58.9,0,5.32,0,0
aten::empty,,,2.81,12.1,0,0,0,0
empty_tensor,,,9.29,9.29,0,0,0,0
aclnnInplacePartialRotaryMul,,,9.44,9.44,5.32,5.32,0,0
aten::view,,,5.77,5.77,0,0,0,0
aten::permute,,,3.04,7.65,0,0,0,0
aten::as_strided,,,4.61,4.61,0,0,0,0
aten::contiguous,,,2.63,40.27,0,12.3,0,0
aten::clone,,,4.67,37.64,0,12.3,0,0
empty_tensor,,,6.16,6.16,0,0,0,0
aten::copy_,,,18.93,26.81,0,12.3,0,0
aclnnInplaceCopy,,,7.88,7.88,12.3,12.3,0,0
aten::view,,,3.48,3.48,0,0,0,0
aten::empty_like,,,4.97,15.35,0,0,0,0
aten::empty_strided,,,7.71,10.38,0,0,0,0
empty_tensor,,,2.67,2.67,0,0,0,0
c10d::alltoall_base_,,,59.35,83.2,0,13.440000000000001,0,0
record_event,,,10.4,10.4,0.02,0.02,0,0
wait_event,,,3.08,3.08,0.0,0.0,0,0
HcclAlltoAll,,,2.24,3.69,0,12.98,0,0
HcclAlltoAll,,,1.45,1.45,12.98,12.98,0,0
record_event,,,4.0,4.0,0.24,0.24,0,0
record_event,,,2.68,2.68,0.2,0.2,0,0
wait_event,,,3.22,3.22,0.02,0.02,0,0
destroy_event,,,1.51,1.51,0,0,0,0
aten::view,,,5.35,5.35,0,0,0,0
npu::npu_transpose_batchmatmul,,,31.99,52.88,0,35.021,0,0
empty_tensor,,,10.52,10.52,0,0,0,0
aclnnTransposeBatchMatMul,,,10.37,10.37,35.021,35.021,0,0
aten::reshape,,,1.63,6.0,0,0,0,0
aten::view,,,4.37,4.37,0,0,0,0
vllm::matmul_and_reduce,,,150.03,468.31,0,30.7815,0,0
vllm::unquantized_gemm,,,15.62,80.04,0,17.6405,0,0
aten::linear,,,4.59,64.42,0,17.6405,0,0
aten::t,,,5.58,16.81,0,0,0,0
aten::transpose,,,3.01,11.23,0,0,0,0
aten::as_strided,,,8.22,8.22,0,0,0,0
aten::matmul,,,20.98,43.02,0,17.6405,0,0
empty_tensor,,,10.45,10.45,0,0,0,0
aclnnMatmul,,,11.59,11.59,17.6405,17.6405,0,0
vllm::reduce_scatter,,,114.44,238.24,0,13.141,0,0
aten::movedim,,,1.56,10.6,0,0,0,0
aten::movedim,,,2.54,9.04,0,0,0,0
aten::permute,,,2.7,6.5,0,0,0,0
aten::as_strided,,,3.8,3.8,0,0,0,0
aten::empty,,,2.69,12.34,0,0,0,0
empty_tensor,,,9.65,9.65,0,0,0,0
c10d::_reduce_scatter_base_,,,57.69,84.65,0,13.121,0,0
record_event,,,12.26,12.26,0.02,0.02,0,0
wait_event,,,3.04,3.04,0.02,0.02,0,0
HcclReduceScatterBase,,,3.04,5.49,0,12.861,0,0
HcclReduceScatter,,,2.45,2.45,12.861,12.861,0,0
record_event,,,3.85,3.85,0.02,0.02,0,0
record_event,,,2.32,2.32,0.2,0.2,0,0
wait_event,,,3.5,3.5,0.02,0.02,0,0
destroy_event,,,1.8,1.8,0,0,0,0
aten::movedim,,,1.59,10.91,0,0,0,0
aten::movedim,,,2.31,9.32,0,0,0,0
aten::permute,,,2.63,7.01,0,0,0,0
aten::as_strided,,,4.38,4.38,0,0,0,0
aten::copy_,,,56.82,67.29,0,0.74,0,0
aclnnInplaceCopy,,,10.47,10.47,0.74,0.74,0,0
aten::unsqueeze,,,4.33,8.07,0,0,0,0
aten::as_strided,,,3.74,3.74,0,0,0,0
aten::unsqueeze,,,2.16,3.86,0,0,0,0
aten::as_strided,,,1.7,1.7,0,0,0,0
aten::unsqueeze,,,1.97,3.58,0,0,0,0
aten::as_strided,,,1.61,1.61,0,0,0,0
aten::detach,,,4.05,4.05,0,0,0,0
aten::reshape,,,4.48,8.2,0,0,0,0
aten::view,,,3.72,3.72,0,0,0,0
aten::unsqueeze,,,2.22,3.82,0,0,0,0
aten::as_strided,,,1.6,1.6,0,0,0,0
_C_ascend::npu_hc_post,,,38.67,76.22,0,8.6205,0,0
aten::empty,,,2.85,13.4,0,0,0,0
empty_tensor,,,10.55,10.55,0,0,0,0
aten::empty,,,2.35,12.22,0,0,0,0
empty_tensor,,,9.87,9.87,0,0,0,0
aclnnHcPost,,,11.93,11.93,8.6205,8.6205,0,0
aten::squeeze,,,4.5,7.26,0,0,0,0
aten::as_strided,,,2.76,2.76,0,0,0,0
_C_ascend::npu_hc_pre_v2,,,35.84,72.95,0,33.021,0,0
aten::empty,,,1.98,8.64,0,0,0,0
empty_tensor,,,6.66,6.66,0,0,0,0
aten::empty,,,1.22,4.86,0,0,0,0
empty_tensor,,,3.64,3.64,0,0,0,0
aten::empty,,,1.09,3.93,0,0,0,0
empty_tensor,,,2.84,2.84,0,0,0,0
aten::empty,,,1.93,9.84,0,0,0,0
empty_tensor,,,7.91,7.91,0,0,0,0
aclnnHcPre,,,9.84,9.84,33.021,33.021,0,0
npu::npu_rms_norm,,,47.57,66.14,0,5.96,0,0
empty_tensor,,,6.09,6.09,0,0,0,0
empty_tensor,,,3.66,3.66,0,0,0,0
aclnnRmsNorm,,,8.82,8.82,5.96,5.96,0,0
aten::reshape,,,4.71,8.95,0,0,0,0
aten::view,,,4.24,4.24,0,0,0,0
vllm::moe_forward_shared,,,1928.47,4847.22,0,384.60900000000004,0,0
aten::to,,,1.92,46.39,0,5.88,0,0
aten::_to_copy,,,5.62,44.47,0,5.88,0,0
aten::empty_strided,,,9.44,13.92,0,0,0,0
empty_tensor,,,4.48,4.48,0,0,0,0
aten::copy_,,,14.9,24.93,0,5.88,0,0
aclnnInplaceCopy,,,10.03,10.03,5.88,5.88,0,0
Event::record,,,77.52,89.85,0,0.02,0,0
record_event,,,12.33,12.33,0.02,0.02,0,0
aten::linear,,,4.57,57.93,0,12.14,0,0
aten::t,,,5.36,14.21,0,0,0,0
aten::transpose,,,2.68,8.85,0,0,0,0
aten::as_strided,,,6.17,6.17,0,0,0,0
aten::matmul,,,18.91,39.15,0,12.14,0,0
empty_tensor,,,10.93,10.93,0,0,0,0
aclnnMatmul,,,9.31,9.31,12.14,12.14,0,0
Event::record,,,68.88,80.03,0,0.02,0,0
record_event,,,11.15,11.15,0.02,0.02,0,0
vllm::maybe_all_gather_and_maybe_unpad,,,44.87,309.49,0,10.801,0,0
vllm::all_gather,,,129.5,264.62,0,10.801,0,0
aten::empty,,,4.35,18.36,0,0,0,0
empty_tensor,,,14.01,14.01,0,0,0,0
c10d::_allgather_base_,,,55.74,88.53,0,10.801,0,0
record_event,,,12.91,12.91,0.02,0.02,0,0
wait_event,,,5.18,5.18,0.02,0.02,0,0
HcclAllgatherBase,,,3.05,5.32,0,10.521,0,0
HcclAllGather,,,2.27,2.27,10.521,10.521,0,0
record_event,,,5.99,5.99,0.02,0.02,0,0
record_event,,,3.39,3.39,0.22,0.22,0,0
wait_event,,,3.11,3.11,0.0,0.0,0,0
destroy_event,,,1.61,1.61,0,0,0,0
aten::reshape,,,1.78,8.15,0,0,0,0
aten::view,,,6.37,6.37,0,0,0,0
aten::movedim,,,1.68,11.27,0,0,0,0
aten::movedim,,,2.5,9.59,0,0,0,0
aten::permute,,,3.02,7.09,0,0,0,0
aten::as_strided,,,4.07,4.07,0,0,0,0
aten::reshape,,,0.93,4.09,0,0,0,0
aten::view,,,3.16,3.16,0,0,0,0
vllm::maybe_all_gather_and_maybe_unpad,,,43.61,279.54,0,6.0409999999999995,0,0
vllm::all_gather,,,114.83,235.93,0,6.0409999999999995,0,0
aten::empty,,,3.4,15.92,0,0,0,0
empty_tensor,,,12.52,12.52,0,0,0,0
c10d::_allgather_base_,,,51.41,78.97,0,6.0409999999999995,0,0
record_event,,,12.62,12.62,0.02,0.02,0,0
wait_event,,,3.66,3.66,0.02,0.02,0,0
HcclAllgatherBase,,,2.94,5.22,0,5.361,0,0
HcclAllGather,,,2.28,2.28,5.361,5.361,0,0
record_event,,,3.59,3.59,0.44,0.44,0,0
record_event,,,2.47,2.47,0.2,0.2,0,0
wait_event,,,3.39,3.39,0.0,0.0,0,0
destroy_event,,,1.59,1.59,0,0,0,0
aten::reshape,,,1.71,7.33,0,0,0,0
aten::view,,,5.62,5.62,0,0,0,0
aten::movedim,,,1.44,10.3,0,0,0,0
aten::movedim,,,2.44,8.86,0,0,0,0
aten::permute,,,2.62,6.42,0,0,0,0
aten::as_strided,,,3.8,3.8,0,0,0,0
aten::reshape,,,0.84,3.6,0,0,0,0
aten::view,,,2.76,2.76,0,0,0,0
_C_ascend::moe_gating_top_k_hash,,,42.34,80.4,0,11.1,0,0
aten::empty,,,3.16,16.17,0,0,0,0
empty_tensor,,,13.01,13.01,0,0,0,0
aten::empty,,,1.22,5.17,0,0,0,0
empty_tensor,,,3.95,3.95,0,0,0,0
aten::empty,,,1.19,4.86,0,0,0,0
empty_tensor,,,3.67,3.67,0,0,0,0
aclnnMoeGatingTopKHash,,,11.86,11.86,11.1,11.1,0,0
aten::to,,,1.87,47.8,0,0.96,0,0
aten::_to_copy,,,6.27,45.93,0,0.96,0,0
aten::empty_strided,,,8.62,13.76,0,0,0,0
empty_tensor,,,5.14,5.14,0,0,0,0
aten::copy_,,,17.21,25.9,0,0.96,0,0
aclnnInplaceCopy,,,8.69,8.69,0.96,0.96,0,0
aten::detach,,,4.18,4.18,0,0,0,0
aten::detach,,,1.27,1.27,0,0,0,0
Event::record,,,76.51,89.91,0,0.02,0,0
record_event,,,13.4,13.4,0.02,0.02,0,0
aten::index,,,33.11,56.91,0,19.3005,0,0
empty_tensor,,,6.63,6.63,0,0,0,0
empty_tensor,,,7.67,7.67,0,0,0,0
aclnnIndex,,,9.5,9.5,19.3005,19.3005,0,0
aten::ne,,,12.78,25.49,0,1.52,0,0
empty_tensor,,,5.85,5.85,0,0,0,0
aclnnNeScalar,,,6.86,6.86,1.52,1.52,0,0
aten::mul,,,15.57,26.33,0,2.16,0,0
empty_tensor,,,4.71,4.71,0,0,0,0
aclnnMul,,,6.05,6.05,2.16,2.16,0,0
npu::npu_moe_init_routing_v2,,,26.77,52.33,0,29.6205,0,0
empty_tensor,,,8.72,8.72,0,0,0,0
empty_tensor,,,3.43,3.43,0,0,0,0
empty_tensor,,,2.82,2.82,0,0,0,0
empty_tensor,,,3.1,3.1,0,0,0,0
aclnnMoeInitRoutingV3,,,7.49,7.49,29.6205,29.6205,0,0
aten::to,,,1.61,1.61,0,0,0,0
_C_ascend::grouped_matmul_swiglu_quant_v2,,,192.13,250.51,0,133.1425,0,0
aten::empty,,,3.14,13.53,0,0,0,0
empty_tensor,,,10.39,10.39,0,0,0,0
aten::empty,,,1.18,14.14,0,0,0,0
empty_tensor,,,12.96,12.96,0,0,0,0
aten::empty,,,3.71,16.46,0,0,0,0
empty_tensor,,,12.75,12.75,0,0,0,0
aclnnGroupedMatmulSwigluQuantWeightNzV2,,,14.25,14.25,133.1425,133.1425,0,0
Event::record,,,80.33,94.16,0,0.22,0,0
record_event,,,13.83,13.83,0.22,0.22,0,0
npu::npu_grouped_matmul,,,43.5,72.16,0,76.8215,0,0
empty_tensor,,,15.83,15.83,0,0,0,0
npu::get_npu_format,,,1.81,1.81,0,0,0,0
aclnnGroupedMatmulWeightNz,,,11.02,11.02,76.8215,76.8215,0,0
Event::record,,,73.69,87.55,0,0.2,0,0
record_event,,,13.86,13.86,0.2,0.2,0,0
aten::abs,,,16.98,39.07,0,1.06,0,0
empty_tensor,,,10.95,10.95,0,0,0,0
aclnnAbs,,,11.14,11.14,1.06,1.06,0,0
npu::npu_moe_token_unpermute,,,71.7,89.21,0,12.66,0,0
empty_tensor,,,8.25,8.25,0,0,0,0
aclnnMoeTokenUnpermute,,,9.26,9.26,12.66,12.66,0,0
vllm::maybe_pad_and_reduce,,,38.31,289.72,0,12.541,0,0
vllm::reduce_scatter,,,117.34,251.41,0,12.541,0,0
aten::movedim,,,1.72,14.09,0,0,0,0
aten::movedim,,,2.71,12.37,0,0,0,0
aten::permute,,,3.7,9.66,0,0,0,0
aten::as_strided,,,5.96,5.96,0,0,0,0
aten::empty,,,3.13,14.17,0,0,0,0
empty_tensor,,,11.04,11.04,0,0,0,0
c10d::_reduce_scatter_base_,,,57.82,86.9,0,12.520999999999999,0,0
record_event,,,14.06,14.06,0.02,0.02,0,0
wait_event,,,3.43,3.43,0.02,0.02,0,0
HcclReduceScatterBase,,,3.04,5.04,0,12.241,0,0
HcclReduceScatter,,,2.0,2.0,12.241,12.241,0,0
record_event,,,3.65,3.65,0.22,0.22,0,0
record_event,,,2.9,2.9,0.02,0.02,0,0
wait_event,,,3.13,3.13,0.02,0.02,0,0
destroy_event,,,1.96,1.96,0,0,0,0
aten::movedim,,,1.46,13.82,0,0,0,0
aten::movedim,,,4.18,12.36,0,0,0,0
aten::permute,,,3.12,8.18,0,0,0,0
aten::as_strided,,,5.06,5.06,0,0,0,0
Event::wait,,,65.21,79.9,0,0.02,0,0
wait_event,,,14.69,14.69,0.02,0.02,0,0
npu::npu_dynamic_quant,,,30.07,57.65,0,4.32,0,0
empty_tensor,,,12.86,12.86,0,0,0,0
empty_tensor,,,4.1,4.1,0,0,0,0
aclnnDynamicQuantV2,,,10.62,10.62,4.32,4.32,0,0
Event::wait,,,56.96,68.66,0,0.02,0,0
wait_event,,,11.7,11.7,0.02,0.02,0,0
npu::npu_quant_matmul,,,35.33,63.77,0,19.8405,0,0
empty_tensor,,,10.72,10.72,0,0,0,0
aten::empty,,,2.37,4.58,0,0,0,0
empty_tensor,,,2.21,2.21,0,0,0,0
aten::empty,,,0.97,2.66,0,0,0,0
empty_tensor,,,1.69,1.69,0,0,0,0
aclnnQuantMatmulWeightNz,,,10.48,10.48,19.8405,19.8405,0,0
Event::wait,,,57.04,68.91,0,0.02,0,0
wait_event,,,11.87,11.87,0.02,0.02,0,0
_C_ascend::npu_dequant_swiglu_quant,,,46.96,86.26,0,5.9,0,0
aten::empty,,,2.9,13.76,0,0,0,0
empty_tensor,,,10.86,10.86,0,0,0,0
aten::empty,,,1.25,4.7,0,0,0,0
empty_tensor,,,3.45,3.45,0,0,0,0
aten::empty,,,2.42,9.57,0,0,0,0
empty_tensor,,,7.15,7.15,0,0,0,0
aclnnDequantSwigluQuantV2,,,11.27,11.27,5.9,5.9,0,0
Event::wait,,,71.42,83.97,0,0.22,0,0
wait_event,,,12.55,12.55,0.22,0.22,0,0
npu::npu_quant_matmul,,,44.62,72.75,0,18.0005,0,0
empty_tensor,,,11.23,11.23,0,0,0,0
aten::empty,,,2.19,4.26,0,0,0,0
empty_tensor,,,2.07,2.07,0,0,0,0
aten::empty,,,1.02,2.74,0,0,0,0
empty_tensor,,,1.72,1.72,0,0,0,0
aclnnQuantMatmulWeightNz,,,9.9,9.9,18.0005,18.0005,0,0
Event::record,,,72.61,84.98,0,0.02,0,0
record_event,,,12.37,12.37,0.02,0.02,0,0
Event::wait,,,44.91,55.01,0,0.02,0,0
wait_event,,,10.1,10.1,0.02,0.02,0,0
destroy_event,,,6.62,6.62,0,0,0,0
destroy_event,,,6.3,6.3,0,0,0,0
destroy_event,,,2.73,2.73,0,0,0,0
destroy_event,,,4.06,4.06,0,0,0,0
destroy_event,,,2.57,2.57,0,0,0,0
destroy_event,,,2.77,2.77,0,0,0,0
aten::add,,,24.79,43.62,0,7.8805,0,0
empty_tensor,,,11.2,11.2,0,0,0,0
aclnnAdd,,,7.63,7.63,7.8805,7.8805,0,0
vllm::maybe_all_reduce_tensor_model_parallel,,,24.8,24.8,0,0,0,0
aten::unsqueeze,,,4.98,9.38,0,0,0,0
aten::as_strided,,,4.4,4.4,0,0,0,0
aten::unsqueeze,,,2.21,4.12,0,0,0,0
aten::as_strided,,,1.91,1.91,0,0,0,0
aten::unsqueeze,,,2.04,3.55,0,0,0,0
aten::as_strided,,,1.51,1.51,0,0,0,0
aten::unsqueeze,,,1.86,3.39,0,0,0,0
aten::as_strided,,,1.53,1.53,0,0,0,0
_C_ascend::npu_hc_post,,,40.98,77.97,0,7.5005,0,0
aten::empty,,,2.73,11.87,0,0,0,0
empty_tensor,,,9.14,9.14,0,0,0,0
aten::empty,,,2.33,12.89,0,0,0,0
empty_tensor,,,10.56,10.56,0,0,0,0
aclnnHcPost,,,12.23,12.23,7.5005,7.5005,0,0
aten::squeeze,,,4.59,7.15,0,0,0,0
aten::as_strided,,,2.56,2.56,0,0,0,0
_C_ascend::npu_hc_pre_v2,,,37.35,74.06,0,32.3005,0,0
aten::empty,,,1.88,8.43,0,0,0,0
empty_tensor,,,6.55,6.55,0,0,0,0
aten::empty,,,1.26,4.52,0,0,0,0
empty_tensor,,,3.26,3.26,0,0,0,0
aten::empty,,,1.18,4.52,0,0,0,0
empty_tensor,,,3.34,3.34,0,0,0,0
aten::empty,,,1.81,9.7,0,0,0,0
empty_tensor,,,7.89,7.89,0,0,0,0
aclnnHcPre,,,9.54,9.54,32.3005,32.3005,0,0
npu::npu_rms_norm,,,48.02,66.08,0,4.46,0,0
empty_tensor,,,5.77,5.77,0,0,0,0
empty_tensor,,,3.43,3.43,0,0,0,0
aclnnRmsNorm,,,8.86,8.86,4.46,4.46,0,0
aten::empty,,,5.87,12.65,0,0,0,0
empty_tensor,,,6.78,6.78,0,0,0,0
aten::alias,,,4.15,4.15,0,0,0,0
vllm::dsa_forward,,,1489.57,3451.23,0,358.989,0,0
aten::empty,,,3.06,12.95,0,0,0,0
empty_tensor,,,9.89,9.89,0,0,0,0
c10d::_allgather_base_,,,57.58,88.02,0,11.12,0,0
record_event,,,14.01,14.01,0.02,0.02,0,0
wait_event,,,5.09,5.09,0.02,0.02,0,0
HcclAllgatherBase,,,3.15,5.18,0,10.86,0,0
HcclAllGather,,,2.03,2.03,10.86,10.86,0,0
record_event,,,3.51,3.51,0.02,0.02,0,0
record_event,,,2.65,2.65,0.2,0.2,0,0
npu::npu_dynamic_quant,,,42.94,70.52,0,4.04,0,0
empty_tensor,,,10.04,10.04,0,0,0,0
empty_tensor,,,4.34,4.34,0,0,0,0
aclnnDynamicQuantV2,,,13.2,13.2,4.04,4.04,0,0
npu::npu_quant_matmul,,,32.56,57.36,0,16.4805,0,0
empty_tensor,,,7.18,7.18,0,0,0,0
aten::empty,,,2.4,5.81,0,0,0,0
empty_tensor,,,3.41,3.41,0,0,0,0
aten::empty,,,0.95,2.54,0,0,0,0
empty_tensor,,,1.59,1.59,0,0,0,0
aclnnQuantMatmulWeightNz,,,9.27,9.27,16.4805,16.4805,0,0
_C_ascend::npu_rms_norm_dynamic_quant,,,47.11,110.97,0,7.36,0,0
aten::empty_like,,,6.25,17.28,0,0,0,0
aten::empty_strided,,,7.61,11.03,0,0,0,0
empty_tensor,,,3.42,3.42,0,0,0,0
aten::empty,,,1.77,5.17,0,0,0,0
empty_tensor,,,3.4,3.4,0,0,0,0
aten::empty,,,1.04,4.27,0,0,0,0
empty_tensor,,,3.23,3.23,0,0,0,0
aten::empty_like,,,2.03,7.24,0,0,0,0
aten::empty_strided,,,3.59,5.21,0,0,0,0
empty_tensor,,,1.62,1.62,0,0,0,0
aten::empty,,,2.37,10.49,0,0,0,0
empty_tensor,,,8.12,8.12,0,0,0,0
aclnnRmsNormDynamicQuant,,,19.41,19.41,7.36,7.36,0,0
npu::npu_quant_matmul,,,33.19,55.13,0,33.741,0,0
empty_tensor,,,6.25,6.25,0,0,0,0
aten::empty,,,1.52,3.58,0,0,0,0
empty_tensor,,,2.06,2.06,0,0,0,0
aten::empty,,,1.05,2.56,0,0,0,0
empty_tensor,,,1.51,1.51,0,0,0,0
aclnnQuantMatmulWeightNz,,,9.55,9.55,33.741,33.741,0,0
aten::unflatten,,,6.54,11.96,0,0,0,0
aten::view,,,5.42,5.42,0,0,0,0
aten::view,,,2.83,2.83,0,0,0,0
aten::empty_like,,,4.41,14.72,0,0,0,0
aten::empty_strided,,,7.2,10.31,0,0,0,0
empty_tensor,,,3.11,3.11,0,0,0,0
triton_rms_kernel,,,17.67,17.67,13.12,13.12,0,0
aten::view,,,7.67,7.67,0,0,0,0
aten::unsqueeze,,,3.3,7.72,0,0,0,0
aten::as_strided,,,4.42,4.42,0,0,0,0
_C_ascend::inplace_partial_rotary_mul,,,43.1,72.59,0,5.14,0,0
aten::empty,,,3.44,17.48,0,0,0,0
empty_tensor,,,14.04,14.04,0,0,0,0
aclnnInplacePartialRotaryMul,,,12.01,12.01,5.14,5.14,0,0
wait_event,,,4.97,4.97,0.02,0.02,0,0
aten::slice,,,4.2,8.62,0,0,0,0
aten::as_strided,,,4.42,4.42,0,0,0,0
npu::npu_dynamic_quant,,,28.27,51.83,0,7.02,0,0
empty_tensor,,,9.52,9.52,0,0,0,0
empty_tensor,,,4.3,4.3,0,0,0,0
aclnnDynamicQuantV2,,,9.74,9.74,7.02,7.02,0,0
npu::npu_quant_matmul,,,29.57,51.24,0,14.6605,0,0
empty_tensor,,,6.76,6.76,0,0,0,0
aten::empty,,,1.99,3.85,0,0,0,0
empty_tensor,,,1.86,1.86,0,0,0,0
aten::empty,,,0.9,2.31,0,0,0,0
empty_tensor,,,1.41,1.41,0,0,0,0
aclnnQuantMatmulWeightNz,,,8.75,8.75,14.6605,14.6605,0,0
npu::npu_rms_norm,,,52.99,71.37,0,9.96,0,0
empty_tensor,,,6.35,6.35,0,0,0,0
empty_tensor,,,3.14,3.14,0,0,0,0
aclnnRmsNorm,,,8.89,8.89,9.96,9.96,0,0
aten::view,,,5.51,5.51,0,0,0,0
aten::unsqueeze,,,2.91,6.72,0,0,0,0
aten::as_strided,,,3.81,3.81,0,0,0,0
aten::slice,,,3.19,5.78,0,0,0,0
aten::as_strided,,,2.59,2.59,0,0,0,0
aten::slice,,,1.08,3.06,0,0,0,0
aten::as_strided,,,1.98,1.98,0,0,0,0
_C_ascend::inplace_partial_rotary_mul,,,37.2,62.67,0,10.5405,0,0
aten::empty,,,3.44,13.97,0,0,0,0
empty_tensor,,,10.53,10.53,0,0,0,0
aclnnInplacePartialRotaryMul,,,11.5,11.5,10.5405,10.5405,0,0
_C_ascend::npu_scatter_nd_update_sk,,,34.29,55.76,0,25.7005,0,0
aten::empty,,,2.58,11.8,0,0,0,0
empty_tensor,,,9.22,9.22,0,0,0,0
aclnnScatterNdUpdateSk,,,9.67,9.67,25.7005,25.7005,0,0
aten::squeeze,,,8.45,13.19,0,0,0,0
aten::as_strided,,,4.74,4.74,0,0,0,0
aten::view,,,4.54,4.54,0,0,0,0
aten::view,,,2.42,2.42,0,0,0,0
_C_ascend::compressor,,,49.05,82.95,0,49.601,0,0
aten::empty,,,2.6,11.38,0,0,0,0
empty_tensor,,,8.78,8.78,0,0,0,0
aten::empty,,,2.35,11.56,0,0,0,0
empty_tensor,,,9.21,9.21,0,0,0,0
aclnnCompressor,,,10.96,10.96,49.601,49.601,0,0
_C_ascend::npu_scatter_nd_update_sk,,,31.07,53.52,0,15.4805,0,0
aten::empty,,,2.59,12.18,0,0,0,0
empty_tensor,,,9.59,9.59,0,0,0,0
aclnnScatterNdUpdateSk,,,10.27,10.27,15.4805,15.4805,0,0
_C_ascend::npu_sparse_attn_sharedkv,,,45.5,78.35,0,30.9405,0,0
aten::empty,,,2.38,9.87,0,0,0,0
empty_tensor,,,7.49,7.49,0,0,0,0
aten::empty,,,1.21,3.2,0,0,0,0
empty_tensor,,,1.99,1.99,0,0,0,0
aten::empty,,,1.76,9.16,0,0,0,0
empty_tensor,,,7.4,7.4,0,0,0,0
aclnnSparseAttnSharedkv,,,10.62,10.62,30.9405,30.9405,0,0
destroy_event,,,2.76,2.76,0,0,0,0
aten::unsqueeze,,,3.64,8.2,0,0,0,0
aten::as_strided,,,4.56,4.56,0,0,0,0
aten::neg,,,14.53,29.77,0,1.0,0,0
empty_tensor,,,6.61,6.61,0,0,0,0
aclnnNeg,,,8.63,8.63,1.0,1.0,0,0
_C_ascend::inplace_partial_rotary_mul,,,36.75,61.64,0,5.3,0,0
aten::empty,,,2.83,15.3,0,0,0,0
empty_tensor,,,12.47,12.47,0,0,0,0
aclnnInplacePartialRotaryMul,,,9.59,9.59,5.3,5.3,0,0
aten::view,,,5.67,5.67,0,0,0,0
aten::permute,,,3.16,7.89,0,0,0,0
aten::as_strided,,,4.73,4.73,0,0,0,0
aten::contiguous,,,2.71,42.26,0,12.7,0,0
aten::clone,,,5.42,39.55,0,12.7,0,0
empty_tensor,,,6.16,6.16,0,0,0,0
aten::copy_,,,19.92,27.97,0,12.7,0,0
aclnnInplaceCopy,,,8.05,8.05,12.7,12.7,0,0
aten::view,,,3.69,3.69,0,0,0,0
aten::empty_like,,,4.75,14.31,0,0,0,0
aten::empty_strided,,,6.82,9.56,0,0,0,0
empty_tensor,,,2.74,2.74,0,0,0,0
c10d::alltoall_base_,,,57.61,86.18,0,13.481,0,0
record_event,,,10.78,10.78,0.22,0.22,0,0
wait_event,,,3.79,3.79,0.0,0.0,0,0
HcclAlltoAll,,,2.31,7.96,0,12.821,0,0
HcclAlltoAll,,,5.65,5.65,12.821,12.821,0,0
record_event,,,3.61,3.61,0.2,0.2,0,0
record_event,,,2.43,2.43,0.24,0.24,0,0
wait_event,,,3.23,3.23,0.02,0.02,0,0
destroy_event,,,1.64,1.64,0,0,0,0
aten::view,,,5.32,5.32,0,0,0,0
npu::npu_transpose_batchmatmul,,,32.83,54.14,0,35.321,0,0
empty_tensor,,,10.89,10.89,0,0,0,0
aclnnTransposeBatchMatMul,,,10.42,10.42,35.321,35.321,0,0
aten::reshape,,,1.57,6.24,0,0,0,0
aten::view,,,4.67,4.67,0,0,0,0
vllm::matmul_and_reduce,,,147.9,469.4,0,35.5215,0,0
vllm::unquantized_gemm,,,17.88,77.82,0,16.6005,0,0
aten::linear,,,4.59,59.94,0,16.6005,0,0
aten::t,,,5.47,14.65,0,0,0,0
aten::transpose,,,3.32,9.18,0,0,0,0
aten::as_strided,,,5.86,5.86,0,0,0,0
aten::matmul,,,19.68,40.7,0,16.6005,0,0
empty_tensor,,,10.49,10.49,0,0,0,0
aclnnMatmul,,,10.53,10.53,16.6005,16.6005,0,0
vllm::reduce_scatter,,,116.12,243.68,0,18.921,0,0
aten::movedim,,,1.59,11.01,0,0,0,0
aten::movedim,,,2.6,9.42,0,0,0,0
aten::permute,,,2.93,6.82,0,0,0,0
aten::as_strided,,,3.89,3.89,0,0,0,0
aten::empty,,,3.12,12.63,0,0,0,0
empty_tensor,,,9.51,9.51,0,0,0,0
c10d::_reduce_scatter_base_,,,55.15,82.71,0,18.901,0,0
record_event,,,13.18,13.18,0.02,0.02,0,0
wait_event,,,2.91,2.91,6.08,6.08,0,0
HcclReduceScatterBase,,,2.91,4.77,0,12.381,0,0
HcclReduceScatter,,,1.86,1.86,12.381,12.381,0,0
record_event,,,3.56,3.56,0.22,0.22,0,0
record_event,,,3.14,3.14,0.2,0.2,0,0
wait_event,,,7.26,7.26,0.02,0.02,0,0
destroy_event,,,2.11,2.11,0,0,0,0
aten::movedim,,,1.55,11.84,0,0,0,0
aten::movedim,,,2.47,10.29,0,0,0,0
aten::permute,,,2.92,7.82,0,0,0,0
aten::as_strided,,,4.9,4.9,0,0,0,0
aten::copy_,,,56.12,66.71,0,0.7205,0,0
aclnnInplaceCopy,,,10.59,10.59,0.7205,0.7205,0,0
aten::unsqueeze,,,4.72,8.5,0,0,0,0
aten::as_strided,,,3.78,3.78,0,0,0,0
aten::unsqueeze,,,2.25,3.89,0,0,0,0
aten::as_strided,,,1.64,1.64,0,0,0,0
aten::unsqueeze,,,1.91,3.42,0,0,0,0
aten::as_strided,,,1.51,1.51,0,0,0,0
aten::detach,,,3.87,3.87,0,0,0,0
aten::reshape,,,4.41,7.94,0,0,0,0
aten::view,,,3.53,3.53,0,0,0,0
aten::unsqueeze,,,2.19,3.83,0,0,0,0
aten::as_strided,,,1.64,1.64,0,0,0,0
_C_ascend::npu_hc_post,,,38.46,75.88,0,7.4405,0,0
aten::empty,,,2.7,13.14,0,0,0,0
empty_tensor,,,10.44,10.44,0,0,0,0
aten::empty,,,3.1,13.47,0,0,0,0
empty_tensor,,,10.37,10.37,0,0,0,0
aclnnHcPost,,,10.81,10.81,7.4405,7.4405,0,0
aten::squeeze,,,4.44,7.18,0,0,0,0
aten::as_strided,,,2.74,2.74,0,0,0,0
_C_ascend::npu_hc_pre_v2,,,36.76,75.85,0,32.441,0,0
aten::empty,,,2.17,9.15,0,0,0,0
empty_tensor,,,6.98,6.98,0,0,0,0
aten::empty,,,1.19,4.71,0,0,0,0
empty_tensor,,,3.52,3.52,0,0,0,0
aten::empty,,,1.1,3.92,0,0,0,0
empty_tensor,,,2.82,2.82,0,0,0,0
aten::empty,,,2.05,10.32,0,0,0,0
empty_tensor,,,8.27,8.27,0,0,0,0
aclnnHcPre,,,10.99,10.99,32.441,32.441,0,0
npu::npu_rms_norm,,,47.8,66.27,0,4.66,0,0
empty_tensor,,,5.98,5.98,0,0,0,0
empty_tensor,,,3.52,3.52,0,0,0,0
aclnnRmsNorm,,,8.97,8.97,4.66,4.66,0,0
aten::reshape,,,4.62,9.05,0,0,0,0
aten::view,,,4.43,4.43,0,0,0,0
vllm::moe_forward_shared,,,1904.86,4788.94,0,428.8085,0,0
aten::to,,,1.96,48.83,0,6.38,0,0
aten::_to_copy,,,6.07,46.87,0,6.38,0,0
aten::empty_strided,,,9.13,13.38,0,0,0,0
empty_tensor,,,4.25,4.25,0,0,0,0
aten::copy_,,,14.51,27.42,0,6.38,0,0
aclnnInplaceCopy,,,12.91,12.91,6.38,6.38,0,0
Event::record,,,79.6,91.74,0,0.24,0,0
record_event,,,12.14,12.14,0.24,0.24,0,0
aten::linear,,,4.48,57.06,0,11.14,0,0
aten::t,,,5.35,14.41,0,0,0,0
aten::transpose,,,2.78,9.06,0,0,0,0
aten::as_strided,,,6.28,6.28,0,0,0,0
aten::matmul,,,19.07,38.17,0,11.14,0,0
empty_tensor,,,10.2,10.2,0,0,0,0
aclnnMatmul,,,8.9,8.9,11.14,11.14,0,0
Event::record,,,69.68,82.48,0,0.02,0,0
record_event,,,12.8,12.8,0.02,0.02,0,0
vllm::maybe_all_gather_and_maybe_unpad,,,45.91,324.09,0,11.54,0,0
vllm::all_gather,,,142.91,278.18,0,11.54,0,0
aten::empty,,,3.93,18.12,0,0,0,0
empty_tensor,,,14.19,14.19,0,0,0,0
c10d::_allgather_base_,,,55.84,86.11,0,10.34,0,0
record_event,,,13.71,13.71,0.02,0.02,0,0
wait_event,,,3.06,3.06,0.02,0.02,0,0
HcclAllgatherBase,,,3.02,5.26,0,10.28,0,0
HcclAllGather,,,2.24,2.24,10.28,10.28,0,0
record_event,,,3.7,3.7,0.02,0.02,0,0
record_event,,,4.54,4.54,0.0,0.0,0,0
wait_event,,,3.58,3.58,1.2,1.2,0,0
destroy_event,,,1.61,1.61,0,0,0,0
aten::reshape,,,1.9,8.69,0,0,0,0
aten::view,,,6.79,6.79,0,0,0,0
aten::movedim,,,1.62,11.32,0,0,0,0
aten::movedim,,,2.56,9.7,0,0,0,0
aten::permute,,,3.02,7.14,0,0,0,0
aten::as_strided,,,4.12,4.12,0,0,0,0
aten::reshape,,,1.07,5.84,0,0,0,0
aten::view,,,4.77,4.77,0,0,0,0
vllm::maybe_all_gather_and_maybe_unpad,,,41.07,281.7,0,10.94,0,0
vllm::all_gather,,,118.11,240.63,0,10.94,0,0
aten::empty,,,3.24,16.54,0,0,0,0
empty_tensor,,,13.3,13.3,0,0,0,0
c10d::_allgather_base_,,,51.96,79.5,0,10.92,0,0
record_event,,,12.99,12.99,0.02,0.02,0,0
wait_event,,,2.99,2.99,5.08,5.08,0,0
HcclAllgatherBase,,,3.23,5.46,0,5.58,0,0
HcclAllGather,,,2.23,2.23,5.58,5.58,0,0
record_event,,,3.54,3.54,0.22,0.22,0,0
record_event,,,2.56,2.56,0.02,0.02,0,0
wait_event,,,3.16,3.16,0.02,0.02,0,0
destroy_event,,,1.86,1.86,0,0,0,0
aten::reshape,,,1.62,7.22,0,0,0,0
aten::view,,,5.6,5.6,0,0,0,0
aten::movedim,,,1.53,10.5,0,0,0,0
aten::movedim,,,2.41,8.97,0,0,0,0
aten::permute,,,2.78,6.56,0,0,0,0
aten::as_strided,,,3.78,3.78,0,0,0,0
aten::reshape,,,0.79,3.74,0,0,0,0
aten::view,,,2.95,2.95,0,0,0,0
_C_ascend::moe_gating_top_k_hash,,,42.52,81.3,0,11.06,0,0
aten::empty,,,3.13,16.27,0,0,0,0
empty_tensor,,,13.14,13.14,0,0,0,0
aten::empty,,,1.27,5.3,0,0,0,0
empty_tensor,,,4.03,4.03,0,0,0,0
aten::empty,,,1.15,4.66,0,0,0,0
empty_tensor,,,3.51,3.51,0,0,0,0
aclnnMoeGatingTopKHash,,,12.55,12.55,11.06,11.06,0,0
aten::to,,,1.91,46.71,0,1.04,0,0
aten::_to_copy,,,5.73,44.8,0,1.04,0,0
aten::empty_strided,,,8.22,13.68,0,0,0,0
empty_tensor,,,5.46,5.46,0,0,0,0
aten::copy_,,,16.94,25.39,0,1.04,0,0
aclnnInplaceCopy,,,8.45,8.45,1.04,1.04,0,0
aten::detach,,,4.42,4.42,0,0,0,0
aten::detach,,,1.25,1.25,0,0,0,0
Event::record,,,81.51,93.78,0,0.02,0,0
record_event,,,12.27,12.27,0.02,0.02,0,0
aten::index,,,34.32,59.68,0,20.841,0,0
empty_tensor,,,6.63,6.63,0,0,0,0
empty_tensor,,,7.74,7.74,0,0,0,0
aclnnIndex,,,10.99,10.99,20.841,20.841,0,0
aten::ne,,,11.48,24.06,0,1.68,0,0
empty_tensor,,,5.84,5.84,0,0,0,0
aclnnNeScalar,,,6.74,6.74,1.68,1.68,0,0
aten::mul,,,15.26,25.38,0,2.5599999999999996,0,0
empty_tensor,,,4.7,4.7,0,0,0,0
aclnnMul,,,5.42,5.42,2.5599999999999996,2.5599999999999996,0,0
npu::npu_moe_init_routing_v2,,,25.61,52.08,0,30.4005,0,0
empty_tensor,,,9.41,9.41,0,0,0,0
empty_tensor,,,3.38,3.38,0,0,0,0
empty_tensor,,,3.06,3.06,0,0,0,0
empty_tensor,,,2.91,2.91,0,0,0,0
aclnnMoeInitRoutingV3,,,7.71,7.71,30.4005,30.4005,0,0
aten::to,,,1.52,1.52,0,0,0,0
_C_ascend::grouped_matmul_swiglu_quant_v2,,,191.36,241.01,0,139.923,0,0
aten::empty,,,3.04,14.43,0,0,0,0
empty_tensor,,,11.39,11.39,0,0,0,0
aten::empty,,,1.26,4.95,0,0,0,0
empty_tensor,,,3.69,3.69,0,0,0,0
aten::empty,,,3.77,17.17,0,0,0,0
empty_tensor,,,13.4,13.4,0,0,0,0
aclnnGroupedMatmulSwigluQuantWeightNzV2,,,13.1,13.1,139.923,139.923,0,0
Event::record,,,80.31,93.86,0,0.02,0,0
record_event,,,13.55,13.55,0.02,0.02,0,0
npu::npu_grouped_matmul,,,42.17,69.64,0,77.2815,0,0
empty_tensor,,,15.11,15.11,0,0,0,0
npu::get_npu_format,,,1.8,1.8,0,0,0,0
aclnnGroupedMatmulWeightNz,,,10.56,10.56,77.2815,77.2815,0,0
Event::record,,,73.58,86.4,0,0.02,0,0
record_event,,,12.82,12.82,0.02,0.02,0,0
aten::abs,,,16.97,36.67,0,1.26,0,0
empty_tensor,,,10.87,10.87,0,0,0,0
aclnnAbs,,,8.83,8.83,1.26,1.26,0,0
npu::npu_moe_token_unpermute,,,70.54,87.55,0,13.5405,0,0
empty_tensor,,,7.79,7.79,0,0,0,0
aclnnMoeTokenUnpermute,,,9.22,9.22,13.5405,13.5405,0,0
vllm::maybe_pad_and_reduce,,,36.76,278.48,0,41.5815,0,0
vllm::reduce_scatter,,,115.25,241.72,0,41.5815,0,0
aten::movedim,,,1.63,13.03,0,0,0,0
aten::movedim,,,2.57,11.4,0,0,0,0
aten::permute,,,3.22,8.83,0,0,0,0
aten::as_strided,,,5.61,5.61,0,0,0,0
aten::empty,,,2.87,13.9,0,0,0,0
empty_tensor,,,11.03,11.03,0,0,0,0
c10d::_reduce_scatter_base_,,,55.65,82.51,0,16.381,0,0
record_event,,,12.88,12.88,0.02,0.02,0,0
wait_event,,,2.98,2.98,3.94,3.94,0,0
HcclReduceScatterBase,,,2.92,4.81,0,12.381,0,0
HcclReduceScatter,,,1.89,1.89,12.381,12.381,0,0
record_event,,,3.76,3.76,0.02,0.02,0,0
record_event,,,2.43,2.43,0.02,0.02,0,0
wait_event,,,3.76,3.76,25.2005,25.2005,0,0
destroy_event,,,1.8,1.8,0,0,0,0
aten::movedim,,,1.47,11.47,0,0,0,0
aten::movedim,,,2.43,10.0,0,0,0,0
aten::permute,,,2.72,7.57,0,0,0,0
aten::as_strided,,,4.85,4.85,0,0,0,0
Event::wait,,,63.88,77.83,0,0,0,0
wait_event,,,13.95,13.95,0,0,0,0
npu::npu_dynamic_quant,,,29.05,57.8,0,3.96,0,0
empty_tensor,,,14.11,14.11,0,0,0,0
empty_tensor,,,3.98,3.98,0,0,0,0
aclnnDynamicQuantV2,,,10.66,10.66,3.96,3.96,0,0
Event::wait,,,58.21,69.82,0,0,0,0
wait_event,,,11.61,11.61,0,0,0,0
npu::npu_quant_matmul,,,34.92,62.82,0,19.7405,0,0
empty_tensor,,,10.9,10.9,0,0,0,0
aten::empty,,,2.31,4.39,0,0,0,0
empty_tensor,,,2.08,2.08,0,0,0,0
aten::empty,,,1.19,2.79,0,0,0,0
empty_tensor,,,1.6,1.6,0,0,0,0
aclnnQuantMatmulWeightNz,,,9.82,9.82,19.7405,19.7405,0,0
Event::wait,,,56.82,68.89,0,0.02,0,0
wait_event,,,12.07,12.07,0.02,0.02,0,0
_C_ascend::npu_dequant_swiglu_quant,,,47.52,87.33,0,4.94,0,0
aten::empty,,,2.87,13.03,0,0,0,0
empty_tensor,,,10.16,10.16,0,0,0,0
aten::empty,,,1.39,5.18,0,0,0,0
empty_tensor,,,3.79,3.79,0,0,0,0
aten::empty,,,2.38,10.22,0,0,0,0
empty_tensor,,,7.84,7.84,0,0,0,0
aclnnDequantSwigluQuantV2,,,11.38,11.38,4.94,4.94,0,0
Event::wait,,,58.31,70.26,0,0.0,0,0
wait_event,,,11.95,11.95,0.0,0.0,0,0
npu::npu_quant_matmul,,,35.5,62.62,0,18.62,0,0
empty_tensor,,,10.83,10.83,0,0,0,0
aten::empty,,,2.24,4.26,0,0,0,0
empty_tensor,,,2.02,2.02,0,0,0,0
aten::empty,,,0.97,2.59,0,0,0,0
empty_tensor,,,1.62,1.62,0,0,0,0
aclnnQuantMatmulWeightNz,,,9.44,9.44,18.62,18.62,0,0
Event::record,,,69.03,80.44,0,0.02,0,0
record_event,,,11.41,11.41,0.02,0.02,0,0
Event::wait,,,45.08,54.82,0,0.02,0,0
wait_event,,,9.74,9.74,0.02,0.02,0,0
destroy_event,,,5.77,5.77,0,0,0,0
destroy_event,,,6.19,6.19,0,0,0,0
destroy_event,,,1.61,1.61,0,0,0,0
destroy_event,,,1.44,1.44,0,0,0,0
destroy_event,,,2.62,2.62,0,0,0,0
destroy_event,,,4.13,4.13,0,0,0,0
aten::add,,,24.02,43.66,0,7.64,0,0
empty_tensor,,,11.92,11.92,0,0,0,0
aclnnAdd,,,7.72,7.72,7.64,7.64,0,0
vllm::maybe_all_reduce_tensor_model_parallel,,,25.96,25.96,0,0,0,0
aten::unsqueeze,,,5.04,9.23,0,0,0,0
aten::as_strided,,,4.19,4.19,0,0,0,0
aten::unsqueeze,,,2.51,4.49,0,0,0,0
aten::as_strided,,,1.98,1.98,0,0,0,0
aten::unsqueeze,,,1.95,3.46,0,0,0,0
aten::as_strided,,,1.51,1.51,0,0,0,0
aten::unsqueeze,,,1.86,3.31,0,0,0,0
aten::as_strided,,,1.45,1.45,0,0,0,0
_C_ascend::npu_hc_post,,,41.22,76.15,0,7.7,0,0
aten::empty,,,2.62,11.6,0,0,0,0
empty_tensor,,,8.98,8.98,0,0,0,0
aten::empty,,,2.3,12.75,0,0,0,0
empty_tensor,,,10.45,10.45,0,0,0,0
aclnnHcPost,,,10.58,10.58,7.7,7.7,0,0
aten::squeeze,,,4.84,7.43,0,0,0,0
aten::as_strided,,,2.59,2.59,0,0,0,0
_C_ascend::npu_hc_pre_v2,,,37.66,77.58,0,33.601,0,0
aten::empty,,,1.98,8.21,0,0,0,0
empty_tensor,,,6.23,6.23,0,0,0,0
aten::empty,,,1.25,4.7,0,0,0,0
empty_tensor,,,3.45,3.45,0,0,0,0
aten::empty,,,1.01,3.93,0,0,0,0
empty_tensor,,,2.92,2.92,0,0,0,0
aten::empty,,,5.01,13.0,0,0,0,0
empty_tensor,,,7.99,7.99,0,0,0,0
aclnnHcPre,,,10.08,10.08,33.601,33.601,0,0
npu::npu_rms_norm,,,50.24,68.63,0,4.62,0,0
empty_tensor,,,5.81,5.81,0,0,0,0
empty_tensor,,,3.53,3.53,0,0,0,0
aclnnRmsNorm,,,9.05,9.05,4.62,4.62,0,0
aten::empty,,,6.05,12.3,0,0,0,0
empty_tensor,,,6.25,6.25,0,0,0,0
aten::alias,,,4.05,4.05,0,0,0,0
vllm::dsa_forward,,,2199.51,5042.02,0,613.8335,0,0
aten::empty,,,3.47,13.33,0,0,0,0
empty_tensor,,,9.86,9.86,0,0,0,0
c10d::_allgather_base_,,,55.42,84.89,0,10.48,0,0
record_event,,,14.67,14.67,0.02,0.02,0,0
wait_event,,,3.52,3.52,0.0,0.0,0,0
HcclAllgatherBase,,,2.94,5.23,0,10.42,0,0
HcclAllGather,,,2.29,2.29,10.42,10.42,0,0
record_event,,,3.59,3.59,0.02,0.02,0,0
record_event,,,2.46,2.46,0.02,0.02,0,0
npu::npu_dynamic_quant,,,28.8,46.27,0,3.92,0,0
empty_tensor,,,9.55,9.55,0,0,0,0
empty_tensor,,,4.44,4.44,0,0,0,0
aclnnDynamicQuantV2,,,3.48,3.48,3.92,3.92,0,0
npu::npu_quant_matmul,,,29.63,52.72,0,16.2605,0,0
empty_tensor,,,6.55,6.55,0,0,0,0
aten::empty,,,2.1,3.96,0,0,0,0
empty_tensor,,,1.86,1.86,0,0,0,0
aten::empty,,,1.0,2.52,0,0,0,0
empty_tensor,,,1.52,1.52,0,0,0,0
aclnnQuantMatmulWeightNz,,,10.06,10.06,16.2605,16.2605,0,0
_C_ascend::npu_rms_norm_dynamic_quant,,,46.19,99.19,0,7.02,0,0
aten::empty_like,,,5.52,15.9,0,0,0,0
aten::empty_strided,,,7.05,10.38,0,0,0,0
empty_tensor,,,3.33,3.33,0,0,0,0
aten::empty,,,1.37,4.83,0,0,0,0
empty_tensor,,,3.46,3.46,0,0,0,0
aten::empty,,,0.98,4.16,0,0,0,0
empty_tensor,,,3.18,3.18,0,0,0,0
aten::empty_like,,,1.8,6.99,0,0,0,0
aten::empty_strided,,,3.47,5.19,0,0,0,0
empty_tensor,,,1.72,1.72,0,0,0,0
aten::empty,,,2.23,10.13,0,0,0,0
empty_tensor,,,7.9,7.9,0,0,0,0
aclnnRmsNormDynamicQuant,,,10.99,10.99,7.02,7.02,0,0
npu::npu_quant_matmul,,,30.55,57.01,0,33.4205,0,0
empty_tensor,,,10.84,10.84,0,0,0,0
aten::empty,,,1.67,3.81,0,0,0,0
empty_tensor,,,2.14,2.14,0,0,0,0
aten::empty,,,0.9,2.5,0,0,0,0
empty_tensor,,,1.6,1.6,0,0,0,0
aclnnQuantMatmulWeightNz,,,9.31,9.31,33.4205,33.4205,0,0
aten::unflatten,,,5.53,10.79,0,0,0,0
aten::view,,,5.26,5.26,0,0,0,0
aten::view,,,2.68,2.68,0,0,0,0
aten::empty_like,,,4.2,14.54,0,0,0,0
aten::empty_strided,,,7.07,10.34,0,0,0,0
empty_tensor,,,3.27,3.27,0,0,0,0
triton_rms_kernel,,,14.35,14.35,13.4805,13.4805,0,0
aten::view,,,7.02,7.02,0,0,0,0
aten::unsqueeze,,,3.21,7.51,0,0,0,0
aten::as_strided,,,4.3,4.3,0,0,0,0
_C_ascend::inplace_partial_rotary_mul,,,42.01,70.29,0,5.1405,0,0
aten::empty,,,3.39,17.23,0,0,0,0
empty_tensor,,,13.84,13.84,0,0,0,0
aclnnInplacePartialRotaryMul,,,11.05,11.05,5.1405,5.1405,0,0
wait_event,,,4.58,4.58,0.02,0.02,0,0
aten::slice,,,4.06,8.18,0,0,0,0
aten::as_strided,,,4.12,4.12,0,0,0,0
npu::npu_dynamic_quant,,,28.1,51.94,0,7.3,0,0
empty_tensor,,,9.65,9.65,0,0,0,0
empty_tensor,,,4.43,4.43,0,0,0,0
aclnnDynamicQuantV2,,,9.76,9.76,7.3,7.3,0,0
npu::npu_quant_matmul,,,30.24,52.8,0,13.46,0,0
empty_tensor,,,7.26,7.26,0,0,0,0
aten::empty,,,2.17,4.16,0,0,0,0
empty_tensor,,,1.99,1.99,0,0,0,0
aten::empty,,,1.06,2.63,0,0,0,0
empty_tensor,,,1.57,1.57,0,0,0,0
aclnnQuantMatmulWeightNz,,,8.51,8.51,13.46,13.46,0,0
npu::npu_rms_norm,,,53.91,72.41,0,9.8605,0,0
empty_tensor,,,6.3,6.3,0,0,0,0
empty_tensor,,,3.29,3.29,0,0,0,0
aclnnRmsNorm,,,8.91,8.91,9.8605,9.8605,0,0
aten::view,,,5.5,5.5,0,0,0,0
aten::unsqueeze,,,2.71,6.62,0,0,0,0
aten::as_strided,,,3.91,3.91,0,0,0,0
aten::slice,,,3.01,5.29,0,0,0,0
aten::as_strided,,,2.28,2.28,0,0,0,0
aten::slice,,,1.18,2.83,0,0,0,0
aten::as_strided,,,1.65,1.65,0,0,0,0
_C_ascend::inplace_partial_rotary_mul,,,35.93,60.96,0,10.14,0,0
aten::empty,,,3.05,14.85,0,0,0,0
empty_tensor,,,11.8,11.8,0,0,0,0
aclnnInplacePartialRotaryMul,,,10.18,10.18,10.14,10.14,0,0
_C_ascend::npu_scatter_nd_update_sk,,,32.19,53.63,0,25.8605,0,0
aten::empty,,,2.6,11.82,0,0,0,0
empty_tensor,,,9.22,9.22,0,0,0,0
aclnnScatterNdUpdateSk,,,9.62,9.62,25.8605,25.8605,0,0
aten::squeeze,,,8.2,14.53,0,0,0,0
aten::as_strided,,,6.33,6.33,0,0,0,0
aten::view,,,4.26,4.26,0,0,0,0
aten::view,,,2.34,2.34,0,0,0,0
_C_ascend::compressor,,,46.77,80.75,0,54.3815,0,0
aten::empty,,,2.5,11.13,0,0,0,0
empty_tensor,,,8.63,8.63,0,0,0,0
aten::empty,,,2.3,11.2,0,0,0,0
empty_tensor,,,8.9,8.9,0,0,0,0
aclnnCompressor,,,11.65,11.65,54.3815,54.3815,0,0
aten::reshape,,,1.65,7.03,0,0,0,0
aten::view,,,5.38,5.38,0,0,0,0
aten::linear,,,3.88,49.67,0,6.48,0,0
aten::t,,,4.71,11.17,0,0,0,0
aten::transpose,,,2.71,6.46,0,0,0,0
aten::as_strided,,,3.75,3.75,0,0,0,0
aten::matmul,,,18.94,34.62,0,6.48,0,0
empty_tensor,,,6.62,6.62,0,0,0,0
aclnnMatmul,,,9.06,9.06,6.48,6.48,0,0
aten::mul,,,15.67,31.97,0,1.22,0,0
empty_tensor,,,5.55,5.55,0,0,0,0
aten::item,,,1.89,4.2,0,0,0,0
aten::_local_scalar_dense,,,2.31,2.31,0,0,0,0
aclnnMuls,,,6.55,6.55,1.22,1.22,0,0
aten::alias,,,2.59,2.59,0,0,0,0
aten::reshape,,,1.25,4.94,0,0,0,0
aten::view,,,3.69,3.69,0,0,0,0
npu::npu_dynamic_quant,,,23.5,42.2,0,3.06,0,0
empty_tensor,,,6.73,6.73,0,0,0,0
empty_tensor,,,3.97,3.97,0,0,0,0
aclnnDynamicQuantV2,,,8.0,8.0,3.06,3.06,0,0
aten::unsqueeze,,,3.0,6.85,0,0,0,0
aten::as_strided,,,3.85,3.85,0,0,0,0
_C_ascend::npu_scatter_nd_update_sk,,,35.49,56.43,0,18.9205,0,0
aten::empty,,,2.84,11.31,0,0,0,0
empty_tensor,,,8.47,8.47,0,0,0,0
aclnnScatterNdUpdateSk,,,9.63,9.63,18.9205,18.9205,0,0
aten::to,,,1.71,39.07,0,1.14,0,0
aten::_to_copy,,,5.32,37.36,0,1.14,0,0
aten::empty_strided,,,7.31,10.63,0,0,0,0
empty_tensor,,,3.32,3.32,0,0,0,0
aten::copy_,,,13.9,21.41,0,1.14,0,0
aclnnInplaceCopy,,,7.51,7.51,1.14,1.14,0,0
aten::unsqueeze,,,2.69,6.4,0,0,0,0
aten::as_strided,,,3.71,3.71,0,0,0,0
_C_ascend::npu_scatter_nd_update_sk,,,30.36,50.49,0,20.8405,0,0
aten::empty,,,2.24,10.97,0,0,0,0
empty_tensor,,,8.73,8.73,0,0,0,0
aclnnScatterNdUpdateSk,,,9.16,9.16,20.8405,20.8405,0,0
npu::npu_quant_matmul,,,30.01,51.78,0,16.6405,0,0
empty_tensor,,,6.96,6.96,0,0,0,0
aten::empty,,,1.61,3.63,0,0,0,0
empty_tensor,,,2.02,2.02,0,0,0,0
aten::empty,,,0.98,2.61,0,0,0,0
empty_tensor,,,1.63,1.63,0,0,0,0
aclnnQuantMatmulWeightNz,,,8.57,8.57,16.6405,16.6405,0,0
aten::view,,,4.79,4.79,0,0,0,0
aten::unsqueeze,,,2.56,6.23,0,0,0,0
aten::as_strided,,,3.67,3.67,0,0,0,0
_C_ascend::inplace_partial_rotary_mul,,,38.67,60.58,0,5.34,0,0
aten::empty,,,2.68,12.38,0,0,0,0
empty_tensor,,,9.7,9.7,0,0,0,0
aclnnInplacePartialRotaryMul,,,9.53,9.53,5.34,5.34,0,0
aten::reshape,,,1.74,6.94,0,0,0,0
aten::view,,,5.2,5.2,0,0,0,0
aten::linear,,,3.67,47.21,0,6.6805,0,0
aten::t,,,5.28,11.91,0,0,0,0
aten::transpose,,,2.78,6.63,0,0,0,0
aten::as_strided,,,3.85,3.85,0,0,0,0
aten::matmul,,,16.68,31.63,0,6.6805,0,0
empty_tensor,,,6.91,6.91,0,0,0,0
aclnnMatmul,,,8.04,8.04,6.6805,6.6805,0,0
aten::mul,,,14.43,29.54,0,5.44,0,0
empty_tensor,,,5.47,5.47,0,0,0,0
aten::item,,,1.67,3.12,0,0,0,0
aten::_local_scalar_dense,,,1.45,1.45,0,0,0,0
aclnnMuls,,,6.52,6.52,5.44,5.44,0,0
aten::alias,,,2.41,2.41,0,0,0,0
aten::reshape,,,1.16,4.73,0,0,0,0
aten::view,,,3.57,3.57,0,0,0,0
vllm::unquantized_gemm,,,17.26,65.65,0,10.56,0,0
aten::linear,,,3.67,48.39,0,10.56,0,0
aten::t,,,4.39,11.89,0,0,0,0
aten::transpose,,,2.6,7.5,0,0,0,0
aten::as_strided,,,4.9,4.9,0,0,0,0
aten::matmul,,,15.97,32.83,0,10.56,0,0
empty_tensor,,,7.56,7.56,0,0,0,0
aclnnMatmul,,,9.3,9.3,10.56,10.56,0,0
aten::mul,,,14.69,32.03,0,0.88,0,0
empty_tensor,,,6.35,6.35,0,0,0,0
aten::item,,,1.51,4.3,0,0,0,0
aten::_local_scalar_dense,,,2.79,2.79,0,0,0,0
aclnnMuls,,,6.69,6.69,0.88,0.88,0,0
npu::npu_dynamic_quant,,,30.14,48.29,0,6.48,0,0
empty_tensor,,,6.33,6.33,0,0,0,0
empty_tensor,,,4.23,4.23,0,0,0,0
aclnnDynamicQuantV2,,,7.59,7.59,6.48,6.48,0,0
aten::to,,,3.03,38.28,0,1.0,0,0
aten::_to_copy,,,5.74,35.25,0,1.0,0,0
aten::empty_strided,,,7.11,10.38,0,0,0,0
empty_tensor,,,3.27,3.27,0,0,0,0
aten::copy_,,,12.03,19.13,0,1.0,0,0
aclnnInplaceCopy,,,7.1,7.1,1.0,1.0,0,0
aten::to,,,0.95,29.04,0,1.22,0,0
aten::_to_copy,,,3.18,28.09,0,1.22,0,0
aten::empty_strided,,,5.56,8.7,0,0,0,0
empty_tensor,,,3.14,3.14,0,0,0,0
aten::copy_,,,9.86,16.21,0,1.22,0,0
aclnnInplaceCopy,,,6.35,6.35,1.22,1.22,0,0
aten::squeeze,,,7.24,12.24,0,0,0,0
aten::as_strided,,,5.0,5.0,0,0,0,0
aten::to,,,0.91,0.91,0,0,0,0
aten::slice,,,7.02,10.13,0,0,0,0
aten::as_strided,,,3.11,3.11,0,0,0,0
_C_ascend::npu_vllm_quant_lightning_indexer,,,53.31,88.13,0,80.0615,0,0
aten::empty,,,2.1,9.65,0,0,0,0
empty_tensor,,,7.55,7.55,0,0,0,0
aten::empty,,,1.15,3.06,0,0,0,0
empty_tensor,,,1.91,1.91,0,0,0,0
aten::empty,,,2.12,11.75,0,0,0,0
empty_tensor,,,9.63,9.63,0,0,0,0
aclnnVllmQuantLightningIndexer,,,10.36,10.36,80.0615,80.0615,0,0
aten::squeeze,,,8.13,13.43,0,0,0,0
aten::as_strided,,,5.3,5.3,0,0,0,0
aten::view,,,4.25,4.25,0,0,0,0
aten::view,,,2.45,2.45,0,0,0,0
_C_ascend::compressor,,,49.49,83.67,0,58.3215,0,0
aten::empty,,,2.59,11.58,0,0,0,0
empty_tensor,,,8.99,8.99,0,0,0,0
aten::empty,,,2.42,11.4,0,0,0,0
empty_tensor,,,8.98,8.98,0,0,0,0
aclnnCompressor,,,11.2,11.2,58.3215,58.3215,0,0
_C_ascend::npu_scatter_nd_update_sk,,,33.53,58.57,0,18.54,0,0
aten::empty,,,2.49,11.8,0,0,0,0
empty_tensor,,,9.31,9.31,0,0,0,0
aclnnScatterNdUpdateSk,,,13.24,13.24,18.54,18.54,0,0
_C_ascend::npu_sparse_attn_sharedkv,,,47.14,82.79,0,40.861,0,0
aten::empty,,,2.12,9.79,0,0,0,0
empty_tensor,,,7.67,7.67,0,0,0,0
aten::empty,,,1.15,3.25,0,0,0,0
empty_tensor,,,2.1,2.1,0,0,0,0
aten::empty,,,1.96,10.61,0,0,0,0
empty_tensor,,,8.65,8.65,0,0,0,0
aclnnSparseAttnSharedkv,,,12.0,12.0,40.861,40.861,0,0
destroy_event,,,2.64,2.64,0,0,0,0
aten::unsqueeze,,,3.5,8.49,0,0,0,0
aten::as_strided,,,4.99,4.99,0,0,0,0
aten::neg,,,14.35,30.43,0,1.02,0,0
empty_tensor,,,6.77,6.77,0,0,0,0
aclnnNeg,,,9.31,9.31,1.02,1.02,0,0
_C_ascend::inplace_partial_rotary_mul,,,35.62,58.07,0,5.4005,0,0
aten::empty,,,2.58,13.28,0,0,0,0
empty_tensor,,,10.7,10.7,0,0,0,0
aclnnInplacePartialRotaryMul,,,9.17,9.17,5.4005,5.4005,0,0
aten::view,,,5.6,5.6,0,0,0,0
aten::permute,,,2.89,7.29,0,0,0,0
aten::as_strided,,,4.4,4.4,0,0,0,0
aten::contiguous,,,2.67,40.8,0,12.2205,0,0
aten::clone,,,5.24,38.13,0,12.2205,0,0
empty_tensor,,,6.21,6.21,0,0,0,0
aten::copy_,,,18.88,26.68,0,12.2205,0,0
aclnnInplaceCopy,,,7.8,7.8,12.2205,12.2205,0,0
aten::view,,,4.24,4.24,0,0,0,0
aten::empty_like,,,4.86,14.24,0,0,0,0
aten::empty_strided,,,6.78,9.38,0,0,0,0
empty_tensor,,,2.6,2.6,0,0,0,0
c10d::alltoall_base_,,,57.57,85.33,0,13.76,0,0
record_event,,,10.08,10.08,0.02,0.02,0,0
wait_event,,,5.38,5.38,0.02,0.02,0,0
HcclAlltoAll,,,2.24,5.08,0,13.26,0,0
HcclAlltoAll,,,2.84,2.84,13.26,13.26,0,0
record_event,,,3.48,3.48,0.22,0.22,0,0
record_event,,,3.74,3.74,0.24,0.24,0,0
wait_event,,,3.01,3.01,0.0,0.0,0,0
destroy_event,,,1.64,1.64,0,0,0,0
aten::view,,,5.29,5.29,0,0,0,0
npu::npu_transpose_batchmatmul,,,31.03,51.51,0,32.061,0,0
empty_tensor,,,10.57,10.57,0,0,0,0
aclnnTransposeBatchMatMul,,,9.91,9.91,32.061,32.061,0,0
aten::reshape,,,1.54,6.46,0,0,0,0
aten::view,,,4.92,4.92,0,0,0,0
vllm::matmul_and_reduce,,,143.04,462.13,0,34.221000000000004,0,0
vllm::unquantized_gemm,,,16.09,76.68,0,16.2205,0,0
aten::linear,,,4.33,60.59,0,16.2205,0,0
aten::t,,,5.3,14.8,0,0,0,0
aten::transpose,,,3.17,9.5,0,0,0,0
aten::as_strided,,,6.33,6.33,0,0,0,0
aten::matmul,,,19.29,41.46,0,16.2205,0,0
empty_tensor,,,11.35,11.35,0,0,0,0
aclnnMatmul,,,10.82,10.82,16.2205,16.2205,0,0
vllm::reduce_scatter,,,115.82,242.41,0,18.0005,0,0
aten::movedim,,,1.59,10.58,0,0,0,0
aten::movedim,,,2.58,8.99,0,0,0,0
aten::permute,,,2.58,6.41,0,0,0,0
aten::as_strided,,,3.83,3.83,0,0,0,0
aten::empty,,,2.73,15.81,0,0,0,0
empty_tensor,,,13.08,13.08,0,0,0,0
c10d::_reduce_scatter_base_,,,54.82,83.69,0,12.66,0,0
record_event,,,12.02,12.02,0.02,0.02,0,0
wait_event,,,3.47,3.47,0.02,0.02,0,0
HcclReduceScatterBase,,,2.89,4.72,0,12.58,0,0
HcclReduceScatter,,,1.83,1.83,12.58,12.58,0,0
record_event,,,6.01,6.01,0.02,0.02,0,0
record_event,,,2.65,2.65,0.02,0.02,0,0
wait_event,,,3.26,3.26,5.3405,5.3405,0,0
destroy_event,,,2.08,2.08,0,0,0,0
aten::movedim,,,1.4,11.17,0,0,0,0
aten::movedim,,,2.35,9.77,0,0,0,0
aten::permute,,,2.59,7.42,0,0,0,0
aten::as_strided,,,4.83,4.83,0,0,0,0
aten::copy_,,,56.32,66.42,0,0.72,0,0
aclnnInplaceCopy,,,10.1,10.1,0.72,0.72,0,0
aten::unsqueeze,,,4.44,8.2,0,0,0,0
aten::as_strided,,,3.76,3.76,0,0,0,0
aten::unsqueeze,,,2.35,3.95,0,0,0,0
aten::as_strided,,,1.6,1.6,0,0,0,0
aten::unsqueeze,,,2.06,3.53,0,0,0,0
aten::as_strided,,,1.47,1.47,0,0,0,0
aten::detach,,,3.48,3.48,0,0,0,0
aten::reshape,,,4.25,7.89,0,0,0,0
aten::view,,,3.64,3.64,0,0,0,0
aten::unsqueeze,,,2.23,3.9,0,0,0,0
aten::as_strided,,,1.67,1.67,0,0,0,0
_C_ascend::npu_hc_post,,,37.61,74.55,0,7.38,0,0
aten::empty,,,2.56,13.19,0,0,0,0
empty_tensor,,,10.63,10.63,0,0,0,0
aten::empty,,,2.2,12.44,0,0,0,0
empty_tensor,,,10.24,10.24,0,0,0,0
aclnnHcPost,,,11.31,11.31,7.38,7.38,0,0
aten::squeeze,,,4.33,6.98,0,0,0,0
aten::as_strided,,,2.65,2.65,0,0,0,0
_C_ascend::npu_hc_pre_v2,,,35.41,71.45,0,32.481,0,0
aten::empty,,,1.97,8.12,0,0,0,0
empty_tensor,,,6.15,6.15,0,0,0,0
aten::empty,,,1.12,4.43,0,0,0,0
empty_tensor,,,3.31,3.31,0,0,0,0
aten::empty,,,1.03,3.87,0,0,0,0
empty_tensor,,,2.84,2.84,0,0,0,0
aten::empty,,,2.01,9.53,0,0,0,0
empty_tensor,,,7.52,7.52,0,0,0,0
aclnnHcPre,,,10.09,10.09,32.481,32.481,0,0
npu::npu_rms_norm,,,48.84,68.56,0,4.8005,0,0
empty_tensor,,,6.38,6.38,0,0,0,0
empty_tensor,,,3.57,3.57,0,0,0,0
aclnnRmsNorm,,,9.77,9.77,4.8005,4.8005,0,0
aten::reshape,,,4.61,8.79,0,0,0,0
aten::view,,,4.18,4.18,0,0,0,0
vllm::moe_forward_shared,,,1913.33,4732.43,0,420.9875,0,0
aten::to,,,2.12,45.41,0,5.88,0,0
aten::_to_copy,,,5.36,43.29,0,5.88,0,0
aten::empty_strided,,,8.86,13.4,0,0,0,0
empty_tensor,,,4.54,4.54,0,0,0,0
aten::copy_,,,15.03,24.53,0,5.88,0,0
aclnnInplaceCopy,,,9.5,9.5,5.88,5.88,0,0
Event::record,,,76.17,88.46,0,0.2,0,0
record_event,,,12.29,12.29,0.2,0.2,0,0
aten::linear,,,4.37,57.37,0,11.3605,0,0
aten::t,,,5.46,14.52,0,0,0,0
aten::transpose,,,3.14,9.06,0,0,0,0
aten::as_strided,,,5.92,5.92,0,0,0,0
aten::matmul,,,18.79,38.48,0,11.3605,0,0
empty_tensor,,,11.13,11.13,0,0,0,0
aclnnMatmul,,,8.56,8.56,11.3605,11.3605,0,0
Event::record,,,68.79,80.38,0,0.22,0,0
record_event,,,11.59,11.59,0.22,0.22,0,0
vllm::maybe_all_gather_and_maybe_unpad,,,44.35,299.42,0,10.879999999999999,0,0
vllm::all_gather,,,127.17,255.07,0,10.879999999999999,0,0
aten::empty,,,3.78,17.45,0,0,0,0
empty_tensor,,,13.67,13.67,0,0,0,0
c10d::_allgather_base_,,,53.53,81.59,0,10.86,0,0
record_event,,,13.26,13.26,0.2,0.2,0,0
wait_event,,,3.51,3.51,0.0,0.0,0,0
HcclAllgatherBase,,,3.15,5.43,0,10.28,0,0
HcclAllGather,,,2.28,2.28,10.28,10.28,0,0
record_event,,,3.51,3.51,0.02,0.02,0,0
record_event,,,2.35,2.35,0.36,0.36,0,0
wait_event,,,3.03,3.03,0.02,0.02,0,0
destroy_event,,,1.92,1.92,0,0,0,0
aten::reshape,,,1.74,7.97,0,0,0,0
aten::view,,,6.23,6.23,0,0,0,0
aten::movedim,,,1.67,11.84,0,0,0,0
aten::movedim,,,2.76,10.17,0,0,0,0
aten::permute,,,2.9,7.41,0,0,0,0
aten::as_strided,,,4.51,4.51,0,0,0,0
aten::reshape,,,0.82,4.1,0,0,0,0
aten::view,,,3.28,3.28,0,0,0,0
vllm::maybe_all_gather_and_maybe_unpad,,,39.26,273.85,0,34.6205,0,0
vllm::all_gather,,,115.0,234.59,0,34.6205,0,0
aten::empty,,,2.96,15.85,0,0,0,0
empty_tensor,,,12.89,12.89,0,0,0,0
c10d::_allgather_base_,,,49.64,75.82,0,6.1,0,0
record_event,,,12.72,12.72,0.22,0.22,0,0
wait_event,,,2.78,2.78,0.02,0.02,0,0
HcclAllgatherBase,,,3.02,4.88,0,5.46,0,0
HcclAllGather,,,1.86,1.86,5.46,5.46,0,0
record_event,,,3.44,3.44,0.38,0.38,0,0
record_event,,,2.36,2.36,0.02,0.02,0,0
wait_event,,,4.72,4.72,28.5205,28.5205,0,0
destroy_event,,,1.6,1.6,0,0,0,0
aten::reshape,,,1.7,6.87,0,0,0,0
aten::view,,,5.17,5.17,0,0,0,0
aten::movedim,,,1.5,10.6,0,0,0,0
aten::movedim,,,2.38,9.1,0,0,0,0
aten::permute,,,2.8,6.72,0,0,0,0
aten::as_strided,,,3.92,3.92,0,0,0,0
aten::reshape,,,0.86,4.13,0,0,0,0
aten::view,,,3.27,3.27,0,0,0,0
_C_ascend::moe_gating_top_k_hash,,,42.51,80.78,0,10.6,0,0
aten::empty,,,3.0,16.15,0,0,0,0
empty_tensor,,,13.15,13.15,0,0,0,0
aten::empty,,,1.22,4.96,0,0,0,0
empty_tensor,,,3.74,3.74,0,0,0,0
aten::empty,,,1.07,5.07,0,0,0,0
empty_tensor,,,4.0,4.0,0,0,0,0
aclnnMoeGatingTopKHash,,,12.09,12.09,10.6,10.6,0,0
aten::to,,,1.96,46.75,0,1.0,0,0
aten::_to_copy,,,5.71,44.79,0,1.0,0,0
aten::empty_strided,,,8.78,13.74,0,0,0,0
empty_tensor,,,4.96,4.96,0,0,0,0
aten::copy_,,,16.61,25.34,0,1.0,0,0
aclnnInplaceCopy,,,8.73,8.73,1.0,1.0,0,0
aten::detach,,,4.36,4.36,0,0,0,0
aten::detach,,,1.16,1.16,0,0,0,0
Event::record,,,79.79,93.57,0,0.26,0,0
record_event,,,13.78,13.78,0.26,0.26,0,0
aten::index,,,32.15,55.67,0,18.740499999999997,0,0
empty_tensor,,,6.36,6.36,0,0,0,0
empty_tensor,,,7.46,7.46,0,0,0,0
aclnnIndex,,,9.7,9.7,18.740499999999997,18.740499999999997,0,0
aten::ne,,,11.0,23.69,0,1.36,0,0
empty_tensor,,,5.64,5.64,0,0,0,0
aclnnNeScalar,,,7.05,7.05,1.36,1.36,0,0
aten::mul,,,15.32,25.79,0,2.2199999999999998,0,0
empty_tensor,,,4.6,4.6,0,0,0,0
aclnnMul,,,5.87,5.87,2.2199999999999998,2.2199999999999998,0,0
npu::npu_moe_init_routing_v2,,,23.91,48.55,0,31.5805,0,0
empty_tensor,,,8.59,8.59,0,0,0,0
empty_tensor,,,3.26,3.26,0,0,0,0
empty_tensor,,,2.91,2.91,0,0,0,0
empty_tensor,,,2.94,2.94,0,0,0,0
aclnnMoeInitRoutingV3,,,6.94,6.94,31.5805,31.5805,0,0
aten::to,,,1.68,1.68,0,0,0,0
_C_ascend::grouped_matmul_swiglu_quant_v2,,,182.48,230.54,0,131.7425,0,0
aten::empty,,,3.33,13.44,0,0,0,0
empty_tensor,,,10.11,10.11,0,0,0,0
aten::empty,,,1.23,4.8,0,0,0,0
empty_tensor,,,3.57,3.57,0,0,0,0
aten::empty,,,3.27,16.92,0,0,0,0
empty_tensor,,,13.65,13.65,0,0,0,0
aclnnGroupedMatmulSwigluQuantWeightNzV2,,,12.9,12.9,131.7425,131.7425,0,0
Event::record,,,78.83,92.36,0,0.02,0,0
record_event,,,13.53,13.53,0.02,0.02,0,0
npu::npu_grouped_matmul,,,41.26,68.73,0,77.361,0,0
empty_tensor,,,14.94,14.94,0,0,0,0
npu::get_npu_format,,,2.17,2.17,0,0,0,0
aclnnGroupedMatmulWeightNz,,,10.36,10.36,77.361,77.361,0,0
Event::record,,,71.31,84.25,0,0.02,0,0
record_event,,,12.94,12.94,0.02,0.02,0,0
aten::abs,,,16.04,35.46,0,1.06,0,0
empty_tensor,,,10.73,10.73,0,0,0,0
aclnnAbs,,,8.69,8.69,1.06,1.06,0,0
npu::npu_moe_token_unpermute,,,69.74,86.13,0,12.84,0,0
empty_tensor,,,7.26,7.26,0,0,0,0
aclnnMoeTokenUnpermute,,,9.13,9.13,12.84,12.84,0,0
vllm::maybe_pad_and_reduce,,,37.82,283.06,0,20.101000000000003,0,0
vllm::reduce_scatter,,,115.46,245.24,0,20.101000000000003,0,0
aten::movedim,,,1.61,13.09,0,0,0,0
aten::movedim,,,2.53,11.48,0,0,0,0
aten::permute,,,3.22,8.95,0,0,0,0
aten::as_strided,,,5.73,5.73,0,0,0,0
aten::empty,,,3.07,13.35,0,0,0,0
empty_tensor,,,10.28,10.28,0,0,0,0
c10d::_reduce_scatter_base_,,,58.06,86.19,0,20.081,0,0
record_event,,,12.66,12.66,0.02,0.02,0,0
wait_event,,,3.0,3.0,7.28,7.28,0,0
HcclReduceScatterBase,,,2.99,4.99,0,12.361,0,0
HcclReduceScatter,,,2.0,2.0,12.361,12.361,0,0
record_event,,,5.05,5.05,0.22,0.22,0,0
record_event,,,2.43,2.43,0.2,0.2,0,0
wait_event,,,3.17,3.17,0.02,0.02,0,0
destroy_event,,,2.05,2.05,0,0,0,0
aten::movedim,,,1.38,11.93,0,0,0,0
aten::movedim,,,2.48,10.55,0,0,0,0
aten::permute,,,3.2,8.07,0,0,0,0
aten::as_strided,,,4.87,4.87,0,0,0,0
Event::wait,,,63.08,76.94,0,0.02,0,0
wait_event,,,13.86,13.86,0.02,0.02,0,0
npu::npu_dynamic_quant,,,28.66,55.07,0,4.2,0,0
empty_tensor,,,12.72,12.72,0,0,0,0
empty_tensor,,,4.07,4.07,0,0,0,0
aclnnDynamicQuantV2,,,9.62,9.62,4.2,4.2,0,0
Event::wait,,,57.37,68.71,0,0.22,0,0
wait_event,,,11.34,11.34,0.22,0.22,0,0
npu::npu_quant_matmul,,,35.08,64.1,0,20.261,0,0
empty_tensor,,,10.98,10.98,0,0,0,0
aten::empty,,,3.89,6.26,0,0,0,0
empty_tensor,,,2.37,2.37,0,0,0,0
aten::empty,,,1.04,2.61,0,0,0,0
empty_tensor,,,1.57,1.57,0,0,0,0
aclnnQuantMatmulWeightNz,,,9.17,9.17,20.261,20.261,0,0
Event::wait,,,56.41,68.31,0,0.22,0,0
wait_event,,,11.9,11.9,0.22,0.22,0,0
_C_ascend::npu_dequant_swiglu_quant,,,48.18,87.57,0,5.0,0,0
aten::empty,,,3.07,13.99,0,0,0,0
empty_tensor,,,10.92,10.92,0,0,0,0
aten::empty,,,1.14,4.63,0,0,0,0
empty_tensor,,,3.49,3.49,0,0,0,0
aten::empty,,,2.45,9.85,0,0,0,0
empty_tensor,,,7.4,7.4,0,0,0,0
aclnnDequantSwigluQuantV2,,,10.92,10.92,5.0,5.0,0,0
Event::wait,,,59.15,71.06,0,0.02,0,0
wait_event,,,11.91,11.91,0.02,0.02,0,0
npu::npu_quant_matmul,,,34.69,61.13,0,18.76,0,0
empty_tensor,,,10.11,10.11,0,0,0,0
aten::empty,,,2.21,4.34,0,0,0,0
empty_tensor,,,2.13,2.13,0,0,0,0
aten::empty,,,0.96,2.57,0,0,0,0
empty_tensor,,,1.61,1.61,0,0,0,0
aclnnQuantMatmulWeightNz,,,9.42,9.42,18.76,18.76,0,0
Event::record,,,69.74,81.5,0,0.2,0,0
record_event,,,11.76,11.76,0.2,0.2,0,0
Event::wait,,,44.39,54.12,0,0.02,0,0
wait_event,,,9.73,9.73,0.02,0.02,0,0
destroy_event,,,6.17,6.17,0,0,0,0
destroy_event,,,6.93,6.93,0,0,0,0
destroy_event,,,3.49,3.49,0,0,0,0
destroy_event,,,1.61,1.61,0,0,0,0
destroy_event,,,3.27,3.27,0,0,0,0
destroy_event,,,1.7,1.7,0,0,0,0
aten::add,,,23.15,42.11,0,7.5605,0,0
empty_tensor,,,10.81,10.81,0,0,0,0
aclnnAdd,,,8.15,8.15,7.5605,7.5605,0,0
vllm::maybe_all_reduce_tensor_model_parallel,,,25.41,25.41,0,0,0,0
aten::unsqueeze,,,5.05,9.13,0,0,0,0
aten::as_strided,,,4.08,4.08,0,0,0,0
aten::unsqueeze,,,2.16,4.09,0,0,0,0
aten::as_strided,,,1.93,1.93,0,0,0,0
aten::unsqueeze,,,1.92,3.46,0,0,0,0
aten::as_strided,,,1.54,1.54,0,0,0,0
aten::unsqueeze,,,2.04,3.41,0,0,0,0
aten::as_strided,,,1.37,1.37,0,0,0,0
_C_ascend::npu_hc_post,,,40.94,75.11,0,7.26,0,0
aten::empty,,,2.6,11.17,0,0,0,0
empty_tensor,,,8.57,8.57,0,0,0,0
aten::empty,,,2.35,12.59,0,0,0,0
empty_tensor,,,10.24,10.24,0,0,0,0
aclnnHcPost,,,10.41,10.41,7.26,7.26,0,0
aten::squeeze,,,4.76,7.68,0,0,0,0
aten::as_strided,,,2.92,2.92,0,0,0,0
_C_ascend::npu_hc_pre_v2,,,37.4,74.64,0,32.741,0,0
aten::empty,,,1.87,8.7,0,0,0,0
empty_tensor,,,6.83,6.83,0,0,0,0
aten::empty,,,1.2,4.77,0,0,0,0
empty_tensor,,,3.57,3.57,0,0,0,0
aten::empty,,,1.1,3.98,0,0,0,0
empty_tensor,,,2.88,2.88,0,0,0,0
aten::empty,,,2.3,10.07,0,0,0,0
empty_tensor,,,7.77,7.77,0,0,0,0
aclnnHcPre,,,9.72,9.72,32.741,32.741,0,0
npu::npu_rms_norm,,,48.79,67.46,0,4.7,0,0
empty_tensor,,,6.51,6.51,0,0,0,0
empty_tensor,,,3.51,3.51,0,0,0,0
aclnnRmsNorm,,,8.65,8.65,4.7,4.7,0,0
aten::empty,,,5.72,12.23,0,0,0,0
empty_tensor,,,6.51,6.51,0,0,0,0
aten::alias,,,4.0,4.0,0,0,0,0
vllm::dsa_forward,,,1474.73,3379.68,0,341.6675,0,0
aten::empty,,,3.14,13.85,0,0,0,0
empty_tensor,,,10.71,10.71,0,0,0,0
c10d::_allgather_base_,,,55.87,85.08,0,11.16,0,0
record_event,,,14.13,14.13,0.24,0.24,0,0
wait_event,,,3.45,3.45,0.02,0.02,0,0
HcclAllgatherBase,,,3.15,5.46,0,10.5,0,0
HcclAllGather,,,2.31,2.31,10.5,10.5,0,0
record_event,,,3.58,3.58,0.2,0.2,0,0
record_event,,,2.59,2.59,0.2,0.2,0,0
npu::npu_dynamic_quant,,,28.76,45.62,0,3.84,0,0
empty_tensor,,,9.09,9.09,0,0,0,0
empty_tensor,,,4.13,4.13,0,0,0,0
aclnnDynamicQuantV2,,,3.64,3.64,3.84,3.84,0,0
npu::npu_quant_matmul,,,29.33,52.59,0,16.14,0,0
empty_tensor,,,6.29,6.29,0,0,0,0
aten::empty,,,2.08,3.97,0,0,0,0
empty_tensor,,,1.89,1.89,0,0,0,0
aten::empty,,,0.89,2.42,0,0,0,0
empty_tensor,,,1.53,1.53,0,0,0,0
aclnnQuantMatmulWeightNz,,,10.58,10.58,16.14,16.14,0,0
_C_ascend::npu_rms_norm_dynamic_quant,,,46.43,103.76,0,6.76,0,0
aten::empty_like,,,5.92,16.79,0,0,0,0
aten::empty_strided,,,7.61,10.87,0,0,0,0
empty_tensor,,,3.26,3.26,0,0,0,0
aten::empty,,,1.52,5.25,0,0,0,0
empty_tensor,,,3.73,3.73,0,0,0,0
aten::empty,,,1.09,4.18,0,0,0,0
empty_tensor,,,3.09,3.09,0,0,0,0
aten::empty_like,,,5.06,10.74,0,0,0,0
aten::empty_strided,,,3.86,5.68,0,0,0,0
empty_tensor,,,1.82,1.82,0,0,0,0
aten::empty,,,2.05,9.73,0,0,0,0
empty_tensor,,,7.68,7.68,0,0,0,0
aclnnRmsNormDynamicQuant,,,10.64,10.64,6.76,6.76,0,0
npu::npu_quant_matmul,,,38.9,62.2,0,33.8405,0,0
empty_tensor,,,7.8,7.8,0,0,0,0
aten::empty,,,1.61,3.78,0,0,0,0
empty_tensor,,,2.17,2.17,0,0,0,0
aten::empty,,,0.96,2.49,0,0,0,0
empty_tensor,,,1.53,1.53,0,0,0,0
aclnnQuantMatmulWeightNz,,,9.23,9.23,33.8405,33.8405,0,0
aten::unflatten,,,5.59,10.79,0,0,0,0
aten::view,,,5.2,5.2,0,0,0,0
aten::view,,,2.78,2.78,0,0,0,0
aten::empty_like,,,4.32,15.19,0,0,0,0
aten::empty_strided,,,7.59,10.87,0,0,0,0
empty_tensor,,,3.28,3.28,0,0,0,0
triton_rms_kernel,,,14.4,14.4,13.26,13.26,0,0
aten::view,,,7.42,7.42,0,0,0,0
aten::unsqueeze,,,3.01,7.42,0,0,0,0
aten::as_strided,,,4.41,4.41,0,0,0,0
_C_ascend::inplace_partial_rotary_mul,,,42.28,70.52,0,5.3405,0,0
aten::empty,,,3.12,17.04,0,0,0,0
empty_tensor,,,13.92,13.92,0,0,0,0
aclnnInplacePartialRotaryMul,,,11.2,11.2,5.3405,5.3405,0,0
wait_event,,,4.56,4.56,0.02,0.02,0,0
aten::slice,,,4.14,7.91,0,0,0,0
aten::as_strided,,,3.77,3.77,0,0,0,0
npu::npu_dynamic_quant,,,28.06,52.2,0,7.0205,0,0
empty_tensor,,,9.51,9.51,0,0,0,0
empty_tensor,,,4.75,4.75,0,0,0,0
aclnnDynamicQuantV2,,,9.88,9.88,7.0205,7.0205,0,0
npu::npu_quant_matmul,,,29.92,52.6,0,14.2405,0,0
empty_tensor,,,7.25,7.25,0,0,0,0
aten::empty,,,2.25,4.37,0,0,0,0
empty_tensor,,,2.12,2.12,0,0,0,0
aten::empty,,,0.9,2.45,0,0,0,0
empty_tensor,,,1.55,1.55,0,0,0,0
aclnnQuantMatmulWeightNz,,,8.61,8.61,14.2405,14.2405,0,0
npu::npu_rms_norm,,,53.34,71.52,0,10.2405,0,0
empty_tensor,,,6.51,6.51,0,0,0,0
empty_tensor,,,3.21,3.21,0,0,0,0
aclnnRmsNorm,,,8.46,8.46,10.2405,10.2405,0,0
aten::view,,,5.35,5.35,0,0,0,0
aten::unsqueeze,,,2.96,6.92,0,0,0,0
aten::as_strided,,,3.96,3.96,0,0,0,0
aten::slice,,,3.01,5.38,0,0,0,0
aten::as_strided,,,2.37,2.37,0,0,0,0
aten::slice,,,1.06,2.99,0,0,0,0
aten::as_strided,,,1.93,1.93,0,0,0,0
_C_ascend::inplace_partial_rotary_mul,,,36.91,61.18,0,10.6005,0,0
aten::empty,,,3.18,13.55,0,0,0,0
empty_tensor,,,10.37,10.37,0,0,0,0
aclnnInplacePartialRotaryMul,,,10.72,10.72,10.6005,10.6005,0,0
_C_ascend::npu_scatter_nd_update_sk,,,32.4,52.72,0,29.0605,0,0
aten::empty,,,2.33,11.01,0,0,0,0
empty_tensor,,,8.68,8.68,0,0,0,0
aclnnScatterNdUpdateSk,,,9.31,9.31,29.0605,29.0605,0,0
aten::squeeze,,,8.68,13.84,0,0,0,0
aten::as_strided,,,5.16,5.16,0,0,0,0
aten::view,,,4.28,4.28,0,0,0,0
aten::view,,,2.57,2.57,0,0,0,0
_C_ascend::compressor,,,49.91,83.49,0,40.801,0,0
aten::empty,,,2.71,11.93,0,0,0,0
empty_tensor,,,9.22,9.22,0,0,0,0
aten::empty,,,2.3,10.83,0,0,0,0
empty_tensor,,,8.53,8.53,0,0,0,0
aclnnCompressor,,,10.82,10.82,40.801,40.801,0,0
_C_ascend::npu_scatter_nd_update_sk,,,31.65,53.67,0,15.3405,0,0
aten::empty,,,2.39,11.57,0,0,0,0
empty_tensor,,,9.18,9.18,0,0,0,0
aclnnScatterNdUpdateSk,,,10.45,10.45,15.3405,15.3405,0,0
_C_ascend::npu_sparse_attn_sharedkv,,,48.16,83.07,0,29.6005,0,0
aten::empty,,,2.19,10.42,0,0,0,0
empty_tensor,,,8.23,8.23,0,0,0,0
aten::empty,,,1.13,3.41,0,0,0,0
empty_tensor,,,2.28,2.28,0,0,0,0
aten::empty,,,1.85,10.86,0,0,0,0
empty_tensor,,,9.01,9.01,0,0,0,0
aclnnSparseAttnSharedkv,,,10.22,10.22,29.6005,29.6005,0,0
destroy_event,,,2.61,2.61,0,0,0,0
aten::unsqueeze,,,3.88,8.59,0,0,0,0
aten::as_strided,,,4.71,4.71,0,0,0,0
aten::neg,,,14.07,30.26,0,0.96,0,0
empty_tensor,,,7.74,7.74,0,0,0,0
aclnnNeg,,,8.45,8.45,0.96,0.96,0,0
_C_ascend::inplace_partial_rotary_mul,,,35.67,57.59,0,5.28,0,0
aten::empty,,,2.66,11.72,0,0,0,0
empty_tensor,,,9.06,9.06,0,0,0,0
aclnnInplacePartialRotaryMul,,,10.2,10.2,5.28,5.28,0,0
aten::view,,,5.31,5.31,0,0,0,0
aten::permute,,,3.06,7.85,0,0,0,0
aten::as_strided,,,4.79,4.79,0,0,0,0
aten::contiguous,,,2.56,41.05,0,12.4,0,0
aten::clone,,,4.36,38.49,0,12.4,0,0
empty_tensor,,,7.25,7.25,0,0,0,0
aten::copy_,,,19.14,26.88,0,12.4,0,0
aclnnInplaceCopy,,,7.74,7.74,12.4,12.4,0,0
aten::view,,,3.51,3.51,0,0,0,0
aten::empty_like,,,4.75,15.43,0,0,0,0
aten::empty_strided,,,6.78,10.68,0,0,0,0
empty_tensor,,,3.9,3.9,0,0,0,0
c10d::alltoall_base_,,,60.02,85.15,0,12.98,0,0
record_event,,,10.79,10.79,0.02,0.02,0,0
wait_event,,,3.25,3.25,0.02,0.02,0,0
HcclAlltoAll,,,2.2,5.36,0,12.9,0,0
HcclAlltoAll,,,3.16,3.16,12.9,12.9,0,0
record_event,,,3.36,3.36,0.02,0.02,0,0
record_event,,,2.37,2.37,0.02,0.02,0,0
wait_event,,,3.11,3.11,0.02,0.02,0,0
destroy_event,,,1.6,1.6,0,0,0,0
aten::view,,,5.32,5.32,0,0,0,0
npu::npu_transpose_batchmatmul,,,30.05,51.4,0,32.6805,0,0
empty_tensor,,,11.12,11.12,0,0,0,0
aclnnTransposeBatchMatMul,,,10.23,10.23,32.6805,32.6805,0,0
aten::reshape,,,1.65,6.22,0,0,0,0
aten::view,,,4.57,4.57,0,0,0,0
vllm::matmul_and_reduce,,,144.92,458.2,0,29.3615,0,0
vllm::unquantized_gemm,,,16.59,75.81,0,16.1205,0,0
aten::linear,,,4.49,59.22,0,16.1205,0,0
aten::t,,,5.46,14.83,0,0,0,0
aten::transpose,,,3.63,9.37,0,0,0,0
aten::as_strided,,,5.74,5.74,0,0,0,0
aten::matmul,,,18.67,39.9,0,16.1205,0,0
empty_tensor,,,10.39,10.39,0,0,0,0
aclnnMatmul,,,10.84,10.84,16.1205,16.1205,0,0
vllm::reduce_scatter,,,116.39,237.47,0,13.241,0,0
aten::movedim,,,1.56,10.86,0,0,0,0
aten::movedim,,,2.61,9.3,0,0,0,0
aten::permute,,,2.92,6.69,0,0,0,0
aten::as_strided,,,3.77,3.77,0,0,0,0
aten::empty,,,2.68,12.66,0,0,0,0
empty_tensor,,,9.98,9.98,0,0,0,0
c10d::_reduce_scatter_base_,,,55.14,81.34,0,13.221,0,0
record_event,,,12.27,12.27,0.22,0.22,0,0
wait_event,,,3.01,3.01,0.02,0.02,0,0
HcclReduceScatterBase,,,3.04,4.93,0,12.761,0,0
HcclReduceScatter,,,1.89,1.89,12.761,12.761,0,0
record_event,,,3.51,3.51,0.2,0.2,0,0
record_event,,,2.48,2.48,0.02,0.02,0,0
wait_event,,,2.97,2.97,0.02,0.02,0,0
destroy_event,,,1.88,1.88,0,0,0,0
aten::movedim,,,1.51,11.37,0,0,0,0
aten::movedim,,,2.58,9.86,0,0,0,0
aten::permute,,,2.7,7.28,0,0,0,0
aten::as_strided,,,4.58,4.58,0,0,0,0
aten::copy_,,,55.38,65.88,0,0.72,0,0
aclnnInplaceCopy,,,10.5,10.5,0.72,0.72,0,0
aten::unsqueeze,,,4.48,8.35,0,0,0,0
aten::as_strided,,,3.87,3.87,0,0,0,0
aten::unsqueeze,,,2.27,3.85,0,0,0,0
aten::as_strided,,,1.58,1.58,0,0,0,0
aten::unsqueeze,,,1.93,3.37,0,0,0,0
aten::as_strided,,,1.44,1.44,0,0,0,0
aten::detach,,,3.41,3.41,0,0,0,0
aten::reshape,,,4.23,7.99,0,0,0,0
aten::view,,,3.76,3.76,0,0,0,0
aten::unsqueeze,,,2.08,3.69,0,0,0,0
aten::as_strided,,,1.61,1.61,0,0,0,0
_C_ascend::npu_hc_post,,,37.62,73.9,0,7.5205,0,0
aten::empty,,,2.66,13.1,0,0,0,0
empty_tensor,,,10.44,10.44,0,0,0,0
aten::empty,,,2.24,12.4,0,0,0,0
empty_tensor,,,10.16,10.16,0,0,0,0
aclnnHcPost,,,10.78,10.78,7.5205,7.5205,0,0
aten::squeeze,,,4.52,7.18,0,0,0,0
aten::as_strided,,,2.66,2.66,0,0,0,0
_C_ascend::npu_hc_pre_v2,,,36.65,74.96,0,32.8405,0,0
aten::empty,,,2.14,8.32,0,0,0,0
empty_tensor,,,6.18,6.18,0,0,0,0
aten::empty,,,1.17,5.16,0,0,0,0
empty_tensor,,,3.99,3.99,0,0,0,0
aten::empty,,,1.08,4.07,0,0,0,0
empty_tensor,,,2.99,2.99,0,0,0,0
aten::empty,,,1.98,9.87,0,0,0,0
empty_tensor,,,7.89,7.89,0,0,0,0
aclnnHcPre,,,10.89,10.89,32.8405,32.8405,0,0
npu::npu_rms_norm,,,48.0,66.16,0,4.58,0,0
empty_tensor,,,5.91,5.91,0,0,0,0
empty_tensor,,,3.58,3.58,0,0,0,0
aclnnRmsNorm,,,8.67,8.67,4.58,4.58,0,0
aten::reshape,,,4.65,9.0,0,0,0,0
aten::view,,,4.35,4.35,0,0,0,0
vllm::moe_forward_shared,,,1907.91,4786.35,0,393.4295,0,0
aten::to,,,1.91,46.12,0,5.98,0,0
aten::_to_copy,,,5.42,44.21,0,5.98,0,0
aten::empty_strided,,,9.34,13.63,0,0,0,0
empty_tensor,,,4.29,4.29,0,0,0,0
aten::copy_,,,15.14,25.16,0,5.98,0,0
aclnnInplaceCopy,,,10.02,10.02,5.98,5.98,0,0
Event::record,,,77.23,89.37,0,0.22,0,0
record_event,,,12.14,12.14,0.22,0.22,0,0
aten::linear,,,4.65,60.05,0,12.0,0,0
aten::t,,,5.47,14.42,0,0,0,0
aten::transpose,,,2.72,8.95,0,0,0,0
aten::as_strided,,,6.23,6.23,0,0,0,0
aten::matmul,,,20.65,40.98,0,12.0,0,0
empty_tensor,,,10.83,10.83,0,0,0,0
aclnnMatmul,,,9.5,9.5,12.0,12.0,0,0
Event::record,,,69.51,81.15,0,0.02,0,0
record_event,,,11.64,11.64,0.02,0.02,0,0
vllm::maybe_all_gather_and_maybe_unpad,,,46.25,308.88,0,17.1815,0,0
vllm::all_gather,,,131.47,262.63,0,17.1815,0,0
aten::empty,,,3.93,17.93,0,0,0,0
empty_tensor,,,14.0,14.0,0,0,0,0
c10d::_allgather_base_,,,56.35,85.46,0,17.1615,0,0
record_event,,,13.36,13.36,0.02,0.02,0,0
wait_event,,,3.39,3.39,6.4405,6.4405,0,0
HcclAllgatherBase,,,3.01,6.2,0,10.461,0,0
HcclAllGather,,,3.19,3.19,10.461,10.461,0,0
record_event,,,3.51,3.51,0.0,0.0,0,0
record_event,,,2.65,2.65,0.24,0.24,0,0
wait_event,,,3.03,3.03,0.02,0.02,0,0
destroy_event,,,1.56,1.56,0,0,0,0
aten::reshape,,,1.84,8.22,0,0,0,0
aten::view,,,6.38,6.38,0,0,0,0
aten::movedim,,,1.51,11.13,0,0,0,0
aten::movedim,,,2.54,9.62,0,0,0,0
aten::permute,,,3.09,7.08,0,0,0,0
aten::as_strided,,,3.99,3.99,0,0,0,0
aten::reshape,,,0.85,3.83,0,0,0,0
aten::view,,,2.98,2.98,0,0,0,0
vllm::maybe_all_gather_and_maybe_unpad,,,53.54,294.1,0,6.0,0,0
vllm::all_gather,,,115.4,240.56,0,6.0,0,0
aten::empty,,,3.35,16.35,0,0,0,0
empty_tensor,,,13.0,13.0,0,0,0,0
c10d::_allgather_base_,,,54.13,82.22,0,5.98,0,0
record_event,,,14.05,14.05,0.22,0.22,0,0
wait_event,,,3.0,3.0,0.02,0.02,0,0
HcclAllgatherBase,,,3.28,5.22,0,5.48,0,0
HcclAllGather,,,1.94,1.94,5.48,5.48,0,0
record_event,,,3.3,3.3,0.02,0.02,0,0
record_event,,,2.52,2.52,0.24,0.24,0,0
wait_event,,,3.25,3.25,0.02,0.02,0,0
destroy_event,,,1.63,1.63,0,0,0,0
aten::reshape,,,1.58,7.16,0,0,0,0
aten::view,,,5.58,5.58,0,0,0,0
aten::movedim,,,1.59,10.64,0,0,0,0
aten::movedim,,,2.55,9.05,0,0,0,0
aten::permute,,,2.72,6.5,0,0,0,0
aten::as_strided,,,3.78,3.78,0,0,0,0
aten::reshape,,,0.97,3.91,0,0,0,0
aten::view,,,2.94,2.94,0,0,0,0
_C_ascend::moe_gating_top_k_hash,,,44.14,83.29,0,11.2,0,0
aten::empty,,,3.21,16.17,0,0,0,0
empty_tensor,,,12.96,12.96,0,0,0,0
aten::empty,,,1.23,5.4,0,0,0,0
empty_tensor,,,4.17,4.17,0,0,0,0
aten::empty,,,1.21,4.66,0,0,0,0
empty_tensor,,,3.45,3.45,0,0,0,0
aclnnMoeGatingTopKHash,,,12.92,12.92,11.2,11.2,0,0
aten::to,,,1.86,49.86,0,0.9605,0,0
aten::_to_copy,,,6.1,48.0,0,0.9605,0,0
aten::empty_strided,,,8.48,13.52,0,0,0,0
empty_tensor,,,5.04,5.04,0,0,0,0
aten::copy_,,,18.9,28.38,0,0.9605,0,0
aclnnInplaceCopy,,,9.48,9.48,0.9605,0.9605,0,0
aten::detach,,,4.31,4.31,0,0,0,0
aten::detach,,,1.08,1.08,0,0,0,0
Event::record,,,78.07,91.18,0,0.24,0,0
record_event,,,13.11,13.11,0.24,0.24,0,0
aten::index,,,33.02,57.99,0,18.4805,0,0
empty_tensor,,,7.28,7.28,0,0,0,0
empty_tensor,,,7.93,7.93,0,0,0,0
aclnnIndex,,,9.76,9.76,18.4805,18.4805,0,0
aten::ne,,,10.8,22.19,0,1.4,0,0
empty_tensor,,,5.36,5.36,0,0,0,0
aclnnNeScalar,,,6.03,6.03,1.4,1.4,0,0
aten::mul,,,15.06,25.02,0,2.2005,0,0
empty_tensor,,,4.76,4.76,0,0,0,0
aclnnMul,,,5.2,5.2,2.2005,2.2005,0,0
npu::npu_moe_init_routing_v2,,,25.14,50.33,0,27.081,0,0
empty_tensor,,,9.02,9.02,0,0,0,0
empty_tensor,,,3.21,3.21,0,0,0,0
empty_tensor,,,3.08,3.08,0,0,0,0
empty_tensor,,,2.87,2.87,0,0,0,0
aclnnMoeInitRoutingV3,,,7.01,7.01,27.081,27.081,0,0
aten::to,,,1.62,1.62,0,0,0,0
_C_ascend::grouped_matmul_swiglu_quant_v2,,,194.79,245.52,0,134.763,0,0
aten::empty,,,3.16,13.56,0,0,0,0
empty_tensor,,,10.4,10.4,0,0,0,0
aten::empty,,,1.28,5.0,0,0,0,0
empty_tensor,,,3.72,3.72,0,0,0,0
aten::empty,,,3.82,19.05,0,0,0,0
empty_tensor,,,15.23,15.23,0,0,0,0
aclnnGroupedMatmulSwigluQuantWeightNzV2,,,13.12,13.12,134.763,134.763,0,0
Event::record,,,76.69,90.25,0,0.02,0,0
record_event,,,13.56,13.56,0.02,0.02,0,0
npu::npu_grouped_matmul,,,41.8,72.07,0,77.3215,0,0
empty_tensor,,,18.0,18.0,0,0,0,0
npu::get_npu_format,,,2.02,2.02,0,0,0,0
aclnnGroupedMatmulWeightNz,,,10.25,10.25,77.3215,77.3215,0,0
Event::record,,,72.85,85.56,0,0.02,0,0
record_event,,,12.71,12.71,0.02,0.02,0,0
aten::abs,,,15.26,35.35,0,1.1,0,0
empty_tensor,,,10.29,10.29,0,0,0,0
aclnnAbs,,,9.8,9.8,1.1,1.1,0,0
npu::npu_moe_token_unpermute,,,69.13,85.83,0,13.2805,0,0
empty_tensor,,,7.54,7.54,0,0,0,0
aclnnMoeTokenUnpermute,,,9.16,9.16,13.2805,13.2805,0,0
vllm::maybe_pad_and_reduce,,,37.65,282.73,0,16.78,0,0
vllm::reduce_scatter,,,116.33,245.08,0,16.78,0,0
aten::movedim,,,1.58,12.95,0,0,0,0
aten::movedim,,,2.7,11.37,0,0,0,0
aten::permute,,,3.08,8.67,0,0,0,0
aten::as_strided,,,5.59,5.59,0,0,0,0
aten::empty,,,3.2,13.77,0,0,0,0
empty_tensor,,,10.57,10.57,0,0,0,0
c10d::_reduce_scatter_base_,,,56.24,85.31,0,16.76,0,0
record_event,,,13.33,13.33,0.02,0.02,0,0
wait_event,,,4.79,4.79,4.2,4.2,0,0
HcclReduceScatterBase,,,2.91,4.85,0,12.5,0,0
HcclReduceScatter,,,1.94,1.94,12.5,12.5,0,0
record_event,,,3.56,3.56,0.02,0.02,0,0
record_event,,,2.54,2.54,0.02,0.02,0,0
wait_event,,,2.96,2.96,0.02,0.02,0,0
destroy_event,,,1.9,1.9,0,0,0,0
aten::movedim,,,1.63,11.86,0,0,0,0
aten::movedim,,,2.38,10.23,0,0,0,0
aten::permute,,,3.04,7.85,0,0,0,0
aten::as_strided,,,4.81,4.81,0,0,0,0
Event::wait,,,66.16,80.2,0,0.2,0,0
wait_event,,,14.04,14.04,0.2,0.2,0,0
npu::npu_dynamic_quant,,,29.99,57.49,0,3.82,0,0
empty_tensor,,,12.78,12.78,0,0,0,0
empty_tensor,,,4.13,4.13,0,0,0,0
aclnnDynamicQuantV2,,,10.59,10.59,3.82,3.82,0,0
Event::wait,,,56.67,68.75,0,0.02,0,0
wait_event,,,12.08,12.08,0.02,0.02,0,0
npu::npu_quant_matmul,,,34.59,62.93,0,19.6,0,0
empty_tensor,,,11.02,11.02,0,0,0,0
aten::empty,,,2.55,4.97,0,0,0,0
empty_tensor,,,2.42,2.42,0,0,0,0
aten::empty,,,1.05,2.81,0,0,0,0
empty_tensor,,,1.76,1.76,0,0,0,0
aclnnQuantMatmulWeightNz,,,9.54,9.54,19.6,19.6,0,0
Event::wait,,,56.52,67.55,0,0.2,0,0
wait_event,,,11.03,11.03,0.2,0.2,0,0
_C_ascend::npu_dequant_swiglu_quant,,,47.9,86.89,0,5.44,0,0
aten::empty,,,2.77,13.36,0,0,0,0
empty_tensor,,,10.59,10.59,0,0,0,0
aten::empty,,,1.27,5.22,0,0,0,0
empty_tensor,,,3.95,3.95,0,0,0,0
aten::empty,,,2.3,9.62,0,0,0,0
empty_tensor,,,7.32,7.32,0,0,0,0
aclnnDequantSwigluQuantV2,,,10.79,10.79,5.44,5.44,0,0
Event::wait,,,59.71,72.27,0,0.02,0,0
wait_event,,,12.56,12.56,0.02,0.02,0,0
npu::npu_quant_matmul,,,35.75,63.18,0,17.6605,0,0
empty_tensor,,,10.55,10.55,0,0,0,0
aten::empty,,,2.33,4.61,0,0,0,0
empty_tensor,,,2.28,2.28,0,0,0,0
aten::empty,,,0.98,2.79,0,0,0,0
empty_tensor,,,1.81,1.81,0,0,0,0
aclnnQuantMatmulWeightNz,,,9.48,9.48,17.6605,17.6605,0,0
Event::record,,,68.53,79.94,0,0.2,0,0
record_event,,,11.41,11.41,0.2,0.2,0,0
Event::wait,,,44.44,54.58,0,0.02,0,0
wait_event,,,10.14,10.14,0.02,0.02,0,0
destroy_event,,,5.89,5.89,0,0,0,0
destroy_event,,,6.85,6.85,0,0,0,0
destroy_event,,,1.86,1.86,0,0,0,0
destroy_event,,,2.72,2.72,0,0,0,0
destroy_event,,,1.95,1.95,0,0,0,0
destroy_event,,,1.54,1.54,0,0,0,0
aten::add,,,23.42,42.38,0,7.44,0,0
empty_tensor,,,11.21,11.21,0,0,0,0
aclnnAdd,,,7.75,7.75,7.44,7.44,0,0
vllm::maybe_all_reduce_tensor_model_parallel,,,24.44,24.44,0,0,0,0
aten::unsqueeze,,,15.96,20.34,0,0,0,0
aten::as_strided,,,4.38,4.38,0,0,0,0
aten::unsqueeze,,,2.52,4.59,0,0,0,0
aten::as_strided,,,2.07,2.07,0,0,0,0
aten::unsqueeze,,,2.04,6.68,0,0,0,0
aten::as_strided,,,4.64,4.64,0,0,0,0
aten::unsqueeze,,,1.97,3.51,0,0,0,0
aten::as_strided,,,1.54,1.54,0,0,0,0
_C_ascend::npu_hc_post,,,42.1,77.74,0,9.04,0,0
aten::empty,,,2.56,12.33,0,0,0,0
empty_tensor,,,9.77,9.77,0,0,0,0
aten::empty,,,2.35,12.34,0,0,0,0
empty_tensor,,,9.99,9.99,0,0,0,0
aclnnHcPost,,,10.97,10.97,9.04,9.04,0,0
aten::squeeze,,,4.81,7.51,0,0,0,0
aten::as_strided,,,2.7,2.7,0,0,0,0
_C_ascend::npu_hc_pre_v2,,,37.96,76.31,0,31.5605,0,0
aten::empty,,,2.09,9.0,0,0,0,0
empty_tensor,,,6.91,6.91,0,0,0,0
aten::empty,,,1.14,4.58,0,0,0,0
empty_tensor,,,3.44,3.44,0,0,0,0
aten::empty,,,1.0,4.22,0,0,0,0
empty_tensor,,,3.22,3.22,0,0,0,0
aten::empty,,,2.3,10.24,0,0,0,0
empty_tensor,,,7.94,7.94,0,0,0,0
aclnnHcPre,,,10.31,10.31,31.5605,31.5605,0,0
npu::npu_rms_norm,,,49.98,68.5,0,4.82,0,0
empty_tensor,,,6.37,6.37,0,0,0,0
empty_tensor,,,3.45,3.45,0,0,0,0
aclnnRmsNorm,,,8.7,8.7,4.82,4.82,0,0
aten::empty,,,5.9,12.45,0,0,0,0
empty_tensor,,,6.55,6.55,0,0,0,0
aten::alias,,,4.16,4.16,0,0,0,0
vllm::dsa_forward,,,2165.77,5011.89,0,614.255,0,0
aten::empty,,,4.78,15.2,0,0,0,0
empty_tensor,,,10.42,10.42,0,0,0,0
c10d::_allgather_base_,,,58.26,85.87,0,15.681,0,0
record_event,,,13.58,13.58,0.0,0.0,0,0
wait_event,,,3.04,3.04,4.96,4.96,0,0
HcclAllgatherBase,,,3.12,4.84,0,10.501,0,0
HcclAllGather,,,1.72,1.72,10.501,10.501,0,0
record_event,,,3.72,3.72,0.0,0.0,0,0
record_event,,,2.43,2.43,0.22,0.22,0,0
npu::npu_dynamic_quant,,,29.43,47.94,0,4.18,0,0
empty_tensor,,,10.38,10.38,0,0,0,0
empty_tensor,,,4.65,4.65,0,0,0,0
aclnnDynamicQuantV2,,,3.48,3.48,4.18,4.18,0,0
npu::npu_quant_matmul,,,33.02,56.93,0,16.3405,0,0
empty_tensor,,,6.8,6.8,0,0,0,0
aten::empty,,,2.17,4.21,0,0,0,0
empty_tensor,,,2.04,2.04,0,0,0,0
aten::empty,,,0.94,2.48,0,0,0,0
empty_tensor,,,1.54,1.54,0,0,0,0
aclnnQuantMatmulWeightNz,,,10.42,10.42,16.3405,16.3405,0,0
_C_ascend::npu_rms_norm_dynamic_quant,,,48.04,102.39,0,7.54,0,0
aten::empty_like,,,5.75,16.74,0,0,0,0
aten::empty_strided,,,7.3,10.99,0,0,0,0
empty_tensor,,,3.69,3.69,0,0,0,0
aten::empty,,,1.49,5.2,0,0,0,0
empty_tensor,,,3.71,3.71,0,0,0,0
aten::empty,,,1.03,4.22,0,0,0,0
empty_tensor,,,3.19,3.19,0,0,0,0
aten::empty_like,,,2.09,7.56,0,0,0,0
aten::empty_strided,,,3.69,5.47,0,0,0,0
empty_tensor,,,1.78,1.78,0,0,0,0
aten::empty,,,1.87,9.79,0,0,0,0
empty_tensor,,,7.92,7.92,0,0,0,0
aclnnRmsNormDynamicQuant,,,10.84,10.84,7.54,7.54,0,0
npu::npu_quant_matmul,,,29.65,51.63,0,32.7405,0,0
empty_tensor,,,7.22,7.22,0,0,0,0
aten::empty,,,1.75,3.63,0,0,0,0
empty_tensor,,,1.88,1.88,0,0,0,0
aten::empty,,,0.98,2.44,0,0,0,0
empty_tensor,,,1.46,1.46,0,0,0,0
aclnnQuantMatmulWeightNz,,,8.69,8.69,32.7405,32.7405,0,0
aten::unflatten,,,6.27,12.1,0,0,0,0
aten::view,,,5.83,5.83,0,0,0,0
aten::view,,,2.92,2.92,0,0,0,0
aten::empty_like,,,4.11,14.0,0,0,0,0
aten::empty_strided,,,6.53,9.89,0,0,0,0
empty_tensor,,,3.36,3.36,0,0,0,0
triton_rms_kernel,,,14.76,14.76,13.5405,13.5405,0,0
aten::view,,,7.43,7.43,0,0,0,0
aten::unsqueeze,,,2.9,7.17,0,0,0,0
aten::as_strided,,,4.27,4.27,0,0,0,0
_C_ascend::inplace_partial_rotary_mul,,,41.55,71.35,0,5.24,0,0
aten::empty,,,3.5,17.85,0,0,0,0
empty_tensor,,,14.35,14.35,0,0,0,0
aclnnInplacePartialRotaryMul,,,11.95,11.95,5.24,5.24,0,0
wait_event,,,4.57,4.57,0.02,0.02,0,0
aten::slice,,,4.25,8.28,0,0,0,0
aten::as_strided,,,4.03,4.03,0,0,0,0
npu::npu_dynamic_quant,,,28.03,51.38,0,7.06,0,0
empty_tensor,,,9.5,9.5,0,0,0,0
empty_tensor,,,4.31,4.31,0,0,0,0
aclnnDynamicQuantV2,,,9.54,9.54,7.06,7.06,0,0
npu::npu_quant_matmul,,,29.67,52.35,0,14.5405,0,0
empty_tensor,,,7.39,7.39,0,0,0,0
aten::empty,,,2.22,4.29,0,0,0,0
empty_tensor,,,2.07,2.07,0,0,0,0
aten::empty,,,1.02,2.56,0,0,0,0
empty_tensor,,,1.54,1.54,0,0,0,0
aclnnQuantMatmulWeightNz,,,8.44,8.44,14.5405,14.5405,0,0
npu::npu_rms_norm,,,53.61,72.04,0,10.0405,0,0
empty_tensor,,,6.33,6.33,0,0,0,0
empty_tensor,,,3.18,3.18,0,0,0,0
aclnnRmsNorm,,,8.92,8.92,10.0405,10.0405,0,0
aten::view,,,5.64,5.64,0,0,0,0
aten::unsqueeze,,,2.82,6.58,0,0,0,0
aten::as_strided,,,3.76,3.76,0,0,0,0
aten::slice,,,3.01,5.35,0,0,0,0
aten::as_strided,,,2.34,2.34,0,0,0,0
aten::slice,,,1.0,2.7,0,0,0,0
aten::as_strided,,,1.7,1.7,0,0,0,0
_C_ascend::inplace_partial_rotary_mul,,,36.83,61.28,0,8.9805,0,0
aten::empty,,,3.25,13.73,0,0,0,0
empty_tensor,,,10.48,10.48,0,0,0,0
aclnnInplacePartialRotaryMul,,,10.72,10.72,8.9805,8.9805,0,0
_C_ascend::npu_scatter_nd_update_sk,,,33.47,55.62,0,26.721,0,0
aten::empty,,,2.66,12.38,0,0,0,0
empty_tensor,,,9.72,9.72,0,0,0,0
aclnnScatterNdUpdateSk,,,9.77,9.77,26.721,26.721,0,0
aten::squeeze,,,8.94,15.08,0,0,0,0
aten::as_strided,,,6.14,6.14,0,0,0,0
aten::view,,,4.47,4.47,0,0,0,0
aten::view,,,2.33,2.33,0,0,0,0
_C_ascend::compressor,,,47.11,82.91,0,52.861,0,0
aten::empty,,,4.48,13.65,0,0,0,0
empty_tensor,,,9.17,9.17,0,0,0,0
aten::empty,,,2.39,10.93,0,0,0,0
empty_tensor,,,8.54,8.54,0,0,0,0
aclnnCompressor,,,11.22,11.22,52.861,52.861,0,0
aten::reshape,,,1.76,6.68,0,0,0,0
aten::view,,,4.92,4.92,0,0,0,0
aten::linear,,,3.61,50.02,0,6.7,0,0
aten::t,,,4.65,11.56,0,0,0,0
aten::transpose,,,3.09,6.91,0,0,0,0
aten::as_strided,,,3.82,3.82,0,0,0,0
aten::matmul,,,18.76,34.85,0,6.7,0,0
empty_tensor,,,6.44,6.44,0,0,0,0
aclnnMatmul,,,9.65,9.65,6.7,6.7,0,0
aten::mul,,,15.69,32.29,0,0.96,0,0
empty_tensor,,,5.18,5.18,0,0,0,0
aten::item,,,1.86,4.02,0,0,0,0
aten::_local_scalar_dense,,,2.16,2.16,0,0,0,0
aclnnMuls,,,7.4,7.4,0.96,0.96,0,0
aten::alias,,,2.8,2.8,0,0,0,0
aten::reshape,,,1.19,5.21,0,0,0,0
aten::view,,,4.02,4.02,0,0,0,0
npu::npu_dynamic_quant,,,23.48,42.53,0,2.38,0,0
empty_tensor,,,6.4,6.4,0,0,0,0
empty_tensor,,,3.97,3.97,0,0,0,0
aclnnDynamicQuantV2,,,8.68,8.68,2.38,2.38,0,0
aten::unsqueeze,,,3.15,7.16,0,0,0,0
aten::as_strided,,,4.01,4.01,0,0,0,0
_C_ascend::npu_scatter_nd_update_sk,,,35.13,56.7,0,20.5405,0,0
aten::empty,,,2.96,11.92,0,0,0,0
empty_tensor,,,8.96,8.96,0,0,0,0
aclnnScatterNdUpdateSk,,,9.65,9.65,20.5405,20.5405,0,0
aten::to,,,1.94,38.7,0,0.88,0,0
aten::_to_copy,,,5.37,36.76,0,0.88,0,0
aten::empty_strided,,,7.64,11.0,0,0,0,0
empty_tensor,,,3.36,3.36,0,0,0,0
aten::copy_,,,13.01,20.39,0,0.88,0,0
aclnnInplaceCopy,,,7.38,7.38,0.88,0.88,0,0
aten::unsqueeze,,,2.74,6.31,0,0,0,0
aten::as_strided,,,3.57,3.57,0,0,0,0
_C_ascend::npu_scatter_nd_update_sk,,,29.46,48.79,0,20.1205,0,0
aten::empty,,,2.25,10.78,0,0,0,0
empty_tensor,,,8.53,8.53,0,0,0,0
aclnnScatterNdUpdateSk,,,8.55,8.55,20.1205,20.1205,0,0
npu::npu_quant_matmul,,,29.3,52.29,0,14.88,0,0
empty_tensor,,,7.22,7.22,0,0,0,0
aten::empty,,,1.66,3.69,0,0,0,0
empty_tensor,,,2.03,2.03,0,0,0,0
aten::empty,,,1.05,2.54,0,0,0,0
empty_tensor,,,1.49,1.49,0,0,0,0
aclnnQuantMatmulWeightNz,,,9.54,9.54,14.88,14.88,0,0
aten::view,,,4.79,4.79,0,0,0,0
aten::unsqueeze,,,2.68,6.44,0,0,0,0
aten::as_strided,,,3.76,3.76,0,0,0,0
_C_ascend::inplace_partial_rotary_mul,,,38.89,60.86,0,5.22,0,0
aten::empty,,,3.02,12.55,0,0,0,0
empty_tensor,,,9.53,9.53,0,0,0,0
aclnnInplacePartialRotaryMul,,,9.42,9.42,5.22,5.22,0,0
aten::reshape,,,1.74,6.78,0,0,0,0
aten::view,,,5.04,5.04,0,0,0,0
aten::linear,,,3.64,46.22,0,6.1605,0,0
aten::t,,,5.09,11.42,0,0,0,0
aten::transpose,,,2.63,6.33,0,0,0,0
aten::as_strided,,,3.7,3.7,0,0,0,0
aten::matmul,,,16.84,31.16,0,6.1605,0,0
empty_tensor,,,6.26,6.26,0,0,0,0
aclnnMatmul,,,8.06,8.06,6.1605,6.1605,0,0
aten::mul,,,17.76,32.67,0,5.84,0,0
empty_tensor,,,5.19,5.19,0,0,0,0
aten::item,,,1.58,2.8,0,0,0,0
aten::_local_scalar_dense,,,1.22,1.22,0,0,0,0
aclnnMuls,,,6.92,6.92,5.84,5.84,0,0
aten::alias,,,2.7,2.7,0,0,0,0
aten::reshape,,,1.36,5.15,0,0,0,0
aten::view,,,3.79,3.79,0,0,0,0
vllm::unquantized_gemm,,,17.14,65.6,0,10.62,0,0
aten::linear,,,3.34,48.46,0,10.62,0,0
aten::t,,,4.58,11.97,0,0,0,0
aten::transpose,,,2.71,7.39,0,0,0,0
aten::as_strided,,,4.68,4.68,0,0,0,0
aten::matmul,,,15.64,33.15,0,10.62,0,0
empty_tensor,,,7.95,7.95,0,0,0,0
aclnnMatmul,,,9.56,9.56,10.62,10.62,0,0
aten::mul,,,14.76,31.21,0,0.9,0,0
empty_tensor,,,6.58,6.58,0,0,0,0
aten::item,,,1.59,2.75,0,0,0,0
aten::_local_scalar_dense,,,1.16,1.16,0,0,0,0
aclnnMuls,,,7.12,7.12,0.9,0.9,0,0
npu::npu_dynamic_quant,,,23.78,41.4,0,6.6205,0,0
empty_tensor,,,6.16,6.16,0,0,0,0
empty_tensor,,,4.19,4.19,0,0,0,0
aclnnDynamicQuantV2,,,7.27,7.27,6.6205,6.6205,0,0
aten::to,,,1.61,41.28,0,1.02,0,0
aten::_to_copy,,,5.72,39.67,0,1.02,0,0
aten::empty_strided,,,7.09,10.2,0,0,0,0
empty_tensor,,,3.11,3.11,0,0,0,0
aten::copy_,,,16.05,23.75,0,1.02,0,0
aclnnInplaceCopy,,,7.7,7.7,1.02,1.02,0,0
aten::to,,,1.25,30.72,0,0.94,0,0
aten::_to_copy,,,3.41,29.47,0,0.94,0,0
aten::empty_strided,,,6.13,9.1,0,0,0,0
empty_tensor,,,2.97,2.97,0,0,0,0
aten::copy_,,,9.95,16.96,0,0.94,0,0
aclnnInplaceCopy,,,7.01,7.01,0.94,0.94,0,0
aten::squeeze,,,7.67,12.98,0,0,0,0
aten::as_strided,,,5.31,5.31,0,0,0,0
aten::to,,,1.12,1.12,0,0,0,0
aten::slice,,,6.43,9.36,0,0,0,0
aten::as_strided,,,2.93,2.93,0,0,0,0
_C_ascend::npu_vllm_quant_lightning_indexer,,,53.98,88.77,0,80.902,0,0
aten::empty,,,2.25,9.65,0,0,0,0
empty_tensor,,,7.4,7.4,0,0,0,0
aten::empty,,,1.13,3.01,0,0,0,0
empty_tensor,,,1.88,1.88,0,0,0,0
aten::empty,,,2.36,11.47,0,0,0,0
empty_tensor,,,9.11,9.11,0,0,0,0
aclnnVllmQuantLightningIndexer,,,10.66,10.66,80.902,80.902,0,0
aten::squeeze,,,7.27,12.87,0,0,0,0
aten::as_strided,,,5.6,5.6,0,0,0,0
aten::view,,,4.37,4.37,0,0,0,0
aten::view,,,2.17,2.17,0,0,0,0
_C_ascend::compressor,,,57.47,89.81,0,59.8815,0,0
aten::empty,,,2.55,10.92,0,0,0,0
empty_tensor,,,8.37,8.37,0,0,0,0
aten::empty,,,2.23,10.91,0,0,0,0
empty_tensor,,,8.68,8.68,0,0,0,0
aclnnCompressor,,,10.51,10.51,59.8815,59.8815,0,0
_C_ascend::npu_scatter_nd_update_sk,,,32.56,53.95,0,16.7405,0,0
aten::empty,,,2.37,11.41,0,0,0,0
empty_tensor,,,9.04,9.04,0,0,0,0
aclnnScatterNdUpdateSk,,,9.98,9.98,16.7405,16.7405,0,0
_C_ascend::npu_sparse_attn_sharedkv,,,46.29,79.44,0,42.741,0,0
aten::empty,,,2.06,8.72,0,0,0,0
empty_tensor,,,6.66,6.66,0,0,0,0
aten::empty,,,1.28,3.18,0,0,0,0
empty_tensor,,,1.9,1.9,0,0,0,0
aten::empty,,,2.06,10.63,0,0,0,0
empty_tensor,,,8.57,8.57,0,0,0,0
aclnnSparseAttnSharedkv,,,10.62,10.62,42.741,42.741,0,0
destroy_event,,,2.47,2.47,0,0,0,0
aten::unsqueeze,,,3.8,8.87,0,0,0,0
aten::as_strided,,,5.07,5.07,0,0,0,0
aten::neg,,,14.15,29.41,0,1.06,0,0
empty_tensor,,,6.75,6.75,0,0,0,0
aclnnNeg,,,8.51,8.51,1.06,1.06,0,0
_C_ascend::inplace_partial_rotary_mul,,,37.41,59.81,0,5.2,0,0
aten::empty,,,2.84,12.56,0,0,0,0
empty_tensor,,,9.72,9.72,0,0,0,0
aclnnInplacePartialRotaryMul,,,9.84,9.84,5.2,5.2,0,0
aten::view,,,5.7,5.7,0,0,0,0
aten::permute,,,3.21,7.95,0,0,0,0
aten::as_strided,,,4.74,4.74,0,0,0,0
aten::contiguous,,,2.62,39.59,0,11.9605,0,0
aten::clone,,,4.37,36.97,0,11.9605,0,0
empty_tensor,,,6.1,6.1,0,0,0,0
aten::copy_,,,18.71,26.5,0,11.9605,0,0
aclnnInplaceCopy,,,7.79,7.79,11.9605,11.9605,0,0
aten::view,,,3.51,3.51,0,0,0,0
aten::empty_like,,,4.84,14.14,0,0,0,0
aten::empty_strided,,,6.39,9.3,0,0,0,0
empty_tensor,,,2.91,2.91,0,0,0,0
c10d::alltoall_base_,,,57.21,80.67,0,13.26,0,0
record_event,,,10.3,10.3,0.32,0.32,0,0
wait_event,,,3.54,3.54,0.02,0.02,0,0
HcclAlltoAll,,,2.07,3.67,0,12.92,0,0
HcclAlltoAll,,,1.6,1.6,12.92,12.92,0,0
record_event,,,3.4,3.4,0.0,0.0,0,0
record_event,,,2.55,2.55,0.0,0.0,0,0
wait_event,,,3.42,3.42,0.02,0.02,0,0
destroy_event,,,1.79,1.79,0,0,0,0
aten::view,,,5.05,5.05,0,0,0,0
npu::npu_transpose_batchmatmul,,,30.43,51.43,0,33.881,0,0
empty_tensor,,,10.55,10.55,0,0,0,0
aclnnTransposeBatchMatMul,,,10.45,10.45,33.881,33.881,0,0
aten::reshape,,,1.54,6.28,0,0,0,0
aten::view,,,4.74,4.74,0,0,0,0
vllm::matmul_and_reduce,,,143.48,460.42,0,28.6005,0,0
vllm::unquantized_gemm,,,16.88,76.11,0,15.9005,0,0
aten::linear,,,4.37,59.23,0,15.9005,0,0
aten::t,,,5.54,15.0,0,0,0,0
aten::transpose,,,3.27,9.46,0,0,0,0
aten::as_strided,,,6.19,6.19,0,0,0,0
aten::matmul,,,19.0,39.86,0,15.9005,0,0
empty_tensor,,,10.38,10.38,0,0,0,0
aclnnMatmul,,,10.48,10.48,15.9005,15.9005,0,0
vllm::reduce_scatter,,,116.67,240.83,0,12.7,0,0
aten::movedim,,,1.61,10.63,0,0,0,0
aten::movedim,,,2.55,9.02,0,0,0,0
aten::permute,,,2.64,6.47,0,0,0,0
aten::as_strided,,,3.83,3.83,0,0,0,0
aten::empty,,,2.74,12.67,0,0,0,0
empty_tensor,,,9.93,9.93,0,0,0,0
c10d::_reduce_scatter_base_,,,53.74,81.52,0,12.68,0,0
record_event,,,13.23,13.23,0.22,0.22,0,0
wait_event,,,3.28,3.28,0.02,0.02,0,0
HcclReduceScatterBase,,,2.73,4.82,0,12.18,0,0
HcclReduceScatter,,,2.09,2.09,12.18,12.18,0,0
record_event,,,3.72,3.72,0.02,0.02,0,0
record_event,,,2.73,2.73,0.24,0.24,0,0
wait_event,,,3.3,3.3,0.02,0.02,0,0
destroy_event,,,1.71,1.71,0,0,0,0
aten::movedim,,,1.48,14.33,0,0,0,0
aten::movedim,,,2.27,12.85,0,0,0,0
aten::permute,,,6.01,10.58,0,0,0,0
aten::as_strided,,,4.57,4.57,0,0,0,0
aten::copy_,,,54.76,65.2,0,0.74,0,0
aclnnInplaceCopy,,,10.44,10.44,0.74,0.74,0,0
aten::unsqueeze,,,4.48,9.12,0,0,0,0
aten::as_strided,,,4.64,4.64,0,0,0,0
aten::unsqueeze,,,2.29,3.81,0,0,0,0
aten::as_strided,,,1.52,1.52,0,0,0,0
aten::unsqueeze,,,1.84,3.36,0,0,0,0
aten::as_strided,,,1.52,1.52,0,0,0,0
aten::detach,,,4.13,4.13,0,0,0,0
aten::reshape,,,4.62,8.04,0,0,0,0
aten::view,,,3.42,3.42,0,0,0,0
aten::unsqueeze,,,2.14,3.82,0,0,0,0
aten::as_strided,,,1.68,1.68,0,0,0,0
_C_ascend::npu_hc_post,,,37.31,74.77,0,7.6,0,0
aten::empty,,,2.69,13.75,0,0,0,0
empty_tensor,,,11.06,11.06,0,0,0,0
aten::empty,,,2.29,12.09,0,0,0,0
empty_tensor,,,9.8,9.8,0,0,0,0
aclnnHcPost,,,11.62,11.62,7.6,7.6,0,0
aten::squeeze,,,4.67,7.08,0,0,0,0
aten::as_strided,,,2.41,2.41,0,0,0,0
_C_ascend::npu_hc_pre_v2,,,35.62,71.84,0,33.8605,0,0
aten::empty,,,1.84,8.03,0,0,0,0
empty_tensor,,,6.19,6.19,0,0,0,0
aten::empty,,,1.11,4.44,0,0,0,0
empty_tensor,,,3.33,3.33,0,0,0,0
aten::empty,,,1.08,4.01,0,0,0,0
empty_tensor,,,2.93,2.93,0,0,0,0
aten::empty,,,2.03,9.98,0,0,0,0
empty_tensor,,,7.95,7.95,0,0,0,0
aclnnHcPre,,,9.76,9.76,33.8605,33.8605,0,0
npu::npu_rms_norm,,,47.17,65.34,0,5.3405,0,0
empty_tensor,,,5.72,5.72,0,0,0,0
empty_tensor,,,3.61,3.61,0,0,0,0
aclnnRmsNorm,,,8.84,8.84,5.3405,5.3405,0,0
aten::reshape,,,4.53,8.8,0,0,0,0
aten::view,,,4.27,4.27,0,0,0,0
vllm::moe_forward_shared,,,1910.56,4755.44,0,413.6275,0,0
aten::to,,,2.03,45.96,0,5.88,0,0
aten::_to_copy,,,5.45,43.93,0,5.88,0,0
aten::empty_strided,,,9.44,13.46,0,0,0,0
empty_tensor,,,4.02,4.02,0,0,0,0
aten::copy_,,,14.7,25.02,0,5.88,0,0
aclnnInplaceCopy,,,10.32,10.32,5.88,5.88,0,0
Event::record,,,77.59,89.21,0,0.2,0,0
record_event,,,11.62,11.62,0.2,0.2,0,0
aten::linear,,,4.65,58.41,0,11.5,0,0
aten::t,,,5.57,14.09,0,0,0,0
aten::transpose,,,2.74,8.52,0,0,0,0
aten::as_strided,,,5.78,5.78,0,0,0,0
aten::matmul,,,19.67,39.67,0,11.5,0,0
empty_tensor,,,10.65,10.65,0,0,0,0
aclnnMatmul,,,9.35,9.35,11.5,11.5,0,0
Event::record,,,69.15,80.33,0,0.02,0,0
record_event,,,11.18,11.18,0.02,0.02,0,0
vllm::maybe_all_gather_and_maybe_unpad,,,45.64,303.0,0,16.4405,0,0
vllm::all_gather,,,129.27,257.36,0,16.4405,0,0
aten::empty,,,3.91,17.84,0,0,0,0
empty_tensor,,,13.93,13.93,0,0,0,0
c10d::_allgather_base_,,,54.48,81.69,0,16.4205,0,0
record_event,,,13.21,13.21,0.02,0.02,0,0
wait_event,,,3.26,3.26,5.4405,5.4405,0,0
HcclAllgatherBase,,,3.09,4.91,0,10.72,0,0
HcclAllGather,,,1.82,1.82,10.72,10.72,0,0
record_event,,,3.5,3.5,0.02,0.02,0,0
record_event,,,2.33,2.33,0.22,0.22,0,0
wait_event,,,2.98,2.98,0.02,0.02,0,0
destroy_event,,,1.75,1.75,0,0,0,0
aten::reshape,,,1.73,8.3,0,0,0,0
aten::view,,,6.57,6.57,0,0,0,0
aten::movedim,,,1.6,11.43,0,0,0,0
aten::movedim,,,2.78,9.83,0,0,0,0
aten::permute,,,3.04,7.05,0,0,0,0
aten::as_strided,,,4.01,4.01,0,0,0,0
aten::reshape,,,1.02,4.1,0,0,0,0
aten::view,,,3.08,3.08,0,0,0,0
vllm::maybe_all_gather_and_maybe_unpad,,,39.52,278.35,0,12.5605,0,0
vllm::all_gather,,,116.66,238.83,0,12.5605,0,0
aten::empty,,,3.0,15.51,0,0,0,0
empty_tensor,,,12.51,12.51,0,0,0,0
c10d::_allgather_base_,,,50.35,79.97,0,12.5405,0,0
record_event,,,12.55,12.55,0.0,0.0,0,0
wait_event,,,2.99,2.99,6.5005,6.5005,0,0
HcclAllgatherBase,,,2.75,8.17,0,5.84,0,0
HcclAllGather,,,5.42,5.42,5.84,5.84,0,0
record_event,,,3.42,3.42,0.2,0.2,0,0
record_event,,,2.49,2.49,0.0,0.0,0,0
wait_event,,,3.38,3.38,0.02,0.02,0,0
destroy_event,,,1.55,1.55,0,0,0,0
aten::reshape,,,1.71,7.16,0,0,0,0
aten::view,,,5.45,5.45,0,0,0,0
aten::movedim,,,1.52,10.84,0,0,0,0
aten::movedim,,,2.26,9.32,0,0,0,0
aten::permute,,,2.93,7.06,0,0,0,0
aten::as_strided,,,4.13,4.13,0,0,0,0
aten::reshape,,,0.87,3.76,0,0,0,0
aten::view,,,2.89,2.89,0,0,0,0
_C_ascend::moe_gating_top_k_hash,,,43.67,82.43,0,13.76,0,0
aten::empty,,,2.97,17.29,0,0,0,0
empty_tensor,,,14.32,14.32,0,0,0,0
aten::empty,,,1.24,4.97,0,0,0,0
empty_tensor,,,3.73,3.73,0,0,0,0
aten::empty,,,1.05,4.81,0,0,0,0
empty_tensor,,,3.76,3.76,0,0,0,0
aclnnMoeGatingTopKHash,,,11.69,11.69,13.76,13.76,0,0
aten::to,,,1.88,45.88,0,1.0,0,0
aten::_to_copy,,,5.54,44.0,0,1.0,0,0
aten::empty_strided,,,8.28,13.22,0,0,0,0
empty_tensor,,,4.94,4.94,0,0,0,0
aten::copy_,,,16.73,25.24,0,1.0,0,0
aclnnInplaceCopy,,,8.51,8.51,1.0,1.0,0,0
aten::detach,,,4.27,4.27,0,0,0,0
aten::detach,,,1.13,1.13,0,0,0,0
Event::record,,,83.25,96.21,0,0.2,0,0
record_event,,,12.96,12.96,0.2,0.2,0,0
aten::index,,,31.79,54.98,0,19.22,0,0
empty_tensor,,,6.07,6.07,0,0,0,0
empty_tensor,,,7.58,7.58,0,0,0,0
aclnnIndex,,,9.54,9.54,19.22,19.22,0,0
aten::ne,,,10.75,22.74,0,1.4,0,0
empty_tensor,,,5.75,5.75,0,0,0,0
aclnnNeScalar,,,6.24,6.24,1.4,1.4,0,0
aten::mul,,,15.07,24.65,0,2.12,0,0
empty_tensor,,,4.46,4.46,0,0,0,0
aclnnMul,,,5.12,5.12,2.12,2.12,0,0
npu::npu_moe_init_routing_v2,,,24.08,48.66,0,27.6205,0,0
empty_tensor,,,8.03,8.03,0,0,0,0
empty_tensor,,,3.06,3.06,0,0,0,0
empty_tensor,,,2.98,2.98,0,0,0,0
empty_tensor,,,3.21,3.21,0,0,0,0
aclnnMoeInitRoutingV3,,,7.3,7.3,27.6205,27.6205,0,0
aten::to,,,1.56,1.56,0,0,0,0
_C_ascend::grouped_matmul_swiglu_quant_v2,,,191.63,240.8,0,144.523,0,0
aten::empty,,,3.1,12.71,0,0,0,0
empty_tensor,,,9.61,9.61,0,0,0,0
aten::empty,,,1.2,4.61,0,0,0,0
empty_tensor,,,3.41,3.41,0,0,0,0
aten::empty,,,3.88,19.53,0,0,0,0
empty_tensor,,,15.65,15.65,0,0,0,0
aclnnGroupedMatmulSwigluQuantWeightNzV2,,,12.32,12.32,144.523,144.523,0,0
Event::record,,,78.95,92.47,0,0.22,0,0
record_event,,,13.52,13.52,0.22,0.22,0,0
npu::npu_grouped_matmul,,,41.0,68.59,0,81.4015,0,0
empty_tensor,,,15.76,15.76,0,0,0,0
npu::get_npu_format,,,1.76,1.76,0,0,0,0
aclnnGroupedMatmulWeightNz,,,10.07,10.07,81.4015,81.4015,0,0
Event::record,,,71.6,85.37,0,0.02,0,0
record_event,,,13.77,13.77,0.02,0.02,0,0
aten::abs,,,15.44,35.41,0,1.0,0,0
empty_tensor,,,10.9,10.9,0,0,0,0
aclnnAbs,,,9.07,9.07,1.0,1.0,0,0
npu::npu_moe_token_unpermute,,,70.01,86.95,0,13.1805,0,0
empty_tensor,,,7.58,7.58,0,0,0,0
aclnnMoeTokenUnpermute,,,9.36,9.36,13.1805,13.1805,0,0
vllm::maybe_pad_and_reduce,,,39.61,283.24,0,12.58,0,0
vllm::reduce_scatter,,,116.04,243.63,0,12.58,0,0
aten::movedim,,,1.53,13.44,0,0,0,0
aten::movedim,,,2.64,11.91,0,0,0,0
aten::permute,,,3.43,9.27,0,0,0,0
aten::as_strided,,,5.84,5.84,0,0,0,0
aten::empty,,,2.96,13.84,0,0,0,0
empty_tensor,,,10.88,10.88,0,0,0,0
c10d::_reduce_scatter_base_,,,54.71,83.48,0,12.559999999999999,0,0
record_event,,,12.88,12.88,0.02,0.02,0,0
wait_event,,,3.03,3.03,0.02,0.02,0,0
HcclReduceScatterBase,,,2.94,5.23,0,12.28,0,0
HcclReduceScatter,,,2.29,2.29,12.28,12.28,0,0
record_event,,,5.21,5.21,0.22,0.22,0,0
record_event,,,2.42,2.42,0.02,0.02,0,0
wait_event,,,3.29,3.29,0.02,0.02,0,0
destroy_event,,,1.72,1.72,0,0,0,0
aten::movedim,,,1.43,11.82,0,0,0,0
aten::movedim,,,2.5,10.39,0,0,0,0
aten::permute,,,3.01,7.89,0,0,0,0
aten::as_strided,,,4.88,4.88,0,0,0,0
Event::wait,,,63.41,76.88,0,0.02,0,0
wait_event,,,13.47,13.47,0.02,0.02,0,0
npu::npu_dynamic_quant,,,29.53,56.11,0,4.3,0,0
empty_tensor,,,12.7,12.7,0,0,0,0
empty_tensor,,,3.93,3.93,0,0,0,0
aclnnDynamicQuantV2,,,9.95,9.95,4.3,4.3,0,0
Event::wait,,,59.34,72.24,0,0.02,0,0
wait_event,,,12.9,12.9,0.02,0.02,0,0
npu::npu_quant_matmul,,,35.14,62.82,0,19.6805,0,0
empty_tensor,,,10.92,10.92,0,0,0,0
aten::empty,,,2.49,4.68,0,0,0,0
empty_tensor,,,2.19,2.19,0,0,0,0
aten::empty,,,1.05,2.59,0,0,0,0
empty_tensor,,,1.54,1.54,0,0,0,0
aclnnQuantMatmulWeightNz,,,9.49,9.49,19.6805,19.6805,0,0
Event::wait,,,55.71,66.67,0,0.22,0,0
wait_event,,,10.96,10.96,0.22,0.22,0,0
_C_ascend::npu_dequant_swiglu_quant,,,47.57,87.78,0,5.28,0,0
aten::empty,,,2.86,13.55,0,0,0,0
empty_tensor,,,10.69,10.69,0,0,0,0
aten::empty,,,1.31,6.3,0,0,0,0
empty_tensor,,,4.99,4.99,0,0,0,0
aten::empty,,,2.32,9.71,0,0,0,0
empty_tensor,,,7.39,7.39,0,0,0,0
aclnnDequantSwigluQuantV2,,,10.65,10.65,5.28,5.28,0,0
Event::wait,,,59.89,71.35,0,0.0,0,0
wait_event,,,11.46,11.46,0.0,0.0,0,0
npu::npu_quant_matmul,,,34.91,61.03,0,19.0205,0,0
empty_tensor,,,10.88,10.88,0,0,0,0
aten::empty,,,2.26,4.32,0,0,0,0
empty_tensor,,,2.06,2.06,0,0,0,0
aten::empty,,,0.97,2.63,0,0,0,0
empty_tensor,,,1.66,1.66,0,0,0,0
aclnnQuantMatmulWeightNz,,,8.29,8.29,19.0205,19.0205,0,0
Event::record,,,70.04,81.5,0,0.22,0,0
record_event,,,11.46,11.46,0.22,0.22,0,0
Event::wait,,,45.16,56.1,0,0.02,0,0
wait_event,,,10.94,10.94,0.02,0.02,0,0
destroy_event,,,6.19,6.19,0,0,0,0
destroy_event,,,6.52,6.52,0,0,0,0
destroy_event,,,1.6,1.6,0,0,0,0
destroy_event,,,1.43,1.43,0,0,0,0
destroy_event,,,3.06,3.06,0,0,0,0
destroy_event,,,3.0,3.0,0,0,0,0
aten::add,,,22.4,41.54,0,7.46,0,0
empty_tensor,,,10.93,10.93,0,0,0,0
aclnnAdd,,,8.21,8.21,7.46,7.46,0,0
vllm::maybe_all_reduce_tensor_model_parallel,,,24.64,24.64,0,0,0,0
aten::unsqueeze,,,4.97,9.08,0,0,0,0
aten::as_strided,,,4.11,4.11,0,0,0,0
aten::unsqueeze,,,2.49,4.43,0,0,0,0
aten::as_strided,,,1.94,1.94,0,0,0,0
aten::unsqueeze,,,2.23,3.77,0,0,0,0
aten::as_strided,,,1.54,1.54,0,0,0,0
aten::unsqueeze,,,2.01,3.54,0,0,0,0
aten::as_strided,,,1.53,1.53,0,0,0,0
_C_ascend::npu_hc_post,,,41.29,76.34,0,7.3205,0,0
aten::empty,,,2.86,12.11,0,0,0,0
empty_tensor,,,9.25,9.25,0,0,0,0
aten::empty,,,2.27,12.91,0,0,0,0
empty_tensor,,,10.64,10.64,0,0,0,0
aclnnHcPost,,,10.03,10.03,7.3205,7.3205,0,0
aten::squeeze,,,4.59,7.33,0,0,0,0
aten::as_strided,,,2.74,2.74,0,0,0,0
_C_ascend::npu_hc_pre_v2,,,38.28,76.31,0,32.9405,0,0
aten::empty,,,2.24,9.07,0,0,0,0
empty_tensor,,,6.83,6.83,0,0,0,0
aten::empty,,,1.22,4.67,0,0,0,0
empty_tensor,,,3.45,3.45,0,0,0,0
aten::empty,,,1.2,4.68,0,0,0,0
empty_tensor,,,3.48,3.48,0,0,0,0
aten::empty,,,2.1,9.7,0,0,0,0
empty_tensor,,,7.6,7.6,0,0,0,0
aclnnHcPre,,,9.91,9.91,32.9405,32.9405,0,0
npu::npu_rms_norm,,,50.12,68.82,0,4.78,0,0
empty_tensor,,,6.42,6.42,0,0,0,0
empty_tensor,,,3.69,3.69,0,0,0,0
aclnnRmsNorm,,,8.59,8.59,4.78,4.78,0,0
aten::empty,,,5.61,11.86,0,0,0,0
empty_tensor,,,6.25,6.25,0,0,0,0
aten::alias,,,4.19,4.19,0,0,0,0
vllm::dsa_forward,,,1491.96,3379.52,0,360.7085,0,0
aten::empty,,,2.65,12.63,0,0,0,0
empty_tensor,,,9.98,9.98,0,0,0,0
c10d::_allgather_base_,,,55.47,83.86,0,17.221,0,0
record_event,,,14.01,14.01,0.02,0.02,0,0
wait_event,,,3.23,3.23,6.36,6.36,0,0
HcclAllgatherBase,,,3.08,5.23,0,10.801,0,0
HcclAllGather,,,2.15,2.15,10.801,10.801,0,0
record_event,,,3.47,3.47,0.02,0.02,0,0
record_event,,,2.45,2.45,0.02,0.02,0,0
npu::npu_dynamic_quant,,,28.79,47.67,0,4.04,0,0
empty_tensor,,,9.55,9.55,0,0,0,0
empty_tensor,,,4.41,4.41,0,0,0,0
aclnnDynamicQuantV2,,,4.92,4.92,4.04,4.04,0,0
npu::npu_quant_matmul,,,29.18,52.71,0,17.6405,0,0
empty_tensor,,,6.72,6.72,0,0,0,0
aten::empty,,,2.27,4.21,0,0,0,0
empty_tensor,,,1.94,1.94,0,0,0,0
aten::empty,,,0.96,2.62,0,0,0,0
empty_tensor,,,1.66,1.66,0,0,0,0
aclnnQuantMatmulWeightNz,,,9.98,9.98,17.6405,17.6405,0,0
_C_ascend::npu_rms_norm_dynamic_quant,,,45.82,100.0,0,6.96,0,0
aten::empty_like,,,5.42,16.69,0,0,0,0
aten::empty_strided,,,7.75,11.27,0,0,0,0
empty_tensor,,,3.52,3.52,0,0,0,0
aten::empty,,,1.42,4.92,0,0,0,0
empty_tensor,,,3.5,3.5,0,0,0,0
aten::empty,,,0.97,3.74,0,0,0,0
empty_tensor,,,2.77,2.77,0,0,0,0
aten::empty_like,,,2.03,7.07,0,0,0,0
aten::empty_strided,,,3.47,5.04,0,0,0,0
empty_tensor,,,1.57,1.57,0,0,0,0
aten::empty,,,2.08,10.62,0,0,0,0
empty_tensor,,,8.54,8.54,0,0,0,0
aclnnRmsNormDynamicQuant,,,11.14,11.14,6.96,6.96,0,0
npu::npu_quant_matmul,,,29.82,54.91,0,32.1205,0,0
empty_tensor,,,6.9,6.9,0,0,0,0
aten::empty,,,1.64,3.44,0,0,0,0
empty_tensor,,,1.8,1.8,0,0,0,0
aten::empty,,,1.11,5.78,0,0,0,0
empty_tensor,,,4.67,4.67,0,0,0,0
aclnnQuantMatmulWeightNz,,,8.97,8.97,32.1205,32.1205,0,0
aten::unflatten,,,5.56,11.1,0,0,0,0
aten::view,,,5.54,5.54,0,0,0,0
aten::view,,,2.9,2.9,0,0,0,0
aten::empty_like,,,4.65,16.29,0,0,0,0
aten::empty_strided,,,8.06,11.64,0,0,0,0
empty_tensor,,,3.58,3.58,0,0,0,0
triton_rms_kernel,,,14.09,14.09,13.2205,13.2205,0,0
aten::view,,,7.13,7.13,0,0,0,0
aten::unsqueeze,,,3.09,7.53,0,0,0,0
aten::as_strided,,,4.44,4.44,0,0,0,0
_C_ascend::inplace_partial_rotary_mul,,,42.21,70.42,0,5.5,0,0
aten::empty,,,3.43,17.25,0,0,0,0
empty_tensor,,,13.82,13.82,0,0,0,0
aclnnInplacePartialRotaryMul,,,10.96,10.96,5.5,5.5,0,0
wait_event,,,4.71,4.71,0,0,0,0
aten::slice,,,4.06,8.32,0,0,0,0
aten::as_strided,,,4.26,4.26,0,0,0,0
npu::npu_dynamic_quant,,,28.04,51.58,0,7.02,0,0
empty_tensor,,,9.95,9.95,0,0,0,0
empty_tensor,,,4.17,4.17,0,0,0,0
aclnnDynamicQuantV2,,,9.42,9.42,7.02,7.02,0,0
npu::npu_quant_matmul,,,30.58,56.83,0,13.4605,0,0
empty_tensor,,,7.13,7.13,0,0,0,0
aten::empty,,,2.18,4.36,0,0,0,0
empty_tensor,,,2.18,2.18,0,0,0,0
aten::empty,,,1.04,2.52,0,0,0,0
empty_tensor,,,1.48,1.48,0,0,0,0
aclnnQuantMatmulWeightNz,,,12.24,12.24,13.4605,13.4605,0,0
npu::npu_rms_norm,,,53.96,72.34,0,10.6005,0,0
empty_tensor,,,6.67,6.67,0,0,0,0
empty_tensor,,,3.03,3.03,0,0,0,0
aclnnRmsNorm,,,8.68,8.68,10.6005,10.6005,0,0
aten::view,,,5.32,5.32,0,0,0,0
aten::unsqueeze,,,2.91,6.69,0,0,0,0
aten::as_strided,,,3.78,3.78,0,0,0,0
aten::slice,,,3.02,5.28,0,0,0,0
aten::as_strided,,,2.26,2.26,0,0,0,0
aten::slice,,,1.19,2.96,0,0,0,0
aten::as_strided,,,1.77,1.77,0,0,0,0
_C_ascend::inplace_partial_rotary_mul,,,36.92,62.1,0,10.7605,0,0
aten::empty,,,2.99,13.82,0,0,0,0
empty_tensor,,,10.83,10.83,0,0,0,0
aclnnInplacePartialRotaryMul,,,11.36,11.36,10.7605,10.7605,0,0
_C_ascend::npu_scatter_nd_update_sk,,,32.01,53.56,0,25.5605,0,0
aten::empty,,,2.53,12.1,0,0,0,0
empty_tensor,,,9.57,9.57,0,0,0,0
aclnnScatterNdUpdateSk,,,9.45,9.45,25.5605,25.5605,0,0
aten::squeeze,,,8.44,13.36,0,0,0,0
aten::as_strided,,,4.92,4.92,0,0,0,0
aten::view,,,4.28,4.28,0,0,0,0
aten::view,,,2.29,2.29,0,0,0,0
_C_ascend::compressor,,,47.62,80.98,0,41.8005,0,0
aten::empty,,,2.27,11.62,0,0,0,0
empty_tensor,,,9.35,9.35,0,0,0,0
aten::empty,,,2.14,11.02,0,0,0,0
empty_tensor,,,8.88,8.88,0,0,0,0
aclnnCompressor,,,10.72,10.72,41.8005,41.8005,0,0
_C_ascend::npu_scatter_nd_update_sk,,,32.2,53.44,0,15.5805,0,0
aten::empty,,,2.32,11.62,0,0,0,0
empty_tensor,,,9.3,9.3,0,0,0,0
aclnnScatterNdUpdateSk,,,9.62,9.62,15.5805,15.5805,0,0
_C_ascend::npu_sparse_attn_sharedkv,,,43.99,77.09,0,32.6405,0,0
aten::empty,,,2.12,9.96,0,0,0,0
empty_tensor,,,7.84,7.84,0,0,0,0
aten::empty,,,1.07,3.07,0,0,0,0
empty_tensor,,,2.0,2.0,0,0,0,0
aten::empty,,,1.9,9.42,0,0,0,0
empty_tensor,,,7.52,7.52,0,0,0,0
aclnnSparseAttnSharedkv,,,10.65,10.65,32.6405,32.6405,0,0
destroy_event,,,2.77,2.77,0,0,0,0
aten::unsqueeze,,,3.93,8.69,0,0,0,0
aten::as_strided,,,4.76,4.76,0,0,0,0
aten::neg,,,14.55,29.56,0,0.88,0,0
empty_tensor,,,6.3,6.3,0,0,0,0
aclnnNeg,,,8.71,8.71,0.88,0.88,0,0
_C_ascend::inplace_partial_rotary_mul,,,36.16,57.48,0,6.0405,0,0
aten::empty,,,2.62,11.8,0,0,0,0
empty_tensor,,,9.18,9.18,0,0,0,0
aclnnInplacePartialRotaryMul,,,9.52,9.52,6.0405,6.0405,0,0
aten::view,,,5.62,5.62,0,0,0,0
aten::permute,,,2.97,7.6,0,0,0,0
aten::as_strided,,,4.63,4.63,0,0,0,0
aten::contiguous,,,2.56,41.87,0,12.0405,0,0
aten::clone,,,4.36,39.31,0,12.0405,0,0
empty_tensor,,,7.67,7.67,0,0,0,0
aten::copy_,,,19.35,27.28,0,12.0405,0,0
aclnnInplaceCopy,,,7.93,7.93,12.0405,12.0405,0,0
aten::view,,,3.82,3.82,0,0,0,0
aten::empty_like,,,4.79,14.23,0,0,0,0
aten::empty_strided,,,6.74,9.44,0,0,0,0
empty_tensor,,,2.7,2.7,0,0,0,0
c10d::alltoall_base_,,,58.98,81.93,0,20.3005,0,0
record_event,,,10.47,10.47,0.02,0.02,0,0
wait_event,,,3.32,3.32,7.0405,7.0405,0,0
HcclAlltoAll,,,2.09,3.63,0,13.2,0,0
HcclAlltoAll,,,1.54,1.54,13.2,13.2,0,0
record_event,,,3.29,3.29,0.02,0.02,0,0
record_event,,,2.24,2.24,0.02,0.02,0,0
wait_event,,,3.23,3.23,0.02,0.02,0,0
destroy_event,,,1.67,1.67,0,0,0,0
aten::view,,,5.12,5.12,0,0,0,0
npu::npu_transpose_batchmatmul,,,30.46,52.77,0,33.7805,0,0
empty_tensor,,,12.47,12.47,0,0,0,0
aclnnTransposeBatchMatMul,,,9.84,9.84,33.7805,33.7805,0,0
aten::reshape,,,1.46,5.95,0,0,0,0
aten::view,,,4.49,4.49,0,0,0,0
vllm::matmul_and_reduce,,,144.87,457.58,0,32.8005,0,0
vllm::unquantized_gemm,,,16.21,75.1,0,16.9005,0,0
aten::linear,,,4.27,58.89,0,16.9005,0,0
aten::t,,,5.47,14.66,0,0,0,0
aten::transpose,,,3.0,9.19,0,0,0,0
aten::as_strided,,,6.19,6.19,0,0,0,0
aten::matmul,,,19.03,39.96,0,16.9005,0,0
empty_tensor,,,9.99,9.99,0,0,0,0
aclnnMatmul,,,10.94,10.94,16.9005,16.9005,0,0
vllm::reduce_scatter,,,115.38,237.61,0,15.9,0,0
aten::movedim,,,1.49,10.95,0,0,0,0
aten::movedim,,,2.53,9.46,0,0,0,0
aten::permute,,,2.81,6.93,0,0,0,0
aten::as_strided,,,4.12,4.12,0,0,0,0
aten::empty,,,2.65,13.15,0,0,0,0
empty_tensor,,,10.5,10.5,0,0,0,0
c10d::_reduce_scatter_base_,,,53.35,81.73,0,15.88,0,0
record_event,,,12.45,12.45,0.02,0.02,0,0
wait_event,,,3.31,3.31,2.52,2.52,0,0
HcclReduceScatterBase,,,2.98,5.16,0,13.3,0,0
HcclReduceScatter,,,2.18,2.18,13.3,13.3,0,0
record_event,,,4.98,4.98,0.02,0.02,0,0
record_event,,,2.48,2.48,0.02,0.02,0,0
wait_event,,,3.0,3.0,0.02,0.02,0,0
destroy_event,,,1.97,1.97,0,0,0,0
aten::movedim,,,1.46,11.43,0,0,0,0
aten::movedim,,,2.36,9.97,0,0,0,0
aten::permute,,,2.93,7.61,0,0,0,0
aten::as_strided,,,4.68,4.68,0,0,0,0
aten::copy_,,,54.3,65.3,0,0.72,0,0
aclnnInplaceCopy,,,11.0,11.0,0.72,0.72,0,0
aten::unsqueeze,,,4.43,8.13,0,0,0,0
aten::as_strided,,,3.7,3.7,0,0,0,0
aten::unsqueeze,,,2.27,3.86,0,0,0,0
aten::as_strided,,,1.59,1.59,0,0,0,0
aten::unsqueeze,,,1.96,3.46,0,0,0,0
aten::as_strided,,,1.5,1.5,0,0,0,0
aten::detach,,,3.67,3.67,0,0,0,0
aten::reshape,,,4.16,7.57,0,0,0,0
aten::view,,,3.41,3.41,0,0,0,0
aten::unsqueeze,,,2.12,4.5,0,0,0,0
aten::as_strided,,,2.38,2.38,0,0,0,0
_C_ascend::npu_hc_post,,,39.08,75.35,0,7.68,0,0
aten::empty,,,2.63,13.01,0,0,0,0
empty_tensor,,,10.38,10.38,0,0,0,0
aten::empty,,,2.2,12.13,0,0,0,0
empty_tensor,,,9.93,9.93,0,0,0,0
aclnnHcPost,,,11.13,11.13,7.68,7.68,0,0
aten::squeeze,,,4.52,7.02,0,0,0,0
aten::as_strided,,,2.5,2.5,0,0,0,0
_C_ascend::npu_hc_pre_v2,,,36.81,73.92,0,31.5405,0,0
aten::empty,,,2.16,8.5,0,0,0,0
empty_tensor,,,6.34,6.34,0,0,0,0
aten::empty,,,1.19,4.65,0,0,0,0
empty_tensor,,,3.46,3.46,0,0,0,0
aten::empty,,,1.13,3.97,0,0,0,0
empty_tensor,,,2.84,2.84,0,0,0,0
aten::empty,,,1.95,9.95,0,0,0,0
empty_tensor,,,8.0,8.0,0,0,0,0
aclnnHcPre,,,10.04,10.04,31.5405,31.5405,0,0
npu::npu_rms_norm,,,49.47,67.89,0,5.3,0,0
empty_tensor,,,6.05,6.05,0,0,0,0
empty_tensor,,,3.5,3.5,0,0,0,0
aclnnRmsNorm,,,8.87,8.87,5.3,5.3,0,0
aten::reshape,,,4.3,8.58,0,0,0,0
aten::view,,,4.28,4.28,0,0,0,0
vllm::moe_forward_shared,,,1907.63,4762.38,0,373.308,0,0
aten::to,,,1.82,46.1,0,5.92,0,0
aten::_to_copy,,,5.54,44.28,0,5.92,0,0
aten::empty_strided,,,8.98,13.64,0,0,0,0
empty_tensor,,,4.66,4.66,0,0,0,0
aten::copy_,,,14.41,25.1,0,5.92,0,0
aclnnInplaceCopy,,,10.69,10.69,5.92,5.92,0,0
Event::record,,,76.17,88.61,0,0.02,0,0
record_event,,,12.44,12.44,0.02,0.02,0,0
aten::linear,,,4.6,57.42,0,11.7405,0,0
aten::t,,,5.69,14.41,0,0,0,0
aten::transpose,,,2.92,8.72,0,0,0,0
aten::as_strided,,,5.8,5.8,0,0,0,0
aten::matmul,,,18.53,38.41,0,11.7405,0,0
empty_tensor,,,10.43,10.43,0,0,0,0
aclnnMatmul,,,9.45,9.45,11.7405,11.7405,0,0
Event::record,,,69.12,80.39,0,0.34,0,0
record_event,,,11.27,11.27,0.34,0.34,0,0
vllm::maybe_all_gather_and_maybe_unpad,,,45.53,307.61,0,15.3605,0,0
vllm::all_gather,,,129.42,262.08,0,15.3605,0,0
aten::empty,,,3.57,17.41,0,0,0,0
empty_tensor,,,13.84,13.84,0,0,0,0
c10d::_allgather_base_,,,56.93,84.1,0,15.3405,0,0
record_event,,,13.37,13.37,0.02,0.02,0,0
wait_event,,,3.15,3.15,2.8205,2.8205,0,0
HcclAllgatherBase,,,2.97,4.89,0,12.46,0,0
HcclAllGather,,,1.92,1.92,12.46,12.46,0,0
record_event,,,3.51,3.51,0.02,0.02,0,0
record_event,,,2.25,2.25,0.02,0.02,0,0
wait_event,,,3.3,3.3,0.02,0.02,0,0
destroy_event,,,4.74,4.74,0,0,0,0
aten::reshape,,,1.85,8.1,0,0,0,0
aten::view,,,6.25,6.25,0,0,0,0
aten::movedim,,,1.48,11.13,0,0,0,0
aten::movedim,,,2.67,9.65,0,0,0,0
aten::permute,,,2.93,6.98,0,0,0,0
aten::as_strided,,,4.05,4.05,0,0,0,0
aten::reshape,,,0.86,3.88,0,0,0,0
aten::view,,,3.02,3.02,0,0,0,0
vllm::maybe_all_gather_and_maybe_unpad,,,40.99,288.06,0,9.94,0,0
vllm::all_gather,,,116.61,247.07,0,9.94,0,0
aten::empty,,,3.07,15.53,0,0,0,0
empty_tensor,,,12.46,12.46,0,0,0,0
c10d::_allgather_base_,,,52.62,89.59,0,9.92,0,0
record_event,,,22.86,22.86,0.02,0.02,0,0
wait_event,,,3.07,3.07,4.22,4.22,0,0
HcclAllgatherBase,,,3.28,5.15,0,5.64,0,0
HcclAllGather,,,1.87,1.87,5.64,5.64,0,0
record_event,,,3.43,3.43,0.02,0.02,0,0
record_event,,,2.46,2.46,0.02,0.02,0,0
wait_event,,,2.94,2.94,0.02,0.02,0,0
destroy_event,,,1.55,1.55,0,0,0,0
aten::reshape,,,1.36,6.75,0,0,0,0
aten::view,,,5.39,5.39,0,0,0,0
aten::movedim,,,1.5,10.45,0,0,0,0
aten::movedim,,,2.45,8.95,0,0,0,0
aten::permute,,,2.76,6.5,0,0,0,0
aten::as_strided,,,3.74,3.74,0,0,0,0
aten::reshape,,,0.84,3.65,0,0,0,0
aten::view,,,2.81,2.81,0,0,0,0
_C_ascend::moe_gating_top_k_hash,,,41.92,80.93,0,10.5605,0,0
aten::empty,,,2.78,15.69,0,0,0,0
empty_tensor,,,12.91,12.91,0,0,0,0
aten::empty,,,1.28,5.68,0,0,0,0
empty_tensor,,,4.4,4.4,0,0,0,0
aten::empty,,,1.29,4.96,0,0,0,0
empty_tensor,,,3.67,3.67,0,0,0,0
aclnnMoeGatingTopKHash,,,12.68,12.68,10.5605,10.5605,0,0
aten::to,,,1.95,47.51,0,0.96,0,0
aten::_to_copy,,,6.07,45.56,0,0.96,0,0
aten::empty_strided,,,8.34,13.61,0,0,0,0
empty_tensor,,,5.27,5.27,0,0,0,0
aten::copy_,,,16.91,25.88,0,0.96,0,0
aclnnInplaceCopy,,,8.97,8.97,0.96,0.96,0,0
aten::detach,,,4.2,4.2,0,0,0,0
aten::detach,,,1.55,1.55,0,0,0,0
Event::record,,,78.0,91.9,0,0.02,0,0
record_event,,,13.9,13.9,0.02,0.02,0,0
aten::index,,,31.79,55.34,0,20.9805,0,0
empty_tensor,,,6.24,6.24,0,0,0,0
empty_tensor,,,7.96,7.96,0,0,0,0
aclnnIndex,,,9.35,9.35,20.9805,20.9805,0,0
aten::ne,,,10.45,22.47,0,1.6,0,0
empty_tensor,,,6.08,6.08,0,0,0,0
aclnnNeScalar,,,5.94,5.94,1.6,1.6,0,0
aten::mul,,,15.08,26.2,0,2.96,0,0
empty_tensor,,,4.82,4.82,0,0,0,0
aclnnMul,,,6.3,6.3,2.96,2.96,0,0
npu::npu_moe_init_routing_v2,,,24.2,49.47,0,27.6805,0,0
empty_tensor,,,8.82,8.82,0,0,0,0
empty_tensor,,,3.16,3.16,0,0,0,0
empty_tensor,,,3.17,3.17,0,0,0,0
empty_tensor,,,2.84,2.84,0,0,0,0
aclnnMoeInitRoutingV3,,,7.28,7.28,27.6805,27.6805,0,0
aten::to,,,1.64,1.64,0,0,0,0
_C_ascend::grouped_matmul_swiglu_quant_v2,,,183.78,233.22,0,121.8825,0,0
aten::empty,,,3.4,13.69,0,0,0,0
empty_tensor,,,10.29,10.29,0,0,0,0
aten::empty,,,1.06,4.46,0,0,0,0
empty_tensor,,,3.4,3.4,0,0,0,0
aten::empty,,,3.79,17.31,0,0,0,0
empty_tensor,,,13.52,13.52,0,0,0,0
aclnnGroupedMatmulSwigluQuantWeightNzV2,,,13.98,13.98,121.8825,121.8825,0,0
Event::record,,,75.47,88.98,0,0.22,0,0
record_event,,,13.51,13.51,0.22,0.22,0,0
npu::npu_grouped_matmul,,,41.42,68.9,0,66.961,0,0
empty_tensor,,,15.01,15.01,0,0,0,0
npu::get_npu_format,,,2.02,2.02,0,0,0,0
aclnnGroupedMatmulWeightNz,,,10.45,10.45,66.961,66.961,0,0
Event::record,,,72.1,84.43,0,0.22,0,0
record_event,,,12.33,12.33,0.22,0.22,0,0
aten::abs,,,16.08,35.85,0,1.4,0,0
empty_tensor,,,10.5,10.5,0,0,0,0
aclnnAbs,,,9.27,9.27,1.4,1.4,0,0
npu::npu_moe_token_unpermute,,,67.62,83.78,0,12.8605,0,0
empty_tensor,,,7.36,7.36,0,0,0,0
aclnnMoeTokenUnpermute,,,8.8,8.8,12.8605,12.8605,0,0
vllm::maybe_pad_and_reduce,,,38.3,287.24,0,12.479999999999999,0,0
vllm::reduce_scatter,,,115.79,248.94,0,12.479999999999999,0,0
aten::movedim,,,1.61,12.81,0,0,0,0
aten::movedim,,,2.63,11.2,0,0,0,0
aten::permute,,,3.2,8.57,0,0,0,0
aten::as_strided,,,5.37,5.37,0,0,0,0
aten::empty,,,3.11,13.85,0,0,0,0
empty_tensor,,,10.74,10.74,0,0,0,0
c10d::_reduce_scatter_base_,,,56.82,89.79,0,12.459999999999999,0,0
record_event,,,16.88,16.88,0.2,0.2,0,0
wait_event,,,4.83,4.83,0.02,0.02,0,0
HcclReduceScatterBase,,,2.85,4.94,0,11.78,0,0
HcclReduceScatter,,,2.09,2.09,11.78,11.78,0,0
record_event,,,3.82,3.82,0.24,0.24,0,0
record_event,,,2.5,2.5,0.22,0.22,0,0
wait_event,,,3.02,3.02,0.02,0.02,0,0
destroy_event,,,1.74,1.74,0,0,0,0
aten::movedim,,,1.47,11.94,0,0,0,0
aten::movedim,,,2.56,10.47,0,0,0,0
aten::permute,,,3.07,7.91,0,0,0,0
aten::as_strided,,,4.84,4.84,0,0,0,0
Event::wait,,,65.82,79.41,0,0.02,0,0
wait_event,,,13.59,13.59,0.02,0.02,0,0
npu::npu_dynamic_quant,,,29.0,55.18,0,3.8605,0,0
empty_tensor,,,12.45,12.45,0,0,0,0
empty_tensor,,,3.85,3.85,0,0,0,0
aclnnDynamicQuantV2,,,9.88,9.88,3.8605,3.8605,0,0
Event::wait,,,58.14,69.51,0,0.02,0,0
wait_event,,,11.37,11.37,0.02,0.02,0,0
npu::npu_quant_matmul,,,34.4,61.69,0,21.5805,0,0
empty_tensor,,,10.69,10.69,0,0,0,0
aten::empty,,,2.39,4.57,0,0,0,0
empty_tensor,,,2.18,2.18,0,0,0,0
aten::empty,,,1.02,2.77,0,0,0,0
empty_tensor,,,1.75,1.75,0,0,0,0
aclnnQuantMatmulWeightNz,,,9.26,9.26,21.5805,21.5805,0,0
Event::wait,,,56.82,67.46,0,0.02,0,0
wait_event,,,10.64,10.64,0.02,0.02,0,0
_C_ascend::npu_dequant_swiglu_quant,,,47.73,86.8,0,5.38,0,0
aten::empty,,,3.2,13.68,0,0,0,0
empty_tensor,,,10.48,10.48,0,0,0,0
aten::empty,,,1.41,5.0,0,0,0,0
empty_tensor,,,3.59,3.59,0,0,0,0
aten::empty,,,2.47,9.45,0,0,0,0
empty_tensor,,,6.98,6.98,0,0,0,0
aclnnDequantSwigluQuantV2,,,10.94,10.94,5.38,5.38,0,0
Event::wait,,,59.21,71.18,0,0.2,0,0
wait_event,,,11.97,11.97,0.2,0.2,0,0
npu::npu_quant_matmul,,,35.56,63.29,0,18.0805,0,0
empty_tensor,,,10.46,10.46,0,0,0,0
aten::empty,,,2.32,4.47,0,0,0,0
empty_tensor,,,2.15,2.15,0,0,0,0
aten::empty,,,1.17,2.94,0,0,0,0
empty_tensor,,,1.77,1.77,0,0,0,0
aclnnQuantMatmulWeightNz,,,9.86,9.86,18.0805,18.0805,0,0
Event::record,,,71.5,83.08,0,0.02,0,0
record_event,,,11.58,11.58,0.02,0.02,0,0
Event::wait,,,45.5,56.22,0,0.02,0,0
wait_event,,,10.72,10.72,0.02,0.02,0,0
destroy_event,,,6.13,6.13,0,0,0,0
destroy_event,,,6.33,6.33,0,0,0,0
destroy_event,,,3.32,3.32,0,0,0,0
destroy_event,,,9.08,9.08,0,0,0,0
destroy_event,,,2.55,2.55,0,0,0,0
destroy_event,,,1.72,1.72,0,0,0,0
aten::add,,,23.04,42.15,0,7.72,0,0
empty_tensor,,,11.43,11.43,0,0,0,0
aclnnAdd,,,7.68,7.68,7.72,7.72,0,0
vllm::maybe_all_reduce_tensor_model_parallel,,,25.2,25.2,0,0,0,0
aten::unsqueeze,,,5.37,9.78,0,0,0,0
aten::as_strided,,,4.41,4.41,0,0,0,0
aten::unsqueeze,,,2.35,4.31,0,0,0,0
aten::as_strided,,,1.96,1.96,0,0,0,0
aten::unsqueeze,,,1.94,3.43,0,0,0,0
aten::as_strided,,,1.49,1.49,0,0,0,0
aten::unsqueeze,,,1.94,3.43,0,0,0,0
aten::as_strided,,,1.49,1.49,0,0,0,0
_C_ascend::npu_hc_post,,,41.29,75.82,0,7.38,0,0
aten::empty,,,2.59,11.61,0,0,0,0
empty_tensor,,,9.02,9.02,0,0,0,0
aten::empty,,,2.39,12.49,0,0,0,0
empty_tensor,,,10.1,10.1,0,0,0,0
aclnnHcPost,,,10.43,10.43,7.38,7.38,0,0
aten::squeeze,,,4.85,7.96,0,0,0,0
aten::as_strided,,,3.11,3.11,0,0,0,0
_C_ascend::npu_hc_pre_v2,,,40.16,78.17,0,33.3205,0,0
aten::empty,,,2.11,9.25,0,0,0,0
empty_tensor,,,7.14,7.14,0,0,0,0
aten::empty,,,1.17,4.51,0,0,0,0
empty_tensor,,,3.34,3.34,0,0,0,0
aten::empty,,,1.04,3.99,0,0,0,0
empty_tensor,,,2.95,2.95,0,0,0,0
aten::empty,,,2.06,10.35,0,0,0,0
empty_tensor,,,8.29,8.29,0,0,0,0
aclnnHcPre,,,9.91,9.91,33.3205,33.3205,0,0
npu::npu_rms_norm,,,49.98,68.43,0,4.66,0,0
empty_tensor,,,6.34,6.34,0,0,0,0
empty_tensor,,,3.4,3.4,0,0,0,0
aclnnRmsNorm,,,8.71,8.71,4.66,4.66,0,0
aten::empty,,,5.88,12.69,0,0,0,0
empty_tensor,,,6.81,6.81,0,0,0,0
aten::alias,,,3.74,3.74,0,0,0,0
vllm::dsa_forward,,,2191.64,5052.66,0,622.7925,0,0
aten::empty,,,3.31,14.16,0,0,0,0
empty_tensor,,,10.85,10.85,0,0,0,0
c10d::_allgather_base_,,,76.02,107.37,0,10.66,0,0
record_event,,,13.88,13.88,0.02,0.02,0,0
wait_event,,,5.04,5.04,0.02,0.02,0,0
HcclAllgatherBase,,,3.19,5.1,0,10.36,0,0
HcclAllGather,,,1.91,1.91,10.36,10.36,0,0
record_event,,,5.0,5.0,0.24,0.24,0,0
record_event,,,2.33,2.33,0.02,0.02,0,0
npu::npu_dynamic_quant,,,29.25,49.1,0,4.06,0,0
empty_tensor,,,11.61,11.61,0,0,0,0
empty_tensor,,,4.34,4.34,0,0,0,0
aclnnDynamicQuantV2,,,3.9,3.9,4.06,4.06,0,0
npu::npu_quant_matmul,,,32.44,56.44,0,16.9405,0,0
empty_tensor,,,7.05,7.05,0,0,0,0
aten::empty,,,2.26,4.18,0,0,0,0
empty_tensor,,,1.92,1.92,0,0,0,0
aten::empty,,,1.08,2.67,0,0,0,0
empty_tensor,,,1.59,1.59,0,0,0,0
aclnnQuantMatmulWeightNz,,,10.1,10.1,16.9405,16.9405,0,0
_C_ascend::npu_rms_norm_dynamic_quant,,,46.82,101.12,0,7.0605,0,0
aten::empty_like,,,5.73,16.48,0,0,0,0
aten::empty_strided,,,7.44,10.75,0,0,0,0
empty_tensor,,,3.31,3.31,0,0,0,0
aten::empty,,,1.58,4.97,0,0,0,0
empty_tensor,,,3.39,3.39,0,0,0,0
aten::empty,,,1.05,3.99,0,0,0,0
empty_tensor,,,2.94,2.94,0,0,0,0
aten::empty_like,,,1.94,7.58,0,0,0,0
aten::empty_strided,,,3.9,5.64,0,0,0,0
empty_tensor,,,1.74,1.74,0,0,0,0
aten::empty,,,2.26,10.52,0,0,0,0
empty_tensor,,,8.26,8.26,0,0,0,0
aclnnRmsNormDynamicQuant,,,10.76,10.76,7.0605,7.0605,0,0
npu::npu_quant_matmul,,,29.89,50.97,0,32.421,0,0
empty_tensor,,,6.4,6.4,0,0,0,0
aten::empty,,,1.51,3.29,0,0,0,0
empty_tensor,,,1.78,1.78,0,0,0,0
aten::empty,,,0.95,2.42,0,0,0,0
empty_tensor,,,1.47,1.47,0,0,0,0
aclnnQuantMatmulWeightNz,,,8.97,8.97,32.421,32.421,0,0
aten::unflatten,,,5.48,11.12,0,0,0,0
aten::view,,,5.64,5.64,0,0,0,0
aten::view,,,2.85,2.85,0,0,0,0
aten::empty_like,,,4.38,14.42,0,0,0,0
aten::empty_strided,,,6.82,10.04,0,0,0,0
empty_tensor,,,3.22,3.22,0,0,0,0
triton_rms_kernel,,,14.95,14.95,13.4805,13.4805,0,0
aten::view,,,7.58,7.58,0,0,0,0
aten::unsqueeze,,,3.0,7.34,0,0,0,0
aten::as_strided,,,4.34,4.34,0,0,0,0
_C_ascend::inplace_partial_rotary_mul,,,42.1,70.49,0,5.04,0,0
aten::empty,,,3.37,17.06,0,0,0,0
empty_tensor,,,13.69,13.69,0,0,0,0
aclnnInplacePartialRotaryMul,,,11.33,11.33,5.04,5.04,0,0
wait_event,,,7.65,7.65,0.02,0.02,0,0
aten::slice,,,4.05,8.18,0,0,0,0
aten::as_strided,,,4.13,4.13,0,0,0,0
npu::npu_dynamic_quant,,,29.0,54.13,0,7.32,0,0
empty_tensor,,,9.56,9.56,0,0,0,0
empty_tensor,,,4.16,4.16,0,0,0,0
aclnnDynamicQuantV2,,,11.41,11.41,7.32,7.32,0,0
npu::npu_quant_matmul,,,30.5,52.78,0,13.2205,0,0
empty_tensor,,,7.45,7.45,0,0,0,0
aten::empty,,,2.17,4.13,0,0,0,0
empty_tensor,,,1.96,1.96,0,0,0,0
aten::empty,,,0.86,2.33,0,0,0,0
empty_tensor,,,1.47,1.47,0,0,0,0
aclnnQuantMatmulWeightNz,,,8.37,8.37,13.2205,13.2205,0,0
npu::npu_rms_norm,,,53.45,71.97,0,9.86,0,0
empty_tensor,,,6.73,6.73,0,0,0,0
empty_tensor,,,3.2,3.2,0,0,0,0
aclnnRmsNorm,,,8.59,8.59,9.86,9.86,0,0
aten::view,,,5.13,5.13,0,0,0,0
aten::unsqueeze,,,3.02,6.73,0,0,0,0
aten::as_strided,,,3.71,3.71,0,0,0,0
aten::slice,,,2.9,5.13,0,0,0,0
aten::as_strided,,,2.23,2.23,0,0,0,0
aten::slice,,,1.05,2.73,0,0,0,0
aten::as_strided,,,1.68,1.68,0,0,0,0
_C_ascend::inplace_partial_rotary_mul,,,39.59,63.97,0,9.04,0,0
aten::empty,,,3.18,13.53,0,0,0,0
empty_tensor,,,10.35,10.35,0,0,0,0
aclnnInplacePartialRotaryMul,,,10.85,10.85,9.04,9.04,0,0
_C_ascend::npu_scatter_nd_update_sk,,,32.67,56.72,0,26.1005,0,0
aten::empty,,,2.76,11.76,0,0,0,0
empty_tensor,,,9.0,9.0,0,0,0,0
aclnnScatterNdUpdateSk,,,12.29,12.29,26.1005,26.1005,0,0
aten::squeeze,,,8.65,14.48,0,0,0,0
aten::as_strided,,,5.83,5.83,0,0,0,0
aten::view,,,4.54,4.54,0,0,0,0
aten::view,,,2.26,2.26,0,0,0,0
_C_ascend::compressor,,,47.52,82.84,0,55.261,0,0
aten::empty,,,2.65,11.53,0,0,0,0
empty_tensor,,,8.88,8.88,0,0,0,0
aten::empty,,,2.59,11.71,0,0,0,0
empty_tensor,,,9.12,9.12,0,0,0,0
aclnnCompressor,,,12.08,12.08,55.261,55.261,0,0
aten::reshape,,,1.75,7.01,0,0,0,0
aten::view,,,5.26,5.26,0,0,0,0
aten::linear,,,3.68,51.5,0,6.18,0,0
aten::t,,,5.19,11.61,0,0,0,0
aten::transpose,,,2.78,6.42,0,0,0,0
aten::as_strided,,,3.64,3.64,0,0,0,0
aten::matmul,,,20.52,36.21,0,6.18,0,0
empty_tensor,,,6.71,6.71,0,0,0,0
aclnnMatmul,,,8.98,8.98,6.18,6.18,0,0
aten::mul,,,15.03,31.2,0,1.16,0,0
empty_tensor,,,5.55,5.55,0,0,0,0
aten::item,,,1.74,3.37,0,0,0,0
aten::_local_scalar_dense,,,1.63,1.63,0,0,0,0
aclnnMuls,,,7.25,7.25,1.16,1.16,0,0
aten::alias,,,2.69,2.69,0,0,0,0
aten::reshape,,,1.2,4.9,0,0,0,0
aten::view,,,3.7,3.7,0,0,0,0
npu::npu_dynamic_quant,,,23.95,42.75,0,3.06,0,0
empty_tensor,,,6.81,6.81,0,0,0,0
empty_tensor,,,3.55,3.55,0,0,0,0
aclnnDynamicQuantV2,,,8.44,8.44,3.06,3.06,0,0
aten::unsqueeze,,,3.01,6.69,0,0,0,0
aten::as_strided,,,3.68,3.68,0,0,0,0
_C_ascend::npu_scatter_nd_update_sk,,,34.64,55.26,0,19.4005,0,0
aten::empty,,,2.82,11.08,0,0,0,0
empty_tensor,,,8.26,8.26,0,0,0,0
aclnnScatterNdUpdateSk,,,9.54,9.54,19.4005,19.4005,0,0
aten::to,,,1.63,39.28,0,0.92,0,0
aten::_to_copy,,,5.11,37.65,0,0.92,0,0
aten::empty_strided,,,7.61,11.46,0,0,0,0
empty_tensor,,,3.85,3.85,0,0,0,0
aten::copy_,,,13.66,21.08,0,0.92,0,0
aclnnInplaceCopy,,,7.42,7.42,0.92,0.92,0,0
aten::unsqueeze,,,2.61,6.35,0,0,0,0
aten::as_strided,,,3.74,3.74,0,0,0,0
_C_ascend::npu_scatter_nd_update_sk,,,30.43,50.17,0,20.9205,0,0
aten::empty,,,2.21,10.81,0,0,0,0
empty_tensor,,,8.6,8.6,0,0,0,0
aclnnScatterNdUpdateSk,,,8.93,8.93,20.9205,20.9205,0,0
npu::npu_quant_matmul,,,29.05,51.25,0,17.8605,0,0
empty_tensor,,,7.19,7.19,0,0,0,0
aten::empty,,,1.68,3.74,0,0,0,0
empty_tensor,,,2.06,2.06,0,0,0,0
aten::empty,,,1.16,2.79,0,0,0,0
empty_tensor,,,1.63,1.63,0,0,0,0
aclnnQuantMatmulWeightNz,,,8.48,8.48,17.8605,17.8605,0,0
aten::view,,,5.24,5.24,0,0,0,0
aten::unsqueeze,,,2.66,6.48,0,0,0,0
aten::as_strided,,,3.82,3.82,0,0,0,0
_C_ascend::inplace_partial_rotary_mul,,,37.99,59.75,0,5.54,0,0
aten::empty,,,2.63,12.16,0,0,0,0
empty_tensor,,,9.53,9.53,0,0,0,0
aclnnInplacePartialRotaryMul,,,9.6,9.6,5.54,5.54,0,0
aten::reshape,,,1.81,6.81,0,0,0,0
aten::view,,,5.0,5.0,0,0,0,0
aten::linear,,,3.8,46.01,0,6.48,0,0
aten::t,,,5.23,11.77,0,0,0,0
aten::transpose,,,2.64,6.54,0,0,0,0
aten::as_strided,,,3.9,3.9,0,0,0,0
aten::matmul,,,16.42,30.44,0,6.48,0,0
empty_tensor,,,6.34,6.34,0,0,0,0
aclnnMatmul,,,7.68,7.68,6.48,6.48,0,0
aten::mul,,,13.72,28.53,0,5.38,0,0
empty_tensor,,,5.2,5.2,0,0,0,0
aten::item,,,1.73,3.1,0,0,0,0
aten::_local_scalar_dense,,,1.37,1.37,0,0,0,0
aclnnMuls,,,6.51,6.51,5.38,5.38,0,0
aten::alias,,,2.41,2.41,0,0,0,0
aten::reshape,,,1.27,5.15,0,0,0,0
aten::view,,,3.88,3.88,0,0,0,0
vllm::unquantized_gemm,,,17.63,65.3,0,9.78,0,0
aten::linear,,,3.79,47.67,0,9.78,0,0
aten::t,,,4.6,11.74,0,0,0,0
aten::transpose,,,2.64,7.14,0,0,0,0
aten::as_strided,,,4.5,4.5,0,0,0,0
aten::matmul,,,15.33,32.14,0,9.78,0,0
empty_tensor,,,7.53,7.53,0,0,0,0
aclnnMatmul,,,9.28,9.28,9.78,9.78,0,0
aten::mul,,,14.75,30.9,0,0.88,0,0
empty_tensor,,,6.28,6.28,0,0,0,0
aten::item,,,1.61,2.68,0,0,0,0
aten::_local_scalar_dense,,,1.07,1.07,0,0,0,0
aclnnMuls,,,7.19,7.19,0.88,0.88,0,0
npu::npu_dynamic_quant,,,23.42,41.58,0,6.38,0,0
empty_tensor,,,6.55,6.55,0,0,0,0
empty_tensor,,,4.15,4.15,0,0,0,0
aclnnDynamicQuantV2,,,7.46,7.46,6.38,6.38,0,0
aten::to,,,1.75,35.23,0,0.98,0,0
aten::_to_copy,,,5.56,33.48,0,0.98,0,0
aten::empty_strided,,,6.87,10.03,0,0,0,0
empty_tensor,,,3.16,3.16,0,0,0,0
aten::copy_,,,11.36,17.89,0,0.98,0,0
aclnnInplaceCopy,,,6.53,6.53,0.98,0.98,0,0
aten::to,,,1.03,28.3,0,1.08,0,0
aten::_to_copy,,,3.29,27.27,0,1.08,0,0
aten::empty_strided,,,5.48,8.3,0,0,0,0
empty_tensor,,,2.82,2.82,0,0,0,0
aten::copy_,,,9.34,15.68,0,1.08,0,0
aclnnInplaceCopy,,,6.34,6.34,1.08,1.08,0,0
aten::squeeze,,,6.93,12.26,0,0,0,0
aten::as_strided,,,5.33,5.33,0,0,0,0
aten::to,,,1.08,1.08,0,0,0,0
aten::slice,,,5.91,11.67,0,0,0,0
aten::as_strided,,,5.76,5.76,0,0,0,0
_C_ascend::npu_vllm_quant_lightning_indexer,,,52.75,87.43,0,79.6415,0,0
aten::empty,,,2.24,9.48,0,0,0,0
empty_tensor,,,7.24,7.24,0,0,0,0
aten::empty,,,1.07,3.09,0,0,0,0
empty_tensor,,,2.02,2.02,0,0,0,0
aten::empty,,,2.37,11.59,0,0,0,0
empty_tensor,,,9.22,9.22,0,0,0,0
aclnnVllmQuantLightningIndexer,,,10.52,10.52,79.6415,79.6415,0,0
aten::squeeze,,,7.25,12.52,0,0,0,0
aten::as_strided,,,5.27,5.27,0,0,0,0
aten::view,,,4.38,4.38,0,0,0,0
aten::view,,,2.21,2.21,0,0,0,0
_C_ascend::compressor,,,47.89,82.93,0,57.401,0,0
aten::empty,,,2.46,10.73,0,0,0,0
empty_tensor,,,8.27,8.27,0,0,0,0
aten::empty,,,2.27,11.0,0,0,0,0
empty_tensor,,,8.73,8.73,0,0,0,0
aclnnCompressor,,,13.31,13.31,57.401,57.401,0,0
_C_ascend::npu_scatter_nd_update_sk,,,33.15,54.72,0,18.4,0,0
aten::empty,,,2.41,11.27,0,0,0,0
empty_tensor,,,8.86,8.86,0,0,0,0
aclnnScatterNdUpdateSk,,,10.3,10.3,18.4,18.4,0,0
_C_ascend::npu_sparse_attn_sharedkv,,,47.48,83.61,0,43.8005,0,0
aten::empty,,,2.33,9.8,0,0,0,0
empty_tensor,,,7.47,7.47,0,0,0,0
aten::empty,,,1.23,3.27,0,0,0,0
empty_tensor,,,2.04,2.04,0,0,0,0
aten::empty,,,2.16,12.59,0,0,0,0
empty_tensor,,,10.43,10.43,0,0,0,0
aclnnSparseAttnSharedkv,,,10.47,10.47,43.8005,43.8005,0,0
destroy_event,,,2.86,2.86,0,0,0,0
aten::unsqueeze,,,3.72,8.73,0,0,0,0
aten::as_strided,,,5.01,5.01,0,0,0,0
aten::neg,,,14.8,30.92,0,1.22,0,0
empty_tensor,,,7.17,7.17,0,0,0,0
aclnnNeg,,,8.95,8.95,1.22,1.22,0,0
_C_ascend::inplace_partial_rotary_mul,,,36.86,59.42,0,5.14,0,0
aten::empty,,,2.75,12.28,0,0,0,0
empty_tensor,,,9.53,9.53,0,0,0,0
aclnnInplacePartialRotaryMul,,,10.28,10.28,5.14,5.14,0,0
aten::view,,,5.68,5.68,0,0,0,0
aten::permute,,,2.86,7.45,0,0,0,0
aten::as_strided,,,4.59,4.59,0,0,0,0
aten::contiguous,,,2.52,40.16,0,13.24,0,0
aten::clone,,,4.42,37.64,0,13.24,0,0
empty_tensor,,,5.98,5.98,0,0,0,0
aten::copy_,,,19.52,27.24,0,13.24,0,0
aclnnInplaceCopy,,,7.72,7.72,13.24,13.24,0,0
aten::view,,,3.42,3.42,0,0,0,0
aten::empty_like,,,4.61,13.97,0,0,0,0
aten::empty_strided,,,6.62,9.36,0,0,0,0
empty_tensor,,,2.74,2.74,0,0,0,0
c10d::alltoall_base_,,,56.04,80.44,0,13.241,0,0
record_event,,,10.58,10.58,0.02,0.02,0,0
wait_event,,,4.3,4.3,0.02,0.02,0,0
HcclAlltoAll,,,2.17,3.91,0,12.621,0,0
HcclAlltoAll,,,1.74,1.74,12.621,12.621,0,0
record_event,,,3.33,3.33,0.22,0.22,0,0
record_event,,,2.28,2.28,0.36,0.36,0,0
wait_event,,,3.02,3.02,0.02,0.02,0,0
destroy_event,,,1.69,1.69,0,0,0,0
aten::view,,,5.07,5.07,0,0,0,0
npu::npu_transpose_batchmatmul,,,30.49,51.17,0,33.4405,0,0
empty_tensor,,,10.65,10.65,0,0,0,0
aclnnTransposeBatchMatMul,,,10.03,10.03,33.4405,33.4405,0,0
aten::reshape,,,1.55,5.92,0,0,0,0
aten::view,,,4.37,4.37,0,0,0,0
vllm::matmul_and_reduce,,,145.88,465.47,0,40.042,0,0
vllm::unquantized_gemm,,,16.72,76.46,0,16.9005,0,0
aten::linear,,,4.27,59.74,0,16.9005,0,0
aten::t,,,5.52,14.25,0,0,0,0
aten::transpose,,,2.8,8.73,0,0,0,0
aten::as_strided,,,5.93,5.93,0,0,0,0
aten::matmul,,,19.14,41.22,0,16.9005,0,0
empty_tensor,,,11.04,11.04,0,0,0,0
aclnnMatmul,,,11.04,11.04,16.9005,16.9005,0,0
vllm::reduce_scatter,,,116.38,243.13,0,23.1415,0,0
aten::movedim,,,1.55,10.6,0,0,0,0
aten::movedim,,,2.5,9.05,0,0,0,0
aten::permute,,,2.6,6.55,0,0,0,0
aten::as_strided,,,3.95,3.95,0,0,0,0
aten::empty,,,2.92,13.13,0,0,0,0
empty_tensor,,,10.21,10.21,0,0,0,0
c10d::_reduce_scatter_base_,,,55.85,86.9,0,20.2415,0,0
record_event,,,12.6,12.6,0.02,0.02,0,0
wait_event,,,3.05,3.05,6.8405,6.8405,0,0
HcclReduceScatterBase,,,2.87,8.16,0,13.141,0,0
HcclReduceScatter,,,5.29,5.29,13.141,13.141,0,0
record_event,,,4.88,4.88,0.22,0.22,0,0
record_event,,,2.36,2.36,0.02,0.02,0,0
wait_event,,,3.02,3.02,2.9,2.9,0,0
destroy_event,,,1.58,1.58,0,0,0,0
aten::movedim,,,1.44,11.52,0,0,0,0
aten::movedim,,,2.43,10.08,0,0,0,0
aten::permute,,,2.92,7.65,0,0,0,0
aten::as_strided,,,4.73,4.73,0,0,0,0
aten::copy_,,,54.37,64.93,0,0.72,0,0
aclnnInplaceCopy,,,10.56,10.56,0.72,0.72,0,0
aten::unsqueeze,,,4.39,7.98,0,0,0,0
aten::as_strided,,,3.59,3.59,0,0,0,0
aten::unsqueeze,,,2.27,3.8,0,0,0,0
aten::as_strided,,,1.53,1.53,0,0,0,0
aten::unsqueeze,,,2.04,3.54,0,0,0,0
aten::as_strided,,,1.5,1.5,0,0,0,0
aten::detach,,,3.61,3.61,0,0,0,0
aten::reshape,,,4.04,7.65,0,0,0,0
aten::view,,,3.61,3.61,0,0,0,0
aten::unsqueeze,,,2.25,3.79,0,0,0,0
aten::as_strided,,,1.54,1.54,0,0,0,0
_C_ascend::npu_hc_post,,,38.17,77.16,0,7.7205,0,0
aten::empty,,,2.82,15.6,0,0,0,0
empty_tensor,,,12.78,12.78,0,0,0,0
aten::empty,,,2.3,12.27,0,0,0,0
empty_tensor,,,9.97,9.97,0,0,0,0
aclnnHcPost,,,11.12,11.12,7.7205,7.7205,0,0
aten::squeeze,,,4.76,7.13,0,0,0,0
aten::as_strided,,,2.37,2.37,0,0,0,0
_C_ascend::npu_hc_pre_v2,,,36.27,72.22,0,33.841,0,0
aten::empty,,,1.85,8.12,0,0,0,0
empty_tensor,,,6.27,6.27,0,0,0,0
aten::empty,,,1.28,4.52,0,0,0,0
empty_tensor,,,3.24,3.24,0,0,0,0
aten::empty,,,1.15,4.07,0,0,0,0
empty_tensor,,,2.92,2.92,0,0,0,0
aten::empty,,,2.05,9.91,0,0,0,0
empty_tensor,,,7.86,7.86,0,0,0,0
aclnnHcPre,,,9.33,9.33,33.841,33.841,0,0
npu::npu_rms_norm,,,48.1,65.98,0,4.8805,0,0
empty_tensor,,,5.81,5.81,0,0,0,0
empty_tensor,,,3.27,3.27,0,0,0,0
aclnnRmsNorm,,,8.8,8.8,4.8805,4.8805,0,0
aten::reshape,,,4.7,9.29,0,0,0,0
aten::view,,,4.59,4.59,0,0,0,0
vllm::moe_forward_shared,,,1907.9,4770.34,0,406.888,0,0
aten::to,,,1.96,44.73,0,6.3005,0,0
aten::_to_copy,,,5.31,42.77,0,6.3005,0,0
aten::empty_strided,,,8.98,13.23,0,0,0,0
empty_tensor,,,4.25,4.25,0,0,0,0
aten::copy_,,,14.55,24.23,0,6.3005,0,0
aclnnInplaceCopy,,,9.68,9.68,6.3005,6.3005,0,0
Event::record,,,77.26,89.28,0,0.22,0,0
record_event,,,12.02,12.02,0.22,0.22,0,0
aten::linear,,,4.81,57.84,0,12.8605,0,0
aten::t,,,5.44,14.5,0,0,0,0
aten::transpose,,,2.83,9.06,0,0,0,0
aten::as_strided,,,6.23,6.23,0,0,0,0
aten::matmul,,,18.74,38.53,0,12.8605,0,0
empty_tensor,,,10.7,10.7,0,0,0,0
aclnnMatmul,,,9.09,9.09,12.8605,12.8605,0,0
Event::record,,,70.42,82.45,0,0.2,0,0
record_event,,,12.03,12.03,0.2,0.2,0,0
vllm::maybe_all_gather_and_maybe_unpad,,,44.17,312.46,0,15.18,0,0
vllm::all_gather,,,129.41,268.29,0,15.18,0,0
aten::empty,,,3.64,17.87,0,0,0,0
empty_tensor,,,14.23,14.23,0,0,0,0
c10d::_allgather_base_,,,58.2,92.35,0,15.18,0,0
record_event,,,14.79,14.79,0.02,0.02,0,0
wait_event,,,3.29,3.29,4.18,4.18,0,0
HcclAllgatherBase,,,3.13,8.14,0,10.94,0,0
HcclAllGather,,,5.01,5.01,10.94,10.94,0,0
record_event,,,5.49,5.49,0.02,0.02,0,0
record_event,,,2.44,2.44,0.02,0.02,0,0
wait_event,,,3.0,3.0,0.0,0.0,0,0
destroy_event,,,2.19,2.19,0,0,0,0
aten::reshape,,,1.77,8.12,0,0,0,0
aten::view,,,6.35,6.35,0,0,0,0
aten::movedim,,,1.68,11.37,0,0,0,0
aten::movedim,,,2.58,9.69,0,0,0,0
aten::permute,,,2.99,7.11,0,0,0,0
aten::as_strided,,,4.12,4.12,0,0,0,0
aten::reshape,,,0.92,3.98,0,0,0,0
aten::view,,,3.06,3.06,0,0,0,0
vllm::maybe_all_gather_and_maybe_unpad,,,40.83,275.67,0,5.8,0,0
vllm::all_gather,,,113.5,234.84,0,5.8,0,0
aten::empty,,,3.02,15.4,0,0,0,0
empty_tensor,,,12.38,12.38,0,0,0,0
c10d::_allgather_base_,,,51.41,79.12,0,5.779999999999999,0,0
record_event,,,12.2,12.2,0.2,0.2,0,0
wait_event,,,3.01,3.01,0.02,0.02,0,0
HcclAllgatherBase,,,3.31,6.37,0,5.52,0,0
HcclAllGather,,,3.06,3.06,5.52,5.52,0,0
record_event,,,3.61,3.61,0.02,0.02,0,0
record_event,,,2.52,2.52,0.02,0.02,0,0
wait_event,,,3.13,3.13,0.02,0.02,0,0
destroy_event,,,1.54,1.54,0,0,0,0
aten::reshape,,,1.71,7.45,0,0,0,0
aten::view,,,5.74,5.74,0,0,0,0
aten::movedim,,,1.58,10.97,0,0,0,0
aten::movedim,,,2.49,9.39,0,0,0,0
aten::permute,,,2.9,6.9,0,0,0,0
aten::as_strided,,,4.0,4.0,0,0,0,0
aten::reshape,,,0.87,3.73,0,0,0,0
aten::view,,,2.86,2.86,0,0,0,0
_C_ascend::moe_gating_top_k_hash,,,42.68,81.32,0,10.6605,0,0
aten::empty,,,3.24,16.05,0,0,0,0
empty_tensor,,,12.81,12.81,0,0,0,0
aten::empty,,,1.32,5.38,0,0,0,0
empty_tensor,,,4.06,4.06,0,0,0,0
aten::empty,,,1.19,5.04,0,0,0,0
empty_tensor,,,3.85,3.85,0,0,0,0
aclnnMoeGatingTopKHash,,,12.17,12.17,10.6605,10.6605,0,0
aten::to,,,1.9,48.24,0,1.22,0,0
aten::_to_copy,,,5.59,46.34,0,1.22,0,0
aten::empty_strided,,,8.64,15.05,0,0,0,0
empty_tensor,,,6.41,6.41,0,0,0,0
aten::copy_,,,16.96,25.7,0,1.22,0,0
aclnnInplaceCopy,,,8.74,8.74,1.22,1.22,0,0
aten::detach,,,4.45,4.45,0,0,0,0
aten::detach,,,1.12,1.12,0,0,0,0
Event::record,,,79.59,93.21,0,0.24,0,0
record_event,,,13.62,13.62,0.24,0.24,0,0
aten::index,,,32.92,57.92,0,18.32,0,0
empty_tensor,,,6.57,6.57,0,0,0,0
empty_tensor,,,7.85,7.85,0,0,0,0
aclnnIndex,,,10.58,10.58,18.32,18.32,0,0
aten::ne,,,10.44,22.81,0,1.34,0,0
empty_tensor,,,5.94,5.94,0,0,0,0
aclnnNeScalar,,,6.43,6.43,1.34,1.34,0,0
aten::mul,,,15.61,27.64,0,2.08,0,0
empty_tensor,,,4.58,4.58,0,0,0,0
aclnnMul,,,7.45,7.45,2.08,2.08,0,0
npu::npu_moe_init_routing_v2,,,24.13,49.41,0,33.961,0,0
empty_tensor,,,8.64,8.64,0,0,0,0
empty_tensor,,,3.49,3.49,0,0,0,0
empty_tensor,,,2.96,2.96,0,0,0,0
empty_tensor,,,3.1,3.1,0,0,0,0
aclnnMoeInitRoutingV3,,,7.09,7.09,33.961,33.961,0,0
aten::to,,,1.71,1.71,0,0,0,0
_C_ascend::grouped_matmul_swiglu_quant_v2,,,193.73,245.2,0,139.583,0,0
aten::empty,,,3.04,13.34,0,0,0,0
empty_tensor,,,10.3,10.3,0,0,0,0
aten::empty,,,1.3,4.89,0,0,0,0
empty_tensor,,,3.59,3.59,0,0,0,0
aten::empty,,,3.59,20.28,0,0,0,0
empty_tensor,,,16.69,16.69,0,0,0,0
aclnnGroupedMatmulSwigluQuantWeightNzV2,,,12.96,12.96,139.583,139.583,0,0
Event::record,,,82.68,96.46,0,0.2,0,0
record_event,,,13.78,13.78,0.2,0.2,0,0
npu::npu_grouped_matmul,,,42.17,69.32,0,82.9015,0,0
empty_tensor,,,15.39,15.39,0,0,0,0
npu::get_npu_format,,,1.65,1.65,0,0,0,0
aclnnGroupedMatmulWeightNz,,,10.11,10.11,82.9015,82.9015,0,0
Event::record,,,71.53,84.43,0,0.22,0,0
record_event,,,12.9,12.9,0.22,0.22,0,0
aten::abs,,,16.43,36.72,0,1.1,0,0
empty_tensor,,,10.85,10.85,0,0,0,0
aclnnAbs,,,9.44,9.44,1.1,1.1,0,0
npu::npu_moe_token_unpermute,,,70.67,87.7,0,13.04,0,0
empty_tensor,,,7.66,7.66,0,0,0,0
aclnnMoeTokenUnpermute,,,9.37,9.37,13.04,13.04,0,0
vllm::maybe_pad_and_reduce,,,37.89,281.86,0,12.42,0,0
vllm::reduce_scatter,,,115.13,243.97,0,12.42,0,0
aten::movedim,,,1.58,13.12,0,0,0,0
aten::movedim,,,2.64,11.54,0,0,0,0
aten::permute,,,3.22,8.9,0,0,0,0
aten::as_strided,,,5.68,5.68,0,0,0,0
aten::empty,,,3.1,13.58,0,0,0,0
empty_tensor,,,10.48,10.48,0,0,0,0
c10d::_reduce_scatter_base_,,,55.85,84.71,0,12.4,0,0
record_event,,,13.27,13.27,0.22,0.22,0,0
wait_event,,,4.36,4.36,0.0,0.0,0,0
HcclReduceScatterBase,,,2.88,4.89,0,11.92,0,0
HcclReduceScatter,,,2.01,2.01,11.92,11.92,0,0
record_event,,,3.76,3.76,0.24,0.24,0,0
record_event,,,2.58,2.58,0.02,0.02,0,0
wait_event,,,3.25,3.25,0.02,0.02,0,0
destroy_event,,,1.79,1.79,0,0,0,0
aten::movedim,,,1.6,12.39,0,0,0,0
aten::movedim,,,2.76,10.79,0,0,0,0
aten::permute,,,2.97,8.03,0,0,0,0
aten::as_strided,,,5.06,5.06,0,0,0,0
Event::wait,,,63.92,78.07,0,0,0,0
wait_event,,,14.15,14.15,0,0,0,0
npu::npu_dynamic_quant,,,29.38,56.11,0,4.26,0,0
empty_tensor,,,12.35,12.35,0,0,0,0
empty_tensor,,,3.91,3.91,0,0,0,0
aclnnDynamicQuantV2,,,10.47,10.47,4.26,4.26,0,0
Event::wait,,,57.96,70.34,0,0,0,0
wait_event,,,12.38,12.38,0,0,0,0
npu::npu_quant_matmul,,,34.69,63.43,0,20.7805,0,0
empty_tensor,,,10.88,10.88,0,0,0,0
aten::empty,,,2.74,4.98,0,0,0,0
empty_tensor,,,2.24,2.24,0,0,0,0
aten::empty,,,1.17,2.88,0,0,0,0
empty_tensor,,,1.71,1.71,0,0,0,0
aclnnQuantMatmulWeightNz,,,10.0,10.0,20.7805,20.7805,0,0
Event::wait,,,56.45,69.39,0,0,0,0
wait_event,,,12.94,12.94,0,0,0,0
_C_ascend::npu_dequant_swiglu_quant,,,47.46,85.66,0,4.96,0,0
aten::empty,,,2.75,13.46,0,0,0,0
empty_tensor,,,10.71,10.71,0,0,0,0
aten::empty,,,1.21,4.66,0,0,0,0
empty_tensor,,,3.45,3.45,0,0,0,0
aten::empty,,,2.31,9.58,0,0,0,0
empty_tensor,,,7.27,7.27,0,0,0,0
aclnnDequantSwigluQuantV2,,,10.5,10.5,4.96,4.96,0,0
Event::wait,,,58.53,69.95,0,0,0,0
wait_event,,,11.42,11.42,0,0,0,0
npu::npu_quant_matmul,,,35.48,65.04,0,18.7805,0,0
empty_tensor,,,10.53,10.53,0,0,0,0
aten::empty,,,2.18,4.18,0,0,0,0
empty_tensor,,,2.0,2.0,0,0,0,0
aten::empty,,,4.07,5.94,0,0,0,0
empty_tensor,,,1.87,1.87,0,0,0,0
aclnnQuantMatmulWeightNz,,,8.91,8.91,18.7805,18.7805,0,0
Event::record,,,68.48,80.51,0,0.24,0,0
record_event,,,12.03,12.03,0.24,0.24,0,0
Event::wait,,,44.03,53.68,0,0.02,0,0
wait_event,,,9.65,9.65,0.02,0.02,0,0
destroy_event,,,6.43,6.43,0,0,0,0
destroy_event,,,5.85,5.85,0,0,0,0
destroy_event,,,1.59,1.59,0,0,0,0
destroy_event,,,1.49,1.49,0,0,0,0
destroy_event,,,1.19,1.19,0,0,0,0
destroy_event,,,1.76,1.76,0,0,0,0
aten::add,,,22.39,40.4,0,7.52,0,0
empty_tensor,,,10.77,10.77,0,0,0,0
aclnnAdd,,,7.24,7.24,7.52,7.52,0,0
vllm::maybe_all_reduce_tensor_model_parallel,,,24.23,24.23,0,0,0,0
aten::unsqueeze,,,5.16,9.65,0,0,0,0
aten::as_strided,,,4.49,4.49,0,0,0,0
aten::unsqueeze,,,2.43,4.59,0,0,0,0
aten::as_strided,,,2.16,2.16,0,0,0,0
aten::unsqueeze,,,2.02,3.55,0,0,0,0
aten::as_strided,,,1.53,1.53,0,0,0,0
aten::unsqueeze,,,1.91,3.41,0,0,0,0
aten::as_strided,,,1.5,1.5,0,0,0,0
_C_ascend::npu_hc_post,,,41.8,76.89,0,7.32,0,0
aten::empty,,,2.67,11.82,0,0,0,0
empty_tensor,,,9.15,9.15,0,0,0,0
aten::empty,,,2.37,12.66,0,0,0,0
empty_tensor,,,10.29,10.29,0,0,0,0
aclnnHcPost,,,10.61,10.61,7.32,7.32,0,0
aten::squeeze,,,4.85,7.9,0,0,0,0
aten::as_strided,,,3.05,3.05,0,0,0,0
_C_ascend::npu_hc_pre_v2,,,37.3,74.24,0,32.4205,0,0
aten::empty,,,2.14,8.75,0,0,0,0
empty_tensor,,,6.61,6.61,0,0,0,0
aten::empty,,,1.19,4.64,0,0,0,0
empty_tensor,,,3.45,3.45,0,0,0,0
aten::empty,,,1.1,4.08,0,0,0,0
empty_tensor,,,2.98,2.98,0,0,0,0
aten::empty,,,2.1,10.11,0,0,0,0
empty_tensor,,,8.01,8.01,0,0,0,0
aclnnHcPre,,,9.36,9.36,32.4205,32.4205,0,0
npu::npu_rms_norm,,,48.26,66.64,0,4.72,0,0
empty_tensor,,,5.98,5.98,0,0,0,0
empty_tensor,,,3.81,3.81,0,0,0,0
aclnnRmsNorm,,,8.59,8.59,4.72,4.72,0,0
aten::empty,,,5.86,12.36,0,0,0,0
empty_tensor,,,6.5,6.5,0,0,0,0
aten::alias,,,4.02,4.02,0,0,0,0
vllm::dsa_forward,,,1489.03,3378.23,0,357.528,0,0
aten::empty,,,3.0,12.75,0,0,0,0
empty_tensor,,,9.75,9.75,0,0,0,0
c10d::_allgather_base_,,,59.07,89.27,0,11.120000000000001,0,0
record_event,,,14.11,14.11,0.22,0.22,0,0
wait_event,,,4.36,4.36,0.02,0.02,0,0
HcclAllgatherBase,,,3.05,5.8,0,10.64,0,0
HcclAllGather,,,2.75,2.75,10.64,10.64,0,0
record_event,,,3.6,3.6,0.02,0.02,0,0
record_event,,,2.33,2.33,0.22,0.22,0,0
npu::npu_dynamic_quant,,,30.22,52.18,0,3.8405,0,0
empty_tensor,,,9.72,9.72,0,0,0,0
empty_tensor,,,4.58,4.58,0,0,0,0
aclnnDynamicQuantV2,,,7.66,7.66,3.8405,3.8405,0,0
npu::npu_quant_matmul,,,31.22,54.12,0,16.2605,0,0
empty_tensor,,,6.79,6.79,0,0,0,0
aten::empty,,,2.29,4.35,0,0,0,0
empty_tensor,,,2.06,2.06,0,0,0,0
aten::empty,,,1.04,2.56,0,0,0,0
empty_tensor,,,1.52,1.52,0,0,0,0
aclnnQuantMatmulWeightNz,,,9.2,9.2,16.2605,16.2605,0,0
_C_ascend::npu_rms_norm_dynamic_quant,,,45.62,102.18,0,7.0605,0,0
aten::empty_like,,,5.58,19.5,0,0,0,0
aten::empty_strided,,,7.38,13.92,0,0,0,0
empty_tensor,,,6.54,6.54,0,0,0,0
aten::empty,,,1.29,4.83,0,0,0,0
empty_tensor,,,3.54,3.54,0,0,0,0
aten::empty,,,1.07,4.05,0,0,0,0
empty_tensor,,,2.98,2.98,0,0,0,0
aten::empty_like,,,2.16,7.69,0,0,0,0
aten::empty_strided,,,3.8,5.53,0,0,0,0
empty_tensor,,,1.73,1.73,0,0,0,0
aten::empty,,,2.1,9.93,0,0,0,0
empty_tensor,,,7.83,7.83,0,0,0,0
aclnnRmsNormDynamicQuant,,,10.56,10.56,7.0605,7.0605,0,0
npu::npu_quant_matmul,,,29.74,50.9,0,33.381,0,0
empty_tensor,,,6.68,6.68,0,0,0,0
aten::empty,,,1.48,3.54,0,0,0,0
empty_tensor,,,2.06,2.06,0,0,0,0
aten::empty,,,1.02,2.54,0,0,0,0
empty_tensor,,,1.52,1.52,0,0,0,0
aclnnQuantMatmulWeightNz,,,8.4,8.4,33.381,33.381,0,0
aten::unflatten,,,5.46,10.59,0,0,0,0
aten::view,,,5.13,5.13,0,0,0,0
aten::view,,,2.89,2.89,0,0,0,0
aten::empty_like,,,3.93,14.2,0,0,0,0
aten::empty_strided,,,7.12,10.27,0,0,0,0
empty_tensor,,,3.15,3.15,0,0,0,0
triton_rms_kernel,,,15.02,15.02,13.3405,13.3405,0,0
aten::view,,,8.22,8.22,0,0,0,0
aten::unsqueeze,,,3.08,7.54,0,0,0,0
aten::as_strided,,,4.46,4.46,0,0,0,0
_C_ascend::inplace_partial_rotary_mul,,,42.08,72.7,0,5.2,0,0
aten::empty,,,4.65,18.63,0,0,0,0
empty_tensor,,,13.98,13.98,0,0,0,0
aclnnInplacePartialRotaryMul,,,11.99,11.99,5.2,5.2,0,0
wait_event,,,4.57,4.57,0.02,0.02,0,0
aten::slice,,,4.35,8.69,0,0,0,0
aten::as_strided,,,4.34,4.34,0,0,0,0
npu::npu_dynamic_quant,,,28.19,51.7,0,7.1605,0,0
empty_tensor,,,9.47,9.47,0,0,0,0
empty_tensor,,,4.41,4.41,0,0,0,0
aclnnDynamicQuantV2,,,9.63,9.63,7.1605,7.1605,0,0
npu::npu_quant_matmul,,,29.35,51.91,0,14.1205,0,0
empty_tensor,,,7.12,7.12,0,0,0,0
aten::empty,,,2.05,4.05,0,0,0,0
empty_tensor,,,2.0,2.0,0,0,0,0
aten::empty,,,0.93,2.44,0,0,0,0
empty_tensor,,,1.51,1.51,0,0,0,0
aclnnQuantMatmulWeightNz,,,8.95,8.95,14.1205,14.1205,0,0
npu::npu_rms_norm,,,54.16,72.25,0,10.3005,0,0
empty_tensor,,,5.91,5.91,0,0,0,0
empty_tensor,,,3.1,3.1,0,0,0,0
aclnnRmsNorm,,,9.08,9.08,10.3005,10.3005,0,0
aten::view,,,5.54,5.54,0,0,0,0
aten::unsqueeze,,,2.76,6.58,0,0,0,0
aten::as_strided,,,3.82,3.82,0,0,0,0
aten::slice,,,2.97,5.11,0,0,0,0
aten::as_strided,,,2.14,2.14,0,0,0,0
aten::slice,,,1.0,2.79,0,0,0,0
aten::as_strided,,,1.79,1.79,0,0,0,0
_C_ascend::inplace_partial_rotary_mul,,,37.9,63.02,0,10.5405,0,0
aten::empty,,,3.25,13.9,0,0,0,0
empty_tensor,,,10.65,10.65,0,0,0,0
aclnnInplacePartialRotaryMul,,,11.22,11.22,10.5405,10.5405,0,0
_C_ascend::npu_scatter_nd_update_sk,,,32.24,53.05,0,25.94,0,0
aten::empty,,,2.79,11.87,0,0,0,0
empty_tensor,,,9.08,9.08,0,0,0,0
aclnnScatterNdUpdateSk,,,8.94,8.94,25.94,25.94,0,0
aten::squeeze,,,8.56,13.47,0,0,0,0
aten::as_strided,,,4.91,4.91,0,0,0,0
aten::view,,,4.39,4.39,0,0,0,0
aten::view,,,2.23,2.23,0,0,0,0
_C_ascend::compressor,,,46.83,80.42,0,42.8405,0,0
aten::empty,,,2.69,10.96,0,0,0,0
empty_tensor,,,8.27,8.27,0,0,0,0
aten::empty,,,2.3,11.27,0,0,0,0
empty_tensor,,,8.97,8.97,0,0,0,0
aclnnCompressor,,,11.36,11.36,42.8405,42.8405,0,0
_C_ascend::npu_scatter_nd_update_sk,,,32.2,53.64,0,15.58,0,0
aten::empty,,,2.49,11.33,0,0,0,0
empty_tensor,,,8.84,8.84,0,0,0,0
aclnnScatterNdUpdateSk,,,10.11,10.11,15.58,15.58,0,0
_C_ascend::npu_sparse_attn_sharedkv,,,44.01,76.81,0,30.181,0,0
aten::empty,,,2.15,9.94,0,0,0,0
empty_tensor,,,7.79,7.79,0,0,0,0
aten::empty,,,1.02,2.91,0,0,0,0
empty_tensor,,,1.89,1.89,0,0,0,0
aten::empty,,,2.15,9.76,0,0,0,0
empty_tensor,,,7.61,7.61,0,0,0,0
aclnnSparseAttnSharedkv,,,10.19,10.19,30.181,30.181,0,0
destroy_event,,,2.45,2.45,0,0,0,0
aten::unsqueeze,,,3.72,8.35,0,0,0,0
aten::as_strided,,,4.63,4.63,0,0,0,0
aten::neg,,,14.6,29.91,0,1.0605,0,0
empty_tensor,,,6.51,6.51,0,0,0,0
aclnnNeg,,,8.8,8.8,1.0605,1.0605,0,0
_C_ascend::inplace_partial_rotary_mul,,,36.53,58.05,0,5.12,0,0
aten::empty,,,2.76,12.46,0,0,0,0
empty_tensor,,,9.7,9.7,0,0,0,0
aclnnInplacePartialRotaryMul,,,9.06,9.06,5.12,5.12,0,0
aten::view,,,5.57,5.57,0,0,0,0
aten::permute,,,3.47,8.21,0,0,0,0
aten::as_strided,,,4.74,4.74,0,0,0,0
aten::contiguous,,,2.33,38.87,0,12.12,0,0
aten::clone,,,4.29,36.54,0,12.12,0,0
empty_tensor,,,5.95,5.95,0,0,0,0
aten::copy_,,,18.7,26.3,0,12.12,0,0
aclnnInplaceCopy,,,7.6,7.6,12.12,12.12,0,0
aten::view,,,3.55,3.55,0,0,0,0
aten::empty_like,,,4.77,14.04,0,0,0,0
aten::empty_strided,,,6.52,9.27,0,0,0,0
empty_tensor,,,2.75,2.75,0,0,0,0
c10d::alltoall_base_,,,56.65,80.49,0,13.22,0,0
record_event,,,10.32,10.32,0.02,0.02,0,0
wait_event,,,3.65,3.65,0.02,0.02,0,0
HcclAlltoAll,,,2.17,3.99,0,13.14,0,0
HcclAlltoAll,,,1.82,1.82,13.14,13.14,0,0
record_event,,,3.45,3.45,0.02,0.02,0,0
record_event,,,2.43,2.43,0.02,0.02,0,0
wait_event,,,3.29,3.29,10.02,10.02,0,0
destroy_event,,,1.73,1.73,0,0,0,0
aten::view,,,5.36,5.36,0,0,0,0
npu::npu_transpose_batchmatmul,,,29.96,50.55,0,33.0405,0,0
empty_tensor,,,10.7,10.7,0,0,0,0
aclnnTransposeBatchMatMul,,,9.89,9.89,33.0405,33.0405,0,0
aten::reshape,,,1.73,6.35,0,0,0,0
aten::view,,,4.62,4.62,0,0,0,0
vllm::matmul_and_reduce,,,141.81,457.27,0,35.3405,0,0
vllm::unquantized_gemm,,,16.35,78.76,0,16.3605,0,0
aten::linear,,,4.25,62.41,0,16.3605,0,0
aten::t,,,5.42,15.07,0,0,0,0
aten::transpose,,,3.33,9.65,0,0,0,0
aten::as_strided,,,6.32,6.32,0,0,0,0
aten::matmul,,,19.91,43.09,0,16.3605,0,0
empty_tensor,,,12.17,12.17,0,0,0,0
aclnnMatmul,,,11.01,11.01,16.3605,16.3605,0,0
vllm::reduce_scatter,,,114.27,236.7,0,18.98,0,0
aten::movedim,,,1.52,10.75,0,0,0,0
aten::movedim,,,2.48,9.23,0,0,0,0
aten::permute,,,3.13,6.75,0,0,0,0
aten::as_strided,,,3.62,3.62,0,0,0,0
aten::empty,,,2.69,12.26,0,0,0,0
empty_tensor,,,9.57,9.57,0,0,0,0
c10d::_reduce_scatter_base_,,,55.56,83.54,0,18.96,0,0
record_event,,,12.23,12.23,0.02,0.02,0,0
wait_event,,,4.49,4.49,6.16,6.16,0,0
HcclReduceScatterBase,,,2.98,4.83,0,12.34,0,0
HcclReduceScatter,,,1.85,1.85,12.34,12.34,0,0
record_event,,,3.66,3.66,0.24,0.24,0,0
record_event,,,2.77,2.77,0.2,0.2,0,0
wait_event,,,2.98,2.98,0.02,0.02,0,0
destroy_event,,,1.62,1.62,0,0,0,0
aten::movedim,,,1.4,11.28,0,0,0,0
aten::movedim,,,2.41,9.88,0,0,0,0
aten::permute,,,2.83,7.47,0,0,0,0
aten::as_strided,,,4.64,4.64,0,0,0,0
aten::copy_,,,55.74,66.43,0,0.72,0,0
aclnnInplaceCopy,,,10.69,10.69,0.72,0.72,0,0
aten::unsqueeze,,,4.36,8.2,0,0,0,0
aten::as_strided,,,3.84,3.84,0,0,0,0
aten::unsqueeze,,,2.25,3.83,0,0,0,0
aten::as_strided,,,1.58,1.58,0,0,0,0
aten::unsqueeze,,,2.0,3.51,0,0,0,0
aten::as_strided,,,1.51,1.51,0,0,0,0
aten::detach,,,3.4,3.4,0,0,0,0
aten::reshape,,,4.17,7.87,0,0,0,0
aten::view,,,3.7,3.7,0,0,0,0
aten::unsqueeze,,,2.23,3.78,0,0,0,0
aten::as_strided,,,1.55,1.55,0,0,0,0
_C_ascend::npu_hc_post,,,37.94,75.22,0,8.76,0,0
aten::empty,,,2.74,13.31,0,0,0,0
empty_tensor,,,10.57,10.57,0,0,0,0
aten::empty,,,2.23,12.07,0,0,0,0
empty_tensor,,,9.84,9.84,0,0,0,0
aclnnHcPost,,,11.9,11.9,8.76,8.76,0,0
aten::squeeze,,,4.79,7.57,0,0,0,0
aten::as_strided,,,2.78,2.78,0,0,0,0
_C_ascend::npu_hc_pre_v2,,,36.33,74.24,0,31.8805,0,0
aten::empty,,,1.73,9.25,0,0,0,0
empty_tensor,,,7.52,7.52,0,0,0,0
aten::empty,,,1.23,4.68,0,0,0,0
empty_tensor,,,3.45,3.45,0,0,0,0
aten::empty,,,1.22,4.24,0,0,0,0
empty_tensor,,,3.02,3.02,0,0,0,0
aten::empty,,,1.97,9.78,0,0,0,0
empty_tensor,,,7.81,7.81,0,0,0,0
aclnnHcPre,,,9.96,9.96,31.8805,31.8805,0,0
npu::npu_rms_norm,,,48.77,67.35,0,4.7005,0,0
empty_tensor,,,6.33,6.33,0,0,0,0
empty_tensor,,,3.66,3.66,0,0,0,0
aclnnRmsNorm,,,8.59,8.59,4.7005,4.7005,0,0
aten::reshape,,,4.44,8.8,0,0,0,0
aten::view,,,4.36,4.36,0,0,0,0
vllm::moe_forward_shared,,,1901.29,4751.73,0,397.189,0,0
aten::to,,,1.93,45.12,0,5.9805,0,0
aten::_to_copy,,,5.73,43.19,0,5.9805,0,0
aten::empty_strided,,,9.0,13.29,0,0,0,0
empty_tensor,,,4.29,4.29,0,0,0,0
aten::copy_,,,14.9,24.17,0,5.9805,0,0
aclnnInplaceCopy,,,9.27,9.27,5.9805,5.9805,0,0
Event::record,,,76.79,88.85,0,0.22,0,0
record_event,,,12.06,12.06,0.22,0.22,0,0
aten::linear,,,4.46,57.7,0,12.26,0,0
aten::t,,,5.41,13.67,0,0,0,0
aten::transpose,,,2.89,8.26,0,0,0,0
aten::as_strided,,,5.37,5.37,0,0,0,0
aten::matmul,,,18.76,39.57,0,12.26,0,0
empty_tensor,,,10.86,10.86,0,0,0,0
aclnnMatmul,,,9.95,9.95,12.26,12.26,0,0
Event::record,,,69.49,81.32,0,0.22,0,0
record_event,,,11.83,11.83,0.22,0.22,0,0
vllm::maybe_all_gather_and_maybe_unpad,,,44.31,305.18,0,25.560499999999998,0,0
vllm::all_gather,,,128.28,260.87,0,25.560499999999998,0,0
aten::empty,,,4.02,18.25,0,0,0,0
empty_tensor,,,14.23,14.23,0,0,0,0
c10d::_allgather_base_,,,59.77,86.46,0,18.0005,0,0
record_event,,,12.96,12.96,0.02,0.02,0,0
wait_event,,,3.01,3.01,6.8605,6.8605,0,0
HcclAllgatherBase,,,2.99,4.72,0,10.86,0,0
HcclAllGather,,,1.73,1.73,10.86,10.86,0,0
record_event,,,3.59,3.59,0.24,0.24,0,0
record_event,,,2.41,2.41,0.02,0.02,0,0
wait_event,,,3.22,3.22,7.56,7.56,0,0
destroy_event,,,1.62,1.62,0,0,0,0
aten::reshape,,,1.72,8.01,0,0,0,0
aten::view,,,6.29,6.29,0,0,0,0
aten::movedim,,,1.56,10.96,0,0,0,0
aten::movedim,,,2.6,9.4,0,0,0,0
aten::permute,,,2.92,6.8,0,0,0,0
aten::as_strided,,,3.88,3.88,0,0,0,0
aten::reshape,,,0.94,4.07,0,0,0,0
aten::view,,,3.13,3.13,0,0,0,0
vllm::maybe_all_gather_and_maybe_unpad,,,40.95,297.14,0,5.64,0,0
vllm::all_gather,,,128.36,256.19,0,5.64,0,0
aten::empty,,,3.0,18.26,0,0,0,0
empty_tensor,,,15.26,15.26,0,0,0,0
c10d::_allgather_base_,,,53.82,82.22,0,5.62,0,0
record_event,,,13.38,13.38,0.22,0.22,0,0
wait_event,,,3.42,3.42,0.02,0.02,0,0
HcclAllgatherBase,,,3.17,5.04,0,5.12,0,0
HcclAllGather,,,1.87,1.87,5.12,5.12,0,0
record_event,,,3.85,3.85,0.02,0.02,0,0
record_event,,,2.71,2.71,0.24,0.24,0,0
wait_event,,,3.14,3.14,0.02,0.02,0,0
destroy_event,,,2.0,2.0,0,0,0,0
aten::reshape,,,1.62,6.99,0,0,0,0
aten::view,,,5.37,5.37,0,0,0,0
aten::movedim,,,1.45,11.12,0,0,0,0
aten::movedim,,,2.49,9.67,0,0,0,0
aten::permute,,,2.91,7.18,0,0,0,0
aten::as_strided,,,4.27,4.27,0,0,0,0
aten::reshape,,,1.0,4.1,0,0,0,0
aten::view,,,3.1,3.1,0,0,0,0
_C_ascend::moe_gating_top_k_hash,,,42.57,82.34,0,10.7805,0,0
aten::empty,,,3.11,16.0,0,0,0,0
empty_tensor,,,12.89,12.89,0,0,0,0
aten::empty,,,1.33,6.03,0,0,0,0
empty_tensor,,,4.7,4.7,0,0,0,0
aten::empty,,,1.16,5.27,0,0,0,0
empty_tensor,,,4.11,4.11,0,0,0,0
aclnnMoeGatingTopKHash,,,12.47,12.47,10.7805,10.7805,0,0
aten::to,,,1.8,46.78,0,0.98,0,0
aten::_to_copy,,,5.92,44.98,0,0.98,0,0
aten::empty_strided,,,8.33,13.52,0,0,0,0
empty_tensor,,,5.19,5.19,0,0,0,0
aten::copy_,,,16.85,25.54,0,0.98,0,0
aclnnInplaceCopy,,,8.69,8.69,0.98,0.98,0,0
aten::detach,,,4.2,4.2,0,0,0,0
aten::detach,,,1.2,1.2,0,0,0,0
Event::record,,,77.21,91.35,0,0.22,0,0
record_event,,,14.14,14.14,0.22,0.22,0,0
aten::index,,,32.02,56.16,0,25.1805,0,0
empty_tensor,,,6.91,6.91,0,0,0,0
empty_tensor,,,7.88,7.88,0,0,0,0
aclnnIndex,,,9.35,9.35,25.1805,25.1805,0,0
aten::ne,,,11.03,23.26,0,1.34,0,0
empty_tensor,,,5.72,5.72,0,0,0,0
aclnnNeScalar,,,6.51,6.51,1.34,1.34,0,0
aten::mul,,,15.52,27.05,0,2.02,0,0
empty_tensor,,,4.49,4.49,0,0,0,0
aclnnMul,,,7.04,7.04,2.02,2.02,0,0
npu::npu_moe_init_routing_v2,,,22.97,47.6,0,32.381,0,0
empty_tensor,,,8.07,8.07,0,0,0,0
empty_tensor,,,3.49,3.49,0,0,0,0
empty_tensor,,,3.14,3.14,0,0,0,0
empty_tensor,,,2.94,2.94,0,0,0,0
aclnnMoeInitRoutingV3,,,6.99,6.99,32.381,32.381,0,0
aten::to,,,1.63,1.63,0,0,0,0
_C_ascend::grouped_matmul_swiglu_quant_v2,,,178.82,227.36,0,122.582,0,0
aten::empty,,,3.32,13.46,0,0,0,0
empty_tensor,,,10.14,10.14,0,0,0,0
aten::empty,,,1.24,4.65,0,0,0,0
empty_tensor,,,3.41,3.41,0,0,0,0
aten::empty,,,3.63,16.93,0,0,0,0
empty_tensor,,,13.3,13.3,0,0,0,0
aclnnGroupedMatmulSwigluQuantWeightNzV2,,,13.5,13.5,122.582,122.582,0,0
Event::record,,,78.31,92.19,0,0.36,0,0
record_event,,,13.88,13.88,0.36,0.36,0,0
npu::npu_grouped_matmul,,,40.19,68.1,0,72.281,0,0
empty_tensor,,,15.0,15.0,0,0,0,0
npu::get_npu_format,,,2.84,2.84,0,0,0,0
aclnnGroupedMatmulWeightNz,,,10.07,10.07,72.281,72.281,0,0
Event::record,,,72.13,85.06,0,0.02,0,0
record_event,,,12.93,12.93,0.02,0.02,0,0
aten::abs,,,16.02,36.25,0,0.98,0,0
empty_tensor,,,10.97,10.97,0,0,0,0
aclnnAbs,,,9.26,9.26,0.98,0.98,0,0
npu::npu_moe_token_unpermute,,,68.83,85.53,0,16.9405,0,0
empty_tensor,,,7.76,7.76,0,0,0,0
aclnnMoeTokenUnpermute,,,8.94,8.94,16.9405,16.9405,0,0
vllm::maybe_pad_and_reduce,,,38.25,282.97,0,13.241,0,0
vllm::reduce_scatter,,,115.17,244.72,0,13.241,0,0
aten::movedim,,,1.58,14.47,0,0,0,0
aten::movedim,,,2.62,12.89,0,0,0,0
aten::permute,,,3.26,10.27,0,0,0,0
aten::as_strided,,,7.01,7.01,0,0,0,0
aten::empty,,,2.97,13.91,0,0,0,0
empty_tensor,,,10.94,10.94,0,0,0,0
c10d::_reduce_scatter_base_,,,53.81,82.38,0,13.221,0,0
record_event,,,13.95,13.95,0.02,0.02,0,0
wait_event,,,3.18,3.18,0.72,0.72,0,0
HcclReduceScatterBase,,,2.99,5.05,0,12.061,0,0
HcclReduceScatter,,,2.06,2.06,12.061,12.061,0,0
record_event,,,3.93,3.93,0.2,0.2,0,0
record_event,,,2.46,2.46,0.22,0.22,0,0
wait_event,,,3.52,3.52,0.02,0.02,0,0
destroy_event,,,2.01,2.01,0,0,0,0
aten::movedim,,,1.67,13.26,0,0,0,0
aten::movedim,,,2.48,11.59,0,0,0,0
aten::permute,,,3.46,9.11,0,0,0,0
aten::as_strided,,,5.65,5.65,0,0,0,0
Event::wait,,,63.75,76.93,0,0.2,0,0
wait_event,,,13.18,13.18,0.2,0.2,0,0
npu::npu_dynamic_quant,,,28.76,57.12,0,4.0005,0,0
empty_tensor,,,14.09,14.09,0,0,0,0
empty_tensor,,,4.0,4.0,0,0,0,0
aclnnDynamicQuantV2,,,10.27,10.27,4.0005,4.0005,0,0
Event::wait,,,57.85,70.69,0,0.2,0,0
wait_event,,,12.84,12.84,0.2,0.2,0,0
npu::npu_quant_matmul,,,34.48,61.91,0,19.6405,0,0
empty_tensor,,,11.01,11.01,0,0,0,0
aten::empty,,,2.34,4.4,0,0,0,0
empty_tensor,,,2.06,2.06,0,0,0,0
aten::empty,,,0.95,2.5,0,0,0,0
empty_tensor,,,1.55,1.55,0,0,0,0
aclnnQuantMatmulWeightNz,,,9.52,9.52,19.6405,19.6405,0,0
Event::wait,,,56.17,67.22,0,0.2,0,0
wait_event,,,11.05,11.05,0.2,0.2,0,0
_C_ascend::npu_dequant_swiglu_quant,,,47.2,86.74,0,4.92,0,0
aten::empty,,,2.99,13.91,0,0,0,0
empty_tensor,,,10.92,10.92,0,0,0,0
aten::empty,,,1.32,4.92,0,0,0,0
empty_tensor,,,3.6,3.6,0,0,0,0
aten::empty,,,2.32,9.53,0,0,0,0
empty_tensor,,,7.21,7.21,0,0,0,0
aclnnDequantSwigluQuantV2,,,11.18,11.18,4.92,4.92,0,0
Event::wait,,,60.13,72.54,0,0.02,0,0
wait_event,,,12.41,12.41,0.02,0.02,0,0
npu::npu_quant_matmul,,,35.6,63.24,0,18.8005,0,0
empty_tensor,,,10.92,10.92,0,0,0,0
aten::empty,,,2.24,4.36,0,0,0,0
empty_tensor,,,2.12,2.12,0,0,0,0
aten::empty,,,0.91,2.5,0,0,0,0
empty_tensor,,,1.59,1.59,0,0,0,0
aclnnQuantMatmulWeightNz,,,9.86,9.86,18.8005,18.8005,0,0
Event::record,,,68.32,79.8,0,0.02,0,0
record_event,,,11.48,11.48,0.02,0.02,0,0
Event::wait,,,45.84,58.27,0,0.0,0,0
wait_event,,,12.43,12.43,0.0,0.0,0,0
destroy_event,,,8.05,8.05,0,0,0,0
destroy_event,,,6.72,6.72,0,0,0,0
destroy_event,,,1.93,1.93,0,0,0,0
destroy_event,,,1.62,1.62,0,0,0,0
destroy_event,,,1.73,1.73,0,0,0,0
destroy_event,,,1.59,1.59,0,0,0,0
aten::add,,,23.62,43.06,0,7.44,0,0
empty_tensor,,,11.38,11.38,0,0,0,0
aclnnAdd,,,8.06,8.06,7.44,7.44,0,0
vllm::maybe_all_reduce_tensor_model_parallel,,,24.49,24.49,0,0,0,0
aten::unsqueeze,,,5.21,9.25,0,0,0,0
aten::as_strided,,,4.04,4.04,0,0,0,0
aten::unsqueeze,,,2.44,4.26,0,0,0,0
aten::as_strided,,,1.82,1.82,0,0,0,0
aten::unsqueeze,,,2.08,3.52,0,0,0,0
aten::as_strided,,,1.44,1.44,0,0,0,0
aten::unsqueeze,,,1.86,3.28,0,0,0,0
aten::as_strided,,,1.42,1.42,0,0,0,0
_C_ascend::npu_hc_post,,,41.39,75.25,0,7.44,0,0
aten::empty,,,2.56,11.26,0,0,0,0
empty_tensor,,,8.7,8.7,0,0,0,0
aten::empty,,,2.08,12.29,0,0,0,0
empty_tensor,,,10.21,10.21,0,0,0,0
aclnnHcPost,,,10.31,10.31,7.44,7.44,0,0
aten::squeeze,,,4.52,7.45,0,0,0,0
aten::as_strided,,,2.93,2.93,0,0,0,0
_C_ascend::npu_hc_pre_v2,,,39.01,86.92,0,35.061,0,0
aten::empty,,,2.06,8.76,0,0,0,0
empty_tensor,,,6.7,6.7,0,0,0,0
aten::empty,,,1.26,4.8,0,0,0,0
empty_tensor,,,3.54,3.54,0,0,0,0
aten::empty,,,1.17,4.27,0,0,0,0
empty_tensor,,,3.1,3.1,0,0,0,0
aten::empty,,,2.24,20.62,0,0,0,0
empty_tensor,,,18.38,18.38,0,0,0,0
aclnnHcPre,,,9.46,9.46,35.061,35.061,0,0
npu::npu_rms_norm,,,49.5,67.68,0,4.76,0,0
empty_tensor,,,6.28,6.28,0,0,0,0
empty_tensor,,,3.49,3.49,0,0,0,0
aclnnRmsNorm,,,8.41,8.41,4.76,4.76,0,0
aten::empty,,,6.07,13.02,0,0,0,0
empty_tensor,,,6.95,6.95,0,0,0,0
aten::alias,,,4.38,4.38,0,0,0,0
vllm::dsa_forward,,,2169.35,5010.63,0,623.133,0,0
aten::empty,,,3.56,14.18,0,0,0,0
empty_tensor,,,10.62,10.62,0,0,0,0
c10d::_allgather_base_,,,55.85,86.35,0,17.56,0,0
record_event,,,14.11,14.11,0.02,0.02,0,0
wait_event,,,4.67,4.67,7.44,7.44,0,0
HcclAllgatherBase,,,3.05,5.25,0,9.7,0,0
HcclAllGather,,,2.2,2.2,9.7,9.7,0,0
record_event,,,3.88,3.88,0.2,0.2,0,0
record_event,,,2.59,2.59,0.2,0.2,0,0
npu::npu_dynamic_quant,,,29.43,46.71,0,4.06,0,0
empty_tensor,,,9.8,9.8,0,0,0,0
empty_tensor,,,4.24,4.24,0,0,0,0
aclnnDynamicQuantV2,,,3.24,3.24,4.06,4.06,0,0
npu::npu_quant_matmul,,,30.51,55.24,0,17.3805,0,0
empty_tensor,,,6.48,6.48,0,0,0,0
aten::empty,,,2.2,4.29,0,0,0,0
empty_tensor,,,2.09,2.09,0,0,0,0
aten::empty,,,0.95,3.98,0,0,0,0
empty_tensor,,,3.03,3.03,0,0,0,0
aclnnQuantMatmulWeightNz,,,9.98,9.98,17.3805,17.3805,0,0
_C_ascend::npu_rms_norm_dynamic_quant,,,47.71,101.85,0,6.9605,0,0
aten::empty_like,,,5.69,16.5,0,0,0,0
aten::empty_strided,,,7.53,10.81,0,0,0,0
empty_tensor,,,3.28,3.28,0,0,0,0
aten::empty,,,1.61,5.03,0,0,0,0
empty_tensor,,,3.42,3.42,0,0,0,0
aten::empty,,,1.11,4.2,0,0,0,0
empty_tensor,,,3.09,3.09,0,0,0,0
aten::empty_like,,,2.07,7.59,0,0,0,0
aten::empty_strided,,,3.8,5.52,0,0,0,0
empty_tensor,,,1.72,1.72,0,0,0,0
aten::empty,,,2.39,10.36,0,0,0,0
empty_tensor,,,7.97,7.97,0,0,0,0
aclnnRmsNormDynamicQuant,,,10.46,10.46,6.9605,6.9605,0,0
npu::npu_quant_matmul,,,31.14,53.62,0,35.721,0,0
empty_tensor,,,7.37,7.37,0,0,0,0
aten::empty,,,1.57,3.58,0,0,0,0
empty_tensor,,,2.01,2.01,0,0,0,0
aten::empty,,,1.04,2.58,0,0,0,0
empty_tensor,,,1.54,1.54,0,0,0,0
aclnnQuantMatmulWeightNz,,,8.95,8.95,35.721,35.721,0,0
aten::unflatten,,,5.58,11.22,0,0,0,0
aten::view,,,5.64,5.64,0,0,0,0
aten::view,,,2.6,2.6,0,0,0,0
aten::empty_like,,,4.11,15.3,0,0,0,0
aten::empty_strided,,,7.57,11.19,0,0,0,0
empty_tensor,,,3.62,3.62,0,0,0,0
triton_rms_kernel,,,14.94,14.94,13.5005,13.5005,0,0
aten::view,,,7.51,7.51,0,0,0,0
aten::unsqueeze,,,2.99,7.45,0,0,0,0
aten::as_strided,,,4.46,4.46,0,0,0,0
_C_ascend::inplace_partial_rotary_mul,,,42.91,71.8,0,5.28,0,0
aten::empty,,,3.62,17.58,0,0,0,0
empty_tensor,,,13.96,13.96,0,0,0,0
aclnnInplacePartialRotaryMul,,,11.31,11.31,5.28,5.28,0,0
wait_event,,,4.54,4.54,0,0,0,0
aten::slice,,,3.97,8.22,0,0,0,0
aten::as_strided,,,4.25,4.25,0,0,0,0
npu::npu_dynamic_quant,,,28.01,51.81,0,7.1405,0,0
empty_tensor,,,9.51,9.51,0,0,0,0
empty_tensor,,,4.41,4.41,0,0,0,0
aclnnDynamicQuantV2,,,9.88,9.88,7.1405,7.1405,0,0
npu::npu_quant_matmul,,,29.31,51.61,0,13.3405,0,0
empty_tensor,,,7.44,7.44,0,0,0,0
aten::empty,,,2.04,3.91,0,0,0,0
empty_tensor,,,1.87,1.87,0,0,0,0
aten::empty,,,1.07,2.74,0,0,0,0
empty_tensor,,,1.67,1.67,0,0,0,0
aclnnQuantMatmulWeightNz,,,8.21,8.21,13.3405,13.3405,0,0
npu::npu_rms_norm,,,52.24,71.2,0,10.1605,0,0
empty_tensor,,,6.8,6.8,0,0,0,0
empty_tensor,,,3.38,3.38,0,0,0,0
aclnnRmsNorm,,,8.78,8.78,10.1605,10.1605,0,0
aten::view,,,5.76,5.76,0,0,0,0
aten::unsqueeze,,,2.91,6.8,0,0,0,0
aten::as_strided,,,3.89,3.89,0,0,0,0
aten::slice,,,3.02,5.29,0,0,0,0
aten::as_strided,,,2.27,2.27,0,0,0,0
aten::slice,,,0.92,2.68,0,0,0,0
aten::as_strided,,,1.76,1.76,0,0,0,0
_C_ascend::inplace_partial_rotary_mul,,,36.79,60.89,0,10.54,0,0
aten::empty,,,3.12,13.62,0,0,0,0
empty_tensor,,,10.5,10.5,0,0,0,0
aclnnInplacePartialRotaryMul,,,10.48,10.48,10.54,10.54,0,0
_C_ascend::npu_scatter_nd_update_sk,,,32.04,52.22,0,25.7205,0,0
aten::empty,,,2.56,11.09,0,0,0,0
empty_tensor,,,8.53,8.53,0,0,0,0
aclnnScatterNdUpdateSk,,,9.09,9.09,25.7205,25.7205,0,0
aten::squeeze,,,8.56,14.2,0,0,0,0
aten::as_strided,,,5.64,5.64,0,0,0,0
aten::view,,,4.47,4.47,0,0,0,0
aten::view,,,2.59,2.59,0,0,0,0
_C_ascend::compressor,,,46.97,80.03,0,55.101,0,0
aten::empty,,,2.14,11.05,0,0,0,0
empty_tensor,,,8.91,8.91,0,0,0,0
aten::empty,,,2.15,10.55,0,0,0,0
empty_tensor,,,8.4,8.4,0,0,0,0
aclnnCompressor,,,11.46,11.46,55.101,55.101,0,0
aten::reshape,,,1.63,6.84,0,0,0,0
aten::view,,,5.21,5.21,0,0,0,0
aten::linear,,,3.76,49.74,0,6.7205,0,0
aten::t,,,4.82,11.02,0,0,0,0
aten::transpose,,,2.5,6.2,0,0,0,0
aten::as_strided,,,3.7,3.7,0,0,0,0
aten::matmul,,,18.69,34.96,0,6.7205,0,0
empty_tensor,,,6.87,6.87,0,0,0,0
aclnnMatmul,,,9.4,9.4,6.7205,6.7205,0,0
aten::mul,,,14.98,31.06,0,1.22,0,0
empty_tensor,,,5.41,5.41,0,0,0,0
aten::item,,,1.74,3.25,0,0,0,0
aten::_local_scalar_dense,,,1.51,1.51,0,0,0,0
aclnnMuls,,,7.42,7.42,1.22,1.22,0,0
aten::alias,,,2.49,2.49,0,0,0,0
aten::reshape,,,1.19,5.08,0,0,0,0
aten::view,,,3.89,3.89,0,0,0,0
npu::npu_dynamic_quant,,,23.99,45.64,0,2.42,0,0
empty_tensor,,,9.38,9.38,0,0,0,0
empty_tensor,,,4.1,4.1,0,0,0,0
aclnnDynamicQuantV2,,,8.17,8.17,2.42,2.42,0,0
aten::unsqueeze,,,3.04,6.96,0,0,0,0
aten::as_strided,,,3.92,3.92,0,0,0,0
_C_ascend::npu_scatter_nd_update_sk,,,41.89,63.29,0,19.34,0,0
aten::empty,,,3.27,11.89,0,0,0,0
empty_tensor,,,8.62,8.62,0,0,0,0
aclnnScatterNdUpdateSk,,,9.51,9.51,19.34,19.34,0,0
aten::to,,,1.8,41.09,0,1.12,0,0
aten::_to_copy,,,5.51,39.29,0,1.12,0,0
aten::empty_strided,,,7.78,11.49,0,0,0,0
empty_tensor,,,3.71,3.71,0,0,0,0
aten::copy_,,,14.4,22.29,0,1.12,0,0
aclnnInplaceCopy,,,7.89,7.89,1.12,1.12,0,0
aten::unsqueeze,,,2.74,6.76,0,0,0,0
aten::as_strided,,,4.02,4.02,0,0,0,0
_C_ascend::npu_scatter_nd_update_sk,,,30.79,51.08,0,18.5605,0,0
aten::empty,,,2.15,10.95,0,0,0,0
empty_tensor,,,8.8,8.8,0,0,0,0
aclnnScatterNdUpdateSk,,,9.34,9.34,18.5605,18.5605,0,0
npu::npu_quant_matmul,,,29.72,52.26,0,16.2,0,0
empty_tensor,,,7.56,7.56,0,0,0,0
aten::empty,,,1.75,3.83,0,0,0,0
empty_tensor,,,2.08,2.08,0,0,0,0
aten::empty,,,1.0,2.63,0,0,0,0
empty_tensor,,,1.63,1.63,0,0,0,0
aclnnQuantMatmulWeightNz,,,8.52,8.52,16.2,16.2,0,0
aten::view,,,4.87,4.87,0,0,0,0
aten::unsqueeze,,,2.47,6.34,0,0,0,0
aten::as_strided,,,3.87,3.87,0,0,0,0
_C_ascend::inplace_partial_rotary_mul,,,38.72,60.52,0,5.5,0,0
aten::empty,,,2.7,12.23,0,0,0,0
empty_tensor,,,9.53,9.53,0,0,0,0
aclnnInplacePartialRotaryMul,,,9.57,9.57,5.5,5.5,0,0
aten::reshape,,,1.64,6.45,0,0,0,0
aten::view,,,4.81,4.81,0,0,0,0
aten::linear,,,3.92,45.94,0,5.5,0,0
aten::t,,,5.23,11.69,0,0,0,0
aten::transpose,,,2.77,6.46,0,0,0,0
aten::as_strided,,,3.69,3.69,0,0,0,0
aten::matmul,,,16.44,30.33,0,5.5,0,0
empty_tensor,,,6.42,6.42,0,0,0,0
aclnnMatmul,,,7.47,7.47,5.5,5.5,0,0
aten::mul,,,14.19,29.42,0,5.4,0,0
empty_tensor,,,5.65,5.65,0,0,0,0
aten::item,,,1.56,2.85,0,0,0,0
aten::_local_scalar_dense,,,1.29,1.29,0,0,0,0
aclnnMuls,,,6.73,6.73,5.4,5.4,0,0
aten::alias,,,2.42,2.42,0,0,0,0
aten::reshape,,,1.28,5.15,0,0,0,0
aten::view,,,3.87,3.87,0,0,0,0
vllm::unquantized_gemm,,,17.63,64.98,0,11.5805,0,0
aten::linear,,,3.48,47.35,0,11.5805,0,0
aten::t,,,4.34,11.64,0,0,0,0
aten::transpose,,,2.69,7.3,0,0,0,0
aten::as_strided,,,4.61,4.61,0,0,0,0
aten::matmul,,,15.74,32.23,0,11.5805,0,0
empty_tensor,,,7.84,7.84,0,0,0,0
aclnnMatmul,,,8.65,8.65,11.5805,11.5805,0,0
aten::mul,,,15.14,32.33,0,0.9,0,0
empty_tensor,,,6.69,6.69,0,0,0,0
aten::item,,,1.56,2.81,0,0,0,0
aten::_local_scalar_dense,,,1.25,1.25,0,0,0,0
aclnnMuls,,,7.69,7.69,0.9,0.9,0,0
npu::npu_dynamic_quant,,,22.8,40.48,0,6.5005,0,0
empty_tensor,,,6.21,6.21,0,0,0,0
empty_tensor,,,4.41,4.41,0,0,0,0
aclnnDynamicQuantV2,,,7.06,7.06,6.5005,6.5005,0,0
aten::to,,,1.77,36.23,0,0.92,0,0
aten::_to_copy,,,5.77,34.46,0,0.92,0,0
aten::empty_strided,,,6.84,9.97,0,0,0,0
empty_tensor,,,3.13,3.13,0,0,0,0
aten::copy_,,,11.73,18.72,0,0.92,0,0
aclnnInplaceCopy,,,6.99,6.99,0.92,0.92,0,0
aten::to,,,1.1,30.17,0,1.2,0,0
aten::_to_copy,,,3.43,29.07,0,1.2,0,0
aten::empty_strided,,,5.64,8.64,0,0,0,0
empty_tensor,,,3.0,3.0,0,0,0,0
aten::copy_,,,9.42,17.0,0,1.2,0,0
aclnnInplaceCopy,,,7.58,7.58,1.2,1.2,0,0
aten::squeeze,,,6.92,11.88,0,0,0,0
aten::as_strided,,,4.96,4.96,0,0,0,0
aten::to,,,0.94,0.94,0,0,0,0
aten::slice,,,6.76,9.55,0,0,0,0
aten::as_strided,,,2.79,2.79,0,0,0,0
_C_ascend::npu_vllm_quant_lightning_indexer,,,52.07,86.68,0,77.8815,0,0
aten::empty,,,2.15,9.63,0,0,0,0
empty_tensor,,,7.48,7.48,0,0,0,0
aten::empty,,,1.15,2.89,0,0,0,0
empty_tensor,,,1.74,1.74,0,0,0,0
aten::empty,,,2.01,11.19,0,0,0,0
empty_tensor,,,9.18,9.18,0,0,0,0
aclnnVllmQuantLightningIndexer,,,10.9,10.9,77.8815,77.8815,0,0
aten::squeeze,,,6.84,12.34,0,0,0,0
aten::as_strided,,,5.5,5.5,0,0,0,0
aten::view,,,4.29,4.29,0,0,0,0
aten::view,,,2.16,2.16,0,0,0,0
_C_ascend::compressor,,,47.32,80.65,0,57.121,0,0
aten::empty,,,2.19,12.21,0,0,0,0
empty_tensor,,,10.02,10.02,0,0,0,0
aten::empty,,,2.17,10.7,0,0,0,0
empty_tensor,,,8.53,8.53,0,0,0,0
aclnnCompressor,,,10.42,10.42,57.121,57.121,0,0
_C_ascend::npu_scatter_nd_update_sk,,,32.74,53.82,0,18.8805,0,0
aten::empty,,,2.33,11.31,0,0,0,0
empty_tensor,,,8.98,8.98,0,0,0,0
aclnnScatterNdUpdateSk,,,9.77,9.77,18.8805,18.8805,0,0
_C_ascend::npu_sparse_attn_sharedkv,,,55.99,88.8,0,42.581,0,0
aten::empty,,,2.08,9.58,0,0,0,0
empty_tensor,,,7.5,7.5,0,0,0,0
aten::empty,,,1.22,3.35,0,0,0,0
empty_tensor,,,2.13,2.13,0,0,0,0
aten::empty,,,1.98,10.12,0,0,0,0
empty_tensor,,,8.14,8.14,0,0,0,0
aclnnSparseAttnSharedkv,,,9.76,9.76,42.581,42.581,0,0
destroy_event,,,2.94,2.94,0,0,0,0
aten::unsqueeze,,,3.89,8.67,0,0,0,0
aten::as_strided,,,4.78,4.78,0,0,0,0
aten::neg,,,14.6,31.04,0,0.98,0,0
empty_tensor,,,7.68,7.68,0,0,0,0
aclnnNeg,,,8.76,8.76,0.98,0.98,0,0
_C_ascend::inplace_partial_rotary_mul,,,36.96,58.48,0,5.2,0,0
aten::empty,,,2.69,12.31,0,0,0,0
empty_tensor,,,9.62,9.62,0,0,0,0
aclnnInplacePartialRotaryMul,,,9.21,9.21,5.2,5.2,0,0
aten::view,,,5.72,5.72,0,0,0,0
aten::permute,,,3.0,7.38,0,0,0,0
aten::as_strided,,,4.38,4.38,0,0,0,0
aten::contiguous,,,2.42,40.06,0,12.84,0,0
aten::clone,,,4.46,37.64,0,12.84,0,0
empty_tensor,,,6.59,6.59,0,0,0,0
aten::copy_,,,18.41,26.59,0,12.84,0,0
aclnnInplaceCopy,,,8.18,8.18,12.84,12.84,0,0
aten::view,,,7.51,7.51,0,0,0,0
aten::empty_like,,,4.97,14.58,0,0,0,0
aten::empty_strided,,,6.88,9.61,0,0,0,0
empty_tensor,,,2.73,2.73,0,0,0,0
c10d::alltoall_base_,,,58.36,86.16,0,18.281000000000002,0,0
record_event,,,11.94,11.94,0.02,0.02,0,0
wait_event,,,3.3,3.3,5.16,5.16,0,0
HcclAlltoAll,,,2.09,3.54,0,12.861,0,0
HcclAlltoAll,,,1.45,1.45,12.861,12.861,0,0
record_event,,,6.66,6.66,0.22,0.22,0,0
record_event,,,2.36,2.36,0.02,0.02,0,0
wait_event,,,3.25,3.25,0.02,0.02,0,0
destroy_event,,,1.48,1.48,0,0,0,0
aten::view,,,5.87,5.87,0,0,0,0
npu::npu_transpose_batchmatmul,,,30.0,51.49,0,33.4205,0,0
empty_tensor,,,11.14,11.14,0,0,0,0
aclnnTransposeBatchMatMul,,,10.35,10.35,33.4205,33.4205,0,0
aten::reshape,,,1.58,6.33,0,0,0,0
aten::view,,,4.75,4.75,0,0,0,0
vllm::matmul_and_reduce,,,144.35,455.0,0,29.64,0,0
vllm::unquantized_gemm,,,15.97,77.19,0,15.76,0,0
aten::linear,,,4.84,61.22,0,15.76,0,0
aten::t,,,5.6,15.4,0,0,0,0
aten::transpose,,,3.37,9.8,0,0,0,0
aten::as_strided,,,6.43,6.43,0,0,0,0
aten::matmul,,,19.33,40.98,0,15.76,0,0
empty_tensor,,,10.56,10.56,0,0,0,0
aclnnMatmul,,,11.09,11.09,15.76,15.76,0,0
vllm::reduce_scatter,,,115.74,233.46,0,13.88,0,0
aten::movedim,,,1.54,10.5,0,0,0,0
aten::movedim,,,2.54,8.96,0,0,0,0
aten::permute,,,2.69,6.42,0,0,0,0
aten::as_strided,,,3.73,3.73,0,0,0,0
aten::empty,,,2.58,12.1,0,0,0,0
empty_tensor,,,9.52,9.52,0,0,0,0
c10d::_reduce_scatter_base_,,,53.55,79.45,0,13.860000000000001,0,0
record_event,,,12.01,12.01,0.22,0.22,0,0
wait_event,,,3.1,3.1,0.02,0.02,0,0
HcclReduceScatterBase,,,2.8,4.73,0,13.22,0,0
HcclReduceScatter,,,1.93,1.93,13.22,13.22,0,0
record_event,,,3.69,3.69,0.2,0.2,0,0
record_event,,,2.37,2.37,0.2,0.2,0,0
wait_event,,,3.08,3.08,0.02,0.02,0,0
destroy_event,,,1.55,1.55,0,0,0,0
aten::movedim,,,1.32,11.04,0,0,0,0
aten::movedim,,,2.31,9.72,0,0,0,0
aten::permute,,,2.66,7.41,0,0,0,0
aten::as_strided,,,4.75,4.75,0,0,0,0
aten::copy_,,,55.18,65.54,0,0.74,0,0
aclnnInplaceCopy,,,10.36,10.36,0.74,0.74,0,0
aten::unsqueeze,,,4.37,8.19,0,0,0,0
aten::as_strided,,,3.82,3.82,0,0,0,0
aten::unsqueeze,,,2.32,3.92,0,0,0,0
aten::as_strided,,,1.6,1.6,0,0,0,0
aten::unsqueeze,,,1.92,3.36,0,0,0,0
aten::as_strided,,,1.44,1.44,0,0,0,0
aten::detach,,,3.5,3.5,0,0,0,0
aten::reshape,,,4.79,8.35,0,0,0,0
aten::view,,,3.56,3.56,0,0,0,0
aten::unsqueeze,,,2.99,4.65,0,0,0,0
aten::as_strided,,,1.66,1.66,0,0,0,0
_C_ascend::npu_hc_post,,,38.1,75.35,0,7.56,0,0
aten::empty,,,2.61,13.22,0,0,0,0
empty_tensor,,,10.61,10.61,0,0,0,0
aten::empty,,,2.42,12.51,0,0,0,0
empty_tensor,,,10.09,10.09,0,0,0,0
aclnnHcPost,,,11.52,11.52,7.56,7.56,0,0
aten::squeeze,,,4.39,6.85,0,0,0,0
aten::as_strided,,,2.46,2.46,0,0,0,0
_C_ascend::npu_hc_pre_v2,,,36.49,76.6,0,32.6005,0,0
aten::empty,,,2.21,8.57,0,0,0,0
empty_tensor,,,6.36,6.36,0,0,0,0
aten::empty,,,1.29,5.48,0,0,0,0
empty_tensor,,,4.19,4.19,0,0,0,0
aten::empty,,,1.14,5.41,0,0,0,0
empty_tensor,,,4.27,4.27,0,0,0,0
aten::empty,,,1.98,10.26,0,0,0,0
empty_tensor,,,8.28,8.28,0,0,0,0
aclnnHcPre,,,10.39,10.39,32.6005,32.6005,0,0
npu::npu_rms_norm,,,47.64,66.16,0,5.9805,0,0
empty_tensor,,,5.97,5.97,0,0,0,0
empty_tensor,,,3.58,3.58,0,0,0,0
aclnnRmsNorm,,,8.97,8.97,5.9805,5.9805,0,0
aten::reshape,,,4.61,9.06,0,0,0,0
aten::view,,,4.45,4.45,0,0,0,0
vllm::moe_forward_shared,,,1916.29,4775.96,0,356.527,0,0
aten::to,,,1.99,45.77,0,5.96,0,0
aten::_to_copy,,,5.55,43.78,0,5.96,0,0
aten::empty_strided,,,8.95,13.24,0,0,0,0
empty_tensor,,,4.29,4.29,0,0,0,0
aten::copy_,,,15.16,24.99,0,5.96,0,0
aclnnInplaceCopy,,,9.83,9.83,5.96,5.96,0,0
Event::record,,,76.76,88.83,0,0.2,0,0
record_event,,,12.07,12.07,0.2,0.2,0,0
aten::linear,,,5.36,59.33,0,11.6,0,0
aten::t,,,5.55,14.2,0,0,0,0
aten::transpose,,,2.83,8.65,0,0,0,0
aten::as_strided,,,5.82,5.82,0,0,0,0
aten::matmul,,,19.19,39.77,0,11.6,0,0
empty_tensor,,,10.87,10.87,0,0,0,0
aclnnMatmul,,,9.71,9.71,11.6,11.6,0,0
Event::record,,,70.4,81.61,0,0.24,0,0
record_event,,,11.21,11.21,0.24,0.24,0,0
vllm::maybe_all_gather_and_maybe_unpad,,,44.9,302.76,0,10.581,0,0
vllm::all_gather,,,127.63,257.86,0,10.581,0,0
aten::empty,,,3.88,17.57,0,0,0,0
empty_tensor,,,13.69,13.69,0,0,0,0
c10d::_allgather_base_,,,56.69,84.78,0,10.561,0,0
record_event,,,13.91,13.91,0.2,0.2,0,0
wait_event,,,3.22,3.22,0.02,0.02,0,0
HcclAllgatherBase,,,3.16,5.08,0,10.301,0,0
HcclAllGather,,,1.92,1.92,10.301,10.301,0,0
record_event,,,3.5,3.5,0.02,0.02,0,0
record_event,,,2.38,2.38,0.02,0.02,0,0
wait_event,,,3.12,3.12,0.02,0.02,0,0
destroy_event,,,1.57,1.57,0,0,0,0
aten::reshape,,,1.78,8.2,0,0,0,0
aten::view,,,6.42,6.42,0,0,0,0
aten::movedim,,,1.52,11.08,0,0,0,0
aten::movedim,,,2.56,9.56,0,0,0,0
aten::permute,,,3.04,7.0,0,0,0,0
aten::as_strided,,,3.96,3.96,0,0,0,0
aten::reshape,,,0.94,3.91,0,0,0,0
aten::view,,,2.97,2.97,0,0,0,0
vllm::maybe_all_gather_and_maybe_unpad,,,40.28,273.91,0,5.800999999999999,0,0
vllm::all_gather,,,114.42,233.63,0,5.800999999999999,0,0
aten::empty,,,2.95,15.37,0,0,0,0
empty_tensor,,,12.42,12.42,0,0,0,0
c10d::_allgather_base_,,,51.42,77.39,0,5.781,0,0
record_event,,,12.28,12.28,0.24,0.24,0,0
wait_event,,,2.93,2.93,0.02,0.02,0,0
HcclAllgatherBase,,,3.03,4.83,0,5.281,0,0
HcclAllGather,,,1.8,1.8,5.281,5.281,0,0
record_event,,,3.4,3.4,0.02,0.02,0,0
record_event,,,2.53,2.53,0.22,0.22,0,0
wait_event,,,3.56,3.56,0.02,0.02,0,0
destroy_event,,,1.65,1.65,0,0,0,0
aten::reshape,,,1.51,6.62,0,0,0,0
aten::view,,,5.11,5.11,0,0,0,0
aten::movedim,,,1.53,10.68,0,0,0,0
aten::movedim,,,2.56,9.15,0,0,0,0
aten::permute,,,2.72,6.59,0,0,0,0
aten::as_strided,,,3.87,3.87,0,0,0,0
aten::reshape,,,0.92,3.94,0,0,0,0
aten::view,,,3.02,3.02,0,0,0,0
_C_ascend::moe_gating_top_k_hash,,,41.24,79.72,0,12.14,0,0
aten::empty,,,3.12,15.64,0,0,0,0
empty_tensor,,,12.52,12.52,0,0,0,0
aten::empty,,,1.23,5.16,0,0,0,0
empty_tensor,,,3.93,3.93,0,0,0,0
aten::empty,,,1.28,5.09,0,0,0,0
empty_tensor,,,3.81,3.81,0,0,0,0
aclnnMoeGatingTopKHash,,,12.59,12.59,12.14,12.14,0,0
aten::to,,,1.84,47.46,0,0.92,0,0
aten::_to_copy,,,5.95,45.62,0,0.92,0,0
aten::empty_strided,,,8.45,13.69,0,0,0,0
empty_tensor,,,5.24,5.24,0,0,0,0
aten::copy_,,,16.91,25.98,0,0.92,0,0
aclnnInplaceCopy,,,9.07,9.07,0.92,0.92,0,0
aten::detach,,,4.51,4.51,0,0,0,0
aten::detach,,,1.1,1.1,0,0,0,0
Event::record,,,78.76,92.0,0,0.02,0,0
record_event,,,13.24,13.24,0.02,0.02,0,0
aten::index,,,32.89,62.1,0,19.6605,0,0
empty_tensor,,,6.45,6.45,0,0,0,0
empty_tensor,,,7.88,7.88,0,0,0,0
aclnnIndex,,,14.88,14.88,19.6605,19.6605,0,0
aten::ne,,,11.72,24.34,0,1.36,0,0
empty_tensor,,,6.12,6.12,0,0,0,0
aclnnNeScalar,,,6.5,6.5,1.36,1.36,0,0
aten::mul,,,15.25,25.79,0,2.3,0,0
empty_tensor,,,4.44,4.44,0,0,0,0
aclnnMul,,,6.1,6.1,2.3,2.3,0,0
npu::npu_moe_init_routing_v2,,,23.4,47.76,0,30.4205,0,0
empty_tensor,,,8.42,8.42,0,0,0,0
empty_tensor,,,3.18,3.18,0,0,0,0
empty_tensor,,,2.82,2.82,0,0,0,0
empty_tensor,,,2.97,2.97,0,0,0,0
aclnnMoeInitRoutingV3,,,6.97,6.97,30.4205,30.4205,0,0
aten::to,,,1.66,1.66,0,0,0,0
_C_ascend::grouped_matmul_swiglu_quant_v2,,,181.48,231.55,0,111.822,0,0
aten::empty,,,3.16,13.57,0,0,0,0
empty_tensor,,,10.41,10.41,0,0,0,0
aten::empty,,,1.34,5.11,0,0,0,0
empty_tensor,,,3.77,3.77,0,0,0,0
aten::empty,,,3.53,18.01,0,0,0,0
empty_tensor,,,14.48,14.48,0,0,0,0
aclnnGroupedMatmulSwigluQuantWeightNzV2,,,13.38,13.38,111.822,111.822,0,0
Event::record,,,78.16,91.81,0,0.26,0,0
record_event,,,13.65,13.65,0.26,0.26,0,0
npu::npu_grouped_matmul,,,45.83,78.41,0,63.601,0,0
empty_tensor,,,20.07,20.07,0,0,0,0
npu::get_npu_format,,,2.05,2.05,0,0,0,0
aclnnGroupedMatmulWeightNz,,,10.46,10.46,63.601,63.601,0,0
Event::record,,,71.62,84.44,0,0.22,0,0
record_event,,,12.82,12.82,0.22,0.22,0,0
aten::abs,,,16.85,37.73,0,1.14,0,0
empty_tensor,,,10.82,10.82,0,0,0,0
aclnnAbs,,,10.06,10.06,1.14,1.14,0,0
npu::npu_moe_token_unpermute,,,69.69,86.47,0,13.14,0,0
empty_tensor,,,8.01,8.01,0,0,0,0
aclnnMoeTokenUnpermute,,,8.77,8.77,13.14,13.14,0,0
vllm::maybe_pad_and_reduce,,,37.78,290.13,0,18.7,0,0
vllm::reduce_scatter,,,116.31,252.35,0,18.7,0,0
aten::movedim,,,1.66,13.52,0,0,0,0
aten::movedim,,,2.77,11.86,0,0,0,0
aten::permute,,,3.38,9.09,0,0,0,0
aten::as_strided,,,5.71,5.71,0,0,0,0
aten::empty,,,2.89,13.72,0,0,0,0
empty_tensor,,,10.83,10.83,0,0,0,0
c10d::_reduce_scatter_base_,,,59.15,91.52,0,18.7,0,0
record_event,,,15.65,15.65,0.02,0.02,0,0
wait_event,,,5.26,5.26,6.48,6.48,0,0
HcclReduceScatterBase,,,3.08,5.1,0,11.98,0,0
HcclReduceScatter,,,2.02,2.02,11.98,11.98,0,0
record_event,,,3.85,3.85,0.2,0.2,0,0
record_event,,,2.51,2.51,0.02,0.02,0,0
wait_event,,,3.21,3.21,0.0,0.0,0,0
destroy_event,,,2.02,2.02,0,0,0,0
aten::movedim,,,1.45,12.05,0,0,0,0
aten::movedim,,,2.32,10.6,0,0,0,0
aten::permute,,,2.9,8.28,0,0,0,0
aten::as_strided,,,5.38,5.38,0,0,0,0
Event::wait,,,65.44,79.32,0,0,0,0
wait_event,,,13.88,13.88,0,0,0,0
npu::npu_dynamic_quant,,,29.15,55.77,0,4.12,0,0
empty_tensor,,,12.17,12.17,0,0,0,0
empty_tensor,,,4.05,4.05,0,0,0,0
aclnnDynamicQuantV2,,,10.4,10.4,4.12,4.12,0,0
Event::wait,,,59.05,71.9,0,0,0,0
wait_event,,,12.85,12.85,0,0,0,0
npu::npu_quant_matmul,,,34.61,63.47,0,19.44,0,0
empty_tensor,,,10.87,10.87,0,0,0,0
aten::empty,,,2.38,4.49,0,0,0,0
empty_tensor,,,2.11,2.11,0,0,0,0
aten::empty,,,1.01,2.59,0,0,0,0
empty_tensor,,,1.58,1.58,0,0,0,0
aclnnQuantMatmulWeightNz,,,10.91,10.91,19.44,19.44,0,0
Event::wait,,,56.1,68.1,0,0,0,0
wait_event,,,12.0,12.0,0,0,0,0
_C_ascend::npu_dequant_swiglu_quant,,,46.99,85.67,0,5.2805,0,0
aten::empty,,,2.9,14.0,0,0,0,0
empty_tensor,,,11.1,11.1,0,0,0,0
aten::empty,,,1.21,4.82,0,0,0,0
empty_tensor,,,3.61,3.61,0,0,0,0
aten::empty,,,2.12,8.9,0,0,0,0
empty_tensor,,,6.78,6.78,0,0,0,0
aclnnDequantSwigluQuantV2,,,10.96,10.96,5.2805,5.2805,0,0
Event::wait,,,59.55,72.73,0,0.22,0,0
wait_event,,,13.18,13.18,0.22,0.22,0,0
npu::npu_quant_matmul,,,35.46,63.36,0,17.3405,0,0
empty_tensor,,,10.54,10.54,0,0,0,0
aten::empty,,,2.31,4.6,0,0,0,0
empty_tensor,,,2.29,2.29,0,0,0,0
aten::empty,,,1.01,2.84,0,0,0,0
empty_tensor,,,1.83,1.83,0,0,0,0
aclnnQuantMatmulWeightNz,,,9.92,9.92,17.3405,17.3405,0,0
Event::record,,,69.84,81.23,0,0.02,0,0
record_event,,,11.39,11.39,0.02,0.02,0,0
Event::wait,,,44.88,55.51,0,0.02,0,0
wait_event,,,10.63,10.63,0.02,0.02,0,0
destroy_event,,,6.75,6.75,0,0,0,0
destroy_event,,,6.59,6.59,0,0,0,0
destroy_event,,,3.48,3.48,0,0,0,0
destroy_event,,,1.61,1.61,0,0,0,0
destroy_event,,,3.46,3.46,0,0,0,0
destroy_event,,,1.53,1.53,0,0,0,0
aten::add,,,22.71,41.47,0,7.54,0,0
empty_tensor,,,11.24,11.24,0,0,0,0
aclnnAdd,,,7.52,7.52,7.54,7.54,0,0
vllm::maybe_all_reduce_tensor_model_parallel,,,24.1,24.1,0,0,0,0
aten::unsqueeze,,,4.86,9.12,0,0,0,0
aten::as_strided,,,4.26,4.26,0,0,0,0
aten::unsqueeze,,,2.24,4.14,0,0,0,0
aten::as_strided,,,1.9,1.9,0,0,0,0
aten::unsqueeze,,,3.74,5.42,0,0,0,0
aten::as_strided,,,1.68,1.68,0,0,0,0
aten::unsqueeze,,,1.81,3.31,0,0,0,0
aten::as_strided,,,1.5,1.5,0,0,0,0
_C_ascend::npu_hc_post,,,41.62,75.86,0,7.3605,0,0
aten::empty,,,2.7,11.52,0,0,0,0
empty_tensor,,,8.82,8.82,0,0,0,0
aten::empty,,,2.31,12.29,0,0,0,0
empty_tensor,,,9.98,9.98,0,0,0,0
aclnnHcPost,,,10.43,10.43,7.3605,7.3605,0,0
aten::squeeze,,,4.49,7.36,0,0,0,0
aten::as_strided,,,2.87,2.87,0,0,0,0
_C_ascend::npu_hc_pre_v2,,,37.54,74.58,0,40.701,0,0
aten::empty,,,2.07,8.64,0,0,0,0
empty_tensor,,,6.57,6.57,0,0,0,0
aten::empty,,,1.22,4.71,0,0,0,0
empty_tensor,,,3.49,3.49,0,0,0,0
aten::empty,,,1.03,3.85,0,0,0,0
empty_tensor,,,2.82,2.82,0,0,0,0
aten::empty,,,1.96,9.98,0,0,0,0
empty_tensor,,,8.02,8.02,0,0,0,0
aclnnHcPre,,,9.86,9.86,40.701,40.701,0,0
npu::npu_rms_norm,,,49.91,68.92,0,4.8205,0,0
empty_tensor,,,6.71,6.71,0,0,0,0
empty_tensor,,,3.39,3.39,0,0,0,0
aclnnRmsNorm,,,8.91,8.91,4.8205,4.8205,0,0
aten::empty,,,6.28,12.78,0,0,0,0
empty_tensor,,,6.5,6.5,0,0,0,0
aten::alias,,,3.91,3.91,0,0,0,0
vllm::dsa_forward,,,1470.98,3363.15,0,369.2665,0,0
aten::empty,,,3.33,13.36,0,0,0,0
empty_tensor,,,10.03,10.03,0,0,0,0
c10d::_allgather_base_,,,55.07,84.05,0,16.62,0,0
record_event,,,14.15,14.15,0.02,0.02,0,0
wait_event,,,3.59,3.59,5.4,5.4,0,0
HcclAllgatherBase,,,2.96,5.19,0,10.74,0,0
HcclAllGather,,,2.23,2.23,10.74,10.74,0,0
record_event,,,3.61,3.61,0.24,0.24,0,0
record_event,,,2.44,2.44,0.22,0.22,0,0
npu::npu_dynamic_quant,,,29.3,46.84,0,4.24,0,0
empty_tensor,,,9.71,9.71,0,0,0,0
empty_tensor,,,4.43,4.43,0,0,0,0
aclnnDynamicQuantV2,,,3.4,3.4,4.24,4.24,0,0
npu::npu_quant_matmul,,,29.16,53.42,0,16.2405,0,0
empty_tensor,,,6.84,6.84,0,0,0,0
aten::empty,,,2.3,4.37,0,0,0,0
empty_tensor,,,2.07,2.07,0,0,0,0
aten::empty,,,0.93,2.51,0,0,0,0
empty_tensor,,,1.58,1.58,0,0,0,0
aclnnQuantMatmulWeightNz,,,10.54,10.54,16.2405,16.2405,0,0
_C_ascend::npu_rms_norm_dynamic_quant,,,46.0,99.65,0,7.16,0,0
aten::empty_like,,,5.38,16.1,0,0,0,0
aten::empty_strided,,,7.55,10.72,0,0,0,0
empty_tensor,,,3.17,3.17,0,0,0,0
aten::empty,,,1.35,4.88,0,0,0,0
empty_tensor,,,3.53,3.53,0,0,0,0
aten::empty,,,0.98,4.04,0,0,0,0
empty_tensor,,,3.06,3.06,0,0,0,0
aten::empty_like,,,1.97,7.4,0,0,0,0
aten::empty_strided,,,3.74,5.43,0,0,0,0
empty_tensor,,,1.69,1.69,0,0,0,0
aten::empty,,,2.0,9.98,0,0,0,0
empty_tensor,,,7.98,7.98,0,0,0,0
aclnnRmsNormDynamicQuant,,,11.25,11.25,7.16,7.16,0,0
npu::npu_quant_matmul,,,30.01,52.02,0,33.2005,0,0
empty_tensor,,,6.88,6.88,0,0,0,0
aten::empty,,,1.65,3.64,0,0,0,0
empty_tensor,,,1.99,1.99,0,0,0,0
aten::empty,,,1.0,2.46,0,0,0,0
empty_tensor,,,1.46,1.46,0,0,0,0
aclnnQuantMatmulWeightNz,,,9.03,9.03,33.2005,33.2005,0,0
aten::unflatten,,,6.1,11.75,0,0,0,0
aten::view,,,5.65,5.65,0,0,0,0
aten::view,,,2.98,2.98,0,0,0,0
aten::empty_like,,,4.02,14.69,0,0,0,0
aten::empty_strided,,,7.14,10.67,0,0,0,0
empty_tensor,,,3.53,3.53,0,0,0,0
triton_rms_kernel,,,21.57,21.57,13.0005,13.0005,0,0
aten::view,,,8.28,8.28,0,0,0,0
aten::unsqueeze,,,3.02,7.22,0,0,0,0
aten::as_strided,,,4.2,4.2,0,0,0,0
_C_ascend::inplace_partial_rotary_mul,,,43.22,72.21,0,5.32,0,0
aten::empty,,,3.5,17.8,0,0,0,0
empty_tensor,,,14.3,14.3,0,0,0,0
aclnnInplacePartialRotaryMul,,,11.19,11.19,5.32,5.32,0,0
wait_event,,,4.85,4.85,0.0,0.0,0,0
aten::slice,,,3.96,8.2,0,0,0,0
aten::as_strided,,,4.24,4.24,0,0,0,0
npu::npu_dynamic_quant,,,28.12,54.2,0,7.02,0,0
empty_tensor,,,10.08,10.08,0,0,0,0
empty_tensor,,,4.25,4.25,0,0,0,0
aclnnDynamicQuantV2,,,11.75,11.75,7.02,7.02,0,0
npu::npu_quant_matmul,,,30.03,54.58,0,13.74,0,0
empty_tensor,,,7.7,7.7,0,0,0,0
aten::empty,,,2.14,4.13,0,0,0,0
empty_tensor,,,1.99,1.99,0,0,0,0
aten::empty,,,1.04,2.62,0,0,0,0
empty_tensor,,,1.58,1.58,0,0,0,0
aclnnQuantMatmulWeightNz,,,10.1,10.1,13.74,13.74,0,0
npu::npu_rms_norm,,,53.15,72.19,0,9.98,0,0
empty_tensor,,,6.88,6.88,0,0,0,0
empty_tensor,,,3.26,3.26,0,0,0,0
aclnnRmsNorm,,,8.9,8.9,9.98,9.98,0,0
aten::view,,,5.43,5.43,0,0,0,0
aten::unsqueeze,,,2.94,6.81,0,0,0,0
aten::as_strided,,,3.87,3.87,0,0,0,0
aten::slice,,,2.79,5.03,0,0,0,0
aten::as_strided,,,2.24,2.24,0,0,0,0
aten::slice,,,1.05,2.93,0,0,0,0
aten::as_strided,,,1.88,1.88,0,0,0,0
_C_ascend::inplace_partial_rotary_mul,,,36.35,60.54,0,10.0,0,0
aten::empty,,,3.28,13.4,0,0,0,0
empty_tensor,,,10.12,10.12,0,0,0,0
aclnnInplacePartialRotaryMul,,,10.79,10.79,10.0,10.0,0,0
_C_ascend::npu_scatter_nd_update_sk,,,31.17,51.96,0,28.661,0,0
aten::empty,,,2.76,11.63,0,0,0,0
empty_tensor,,,8.87,8.87,0,0,0,0
aclnnScatterNdUpdateSk,,,9.16,9.16,28.661,28.661,0,0
aten::squeeze,,,8.68,13.19,0,0,0,0
aten::as_strided,,,4.51,4.51,0,0,0,0
aten::view,,,3.95,3.95,0,0,0,0
aten::view,,,2.39,2.39,0,0,0,0
_C_ascend::compressor,,,46.62,79.57,0,47.481,0,0
aten::empty,,,2.5,10.98,0,0,0,0
empty_tensor,,,8.48,8.48,0,0,0,0
aten::empty,,,2.48,11.38,0,0,0,0
empty_tensor,,,8.9,8.9,0,0,0,0
aclnnCompressor,,,10.59,10.59,47.481,47.481,0,0
_C_ascend::npu_scatter_nd_update_sk,,,31.13,52.76,0,15.7,0,0
aten::empty,,,2.48,11.45,0,0,0,0
empty_tensor,,,8.97,8.97,0,0,0,0
aclnnScatterNdUpdateSk,,,10.18,10.18,15.7,15.7,0,0
_C_ascend::npu_sparse_attn_sharedkv,,,43.78,76.67,0,36.7405,0,0
aten::empty,,,2.16,10.11,0,0,0,0
empty_tensor,,,7.95,7.95,0,0,0,0
aten::empty,,,1.15,2.99,0,0,0,0
empty_tensor,,,1.84,1.84,0,0,0,0
aten::empty,,,2.1,9.88,0,0,0,0
empty_tensor,,,7.78,7.78,0,0,0,0
aclnnSparseAttnSharedkv,,,9.91,9.91,36.7405,36.7405,0,0
destroy_event,,,2.8,2.8,0,0,0,0
aten::unsqueeze,,,3.87,8.83,0,0,0,0
aten::as_strided,,,4.96,4.96,0,0,0,0
aten::neg,,,14.47,29.47,0,0.94,0,0
empty_tensor,,,6.69,6.69,0,0,0,0
aclnnNeg,,,8.31,8.31,0.94,0.94,0,0
_C_ascend::inplace_partial_rotary_mul,,,35.39,56.53,0,5.26,0,0
aten::empty,,,2.61,12.15,0,0,0,0
empty_tensor,,,9.54,9.54,0,0,0,0
aclnnInplacePartialRotaryMul,,,8.99,8.99,5.26,5.26,0,0
aten::view,,,5.38,5.38,0,0,0,0
aten::permute,,,3.2,7.63,0,0,0,0
aten::as_strided,,,4.43,4.43,0,0,0,0
aten::contiguous,,,2.48,40.25,0,11.76,0,0
aten::clone,,,4.45,37.77,0,11.76,0,0
empty_tensor,,,6.05,6.05,0,0,0,0
aten::copy_,,,19.28,27.27,0,11.76,0,0
aclnnInplaceCopy,,,7.99,7.99,11.76,11.76,0,0
aten::view,,,3.47,3.47,0,0,0,0
aten::empty_like,,,4.61,14.32,0,0,0,0
aten::empty_strided,,,7.09,9.71,0,0,0,0
empty_tensor,,,2.62,2.62,0,0,0,0
c10d::alltoall_base_,,,55.41,78.49,0,19.68,0,0
record_event,,,10.18,10.18,0.02,0.02,0,0
wait_event,,,3.15,3.15,6.28,6.28,0,0
HcclAlltoAll,,,2.0,3.7,0,12.92,0,0
HcclAlltoAll,,,1.7,1.7,12.92,12.92,0,0
record_event,,,3.56,3.56,0.22,0.22,0,0
record_event,,,2.49,2.49,0.24,0.24,0,0
wait_event,,,2.96,2.96,0.02,0.02,0,0
destroy_event,,,1.93,1.93,0,0,0,0
aten::view,,,5.41,5.41,0,0,0,0
npu::npu_transpose_batchmatmul,,,30.56,54.55,0,32.9405,0,0
empty_tensor,,,10.6,10.6,0,0,0,0
aclnnTransposeBatchMatMul,,,13.39,13.39,32.9405,32.9405,0,0
aten::reshape,,,1.7,6.27,0,0,0,0
aten::view,,,4.57,4.57,0,0,0,0
vllm::matmul_and_reduce,,,145.45,464.29,0,32.8415,0,0
vllm::unquantized_gemm,,,16.43,75.87,0,16.9405,0,0
aten::linear,,,4.69,59.44,0,16.9405,0,0
aten::t,,,5.4,14.76,0,0,0,0
aten::transpose,,,3.1,9.36,0,0,0,0
aten::as_strided,,,6.26,6.26,0,0,0,0
aten::matmul,,,19.43,39.99,0,16.9405,0,0
empty_tensor,,,9.99,9.99,0,0,0,0
aclnnMatmul,,,10.57,10.57,16.9405,16.9405,0,0
vllm::reduce_scatter,,,116.91,242.97,0,15.901,0,0
aten::movedim,,,1.57,10.55,0,0,0,0
aten::movedim,,,2.63,8.98,0,0,0,0
aten::permute,,,2.69,6.35,0,0,0,0
aten::as_strided,,,3.66,3.66,0,0,0,0
aten::empty,,,2.68,12.29,0,0,0,0
empty_tensor,,,9.61,9.61,0,0,0,0
c10d::_reduce_scatter_base_,,,56.73,86.46,0,15.881,0,0
record_event,,,12.84,12.84,0.02,0.02,0,0
wait_event,,,6.03,6.03,3.26,3.26,0,0
HcclReduceScatterBase,,,2.89,4.87,0,12.381,0,0
HcclReduceScatter,,,1.98,1.98,12.381,12.381,0,0
record_event,,,3.56,3.56,0.2,0.2,0,0
record_event,,,2.43,2.43,0.02,0.02,0,0
wait_event,,,3.19,3.19,0.02,0.02,0,0
destroy_event,,,1.66,1.66,0,0,0,0
aten::movedim,,,1.38,11.91,0,0,0,0
aten::movedim,,,2.53,10.53,0,0,0,0
aten::permute,,,3.12,8.0,0,0,0,0
aten::as_strided,,,4.88,4.88,0,0,0,0
aten::copy_,,,55.82,66.3,0,0.7205,0,0
aclnnInplaceCopy,,,10.48,10.48,0.7205,0.7205,0,0
aten::unsqueeze,,,4.19,7.92,0,0,0,0
aten::as_strided,,,3.73,3.73,0,0,0,0
aten::unsqueeze,,,2.22,3.84,0,0,0,0
aten::as_strided,,,1.62,1.62,0,0,0,0
aten::unsqueeze,,,2.02,3.55,0,0,0,0
aten::as_strided,,,1.53,1.53,0,0,0,0
aten::detach,,,3.67,3.67,0,0,0,0
aten::reshape,,,4.39,7.98,0,0,0,0
aten::view,,,3.59,3.59,0,0,0,0
aten::unsqueeze,,,2.25,3.79,0,0,0,0
aten::as_strided,,,1.54,1.54,0,0,0,0
_C_ascend::npu_hc_post,,,38.09,75.18,0,7.6,0,0
aten::empty,,,2.7,13.18,0,0,0,0
empty_tensor,,,10.48,10.48,0,0,0,0
aten::empty,,,2.19,12.29,0,0,0,0
empty_tensor,,,10.1,10.1,0,0,0,0
aclnnHcPost,,,11.62,11.62,7.6,7.6,0,0
aten::squeeze,,,4.38,6.9,0,0,0,0
aten::as_strided,,,2.52,2.52,0,0,0,0
_C_ascend::npu_hc_pre_v2,,,36.96,74.28,0,31.0205,0,0
aten::empty,,,2.24,8.96,0,0,0,0
empty_tensor,,,6.72,6.72,0,0,0,0
aten::empty,,,1.1,4.56,0,0,0,0
empty_tensor,,,3.46,3.46,0,0,0,0
aten::empty,,,0.99,3.85,0,0,0,0
empty_tensor,,,2.86,2.86,0,0,0,0
aten::empty,,,2.1,10.29,0,0,0,0
empty_tensor,,,8.19,8.19,0,0,0,0
aclnnHcPre,,,9.66,9.66,31.0205,31.0205,0,0
npu::npu_rms_norm,,,48.7,67.98,0,4.6605,0,0
empty_tensor,,,7.43,7.43,0,0,0,0
empty_tensor,,,3.52,3.52,0,0,0,0
aclnnRmsNorm,,,8.33,8.33,4.6605,4.6605,0,0
aten::reshape,,,4.67,9.09,0,0,0,0
aten::view,,,4.42,4.42,0,0,0,0
vllm::moe_forward_shared,,,1923.27,4758.15,0,374.748,0,0
aten::to,,,1.89,44.62,0,5.9405,0,0
aten::_to_copy,,,5.57,42.73,0,5.9405,0,0
aten::empty_strided,,,8.68,13.03,0,0,0,0
empty_tensor,,,4.35,4.35,0,0,0,0
aten::copy_,,,14.84,24.13,0,5.9405,0,0
aclnnInplaceCopy,,,9.29,9.29,5.9405,5.9405,0,0
Event::record,,,76.14,87.83,0,0.02,0,0
record_event,,,11.69,11.69,0.02,0.02,0,0
aten::linear,,,4.49,57.74,0,11.52,0,0
aten::t,,,5.44,14.06,0,0,0,0
aten::transpose,,,2.77,8.62,0,0,0,0
aten::as_strided,,,5.85,5.85,0,0,0,0
aten::matmul,,,19.21,39.19,0,11.52,0,0
empty_tensor,,,10.6,10.6,0,0,0,0
aclnnMatmul,,,9.38,9.38,11.52,11.52,0,0
Event::record,,,70.45,81.88,0,0.02,0,0
record_event,,,11.43,11.43,0.02,0.02,0,0
vllm::maybe_all_gather_and_maybe_unpad,,,45.07,302.16,0,10.639999999999999,0,0
vllm::all_gather,,,128.11,257.09,0,10.639999999999999,0,0
aten::empty,,,3.67,16.9,0,0,0,0
empty_tensor,,,13.23,13.23,0,0,0,0
c10d::_allgather_base_,,,54.94,83.75,0,10.62,0,0
record_event,,,13.14,13.14,0.02,0.02,0,0
wait_event,,,3.54,3.54,0.02,0.02,0,0
HcclAllgatherBase,,,3.23,5.01,0,10.54,0,0
HcclAllGather,,,1.78,1.78,10.54,10.54,0,0
record_event,,,4.45,4.45,0.02,0.02,0,0
record_event,,,2.67,2.67,0.02,0.02,0,0
wait_event,,,3.23,3.23,0.02,0.02,0,0
destroy_event,,,1.94,1.94,0,0,0,0
aten::reshape,,,1.77,8.0,0,0,0,0
aten::view,,,6.23,6.23,0,0,0,0
aten::movedim,,,1.61,11.27,0,0,0,0
aten::movedim,,,2.58,9.66,0,0,0,0
aten::permute,,,2.86,7.08,0,0,0,0
aten::as_strided,,,4.22,4.22,0,0,0,0
aten::reshape,,,0.83,3.89,0,0,0,0
aten::view,,,3.06,3.06,0,0,0,0
vllm::maybe_all_gather_and_maybe_unpad,,,40.13,275.57,0,11.8,0,0
vllm::all_gather,,,113.79,235.44,0,11.8,0,0
aten::empty,,,2.99,15.97,0,0,0,0
empty_tensor,,,12.98,12.98,0,0,0,0
c10d::_allgather_base_,,,50.78,77.25,0,11.780000000000001,0,0
record_event,,,12.9,12.9,0.02,0.02,0,0
wait_event,,,2.95,2.95,6.44,6.44,0,0
HcclAllgatherBase,,,2.91,4.75,0,5.28,0,0
HcclAllGather,,,1.84,1.84,5.28,5.28,0,0
record_event,,,3.29,3.29,0.02,0.02,0,0
record_event,,,2.58,2.58,0.02,0.02,0,0
wait_event,,,3.28,3.28,0.02,0.02,0,0
destroy_event,,,2.12,2.12,0,0,0,0
aten::reshape,,,1.67,8.72,0,0,0,0
aten::view,,,7.05,7.05,0,0,0,0
aten::movedim,,,1.56,10.71,0,0,0,0
aten::movedim,,,2.36,9.15,0,0,0,0
aten::permute,,,2.86,6.79,0,0,0,0
aten::as_strided,,,3.93,3.93,0,0,0,0
aten::reshape,,,0.81,3.6,0,0,0,0
aten::view,,,2.79,2.79,0,0,0,0
_C_ascend::moe_gating_top_k_hash,,,42.28,81.27,0,10.72,0,0
aten::empty,,,3.55,17.41,0,0,0,0
empty_tensor,,,13.86,13.86,0,0,0,0
aten::empty,,,1.25,5.13,0,0,0,0
empty_tensor,,,3.88,3.88,0,0,0,0
aten::empty,,,1.02,4.73,0,0,0,0
empty_tensor,,,3.71,3.71,0,0,0,0
aclnnMoeGatingTopKHash,,,11.72,11.72,10.72,10.72,0,0
aten::to,,,1.81,49.07,0,0.9,0,0
aten::_to_copy,,,5.8,47.26,0,0.9,0,0
aten::empty_strided,,,8.34,13.19,0,0,0,0
empty_tensor,,,4.85,4.85,0,0,0,0
aten::copy_,,,17.79,28.27,0,0.9,0,0
aclnnInplaceCopy,,,10.48,10.48,0.9,0.9,0,0
aten::detach,,,4.34,4.34,0,0,0,0
aten::detach,,,1.16,1.16,0,0,0,0
Event::record,,,79.72,92.99,0,0.24,0,0
record_event,,,13.27,13.27,0.24,0.24,0,0
aten::index,,,32.25,56.01,0,18.56,0,0
empty_tensor,,,6.23,6.23,0,0,0,0
empty_tensor,,,7.58,7.58,0,0,0,0
aclnnIndex,,,9.95,9.95,18.56,18.56,0,0
aten::ne,,,11.92,25.03,0,1.84,0,0
empty_tensor,,,5.99,5.99,0,0,0,0
aclnnNeScalar,,,7.12,7.12,1.84,1.84,0,0
aten::mul,,,15.28,25.9,0,2.58,0,0
empty_tensor,,,5.1,5.1,0,0,0,0
aclnnMul,,,5.52,5.52,2.58,2.58,0,0
npu::npu_moe_init_routing_v2,,,24.09,48.9,0,27.2005,0,0
empty_tensor,,,8.37,8.37,0,0,0,0
empty_tensor,,,3.22,3.22,0,0,0,0
empty_tensor,,,3.08,3.08,0,0,0,0
empty_tensor,,,3.12,3.12,0,0,0,0
aclnnMoeInitRoutingV3,,,7.02,7.02,27.2005,27.2005,0,0
aten::to,,,1.55,1.55,0,0,0,0
_C_ascend::grouped_matmul_swiglu_quant_v2,,,180.32,229.73,0,122.7025,0,0
aten::empty,,,3.23,13.4,0,0,0,0
empty_tensor,,,10.17,10.17,0,0,0,0
aten::empty,,,1.38,5.04,0,0,0,0
empty_tensor,,,3.66,3.66,0,0,0,0
aten::empty,,,3.53,17.17,0,0,0,0
empty_tensor,,,13.64,13.64,0,0,0,0
aclnnGroupedMatmulSwigluQuantWeightNzV2,,,13.8,13.8,122.7025,122.7025,0,0
Event::record,,,77.11,90.4,0,0.02,0,0
record_event,,,13.29,13.29,0.02,0.02,0,0
npu::npu_grouped_matmul,,,39.48,66.32,0,72.6215,0,0
empty_tensor,,,15.2,15.2,0,0,0,0
npu::get_npu_format,,,1.82,1.82,0,0,0,0
aclnnGroupedMatmulWeightNz,,,9.82,9.82,72.6215,72.6215,0,0
Event::record,,,70.88,83.78,0,0.2,0,0
record_event,,,12.9,12.9,0.2,0.2,0,0
aten::abs,,,16.07,35.62,0,1.38,0,0
empty_tensor,,,10.64,10.64,0,0,0,0
aclnnAbs,,,8.91,8.91,1.38,1.38,0,0
npu::npu_moe_token_unpermute,,,69.41,86.45,0,12.4,0,0
empty_tensor,,,7.68,7.68,0,0,0,0
aclnnMoeTokenUnpermute,,,9.36,9.36,12.4,12.4,0,0
vllm::maybe_pad_and_reduce,,,37.39,281.9,0,12.540999999999999,0,0
vllm::reduce_scatter,,,115.7,244.51,0,12.540999999999999,0,0
aten::movedim,,,1.59,13.67,0,0,0,0
aten::movedim,,,2.68,12.08,0,0,0,0
aten::permute,,,3.4,9.4,0,0,0,0
aten::as_strided,,,6.0,6.0,0,0,0,0
aten::empty,,,2.9,13.12,0,0,0,0
empty_tensor,,,10.22,10.22,0,0,0,0
c10d::_reduce_scatter_base_,,,55.38,85.57,0,12.520999999999999,0,0
record_event,,,13.59,13.59,0.28,0.28,0,0
wait_event,,,5.21,5.21,0.02,0.02,0,0
HcclReduceScatterBase,,,2.87,5.29,0,12.181,0,0
HcclReduceScatter,,,2.42,2.42,12.181,12.181,0,0
record_event,,,3.59,3.59,0.02,0.02,0,0
record_event,,,2.51,2.51,0.02,0.02,0,0
wait_event,,,3.14,3.14,0.02,0.02,0,0
destroy_event,,,1.82,1.82,0,0,0,0
aten::movedim,,,1.48,11.49,0,0,0,0
aten::movedim,,,2.3,10.01,0,0,0,0
aten::permute,,,2.96,7.71,0,0,0,0
aten::as_strided,,,4.75,4.75,0,0,0,0
Event::wait,,,64.46,79.0,0,0,0,0
wait_event,,,14.54,14.54,0,0,0,0
npu::npu_dynamic_quant,,,29.06,55.96,0,3.86,0,0
empty_tensor,,,12.26,12.26,0,0,0,0
empty_tensor,,,3.99,3.99,0,0,0,0
aclnnDynamicQuantV2,,,10.65,10.65,3.86,3.86,0,0
Event::wait,,,57.93,69.26,0,0,0,0
wait_event,,,11.33,11.33,0,0,0,0
npu::npu_quant_matmul,,,34.53,66.67,0,22.221,0,0
empty_tensor,,,10.81,10.81,0,0,0,0
aten::empty,,,2.38,4.71,0,0,0,0
empty_tensor,,,2.33,2.33,0,0,0,0
aten::empty,,,4.94,6.73,0,0,0,0
empty_tensor,,,1.79,1.79,0,0,0,0
aclnnQuantMatmulWeightNz,,,9.89,9.89,22.221,22.221,0,0
Event::wait,,,57.46,69.1,0,0.02,0,0
wait_event,,,11.64,11.64,0.02,0.02,0,0
_C_ascend::npu_dequant_swiglu_quant,,,47.47,86.83,0,5.32,0,0
aten::empty,,,2.96,13.72,0,0,0,0
empty_tensor,,,10.76,10.76,0,0,0,0
aten::empty,,,1.25,4.63,0,0,0,0
empty_tensor,,,3.38,3.38,0,0,0,0
aten::empty,,,2.45,10.25,0,0,0,0
empty_tensor,,,7.8,7.8,0,0,0,0
aclnnDequantSwigluQuantV2,,,10.76,10.76,5.32,5.32,0,0
Event::wait,,,59.99,72.28,0,0.02,0,0
wait_event,,,12.29,12.29,0.02,0.02,0,0
npu::npu_quant_matmul,,,35.87,63.19,0,19.2205,0,0
empty_tensor,,,10.83,10.83,0,0,0,0
aten::empty,,,2.19,4.46,0,0,0,0
empty_tensor,,,2.27,2.27,0,0,0,0
aten::empty,,,1.05,2.61,0,0,0,0
empty_tensor,,,1.56,1.56,0,0,0,0
aclnnQuantMatmulWeightNz,,,9.42,9.42,19.2205,19.2205,0,0
Event::record,,,72.49,84.67,0,0.2205,0,0
record_event,,,12.18,12.18,0.2205,0.2205,0,0
Event::wait,,,45.35,55.49,0,0.02,0,0
wait_event,,,10.14,10.14,0.02,0.02,0,0
destroy_event,,,6.37,6.37,0,0,0,0
destroy_event,,,6.41,6.41,0,0,0,0
destroy_event,,,3.62,3.62,0,0,0,0
destroy_event,,,1.43,1.43,0,0,0,0
destroy_event,,,2.03,2.03,0,0,0,0
destroy_event,,,2.35,2.35,0,0,0,0
aten::add,,,23.04,42.21,0,7.74,0,0
empty_tensor,,,11.45,11.45,0,0,0,0
aclnnAdd,,,7.72,7.72,7.74,7.74,0,0
vllm::maybe_all_reduce_tensor_model_parallel,,,25.2,25.2,0,0,0,0
aten::unsqueeze,,,5.17,9.24,0,0,0,0
aten::as_strided,,,4.07,4.07,0,0,0,0
aten::unsqueeze,,,2.36,4.27,0,0,0,0
aten::as_strided,,,1.91,1.91,0,0,0,0
aten::unsqueeze,,,1.97,3.55,0,0,0,0
aten::as_strided,,,1.58,1.58,0,0,0,0
aten::unsqueeze,,,1.92,3.37,0,0,0,0
aten::as_strided,,,1.45,1.45,0,0,0,0
_C_ascend::npu_hc_post,,,41.55,75.86,0,7.4205,0,0
aten::empty,,,2.55,11.84,0,0,0,0
empty_tensor,,,9.29,9.29,0,0,0,0
aten::empty,,,2.4,12.4,0,0,0,0
empty_tensor,,,10.0,10.0,0,0,0,0
aclnnHcPost,,,10.07,10.07,7.4205,7.4205,0,0
aten::squeeze,,,4.73,7.33,0,0,0,0
aten::as_strided,,,2.6,2.6,0,0,0,0
_C_ascend::npu_hc_pre_v2,,,37.07,74.22,0,31.7005,0,0
aten::empty,,,2.05,8.76,0,0,0,0
empty_tensor,,,6.71,6.71,0,0,0,0
aten::empty,,,1.06,4.47,0,0,0,0
empty_tensor,,,3.41,3.41,0,0,0,0
aten::empty,,,1.05,3.88,0,0,0,0
empty_tensor,,,2.83,2.83,0,0,0,0
aten::empty,,,2.41,9.98,0,0,0,0
empty_tensor,,,7.57,7.57,0,0,0,0
aclnnHcPre,,,10.06,10.06,31.7005,31.7005,0,0
npu::npu_rms_norm,,,48.65,66.58,0,5.3,0,0
empty_tensor,,,5.68,5.68,0,0,0,0
empty_tensor,,,3.54,3.54,0,0,0,0
aclnnRmsNorm,,,8.71,8.71,5.3,5.3,0,0
aten::empty,,,6.17,13.46,0,0,0,0
empty_tensor,,,7.29,7.29,0,0,0,0
aten::alias,,,4.23,4.23,0,0,0,0
vllm::dsa_forward,,,2186.23,5024.42,0,625.2284999999999,0,0
aten::empty,,,3.36,13.43,0,0,0,0
empty_tensor,,,10.07,10.07,0,0,0,0
c10d::_allgather_base_,,,60.13,91.26,0,18.08,0,0
record_event,,,14.56,14.56,0.02,0.02,0,0
wait_event,,,4.35,4.35,7.6,7.6,0,0
HcclAllgatherBase,,,2.98,5.52,0,10.24,0,0
HcclAllGather,,,2.54,2.54,10.24,10.24,0,0
record_event,,,3.77,3.77,0.2,0.2,0,0
record_event,,,2.93,2.93,0.02,0.02,0,0
npu::npu_dynamic_quant,,,29.47,46.75,0,4.0205,0,0
empty_tensor,,,9.52,9.52,0,0,0,0
empty_tensor,,,4.4,4.4,0,0,0,0
aclnnDynamicQuantV2,,,3.36,3.36,4.0205,4.0205,0,0
npu::npu_quant_matmul,,,31.13,54.15,0,16.2,0,0
empty_tensor,,,6.78,6.78,0,0,0,0
aten::empty,,,2.11,4.03,0,0,0,0
empty_tensor,,,1.92,1.92,0,0,0,0
aten::empty,,,0.96,2.45,0,0,0,0
empty_tensor,,,1.49,1.49,0,0,0,0
aclnnQuantMatmulWeightNz,,,9.76,9.76,16.2,16.2,0,0
_C_ascend::npu_rms_norm_dynamic_quant,,,45.45,100.69,0,7.2,0,0
aten::empty_like,,,5.0,15.84,0,0,0,0
aten::empty_strided,,,7.47,10.84,0,0,0,0
empty_tensor,,,3.37,3.37,0,0,0,0
aten::empty,,,1.25,5.04,0,0,0,0
empty_tensor,,,3.79,3.79,0,0,0,0
aten::empty,,,0.99,4.04,0,0,0,0
empty_tensor,,,3.05,3.05,0,0,0,0
aten::empty_like,,,2.0,10.36,0,0,0,0
aten::empty_strided,,,3.64,8.36,0,0,0,0
empty_tensor,,,4.72,4.72,0,0,0,0
aten::empty,,,1.86,9.64,0,0,0,0
empty_tensor,,,7.78,7.78,0,0,0,0
aclnnRmsNormDynamicQuant,,,10.32,10.32,7.2,7.2,0,0
npu::npu_quant_matmul,,,30.08,52.21,0,33.281,0,0
empty_tensor,,,7.2,7.2,0,0,0,0
aten::empty,,,1.5,3.53,0,0,0,0
empty_tensor,,,2.03,2.03,0,0,0,0
aten::empty,,,1.05,2.9,0,0,0,0
empty_tensor,,,1.85,1.85,0,0,0,0
aclnnQuantMatmulWeightNz,,,8.5,8.5,33.281,33.281,0,0
aten::unflatten,,,5.29,10.72,0,0,0,0
aten::view,,,5.43,5.43,0,0,0,0
aten::view,,,2.97,2.97,0,0,0,0
aten::empty_like,,,4.37,14.45,0,0,0,0
aten::empty_strided,,,6.8,10.08,0,0,0,0
empty_tensor,,,3.28,3.28,0,0,0,0
triton_rms_kernel,,,15.58,15.58,13.5605,13.5605,0,0
aten::view,,,7.58,7.58,0,0,0,0
aten::unsqueeze,,,3.0,7.25,0,0,0,0
aten::as_strided,,,4.25,4.25,0,0,0,0
_C_ascend::inplace_partial_rotary_mul,,,41.75,70.61,0,5.1,0,0
aten::empty,,,3.65,18.03,0,0,0,0
empty_tensor,,,14.38,14.38,0,0,0,0
aclnnInplacePartialRotaryMul,,,10.83,10.83,5.1,5.1,0,0
wait_event,,,6.43,6.43,0.02,0.02,0,0
aten::slice,,,4.1,8.11,0,0,0,0
aten::as_strided,,,4.01,4.01,0,0,0,0
npu::npu_dynamic_quant,,,28.58,52.6,0,7.04,0,0
empty_tensor,,,9.74,9.74,0,0,0,0
empty_tensor,,,4.36,4.36,0,0,0,0
aclnnDynamicQuantV2,,,9.92,9.92,7.04,7.04,0,0
npu::npu_quant_matmul,,,29.34,52.86,0,14.6,0,0
empty_tensor,,,7.74,7.74,0,0,0,0
aten::empty,,,2.18,4.25,0,0,0,0
empty_tensor,,,2.07,2.07,0,0,0,0
aten::empty,,,0.99,2.66,0,0,0,0
empty_tensor,,,1.67,1.67,0,0,0,0
aclnnQuantMatmulWeightNz,,,8.87,8.87,14.6,14.6,0,0
npu::npu_rms_norm,,,53.69,72.13,0,9.64,0,0
empty_tensor,,,6.6,6.6,0,0,0,0
empty_tensor,,,3.13,3.13,0,0,0,0
aclnnRmsNorm,,,8.71,8.71,9.64,9.64,0,0
aten::view,,,5.38,5.38,0,0,0,0
aten::unsqueeze,,,2.8,6.78,0,0,0,0
aten::as_strided,,,3.98,3.98,0,0,0,0
aten::slice,,,3.04,5.53,0,0,0,0
aten::as_strided,,,2.49,2.49,0,0,0,0
aten::slice,,,1.27,3.08,0,0,0,0
aten::as_strided,,,1.81,1.81,0,0,0,0
_C_ascend::inplace_partial_rotary_mul,,,37.9,62.59,0,9.22,0,0
aten::empty,,,3.22,13.94,0,0,0,0
empty_tensor,,,10.72,10.72,0,0,0,0
aclnnInplacePartialRotaryMul,,,10.75,10.75,9.22,9.22,0,0
_C_ascend::npu_scatter_nd_update_sk,,,31.9,52.74,0,26.06,0,0
aten::empty,,,2.35,11.53,0,0,0,0
empty_tensor,,,9.18,9.18,0,0,0,0
aclnnScatterNdUpdateSk,,,9.31,9.31,26.06,26.06,0,0
aten::squeeze,,,8.76,14.4,0,0,0,0
aten::as_strided,,,5.64,5.64,0,0,0,0
aten::view,,,4.27,4.27,0,0,0,0
aten::view,,,2.24,2.24,0,0,0,0
_C_ascend::compressor,,,55.86,89.1,0,54.241,0,0
aten::empty,,,2.61,11.44,0,0,0,0
empty_tensor,,,8.83,8.83,0,0,0,0
aten::empty,,,2.24,11.03,0,0,0,0
empty_tensor,,,8.79,8.79,0,0,0,0
aclnnCompressor,,,10.77,10.77,54.241,54.241,0,0
aten::reshape,,,1.57,7.2,0,0,0,0
aten::view,,,5.63,5.63,0,0,0,0
aten::linear,,,3.81,50.39,0,6.62,0,0
aten::t,,,4.9,11.56,0,0,0,0
aten::transpose,,,2.86,6.66,0,0,0,0
aten::as_strided,,,3.8,3.8,0,0,0,0
aten::matmul,,,18.71,35.02,0,6.62,0,0
empty_tensor,,,6.97,6.97,0,0,0,0
aclnnMatmul,,,9.34,9.34,6.62,6.62,0,0
aten::mul,,,14.94,30.54,0,1.14,0,0
empty_tensor,,,5.35,5.35,0,0,0,0
aten::item,,,1.81,3.47,0,0,0,0
aten::_local_scalar_dense,,,1.66,1.66,0,0,0,0
aclnnMuls,,,6.78,6.78,1.14,1.14,0,0
aten::alias,,,2.45,2.45,0,0,0,0
aten::reshape,,,1.12,5.2,0,0,0,0
aten::view,,,4.08,4.08,0,0,0,0
npu::npu_dynamic_quant,,,23.93,42.59,0,2.36,0,0
empty_tensor,,,6.53,6.53,0,0,0,0
empty_tensor,,,3.89,3.89,0,0,0,0
aclnnDynamicQuantV2,,,8.24,8.24,2.36,2.36,0,0
aten::unsqueeze,,,3.07,7.22,0,0,0,0
aten::as_strided,,,4.15,4.15,0,0,0,0
_C_ascend::npu_scatter_nd_update_sk,,,37.44,58.12,0,18.8,0,0
aten::empty,,,2.87,11.03,0,0,0,0
empty_tensor,,,8.16,8.16,0,0,0,0
aclnnScatterNdUpdateSk,,,9.65,9.65,18.8,18.8,0,0
aten::to,,,1.91,40.47,0,0.92,0,0
aten::_to_copy,,,5.35,38.56,0,0.92,0,0
aten::empty_strided,,,9.01,12.29,0,0,0,0
empty_tensor,,,3.28,3.28,0,0,0,0
aten::copy_,,,13.2,20.92,0,0.92,0,0
aclnnInplaceCopy,,,7.72,7.72,0.92,0.92,0,0
aten::unsqueeze,,,2.74,6.31,0,0,0,0
aten::as_strided,,,3.57,3.57,0,0,0,0
_C_ascend::npu_scatter_nd_update_sk,,,31.13,51.38,0,19.94,0,0
aten::empty,,,2.55,11.09,0,0,0,0
empty_tensor,,,8.54,8.54,0,0,0,0
aclnnScatterNdUpdateSk,,,9.16,9.16,19.94,19.94,0,0
npu::npu_quant_matmul,,,29.83,52.04,0,15.2805,0,0
empty_tensor,,,7.21,7.21,0,0,0,0
aten::empty,,,1.76,3.78,0,0,0,0
empty_tensor,,,2.02,2.02,0,0,0,0
aten::empty,,,0.9,2.32,0,0,0,0
empty_tensor,,,1.42,1.42,0,0,0,0
aclnnQuantMatmulWeightNz,,,8.9,8.9,15.2805,15.2805,0,0
aten::view,,,4.97,4.97,0,0,0,0
aten::unsqueeze,,,2.68,6.4,0,0,0,0
aten::as_strided,,,3.72,3.72,0,0,0,0
_C_ascend::inplace_partial_rotary_mul,,,38.9,60.47,0,5.5,0,0
aten::empty,,,2.7,11.95,0,0,0,0
empty_tensor,,,9.25,9.25,0,0,0,0
aclnnInplacePartialRotaryMul,,,9.62,9.62,5.5,5.5,0,0
aten::reshape,,,1.65,6.64,0,0,0,0
aten::view,,,4.99,4.99,0,0,0,0
aten::linear,,,3.66,45.63,0,6.46,0,0
aten::t,,,5.13,11.47,0,0,0,0
aten::transpose,,,2.73,6.34,0,0,0,0
aten::as_strided,,,3.61,3.61,0,0,0,0
aten::matmul,,,16.64,30.5,0,6.46,0,0
empty_tensor,,,6.15,6.15,0,0,0,0
aclnnMatmul,,,7.71,7.71,6.46,6.46,0,0
aten::mul,,,14.38,29.44,0,5.4,0,0
empty_tensor,,,5.28,5.28,0,0,0,0
aten::item,,,1.47,2.89,0,0,0,0
aten::_local_scalar_dense,,,1.42,1.42,0,0,0,0
aclnnMuls,,,6.89,6.89,5.4,5.4,0,0
aten::alias,,,2.6,2.6,0,0,0,0
aten::reshape,,,1.52,5.44,0,0,0,0
aten::view,,,3.92,3.92,0,0,0,0
vllm::unquantized_gemm,,,17.0,65.22,0,10.18,0,0
aten::linear,,,3.76,48.22,0,10.18,0,0
aten::t,,,4.67,12.01,0,0,0,0
aten::transpose,,,2.74,7.34,0,0,0,0
aten::as_strided,,,4.6,4.6,0,0,0,0
aten::matmul,,,15.51,32.45,0,10.18,0,0
empty_tensor,,,7.28,7.28,0,0,0,0
aclnnMatmul,,,9.66,9.66,10.18,10.18,0,0
aten::mul,,,15.59,32.47,0,0.9,0,0
empty_tensor,,,6.19,6.19,0,0,0,0
aten::item,,,1.4,2.6,0,0,0,0
aten::_local_scalar_dense,,,1.2,1.2,0,0,0,0
aclnnMuls,,,8.09,8.09,0.9,0.9,0,0
npu::npu_dynamic_quant,,,25.25,43.86,0,6.72,0,0
empty_tensor,,,6.42,6.42,0,0,0,0
empty_tensor,,,4.12,4.12,0,0,0,0
aclnnDynamicQuantV2,,,8.07,8.07,6.72,6.72,0,0
aten::to,,,1.65,35.94,0,1.02,0,0
aten::_to_copy,,,5.18,34.29,0,1.02,0,0
aten::empty_strided,,,6.66,9.76,0,0,0,0
empty_tensor,,,3.1,3.1,0,0,0,0
aten::copy_,,,11.98,19.35,0,1.02,0,0
aclnnInplaceCopy,,,7.37,7.37,1.02,1.02,0,0
aten::to,,,1.19,29.1,0,1.08,0,0
aten::_to_copy,,,3.3,27.91,0,1.08,0,0
aten::empty_strided,,,5.61,8.75,0,0,0,0
empty_tensor,,,3.14,3.14,0,0,0,0
aten::copy_,,,9.48,15.86,0,1.08,0,0
aclnnInplaceCopy,,,6.38,6.38,1.08,1.08,0,0
aten::squeeze,,,7.08,11.92,0,0,0,0
aten::as_strided,,,4.84,4.84,0,0,0,0
aten::to,,,1.05,1.05,0,0,0,0
aten::slice,,,6.21,8.89,0,0,0,0
aten::as_strided,,,2.68,2.68,0,0,0,0
_C_ascend::npu_vllm_quant_lightning_indexer,,,52.74,86.95,0,83.2815,0,0
aten::empty,,,2.56,9.58,0,0,0,0
empty_tensor,,,7.02,7.02,0,0,0,0
aten::empty,,,1.02,2.89,0,0,0,0
empty_tensor,,,1.87,1.87,0,0,0,0
aten::empty,,,2.04,11.21,0,0,0,0
empty_tensor,,,9.17,9.17,0,0,0,0
aclnnVllmQuantLightningIndexer,,,10.53,10.53,83.2815,83.2815,0,0
aten::squeeze,,,7.16,12.58,0,0,0,0
aten::as_strided,,,5.42,5.42,0,0,0,0
aten::view,,,4.44,4.44,0,0,0,0
aten::view,,,2.28,2.28,0,0,0,0
_C_ascend::compressor,,,48.6,81.74,0,57.041,0,0
aten::empty,,,2.29,11.24,0,0,0,0
empty_tensor,,,8.95,8.95,0,0,0,0
aten::empty,,,1.93,10.95,0,0,0,0
empty_tensor,,,9.02,9.02,0,0,0,0
aclnnCompressor,,,10.95,10.95,57.041,57.041,0,0
_C_ascend::npu_scatter_nd_update_sk,,,32.48,54.47,0,18.6205,0,0
aten::empty,,,2.36,11.94,0,0,0,0
empty_tensor,,,9.58,9.58,0,0,0,0
aclnnScatterNdUpdateSk,,,10.05,10.05,18.6205,18.6205,0,0
_C_ascend::npu_sparse_attn_sharedkv,,,44.05,79.02,0,42.7405,0,0
aten::empty,,,2.07,11.06,0,0,0,0
empty_tensor,,,8.99,8.99,0,0,0,0
aten::empty,,,1.1,3.06,0,0,0,0
empty_tensor,,,1.96,1.96,0,0,0,0
aten::empty,,,2.06,10.51,0,0,0,0
empty_tensor,,,8.45,8.45,0,0,0,0
aclnnSparseAttnSharedkv,,,10.34,10.34,42.7405,42.7405,0,0
destroy_event,,,2.84,2.84,0,0,0,0
aten::unsqueeze,,,3.94,8.45,0,0,0,0
aten::as_strided,,,4.51,4.51,0,0,0,0
aten::neg,,,14.17,29.59,0,1.08,0,0
empty_tensor,,,6.91,6.91,0,0,0,0
aclnnNeg,,,8.51,8.51,1.08,1.08,0,0
_C_ascend::inplace_partial_rotary_mul,,,36.97,59.14,0,5.22,0,0
aten::empty,,,2.65,12.92,0,0,0,0
empty_tensor,,,10.27,10.27,0,0,0,0
aclnnInplacePartialRotaryMul,,,9.25,9.25,5.22,5.22,0,0
aten::view,,,5.91,5.91,0,0,0,0
aten::permute,,,3.19,7.97,0,0,0,0
aten::as_strided,,,4.78,4.78,0,0,0,0
aten::contiguous,,,2.5,41.34,0,11.84,0,0
aten::clone,,,4.63,38.84,0,11.84,0,0
empty_tensor,,,6.52,6.52,0,0,0,0
aten::copy_,,,19.36,27.69,0,11.84,0,0
aclnnInplaceCopy,,,8.33,8.33,11.84,11.84,0,0
aten::view,,,3.45,3.45,0,0,0,0
aten::empty_like,,,4.61,14.4,0,0,0,0
aten::empty_strided,,,7.1,9.79,0,0,0,0
empty_tensor,,,2.69,2.69,0,0,0,0
c10d::alltoall_base_,,,59.2,83.08,0,18.6405,0,0
record_event,,,10.89,10.89,0.02,0.02,0,0
wait_event,,,3.03,3.03,5.4605,5.4605,0,0
HcclAlltoAll,,,2.2,4.22,0,13.12,0,0
HcclAlltoAll,,,2.02,2.02,13.12,13.12,0,0
record_event,,,3.4,3.4,0.02,0.02,0,0
record_event,,,2.34,2.34,0.02,0.02,0,0
wait_event,,,3.25,3.25,0.0,0.0,0,0
destroy_event,,,1.67,1.67,0,0,0,0
aten::view,,,5.21,5.21,0,0,0,0
npu::npu_transpose_batchmatmul,,,30.13,50.27,0,34.2005,0,0
empty_tensor,,,10.63,10.63,0,0,0,0
aclnnTransposeBatchMatMul,,,9.51,9.51,34.2005,34.2005,0,0
aten::reshape,,,1.51,6.36,0,0,0,0
aten::view,,,4.85,4.85,0,0,0,0
vllm::matmul_and_reduce,,,145.23,458.17,0,31.260499999999997,0,0
vllm::unquantized_gemm,,,16.32,75.63,0,17.0205,0,0
aten::linear,,,4.23,59.31,0,17.0205,0,0
aten::t,,,5.58,14.66,0,0,0,0
aten::transpose,,,3.16,9.08,0,0,0,0
aten::as_strided,,,5.92,5.92,0,0,0,0
aten::matmul,,,19.04,40.42,0,17.0205,0,0
empty_tensor,,,10.57,10.57,0,0,0,0
aclnnMatmul,,,10.81,10.81,17.0205,17.0205,0,0
vllm::reduce_scatter,,,117.22,237.31,0,14.239999999999998,0,0
aten::movedim,,,1.51,10.57,0,0,0,0
aten::movedim,,,2.56,9.06,0,0,0,0
aten::permute,,,2.76,6.5,0,0,0,0
aten::as_strided,,,3.74,3.74,0,0,0,0
aten::empty,,,2.82,12.69,0,0,0,0
empty_tensor,,,9.87,9.87,0,0,0,0
c10d::_reduce_scatter_base_,,,54.38,80.7,0,14.219999999999999,0,0
record_event,,,12.65,12.65,0.02,0.02,0,0
wait_event,,,3.09,3.09,1.66,1.66,0,0
HcclReduceScatterBase,,,2.95,5.03,0,12.28,0,0
HcclReduceScatter,,,2.08,2.08,12.28,12.28,0,0
record_event,,,3.25,3.25,0.02,0.02,0,0
record_event,,,2.3,2.3,0.24,0.24,0,0
wait_event,,,3.11,3.11,0.02,0.02,0,0
destroy_event,,,1.84,1.84,0,0,0,0
aten::movedim,,,1.48,11.18,0,0,0,0
aten::movedim,,,2.25,9.7,0,0,0,0
aten::permute,,,2.75,7.45,0,0,0,0
aten::as_strided,,,4.7,4.7,0,0,0,0
aten::copy_,,,55.46,65.77,0,0.72,0,0
aclnnInplaceCopy,,,10.31,10.31,0.72,0.72,0,0
aten::unsqueeze,,,4.46,8.38,0,0,0,0
aten::as_strided,,,3.92,3.92,0,0,0,0
aten::unsqueeze,,,2.56,4.06,0,0,0,0
aten::as_strided,,,1.5,1.5,0,0,0,0
aten::unsqueeze,,,1.91,3.38,0,0,0,0
aten::as_strided,,,1.47,1.47,0,0,0,0
aten::detach,,,3.52,3.52,0,0,0,0
aten::reshape,,,4.56,8.1,0,0,0,0
aten::view,,,3.54,3.54,0,0,0,0
aten::unsqueeze,,,2.37,3.89,0,0,0,0
aten::as_strided,,,1.52,1.52,0,0,0,0
_C_ascend::npu_hc_post,,,38.32,74.79,0,7.58,0,0
aten::empty,,,2.72,13.27,0,0,0,0
empty_tensor,,,10.55,10.55,0,0,0,0
aten::empty,,,2.28,12.09,0,0,0,0
empty_tensor,,,9.81,9.81,0,0,0,0
aclnnHcPost,,,11.11,11.11,7.58,7.58,0,0
aten::squeeze,,,4.75,7.19,0,0,0,0
aten::as_strided,,,2.44,2.44,0,0,0,0
_C_ascend::npu_hc_pre_v2,,,36.02,72.05,0,31.6205,0,0
aten::empty,,,2.02,8.75,0,0,0,0
empty_tensor,,,6.73,6.73,0,0,0,0
aten::empty,,,1.11,4.32,0,0,0,0
empty_tensor,,,3.21,3.21,0,0,0,0
aten::empty,,,1.05,4.02,0,0,0,0
empty_tensor,,,2.97,2.97,0,0,0,0
aten::empty,,,1.87,9.46,0,0,0,0
empty_tensor,,,7.59,7.59,0,0,0,0
aclnnHcPre,,,9.48,9.48,31.6205,31.6205,0,0
npu::npu_rms_norm,,,48.26,67.0,0,4.68,0,0
empty_tensor,,,6.45,6.45,0,0,0,0
empty_tensor,,,3.49,3.49,0,0,0,0
aclnnRmsNorm,,,8.8,8.8,4.68,4.68,0,0
aten::reshape,,,4.63,9.06,0,0,0,0
aten::view,,,4.43,4.43,0,0,0,0
vllm::moe_forward_shared,,,1918.99,4778.82,0,468.9275,0,0
aten::to,,,1.94,50.74,0,6.38,0,0
aten::_to_copy,,,8.6,48.8,0,6.38,0,0
aten::empty_strided,,,9.25,13.77,0,0,0,0
empty_tensor,,,4.52,4.52,0,0,0,0
aten::copy_,,,15.24,26.43,0,6.38,0,0
aclnnInplaceCopy,,,11.19,11.19,6.38,6.38,0,0
Event::record,,,78.66,91.91,0,0.02,0,0
record_event,,,13.25,13.25,0.02,0.02,0,0
aten::linear,,,4.6,57.8,0,11.58,0,0
aten::t,,,5.41,14.51,0,0,0,0
aten::transpose,,,3.21,9.1,0,0,0,0
aten::as_strided,,,5.89,5.89,0,0,0,0
aten::matmul,,,19.26,38.69,0,11.58,0,0
empty_tensor,,,10.61,10.61,0,0,0,0
aclnnMatmul,,,8.82,8.82,11.58,11.58,0,0
Event::record,,,69.92,81.77,0,0.24,0,0
record_event,,,11.85,11.85,0.24,0.24,0,0
vllm::maybe_all_gather_and_maybe_unpad,,,44.89,304.23,0,17.04,0,0
vllm::all_gather,,,128.14,259.34,0,17.04,0,0
aten::empty,,,3.92,19.31,0,0,0,0
empty_tensor,,,15.39,15.39,0,0,0,0
c10d::_allgather_base_,,,56.68,83.84,0,17.04,0,0
record_event,,,13.11,13.11,0.02,0.02,0,0
wait_event,,,3.07,3.07,6.28,6.28,0,0
HcclAllgatherBase,,,2.99,4.85,0,10.5,0,0
HcclAllGather,,,1.86,1.86,10.5,10.5,0,0
record_event,,,3.78,3.78,0.02,0.02,0,0
record_event,,,2.35,2.35,0.22,0.22,0,0
wait_event,,,3.25,3.25,0.0,0.0,0,0
destroy_event,,,1.65,1.65,0,0,0,0
aten::reshape,,,1.78,8.07,0,0,0,0
aten::view,,,6.29,6.29,0,0,0,0
aten::movedim,,,1.57,11.12,0,0,0,0
aten::movedim,,,2.65,9.55,0,0,0,0
aten::permute,,,2.87,6.9,0,0,0,0
aten::as_strided,,,4.03,4.03,0,0,0,0
aten::reshape,,,0.96,3.96,0,0,0,0
aten::view,,,3.0,3.0,0,0,0,0
vllm::maybe_all_gather_and_maybe_unpad,,,40.02,273.93,0,13.860000000000001,0,0
vllm::all_gather,,,114.14,233.91,0,13.860000000000001,0,0
aten::empty,,,3.19,15.94,0,0,0,0
empty_tensor,,,12.75,12.75,0,0,0,0
c10d::_allgather_base_,,,50.81,77.62,0,13.840000000000002,0,0
record_event,,,12.93,12.93,0.02,0.02,0,0
wait_event,,,2.99,2.99,7.98,7.98,0,0
HcclAllgatherBase,,,2.93,4.8,0,5.4,0,0
HcclAllGather,,,1.87,1.87,5.4,5.4,0,0
record_event,,,3.8,3.8,0.22,0.22,0,0
record_event,,,2.29,2.29,0.22,0.22,0,0
wait_event,,,2.95,2.95,0.02,0.02,0,0
destroy_event,,,1.92,1.92,0,0,0,0
aten::reshape,,,1.7,6.92,0,0,0,0
aten::view,,,5.22,5.22,0,0,0,0
aten::movedim,,,1.59,10.73,0,0,0,0
aten::movedim,,,2.4,9.14,0,0,0,0
aten::permute,,,2.71,6.74,0,0,0,0
aten::as_strided,,,4.03,4.03,0,0,0,0
aten::reshape,,,0.91,3.69,0,0,0,0
aten::view,,,2.78,2.78,0,0,0,0
_C_ascend::moe_gating_top_k_hash,,,42.61,81.02,0,14.4005,0,0
aten::empty,,,3.11,15.72,0,0,0,0
empty_tensor,,,12.61,12.61,0,0,0,0
aten::empty,,,1.3,5.59,0,0,0,0
empty_tensor,,,4.29,4.29,0,0,0,0
aten::empty,,,1.11,5.01,0,0,0,0
empty_tensor,,,3.9,3.9,0,0,0,0
aclnnMoeGatingTopKHash,,,12.09,12.09,14.4005,14.4005,0,0
aten::to,,,1.86,46.05,0,0.98,0,0
aten::_to_copy,,,5.98,44.19,0,0.98,0,0
aten::empty_strided,,,8.11,12.8,0,0,0,0
empty_tensor,,,4.69,4.69,0,0,0,0
aten::copy_,,,16.81,25.41,0,0.98,0,0
aclnnInplaceCopy,,,8.6,8.6,0.98,0.98,0,0
aten::detach,,,4.48,4.48,0,0,0,0
aten::detach,,,1.19,1.19,0,0,0,0
Event::record,,,80.37,93.67,0,0.24,0,0
record_event,,,13.3,13.3,0.24,0.24,0,0
aten::index,,,32.39,57.55,0,21.9805,0,0
empty_tensor,,,6.8,6.8,0,0,0,0
empty_tensor,,,8.47,8.47,0,0,0,0
aclnnIndex,,,9.89,9.89,21.9805,21.9805,0,0
aten::ne,,,10.94,22.66,0,1.36,0,0
empty_tensor,,,5.7,5.7,0,0,0,0
aclnnNeScalar,,,6.02,6.02,1.36,1.36,0,0
aten::mul,,,15.16,25.29,0,2.1,0,0
empty_tensor,,,4.44,4.44,0,0,0,0
aclnnMul,,,5.69,5.69,2.1,2.1,0,0
npu::npu_moe_init_routing_v2,,,24.27,50.4,0,33.421,0,0
empty_tensor,,,8.61,8.61,0,0,0,0
empty_tensor,,,3.17,3.17,0,0,0,0
empty_tensor,,,4.47,4.47,0,0,0,0
empty_tensor,,,3.1,3.1,0,0,0,0
aclnnMoeInitRoutingV3,,,6.78,6.78,33.421,33.421,0,0
aten::to,,,1.54,1.54,0,0,0,0
_C_ascend::grouped_matmul_swiglu_quant_v2,,,183.48,231.91,0,159.263,0,0
aten::empty,,,3.15,13.29,0,0,0,0
empty_tensor,,,10.14,10.14,0,0,0,0
aten::empty,,,1.27,4.96,0,0,0,0
empty_tensor,,,3.69,3.69,0,0,0,0
aten::empty,,,3.45,16.91,0,0,0,0
empty_tensor,,,13.46,13.46,0,0,0,0
aclnnGroupedMatmulSwigluQuantWeightNzV2,,,13.27,13.27,159.263,159.263,0,0
Event::record,,,87.0,100.42,0,0.02,0,0
record_event,,,13.42,13.42,0.02,0.02,0,0
npu::npu_grouped_matmul,,,43.97,71.96,0,89.902,0,0
empty_tensor,,,15.5,15.5,0,0,0,0
npu::get_npu_format,,,1.85,1.85,0,0,0,0
aclnnGroupedMatmulWeightNz,,,10.64,10.64,89.902,89.902,0,0
Event::record,,,74.39,87.47,0,0.24,0,0
record_event,,,13.08,13.08,0.24,0.24,0,0
aten::abs,,,17.07,39.13,0,1.16,0,0
empty_tensor,,,11.34,11.34,0,0,0,0
aclnnAbs,,,10.72,10.72,1.16,1.16,0,0
npu::npu_moe_token_unpermute,,,69.63,86.71,0,13.3,0,0
empty_tensor,,,7.57,7.57,0,0,0,0
aclnnMoeTokenUnpermute,,,9.51,9.51,13.3,13.3,0,0
vllm::maybe_pad_and_reduce,,,38.12,284.22,0,30.56,0,0
vllm::reduce_scatter,,,116.61,246.1,0,30.56,0,0
aten::movedim,,,1.64,13.64,0,0,0,0
aten::movedim,,,2.64,12.0,0,0,0,0
aten::permute,,,3.22,9.36,0,0,0,0
aten::as_strided,,,6.14,6.14,0,0,0,0
aten::empty,,,2.97,13.49,0,0,0,0
empty_tensor,,,10.52,10.52,0,0,0,0
c10d::_reduce_scatter_base_,,,54.87,85.51,0,17.7,0,0
record_event,,,14.36,14.36,0.02,0.02,0,0
wait_event,,,4.94,4.94,5.18,5.18,0,0
HcclReduceScatterBase,,,3.21,5.37,0,12.46,0,0
HcclReduceScatter,,,2.16,2.16,12.46,12.46,0,0
record_event,,,3.48,3.48,0.02,0.02,0,0
record_event,,,2.49,2.49,0.02,0.02,0,0
wait_event,,,3.1,3.1,12.86,12.86,0,0
destroy_event,,,1.63,1.63,0,0,0,0
aten::movedim,,,1.58,12.12,0,0,0,0
aten::movedim,,,2.44,10.54,0,0,0,0
aten::permute,,,3.0,8.1,0,0,0,0
aten::as_strided,,,5.1,5.1,0,0,0,0
Event::wait,,,64.92,77.79,0,0,0,0
wait_event,,,12.87,12.87,0,0,0,0
npu::npu_dynamic_quant,,,29.19,55.97,0,3.86,0,0
empty_tensor,,,12.82,12.82,0,0,0,0
empty_tensor,,,4.05,4.05,0,0,0,0
aclnnDynamicQuantV2,,,9.91,9.91,3.86,3.86,0,0
Event::wait,,,58.21,70.34,0,0,0,0
wait_event,,,12.13,12.13,0,0,0,0
npu::npu_quant_matmul,,,35.26,63.11,0,22.52,0,0
empty_tensor,,,10.93,10.93,0,0,0,0
aten::empty,,,2.38,4.48,0,0,0,0
empty_tensor,,,2.1,2.1,0,0,0,0
aten::empty,,,0.98,2.58,0,0,0,0
empty_tensor,,,1.6,1.6,0,0,0,0
aclnnQuantMatmulWeightNz,,,9.86,9.86,22.52,22.52,0,0
Event::wait,,,55.88,66.92,0,0.02,0,0
wait_event,,,11.04,11.04,0.02,0.02,0,0
_C_ascend::npu_dequant_swiglu_quant,,,47.13,86.51,0,5.32,0,0
aten::empty,,,2.96,13.61,0,0,0,0
empty_tensor,,,10.65,10.65,0,0,0,0
aten::empty,,,1.26,5.02,0,0,0,0
empty_tensor,,,3.76,3.76,0,0,0,0
aten::empty,,,2.43,9.93,0,0,0,0
empty_tensor,,,7.5,7.5,0,0,0,0
aclnnDequantSwigluQuantV2,,,10.82,10.82,5.32,5.32,0,0
Event::wait,,,59.51,71.98,0,0.24,0,0
wait_event,,,12.47,12.47,0.24,0.24,0,0
npu::npu_quant_matmul,,,36.16,63.36,0,18.6805,0,0
empty_tensor,,,11.23,11.23,0,0,0,0
aten::empty,,,2.08,4.13,0,0,0,0
empty_tensor,,,2.05,2.05,0,0,0,0
aten::empty,,,0.95,2.6,0,0,0,0
empty_tensor,,,1.65,1.65,0,0,0,0
aclnnQuantMatmulWeightNz,,,9.24,9.24,18.6805,18.6805,0,0
Event::record,,,69.1,81.17,0,0.22,0,0
record_event,,,12.07,12.07,0.22,0.22,0,0
Event::wait,,,45.38,55.7,0,0.02,0,0
wait_event,,,10.32,10.32,0.02,0.02,0,0
destroy_event,,,6.18,6.18,0,0,0,0
destroy_event,,,6.48,6.48,0,0,0,0
destroy_event,,,3.59,3.59,0,0,0,0
destroy_event,,,1.5,1.5,0,0,0,0
destroy_event,,,1.5,1.5,0,0,0,0
destroy_event,,,1.68,1.68,0,0,0,0
aten::add,,,22.83,41.36,0,10.7405,0,0
empty_tensor,,,10.55,10.55,0,0,0,0
aclnnAdd,,,7.98,7.98,10.7405,10.7405,0,0
vllm::maybe_all_reduce_tensor_model_parallel,,,24.55,24.55,0,0,0,0
aten::unsqueeze,,,4.98,9.34,0,0,0,0
aten::as_strided,,,4.36,4.36,0,0,0,0
aten::unsqueeze,,,2.33,4.34,0,0,0,0
aten::as_strided,,,2.01,2.01,0,0,0,0
aten::unsqueeze,,,1.98,3.57,0,0,0,0
aten::as_strided,,,1.59,1.59,0,0,0,0
aten::unsqueeze,,,1.95,3.38,0,0,0,0
aten::as_strided,,,1.43,1.43,0,0,0,0
_C_ascend::npu_hc_post,,,44.22,85.84,0,7.86,0,0
aten::empty,,,2.69,14.74,0,0,0,0
empty_tensor,,,12.05,12.05,0,0,0,0
aten::empty,,,2.85,14.94,0,0,0,0
empty_tensor,,,12.09,12.09,0,0,0,0
aclnnHcPost,,,11.94,11.94,7.86,7.86,0,0
aten::squeeze,,,4.61,7.43,0,0,0,0
aten::as_strided,,,2.82,2.82,0,0,0,0
_C_ascend::npu_hc_pre_v2,,,38.78,78.94,0,31.6605,0,0
aten::empty,,,1.96,12.56,0,0,0,0
empty_tensor,,,10.6,10.6,0,0,0,0
aten::empty,,,1.11,4.62,0,0,0,0
empty_tensor,,,3.51,3.51,0,0,0,0
aten::empty,,,1.15,4.08,0,0,0,0
empty_tensor,,,2.93,2.93,0,0,0,0
aten::empty,,,2.11,9.44,0,0,0,0
empty_tensor,,,7.33,7.33,0,0,0,0
aclnnHcPre,,,9.46,9.46,31.6605,31.6605,0,0
npu::npu_rms_norm,,,48.23,66.11,0,4.58,0,0
empty_tensor,,,6.4,6.4,0,0,0,0
empty_tensor,,,3.34,3.34,0,0,0,0
aclnnRmsNorm,,,8.14,8.14,4.58,4.58,0,0
aten::empty,,,5.79,12.65,0,0,0,0
empty_tensor,,,6.86,6.86,0,0,0,0
aten::alias,,,4.03,4.03,0,0,0,0
vllm::dsa_forward,,,1491.77,3380.12,0,350.606,0,0
aten::empty,,,3.53,15.08,0,0,0,0
empty_tensor,,,11.55,11.55,0,0,0,0
c10d::_allgather_base_,,,55.21,82.54,0,13.88,0,0
record_event,,,13.57,13.57,0.02,0.02,0,0
wait_event,,,2.98,2.98,2.52,2.52,0,0
HcclAllgatherBase,,,3.23,5.1,0,11.3,0,0
HcclAllGather,,,1.87,1.87,11.3,11.3,0,0
record_event,,,3.42,3.42,0.02,0.02,0,0
record_event,,,2.26,2.26,0.02,0.02,0,0
npu::npu_dynamic_quant,,,28.82,46.11,0,3.8,0,0
empty_tensor,,,9.48,9.48,0,0,0,0
empty_tensor,,,4.33,4.33,0,0,0,0
aclnnDynamicQuantV2,,,3.48,3.48,3.8,3.8,0,0
npu::npu_quant_matmul,,,29.26,52.79,0,16.7605,0,0
empty_tensor,,,6.73,6.73,0,0,0,0
aten::empty,,,2.25,4.4,0,0,0,0
empty_tensor,,,2.15,2.15,0,0,0,0
aten::empty,,,0.98,2.54,0,0,0,0
empty_tensor,,,1.56,1.56,0,0,0,0
aclnnQuantMatmulWeightNz,,,9.86,9.86,16.7605,16.7605,0,0
_C_ascend::npu_rms_norm_dynamic_quant,,,47.76,101.86,0,6.94,0,0
aten::empty_like,,,5.64,16.36,0,0,0,0
aten::empty_strided,,,7.45,10.72,0,0,0,0
empty_tensor,,,3.27,3.27,0,0,0,0
aten::empty,,,1.43,4.84,0,0,0,0
empty_tensor,,,3.41,3.41,0,0,0,0
aten::empty,,,1.02,4.05,0,0,0,0
empty_tensor,,,3.03,3.03,0,0,0,0
aten::empty_like,,,1.82,7.25,0,0,0,0
aten::empty_strided,,,3.67,5.43,0,0,0,0
empty_tensor,,,1.76,1.76,0,0,0,0
aten::empty,,,2.36,10.76,0,0,0,0
empty_tensor,,,8.4,8.4,0,0,0,0
aclnnRmsNormDynamicQuant,,,10.84,10.84,6.94,6.94,0,0
npu::npu_quant_matmul,,,29.28,51.96,0,33.7605,0,0
empty_tensor,,,7.1,7.1,0,0,0,0
aten::empty,,,1.7,3.76,0,0,0,0
empty_tensor,,,2.06,2.06,0,0,0,0
aten::empty,,,1.02,2.59,0,0,0,0
empty_tensor,,,1.57,1.57,0,0,0,0
aclnnQuantMatmulWeightNz,,,9.23,9.23,33.7605,33.7605,0,0
aten::unflatten,,,5.33,10.63,0,0,0,0
aten::view,,,5.3,5.3,0,0,0,0
aten::view,,,2.71,2.71,0,0,0,0
aten::empty_like,,,4.19,14.47,0,0,0,0
aten::empty_strided,,,6.88,10.28,0,0,0,0
empty_tensor,,,3.4,3.4,0,0,0,0
triton_rms_kernel,,,14.75,14.75,13.6,13.6,0,0
aten::view,,,7.32,7.32,0,0,0,0
aten::unsqueeze,,,3.06,7.31,0,0,0,0
aten::as_strided,,,4.25,4.25,0,0,0,0
_C_ascend::inplace_partial_rotary_mul,,,50.96,79.9,0,5.16,0,0
aten::empty,,,3.67,17.97,0,0,0,0
empty_tensor,,,14.3,14.3,0,0,0,0
aclnnInplacePartialRotaryMul,,,10.97,10.97,5.16,5.16,0,0
wait_event,,,4.9,4.9,0.02,0.02,0,0
aten::slice,,,4.23,8.31,0,0,0,0
aten::as_strided,,,4.08,4.08,0,0,0,0
npu::npu_dynamic_quant,,,28.25,51.95,0,7.0205,0,0
empty_tensor,,,9.86,9.86,0,0,0,0
empty_tensor,,,4.6,4.6,0,0,0,0
aclnnDynamicQuantV2,,,9.24,9.24,7.0205,7.0205,0,0
npu::npu_quant_matmul,,,30.47,53.4,0,14.0205,0,0
empty_tensor,,,7.23,7.23,0,0,0,0
aten::empty,,,2.04,4.12,0,0,0,0
empty_tensor,,,2.08,2.08,0,0,0,0
aten::empty,,,0.95,2.48,0,0,0,0
empty_tensor,,,1.53,1.53,0,0,0,0
aclnnQuantMatmulWeightNz,,,9.1,9.1,14.0205,14.0205,0,0
npu::npu_rms_norm,,,53.4,75.76,0,10.06,0,0
empty_tensor,,,6.77,6.77,0,0,0,0
empty_tensor,,,3.19,3.19,0,0,0,0
aclnnRmsNorm,,,12.4,12.4,10.06,10.06,0,0
aten::view,,,5.74,5.74,0,0,0,0
aten::unsqueeze,,,2.87,6.66,0,0,0,0
aten::as_strided,,,3.79,3.79,0,0,0,0
aten::slice,,,3.08,5.36,0,0,0,0
aten::as_strided,,,2.28,2.28,0,0,0,0
aten::slice,,,1.08,2.78,0,0,0,0
aten::as_strided,,,1.7,1.7,0,0,0,0
_C_ascend::inplace_partial_rotary_mul,,,37.66,62.69,0,9.4,0,0
aten::empty,,,3.2,13.75,0,0,0,0
empty_tensor,,,10.55,10.55,0,0,0,0
aclnnInplacePartialRotaryMul,,,11.28,11.28,9.4,9.4,0,0
_C_ascend::npu_scatter_nd_update_sk,,,35.82,56.86,0,26.0205,0,0
aten::empty,,,2.53,11.84,0,0,0,0
empty_tensor,,,9.31,9.31,0,0,0,0
aclnnScatterNdUpdateSk,,,9.2,9.2,26.0205,26.0205,0,0
aten::squeeze,,,8.47,12.94,0,0,0,0
aten::as_strided,,,4.47,4.47,0,0,0,0
aten::view,,,4.21,4.21,0,0,0,0
aten::view,,,2.38,2.38,0,0,0,0
_C_ascend::compressor,,,46.89,79.88,0,41.441,0,0
aten::empty,,,2.37,11.32,0,0,0,0
empty_tensor,,,8.95,8.95,0,0,0,0
aten::empty,,,2.22,10.96,0,0,0,0
empty_tensor,,,8.74,8.74,0,0,0,0
aclnnCompressor,,,10.71,10.71,41.441,41.441,0,0
_C_ascend::npu_scatter_nd_update_sk,,,31.55,52.22,0,15.16,0,0
aten::empty,,,2.26,11.09,0,0,0,0
empty_tensor,,,8.83,8.83,0,0,0,0
aclnnScatterNdUpdateSk,,,9.58,9.58,15.16,15.16,0,0
_C_ascend::npu_sparse_attn_sharedkv,,,43.81,76.65,0,29.3205,0,0
aten::empty,,,2.17,9.96,0,0,0,0
empty_tensor,,,7.79,7.79,0,0,0,0
aten::empty,,,1.12,3.2,0,0,0,0
empty_tensor,,,2.08,2.08,0,0,0,0
aten::empty,,,1.96,9.56,0,0,0,0
empty_tensor,,,7.6,7.6,0,0,0,0
aclnnSparseAttnSharedkv,,,10.12,10.12,29.3205,29.3205,0,0
destroy_event,,,2.75,2.75,0,0,0,0
aten::unsqueeze,,,3.85,8.59,0,0,0,0
aten::as_strided,,,4.74,4.74,0,0,0,0
aten::neg,,,14.72,30.5,0,0.88,0,0
empty_tensor,,,6.77,6.77,0,0,0,0
aclnnNeg,,,9.01,9.01,0.88,0.88,0,0
_C_ascend::inplace_partial_rotary_mul,,,36.04,57.01,0,5.28,0,0
aten::empty,,,2.73,12.02,0,0,0,0
empty_tensor,,,9.29,9.29,0,0,0,0
aclnnInplacePartialRotaryMul,,,8.95,8.95,5.28,5.28,0,0
aten::view,,,5.75,5.75,0,0,0,0
aten::permute,,,3.03,7.83,0,0,0,0
aten::as_strided,,,4.8,4.8,0,0,0,0
aten::contiguous,,,2.68,40.36,0,10.96,0,0
aten::clone,,,4.74,37.68,0,10.96,0,0
empty_tensor,,,6.65,6.65,0,0,0,0
aten::copy_,,,18.25,26.29,0,10.96,0,0
aclnnInplaceCopy,,,8.04,8.04,10.96,10.96,0,0
aten::view,,,3.45,3.45,0,0,0,0
aten::empty_like,,,4.74,14.17,0,0,0,0
aten::empty_strided,,,6.65,9.43,0,0,0,0
empty_tensor,,,2.78,2.78,0,0,0,0
c10d::alltoall_base_,,,55.21,77.96,0,13.28,0,0
record_event,,,10.04,10.04,0.2,0.2,0,0
wait_event,,,3.06,3.06,0.02,0.02,0,0
HcclAlltoAll,,,2.12,3.62,0,13.04,0,0
HcclAlltoAll,,,1.5,1.5,13.04,13.04,0,0
record_event,,,3.62,3.62,0.0,0.0,0,0
record_event,,,2.41,2.41,0.02,0.02,0,0
wait_event,,,2.9,2.9,9.2405,9.2405,0,0
destroy_event,,,1.74,1.74,0,0,0,0
aten::view,,,4.99,4.99,0,0,0,0
npu::npu_transpose_batchmatmul,,,30.26,51.27,0,32.2805,0,0
empty_tensor,,,10.59,10.59,0,0,0,0
aclnnTransposeBatchMatMul,,,10.42,10.42,32.2805,32.2805,0,0
aten::reshape,,,1.52,6.02,0,0,0,0
aten::view,,,4.5,4.5,0,0,0,0
vllm::matmul_and_reduce,,,143.9,457.62,0,31.601,0,0
vllm::unquantized_gemm,,,16.24,76.59,0,16.6205,0,0
aten::linear,,,4.32,60.35,0,16.6205,0,0
aten::t,,,5.55,14.68,0,0,0,0
aten::transpose,,,3.02,9.13,0,0,0,0
aten::as_strided,,,6.11,6.11,0,0,0,0
aten::matmul,,,19.42,41.35,0,16.6205,0,0
empty_tensor,,,10.94,10.94,0,0,0,0
aclnnMatmul,,,10.99,10.99,16.6205,16.6205,0,0
vllm::reduce_scatter,,,114.06,237.13,0,14.9805,0,0
aten::movedim,,,1.54,10.4,0,0,0,0
aten::movedim,,,2.53,8.86,0,0,0,0
aten::permute,,,2.75,6.33,0,0,0,0
aten::as_strided,,,3.58,3.58,0,0,0,0
aten::empty,,,2.73,13.12,0,0,0,0
empty_tensor,,,10.39,10.39,0,0,0,0
c10d::_reduce_scatter_base_,,,54.11,81.68,0,14.9605,0,0
record_event,,,12.34,12.34,0.02,0.02,0,0
wait_event,,,4.82,4.82,2.52,2.52,0,0
HcclReduceScatterBase,,,3.0,4.84,0,12.2,0,0
HcclReduceScatter,,,1.84,1.84,12.2,12.2,0,0
record_event,,,3.21,3.21,0.02,0.02,0,0
record_event,,,2.36,2.36,0.2005,0.2005,0,0
wait_event,,,2.96,2.96,0.02,0.02,0,0
destroy_event,,,1.72,1.72,0,0,0,0
aten::movedim,,,1.41,13.19,0,0,0,0
aten::movedim,,,2.37,11.78,0,0,0,0
aten::permute,,,4.77,9.41,0,0,0,0
aten::as_strided,,,4.64,4.64,0,0,0,0
aten::copy_,,,54.73,65.32,0,0.72,0,0
aclnnInplaceCopy,,,10.59,10.59,0.72,0.72,0,0
aten::unsqueeze,,,4.2,8.21,0,0,0,0
aten::as_strided,,,4.01,4.01,0,0,0,0
aten::unsqueeze,,,2.4,4.1,0,0,0,0
aten::as_strided,,,1.7,1.7,0,0,0,0
aten::unsqueeze,,,3.61,5.09,0,0,0,0
aten::as_strided,,,1.48,1.48,0,0,0,0
aten::detach,,,3.5,3.5,0,0,0,0
aten::reshape,,,4.09,7.65,0,0,0,0
aten::view,,,3.56,3.56,0,0,0,0
aten::unsqueeze,,,2.11,3.64,0,0,0,0
aten::as_strided,,,1.53,1.53,0,0,0,0
_C_ascend::npu_hc_post,,,38.44,74.69,0,8.72,0,0
aten::empty,,,2.68,12.98,0,0,0,0
empty_tensor,,,10.3,10.3,0,0,0,0
aten::empty,,,2.3,12.25,0,0,0,0
empty_tensor,,,9.95,9.95,0,0,0,0
aclnnHcPost,,,11.02,11.02,8.72,8.72,0,0
aten::squeeze,,,4.57,6.94,0,0,0,0
aten::as_strided,,,2.37,2.37,0,0,0,0
_C_ascend::npu_hc_pre_v2,,,35.87,71.76,0,30.5405,0,0
aten::empty,,,1.89,8.48,0,0,0,0
empty_tensor,,,6.59,6.59,0,0,0,0
aten::empty,,,1.18,4.55,0,0,0,0
empty_tensor,,,3.37,3.37,0,0,0,0
aten::empty,,,1.07,4.0,0,0,0,0
empty_tensor,,,2.93,2.93,0,0,0,0
aten::empty,,,1.65,9.05,0,0,0,0
empty_tensor,,,7.4,7.4,0,0,0,0
aclnnHcPre,,,9.81,9.81,30.5405,30.5405,0,0
npu::npu_rms_norm,,,47.91,65.51,0,4.7805,0,0
empty_tensor,,,5.75,5.75,0,0,0,0
empty_tensor,,,3.52,3.52,0,0,0,0
aclnnRmsNorm,,,8.33,8.33,4.7805,4.7805,0,0
aten::reshape,,,4.76,9.0,0,0,0,0
aten::view,,,4.24,4.24,0,0,0,0
vllm::moe_forward_shared,,,1926.33,4765.21,0,452.94800000000004,0,0
aten::to,,,2.01,46.88,0,5.96,0,0
aten::_to_copy,,,5.71,44.87,0,5.96,0,0
aten::empty_strided,,,9.34,13.86,0,0,0,0
empty_tensor,,,4.52,4.52,0,0,0,0
aten::copy_,,,15.35,25.3,0,5.96,0,0
aclnnInplaceCopy,,,9.95,9.95,5.96,5.96,0,0
Event::record,,,77.42,89.28,0,0.02,0,0
record_event,,,11.86,11.86,0.02,0.02,0,0
aten::linear,,,4.31,57.84,0,12.64,0,0
aten::t,,,5.45,14.54,0,0,0,0
aten::transpose,,,2.7,9.09,0,0,0,0
aten::as_strided,,,6.39,6.39,0,0,0,0
aten::matmul,,,19.3,38.99,0,12.64,0,0
empty_tensor,,,10.5,10.5,0,0,0,0
aclnnMatmul,,,9.19,9.19,12.64,12.64,0,0
Event::record,,,69.99,81.22,0,0.02,0,0
record_event,,,11.23,11.23,0.02,0.02,0,0
vllm::maybe_all_gather_and_maybe_unpad,,,44.8,305.54,0,11.1,0,0
vllm::all_gather,,,130.4,260.74,0,11.1,0,0
aten::empty,,,3.77,17.58,0,0,0,0
empty_tensor,,,13.81,13.81,0,0,0,0
c10d::_allgather_base_,,,56.82,84.6,0,11.1,0,0
record_event,,,13.54,13.54,0.2,0.2,0,0
wait_event,,,3.32,3.32,0.0,0.0,0,0
HcclAllgatherBase,,,3.0,4.93,0,10.66,0,0
HcclAllGather,,,1.93,1.93,10.66,10.66,0,0
record_event,,,3.34,3.34,0.02,0.02,0,0
record_event,,,2.65,2.65,0.22,0.22,0,0
wait_event,,,3.04,3.04,0.0,0.0,0,0
destroy_event,,,1.6,1.6,0,0,0,0
aten::reshape,,,1.69,8.11,0,0,0,0
aten::view,,,6.42,6.42,0,0,0,0
aten::movedim,,,1.64,11.46,0,0,0,0
aten::movedim,,,2.55,9.82,0,0,0,0
aten::permute,,,2.96,7.27,0,0,0,0
aten::as_strided,,,4.31,4.31,0,0,0,0
aten::reshape,,,0.97,3.95,0,0,0,0
aten::view,,,2.98,2.98,0,0,0,0
vllm::maybe_all_gather_and_maybe_unpad,,,40.23,270.58,0,20.2805,0,0
vllm::all_gather,,,113.51,230.35,0,20.2805,0,0
aten::empty,,,3.06,15.99,0,0,0,0
empty_tensor,,,12.93,12.93,0,0,0,0
c10d::_allgather_base_,,,49.02,74.94,0,9.9,0,0
record_event,,,12.19,12.19,0.02,0.02,0,0
wait_event,,,2.8,2.8,4.22,4.22,0,0
HcclAllgatherBase,,,3.05,4.84,0,5.4,0,0
HcclAllGather,,,1.79,1.79,5.4,5.4,0,0
record_event,,,3.39,3.39,0.24,0.24,0,0
record_event,,,2.7,2.7,0.02,0.02,0,0
wait_event,,,3.11,3.11,10.3805,10.3805,0,0
destroy_event,,,1.7,1.7,0,0,0,0
aten::reshape,,,1.4,6.73,0,0,0,0
aten::view,,,5.33,5.33,0,0,0,0
aten::movedim,,,1.64,10.6,0,0,0,0
aten::movedim,,,2.4,8.96,0,0,0,0
aten::permute,,,2.7,6.56,0,0,0,0
aten::as_strided,,,3.86,3.86,0,0,0,0
aten::reshape,,,0.81,3.77,0,0,0,0
aten::view,,,2.96,2.96,0,0,0,0
_C_ascend::moe_gating_top_k_hash,,,41.76,81.43,0,10.46,0,0
aten::empty,,,3.14,16.12,0,0,0,0
empty_tensor,,,12.98,12.98,0,0,0,0
aten::empty,,,1.13,6.71,0,0,0,0
empty_tensor,,,5.58,5.58,0,0,0,0
aten::empty,,,0.99,4.62,0,0,0,0
empty_tensor,,,3.63,3.63,0,0,0,0
aclnnMoeGatingTopKHash,,,12.22,12.22,10.46,10.46,0,0
aten::to,,,1.89,49.32,0,1.0,0,0
aten::_to_copy,,,6.21,47.43,0,1.0,0,0
aten::empty_strided,,,8.65,13.99,0,0,0,0
empty_tensor,,,5.34,5.34,0,0,0,0
aten::copy_,,,18.06,27.23,0,1.0,0,0
aclnnInplaceCopy,,,9.17,9.17,1.0,1.0,0,0
aten::detach,,,4.28,4.28,0,0,0,0
aten::detach,,,1.06,1.06,0,0,0,0
Event::record,,,78.91,91.78,0,0.32,0,0
record_event,,,12.87,12.87,0.32,0.32,0,0
aten::index,,,31.69,56.34,0,22.7405,0,0
empty_tensor,,,6.67,6.67,0,0,0,0
empty_tensor,,,7.37,7.37,0,0,0,0
aclnnIndex,,,10.61,10.61,22.7405,22.7405,0,0
aten::ne,,,11.44,25.4,0,1.34,0,0
empty_tensor,,,7.41,7.41,0,0,0,0
aclnnNeScalar,,,6.55,6.55,1.34,1.34,0,0
aten::mul,,,15.31,26.03,0,2.08,0,0
empty_tensor,,,4.87,4.87,0,0,0,0
aclnnMul,,,5.85,5.85,2.08,2.08,0,0
npu::npu_moe_init_routing_v2,,,24.7,49.78,0,29.1605,0,0
empty_tensor,,,8.75,8.75,0,0,0,0
empty_tensor,,,3.26,3.26,0,0,0,0
empty_tensor,,,3.05,3.05,0,0,0,0
empty_tensor,,,2.84,2.84,0,0,0,0
aclnnMoeInitRoutingV3,,,7.18,7.18,29.1605,29.1605,0,0
aten::to,,,1.7,1.7,0,0,0,0
_C_ascend::grouped_matmul_swiglu_quant_v2,,,180.66,230.13,0,163.9635,0,0
aten::empty,,,3.26,13.11,0,0,0,0
empty_tensor,,,9.85,9.85,0,0,0,0
aten::empty,,,1.32,4.68,0,0,0,0
empty_tensor,,,3.36,3.36,0,0,0,0
aten::empty,,,3.7,17.38,0,0,0,0
empty_tensor,,,13.68,13.68,0,0,0,0
aclnnGroupedMatmulSwigluQuantWeightNzV2,,,14.3,14.3,163.9635,163.9635,0,0
Event::record,,,77.34,90.51,0,0.02,0,0
record_event,,,13.17,13.17,0.02,0.02,0,0
npu::npu_grouped_matmul,,,39.11,65.84,0,90.842,0,0
empty_tensor,,,15.04,15.04,0,0,0,0
npu::get_npu_format,,,1.82,1.82,0,0,0,0
aclnnGroupedMatmulWeightNz,,,9.87,9.87,90.842,90.842,0,0
Event::record,,,73.07,85.62,0,0.02,0,0
record_event,,,12.55,12.55,0.02,0.02,0,0
aten::abs,,,15.76,35.77,0,1.04,0,0
empty_tensor,,,10.7,10.7,0,0,0,0
aclnnAbs,,,9.31,9.31,1.04,1.04,0,0
npu::npu_moe_token_unpermute,,,68.99,88.78,0,13.26,0,0
empty_tensor,,,7.42,7.42,0,0,0,0
aclnnMoeTokenUnpermute,,,12.37,12.37,13.26,13.26,0,0
vllm::maybe_pad_and_reduce,,,38.53,283.7,0,17.34,0,0
vllm::reduce_scatter,,,118.17,245.17,0,17.34,0,0
aten::movedim,,,1.62,13.38,0,0,0,0
aten::movedim,,,2.66,11.76,0,0,0,0
aten::permute,,,3.59,9.1,0,0,0,0
aten::as_strided,,,5.51,5.51,0,0,0,0
aten::empty,,,2.92,14.2,0,0,0,0
empty_tensor,,,11.28,11.28,0,0,0,0
c10d::_reduce_scatter_base_,,,54.33,81.91,0,17.32,0,0
record_event,,,13.43,13.43,0.02,0.02,0,0
wait_event,,,3.01,3.01,5.92,5.92,0,0
HcclReduceScatterBase,,,2.95,4.78,0,11.34,0,0
HcclReduceScatter,,,1.83,1.83,11.34,11.34,0,0
record_event,,,3.93,3.93,0.02,0.02,0,0
record_event,,,2.43,2.43,0.02,0.02,0,0
wait_event,,,3.08,3.08,0.02,0.02,0,0
destroy_event,,,1.64,1.64,0,0,0,0
aten::movedim,,,1.54,12.79,0,0,0,0
aten::movedim,,,2.59,11.25,0,0,0,0
aten::permute,,,3.23,8.66,0,0,0,0
aten::as_strided,,,5.43,5.43,0,0,0,0
Event::wait,,,64.45,78.11,0,0,0,0
wait_event,,,13.66,13.66,0,0,0,0
npu::npu_dynamic_quant,,,29.18,56.5,0,4.04,0,0
empty_tensor,,,12.87,12.87,0,0,0,0
empty_tensor,,,3.77,3.77,0,0,0,0
aclnnDynamicQuantV2,,,10.68,10.68,4.04,4.04,0,0
Event::wait,,,57.68,69.36,0,0,0,0
wait_event,,,11.68,11.68,0,0,0,0
npu::npu_quant_matmul,,,34.43,62.06,0,21.7005,0,0
empty_tensor,,,10.79,10.79,0,0,0,0
aten::empty,,,2.37,4.63,0,0,0,0
empty_tensor,,,2.26,2.26,0,0,0,0
aten::empty,,,1.01,2.68,0,0,0,0
empty_tensor,,,1.67,1.67,0,0,0,0
aclnnQuantMatmulWeightNz,,,9.53,9.53,21.7005,21.7005,0,0
Event::wait,,,55.81,66.73,0,0.02,0,0
wait_event,,,10.92,10.92,0.02,0.02,0,0
_C_ascend::npu_dequant_swiglu_quant,,,47.02,89.68,0,5.2605,0,0
aten::empty,,,3.03,13.54,0,0,0,0
empty_tensor,,,10.51,10.51,0,0,0,0
aten::empty,,,1.24,4.88,0,0,0,0
empty_tensor,,,3.64,3.64,0,0,0,0
aten::empty,,,2.48,12.61,0,0,0,0
empty_tensor,,,10.13,10.13,0,0,0,0
aclnnDequantSwigluQuantV2,,,11.63,11.63,5.2605,5.2605,0,0
Event::wait,,,59.69,71.49,0,0.0,0,0
wait_event,,,11.8,11.8,0.0,0.0,0,0
npu::npu_quant_matmul,,,35.47,63.24,0,18.28,0,0
empty_tensor,,,10.68,10.68,0,0,0,0
aten::empty,,,2.2,4.37,0,0,0,0
empty_tensor,,,2.17,2.17,0,0,0,0
aten::empty,,,1.05,2.93,0,0,0,0
empty_tensor,,,1.88,1.88,0,0,0,0
aclnnQuantMatmulWeightNz,,,9.79,9.79,18.28,18.28,0,0
Event::record,,,71.08,82.75,0,0.02,0,0
record_event,,,11.67,11.67,0.02,0.02,0,0
Event::wait,,,46.69,56.44,0,0.02,0,0
wait_event,,,9.75,9.75,0.02,0.02,0,0
destroy_event,,,7.86,7.86,0,0,0,0
destroy_event,,,6.46,6.46,0,0,0,0
destroy_event,,,2.54,2.54,0,0,0,0
destroy_event,,,1.3,1.3,0,0,0,0
destroy_event,,,3.94,3.94,0,0,0,0
destroy_event,,,1.61,1.61,0,0,0,0
aten::add,,,23.9,43.36,0,7.48,0,0
empty_tensor,,,11.32,11.32,0,0,0,0
aclnnAdd,,,8.14,8.14,7.48,7.48,0,0
vllm::maybe_all_reduce_tensor_model_parallel,,,24.98,24.98,0,0,0,0
aten::unsqueeze,,,4.89,9.12,0,0,0,0
aten::as_strided,,,4.23,4.23,0,0,0,0
aten::unsqueeze,,,2.42,4.32,0,0,0,0
aten::as_strided,,,1.9,1.9,0,0,0,0
aten::unsqueeze,,,2.1,3.6,0,0,0,0
aten::as_strided,,,1.5,1.5,0,0,0,0
aten::unsqueeze,,,1.86,3.34,0,0,0,0
aten::as_strided,,,1.48,1.48,0,0,0,0
_C_ascend::npu_hc_post,,,41.88,76.51,0,7.3,0,0
aten::empty,,,2.67,11.86,0,0,0,0
empty_tensor,,,9.19,9.19,0,0,0,0
aten::empty,,,2.16,12.68,0,0,0,0
empty_tensor,,,10.52,10.52,0,0,0,0
aclnnHcPost,,,10.09,10.09,7.3,7.3,0,0
aten::squeeze,,,4.61,7.3,0,0,0,0
aten::as_strided,,,2.69,2.69,0,0,0,0
_C_ascend::npu_hc_pre_v2,,,37.45,73.13,0,32.1005,0,0
aten::empty,,,1.96,8.31,0,0,0,0
empty_tensor,,,6.35,6.35,0,0,0,0
aten::empty,,,1.2,4.59,0,0,0,0
empty_tensor,,,3.39,3.39,0,0,0,0
aten::empty,,,1.27,4.41,0,0,0,0
empty_tensor,,,3.14,3.14,0,0,0,0
aten::empty,,,1.93,9.27,0,0,0,0
empty_tensor,,,7.34,7.34,0,0,0,0
aclnnHcPre,,,9.1,9.1,32.1005,32.1005,0,0
npu::npu_rms_norm,,,47.52,65.32,0,4.68,0,0
empty_tensor,,,5.79,5.79,0,0,0,0
empty_tensor,,,3.55,3.55,0,0,0,0
aclnnRmsNorm,,,8.46,8.46,4.68,4.68,0,0
aten::empty,,,6.22,12.68,0,0,0,0
empty_tensor,,,6.46,6.46,0,0,0,0
aten::alias,,,3.79,3.79,0,0,0,0
vllm::dsa_forward,,,2185.26,5008.51,0,628.673,0,0
aten::empty,,,3.72,14.88,0,0,0,0
empty_tensor,,,11.16,11.16,0,0,0,0
c10d::_allgather_base_,,,57.65,87.68,0,10.26,0,0
record_event,,,14.1,14.1,0.0,0.0,0,0
wait_event,,,3.35,3.35,0.0,0.0,0,0
HcclAllgatherBase,,,3.16,6.48,0,10.22,0,0
HcclAllGather,,,3.32,3.32,10.22,10.22,0,0
record_event,,,3.76,3.76,0.02,0.02,0,0
record_event,,,2.34,2.34,0.02,0.02,0,0
npu::npu_dynamic_quant,,,29.67,46.96,0,4.1205,0,0
empty_tensor,,,9.77,9.77,0,0,0,0
empty_tensor,,,4.35,4.35,0,0,0,0
aclnnDynamicQuantV2,,,3.17,3.17,4.1205,4.1205,0,0
npu::npu_quant_matmul,,,30.69,53.84,0,16.9805,0,0
empty_tensor,,,6.69,6.69,0,0,0,0
aten::empty,,,2.18,4.26,0,0,0,0
empty_tensor,,,2.08,2.08,0,0,0,0
aten::empty,,,1.0,2.59,0,0,0,0
empty_tensor,,,1.59,1.59,0,0,0,0
aclnnQuantMatmulWeightNz,,,9.61,9.61,16.9805,16.9805,0,0
_C_ascend::npu_rms_norm_dynamic_quant,,,45.35,98.79,0,6.94,0,0
aten::empty_like,,,5.59,16.44,0,0,0,0
aten::empty_strided,,,7.52,10.85,0,0,0,0
empty_tensor,,,3.33,3.33,0,0,0,0
aten::empty,,,1.41,5.11,0,0,0,0
empty_tensor,,,3.7,3.7,0,0,0,0
aten::empty,,,0.98,4.2,0,0,0,0
empty_tensor,,,3.22,3.22,0,0,0,0
aten::empty_like,,,1.86,7.23,0,0,0,0
aten::empty_strided,,,3.61,5.37,0,0,0,0
empty_tensor,,,1.76,1.76,0,0,0,0
aten::empty,,,1.81,9.92,0,0,0,0
empty_tensor,,,8.11,8.11,0,0,0,0
aclnnRmsNormDynamicQuant,,,10.54,10.54,6.94,6.94,0,0
npu::npu_quant_matmul,,,29.77,53.48,0,32.9405,0,0
empty_tensor,,,6.67,6.67,0,0,0,0
aten::empty,,,1.67,3.83,0,0,0,0
empty_tensor,,,2.16,2.16,0,0,0,0
aten::empty,,,0.96,2.59,0,0,0,0
empty_tensor,,,1.63,1.63,0,0,0,0
aclnnQuantMatmulWeightNz,,,10.62,10.62,32.9405,32.9405,0,0
aten::unflatten,,,6.04,11.64,0,0,0,0
aten::view,,,5.6,5.6,0,0,0,0
aten::view,,,2.62,2.62,0,0,0,0
aten::empty_like,,,4.21,14.88,0,0,0,0
aten::empty_strided,,,7.17,10.67,0,0,0,0
empty_tensor,,,3.5,3.5,0,0,0,0
triton_rms_kernel,,,14.95,14.95,13.5005,13.5005,0,0
aten::view,,,7.78,7.78,0,0,0,0
aten::unsqueeze,,,3.15,7.36,0,0,0,0
aten::as_strided,,,4.21,4.21,0,0,0,0
_C_ascend::inplace_partial_rotary_mul,,,42.09,70.08,0,5.1805,0,0
aten::empty,,,3.26,16.94,0,0,0,0
empty_tensor,,,13.68,13.68,0,0,0,0
aclnnInplacePartialRotaryMul,,,11.05,11.05,5.1805,5.1805,0,0
wait_event,,,4.62,4.62,0.02,0.02,0,0
aten::slice,,,4.17,8.11,0,0,0,0
aten::as_strided,,,3.94,3.94,0,0,0,0
npu::npu_dynamic_quant,,,28.63,52.22,0,7.14,0,0
empty_tensor,,,9.59,9.59,0,0,0,0
empty_tensor,,,4.37,4.37,0,0,0,0
aclnnDynamicQuantV2,,,9.63,9.63,7.14,7.14,0,0
npu::npu_quant_matmul,,,30.24,51.92,0,13.7,0,0
empty_tensor,,,6.77,6.77,0,0,0,0
aten::empty,,,2.01,3.9,0,0,0,0
empty_tensor,,,1.89,1.89,0,0,0,0
aten::empty,,,0.98,2.52,0,0,0,0
empty_tensor,,,1.54,1.54,0,0,0,0
aclnnQuantMatmulWeightNz,,,8.49,8.49,13.7,13.7,0,0
npu::npu_rms_norm,,,53.78,72.0,0,10.1,0,0
empty_tensor,,,6.61,6.61,0,0,0,0
empty_tensor,,,3.11,3.11,0,0,0,0
aclnnRmsNorm,,,8.5,8.5,10.1,10.1,0,0
aten::view,,,5.61,5.61,0,0,0,0
aten::unsqueeze,,,3.09,7.0,0,0,0,0
aten::as_strided,,,3.91,3.91,0,0,0,0
aten::slice,,,3.02,5.32,0,0,0,0
aten::as_strided,,,2.3,2.3,0,0,0,0
aten::slice,,,1.11,2.91,0,0,0,0
aten::as_strided,,,1.8,1.8,0,0,0,0
_C_ascend::inplace_partial_rotary_mul,,,38.38,62.03,0,10.1,0,0
aten::empty,,,3.14,13.26,0,0,0,0
empty_tensor,,,10.12,10.12,0,0,0,0
aclnnInplacePartialRotaryMul,,,10.39,10.39,10.1,10.1,0,0
_C_ascend::npu_scatter_nd_update_sk,,,32.17,53.11,0,25.8205,0,0
aten::empty,,,2.79,11.86,0,0,0,0
empty_tensor,,,9.07,9.07,0,0,0,0
aclnnScatterNdUpdateSk,,,9.08,9.08,25.8205,25.8205,0,0
aten::squeeze,,,8.48,14.01,0,0,0,0
aten::as_strided,,,5.53,5.53,0,0,0,0
aten::view,,,4.4,4.4,0,0,0,0
aten::view,,,2.5,2.5,0,0,0,0
_C_ascend::compressor,,,47.81,80.89,0,58.3815,0,0
aten::empty,,,2.44,11.57,0,0,0,0
empty_tensor,,,9.13,9.13,0,0,0,0
aten::empty,,,2.37,10.74,0,0,0,0
empty_tensor,,,8.37,8.37,0,0,0,0
aclnnCompressor,,,10.77,10.77,58.3815,58.3815,0,0
aten::reshape,,,1.74,6.86,0,0,0,0
aten::view,,,5.12,5.12,0,0,0,0
aten::linear,,,3.68,49.46,0,6.3,0,0
aten::t,,,4.65,10.93,0,0,0,0
aten::transpose,,,2.62,6.28,0,0,0,0
aten::as_strided,,,3.66,3.66,0,0,0,0
aten::matmul,,,18.24,34.85,0,6.3,0,0
empty_tensor,,,7.1,7.1,0,0,0,0
aclnnMatmul,,,9.51,9.51,6.3,6.3,0,0
aten::mul,,,15.17,31.24,0,1.2,0,0
empty_tensor,,,5.4,5.4,0,0,0,0
aten::item,,,2.0,3.88,0,0,0,0
aten::_local_scalar_dense,,,1.88,1.88,0,0,0,0
aclnnMuls,,,6.79,6.79,1.2,1.2,0,0
aten::alias,,,2.52,2.52,0,0,0,0
aten::reshape,,,1.1,4.9,0,0,0,0
aten::view,,,3.8,3.8,0,0,0,0
npu::npu_dynamic_quant,,,23.63,44.97,0,2.66,0,0
empty_tensor,,,6.58,6.58,0,0,0,0
empty_tensor,,,4.09,4.09,0,0,0,0
aclnnDynamicQuantV2,,,10.67,10.67,2.66,2.66,0,0
aten::unsqueeze,,,2.95,6.75,0,0,0,0
aten::as_strided,,,3.8,3.8,0,0,0,0
_C_ascend::npu_scatter_nd_update_sk,,,34.66,55.1,0,19.5205,0,0
aten::empty,,,2.84,11.12,0,0,0,0
empty_tensor,,,8.28,8.28,0,0,0,0
aclnnScatterNdUpdateSk,,,9.32,9.32,19.5205,19.5205,0,0
aten::to,,,1.77,38.16,0,1.22,0,0
aten::_to_copy,,,5.19,36.39,0,1.22,0,0
aten::empty_strided,,,7.51,10.99,0,0,0,0
empty_tensor,,,3.48,3.48,0,0,0,0
aten::copy_,,,13.1,20.21,0,1.22,0,0
aclnnInplaceCopy,,,7.11,7.11,1.22,1.22,0,0
aten::unsqueeze,,,2.82,6.68,0,0,0,0
aten::as_strided,,,3.86,3.86,0,0,0,0
_C_ascend::npu_scatter_nd_update_sk,,,29.77,49.72,0,18.3605,0,0
aten::empty,,,2.55,10.85,0,0,0,0
empty_tensor,,,8.3,8.3,0,0,0,0
aclnnScatterNdUpdateSk,,,9.1,9.1,18.3605,18.3605,0,0
npu::npu_quant_matmul,,,29.65,53.02,0,15.7005,0,0
empty_tensor,,,7.03,7.03,0,0,0,0
aten::empty,,,1.79,5.27,0,0,0,0
empty_tensor,,,3.48,3.48,0,0,0,0
aten::empty,,,0.96,2.46,0,0,0,0
empty_tensor,,,1.5,1.5,0,0,0,0
aclnnQuantMatmulWeightNz,,,8.61,8.61,15.7005,15.7005,0,0
aten::view,,,5.2,5.2,0,0,0,0
aten::unsqueeze,,,2.74,6.47,0,0,0,0
aten::as_strided,,,3.73,3.73,0,0,0,0
_C_ascend::inplace_partial_rotary_mul,,,39.28,61.41,0,5.6,0,0
aten::empty,,,2.76,12.18,0,0,0,0
empty_tensor,,,9.42,9.42,0,0,0,0
aclnnInplacePartialRotaryMul,,,9.95,9.95,5.6,5.6,0,0
aten::reshape,,,1.71,6.8,0,0,0,0
aten::view,,,5.09,5.09,0,0,0,0
aten::linear,,,3.61,47.38,0,6.06,0,0
aten::t,,,5.08,11.46,0,0,0,0
aten::transpose,,,2.64,6.38,0,0,0,0
aten::as_strided,,,3.74,3.74,0,0,0,0
aten::matmul,,,17.17,32.31,0,6.06,0,0
empty_tensor,,,7.0,7.0,0,0,0,0
aclnnMatmul,,,8.14,8.14,6.06,6.06,0,0
aten::mul,,,15.02,30.45,0,5.36,0,0
empty_tensor,,,5.69,5.69,0,0,0,0
aten::item,,,1.7,3.02,0,0,0,0
aten::_local_scalar_dense,,,1.32,1.32,0,0,0,0
aclnnMuls,,,6.72,6.72,5.36,5.36,0,0
aten::alias,,,2.46,2.46,0,0,0,0
aten::reshape,,,1.27,4.91,0,0,0,0
aten::view,,,3.64,3.64,0,0,0,0
vllm::unquantized_gemm,,,17.73,65.44,0,11.96,0,0
aten::linear,,,3.47,47.71,0,11.96,0,0
aten::t,,,4.75,12.48,0,0,0,0
aten::transpose,,,2.88,7.73,0,0,0,0
aten::as_strided,,,4.85,4.85,0,0,0,0
aten::matmul,,,14.78,31.76,0,11.96,0,0
empty_tensor,,,7.82,7.82,0,0,0,0
aclnnMatmul,,,9.16,9.16,11.96,11.96,0,0
aten::mul,,,14.69,31.18,0,0.98,0,0
empty_tensor,,,6.57,6.57,0,0,0,0
aten::item,,,1.44,2.87,0,0,0,0
aten::_local_scalar_dense,,,1.43,1.43,0,0,0,0
aclnnMuls,,,7.05,7.05,0.98,0.98,0,0
npu::npu_dynamic_quant,,,23.73,42.58,0,6.4405,0,0
empty_tensor,,,6.79,6.79,0,0,0,0
empty_tensor,,,4.19,4.19,0,0,0,0
aclnnDynamicQuantV2,,,7.87,7.87,6.4405,6.4405,0,0
aten::to,,,1.71,35.57,0,0.98,0,0
aten::_to_copy,,,5.43,33.86,0,0.98,0,0
aten::empty_strided,,,7.01,10.3,0,0,0,0
empty_tensor,,,3.29,3.29,0,0,0,0
aten::copy_,,,11.78,18.13,0,0.98,0,0
aclnnInplaceCopy,,,6.35,6.35,0.98,0.98,0,0
aten::to,,,1.05,28.89,0,1.16,0,0
aten::_to_copy,,,3.19,27.84,0,1.16,0,0
aten::empty_strided,,,5.36,8.58,0,0,0,0
empty_tensor,,,3.22,3.22,0,0,0,0
aten::copy_,,,9.68,16.07,0,1.16,0,0
aclnnInplaceCopy,,,6.39,6.39,1.16,1.16,0,0
aten::squeeze,,,6.87,11.74,0,0,0,0
aten::as_strided,,,4.87,4.87,0,0,0,0
aten::to,,,1.07,1.07,0,0,0,0
aten::slice,,,6.37,9.09,0,0,0,0
aten::as_strided,,,2.72,2.72,0,0,0,0
_C_ascend::npu_vllm_quant_lightning_indexer,,,52.61,87.05,0,80.6415,0,0
aten::empty,,,2.36,9.81,0,0,0,0
empty_tensor,,,7.45,7.45,0,0,0,0
aten::empty,,,1.03,2.87,0,0,0,0
empty_tensor,,,1.84,1.84,0,0,0,0
aten::empty,,,2.21,11.33,0,0,0,0
empty_tensor,,,9.12,9.12,0,0,0,0
aclnnVllmQuantLightningIndexer,,,10.43,10.43,80.6415,80.6415,0,0
aten::squeeze,,,7.29,12.77,0,0,0,0
aten::as_strided,,,5.48,5.48,0,0,0,0
aten::view,,,4.35,4.35,0,0,0,0
aten::view,,,2.44,2.44,0,0,0,0
_C_ascend::compressor,,,46.81,78.93,0,56.721,0,0
aten::empty,,,2.21,10.62,0,0,0,0
empty_tensor,,,8.41,8.41,0,0,0,0
aten::empty,,,2.02,10.63,0,0,0,0
empty_tensor,,,8.61,8.61,0,0,0,0
aclnnCompressor,,,10.87,10.87,56.721,56.721,0,0
_C_ascend::npu_scatter_nd_update_sk,,,31.9,52.24,0,18.8605,0,0
aten::empty,,,2.12,10.75,0,0,0,0
empty_tensor,,,8.63,8.63,0,0,0,0
aclnnScatterNdUpdateSk,,,9.59,9.59,18.8605,18.8605,0,0
_C_ascend::npu_sparse_attn_sharedkv,,,45.58,79.56,0,42.661,0,0
aten::empty,,,2.1,9.69,0,0,0,0
empty_tensor,,,7.59,7.59,0,0,0,0
aten::empty,,,1.24,3.19,0,0,0,0
empty_tensor,,,1.95,1.95,0,0,0,0
aten::empty,,,1.98,10.77,0,0,0,0
empty_tensor,,,8.79,8.79,0,0,0,0
aclnnSparseAttnSharedkv,,,10.33,10.33,42.661,42.661,0,0
destroy_event,,,2.69,2.69,0,0,0,0
aten::unsqueeze,,,3.88,8.78,0,0,0,0
aten::as_strided,,,4.9,4.9,0,0,0,0
aten::neg,,,14.27,29.33,0,1.0,0,0
empty_tensor,,,6.29,6.29,0,0,0,0
aclnnNeg,,,8.77,8.77,1.0,1.0,0,0
_C_ascend::inplace_partial_rotary_mul,,,35.84,56.39,0,5.3,0,0
aten::empty,,,2.58,11.64,0,0,0,0
empty_tensor,,,9.06,9.06,0,0,0,0
aclnnInplacePartialRotaryMul,,,8.91,8.91,5.3,5.3,0,0
aten::view,,,6.06,6.06,0,0,0,0
aten::permute,,,2.93,7.34,0,0,0,0
aten::as_strided,,,4.41,4.41,0,0,0,0
aten::contiguous,,,2.56,53.54,0,11.7805,0,0
aten::clone,,,12.94,50.98,0,11.7805,0,0
empty_tensor,,,9.56,9.56,0,0,0,0
aten::copy_,,,19.38,28.48,0,11.7805,0,0
aclnnInplaceCopy,,,9.1,9.1,11.7805,11.7805,0,0
aten::view,,,3.78,3.78,0,0,0,0
aten::empty_like,,,4.76,14.15,0,0,0,0
aten::empty_strided,,,6.71,9.39,0,0,0,0
empty_tensor,,,2.68,2.68,0,0,0,0
c10d::alltoall_base_,,,57.49,80.97,0,13.200000000000001,0,0
record_event,,,10.92,10.92,0.02,0.02,0,0
wait_event,,,3.08,3.08,0.02,0.02,0,0
HcclAlltoAll,,,2.28,3.63,0,12.74,0,0
HcclAlltoAll,,,1.35,1.35,12.74,12.74,0,0
record_event,,,3.4,3.4,0.22,0.22,0,0
record_event,,,2.45,2.45,0.2,0.2,0,0
wait_event,,,3.24,3.24,0.02,0.02,0,0
destroy_event,,,1.65,1.65,0,0,0,0
aten::view,,,5.0,5.0,0,0,0,0
npu::npu_transpose_batchmatmul,,,30.33,50.59,0,33.741,0,0
empty_tensor,,,10.48,10.48,0,0,0,0
aclnnTransposeBatchMatMul,,,9.78,9.78,33.741,33.741,0,0
aten::reshape,,,1.57,6.32,0,0,0,0
aten::view,,,4.75,4.75,0,0,0,0
vllm::matmul_and_reduce,,,144.48,459.72,0,45.301,0,0
vllm::unquantized_gemm,,,17.18,75.72,0,15.2605,0,0
aten::linear,,,4.31,58.54,0,15.2605,0,0
aten::t,,,5.21,14.47,0,0,0,0
aten::transpose,,,3.22,9.26,0,0,0,0
aten::as_strided,,,6.04,6.04,0,0,0,0
aten::matmul,,,19.16,39.76,0,15.2605,0,0
empty_tensor,,,10.35,10.35,0,0,0,0
aclnnMatmul,,,10.25,10.25,15.2605,15.2605,0,0
vllm::reduce_scatter,,,115.6,239.52,0,30.040499999999998,0,0
aten::movedim,,,1.6,10.96,0,0,0,0
aten::movedim,,,2.62,9.36,0,0,0,0
aten::permute,,,2.77,6.74,0,0,0,0
aten::as_strided,,,3.97,3.97,0,0,0,0
aten::empty,,,2.57,12.58,0,0,0,0
empty_tensor,,,10.01,10.01,0,0,0,0
c10d::_reduce_scatter_base_,,,58.04,84.64,0,14.9405,0,0
record_event,,,12.15,12.15,0.02,0.02,0,0
wait_event,,,3.16,3.16,2.3205,2.3205,0,0
HcclReduceScatterBase,,,3.14,5.17,0,12.36,0,0
HcclReduceScatter,,,2.03,2.03,12.36,12.36,0,0
record_event,,,3.8,3.8,0.22,0.22,0,0
record_event,,,2.32,2.32,0.02,0.02,0,0
wait_event,,,3.14,3.14,15.1,15.1,0,0
destroy_event,,,1.58,1.58,0,0,0,0
aten::movedim,,,1.49,11.02,0,0,0,0
aten::movedim,,,2.27,9.53,0,0,0,0
aten::permute,,,2.81,7.26,0,0,0,0
aten::as_strided,,,4.45,4.45,0,0,0,0
aten::copy_,,,54.57,64.75,0,0.76,0,0
aclnnInplaceCopy,,,10.18,10.18,0.76,0.76,0,0
aten::unsqueeze,,,4.33,8.28,0,0,0,0
aten::as_strided,,,3.95,3.95,0,0,0,0
aten::unsqueeze,,,2.31,3.82,0,0,0,0
aten::as_strided,,,1.51,1.51,0,0,0,0
aten::unsqueeze,,,2.01,3.44,0,0,0,0
aten::as_strided,,,1.43,1.43,0,0,0,0
aten::detach,,,3.66,3.66,0,0,0,0
aten::reshape,,,4.55,8.03,0,0,0,0
aten::view,,,3.48,3.48,0,0,0,0
aten::unsqueeze,,,2.14,3.9,0,0,0,0
aten::as_strided,,,1.76,1.76,0,0,0,0
_C_ascend::npu_hc_post,,,37.82,74.65,0,7.56,0,0
aten::empty,,,2.69,13.33,0,0,0,0
empty_tensor,,,10.64,10.64,0,0,0,0
aten::empty,,,2.27,12.3,0,0,0,0
empty_tensor,,,10.03,10.03,0,0,0,0
aclnnHcPost,,,11.2,11.2,7.56,7.56,0,0
aten::squeeze,,,4.83,7.63,0,0,0,0
aten::as_strided,,,2.8,2.8,0,0,0,0
_C_ascend::npu_hc_pre_v2,,,35.46,71.75,0,32.141,0,0
aten::empty,,,2.06,8.75,0,0,0,0
empty_tensor,,,6.69,6.69,0,0,0,0
aten::empty,,,1.17,4.7,0,0,0,0
empty_tensor,,,3.53,3.53,0,0,0,0
aten::empty,,,1.01,3.94,0,0,0,0
empty_tensor,,,2.93,2.93,0,0,0,0
aten::empty,,,1.78,9.18,0,0,0,0
empty_tensor,,,7.4,7.4,0,0,0,0
aclnnHcPre,,,9.72,9.72,32.141,32.141,0,0
npu::npu_rms_norm,,,48.51,67.28,0,5.7005,0,0
empty_tensor,,,5.67,5.67,0,0,0,0
empty_tensor,,,3.77,3.77,0,0,0,0
aclnnRmsNorm,,,9.33,9.33,5.7005,5.7005,0,0
aten::reshape,,,4.54,8.76,0,0,0,0
aten::view,,,4.22,4.22,0,0,0,0
vllm::moe_forward_shared,,,1900.07,4749.58,0,392.1075,0,0
aten::to,,,1.87,48.69,0,5.9605,0,0
aten::_to_copy,,,5.7,46.82,0,5.9605,0,0
aten::empty_strided,,,8.82,13.14,0,0,0,0
empty_tensor,,,4.32,4.32,0,0,0,0
aten::copy_,,,18.16,27.98,0,5.9605,0,0
aclnnInplaceCopy,,,9.82,9.82,5.9605,5.9605,0,0
Event::record,,,79.63,91.56,0,0.2,0,0
record_event,,,11.93,11.93,0.2,0.2,0,0
aten::linear,,,4.48,58.64,0,11.2605,0,0
aten::t,,,7.2,15.97,0,0,0,0
aten::transpose,,,2.76,8.77,0,0,0,0
aten::as_strided,,,6.01,6.01,0,0,0,0
aten::matmul,,,18.96,38.19,0,11.2605,0,0
empty_tensor,,,10.88,10.88,0,0,0,0
aclnnMatmul,,,8.35,8.35,11.2605,11.2605,0,0
Event::record,,,71.44,82.79,0,0.2,0,0
record_event,,,11.35,11.35,0.2,0.2,0,0
vllm::maybe_all_gather_and_maybe_unpad,,,45.83,304.41,0,18.72,0,0
vllm::all_gather,,,130.14,258.58,0,18.72,0,0
aten::empty,,,3.74,17.77,0,0,0,0
empty_tensor,,,14.03,14.03,0,0,0,0
c10d::_allgather_base_,,,56.14,83.38,0,15.78,0,0
record_event,,,13.23,13.23,0.02,0.02,0,0
wait_event,,,2.99,2.99,4.94,4.94,0,0
HcclAllgatherBase,,,2.97,4.83,0,10.6,0,0
HcclAllGather,,,1.86,1.86,10.6,10.6,0,0
record_event,,,3.5,3.5,0.2,0.2,0,0
record_event,,,2.69,2.69,0.02,0.02,0,0
wait_event,,,3.13,3.13,2.94,2.94,0,0
destroy_event,,,1.56,1.56,0,0,0,0
aten::reshape,,,1.74,7.9,0,0,0,0
aten::view,,,6.16,6.16,0,0,0,0
aten::movedim,,,1.58,10.98,0,0,0,0
aten::movedim,,,2.58,9.4,0,0,0,0
aten::permute,,,2.78,6.82,0,0,0,0
aten::as_strided,,,4.04,4.04,0,0,0,0
aten::reshape,,,0.89,3.72,0,0,0,0
aten::view,,,2.83,2.83,0,0,0,0
vllm::maybe_all_gather_and_maybe_unpad,,,39.48,271.9,0,5.94,0,0
vllm::all_gather,,,113.23,232.42,0,5.94,0,0
aten::empty,,,3.18,16.16,0,0,0,0
empty_tensor,,,12.98,12.98,0,0,0,0
c10d::_allgather_base_,,,50.57,76.65,0,5.920000000000001,0,0
record_event,,,12.72,12.72,0.22,0.22,0,0
wait_event,,,2.92,2.92,0.22,0.22,0,0
HcclAllgatherBase,,,3.04,4.69,0,5.44,0,0
HcclAllGather,,,1.65,1.65,5.44,5.44,0,0
record_event,,,3.33,3.33,0.02,0.02,0,0
record_event,,,2.42,2.42,0.02,0.02,0,0
wait_event,,,2.89,2.89,0.02,0.02,0,0
destroy_event,,,1.62,1.62,0,0,0,0
aten::reshape,,,1.69,7.18,0,0,0,0
aten::view,,,5.49,5.49,0,0,0,0
aten::movedim,,,1.48,10.85,0,0,0,0
aten::movedim,,,2.52,9.37,0,0,0,0
aten::permute,,,2.71,6.85,0,0,0,0
aten::as_strided,,,4.14,4.14,0,0,0,0
aten::reshape,,,0.84,3.84,0,0,0,0
aten::view,,,3.0,3.0,0,0,0,0
_C_ascend::moe_gating_top_k_hash,,,42.54,82.58,0,11.3605,0,0
aten::empty,,,3.24,17.07,0,0,0,0
empty_tensor,,,13.83,13.83,0,0,0,0
aten::empty,,,1.41,5.4,0,0,0,0
empty_tensor,,,3.99,3.99,0,0,0,0
aten::empty,,,1.04,5.18,0,0,0,0
empty_tensor,,,4.14,4.14,0,0,0,0
aclnnMoeGatingTopKHash,,,12.39,12.39,11.3605,11.3605,0,0
aten::to,,,1.8,46.11,0,0.94,0,0
aten::_to_copy,,,5.63,44.31,0,0.94,0,0
aten::empty_strided,,,7.93,12.65,0,0,0,0
empty_tensor,,,4.72,4.72,0,0,0,0
aten::copy_,,,17.22,26.03,0,0.94,0,0
aclnnInplaceCopy,,,8.81,8.81,0.94,0.94,0,0
aten::detach,,,4.28,4.28,0,0,0,0
aten::detach,,,1.22,1.22,0,0,0,0
Event::record,,,79.48,92.29,0,0.22,0,0
record_event,,,12.81,12.81,0.22,0.22,0,0
aten::index,,,32.52,57.65,0,18.74,0,0
empty_tensor,,,7.2,7.2,0,0,0,0
empty_tensor,,,7.96,7.96,0,0,0,0
aclnnIndex,,,9.97,9.97,18.74,18.74,0,0
aten::ne,,,11.26,23.35,0,1.74,0,0
empty_tensor,,,5.54,5.54,0,0,0,0
aclnnNeScalar,,,6.55,6.55,1.74,1.74,0,0
aten::mul,,,15.9,26.84,0,2.76,0,0
empty_tensor,,,4.74,4.74,0,0,0,0
aclnnMul,,,6.2,6.2,2.76,2.76,0,0
npu::npu_moe_init_routing_v2,,,24.24,48.95,0,33.4805,0,0
empty_tensor,,,8.66,8.66,0,0,0,0
empty_tensor,,,3.22,3.22,0,0,0,0
empty_tensor,,,2.76,2.76,0,0,0,0
empty_tensor,,,2.8,2.8,0,0,0,0
aclnnMoeInitRoutingV3,,,7.27,7.27,33.4805,33.4805,0,0
aten::to,,,1.57,1.57,0,0,0,0
_C_ascend::grouped_matmul_swiglu_quant_v2,,,183.41,231.72,0,124.302,0,0
aten::empty,,,3.05,12.82,0,0,0,0
empty_tensor,,,9.77,9.77,0,0,0,0
aten::empty,,,1.14,4.42,0,0,0,0
empty_tensor,,,3.28,3.28,0,0,0,0
aten::empty,,,3.42,18.03,0,0,0,0
empty_tensor,,,14.61,14.61,0,0,0,0
aclnnGroupedMatmulSwigluQuantWeightNzV2,,,13.04,13.04,124.302,124.302,0,0
Event::record,,,77.31,90.94,0,0.02,0,0
record_event,,,13.63,13.63,0.02,0.02,0,0
npu::npu_grouped_matmul,,,41.94,76.82,0,74.501,0,0
empty_tensor,,,15.45,15.45,0,0,0,0
npu::get_npu_format,,,1.76,1.76,0,0,0,0
aclnnGroupedMatmulWeightNz,,,17.67,17.67,74.501,74.501,0,0
Event::record,,,71.86,84.56,0,0.24,0,0
record_event,,,12.7,12.7,0.24,0.24,0,0
aten::abs,,,15.66,39.18,0,1.3,0,0
empty_tensor,,,11.84,11.84,0,0,0,0
aclnnAbs,,,11.68,11.68,1.3,1.3,0,0
npu::npu_moe_token_unpermute,,,69.53,86.44,0,12.6605,0,0
empty_tensor,,,7.96,7.96,0,0,0,0
aclnnMoeTokenUnpermute,,,8.95,8.95,12.6605,12.6605,0,0
vllm::maybe_pad_and_reduce,,,37.19,282.28,0,18.3805,0,0
vllm::reduce_scatter,,,114.86,245.09,0,18.3805,0,0
aten::movedim,,,1.61,13.47,0,0,0,0
aten::movedim,,,2.71,11.86,0,0,0,0
aten::permute,,,3.58,9.15,0,0,0,0
aten::as_strided,,,5.57,5.57,0,0,0,0
aten::empty,,,2.94,13.62,0,0,0,0
empty_tensor,,,10.68,10.68,0,0,0,0
c10d::_reduce_scatter_base_,,,57.43,86.54,0,18.360500000000002,0,0
record_event,,,13.61,13.61,0.02,0.02,0,0
wait_event,,,3.02,3.02,5.6005,5.6005,0,0
HcclReduceScatterBase,,,3.11,6.26,0,12.3,0,0
HcclReduceScatter,,,3.15,3.15,12.3,12.3,0,0
record_event,,,3.81,3.81,0.22,0.22,0,0
record_event,,,2.41,2.41,0.22,0.22,0,0
wait_event,,,3.29,3.29,0.02,0.02,0,0
destroy_event,,,1.7,1.7,0,0,0,0
aten::movedim,,,1.53,11.61,0,0,0,0
aten::movedim,,,2.43,10.08,0,0,0,0
aten::permute,,,2.77,7.65,0,0,0,0
aten::as_strided,,,4.88,4.88,0,0,0,0
Event::wait,,,65.52,79.13,0,0,0,0
wait_event,,,13.61,13.61,0,0,0,0
npu::npu_dynamic_quant,,,28.71,55.63,0,4.16,0,0
empty_tensor,,,12.85,12.85,0,0,0,0
empty_tensor,,,4.03,4.03,0,0,0,0
aclnnDynamicQuantV2,,,10.04,10.04,4.16,4.16,0,0
Event::wait,,,58.29,69.89,0,0,0,0
wait_event,,,11.6,11.6,0,0,0,0
npu::npu_quant_matmul,,,34.99,62.24,0,20.3005,0,0
empty_tensor,,,10.79,10.79,0,0,0,0
aten::empty,,,2.4,4.68,0,0,0,0
empty_tensor,,,2.28,2.28,0,0,0,0
aten::empty,,,0.94,2.6,0,0,0,0
empty_tensor,,,1.66,1.66,0,0,0,0
aclnnQuantMatmulWeightNz,,,9.18,9.18,20.3005,20.3005,0,0
Event::wait,,,55.66,66.83,0,0.22,0,0
wait_event,,,11.17,11.17,0.22,0.22,0,0
_C_ascend::npu_dequant_swiglu_quant,,,47.58,86.34,0,5.8005,0,0
aten::empty,,,2.89,13.86,0,0,0,0
empty_tensor,,,10.97,10.97,0,0,0,0
aten::empty,,,1.13,4.58,0,0,0,0
empty_tensor,,,3.45,3.45,0,0,0,0
aten::empty,,,2.38,9.51,0,0,0,0
empty_tensor,,,7.13,7.13,0,0,0,0
aclnnDequantSwigluQuantV2,,,10.81,10.81,5.8005,5.8005,0,0
Event::wait,,,60.58,71.82,0,0.02,0,0
wait_event,,,11.24,11.24,0.02,0.02,0,0
npu::npu_quant_matmul,,,35.52,63.15,0,18.6405,0,0
empty_tensor,,,10.34,10.34,0,0,0,0
aten::empty,,,2.15,4.38,0,0,0,0
empty_tensor,,,2.23,2.23,0,0,0,0
aten::empty,,,0.97,2.54,0,0,0,0
empty_tensor,,,1.57,1.57,0,0,0,0
aclnnQuantMatmulWeightNz,,,10.37,10.37,18.6405,18.6405,0,0
Event::record,,,70.5,82.23,0,0.02,0,0
record_event,,,11.73,11.73,0.02,0.02,0,0
Event::wait,,,44.69,54.82,0,0.02,0,0
wait_event,,,10.13,10.13,0.02,0.02,0,0
destroy_event,,,6.64,6.64,0,0,0,0
destroy_event,,,7.1,7.1,0,0,0,0
destroy_event,,,3.01,3.01,0,0,0,0
destroy_event,,,1.27,1.27,0,0,0,0
destroy_event,,,3.33,3.33,0,0,0,0
destroy_event,,,1.31,1.31,0,0,0,0
aten::add,,,22.94,42.26,0,8.06,0,0
empty_tensor,,,11.66,11.66,0,0,0,0
aclnnAdd,,,7.66,7.66,8.06,8.06,0,0
vllm::maybe_all_reduce_tensor_model_parallel,,,25.13,25.13,0,0,0,0
aten::unsqueeze,,,5.39,9.49,0,0,0,0
aten::as_strided,,,4.1,4.1,0,0,0,0
aten::unsqueeze,,,2.35,4.35,0,0,0,0
aten::as_strided,,,2.0,2.0,0,0,0,0
aten::unsqueeze,,,2.08,3.61,0,0,0,0
aten::as_strided,,,1.53,1.53,0,0,0,0
aten::unsqueeze,,,1.98,3.46,0,0,0,0
aten::as_strided,,,1.48,1.48,0,0,0,0
_C_ascend::npu_hc_post,,,42.11,77.95,0,7.2605,0,0
aten::empty,,,2.62,11.89,0,0,0,0
empty_tensor,,,9.27,9.27,0,0,0,0
aten::empty,,,2.32,12.92,0,0,0,0
empty_tensor,,,10.6,10.6,0,0,0,0
aclnnHcPost,,,11.03,11.03,7.2605,7.2605,0,0
aten::squeeze,,,4.62,7.46,0,0,0,0
aten::as_strided,,,2.84,2.84,0,0,0,0
_C_ascend::npu_hc_pre_v2,,,37.53,74.12,0,32.421,0,0
aten::empty,,,1.97,8.43,0,0,0,0
empty_tensor,,,6.46,6.46,0,0,0,0
aten::empty,,,1.2,4.63,0,0,0,0
empty_tensor,,,3.43,3.43,0,0,0,0
aten::empty,,,1.18,4.1,0,0,0,0
empty_tensor,,,2.92,2.92,0,0,0,0
aten::empty,,,2.15,10.0,0,0,0,0
empty_tensor,,,7.85,7.85,0,0,0,0
aclnnHcPre,,,9.43,9.43,32.421,32.421,0,0
npu::npu_rms_norm,,,50.81,72.38,0,4.6605,0,0
empty_tensor,,,9.39,9.39,0,0,0,0
empty_tensor,,,3.46,3.46,0,0,0,0
aclnnRmsNorm,,,8.72,8.72,4.6605,4.6605,0,0
aten::empty,,,5.96,13.06,0,0,0,0
empty_tensor,,,7.1,7.1,0,0,0,0
aten::alias,,,3.93,3.93,0,0,0,0
vllm::dsa_forward,,,1478.58,3388.96,0,370.8085,0,0
aten::empty,,,3.1,13.47,0,0,0,0
empty_tensor,,,10.37,10.37,0,0,0,0
c10d::_allgather_base_,,,55.63,84.88,0,11.280000000000001,0,0
record_event,,,14.02,14.02,0.02,0.02,0,0
wait_event,,,4.49,4.49,0.72,0.72,0,0
HcclAllgatherBase,,,3.01,4.6,0,10.3,0,0
HcclAllGather,,,1.59,1.59,10.3,10.3,0,0
record_event,,,3.62,3.62,0.02,0.02,0,0
record_event,,,2.52,2.52,0.22,0.22,0,0
npu::npu_dynamic_quant,,,31.09,48.45,0,3.9,0,0
empty_tensor,,,9.69,9.69,0,0,0,0
empty_tensor,,,4.27,4.27,0,0,0,0
aclnnDynamicQuantV2,,,3.4,3.4,3.9,3.9,0,0
npu::npu_quant_matmul,,,30.03,54.42,0,17.1805,0,0
empty_tensor,,,6.85,6.85,0,0,0,0
aten::empty,,,2.26,4.3,0,0,0,0
empty_tensor,,,2.04,2.04,0,0,0,0
aten::empty,,,1.0,2.81,0,0,0,0
empty_tensor,,,1.81,1.81,0,0,0,0
aclnnQuantMatmulWeightNz,,,10.43,10.43,17.1805,17.1805,0,0
_C_ascend::npu_rms_norm_dynamic_quant,,,46.46,104.86,0,6.82,0,0
aten::empty_like,,,5.55,16.47,0,0,0,0
aten::empty_strided,,,7.6,10.92,0,0,0,0
empty_tensor,,,3.32,3.32,0,0,0,0
aten::empty,,,1.37,5.02,0,0,0,0
empty_tensor,,,3.65,3.65,0,0,0,0
aten::empty,,,1.06,4.33,0,0,0,0
empty_tensor,,,3.27,3.27,0,0,0,0
aten::empty_like,,,1.98,7.53,0,0,0,0
aten::empty_strided,,,3.71,5.55,0,0,0,0
empty_tensor,,,1.84,1.84,0,0,0,0
aten::empty,,,2.52,10.55,0,0,0,0
empty_tensor,,,8.03,8.03,0,0,0,0
aclnnRmsNormDynamicQuant,,,14.5,14.5,6.82,6.82,0,0
npu::npu_quant_matmul,,,30.81,53.41,0,33.0005,0,0
empty_tensor,,,7.02,7.02,0,0,0,0
aten::empty,,,1.65,3.65,0,0,0,0
empty_tensor,,,2.0,2.0,0,0,0,0
aten::empty,,,0.96,2.53,0,0,0,0
empty_tensor,,,1.57,1.57,0,0,0,0
aclnnQuantMatmulWeightNz,,,9.4,9.4,33.0005,33.0005,0,0
aten::unflatten,,,6.04,11.63,0,0,0,0
aten::view,,,5.59,5.59,0,0,0,0
aten::view,,,2.92,2.92,0,0,0,0
aten::empty_like,,,4.06,14.37,0,0,0,0
aten::empty_strided,,,7.11,10.31,0,0,0,0
empty_tensor,,,3.2,3.2,0,0,0,0
triton_rms_kernel,,,14.32,14.32,13.5005,13.5005,0,0
aten::view,,,7.86,7.86,0,0,0,0
aten::unsqueeze,,,3.01,7.49,0,0,0,0
aten::as_strided,,,4.48,4.48,0,0,0,0
_C_ascend::inplace_partial_rotary_mul,,,41.96,70.79,0,5.6205,0,0
aten::empty,,,3.55,17.64,0,0,0,0
empty_tensor,,,14.09,14.09,0,0,0,0
aclnnInplacePartialRotaryMul,,,11.19,11.19,5.6205,5.6205,0,0
wait_event,,,4.51,4.51,0.02,0.02,0,0
aten::slice,,,4.42,8.69,0,0,0,0
aten::as_strided,,,4.27,4.27,0,0,0,0
npu::npu_dynamic_quant,,,29.16,61.2,0,7.0205,0,0
empty_tensor,,,9.4,9.4,0,0,0,0
empty_tensor,,,13.08,13.08,0,0,0,0
aclnnDynamicQuantV2,,,9.56,9.56,7.0205,7.0205,0,0
npu::npu_quant_matmul,,,30.67,53.88,0,14.2405,0,0
empty_tensor,,,7.08,7.08,0,0,0,0
aten::empty,,,2.22,4.21,0,0,0,0
empty_tensor,,,1.99,1.99,0,0,0,0
aten::empty,,,1.08,2.74,0,0,0,0
empty_tensor,,,1.66,1.66,0,0,0,0
aclnnQuantMatmulWeightNz,,,9.18,9.18,14.2405,14.2405,0,0
npu::npu_rms_norm,,,53.67,72.34,0,9.64,0,0
empty_tensor,,,6.31,6.31,0,0,0,0
empty_tensor,,,3.22,3.22,0,0,0,0
aclnnRmsNorm,,,9.14,9.14,9.64,9.64,0,0
aten::view,,,5.38,5.38,0,0,0,0
aten::unsqueeze,,,2.87,6.67,0,0,0,0
aten::as_strided,,,3.8,3.8,0,0,0,0
aten::slice,,,3.08,5.47,0,0,0,0
aten::as_strided,,,2.39,2.39,0,0,0,0
aten::slice,,,1.01,2.74,0,0,0,0
aten::as_strided,,,1.73,1.73,0,0,0,0
_C_ascend::inplace_partial_rotary_mul,,,38.26,62.55,0,11.7005,0,0
aten::empty,,,3.24,13.55,0,0,0,0
empty_tensor,,,10.31,10.31,0,0,0,0
aclnnInplacePartialRotaryMul,,,10.74,10.74,11.7005,11.7005,0,0
_C_ascend::npu_scatter_nd_update_sk,,,32.41,58.07,0,26.4605,0,0
aten::empty,,,2.63,13.2,0,0,0,0
empty_tensor,,,10.57,10.57,0,0,0,0
aclnnScatterNdUpdateSk,,,12.46,12.46,26.4605,26.4605,0,0
aten::squeeze,,,8.48,13.71,0,0,0,0
aten::as_strided,,,5.23,5.23,0,0,0,0
aten::view,,,4.39,4.39,0,0,0,0
aten::view,,,2.44,2.44,0,0,0,0
_C_ascend::compressor,,,47.62,80.84,0,42.521,0,0
aten::empty,,,2.58,10.9,0,0,0,0
empty_tensor,,,8.32,8.32,0,0,0,0
aten::empty,,,2.39,10.78,0,0,0,0
empty_tensor,,,8.39,8.39,0,0,0,0
aclnnCompressor,,,11.54,11.54,42.521,42.521,0,0
_C_ascend::npu_scatter_nd_update_sk,,,31.96,53.14,0,15.5805,0,0
aten::empty,,,2.06,11.19,0,0,0,0
empty_tensor,,,9.13,9.13,0,0,0,0
aclnnScatterNdUpdateSk,,,9.99,9.99,15.5805,15.5805,0,0
_C_ascend::npu_sparse_attn_sharedkv,,,45.26,77.64,0,30.7205,0,0
aten::empty,,,2.16,9.74,0,0,0,0
empty_tensor,,,7.58,7.58,0,0,0,0
aten::empty,,,1.26,3.12,0,0,0,0
empty_tensor,,,1.86,1.86,0,0,0,0
aten::empty,,,1.74,9.41,0,0,0,0
empty_tensor,,,7.67,7.67,0,0,0,0
aclnnSparseAttnSharedkv,,,10.11,10.11,30.7205,30.7205,0,0
destroy_event,,,2.57,2.57,0,0,0,0
aten::unsqueeze,,,3.77,8.21,0,0,0,0
aten::as_strided,,,4.44,4.44,0,0,0,0
aten::neg,,,14.5,31.34,0,1.06,0,0
empty_tensor,,,6.53,6.53,0,0,0,0
aclnnNeg,,,10.31,10.31,1.06,1.06,0,0
_C_ascend::inplace_partial_rotary_mul,,,37.32,58.97,0,5.2,0,0
aten::empty,,,3.05,12.38,0,0,0,0
empty_tensor,,,9.33,9.33,0,0,0,0
aclnnInplacePartialRotaryMul,,,9.27,9.27,5.2,5.2,0,0
aten::view,,,5.68,5.68,0,0,0,0
aten::permute,,,2.91,7.8,0,0,0,0
aten::as_strided,,,4.89,4.89,0,0,0,0
aten::contiguous,,,2.37,40.39,0,12.7805,0,0
aten::clone,,,4.47,38.02,0,12.7805,0,0
empty_tensor,,,6.32,6.32,0,0,0,0
aten::copy_,,,18.79,27.23,0,12.7805,0,0
aclnnInplaceCopy,,,8.44,8.44,12.7805,12.7805,0,0
aten::view,,,3.53,3.53,0,0,0,0
aten::empty_like,,,5.11,14.68,0,0,0,0
aten::empty_strided,,,6.94,9.57,0,0,0,0
empty_tensor,,,2.63,2.63,0,0,0,0
c10d::alltoall_base_,,,56.0,78.62,0,13.0,0,0
record_event,,,10.36,10.36,0.02,0.02,0,0
wait_event,,,3.07,3.07,0.02,0.02,0,0
HcclAlltoAll,,,2.2,3.52,0,12.54,0,0
HcclAlltoAll,,,1.32,1.32,12.54,12.54,0,0
record_event,,,3.25,3.25,0.2,0.2,0,0
record_event,,,2.42,2.42,0.22,0.22,0,0
wait_event,,,3.03,3.03,0.02,0.02,0,0
destroy_event,,,1.91,1.91,0,0,0,0
aten::view,,,5.35,5.35,0,0,0,0
npu::npu_transpose_batchmatmul,,,30.85,52.22,0,32.221,0,0
empty_tensor,,,11.16,11.16,0,0,0,0
aclnnTransposeBatchMatMul,,,10.21,10.21,32.221,32.221,0,0
aten::reshape,,,1.61,6.01,0,0,0,0
aten::view,,,4.4,4.4,0,0,0,0
vllm::matmul_and_reduce,,,145.55,463.07,0,56.580999999999996,0,0
vllm::unquantized_gemm,,,16.64,76.88,0,16.74,0,0
aten::linear,,,4.43,60.24,0,16.74,0,0
aten::t,,,5.7,15.01,0,0,0,0
aten::transpose,,,2.95,9.31,0,0,0,0
aten::as_strided,,,6.36,6.36,0,0,0,0
aten::matmul,,,19.07,40.8,0,16.74,0,0
empty_tensor,,,10.83,10.83,0,0,0,0
aclnnMatmul,,,10.9,10.9,16.74,16.74,0,0
vllm::reduce_scatter,,,116.47,240.64,0,39.841,0,0
aten::movedim,,,1.51,10.55,0,0,0,0
aten::movedim,,,2.53,9.04,0,0,0,0
aten::permute,,,2.59,6.51,0,0,0,0
aten::as_strided,,,3.92,3.92,0,0,0,0
aten::empty,,,2.79,12.53,0,0,0,0
empty_tensor,,,9.74,9.74,0,0,0,0
c10d::_reduce_scatter_base_,,,55.61,84.88,0,17.180500000000002,0,0
record_event,,,11.94,11.94,0.02,0.02,0,0
wait_event,,,5.96,5.96,4.12,4.12,0,0
HcclReduceScatterBase,,,3.01,5.66,0,12.8,0,0
HcclReduceScatter,,,2.65,2.65,12.8,12.8,0,0
record_event,,,3.35,3.35,0.2205,0.2205,0,0
record_event,,,2.36,2.36,0.02,0.02,0,0
wait_event,,,3.24,3.24,22.6605,22.6605,0,0
destroy_event,,,1.62,1.62,0,0,0,0
aten::movedim,,,1.41,11.35,0,0,0,0
aten::movedim,,,2.34,9.94,0,0,0,0
aten::permute,,,2.7,7.6,0,0,0,0
aten::as_strided,,,4.9,4.9,0,0,0,0
aten::copy_,,,54.05,64.47,0,0.74,0,0
aclnnInplaceCopy,,,10.42,10.42,0.74,0.74,0,0
aten::unsqueeze,,,4.42,8.39,0,0,0,0
aten::as_strided,,,3.97,3.97,0,0,0,0
aten::unsqueeze,,,2.38,4.1,0,0,0,0
aten::as_strided,,,1.72,1.72,0,0,0,0
aten::unsqueeze,,,2.01,3.6,0,0,0,0
aten::as_strided,,,1.59,1.59,0,0,0,0
aten::detach,,,3.67,3.67,0,0,0,0
aten::reshape,,,4.51,8.02,0,0,0,0
aten::view,,,3.51,3.51,0,0,0,0
aten::unsqueeze,,,2.24,3.81,0,0,0,0
aten::as_strided,,,1.57,1.57,0,0,0,0
_C_ascend::npu_hc_post,,,37.87,76.19,0,7.48,0,0
aten::empty,,,2.63,13.28,0,0,0,0
empty_tensor,,,10.65,10.65,0,0,0,0
aten::empty,,,2.36,14.18,0,0,0,0
empty_tensor,,,11.82,11.82,0,0,0,0
aclnnHcPost,,,10.86,10.86,7.48,7.48,0,0
aten::squeeze,,,4.6,7.32,0,0,0,0
aten::as_strided,,,2.72,2.72,0,0,0,0
_C_ascend::npu_hc_pre_v2,,,36.01,72.34,0,32.3405,0,0
aten::empty,,,1.95,8.21,0,0,0,0
empty_tensor,,,6.26,6.26,0,0,0,0
aten::empty,,,1.18,4.52,0,0,0,0
empty_tensor,,,3.34,3.34,0,0,0,0
aten::empty,,,1.11,3.99,0,0,0,0
empty_tensor,,,2.88,2.88,0,0,0,0
aten::empty,,,1.76,9.65,0,0,0,0
empty_tensor,,,7.89,7.89,0,0,0,0
aclnnHcPre,,,9.96,9.96,32.3405,32.3405,0,0
npu::npu_rms_norm,,,48.1,65.91,0,4.7,0,0
empty_tensor,,,5.66,5.66,0,0,0,0
empty_tensor,,,3.21,3.21,0,0,0,0
aclnnRmsNorm,,,8.94,8.94,4.7,4.7,0,0
aten::reshape,,,4.97,9.28,0,0,0,0
aten::view,,,4.31,4.31,0,0,0,0
vllm::moe_forward_shared,,,1917.76,4758.3,0,393.888,0,0
aten::to,,,1.95,45.51,0,5.9605,0,0
aten::_to_copy,,,5.38,43.56,0,5.9605,0,0
aten::empty_strided,,,9.07,13.76,0,0,0,0
empty_tensor,,,4.69,4.69,0,0,0,0
aten::copy_,,,14.57,24.42,0,5.9605,0,0
aclnnInplaceCopy,,,9.85,9.85,5.9605,5.9605,0,0
Event::record,,,77.24,89.51,0,0.02,0,0
record_event,,,12.27,12.27,0.02,0.02,0,0
aten::linear,,,4.38,58.55,0,11.8205,0,0
aten::t,,,5.33,14.75,0,0,0,0
aten::transpose,,,2.79,9.42,0,0,0,0
aten::as_strided,,,6.63,6.63,0,0,0,0
aten::matmul,,,19.31,39.42,0,11.8205,0,0
empty_tensor,,,10.46,10.46,0,0,0,0
aclnnMatmul,,,9.65,9.65,11.8205,11.8205,0,0
Event::record,,,70.41,81.92,0,0.02,0,0
record_event,,,11.51,11.51,0.02,0.02,0,0
vllm::maybe_all_gather_and_maybe_unpad,,,45.3,309.65,0,10.96,0,0
vllm::all_gather,,,128.8,264.35,0,10.96,0,0
aten::empty,,,3.72,17.6,0,0,0,0
empty_tensor,,,13.88,13.88,0,0,0,0
c10d::_allgather_base_,,,62.44,89.79,0,10.94,0,0
record_event,,,13.54,13.54,0.02,0.02,0,0
wait_event,,,3.08,3.08,0.0,0.0,0,0
HcclAllgatherBase,,,2.96,4.66,0,10.66,0,0
HcclAllGather,,,1.7,1.7,10.66,10.66,0,0
record_event,,,3.56,3.56,0.24,0.24,0,0
record_event,,,2.51,2.51,0.02,0.02,0,0
wait_event,,,3.36,3.36,0.02,0.02,0,0
destroy_event,,,1.83,1.83,0,0,0,0
aten::reshape,,,1.7,7.98,0,0,0,0
aten::view,,,6.28,6.28,0,0,0,0
aten::movedim,,,1.51,10.95,0,0,0,0
aten::movedim,,,2.46,9.44,0,0,0,0
aten::permute,,,2.98,6.98,0,0,0,0
aten::as_strided,,,4.0,4.0,0,0,0,0
aten::reshape,,,0.81,4.04,0,0,0,0
aten::view,,,3.23,3.23,0,0,0,0
vllm::maybe_all_gather_and_maybe_unpad,,,41.06,274.22,0,11.059999999999999,0,0
vllm::all_gather,,,112.21,233.16,0,11.059999999999999,0,0
aten::empty,,,3.04,15.62,0,0,0,0
empty_tensor,,,12.58,12.58,0,0,0,0
c10d::_allgather_base_,,,50.28,79.43,0,11.04,0,0
record_event,,,12.56,12.56,0.0,0.0,0,0
wait_event,,,3.46,3.46,5.56,5.56,0,0
HcclAllgatherBase,,,3.34,7.45,0,5.26,0,0
HcclAllGather,,,4.11,4.11,5.26,5.26,0,0
record_event,,,3.36,3.36,0.2,0.2,0,0
record_event,,,2.32,2.32,0.02,0.02,0,0
wait_event,,,2.81,2.81,0.02,0.02,0,0
destroy_event,,,1.61,1.61,0,0,0,0
aten::reshape,,,1.29,6.75,0,0,0,0
aten::view,,,5.46,5.46,0,0,0,0
aten::movedim,,,1.54,10.78,0,0,0,0
aten::movedim,,,2.48,9.24,0,0,0,0
aten::permute,,,2.89,6.76,0,0,0,0
aten::as_strided,,,3.87,3.87,0,0,0,0
aten::reshape,,,0.91,3.95,0,0,0,0
aten::view,,,3.04,3.04,0,0,0,0
_C_ascend::moe_gating_top_k_hash,,,42.11,80.74,0,10.7005,0,0
aten::empty,,,3.07,16.12,0,0,0,0
empty_tensor,,,13.05,13.05,0,0,0,0
aten::empty,,,1.45,5.24,0,0,0,0
empty_tensor,,,3.79,3.79,0,0,0,0
aten::empty,,,1.13,4.63,0,0,0,0
empty_tensor,,,3.5,3.5,0,0,0,0
aclnnMoeGatingTopKHash,,,12.64,12.64,10.7005,10.7005,0,0
aten::to,,,1.93,47.32,0,0.94,0,0
aten::_to_copy,,,5.8,45.39,0,0.94,0,0
aten::empty_strided,,,8.73,13.69,0,0,0,0
empty_tensor,,,4.96,4.96,0,0,0,0
aten::copy_,,,17.42,25.9,0,0.94,0,0
aclnnInplaceCopy,,,8.48,8.48,0.94,0.94,0,0
aten::detach,,,3.9,3.9,0,0,0,0
aten::detach,,,2.82,2.82,0,0,0,0
Event::record,,,79.61,93.01,0,0.02,0,0
record_event,,,13.4,13.4,0.02,0.02,0,0
aten::index,,,32.99,56.33,0,18.9205,0,0
empty_tensor,,,6.77,6.77,0,0,0,0
empty_tensor,,,7.51,7.51,0,0,0,0
aclnnIndex,,,9.06,9.06,18.9205,18.9205,0,0
aten::ne,,,10.83,23.15,0,1.42,0,0
empty_tensor,,,5.85,5.85,0,0,0,0
aclnnNeScalar,,,6.47,6.47,1.42,1.42,0,0
aten::mul,,,14.69,27.42,0,2.2199999999999998,0,0
empty_tensor,,,4.56,4.56,0,0,0,0
aclnnMul,,,8.17,8.17,2.2199999999999998,2.2199999999999998,0,0
npu::npu_moe_init_routing_v2,,,24.65,50.41,0,33.561,0,0
empty_tensor,,,8.69,8.69,0,0,0,0
empty_tensor,,,3.18,3.18,0,0,0,0
empty_tensor,,,3.23,3.23,0,0,0,0
empty_tensor,,,3.01,3.01,0,0,0,0
aclnnMoeInitRoutingV3,,,7.65,7.65,33.561,33.561,0,0
aten::to,,,1.61,1.61,0,0,0,0
_C_ascend::grouped_matmul_swiglu_quant_v2,,,180.2,229.12,0,133.8825,0,0
aten::empty,,,3.36,13.07,0,0,0,0
empty_tensor,,,9.71,9.71,0,0,0,0
aten::empty,,,1.08,4.58,0,0,0,0
empty_tensor,,,3.5,3.5,0,0,0,0
aten::empty,,,3.55,17.01,0,0,0,0
empty_tensor,,,13.46,13.46,0,0,0,0
aclnnGroupedMatmulSwigluQuantWeightNzV2,,,14.26,14.26,133.8825,133.8825,0,0
Event::record,,,79.03,92.0,0,0.02,0,0
record_event,,,12.97,12.97,0.02,0.02,0,0
npu::npu_grouped_matmul,,,39.79,67.29,0,75.7215,0,0
empty_tensor,,,14.72,14.72,0,0,0,0
npu::get_npu_format,,,1.74,1.74,0,0,0,0
aclnnGroupedMatmulWeightNz,,,11.04,11.04,75.7215,75.7215,0,0
Event::record,,,71.94,84.39,0,0.0,0,0
record_event,,,12.45,12.45,0.0,0.0,0,0
aten::abs,,,15.63,36.19,0,1.08,0,0
empty_tensor,,,11.18,11.18,0,0,0,0
aclnnAbs,,,9.38,9.38,1.08,1.08,0,0
npu::npu_moe_token_unpermute,,,68.0,84.35,0,13.3005,0,0
empty_tensor,,,7.57,7.57,0,0,0,0
aclnnMoeTokenUnpermute,,,8.78,8.78,13.3005,13.3005,0,0
vllm::maybe_pad_and_reduce,,,37.71,280.46,0,12.4,0,0
vllm::reduce_scatter,,,115.95,242.75,0,12.4,0,0
aten::movedim,,,1.48,13.45,0,0,0,0
aten::movedim,,,2.58,11.97,0,0,0,0
aten::permute,,,3.38,9.39,0,0,0,0
aten::as_strided,,,6.01,6.01,0,0,0,0
aten::empty,,,3.15,13.86,0,0,0,0
empty_tensor,,,10.71,10.71,0,0,0,0
c10d::_reduce_scatter_base_,,,55.3,82.66,0,12.38,0,0
record_event,,,13.52,13.52,0.24,0.24,0,0
wait_event,,,3.09,3.09,0.02,0.02,0,0
HcclReduceScatterBase,,,2.99,5.1,0,11.9,0,0
HcclReduceScatter,,,2.11,2.11,11.9,11.9,0,0
record_event,,,3.37,3.37,0.02,0.02,0,0
record_event,,,2.28,2.28,0.2,0.2,0,0
wait_event,,,3.33,3.33,0.02,0.02,0,0
destroy_event,,,1.75,1.75,0,0,0,0
aten::movedim,,,1.45,11.75,0,0,0,0
aten::movedim,,,2.41,10.3,0,0,0,0
aten::permute,,,2.95,7.89,0,0,0,0
aten::as_strided,,,4.94,4.94,0,0,0,0
Event::wait,,,63.92,77.99,0,0,0,0
wait_event,,,14.07,14.07,0,0,0,0
npu::npu_dynamic_quant,,,29.75,56.41,0,4.08,0,0
empty_tensor,,,12.76,12.76,0,0,0,0
empty_tensor,,,3.6,3.6,0,0,0,0
aclnnDynamicQuantV2,,,10.3,10.3,4.08,4.08,0,0
Event::wait,,,57.98,69.83,0,0,0,0
wait_event,,,11.85,11.85,0,0,0,0
npu::npu_quant_matmul,,,34.0,61.36,0,21.58,0,0
empty_tensor,,,10.34,10.34,0,0,0,0
aten::empty,,,2.33,4.6,0,0,0,0
empty_tensor,,,2.27,2.27,0,0,0,0
aten::empty,,,1.07,2.74,0,0,0,0
empty_tensor,,,1.67,1.67,0,0,0,0
aclnnQuantMatmulWeightNz,,,9.68,9.68,21.58,21.58,0,0
Event::wait,,,56.33,67.8,0,0.02,0,0
wait_event,,,11.47,11.47,0.02,0.02,0,0
_C_ascend::npu_dequant_swiglu_quant,,,46.47,86.67,0,5.46,0,0
aten::empty,,,2.97,13.84,0,0,0,0
empty_tensor,,,10.87,10.87,0,0,0,0
aten::empty,,,1.21,4.91,0,0,0,0
empty_tensor,,,3.7,3.7,0,0,0,0
aten::empty,,,2.27,9.8,0,0,0,0
empty_tensor,,,7.53,7.53,0,0,0,0
aclnnDequantSwigluQuantV2,,,11.65,11.65,5.46,5.46,0,0
Event::wait,,,60.85,74.78,0,0.0,0,0
wait_event,,,13.93,13.93,0.0,0.0,0,0
npu::npu_quant_matmul,,,38.77,66.39,0,18.3005,0,0
empty_tensor,,,10.82,10.82,0,0,0,0
aten::empty,,,2.22,4.31,0,0,0,0
empty_tensor,,,2.09,2.09,0,0,0,0
aten::empty,,,0.95,2.6,0,0,0,0
empty_tensor,,,1.65,1.65,0,0,0,0
aclnnQuantMatmulWeightNz,,,9.89,9.89,18.3005,18.3005,0,0
Event::record,,,71.04,82.75,0,0.4,0,0
record_event,,,11.71,11.71,0.4,0.4,0,0
Event::wait,,,46.23,56.08,0,0.02,0,0
wait_event,,,9.85,9.85,0.02,0.02,0,0
destroy_event,,,5.96,5.96,0,0,0,0
destroy_event,,,5.99,5.99,0,0,0,0
destroy_event,,,3.9,3.9,0,0,0,0
destroy_event,,,1.34,1.34,0,0,0,0
destroy_event,,,1.94,1.94,0,0,0,0
destroy_event,,,1.48,1.48,0,0,0,0
aten::add,,,23.06,42.09,0,7.56,0,0
empty_tensor,,,11.25,11.25,0,0,0,0
aclnnAdd,,,7.78,7.78,7.56,7.56,0,0
vllm::maybe_all_reduce_tensor_model_parallel,,,24.27,24.27,0,0,0,0
aten::unsqueeze,,,4.88,9.27,0,0,0,0
aten::as_strided,,,4.39,4.39,0,0,0,0
aten::unsqueeze,,,2.18,4.07,0,0,0,0
aten::as_strided,,,1.89,1.89,0,0,0,0
aten::unsqueeze,,,2.01,3.54,0,0,0,0
aten::as_strided,,,1.53,1.53,0,0,0,0
aten::unsqueeze,,,2.05,3.71,0,0,0,0
aten::as_strided,,,1.66,1.66,0,0,0,0
_C_ascend::npu_hc_post,,,41.65,76.23,0,7.94,0,0
aten::empty,,,2.65,11.65,0,0,0,0
empty_tensor,,,9.0,9.0,0,0,0,0
aten::empty,,,2.4,12.78,0,0,0,0
empty_tensor,,,10.38,10.38,0,0,0,0
aclnnHcPost,,,10.15,10.15,7.94,7.94,0,0
aten::squeeze,,,4.16,7.13,0,0,0,0
aten::as_strided,,,2.97,2.97,0,0,0,0
_C_ascend::npu_hc_pre_v2,,,37.38,74.13,0,32.421,0,0
aten::empty,,,1.79,8.64,0,0,0,0
empty_tensor,,,6.85,6.85,0,0,0,0
aten::empty,,,1.33,4.85,0,0,0,0
empty_tensor,,,3.52,3.52,0,0,0,0
aten::empty,,,1.05,3.99,0,0,0,0
empty_tensor,,,2.94,2.94,0,0,0,0
aten::empty,,,2.15,9.9,0,0,0,0
empty_tensor,,,7.75,7.75,0,0,0,0
aclnnHcPre,,,9.37,9.37,32.421,32.421,0,0
npu::npu_rms_norm,,,48.31,65.99,0,4.9405,0,0
empty_tensor,,,6.04,6.04,0,0,0,0
empty_tensor,,,3.32,3.32,0,0,0,0
aclnnRmsNorm,,,8.32,8.32,4.9405,4.9405,0,0
aten::empty,,,5.85,12.93,0,0,0,0
empty_tensor,,,7.08,7.08,0,0,0,0
aten::alias,,,3.99,3.99,0,0,0,0
vllm::dsa_forward,,,2194.67,5044.79,0,612.497,0,0
aten::empty,,,3.37,14.6,0,0,0,0
empty_tensor,,,11.23,11.23,0,0,0,0
c10d::_allgather_base_,,,57.22,92.01,0,11.401,0,0
record_event,,,14.08,14.08,0.2,0.2,0,0
wait_event,,,3.31,3.31,0.02,0.02,0,0
HcclAllgatherBase,,,9.15,11.37,0,10.721,0,0
HcclAllGather,,,2.22,2.22,10.721,10.721,0,0
record_event,,,3.56,3.56,0.22,0.22,0,0
record_event,,,2.47,2.47,0.24,0.24,0,0
npu::npu_dynamic_quant,,,30.58,57.08,0,3.84,0,0
empty_tensor,,,10.24,10.24,0,0,0,0
empty_tensor,,,4.27,4.27,0,0,0,0
aclnnDynamicQuantV2,,,11.99,11.99,3.84,3.84,0,0
npu::npu_quant_matmul,,,32.29,55.48,0,17.0405,0,0
empty_tensor,,,7.29,7.29,0,0,0,0
aten::empty,,,2.38,4.51,0,0,0,0
empty_tensor,,,2.13,2.13,0,0,0,0
aten::empty,,,0.99,2.66,0,0,0,0
empty_tensor,,,1.67,1.67,0,0,0,0
aclnnQuantMatmulWeightNz,,,8.73,8.73,17.0405,17.0405,0,0
_C_ascend::npu_rms_norm_dynamic_quant,,,46.37,99.51,0,7.2,0,0
aten::empty_like,,,5.43,16.29,0,0,0,0
aten::empty_strided,,,7.44,10.86,0,0,0,0
empty_tensor,,,3.42,3.42,0,0,0,0
aten::empty,,,1.29,4.72,0,0,0,0
empty_tensor,,,3.43,3.43,0,0,0,0
aten::empty,,,1.12,4.12,0,0,0,0
empty_tensor,,,3.0,3.0,0,0,0,0
aten::empty_like,,,2.03,7.38,0,0,0,0
aten::empty_strided,,,3.71,5.35,0,0,0,0
empty_tensor,,,1.64,1.64,0,0,0,0
aten::empty,,,2.18,10.16,0,0,0,0
empty_tensor,,,7.98,7.98,0,0,0,0
aclnnRmsNormDynamicQuant,,,10.47,10.47,7.2,7.2,0,0
npu::npu_quant_matmul,,,30.02,51.53,0,38.361,0,0
empty_tensor,,,6.61,6.61,0,0,0,0
aten::empty,,,1.5,3.49,0,0,0,0
empty_tensor,,,1.99,1.99,0,0,0,0
aten::empty,,,0.95,2.44,0,0,0,0
empty_tensor,,,1.49,1.49,0,0,0,0
aclnnQuantMatmulWeightNz,,,8.97,8.97,38.361,38.361,0,0
aten::unflatten,,,5.74,11.19,0,0,0,0
aten::view,,,5.45,5.45,0,0,0,0
aten::view,,,2.96,2.96,0,0,0,0
aten::empty_like,,,4.36,14.42,0,0,0,0
aten::empty_strided,,,6.7,10.06,0,0,0,0
empty_tensor,,,3.36,3.36,0,0,0,0
triton_rms_kernel,,,18.31,18.31,13.5205,13.5205,0,0
aten::view,,,8.0,8.0,0,0,0,0
aten::unsqueeze,,,2.97,7.41,0,0,0,0
aten::as_strided,,,4.44,4.44,0,0,0,0
_C_ascend::inplace_partial_rotary_mul,,,42.02,71.59,0,6.0605,0,0
aten::empty,,,3.53,17.73,0,0,0,0
empty_tensor,,,14.2,14.2,0,0,0,0
aclnnInplacePartialRotaryMul,,,11.84,11.84,6.0605,6.0605,0,0
wait_event,,,6.3,6.3,0.02,0.02,0,0
aten::slice,,,4.13,8.46,0,0,0,0
aten::as_strided,,,4.33,4.33,0,0,0,0
npu::npu_dynamic_quant,,,28.0,52.23,0,7.16,0,0
empty_tensor,,,10.02,10.02,0,0,0,0
empty_tensor,,,4.31,4.31,0,0,0,0
aclnnDynamicQuantV2,,,9.9,9.9,7.16,7.16,0,0
npu::npu_quant_matmul,,,29.89,52.72,0,14.3805,0,0
empty_tensor,,,7.12,7.12,0,0,0,0
aten::empty,,,2.16,4.18,0,0,0,0
empty_tensor,,,2.02,2.02,0,0,0,0
aten::empty,,,1.03,3.03,0,0,0,0
empty_tensor,,,2.0,2.0,0,0,0,0
aclnnQuantMatmulWeightNz,,,8.5,8.5,14.3805,14.3805,0,0
npu::npu_rms_norm,,,52.26,71.03,0,9.8605,0,0
empty_tensor,,,6.53,6.53,0,0,0,0
empty_tensor,,,3.1,3.1,0,0,0,0
aclnnRmsNorm,,,9.14,9.14,9.8605,9.8605,0,0
aten::view,,,5.65,5.65,0,0,0,0
aten::unsqueeze,,,2.97,7.24,0,0,0,0
aten::as_strided,,,4.27,4.27,0,0,0,0
aten::slice,,,3.09,5.4,0,0,0,0
aten::as_strided,,,2.31,2.31,0,0,0,0
aten::slice,,,1.01,2.77,0,0,0,0
aten::as_strided,,,1.76,1.76,0,0,0,0
_C_ascend::inplace_partial_rotary_mul,,,37.13,60.88,0,8.8405,0,0
aten::empty,,,3.16,13.13,0,0,0,0
empty_tensor,,,9.97,9.97,0,0,0,0
aclnnInplacePartialRotaryMul,,,10.62,10.62,8.8405,8.8405,0,0
_C_ascend::npu_scatter_nd_update_sk,,,31.39,52.38,0,26.0405,0,0
aten::empty,,,2.69,11.9,0,0,0,0
empty_tensor,,,9.21,9.21,0,0,0,0
aclnnScatterNdUpdateSk,,,9.09,9.09,26.0405,26.0405,0,0
aten::squeeze,,,8.76,14.29,0,0,0,0
aten::as_strided,,,5.53,5.53,0,0,0,0
aten::view,,,4.13,4.13,0,0,0,0
aten::view,,,2.22,2.22,0,0,0,0
_C_ascend::compressor,,,46.16,78.97,0,54.4615,0,0
aten::empty,,,2.46,10.95,0,0,0,0
empty_tensor,,,8.49,8.49,0,0,0,0
aten::empty,,,2.16,10.5,0,0,0,0
empty_tensor,,,8.34,8.34,0,0,0,0
aclnnCompressor,,,11.36,11.36,54.4615,54.4615,0,0
aten::reshape,,,1.67,7.19,0,0,0,0
aten::view,,,5.52,5.52,0,0,0,0
aten::linear,,,3.67,50.01,0,5.9405,0,0
aten::t,,,4.83,11.16,0,0,0,0
aten::transpose,,,2.94,6.33,0,0,0,0
aten::as_strided,,,3.39,3.39,0,0,0,0
aten::matmul,,,18.79,35.18,0,5.9405,0,0
empty_tensor,,,6.58,6.58,0,0,0,0
aclnnMatmul,,,9.81,9.81,5.9405,5.9405,0,0
aten::mul,,,16.16,33.59,0,0.96,0,0
empty_tensor,,,5.36,5.36,0,0,0,0
aten::item,,,1.74,3.65,0,0,0,0
aten::_local_scalar_dense,,,1.91,1.91,0,0,0,0
aclnnMuls,,,8.42,8.42,0.96,0.96,0,0
aten::alias,,,2.7,2.7,0,0,0,0
aten::reshape,,,1.03,5.06,0,0,0,0
aten::view,,,4.03,4.03,0,0,0,0
npu::npu_dynamic_quant,,,23.77,41.88,0,3.1,0,0
empty_tensor,,,6.49,6.49,0,0,0,0
empty_tensor,,,3.74,3.74,0,0,0,0
aclnnDynamicQuantV2,,,7.88,7.88,3.1,3.1,0,0
aten::unsqueeze,,,2.8,6.86,0,0,0,0
aten::as_strided,,,4.06,4.06,0,0,0,0
_C_ascend::npu_scatter_nd_update_sk,,,35.1,56.54,0,18.8805,0,0
aten::empty,,,3.04,11.5,0,0,0,0
empty_tensor,,,8.46,8.46,0,0,0,0
aclnnScatterNdUpdateSk,,,9.94,9.94,18.8805,18.8805,0,0
aten::to,,,1.77,38.8,0,0.9,0,0
aten::_to_copy,,,5.18,37.03,0,0.9,0,0
aten::empty_strided,,,7.58,10.81,0,0,0,0
empty_tensor,,,3.23,3.23,0,0,0,0
aten::copy_,,,13.76,21.04,0,0.9,0,0
aclnnInplaceCopy,,,7.28,7.28,0.9,0.9,0,0
aten::unsqueeze,,,2.66,6.33,0,0,0,0
aten::as_strided,,,3.67,3.67,0,0,0,0
_C_ascend::npu_scatter_nd_update_sk,,,30.7,50.72,0,18.6605,0,0
aten::empty,,,2.55,11.35,0,0,0,0
empty_tensor,,,8.8,8.8,0,0,0,0
aclnnScatterNdUpdateSk,,,8.67,8.67,18.6605,18.6605,0,0
npu::npu_quant_matmul,,,28.75,50.92,0,15.7405,0,0
empty_tensor,,,7.31,7.31,0,0,0,0
aten::empty,,,1.74,3.78,0,0,0,0
empty_tensor,,,2.04,2.04,0,0,0,0
aten::empty,,,0.96,2.42,0,0,0,0
empty_tensor,,,1.46,1.46,0,0,0,0
aclnnQuantMatmulWeightNz,,,8.66,8.66,15.7405,15.7405,0,0
aten::view,,,4.87,4.87,0,0,0,0
aten::unsqueeze,,,2.74,6.35,0,0,0,0
aten::as_strided,,,3.61,3.61,0,0,0,0
_C_ascend::inplace_partial_rotary_mul,,,38.48,59.49,0,5.5,0,0
aten::empty,,,2.74,11.83,0,0,0,0
empty_tensor,,,9.09,9.09,0,0,0,0
aclnnInplacePartialRotaryMul,,,9.18,9.18,5.5,5.5,0,0
aten::reshape,,,1.8,6.85,0,0,0,0
aten::view,,,5.05,5.05,0,0,0,0
aten::linear,,,4.99,48.84,0,6.5405,0,0
aten::t,,,5.39,12.17,0,0,0,0
aten::transpose,,,2.74,6.78,0,0,0,0
aten::as_strided,,,4.04,4.04,0,0,0,0
aten::matmul,,,16.69,31.68,0,6.5405,0,0
empty_tensor,,,6.94,6.94,0,0,0,0
aclnnMatmul,,,8.05,8.05,6.5405,6.5405,0,0
aten::mul,,,13.87,28.59,0,5.46,0,0
empty_tensor,,,5.0,5.0,0,0,0,0
aten::item,,,1.58,2.86,0,0,0,0
aten::_local_scalar_dense,,,1.28,1.28,0,0,0,0
aclnnMuls,,,6.86,6.86,5.46,5.46,0,0
aten::alias,,,2.32,2.32,0,0,0,0
aten::reshape,,,1.29,5.21,0,0,0,0
aten::view,,,3.92,3.92,0,0,0,0
vllm::unquantized_gemm,,,17.68,66.11,0,9.84,0,0
aten::linear,,,3.65,48.43,0,9.84,0,0
aten::t,,,4.91,12.57,0,0,0,0
aten::transpose,,,3.07,7.66,0,0,0,0
aten::as_strided,,,4.59,4.59,0,0,0,0
aten::matmul,,,15.34,32.21,0,9.84,0,0
empty_tensor,,,7.61,7.61,0,0,0,0
aclnnMatmul,,,9.26,9.26,9.84,9.84,0,0
aten::mul,,,14.75,30.8,0,0.92,0,0
empty_tensor,,,6.15,6.15,0,0,0,0
aten::item,,,1.53,2.73,0,0,0,0
aten::_local_scalar_dense,,,1.2,1.2,0,0,0,0
aclnnMuls,,,7.17,7.17,0.92,0.92,0,0
npu::npu_dynamic_quant,,,23.59,41.52,0,6.4805,0,0
empty_tensor,,,6.9,6.9,0,0,0,0
empty_tensor,,,3.68,3.68,0,0,0,0
aclnnDynamicQuantV2,,,7.35,7.35,6.4805,6.4805,0,0
aten::to,,,1.83,36.61,0,1.0,0,0
aten::_to_copy,,,5.68,34.78,0,1.0,0,0
aten::empty_strided,,,7.27,10.74,0,0,0,0
empty_tensor,,,3.47,3.47,0,0,0,0
aten::copy_,,,11.68,18.36,0,1.0,0,0
aclnnInplaceCopy,,,6.68,6.68,1.0,1.0,0,0
aten::to,,,0.94,29.15,0,0.92,0,0
aten::_to_copy,,,3.34,28.21,0,0.92,0,0
aten::empty_strided,,,5.55,8.78,0,0,0,0
empty_tensor,,,3.23,3.23,0,0,0,0
aten::copy_,,,8.99,16.09,0,0.92,0,0
aclnnInplaceCopy,,,7.1,7.1,0.92,0.92,0,0
aten::squeeze,,,7.28,12.27,0,0,0,0
aten::as_strided,,,4.99,4.99,0,0,0,0
aten::to,,,0.92,0.92,0,0,0,0
aten::slice,,,6.23,9.2,0,0,0,0
aten::as_strided,,,2.97,2.97,0,0,0,0
_C_ascend::npu_vllm_quant_lightning_indexer,,,52.01,86.71,0,79.302,0,0
aten::empty,,,2.46,9.57,0,0,0,0
empty_tensor,,,7.11,7.11,0,0,0,0
aten::empty,,,1.08,2.98,0,0,0,0
empty_tensor,,,1.9,1.9,0,0,0,0
aten::empty,,,2.27,11.41,0,0,0,0
empty_tensor,,,9.14,9.14,0,0,0,0
aclnnVllmQuantLightningIndexer,,,10.74,10.74,79.302,79.302,0,0
aten::squeeze,,,7.29,12.77,0,0,0,0
aten::as_strided,,,5.48,5.48,0,0,0,0
aten::view,,,4.45,4.45,0,0,0,0
aten::view,,,2.28,2.28,0,0,0,0
_C_ascend::compressor,,,47.11,79.21,0,57.281,0,0
aten::empty,,,2.21,10.28,0,0,0,0
empty_tensor,,,8.07,8.07,0,0,0,0
aten::empty,,,2.26,10.45,0,0,0,0
empty_tensor,,,8.19,8.19,0,0,0,0
aclnnCompressor,,,11.37,11.37,57.281,57.281,0,0
_C_ascend::npu_scatter_nd_update_sk,,,32.58,54.09,0,18.4805,0,0
aten::empty,,,2.35,11.47,0,0,0,0
empty_tensor,,,9.12,9.12,0,0,0,0
aclnnScatterNdUpdateSk,,,10.04,10.04,18.4805,18.4805,0,0
_C_ascend::npu_sparse_attn_sharedkv,,,44.59,77.44,0,42.361,0,0
aten::empty,,,2.17,9.55,0,0,0,0
empty_tensor,,,7.38,7.38,0,0,0,0
aten::empty,,,1.14,3.06,0,0,0,0
empty_tensor,,,1.92,1.92,0,0,0,0
aten::empty,,,1.86,10.23,0,0,0,0
empty_tensor,,,8.37,8.37,0,0,0,0
aclnnSparseAttnSharedkv,,,10.01,10.01,42.361,42.361,0,0
destroy_event,,,2.41,2.41,0,0,0,0
aten::unsqueeze,,,3.65,8.22,0,0,0,0
aten::as_strided,,,4.57,4.57,0,0,0,0
aten::neg,,,13.98,29.42,0,0.92,0,0
empty_tensor,,,6.48,6.48,0,0,0,0
aclnnNeg,,,8.96,8.96,0.92,0.92,0,0
_C_ascend::inplace_partial_rotary_mul,,,35.42,57.5,0,5.44,0,0
aten::empty,,,2.7,12.23,0,0,0,0
empty_tensor,,,9.53,9.53,0,0,0,0
aclnnInplacePartialRotaryMul,,,9.85,9.85,5.44,5.44,0,0
aten::view,,,5.5,5.5,0,0,0,0
aten::permute,,,3.08,7.52,0,0,0,0
aten::as_strided,,,4.44,4.44,0,0,0,0
aten::contiguous,,,2.34,39.03,0,12.2405,0,0
aten::clone,,,4.47,36.69,0,12.2405,0,0
empty_tensor,,,6.24,6.24,0,0,0,0
aten::copy_,,,18.08,25.98,0,12.2405,0,0
aclnnInplaceCopy,,,7.9,7.9,12.2405,12.2405,0,0
aten::view,,,3.52,3.52,0,0,0,0
aten::empty_like,,,4.69,14.21,0,0,0,0
aten::empty_strided,,,6.79,9.52,0,0,0,0
empty_tensor,,,2.73,2.73,0,0,0,0
c10d::alltoall_base_,,,58.39,96.86,0,13.26,0,0
record_event,,,20.27,20.27,0.02,0.02,0,0
wait_event,,,5.26,5.26,0.02,0.02,0,0
HcclAlltoAll,,,5.11,7.03,0,12.78,0,0
HcclAlltoAll,,,1.92,1.92,12.78,12.78,0,0
record_event,,,3.38,3.38,0.22,0.22,0,0
record_event,,,2.53,2.53,0.22,0.22,0,0
wait_event,,,3.01,3.01,0.02,0.02,0,0
destroy_event,,,1.6,1.6,0,0,0,0
aten::view,,,5.56,5.56,0,0,0,0
npu::npu_transpose_batchmatmul,,,33.74,56.33,0,33.3205,0,0
empty_tensor,,,11.19,11.19,0,0,0,0
aclnnTransposeBatchMatMul,,,11.4,11.4,33.3205,33.3205,0,0
aten::reshape,,,1.59,6.33,0,0,0,0
aten::view,,,4.74,4.74,0,0,0,0
vllm::matmul_and_reduce,,,146.74,462.07,0,30.1215,0,0
vllm::unquantized_gemm,,,16.91,76.86,0,17.2805,0,0
aten::linear,,,4.12,59.95,0,17.2805,0,0
aten::t,,,5.51,14.97,0,0,0,0
aten::transpose,,,3.05,9.46,0,0,0,0
aten::as_strided,,,6.41,6.41,0,0,0,0
aten::matmul,,,19.0,40.86,0,17.2805,0,0
empty_tensor,,,10.59,10.59,0,0,0,0
aclnnMatmul,,,11.27,11.27,17.2805,17.2805,0,0
vllm::reduce_scatter,,,117.08,238.47,0,12.841,0,0
aten::movedim,,,1.61,10.79,0,0,0,0
aten::movedim,,,2.54,9.18,0,0,0,0
aten::permute,,,2.74,6.64,0,0,0,0
aten::as_strided,,,3.9,3.9,0,0,0,0
aten::empty,,,2.77,13.15,0,0,0,0
empty_tensor,,,10.38,10.38,0,0,0,0
c10d::_reduce_scatter_base_,,,54.93,81.46,0,12.821,0,0
record_event,,,12.63,12.63,0.22,0.22,0,0
wait_event,,,2.92,2.92,0.02,0.02,0,0
HcclReduceScatterBase,,,3.06,5.02,0,12.561,0,0
HcclReduceScatter,,,1.96,1.96,12.561,12.561,0,0
record_event,,,3.58,3.58,0.02,0.02,0,0
record_event,,,2.38,2.38,0.0,0.0,0,0
wait_event,,,3.14,3.14,0.02,0.02,0,0
destroy_event,,,1.6,1.6,0,0,0,0
aten::movedim,,,1.49,11.25,0,0,0,0
aten::movedim,,,2.38,9.76,0,0,0,0
aten::permute,,,2.8,7.38,0,0,0,0
aten::as_strided,,,4.58,4.58,0,0,0,0
aten::copy_,,,55.3,65.62,0,0.72,0,0
aclnnInplaceCopy,,,10.32,10.32,0.72,0.72,0,0
aten::unsqueeze,,,4.37,8.15,0,0,0,0
aten::as_strided,,,3.78,3.78,0,0,0,0
aten::unsqueeze,,,2.25,3.84,0,0,0,0
aten::as_strided,,,1.59,1.59,0,0,0,0
aten::unsqueeze,,,2.0,3.56,0,0,0,0
aten::as_strided,,,1.56,1.56,0,0,0,0
aten::detach,,,3.34,3.34,0,0,0,0
aten::reshape,,,4.04,7.56,0,0,0,0
aten::view,,,3.52,3.52,0,0,0,0
aten::unsqueeze,,,2.17,3.68,0,0,0,0
aten::as_strided,,,1.51,1.51,0,0,0,0
_C_ascend::npu_hc_post,,,38.12,74.7,0,7.3605,0,0
aten::empty,,,2.69,13.09,0,0,0,0
empty_tensor,,,10.4,10.4,0,0,0,0
aten::empty,,,2.08,11.75,0,0,0,0
empty_tensor,,,9.67,9.67,0,0,0,0
aclnnHcPost,,,11.74,11.74,7.3605,7.3605,0,0
aten::squeeze,,,4.42,7.02,0,0,0,0
aten::as_strided,,,2.6,2.6,0,0,0,0
_C_ascend::npu_hc_pre_v2,,,36.34,72.95,0,34.0605,0,0
aten::empty,,,1.91,8.42,0,0,0,0
empty_tensor,,,6.51,6.51,0,0,0,0
aten::empty,,,1.16,4.57,0,0,0,0
empty_tensor,,,3.41,3.41,0,0,0,0
aten::empty,,,1.13,4.04,0,0,0,0
empty_tensor,,,2.91,2.91,0,0,0,0
aten::empty,,,1.84,9.24,0,0,0,0
empty_tensor,,,7.4,7.4,0,0,0,0
aclnnHcPre,,,10.34,10.34,34.0605,34.0605,0,0
npu::npu_rms_norm,,,48.62,66.72,0,4.66,0,0
empty_tensor,,,5.92,5.92,0,0,0,0
empty_tensor,,,3.5,3.5,0,0,0,0
aclnnRmsNorm,,,8.68,8.68,4.66,4.66,0,0
aten::reshape,,,4.58,8.66,0,0,0,0
aten::view,,,4.08,4.08,0,0,0,0
vllm::moe_forward_shared,,,1926.63,4786.82,0,392.8875,0,0
aten::to,,,1.8,45.72,0,6.2,0,0
aten::_to_copy,,,5.53,43.92,0,6.2,0,0
aten::empty_strided,,,8.57,12.75,0,0,0,0
empty_tensor,,,4.18,4.18,0,0,0,0
aten::copy_,,,15.45,25.64,0,6.2,0,0
aclnnInplaceCopy,,,10.19,10.19,6.2,6.2,0,0
Event::record,,,81.06,93.08,0,0.22,0,0
record_event,,,12.02,12.02,0.22,0.22,0,0
aten::linear,,,4.41,57.53,0,12.22,0,0
aten::t,,,5.54,14.27,0,0,0,0
aten::transpose,,,2.76,8.73,0,0,0,0
aten::as_strided,,,5.97,5.97,0,0,0,0
aten::matmul,,,19.68,38.85,0,12.22,0,0
empty_tensor,,,10.67,10.67,0,0,0,0
aclnnMatmul,,,8.5,8.5,12.22,12.22,0,0
Event::record,,,69.62,81.21,0,0.02,0,0
record_event,,,11.59,11.59,0.02,0.02,0,0
vllm::maybe_all_gather_and_maybe_unpad,,,44.91,308.4,0,10.681000000000001,0,0
vllm::all_gather,,,129.54,263.49,0,10.681000000000001,0,0
aten::empty,,,3.76,17.59,0,0,0,0
empty_tensor,,,13.83,13.83,0,0,0,0
c10d::_allgather_base_,,,57.3,88.36,0,10.661,0,0
record_event,,,14.75,14.75,0.02,0.02,0,0
wait_event,,,3.65,3.65,0.02,0.02,0,0
HcclAllgatherBase,,,3.21,5.13,0,10.381,0,0
HcclAllGather,,,1.92,1.92,10.381,10.381,0,0
record_event,,,3.68,3.68,0.02,0.02,0,0
record_event,,,3.85,3.85,0.22,0.22,0,0
wait_event,,,3.05,3.05,0.02,0.02,0,0
destroy_event,,,1.88,1.88,0,0,0,0
aten::reshape,,,1.76,8.55,0,0,0,0
aten::view,,,6.79,6.79,0,0,0,0
aten::movedim,,,1.6,10.59,0,0,0,0
aten::movedim,,,2.42,8.99,0,0,0,0
aten::permute,,,2.72,6.57,0,0,0,0
aten::as_strided,,,3.85,3.85,0,0,0,0
aten::reshape,,,0.88,3.93,0,0,0,0
aten::view,,,3.05,3.05,0,0,0,0
vllm::maybe_all_gather_and_maybe_unpad,,,40.09,278.26,0,15.08,0,0
vllm::all_gather,,,116.65,238.17,0,15.08,0,0
aten::empty,,,3.55,18.29,0,0,0,0
empty_tensor,,,14.74,14.74,0,0,0,0
c10d::_allgather_base_,,,50.57,76.99,0,12.280000000000001,0,0
record_event,,,12.98,12.98,0.02,0.02,0,0
wait_event,,,2.95,2.95,6.78,6.78,0,0
HcclAllgatherBase,,,2.96,4.75,0,5.44,0,0
HcclAllGather,,,1.79,1.79,5.44,5.44,0,0
record_event,,,3.29,3.29,0.02,0.02,0,0
record_event,,,2.45,2.45,0.02,0.02,0,0
wait_event,,,2.89,2.89,2.8,2.8,0,0
destroy_event,,,1.64,1.64,0,0,0,0
aten::reshape,,,1.49,6.9,0,0,0,0
aten::view,,,5.41,5.41,0,0,0,0
aten::movedim,,,1.53,10.97,0,0,0,0
aten::movedim,,,2.48,9.44,0,0,0,0
aten::permute,,,2.87,6.96,0,0,0,0
aten::as_strided,,,4.09,4.09,0,0,0,0
aten::reshape,,,0.8,3.84,0,0,0,0
aten::view,,,3.04,3.04,0,0,0,0
_C_ascend::moe_gating_top_k_hash,,,42.25,81.72,0,10.84,0,0
aten::empty,,,3.1,16.21,0,0,0,0
empty_tensor,,,13.11,13.11,0,0,0,0
aten::empty,,,1.37,5.29,0,0,0,0
empty_tensor,,,3.92,3.92,0,0,0,0
aten::empty,,,1.13,4.97,0,0,0,0
empty_tensor,,,3.84,3.84,0,0,0,0
aclnnMoeGatingTopKHash,,,13.0,13.0,10.84,10.84,0,0
aten::to,,,1.9,46.81,0,1.04,0,0
aten::_to_copy,,,5.83,44.91,0,1.04,0,0
aten::empty_strided,,,8.51,13.81,0,0,0,0
empty_tensor,,,5.3,5.3,0,0,0,0
aten::copy_,,,16.87,25.27,0,1.04,0,0
aclnnInplaceCopy,,,8.4,8.4,1.04,1.04,0,0
aten::detach,,,4.16,4.16,0,0,0,0
aten::detach,,,1.48,1.48,0,0,0,0
Event::record,,,79.68,93.22,0,0.02,0,0
record_event,,,13.54,13.54,0.02,0.02,0,0
aten::index,,,32.2,57.34,0,23.0405,0,0
empty_tensor,,,6.64,6.64,0,0,0,0
empty_tensor,,,7.72,7.72,0,0,0,0
aclnnIndex,,,10.78,10.78,23.0405,23.0405,0,0
aten::ne,,,10.99,22.62,0,1.34,0,0
empty_tensor,,,5.66,5.66,0,0,0,0
aclnnNeScalar,,,5.97,5.97,1.34,1.34,0,0
aten::mul,,,15.22,25.03,0,2.0999999999999996,0,0
empty_tensor,,,4.24,4.24,0,0,0,0
aclnnMul,,,5.57,5.57,2.0999999999999996,2.0999999999999996,0,0
npu::npu_moe_init_routing_v2,,,24.88,50.15,0,31.0405,0,0
empty_tensor,,,8.5,8.5,0,0,0,0
empty_tensor,,,3.34,3.34,0,0,0,0
empty_tensor,,,2.93,2.93,0,0,0,0
empty_tensor,,,3.04,3.04,0,0,0,0
aclnnMoeInitRoutingV3,,,7.46,7.46,31.0405,31.0405,0,0
aten::to,,,1.53,1.53,0,0,0,0
_C_ascend::grouped_matmul_swiglu_quant_v2,,,182.62,230.8,0,127.7025,0,0
aten::empty,,,3.32,13.23,0,0,0,0
empty_tensor,,,9.91,9.91,0,0,0,0
aten::empty,,,1.25,4.8,0,0,0,0
empty_tensor,,,3.55,3.55,0,0,0,0
aten::empty,,,3.67,16.86,0,0,0,0
empty_tensor,,,13.19,13.19,0,0,0,0
aclnnGroupedMatmulSwigluQuantWeightNzV2,,,13.29,13.29,127.7025,127.7025,0,0
Event::record,,,78.14,91.41,0,0.02,0,0
record_event,,,13.27,13.27,0.02,0.02,0,0
npu::npu_grouped_matmul,,,42.63,70.36,0,75.642,0,0
empty_tensor,,,15.0,15.0,0,0,0,0
npu::get_npu_format,,,1.94,1.94,0,0,0,0
aclnnGroupedMatmulWeightNz,,,10.79,10.79,75.642,75.642,0,0
Event::record,,,73.94,86.6,0,0.02,0,0
record_event,,,12.66,12.66,0.02,0.02,0,0
aten::abs,,,17.16,40.9,0,1.06,0,0
empty_tensor,,,11.24,11.24,0,0,0,0
aclnnAbs,,,12.5,12.5,1.06,1.06,0,0
npu::npu_moe_token_unpermute,,,69.47,87.61,0,13.14,0,0
empty_tensor,,,7.92,7.92,0,0,0,0
aclnnMoeTokenUnpermute,,,10.22,10.22,13.14,13.14,0,0
vllm::maybe_pad_and_reduce,,,38.25,288.41,0,13.36,0,0
vllm::reduce_scatter,,,116.98,250.16,0,13.36,0,0
aten::movedim,,,1.62,13.82,0,0,0,0
aten::movedim,,,2.68,12.2,0,0,0,0
aten::permute,,,3.42,9.52,0,0,0,0
aten::as_strided,,,6.1,6.1,0,0,0,0
aten::empty,,,2.9,13.68,0,0,0,0
empty_tensor,,,10.78,10.78,0,0,0,0
c10d::_reduce_scatter_base_,,,58.68,88.5,0,12.44,0,0
record_event,,,13.3,13.3,0.22,0.22,0,0
wait_event,,,5.46,5.46,0.02,0.02,0,0
HcclReduceScatterBase,,,3.09,5.14,0,12.16,0,0
HcclReduceScatter,,,2.05,2.05,12.16,12.16,0,0
record_event,,,3.5,3.5,0.02,0.02,0,0
record_event,,,2.42,2.42,0.02,0.02,0,0
wait_event,,,3.2,3.2,0.92,0.92,0,0
destroy_event,,,2.06,2.06,0,0,0,0
aten::movedim,,,1.67,11.92,0,0,0,0
aten::movedim,,,2.61,10.25,0,0,0,0
aten::permute,,,2.86,7.64,0,0,0,0
aten::as_strided,,,4.78,4.78,0,0,0,0
Event::wait,,,63.41,77.48,0,0,0,0
wait_event,,,14.07,14.07,0,0,0,0
npu::npu_dynamic_quant,,,30.06,57.22,0,3.84,0,0
empty_tensor,,,12.73,12.73,0,0,0,0
empty_tensor,,,3.98,3.98,0,0,0,0
aclnnDynamicQuantV2,,,10.45,10.45,3.84,3.84,0,0
Event::wait,,,57.9,69.41,0,0,0,0
wait_event,,,11.51,11.51,0,0,0,0
npu::npu_quant_matmul,,,34.44,61.59,0,20.1605,0,0
empty_tensor,,,10.72,10.72,0,0,0,0
aten::empty,,,2.33,4.38,0,0,0,0
empty_tensor,,,2.05,2.05,0,0,0,0
aten::empty,,,0.95,2.61,0,0,0,0
empty_tensor,,,1.66,1.66,0,0,0,0
aclnnQuantMatmulWeightNz,,,9.44,9.44,20.1605,20.1605,0,0
Event::wait,,,56.9,68.58,0,0,0,0
wait_event,,,11.68,11.68,0,0,0,0
_C_ascend::npu_dequant_swiglu_quant,,,50.79,89.79,0,5.06,0,0
aten::empty,,,2.9,13.46,0,0,0,0
empty_tensor,,,10.56,10.56,0,0,0,0
aten::empty,,,1.24,4.74,0,0,0,0
empty_tensor,,,3.5,3.5,0,0,0,0
aten::empty,,,2.33,9.54,0,0,0,0
empty_tensor,,,7.21,7.21,0,0,0,0
aclnnDequantSwigluQuantV2,,,11.26,11.26,5.06,5.06,0,0
Event::wait,,,59.15,71.52,0,0,0,0
wait_event,,,12.37,12.37,0,0,0,0
npu::npu_quant_matmul,,,35.45,63.09,0,18.8205,0,0
empty_tensor,,,10.57,10.57,0,0,0,0
aten::empty,,,2.31,4.5,0,0,0,0
empty_tensor,,,2.19,2.19,0,0,0,0
aten::empty,,,1.28,3.0,0,0,0,0
empty_tensor,,,1.72,1.72,0,0,0,0
aclnnQuantMatmulWeightNz,,,9.57,9.57,18.8205,18.8205,0,0
Event::record,,,69.47,80.81,0,0.2,0,0
record_event,,,11.34,11.34,0.2,0.2,0,0
Event::wait,,,45.55,55.45,0,0.02,0,0
wait_event,,,9.9,9.9,0.02,0.02,0,0
destroy_event,,,6.22,6.22,0,0,0,0
destroy_event,,,6.62,6.62,0,0,0,0
destroy_event,,,1.81,1.81,0,0,0,0
destroy_event,,,1.56,1.56,0,0,0,0
destroy_event,,,1.19,1.19,0,0,0,0
destroy_event,,,3.5,3.5,0,0,0,0
aten::add,,,23.28,42.89,0,7.64,0,0
empty_tensor,,,11.4,11.4,0,0,0,0
aclnnAdd,,,8.21,8.21,7.64,7.64,0,0
vllm::maybe_all_reduce_tensor_model_parallel,,,25.69,25.69,0,0,0,0
aten::unsqueeze,,,4.72,8.84,0,0,0,0
aten::as_strided,,,4.12,4.12,0,0,0,0
aten::unsqueeze,,,2.24,4.26,0,0,0,0
aten::as_strided,,,2.02,2.02,0,0,0,0
aten::unsqueeze,,,2.0,3.61,0,0,0,0
aten::as_strided,,,1.61,1.61,0,0,0,0
aten::unsqueeze,,,2.04,6.88,0,0,0,0
aten::as_strided,,,4.84,4.84,0,0,0,0
_C_ascend::npu_hc_post,,,42.21,78.26,0,7.4,0,0
aten::empty,,,2.75,12.23,0,0,0,0
empty_tensor,,,9.48,9.48,0,0,0,0
aten::empty,,,2.36,12.68,0,0,0,0
empty_tensor,,,10.32,10.32,0,0,0,0
aclnnHcPost,,,11.14,11.14,7.4,7.4,0,0
aten::squeeze,,,4.6,7.54,0,0,0,0
aten::as_strided,,,2.94,2.94,0,0,0,0
_C_ascend::npu_hc_pre_v2,,,37.63,74.8,0,40.601,0,0
aten::empty,,,2.01,8.57,0,0,0,0
empty_tensor,,,6.56,6.56,0,0,0,0
aten::empty,,,1.26,4.58,0,0,0,0
empty_tensor,,,3.32,3.32,0,0,0,0
aten::empty,,,1.0,4.54,0,0,0,0
empty_tensor,,,3.54,3.54,0,0,0,0
aten::empty,,,2.14,10.06,0,0,0,0
empty_tensor,,,7.92,7.92,0,0,0,0
aclnnHcPre,,,9.42,9.42,40.601,40.601,0,0
npu::npu_rms_norm,,,49.05,67.35,0,4.54,0,0
empty_tensor,,,6.03,6.03,0,0,0,0
empty_tensor,,,3.42,3.42,0,0,0,0
aclnnRmsNorm,,,8.85,8.85,4.54,4.54,0,0
aten::empty,,,5.7,12.42,0,0,0,0
empty_tensor,,,6.72,6.72,0,0,0,0
aten::alias,,,3.93,3.93,0,0,0,0
vllm::dsa_forward,,,1504.32,3404.45,0,370.1055,0,0
aten::empty,,,3.02,13.68,0,0,0,0
empty_tensor,,,10.66,10.66,0,0,0,0
c10d::_allgather_base_,,,56.4,88.28,0,19.12,0,0
record_event,,,14.94,14.94,0.02,0.02,0,0
wait_event,,,6.07,6.07,8.04,8.04,0,0
HcclAllgatherBase,,,2.99,4.8,0,10.82,0,0
HcclAllGather,,,1.81,1.81,10.82,10.82,0,0
record_event,,,3.43,3.43,0.22,0.22,0,0
record_event,,,2.64,2.64,0.02,0.02,0,0
npu::npu_dynamic_quant,,,29.71,51.99,0,3.92,0,0
empty_tensor,,,9.47,9.47,0,0,0,0
empty_tensor,,,4.44,4.44,0,0,0,0
aclnnDynamicQuantV2,,,8.37,8.37,3.92,3.92,0,0
npu::npu_quant_matmul,,,30.29,53.27,0,16.84,0,0
empty_tensor,,,7.0,7.0,0,0,0,0
aten::empty,,,2.26,4.27,0,0,0,0
empty_tensor,,,2.01,2.01,0,0,0,0
aten::empty,,,1.06,2.66,0,0,0,0
empty_tensor,,,1.6,1.6,0,0,0,0
aclnnQuantMatmulWeightNz,,,9.05,9.05,16.84,16.84,0,0
_C_ascend::npu_rms_norm_dynamic_quant,,,46.41,99.91,0,7.56,0,0
aten::empty_like,,,5.52,16.17,0,0,0,0
aten::empty_strided,,,7.19,10.65,0,0,0,0
empty_tensor,,,3.46,3.46,0,0,0,0
aten::empty,,,1.55,5.07,0,0,0,0
empty_tensor,,,3.52,3.52,0,0,0,0
aten::empty,,,1.15,4.33,0,0,0,0
empty_tensor,,,3.18,3.18,0,0,0,0
aten::empty_like,,,1.85,6.97,0,0,0,0
aten::empty_strided,,,3.55,5.12,0,0,0,0
empty_tensor,,,1.57,1.57,0,0,0,0
aten::empty,,,2.34,10.62,0,0,0,0
empty_tensor,,,8.28,8.28,0,0,0,0
aclnnRmsNormDynamicQuant,,,10.34,10.34,7.56,7.56,0,0
npu::npu_quant_matmul,,,29.79,51.56,0,34.6005,0,0
empty_tensor,,,6.62,6.62,0,0,0,0
aten::empty,,,1.61,3.61,0,0,0,0
empty_tensor,,,2.0,2.0,0,0,0,0
aten::empty,,,0.99,2.84,0,0,0,0
empty_tensor,,,1.85,1.85,0,0,0,0
aclnnQuantMatmulWeightNz,,,8.7,8.7,34.6005,34.6005,0,0
aten::unflatten,,,5.86,11.4,0,0,0,0
aten::view,,,5.54,5.54,0,0,0,0
aten::view,,,2.82,2.82,0,0,0,0
aten::empty_like,,,4.14,14.5,0,0,0,0
aten::empty_strided,,,7.2,10.36,0,0,0,0
empty_tensor,,,3.16,3.16,0,0,0,0
triton_rms_kernel,,,15.13,15.13,13.44,13.44,0,0
aten::view,,,7.47,7.47,0,0,0,0
aten::unsqueeze,,,3.09,7.64,0,0,0,0
aten::as_strided,,,4.55,4.55,0,0,0,0
_C_ascend::inplace_partial_rotary_mul,,,42.05,70.37,0,5.34,0,0
aten::empty,,,3.47,17.32,0,0,0,0
empty_tensor,,,13.85,13.85,0,0,0,0
aclnnInplacePartialRotaryMul,,,11.0,11.0,5.34,5.34,0,0
wait_event,,,4.23,4.23,0.0,0.0,0,0
aten::slice,,,4.1,8.45,0,0,0,0
aten::as_strided,,,4.35,4.35,0,0,0,0
npu::npu_dynamic_quant,,,27.55,53.66,0,7.0805,0,0
empty_tensor,,,9.54,9.54,0,0,0,0
empty_tensor,,,4.63,4.63,0,0,0,0
aclnnDynamicQuantV2,,,11.94,11.94,7.0805,7.0805,0,0
npu::npu_quant_matmul,,,31.0,54.52,0,13.6605,0,0
empty_tensor,,,8.13,8.13,0,0,0,0
aten::empty,,,2.04,3.87,0,0,0,0
empty_tensor,,,1.83,1.83,0,0,0,0
aten::empty,,,0.89,2.45,0,0,0,0
empty_tensor,,,1.56,1.56,0,0,0,0
aclnnQuantMatmulWeightNz,,,9.07,9.07,13.6605,13.6605,0,0
npu::npu_rms_norm,,,53.85,72.57,0,10.2205,0,0
empty_tensor,,,6.76,6.76,0,0,0,0
empty_tensor,,,3.06,3.06,0,0,0,0
aclnnRmsNorm,,,8.9,8.9,10.2205,10.2205,0,0
aten::view,,,5.7,5.7,0,0,0,0
aten::unsqueeze,,,2.97,6.77,0,0,0,0
aten::as_strided,,,3.8,3.8,0,0,0,0
aten::slice,,,3.31,5.7,0,0,0,0
aten::as_strided,,,2.39,2.39,0,0,0,0
aten::slice,,,1.08,2.86,0,0,0,0
aten::as_strided,,,1.78,1.78,0,0,0,0
_C_ascend::inplace_partial_rotary_mul,,,37.07,61.14,0,11.1405,0,0
aten::empty,,,3.11,13.5,0,0,0,0
empty_tensor,,,10.39,10.39,0,0,0,0
aclnnInplacePartialRotaryMul,,,10.57,10.57,11.1405,11.1405,0,0
_C_ascend::npu_scatter_nd_update_sk,,,32.54,54.32,0,26.0605,0,0
aten::empty,,,2.56,11.62,0,0,0,0
empty_tensor,,,9.06,9.06,0,0,0,0
aclnnScatterNdUpdateSk,,,10.16,10.16,26.0605,26.0605,0,0
aten::squeeze,,,8.61,13.51,0,0,0,0
aten::as_strided,,,4.9,4.9,0,0,0,0
aten::view,,,4.23,4.23,0,0,0,0
aten::view,,,2.27,2.27,0,0,0,0
_C_ascend::compressor,,,46.11,81.41,0,47.341,0,0
aten::empty,,,2.38,11.1,0,0,0,0
empty_tensor,,,8.72,8.72,0,0,0,0
aten::empty,,,2.53,12.96,0,0,0,0
empty_tensor,,,10.43,10.43,0,0,0,0
aclnnCompressor,,,11.24,11.24,47.341,47.341,0,0
_C_ascend::npu_scatter_nd_update_sk,,,32.79,55.52,0,15.38,0,0
aten::empty,,,2.59,12.28,0,0,0,0
empty_tensor,,,9.69,9.69,0,0,0,0
aclnnScatterNdUpdateSk,,,10.45,10.45,15.38,15.38,0,0
_C_ascend::npu_sparse_attn_sharedkv,,,46.07,80.14,0,37.1005,0,0
aten::empty,,,1.89,9.82,0,0,0,0
empty_tensor,,,7.93,7.93,0,0,0,0
aten::empty,,,1.18,3.14,0,0,0,0
empty_tensor,,,1.96,1.96,0,0,0,0
aten::empty,,,2.04,9.41,0,0,0,0
empty_tensor,,,7.37,7.37,0,0,0,0
aclnnSparseAttnSharedkv,,,11.7,11.7,37.1005,37.1005,0,0
destroy_event,,,2.51,2.51,0,0,0,0
aten::unsqueeze,,,3.93,8.66,0,0,0,0
aten::as_strided,,,4.73,4.73,0,0,0,0
aten::neg,,,15.14,30.69,0,1.16,0,0
empty_tensor,,,6.35,6.35,0,0,0,0
aclnnNeg,,,9.2,9.2,1.16,1.16,0,0
_C_ascend::inplace_partial_rotary_mul,,,35.9,56.99,0,5.38,0,0
aten::empty,,,2.77,11.95,0,0,0,0
empty_tensor,,,9.18,9.18,0,0,0,0
aclnnInplacePartialRotaryMul,,,9.14,9.14,5.38,5.38,0,0
aten::view,,,5.61,5.61,0,0,0,0
aten::permute,,,3.02,7.53,0,0,0,0
aten::as_strided,,,4.51,4.51,0,0,0,0
aten::contiguous,,,2.45,39.76,0,11.32,0,0
aten::clone,,,4.42,37.31,0,11.32,0,0
empty_tensor,,,6.23,6.23,0,0,0,0
aten::copy_,,,19.06,26.66,0,11.32,0,0
aclnnInplaceCopy,,,7.6,7.6,11.32,11.32,0,0
aten::view,,,3.54,3.54,0,0,0,0
aten::empty_like,,,4.84,14.42,0,0,0,0
aten::empty_strided,,,6.82,9.58,0,0,0,0
empty_tensor,,,2.76,2.76,0,0,0,0
c10d::alltoall_base_,,,57.41,81.02,0,18.64,0,0
record_event,,,10.77,10.77,0.02,0.02,0,0
wait_event,,,3.35,3.35,5.34,5.34,0,0
HcclAlltoAll,,,2.21,3.7,0,13.04,0,0
HcclAlltoAll,,,1.49,1.49,13.04,13.04,0,0
record_event,,,3.52,3.52,0.22,0.22,0,0
record_event,,,2.27,2.27,0.02,0.02,0,0
wait_event,,,3.44,3.44,0.0,0.0,0,0
destroy_event,,,1.66,1.66,0,0,0,0
aten::view,,,5.11,5.11,0,0,0,0
npu::npu_transpose_batchmatmul,,,29.63,50.36,0,33.0405,0,0
empty_tensor,,,10.93,10.93,0,0,0,0
aclnnTransposeBatchMatMul,,,9.8,9.8,33.0405,33.0405,0,0
aten::reshape,,,1.57,6.08,0,0,0,0
aten::view,,,4.51,4.51,0,0,0,0
vllm::matmul_and_reduce,,,146.93,462.19,0,31.0405,0,0
vllm::unquantized_gemm,,,16.39,76.16,0,14.7405,0,0
aten::linear,,,4.33,59.77,0,14.7405,0,0
aten::t,,,5.52,14.92,0,0,0,0
aten::transpose,,,3.24,9.4,0,0,0,0
aten::as_strided,,,6.16,6.16,0,0,0,0
aten::matmul,,,19.58,40.52,0,14.7405,0,0
empty_tensor,,,10.23,10.23,0,0,0,0
aclnnMatmul,,,10.71,10.71,14.7405,14.7405,0,0
vllm::reduce_scatter,,,117.26,239.1,0,16.3,0,0
aten::movedim,,,1.53,10.78,0,0,0,0
aten::movedim,,,2.53,9.25,0,0,0,0
aten::permute,,,2.67,6.72,0,0,0,0
aten::as_strided,,,4.05,4.05,0,0,0,0
aten::empty,,,2.78,12.52,0,0,0,0
empty_tensor,,,9.74,9.74,0,0,0,0
c10d::_reduce_scatter_base_,,,56.13,82.45,0,16.28,0,0
record_event,,,12.38,12.38,0.02,0.02,0,0
wait_event,,,3.04,3.04,3.56,3.56,0,0
HcclReduceScatterBase,,,2.95,4.81,0,12.48,0,0
HcclReduceScatter,,,1.86,1.86,12.48,12.48,0,0
record_event,,,3.55,3.55,0.02,0.02,0,0
record_event,,,2.54,2.54,0.2,0.2,0,0
wait_event,,,3.23,3.23,0.02,0.02,0,0
destroy_event,,,1.56,1.56,0,0,0,0
aten::movedim,,,1.42,11.3,0,0,0,0
aten::movedim,,,2.37,9.88,0,0,0,0
aten::permute,,,2.96,7.51,0,0,0,0
aten::as_strided,,,4.55,4.55,0,0,0,0
aten::copy_,,,54.81,65.54,0,0.72,0,0
aclnnInplaceCopy,,,10.73,10.73,0.72,0.72,0,0
aten::unsqueeze,,,4.61,8.38,0,0,0,0
aten::as_strided,,,3.77,3.77,0,0,0,0
aten::unsqueeze,,,2.34,3.98,0,0,0,0
aten::as_strided,,,1.64,1.64,0,0,0,0
aten::unsqueeze,,,1.91,3.42,0,0,0,0
aten::as_strided,,,1.51,1.51,0,0,0,0
aten::detach,,,3.33,3.33,0,0,0,0
aten::reshape,,,4.06,7.56,0,0,0,0
aten::view,,,3.5,3.5,0,0,0,0
aten::unsqueeze,,,2.16,3.75,0,0,0,0
aten::as_strided,,,1.59,1.59,0,0,0,0
_C_ascend::npu_hc_post,,,38.88,76.18,0,7.4005,0,0
aten::empty,,,2.79,13.46,0,0,0,0
empty_tensor,,,10.67,10.67,0,0,0,0
aten::empty,,,2.36,12.66,0,0,0,0
empty_tensor,,,10.3,10.3,0,0,0,0
aclnnHcPost,,,11.18,11.18,7.4005,7.4005,0,0
aten::squeeze,,,4.58,7.22,0,0,0,0
aten::as_strided,,,2.64,2.64,0,0,0,0
_C_ascend::npu_hc_pre_v2,,,36.68,78.23,0,30.2205,0,0
aten::empty,,,2.15,8.82,0,0,0,0
empty_tensor,,,6.67,6.67,0,0,0,0
aten::empty,,,1.32,4.81,0,0,0,0
empty_tensor,,,3.49,3.49,0,0,0,0
aten::empty,,,1.06,4.05,0,0,0,0
empty_tensor,,,2.99,2.99,0,0,0,0
aten::empty,,,2.04,12.96,0,0,0,0
empty_tensor,,,10.92,10.92,0,0,0,0
aclnnHcPre,,,10.91,10.91,30.2205,30.2205,0,0
npu::npu_rms_norm,,,47.79,66.32,0,5.84,0,0
empty_tensor,,,6.04,6.04,0,0,0,0
empty_tensor,,,3.7,3.7,0,0,0,0
aclnnRmsNorm,,,8.79,8.79,5.84,5.84,0,0
aten::reshape,,,4.62,8.74,0,0,0,0
aten::view,,,4.12,4.12,0,0,0,0
vllm::moe_forward_shared,,,1918.76,4748.48,0,379.807,0,0
aten::to,,,1.91,46.76,0,5.9,0,0
aten::_to_copy,,,5.45,44.85,0,5.9,0,0
aten::empty_strided,,,9.32,13.99,0,0,0,0
empty_tensor,,,4.67,4.67,0,0,0,0
aten::copy_,,,15.05,25.41,0,5.9,0,0
aclnnInplaceCopy,,,10.36,10.36,5.9,5.9,0,0
Event::record,,,77.33,88.92,0,0.02,0,0
record_event,,,11.59,11.59,0.02,0.02,0,0
aten::linear,,,4.63,60.54,0,12.5605,0,0
aten::t,,,5.53,14.21,0,0,0,0
aten::transpose,,,2.83,8.68,0,0,0,0
aten::as_strided,,,5.85,5.85,0,0,0,0
aten::matmul,,,20.55,41.7,0,12.5605,0,0
empty_tensor,,,11.62,11.62,0,0,0,0
aclnnMatmul,,,9.53,9.53,12.5605,12.5605,0,0
Event::record,,,70.8,82.37,0,0.02,0,0
record_event,,,11.57,11.57,0.02,0.02,0,0
vllm::maybe_all_gather_and_maybe_unpad,,,44.46,301.31,0,13.52,0,0
vllm::all_gather,,,127.57,256.85,0,13.52,0,0
aten::empty,,,3.73,17.38,0,0,0,0
empty_tensor,,,13.65,13.65,0,0,0,0
c10d::_allgather_base_,,,54.98,83.27,0,13.499999999999998,0,0
record_event,,,12.79,12.79,0.02,0.02,0,0
wait_event,,,3.24,3.24,2.84,2.84,0,0
HcclAllgatherBase,,,3.03,6.03,0,10.62,0,0
HcclAllGather,,,3.0,3.0,10.62,10.62,0,0
record_event,,,3.43,3.43,0.0,0.0,0,0
record_event,,,2.8,2.8,0.02,0.02,0,0
wait_event,,,3.52,3.52,0.02,0.02,0,0
destroy_event,,,1.66,1.66,0,0,0,0
aten::reshape,,,1.8,8.23,0,0,0,0
aten::view,,,6.43,6.43,0,0,0,0
aten::movedim,,,1.76,11.19,0,0,0,0
aten::movedim,,,2.62,9.43,0,0,0,0
aten::permute,,,2.82,6.81,0,0,0,0
aten::as_strided,,,3.99,3.99,0,0,0,0
aten::reshape,,,0.87,4.03,0,0,0,0
aten::view,,,3.16,3.16,0,0,0,0
vllm::maybe_all_gather_and_maybe_unpad,,,40.06,273.31,0,11.5,0,0
vllm::all_gather,,,113.17,233.25,0,11.5,0,0
aten::empty,,,2.89,15.57,0,0,0,0
empty_tensor,,,12.68,12.68,0,0,0,0
c10d::_allgather_base_,,,51.76,78.6,0,11.5,0,0
record_event,,,12.97,12.97,0.02,0.02,0,0
wait_event,,,3.25,3.25,5.84,5.84,0,0
HcclAllgatherBase,,,2.95,4.8,0,5.6,0,0
HcclAllGather,,,1.85,1.85,5.6,5.6,0,0
record_event,,,3.44,3.44,0.02,0.02,0,0
record_event,,,2.38,2.38,0.02,0.02,0,0
wait_event,,,2.81,2.81,0.0,0.0,0,0
destroy_event,,,1.59,1.59,0,0,0,0
aten::reshape,,,1.5,6.82,0,0,0,0
aten::view,,,5.32,5.32,0,0,0,0
aten::movedim,,,1.49,10.74,0,0,0,0
aten::movedim,,,2.26,9.25,0,0,0,0
aten::permute,,,2.98,6.99,0,0,0,0
aten::as_strided,,,4.01,4.01,0,0,0,0
aten::reshape,,,0.87,3.95,0,0,0,0
aten::view,,,3.08,3.08,0,0,0,0
_C_ascend::moe_gating_top_k_hash,,,43.1,81.17,0,11.18,0,0
aten::empty,,,3.2,15.99,0,0,0,0
empty_tensor,,,12.79,12.79,0,0,0,0
aten::empty,,,1.28,5.05,0,0,0,0
empty_tensor,,,3.77,3.77,0,0,0,0
aten::empty,,,1.14,4.87,0,0,0,0
empty_tensor,,,3.73,3.73,0,0,0,0
aclnnMoeGatingTopKHash,,,12.16,12.16,11.18,11.18,0,0
aten::to,,,1.76,47.71,0,1.02,0,0
aten::_to_copy,,,5.8,45.95,0,1.02,0,0
aten::empty_strided,,,8.78,14.1,0,0,0,0
empty_tensor,,,5.32,5.32,0,0,0,0
aten::copy_,,,16.9,26.05,0,1.02,0,0
aclnnInplaceCopy,,,9.15,9.15,1.02,1.02,0,0
aten::detach,,,4.46,4.46,0,0,0,0
aten::detach,,,1.28,1.28,0,0,0,0
Event::record,,,79.61,93.05,0,0.24,0,0
record_event,,,13.44,13.44,0.24,0.24,0,0
aten::index,,,33.88,60.54,0,25.3005,0,0
empty_tensor,,,7.05,7.05,0,0,0,0
empty_tensor,,,8.12,8.12,0,0,0,0
aclnnIndex,,,11.49,11.49,25.3005,25.3005,0,0
aten::ne,,,11.3,24.14,0,1.48,0,0
empty_tensor,,,5.99,5.99,0,0,0,0
aclnnNeScalar,,,6.85,6.85,1.48,1.48,0,0
aten::mul,,,15.66,27.93,0,2.12,0,0
empty_tensor,,,6.3,6.3,0,0,0,0
aclnnMul,,,5.97,5.97,2.12,2.12,0,0
npu::npu_moe_init_routing_v2,,,24.82,50.43,0,32.161,0,0
empty_tensor,,,8.87,8.87,0,0,0,0
empty_tensor,,,3.25,3.25,0,0,0,0
empty_tensor,,,3.33,3.33,0,0,0,0
empty_tensor,,,3.1,3.1,0,0,0,0
aclnnMoeInitRoutingV3,,,7.06,7.06,32.161,32.161,0,0
aten::to,,,1.71,1.71,0,0,0,0
_C_ascend::grouped_matmul_swiglu_quant_v2,,,179.65,229.07,0,118.0025,0,0
aten::empty,,,3.14,13.44,0,0,0,0
empty_tensor,,,10.3,10.3,0,0,0,0
aten::empty,,,1.19,4.41,0,0,0,0
empty_tensor,,,3.22,3.22,0,0,0,0
aten::empty,,,3.39,17.24,0,0,0,0
empty_tensor,,,13.85,13.85,0,0,0,0
aclnnGroupedMatmulSwigluQuantWeightNzV2,,,14.33,14.33,118.0025,118.0025,0,0
Event::record,,,78.93,91.49,0,0.02,0,0
record_event,,,12.56,12.56,0.02,0.02,0,0
npu::npu_grouped_matmul,,,41.05,69.13,0,68.561,0,0
empty_tensor,,,15.31,15.31,0,0,0,0
npu::get_npu_format,,,1.74,1.74,0,0,0,0
aclnnGroupedMatmulWeightNz,,,11.03,11.03,68.561,68.561,0,0
Event::record,,,71.95,84.22,0,0.02,0,0
record_event,,,12.27,12.27,0.02,0.02,0,0
aten::abs,,,15.8,35.16,0,1.08,0,0
empty_tensor,,,10.69,10.69,0,0,0,0
aclnnAbs,,,8.67,8.67,1.08,1.08,0,0
npu::npu_moe_token_unpermute,,,67.73,84.07,0,12.9605,0,0
empty_tensor,,,7.17,7.17,0,0,0,0
aclnnMoeTokenUnpermute,,,9.17,9.17,12.9605,12.9605,0,0
vllm::maybe_pad_and_reduce,,,38.56,282.61,0,12.4,0,0
vllm::reduce_scatter,,,117.1,244.05,0,12.4,0,0
aten::movedim,,,1.61,13.48,0,0,0,0
aten::movedim,,,2.66,11.87,0,0,0,0
aten::permute,,,3.54,9.21,0,0,0,0
aten::as_strided,,,5.67,5.67,0,0,0,0
aten::empty,,,3.05,13.78,0,0,0,0
empty_tensor,,,10.73,10.73,0,0,0,0
c10d::_reduce_scatter_base_,,,54.0,83.12,0,12.38,0,0
record_event,,,14.61,14.61,0.22,0.22,0,0
wait_event,,,3.36,3.36,0.02,0.02,0,0
HcclReduceScatterBase,,,2.93,4.9,0,11.92,0,0
HcclReduceScatter,,,1.97,1.97,11.92,11.92,0,0
record_event,,,3.54,3.54,0.02,0.02,0,0
record_event,,,2.71,2.71,0.2,0.2,0,0
wait_event,,,3.22,3.22,0.02,0.02,0,0
destroy_event,,,1.66,1.66,0,0,0,0
aten::movedim,,,1.44,11.69,0,0,0,0
aten::movedim,,,2.5,10.25,0,0,0,0
aten::permute,,,2.88,7.75,0,0,0,0
aten::as_strided,,,4.87,4.87,0,0,0,0
Event::wait,,,63.75,77.64,0,0,0,0
wait_event,,,13.89,13.89,0,0,0,0
npu::npu_dynamic_quant,,,28.45,55.3,0,3.98,0,0
empty_tensor,,,13.0,13.0,0,0,0,0
empty_tensor,,,3.92,3.92,0,0,0,0
aclnnDynamicQuantV2,,,9.93,9.93,3.98,3.98,0,0
Event::wait,,,57.77,69.14,0,0,0,0
wait_event,,,11.37,11.37,0,0,0,0
npu::npu_quant_matmul,,,35.4,63.48,0,21.301,0,0
empty_tensor,,,10.71,10.71,0,0,0,0
aten::empty,,,2.53,4.94,0,0,0,0
empty_tensor,,,2.41,2.41,0,0,0,0
aten::empty,,,1.02,2.73,0,0,0,0
empty_tensor,,,1.71,1.71,0,0,0,0
aclnnQuantMatmulWeightNz,,,9.7,9.7,21.301,21.301,0,0
Event::wait,,,54.6,65.29,0,0.02,0,0
wait_event,,,10.69,10.69,0.02,0.02,0,0
_C_ascend::npu_dequant_swiglu_quant,,,47.04,85.34,0,4.96,0,0
aten::empty,,,2.93,13.77,0,0,0,0
empty_tensor,,,10.84,10.84,0,0,0,0
aten::empty,,,1.13,4.71,0,0,0,0
empty_tensor,,,3.58,3.58,0,0,0,0
aten::empty,,,2.3,9.29,0,0,0,0
empty_tensor,,,6.99,6.99,0,0,0,0
aclnnDequantSwigluQuantV2,,,10.53,10.53,4.96,4.96,0,0
Event::wait,,,59.34,72.03,0,0.02,0,0
wait_event,,,12.69,12.69,0.02,0.02,0,0
npu::npu_quant_matmul,,,37.43,64.98,0,19.44,0,0
empty_tensor,,,10.82,10.82,0,0,0,0
aten::empty,,,2.29,4.37,0,0,0,0
empty_tensor,,,2.08,2.08,0,0,0,0
aten::empty,,,1.01,2.58,0,0,0,0
empty_tensor,,,1.57,1.57,0,0,0,0
aclnnQuantMatmulWeightNz,,,9.78,9.78,19.44,19.44,0,0
Event::record,,,69.69,81.33,0,0.02,0,0
record_event,,,11.64,11.64,0.02,0.02,0,0
Event::wait,,,44.35,54.89,0,0.0,0,0
wait_event,,,10.54,10.54,0.0,0.0,0,0
destroy_event,,,6.11,6.11,0,0,0,0
destroy_event,,,6.53,6.53,0,0,0,0
destroy_event,,,1.73,1.73,0,0,0,0
destroy_event,,,1.82,1.82,0,0,0,0
destroy_event,,,1.22,1.22,0,0,0,0
destroy_event,,,1.51,1.51,0,0,0,0
aten::add,,,22.55,41.57,0,7.5,0,0
empty_tensor,,,11.25,11.25,0,0,0,0
aclnnAdd,,,7.77,7.77,7.5,7.5,0,0
vllm::maybe_all_reduce_tensor_model_parallel,,,24.18,24.18,0,0,0,0
aten::unsqueeze,,,5.01,9.31,0,0,0,0
aten::as_strided,,,4.3,4.3,0,0,0,0
aten::unsqueeze,,,2.42,4.43,0,0,0,0
aten::as_strided,,,2.01,2.01,0,0,0,0
aten::unsqueeze,,,2.29,3.8,0,0,0,0
aten::as_strided,,,1.51,1.51,0,0,0,0
aten::unsqueeze,,,1.85,5.02,0,0,0,0
aten::as_strided,,,3.17,3.17,0,0,0,0
_C_ascend::npu_hc_post,,,40.91,77.15,0,7.2405,0,0
aten::empty,,,2.75,12.02,0,0,0,0
empty_tensor,,,9.27,9.27,0,0,0,0
aten::empty,,,2.62,13.35,0,0,0,0
empty_tensor,,,10.73,10.73,0,0,0,0
aclnnHcPost,,,10.87,10.87,7.2405,7.2405,0,0
aten::squeeze,,,4.68,7.44,0,0,0,0
aten::as_strided,,,2.76,2.76,0,0,0,0
_C_ascend::npu_hc_pre_v2,,,38.61,74.99,0,34.0205,0,0
aten::empty,,,1.98,8.78,0,0,0,0
empty_tensor,,,6.8,6.8,0,0,0,0
aten::empty,,,1.11,4.56,0,0,0,0
empty_tensor,,,3.45,3.45,0,0,0,0
aten::empty,,,1.1,4.08,0,0,0,0
empty_tensor,,,2.98,2.98,0,0,0,0
aten::empty,,,2.01,9.59,0,0,0,0
empty_tensor,,,7.58,7.58,0,0,0,0
aclnnHcPre,,,9.37,9.37,34.0205,34.0205,0,0
npu::npu_rms_norm,,,49.54,67.9,0,4.7,0,0
empty_tensor,,,6.61,6.61,0,0,0,0
empty_tensor,,,3.42,3.42,0,0,0,0
aclnnRmsNorm,,,8.33,8.33,4.7,4.7,0,0
aten::empty,,,5.85,12.64,0,0,0,0
empty_tensor,,,6.79,6.79,0,0,0,0
aten::alias,,,3.82,3.82,0,0,0,0
vllm::dsa_forward,,,2208.6,5066.9,0,613.1515,0,0
aten::empty,,,3.45,14.57,0,0,0,0
empty_tensor,,,11.12,11.12,0,0,0,0
c10d::_allgather_base_,,,59.91,89.37,0,13.3005,0,0
record_event,,,13.53,13.53,0.02,0.02,0,0
wait_event,,,4.99,4.99,3.1205,3.1205,0,0
HcclAllgatherBase,,,3.06,4.88,0,9.94,0,0
HcclAllGather,,,1.82,1.82,9.94,9.94,0,0
record_event,,,3.76,3.76,0.02,0.02,0,0
record_event,,,2.3,2.3,0.2,0.2,0,0
npu::npu_dynamic_quant,,,30.11,54.03,0,3.82,0,0
empty_tensor,,,9.89,9.89,0,0,0,0
empty_tensor,,,4.35,4.35,0,0,0,0
aclnnDynamicQuantV2,,,9.68,9.68,3.82,3.82,0,0
npu::npu_quant_matmul,,,31.12,54.15,0,16.7,0,0
empty_tensor,,,7.21,7.21,0,0,0,0
aten::empty,,,2.27,4.47,0,0,0,0
empty_tensor,,,2.2,2.2,0,0,0,0
aten::empty,,,0.99,2.55,0,0,0,0
empty_tensor,,,1.56,1.56,0,0,0,0
aclnnQuantMatmulWeightNz,,,8.8,8.8,16.7,16.7,0,0
_C_ascend::npu_rms_norm_dynamic_quant,,,47.09,101.66,0,6.84,0,0
aten::empty_like,,,5.28,16.25,0,0,0,0
aten::empty_strided,,,7.79,10.97,0,0,0,0
empty_tensor,,,3.18,3.18,0,0,0,0
aten::empty,,,1.41,4.97,0,0,0,0
empty_tensor,,,3.56,3.56,0,0,0,0
aten::empty,,,1.04,4.14,0,0,0,0
empty_tensor,,,3.1,3.1,0,0,0,0
aten::empty_like,,,2.13,7.43,0,0,0,0
aten::empty_strided,,,3.62,5.3,0,0,0,0
empty_tensor,,,1.68,1.68,0,0,0,0
aten::empty,,,2.28,10.38,0,0,0,0
empty_tensor,,,8.1,8.1,0,0,0,0
aclnnRmsNormDynamicQuant,,,11.4,11.4,6.84,6.84,0,0
npu::npu_quant_matmul,,,29.22,50.6,0,32.8605,0,0
empty_tensor,,,6.35,6.35,0,0,0,0
aten::empty,,,1.71,3.8,0,0,0,0
empty_tensor,,,2.09,2.09,0,0,0,0
aten::empty,,,0.98,2.53,0,0,0,0
empty_tensor,,,1.55,1.55,0,0,0,0
aclnnQuantMatmulWeightNz,,,8.7,8.7,32.8605,32.8605,0,0
aten::unflatten,,,5.43,10.65,0,0,0,0
aten::view,,,5.22,5.22,0,0,0,0
aten::view,,,2.92,2.92,0,0,0,0
aten::empty_like,,,4.55,14.64,0,0,0,0
aten::empty_strided,,,6.97,10.09,0,0,0,0
empty_tensor,,,3.12,3.12,0,0,0,0
triton_rms_kernel,,,14.86,14.86,13.12,13.12,0,0
aten::view,,,7.46,7.46,0,0,0,0
aten::unsqueeze,,,3.21,7.73,0,0,0,0
aten::as_strided,,,4.52,4.52,0,0,0,0
_C_ascend::inplace_partial_rotary_mul,,,43.26,72.17,0,5.1205,0,0
aten::empty,,,3.65,17.64,0,0,0,0
empty_tensor,,,13.99,13.99,0,0,0,0
aclnnInplacePartialRotaryMul,,,11.27,11.27,5.1205,5.1205,0,0
wait_event,,,4.71,4.71,0.0,0.0,0,0
aten::slice,,,4.12,7.95,0,0,0,0
aten::as_strided,,,3.83,3.83,0,0,0,0
npu::npu_dynamic_quant,,,29.13,53.91,0,7.3205,0,0
empty_tensor,,,10.15,10.15,0,0,0,0
empty_tensor,,,4.61,4.61,0,0,0,0
aclnnDynamicQuantV2,,,10.02,10.02,7.3205,7.3205,0,0
npu::npu_quant_matmul,,,31.48,59.57,0,13.74,0,0
empty_tensor,,,8.32,8.32,0,0,0,0
aten::empty,,,5.26,7.45,0,0,0,0
empty_tensor,,,2.19,2.19,0,0,0,0
aten::empty,,,1.15,2.76,0,0,0,0
empty_tensor,,,1.61,1.61,0,0,0,0
aclnnQuantMatmulWeightNz,,,9.56,9.56,13.74,13.74,0,0
npu::npu_rms_norm,,,55.08,74.2,0,11.14,0,0
empty_tensor,,,6.74,6.74,0,0,0,0
empty_tensor,,,3.27,3.27,0,0,0,0
aclnnRmsNorm,,,9.11,9.11,11.14,11.14,0,0
aten::view,,,5.65,5.65,0,0,0,0
aten::unsqueeze,,,2.75,6.54,0,0,0,0
aten::as_strided,,,3.79,3.79,0,0,0,0
aten::slice,,,3.26,5.55,0,0,0,0
aten::as_strided,,,2.29,2.29,0,0,0,0
aten::slice,,,1.04,2.79,0,0,0,0
aten::as_strided,,,1.75,1.75,0,0,0,0
_C_ascend::inplace_partial_rotary_mul,,,38.22,63.19,0,8.78,0,0
aten::empty,,,3.38,14.42,0,0,0,0
empty_tensor,,,11.04,11.04,0,0,0,0
aclnnInplacePartialRotaryMul,,,10.55,10.55,8.78,8.78,0,0
_C_ascend::npu_scatter_nd_update_sk,,,42.68,63.32,0,29.7005,0,0
aten::empty,,,2.68,11.55,0,0,0,0
empty_tensor,,,8.87,8.87,0,0,0,0
aclnnScatterNdUpdateSk,,,9.09,9.09,29.7005,29.7005,0,0
aten::squeeze,,,8.64,14.61,0,0,0,0
aten::as_strided,,,5.97,5.97,0,0,0,0
aten::view,,,4.34,4.34,0,0,0,0
aten::view,,,2.44,2.44,0,0,0,0
_C_ascend::compressor,,,47.57,81.45,0,52.341,0,0
aten::empty,,,2.48,11.71,0,0,0,0
empty_tensor,,,9.23,9.23,0,0,0,0
aten::empty,,,2.31,11.45,0,0,0,0
empty_tensor,,,9.14,9.14,0,0,0,0
aclnnCompressor,,,10.72,10.72,52.341,52.341,0,0
aten::reshape,,,1.75,6.83,0,0,0,0
aten::view,,,5.08,5.08,0,0,0,0
aten::linear,,,3.97,50.04,0,6.64,0,0
aten::t,,,4.84,11.57,0,0,0,0
aten::transpose,,,2.98,6.73,0,0,0,0
aten::as_strided,,,3.75,3.75,0,0,0,0
aten::matmul,,,18.26,34.5,0,6.64,0,0
empty_tensor,,,6.91,6.91,0,0,0,0
aclnnMatmul,,,9.33,9.33,6.64,6.64,0,0
aten::mul,,,15.82,31.87,0,1.2,0,0
empty_tensor,,,5.51,5.51,0,0,0,0
aten::item,,,1.91,3.58,0,0,0,0
aten::_local_scalar_dense,,,1.67,1.67,0,0,0,0
aclnnMuls,,,6.96,6.96,1.2,1.2,0,0
aten::alias,,,2.55,2.55,0,0,0,0
aten::reshape,,,1.19,5.05,0,0,0,0
aten::view,,,3.86,3.86,0,0,0,0
npu::npu_dynamic_quant,,,24.2,43.07,0,2.8005,0,0
empty_tensor,,,6.65,6.65,0,0,0,0
empty_tensor,,,4.02,4.02,0,0,0,0
aclnnDynamicQuantV2,,,8.2,8.2,2.8005,2.8005,0,0
aten::unsqueeze,,,2.81,6.62,0,0,0,0
aten::as_strided,,,3.81,3.81,0,0,0,0
_C_ascend::npu_scatter_nd_update_sk,,,34.96,55.75,0,19.04,0,0
aten::empty,,,2.95,11.4,0,0,0,0
empty_tensor,,,8.45,8.45,0,0,0,0
aclnnScatterNdUpdateSk,,,9.39,9.39,19.04,19.04,0,0
aten::to,,,1.85,38.21,0,1.12,0,0
aten::_to_copy,,,5.16,36.36,0,1.12,0,0
aten::empty_strided,,,7.51,10.99,0,0,0,0
empty_tensor,,,3.48,3.48,0,0,0,0
aten::copy_,,,12.81,20.21,0,1.12,0,0
aclnnInplaceCopy,,,7.4,7.4,1.12,1.12,0,0
aten::unsqueeze,,,2.67,6.56,0,0,0,0
aten::as_strided,,,3.89,3.89,0,0,0,0
_C_ascend::npu_scatter_nd_update_sk,,,30.05,48.88,0,18.2205,0,0
aten::empty,,,2.36,10.61,0,0,0,0
empty_tensor,,,8.25,8.25,0,0,0,0
aclnnScatterNdUpdateSk,,,8.22,8.22,18.2205,18.2205,0,0
npu::npu_quant_matmul,,,29.58,51.9,0,15.3205,0,0
empty_tensor,,,7.47,7.47,0,0,0,0
aten::empty,,,1.86,3.9,0,0,0,0
empty_tensor,,,2.04,2.04,0,0,0,0
aten::empty,,,1.02,2.72,0,0,0,0
empty_tensor,,,1.7,1.7,0,0,0,0
aclnnQuantMatmulWeightNz,,,8.23,8.23,15.3205,15.3205,0,0
aten::view,,,4.88,4.88,0,0,0,0
aten::unsqueeze,,,2.71,6.55,0,0,0,0
aten::as_strided,,,3.84,3.84,0,0,0,0
_C_ascend::inplace_partial_rotary_mul,,,38.63,60.91,0,5.28,0,0
aten::empty,,,2.83,12.69,0,0,0,0
empty_tensor,,,9.86,9.86,0,0,0,0
aclnnInplacePartialRotaryMul,,,9.59,9.59,5.28,5.28,0,0
aten::reshape,,,1.57,6.62,0,0,0,0
aten::view,,,5.05,5.05,0,0,0,0
aten::linear,,,3.66,46.77,0,6.38,0,0
aten::t,,,4.92,11.55,0,0,0,0
aten::transpose,,,2.88,6.63,0,0,0,0
aten::as_strided,,,3.75,3.75,0,0,0,0
aten::matmul,,,16.37,31.56,0,6.38,0,0
empty_tensor,,,7.34,7.34,0,0,0,0
aclnnMatmul,,,7.85,7.85,6.38,6.38,0,0
aten::mul,,,14.44,30.47,0,5.44,0,0
empty_tensor,,,5.19,5.19,0,0,0,0
aten::item,,,1.54,4.31,0,0,0,0
aten::_local_scalar_dense,,,2.77,2.77,0,0,0,0
aclnnMuls,,,6.53,6.53,5.44,5.44,0,0
aten::alias,,,2.54,2.54,0,0,0,0
aten::reshape,,,1.2,5.0,0,0,0,0
aten::view,,,3.8,3.8,0,0,0,0
vllm::unquantized_gemm,,,16.86,65.96,0,11.5805,0,0
aten::linear,,,3.4,49.1,0,11.5805,0,0
aten::t,,,4.61,12.26,0,0,0,0
aten::transpose,,,2.83,7.65,0,0,0,0
aten::as_strided,,,4.82,4.82,0,0,0,0
aten::matmul,,,16.96,33.44,0,11.5805,0,0
empty_tensor,,,7.63,7.63,0,0,0,0
aclnnMatmul,,,8.85,8.85,11.5805,11.5805,0,0
aten::mul,,,15.17,31.07,0,0.94,0,0
empty_tensor,,,5.94,5.94,0,0,0,0
aten::item,,,1.54,2.73,0,0,0,0
aten::_local_scalar_dense,,,1.19,1.19,0,0,0,0
aclnnMuls,,,7.23,7.23,0.94,0.94,0,0
npu::npu_dynamic_quant,,,22.69,41.33,0,6.5,0,0
empty_tensor,,,6.71,6.71,0,0,0,0
empty_tensor,,,4.11,4.11,0,0,0,0
aclnnDynamicQuantV2,,,7.82,7.82,6.5,6.5,0,0
aten::to,,,1.87,40.67,0,1.0,0,0
aten::_to_copy,,,5.53,38.8,0,1.0,0,0
aten::empty_strided,,,6.95,10.39,0,0,0,0
empty_tensor,,,3.44,3.44,0,0,0,0
aten::copy_,,,12.27,22.88,0,1.0,0,0
aclnnInplaceCopy,,,10.61,10.61,1.0,1.0,0,0
aten::to,,,1.05,29.05,0,1.12,0,0
aten::_to_copy,,,2.91,28.0,0,1.12,0,0
aten::empty_strided,,,5.91,9.11,0,0,0,0
empty_tensor,,,3.2,3.2,0,0,0,0
aten::copy_,,,9.63,15.98,0,1.12,0,0
aclnnInplaceCopy,,,6.35,6.35,1.12,1.12,0,0
aten::squeeze,,,7.28,12.2,0,0,0,0
aten::as_strided,,,4.92,4.92,0,0,0,0
aten::to,,,1.03,1.03,0,0,0,0
aten::slice,,,6.12,9.07,0,0,0,0
aten::as_strided,,,2.95,2.95,0,0,0,0
_C_ascend::npu_vllm_quant_lightning_indexer,,,52.91,86.86,0,78.7015,0,0
aten::empty,,,2.35,9.45,0,0,0,0
empty_tensor,,,7.1,7.1,0,0,0,0
aten::empty,,,1.11,3.0,0,0,0,0
empty_tensor,,,1.89,1.89,0,0,0,0
aten::empty,,,2.12,11.22,0,0,0,0
empty_tensor,,,9.1,9.1,0,0,0,0
aclnnVllmQuantLightningIndexer,,,10.28,10.28,78.7015,78.7015,0,0
aten::squeeze,,,7.42,12.96,0,0,0,0
aten::as_strided,,,5.54,5.54,0,0,0,0
aten::view,,,4.54,4.54,0,0,0,0
aten::view,,,2.31,2.31,0,0,0,0
_C_ascend::compressor,,,48.43,81.58,0,58.841,0,0
aten::empty,,,2.63,11.2,0,0,0,0
empty_tensor,,,8.57,8.57,0,0,0,0
aten::empty,,,1.95,10.22,0,0,0,0
empty_tensor,,,8.27,8.27,0,0,0,0
aclnnCompressor,,,11.73,11.73,58.841,58.841,0,0
_C_ascend::npu_scatter_nd_update_sk,,,32.22,54.21,0,18.4805,0,0
aten::empty,,,2.11,11.58,0,0,0,0
empty_tensor,,,9.47,9.47,0,0,0,0
aclnnScatterNdUpdateSk,,,10.41,10.41,18.4805,18.4805,0,0
_C_ascend::npu_sparse_attn_sharedkv,,,45.09,79.17,0,44.7805,0,0
aten::empty,,,2.15,9.52,0,0,0,0
empty_tensor,,,7.37,7.37,0,0,0,0
aten::empty,,,1.09,3.02,0,0,0,0
empty_tensor,,,1.93,1.93,0,0,0,0
aten::empty,,,2.11,10.75,0,0,0,0
empty_tensor,,,8.64,8.64,0,0,0,0
aclnnSparseAttnSharedkv,,,10.79,10.79,44.7805,44.7805,0,0
destroy_event,,,2.36,2.36,0,0,0,0
aten::unsqueeze,,,3.88,8.39,0,0,0,0
aten::as_strided,,,4.51,4.51,0,0,0,0
aten::neg,,,14.51,29.4,0,0.98,0,0
empty_tensor,,,6.17,6.17,0,0,0,0
aclnnNeg,,,8.72,8.72,0.98,0.98,0,0
_C_ascend::inplace_partial_rotary_mul,,,36.83,57.64,0,5.22,0,0
aten::empty,,,2.71,11.85,0,0,0,0
empty_tensor,,,9.14,9.14,0,0,0,0
aclnnInplacePartialRotaryMul,,,8.96,8.96,5.22,5.22,0,0
aten::view,,,5.64,5.64,0,0,0,0
aten::permute,,,3.34,7.83,0,0,0,0
aten::as_strided,,,4.49,4.49,0,0,0,0
aten::contiguous,,,2.35,38.36,0,11.7205,0,0
aten::clone,,,4.09,36.01,0,11.7205,0,0
empty_tensor,,,5.54,5.54,0,0,0,0
aten::copy_,,,18.65,26.38,0,11.7205,0,0
aclnnInplaceCopy,,,7.73,7.73,11.7205,11.7205,0,0
aten::view,,,3.29,3.29,0,0,0,0
aten::empty_like,,,4.94,13.92,0,0,0,0
aten::empty_strided,,,6.55,8.98,0,0,0,0
empty_tensor,,,2.43,2.43,0,0,0,0
c10d::alltoall_base_,,,59.04,90.15,0,13.8,0,0
record_event,,,10.37,10.37,0.2,0.2,0,0
wait_event,,,10.73,10.73,0.02,0.02,0,0
HcclAlltoAll,,,2.27,3.84,0,13.32,0,0
HcclAlltoAll,,,1.57,1.57,13.32,13.32,0,0
record_event,,,3.96,3.96,0.02,0.02,0,0
record_event,,,2.21,2.21,0.24,0.24,0,0
wait_event,,,2.93,2.93,0.0,0.0,0,0
destroy_event,,,1.72,1.72,0,0,0,0
aten::view,,,5.21,5.21,0,0,0,0
npu::npu_transpose_batchmatmul,,,31.32,51.94,0,32.9805,0,0
empty_tensor,,,10.68,10.68,0,0,0,0
aclnnTransposeBatchMatMul,,,9.94,9.94,32.9805,32.9805,0,0
aten::reshape,,,1.6,6.47,0,0,0,0
aten::view,,,4.87,4.87,0,0,0,0
vllm::matmul_and_reduce,,,148.24,459.05,0,29.581500000000002,0,0
vllm::unquantized_gemm,,,17.91,78.27,0,17.5605,0,0
aten::linear,,,4.72,60.36,0,17.5605,0,0
aten::t,,,5.34,14.76,0,0,0,0
aten::transpose,,,3.09,9.42,0,0,0,0
aten::as_strided,,,6.33,6.33,0,0,0,0
aten::matmul,,,19.24,40.88,0,17.5605,0,0
empty_tensor,,,10.54,10.54,0,0,0,0
aclnnMatmul,,,11.1,11.1,17.5605,17.5605,0,0
vllm::reduce_scatter,,,115.4,232.54,0,12.020999999999999,0,0
aten::movedim,,,1.52,10.84,0,0,0,0
aten::movedim,,,2.54,9.32,0,0,0,0
aten::permute,,,2.77,6.78,0,0,0,0
aten::as_strided,,,4.01,4.01,0,0,0,0
aten::empty,,,2.68,12.22,0,0,0,0
empty_tensor,,,9.54,9.54,0,0,0,0
c10d::_reduce_scatter_base_,,,52.67,77.86,0,12.001,0,0
record_event,,,11.92,11.92,0.02,0.02,0,0
wait_event,,,2.96,2.96,0.0,0.0,0,0
HcclReduceScatterBase,,,2.87,4.65,0,11.761,0,0
HcclReduceScatter,,,1.78,1.78,11.761,11.761,0,0
record_event,,,3.43,3.43,0.2,0.2,0,0
record_event,,,2.23,2.23,0.02,0.02,0,0
wait_event,,,3.1,3.1,0.02,0.02,0,0
destroy_event,,,1.71,1.71,0,0,0,0
aten::movedim,,,1.64,11.41,0,0,0,0
aten::movedim,,,2.21,9.77,0,0,0,0
aten::permute,,,2.82,7.56,0,0,0,0
aten::as_strided,,,4.74,4.74,0,0,0,0
aten::copy_,,,55.58,65.89,0,0.7,0,0
aclnnInplaceCopy,,,10.31,10.31,0.7,0.7,0,0
aten::unsqueeze,,,4.2,8.14,0,0,0,0
aten::as_strided,,,3.94,3.94,0,0,0,0
aten::unsqueeze,,,2.28,3.89,0,0,0,0
aten::as_strided,,,1.61,1.61,0,0,0,0
aten::unsqueeze,,,2.02,3.5,0,0,0,0
aten::as_strided,,,1.48,1.48,0,0,0,0
aten::detach,,,3.53,3.53,0,0,0,0
aten::reshape,,,4.28,8.03,0,0,0,0
aten::view,,,3.75,3.75,0,0,0,0
aten::unsqueeze,,,2.26,3.94,0,0,0,0
aten::as_strided,,,1.68,1.68,0,0,0,0
_C_ascend::npu_hc_post,,,37.88,75.34,0,8.5805,0,0
aten::empty,,,2.69,13.6,0,0,0,0
empty_tensor,,,10.91,10.91,0,0,0,0
aten::empty,,,2.25,12.59,0,0,0,0
empty_tensor,,,10.34,10.34,0,0,0,0
aclnnHcPost,,,11.27,11.27,8.5805,8.5805,0,0
aten::squeeze,,,4.45,7.06,0,0,0,0
aten::as_strided,,,2.61,2.61,0,0,0,0
_C_ascend::npu_hc_pre_v2,,,36.08,71.95,0,31.9205,0,0
aten::empty,,,1.81,8.42,0,0,0,0
empty_tensor,,,6.61,6.61,0,0,0,0
aten::empty,,,1.06,4.51,0,0,0,0
empty_tensor,,,3.45,3.45,0,0,0,0
aten::empty,,,1.07,3.85,0,0,0,0
empty_tensor,,,2.78,2.78,0,0,0,0
aten::empty,,,1.63,9.2,0,0,0,0
empty_tensor,,,7.57,7.57,0,0,0,0
aclnnHcPre,,,9.89,9.89,31.9205,31.9205,0,0
npu::npu_rms_norm,,,46.89,64.34,0,4.74,0,0
empty_tensor,,,5.33,5.33,0,0,0,0
empty_tensor,,,3.39,3.39,0,0,0,0
aclnnRmsNorm,,,8.73,8.73,4.74,4.74,0,0
aten::reshape,,,4.65,8.83,0,0,0,0
aten::view,,,4.18,4.18,0,0,0,0
vllm::moe_forward_shared,,,1909.14,4754.58,0,402.4475,0,0
aten::to,,,1.92,46.19,0,5.86,0,0
aten::_to_copy,,,5.26,44.27,0,5.86,0,0
aten::empty_strided,,,9.15,13.43,0,0,0,0
empty_tensor,,,4.28,4.28,0,0,0,0
aten::copy_,,,15.44,25.58,0,5.86,0,0
aclnnInplaceCopy,,,10.14,10.14,5.86,5.86,0,0
Event::record,,,79.46,90.75,0,0.02,0,0
record_event,,,11.29,11.29,0.02,0.02,0,0
aten::linear,,,4.75,58.83,0,11.9,0,0
aten::t,,,5.71,14.33,0,0,0,0
aten::transpose,,,2.75,8.62,0,0,0,0
aten::as_strided,,,5.87,5.87,0,0,0,0
aten::matmul,,,19.74,39.75,0,11.9,0,0
empty_tensor,,,10.48,10.48,0,0,0,0
aclnnMatmul,,,9.53,9.53,11.9,11.9,0,0
Event::record,,,70.14,81.1,0,0.02,0,0
record_event,,,10.96,10.96,0.02,0.02,0,0
vllm::maybe_all_gather_and_maybe_unpad,,,44.7,303.63,0,13.719999999999999,0,0
vllm::all_gather,,,129.49,258.93,0,13.719999999999999,0,0
aten::empty,,,3.93,17.71,0,0,0,0
empty_tensor,,,13.78,13.78,0,0,0,0
c10d::_allgather_base_,,,52.33,80.39,0,13.719999999999999,0,0
record_event,,,13.64,13.64,0.02,0.02,0,0
wait_event,,,3.03,3.03,3.3,3.3,0,0
HcclAllgatherBase,,,2.9,4.98,0,10.36,0,0
HcclAllGather,,,2.08,2.08,10.36,10.36,0,0
record_event,,,3.61,3.61,0.02,0.02,0,0
record_event,,,2.8,2.8,0.02,0.02,0,0
wait_event,,,3.17,3.17,0.0,0.0,0,0
destroy_event,,,1.6,1.6,0,0,0,0
aten::reshape,,,1.64,8.11,0,0,0,0
aten::view,,,6.47,6.47,0,0,0,0
aten::movedim,,,1.54,14.28,0,0,0,0
aten::movedim,,,2.61,12.74,0,0,0,0
aten::permute,,,5.87,10.13,0,0,0,0
aten::as_strided,,,4.26,4.26,0,0,0,0
aten::reshape,,,0.94,4.18,0,0,0,0
aten::view,,,3.24,3.24,0,0,0,0
vllm::maybe_all_gather_and_maybe_unpad,,,40.24,279.83,0,9.1,0,0
vllm::all_gather,,,115.83,239.59,0,9.1,0,0
aten::empty,,,2.99,15.21,0,0,0,0
empty_tensor,,,12.22,12.22,0,0,0,0
c10d::_allgather_base_,,,55.26,82.92,0,9.1,0,0
record_event,,,13.01,13.01,0.02,0.02,0,0
wait_event,,,3.04,3.04,3.52,3.52,0,0
HcclAllgatherBase,,,3.7,5.78,0,5.34,0,0
HcclAllGather,,,2.08,2.08,5.34,5.34,0,0
record_event,,,3.34,3.34,0.02,0.02,0,0
record_event,,,2.49,2.49,0.2,0.2,0,0
wait_event,,,2.76,2.76,0.0,0.0,0,0
destroy_event,,,1.8,1.8,0,0,0,0
aten::reshape,,,1.65,6.92,0,0,0,0
aten::view,,,5.27,5.27,0,0,0,0
aten::movedim,,,1.54,10.33,0,0,0,0
aten::movedim,,,2.3,8.79,0,0,0,0
aten::permute,,,2.71,6.49,0,0,0,0
aten::as_strided,,,3.78,3.78,0,0,0,0
aten::reshape,,,0.81,3.82,0,0,0,0
aten::view,,,3.01,3.01,0,0,0,0
_C_ascend::moe_gating_top_k_hash,,,42.83,80.42,0,10.9805,0,0
aten::empty,,,3.06,15.93,0,0,0,0
empty_tensor,,,12.87,12.87,0,0,0,0
aten::empty,,,1.3,5.16,0,0,0,0
empty_tensor,,,3.86,3.86,0,0,0,0
aten::empty,,,1.04,4.97,0,0,0,0
empty_tensor,,,3.93,3.93,0,0,0,0
aclnnMoeGatingTopKHash,,,11.53,11.53,10.9805,10.9805,0,0
aten::to,,,1.91,46.98,0,0.92,0,0
aten::_to_copy,,,5.96,45.07,0,0.92,0,0
aten::empty_strided,,,8.15,13.08,0,0,0,0
empty_tensor,,,4.93,4.93,0,0,0,0
aten::copy_,,,16.87,26.03,0,0.92,0,0
aclnnInplaceCopy,,,9.16,9.16,0.92,0.92,0,0
aten::detach,,,4.26,4.26,0,0,0,0
aten::detach,,,1.35,1.35,0,0,0,0
Event::record,,,77.41,90.67,0,0.22,0,0
record_event,,,13.26,13.26,0.22,0.22,0,0
aten::index,,,32.24,55.92,0,18.7205,0,0
empty_tensor,,,6.82,6.82,0,0,0,0
empty_tensor,,,7.75,7.75,0,0,0,0
aclnnIndex,,,9.11,9.11,18.7205,18.7205,0,0
aten::ne,,,11.21,22.64,0,1.64,0,0
empty_tensor,,,5.62,5.62,0,0,0,0
aclnnNeScalar,,,5.81,5.81,1.64,1.64,0,0
aten::mul,,,15.7,26.52,0,2.34,0,0
empty_tensor,,,4.61,4.61,0,0,0,0
aclnnMul,,,6.21,6.21,2.34,2.34,0,0
npu::npu_moe_init_routing_v2,,,24.58,48.82,0,30.881,0,0
empty_tensor,,,8.38,8.38,0,0,0,0
empty_tensor,,,3.06,3.06,0,0,0,0
empty_tensor,,,2.92,2.92,0,0,0,0
empty_tensor,,,2.79,2.79,0,0,0,0
aclnnMoeInitRoutingV3,,,7.09,7.09,30.881,30.881,0,0
aten::to,,,1.6,1.6,0,0,0,0
_C_ascend::grouped_matmul_swiglu_quant_v2,,,184.16,232.45,0,139.163,0,0
aten::empty,,,3.28,13.33,0,0,0,0
empty_tensor,,,10.05,10.05,0,0,0,0
aten::empty,,,1.32,4.72,0,0,0,0
empty_tensor,,,3.4,3.4,0,0,0,0
aten::empty,,,3.72,17.11,0,0,0,0
empty_tensor,,,13.39,13.39,0,0,0,0
aclnnGroupedMatmulSwigluQuantWeightNzV2,,,13.13,13.13,139.163,139.163,0,0
Event::record,,,76.94,89.48,0,0.22,0,0
record_event,,,12.54,12.54,0.22,0.22,0,0
npu::npu_grouped_matmul,,,39.97,68.17,0,80.1215,0,0
empty_tensor,,,15.45,15.45,0,0,0,0
npu::get_npu_format,,,1.84,1.84,0,0,0,0
aclnnGroupedMatmulWeightNz,,,10.91,10.91,80.1215,80.1215,0,0
Event::record,,,72.91,94.09,0,0.02,0,0
record_event,,,21.18,21.18,0.02,0.02,0,0
aten::abs,,,15.86,36.53,0,1.1,0,0
empty_tensor,,,10.99,10.99,0,0,0,0
aclnnAbs,,,9.68,9.68,1.1,1.1,0,0
npu::npu_moe_token_unpermute,,,69.85,86.97,0,13.1805,0,0
empty_tensor,,,7.64,7.64,0,0,0,0
aclnnMoeTokenUnpermute,,,9.48,9.48,13.1805,13.1805,0,0
vllm::maybe_pad_and_reduce,,,37.8,285.36,0,12.64,0,0
vllm::reduce_scatter,,,116.93,247.56,0,12.64,0,0
aten::movedim,,,1.56,13.36,0,0,0,0
aten::movedim,,,2.67,11.8,0,0,0,0
aten::permute,,,3.4,9.13,0,0,0,0
aten::as_strided,,,5.73,5.73,0,0,0,0
aten::empty,,,2.83,13.47,0,0,0,0
empty_tensor,,,10.64,10.64,0,0,0,0
c10d::_reduce_scatter_base_,,,53.98,85.6,0,12.64,0,0
record_event,,,14.61,14.61,0.02,0.02,0,0
wait_event,,,4.59,4.59,0.02,0.02,0,0
HcclReduceScatterBase,,,3.01,4.93,0,12.38,0,0
HcclReduceScatter,,,1.92,1.92,12.38,12.38,0,0
record_event,,,3.63,3.63,0.2,0.2,0,0
record_event,,,3.86,3.86,0.02,0.02,0,0
wait_event,,,3.22,3.22,0.0,0.0,0,0
destroy_event,,,3.05,3.05,0,0,0,0
aten::movedim,,,1.63,11.93,0,0,0,0
aten::movedim,,,2.57,10.3,0,0,0,0
aten::permute,,,2.81,7.73,0,0,0,0
aten::as_strided,,,4.92,4.92,0,0,0,0
Event::wait,,,63.94,77.79,0,0.02,0,0
wait_event,,,13.85,13.85,0.02,0.02,0,0
npu::npu_dynamic_quant,,,29.22,55.37,0,3.88,0,0
empty_tensor,,,12.43,12.43,0,0,0,0
empty_tensor,,,3.78,3.78,0,0,0,0
aclnnDynamicQuantV2,,,9.94,9.94,3.88,3.88,0,0
Event::wait,,,56.73,68.27,0,0.02,0,0
wait_event,,,11.54,11.54,0.02,0.02,0,0
npu::npu_quant_matmul,,,36.47,64.06,0,20.78,0,0
empty_tensor,,,10.65,10.65,0,0,0,0
aten::empty,,,2.55,4.82,0,0,0,0
empty_tensor,,,2.27,2.27,0,0,0,0
aten::empty,,,1.0,2.62,0,0,0,0
empty_tensor,,,1.62,1.62,0,0,0,0
aclnnQuantMatmulWeightNz,,,9.5,9.5,20.78,20.78,0,0
Event::wait,,,56.51,68.15,0,0.22,0,0
wait_event,,,11.64,11.64,0.22,0.22,0,0
_C_ascend::npu_dequant_swiglu_quant,,,47.43,86.49,0,5.34,0,0
aten::empty,,,2.86,13.08,0,0,0,0
empty_tensor,,,10.22,10.22,0,0,0,0
aten::empty,,,1.29,5.1,0,0,0,0
empty_tensor,,,3.81,3.81,0,0,0,0
aten::empty,,,2.28,10.15,0,0,0,0
empty_tensor,,,7.87,7.87,0,0,0,0
aclnnDequantSwigluQuantV2,,,10.73,10.73,5.34,5.34,0,0
Event::wait,,,59.66,72.12,0,0.02,0,0
wait_event,,,12.46,12.46,0.02,0.02,0,0
npu::npu_quant_matmul,,,34.85,62.41,0,19.3605,0,0
empty_tensor,,,10.96,10.96,0,0,0,0
aten::empty,,,2.14,4.33,0,0,0,0
empty_tensor,,,2.19,2.19,0,0,0,0
aten::empty,,,1.02,2.66,0,0,0,0
empty_tensor,,,1.64,1.64,0,0,0,0
aclnnQuantMatmulWeightNz,,,9.61,9.61,19.3605,19.3605,0,0
Event::record,,,70.11,81.83,0,0.02,0,0
record_event,,,11.72,11.72,0.02,0.02,0,0
Event::wait,,,45.61,55.38,0,0.02,0,0
wait_event,,,9.77,9.77,0.02,0.02,0,0
destroy_event,,,5.86,5.86,0,0,0,0
destroy_event,,,6.07,6.07,0,0,0,0
destroy_event,,,2.45,2.45,0,0,0,0
destroy_event,,,1.81,1.81,0,0,0,0
destroy_event,,,1.49,1.49,0,0,0,0
destroy_event,,,3.33,3.33,0,0,0,0
aten::add,,,22.21,40.89,0,7.76,0,0
empty_tensor,,,10.98,10.98,0,0,0,0
aclnnAdd,,,7.7,7.7,7.76,7.76,0,0
vllm::maybe_all_reduce_tensor_model_parallel,,,24.83,24.83,0,0,0,0
aten::unsqueeze,,,4.96,9.2,0,0,0,0
aten::as_strided,,,4.24,4.24,0,0,0,0
aten::unsqueeze,,,2.46,4.34,0,0,0,0
aten::as_strided,,,1.88,1.88,0,0,0,0
aten::unsqueeze,,,1.92,3.4,0,0,0,0
aten::as_strided,,,1.48,1.48,0,0,0,0
aten::unsqueeze,,,1.91,3.36,0,0,0,0
aten::as_strided,,,1.45,1.45,0,0,0,0
_C_ascend::npu_hc_post,,,41.17,76.17,0,7.3,0,0
aten::empty,,,2.5,11.54,0,0,0,0
empty_tensor,,,9.04,9.04,0,0,0,0
aten::empty,,,2.33,12.42,0,0,0,0
empty_tensor,,,10.09,10.09,0,0,0,0
aclnnHcPost,,,11.04,11.04,7.3,7.3,0,0
aten::squeeze,,,4.64,7.43,0,0,0,0
aten::as_strided,,,2.79,2.79,0,0,0,0
_C_ascend::npu_hc_pre_v2,,,36.95,72.44,0,32.621,0,0
aten::empty,,,1.92,8.09,0,0,0,0
empty_tensor,,,6.17,6.17,0,0,0,0
aten::empty,,,1.5,4.99,0,0,0,0
empty_tensor,,,3.49,3.49,0,0,0,0
aten::empty,,,1.2,4.2,0,0,0,0
empty_tensor,,,3.0,3.0,0,0,0,0
aten::empty,,,1.74,8.8,0,0,0,0
empty_tensor,,,7.06,7.06,0,0,0,0
aclnnHcPre,,,9.41,9.41,32.621,32.621,0,0
npu::npu_rms_norm,,,47.71,65.21,0,4.72,0,0
empty_tensor,,,5.73,5.73,0,0,0,0
empty_tensor,,,3.46,3.46,0,0,0,0
aclnnRmsNorm,,,8.31,8.31,4.72,4.72,0,0
aten::empty,,,5.64,12.46,0,0,0,0
empty_tensor,,,6.82,6.82,0,0,0,0
aten::alias,,,3.84,3.84,0,0,0,0
vllm::dsa_forward,,,1477.25,3381.1,0,353.189,0,0
aten::empty,,,3.22,13.15,0,0,0,0
empty_tensor,,,9.93,9.93,0,0,0,0
c10d::_allgather_base_,,,54.49,85.63,0,11.08,0,0
record_event,,,13.86,13.86,0.2,0.2,0,0
wait_event,,,5.35,5.35,0.02,0.02,0,0
HcclAllgatherBase,,,3.13,5.99,0,10.64,0,0
HcclAllGather,,,2.86,2.86,10.64,10.64,0,0
record_event,,,3.47,3.47,0.2,0.2,0,0
record_event,,,2.47,2.47,0.02,0.02,0,0
npu::npu_dynamic_quant,,,29.34,46.85,0,3.98,0,0
empty_tensor,,,9.78,9.78,0,0,0,0
empty_tensor,,,4.49,4.49,0,0,0,0
aclnnDynamicQuantV2,,,3.24,3.24,3.98,3.98,0,0
npu::npu_quant_matmul,,,29.63,54.59,0,16.8605,0,0
empty_tensor,,,8.04,8.04,0,0,0,0
aten::empty,,,2.24,4.4,0,0,0,0
empty_tensor,,,2.16,2.16,0,0,0,0
aten::empty,,,1.01,2.52,0,0,0,0
empty_tensor,,,1.51,1.51,0,0,0,0
aclnnQuantMatmulWeightNz,,,10.0,10.0,16.8605,16.8605,0,0
_C_ascend::npu_rms_norm_dynamic_quant,,,47.16,100.55,0,6.46,0,0
aten::empty_like,,,5.29,16.5,0,0,0,0
aten::empty_strided,,,7.68,11.21,0,0,0,0
empty_tensor,,,3.53,3.53,0,0,0,0
aten::empty,,,1.43,5.09,0,0,0,0
empty_tensor,,,3.66,3.66,0,0,0,0
aten::empty,,,1.04,4.28,0,0,0,0
empty_tensor,,,3.24,3.24,0,0,0,0
aten::empty_like,,,2.21,7.6,0,0,0,0
aten::empty_strided,,,3.74,5.39,0,0,0,0
empty_tensor,,,1.65,1.65,0,0,0,0
aten::empty,,,2.03,9.66,0,0,0,0
empty_tensor,,,7.63,7.63,0,0,0,0
aclnnRmsNormDynamicQuant,,,10.26,10.26,6.46,6.46,0,0
npu::npu_quant_matmul,,,29.7,52.08,0,33.0005,0,0
empty_tensor,,,7.02,7.02,0,0,0,0
aten::empty,,,1.51,3.51,0,0,0,0
empty_tensor,,,2.0,2.0,0,0,0,0
aten::empty,,,0.96,2.48,0,0,0,0
empty_tensor,,,1.52,1.52,0,0,0,0
aclnnQuantMatmulWeightNz,,,9.37,9.37,33.0005,33.0005,0,0
aten::unflatten,,,5.48,11.1,0,0,0,0
aten::view,,,5.62,5.62,0,0,0,0
aten::view,,,2.74,2.74,0,0,0,0
aten::empty_like,,,4.3,14.35,0,0,0,0
aten::empty_strided,,,6.81,10.05,0,0,0,0
empty_tensor,,,3.24,3.24,0,0,0,0
triton_rms_kernel,,,14.57,14.57,13.4005,13.4005,0,0
aten::view,,,7.26,7.26,0,0,0,0
aten::unsqueeze,,,3.13,7.43,0,0,0,0
aten::as_strided,,,4.3,4.3,0,0,0,0
_C_ascend::inplace_partial_rotary_mul,,,42.2,70.72,0,5.24,0,0
aten::empty,,,3.41,17.18,0,0,0,0
empty_tensor,,,13.77,13.77,0,0,0,0
aclnnInplacePartialRotaryMul,,,11.34,11.34,5.24,5.24,0,0
wait_event,,,4.36,4.36,0.0,0.0,0,0
aten::slice,,,4.11,7.9,0,0,0,0
aten::as_strided,,,3.79,3.79,0,0,0,0
npu::npu_dynamic_quant,,,28.48,51.63,0,6.9605,0,0
empty_tensor,,,9.46,9.46,0,0,0,0
empty_tensor,,,4.1,4.1,0,0,0,0
aclnnDynamicQuantV2,,,9.59,9.59,6.9605,6.9605,0,0
npu::npu_quant_matmul,,,30.56,52.84,0,13.3005,0,0
empty_tensor,,,7.16,7.16,0,0,0,0
aten::empty,,,2.34,4.34,0,0,0,0
empty_tensor,,,2.0,2.0,0,0,0,0
aten::empty,,,1.16,2.69,0,0,0,0
empty_tensor,,,1.53,1.53,0,0,0,0
aclnnQuantMatmulWeightNz,,,8.09,8.09,13.3005,13.3005,0,0
npu::npu_rms_norm,,,70.24,89.67,0,10.1405,0,0
empty_tensor,,,7.11,7.11,0,0,0,0
empty_tensor,,,3.11,3.11,0,0,0,0
aclnnRmsNorm,,,9.21,9.21,10.1405,10.1405,0,0
aten::view,,,5.62,5.62,0,0,0,0
aten::unsqueeze,,,3.09,6.86,0,0,0,0
aten::as_strided,,,3.77,3.77,0,0,0,0
aten::slice,,,3.19,5.37,0,0,0,0
aten::as_strided,,,2.18,2.18,0,0,0,0
aten::slice,,,1.01,2.68,0,0,0,0
aten::as_strided,,,1.67,1.67,0,0,0,0
_C_ascend::inplace_partial_rotary_mul,,,37.11,61.22,0,9.4805,0,0
aten::empty,,,3.23,13.56,0,0,0,0
empty_tensor,,,10.33,10.33,0,0,0,0
aclnnInplacePartialRotaryMul,,,10.55,10.55,9.4805,9.4805,0,0
_C_ascend::npu_scatter_nd_update_sk,,,31.43,53.85,0,29.0405,0,0
aten::empty,,,2.74,11.75,0,0,0,0
empty_tensor,,,9.01,9.01,0,0,0,0
aclnnScatterNdUpdateSk,,,10.67,10.67,29.0405,29.0405,0,0
aten::squeeze,,,8.5,12.91,0,0,0,0
aten::as_strided,,,4.41,4.41,0,0,0,0
aten::view,,,4.11,4.11,0,0,0,0
aten::view,,,2.29,2.29,0,0,0,0
_C_ascend::compressor,,,46.56,79.19,0,43.041,0,0
aten::empty,,,2.48,11.24,0,0,0,0
empty_tensor,,,8.76,8.76,0,0,0,0
aten::empty,,,2.12,10.66,0,0,0,0
empty_tensor,,,8.54,8.54,0,0,0,0
aclnnCompressor,,,10.73,10.73,43.041,43.041,0,0
_C_ascend::npu_scatter_nd_update_sk,,,31.48,52.73,0,15.4405,0,0
aten::empty,,,2.66,11.85,0,0,0,0
empty_tensor,,,9.19,9.19,0,0,0,0
aclnnScatterNdUpdateSk,,,9.4,9.4,15.4405,15.4405,0,0
_C_ascend::npu_sparse_attn_sharedkv,,,45.19,81.08,0,32.321,0,0
aten::empty,,,2.06,9.95,0,0,0,0
empty_tensor,,,7.89,7.89,0,0,0,0
aten::empty,,,1.19,3.11,0,0,0,0
empty_tensor,,,1.92,1.92,0,0,0,0
aten::empty,,,5.09,12.84,0,0,0,0
empty_tensor,,,7.75,7.75,0,0,0,0
aclnnSparseAttnSharedkv,,,9.99,9.99,32.321,32.321,0,0
destroy_event,,,2.26,2.26,0,0,0,0
aten::unsqueeze,,,3.96,8.94,0,0,0,0
aten::as_strided,,,4.98,4.98,0,0,0,0
aten::neg,,,14.76,30.2,0,1.1,0,0
empty_tensor,,,6.37,6.37,0,0,0,0
aclnnNeg,,,9.07,9.07,1.1,1.1,0,0
_C_ascend::inplace_partial_rotary_mul,,,35.59,57.21,0,5.44,0,0
aten::empty,,,2.79,12.22,0,0,0,0
empty_tensor,,,9.43,9.43,0,0,0,0
aclnnInplacePartialRotaryMul,,,9.4,9.4,5.44,5.44,0,0
aten::view,,,5.77,5.77,0,0,0,0
aten::permute,,,3.07,8.2,0,0,0,0
aten::as_strided,,,5.13,5.13,0,0,0,0
aten::contiguous,,,2.61,39.32,0,11.7805,0,0
aten::clone,,,4.54,36.71,0,11.7805,0,0
empty_tensor,,,6.01,6.01,0,0,0,0
aten::copy_,,,18.31,26.16,0,11.7805,0,0
aclnnInplaceCopy,,,7.85,7.85,11.7805,11.7805,0,0
aten::view,,,3.77,3.77,0,0,0,0
aten::empty_like,,,4.64,13.96,0,0,0,0
aten::empty_strided,,,6.68,9.32,0,0,0,0
empty_tensor,,,2.64,2.64,0,0,0,0
c10d::alltoall_base_,,,56.93,80.08,0,19.2205,0,0
record_event,,,10.57,10.57,0.02,0.02,0,0
wait_event,,,2.98,2.98,6.4605,6.4605,0,0
HcclAlltoAll,,,2.13,3.67,0,12.72,0,0
HcclAlltoAll,,,1.54,1.54,12.72,12.72,0,0
record_event,,,3.32,3.32,0.0,0.0,0,0
record_event,,,2.61,2.61,0.02,0.02,0,0
wait_event,,,4.45,4.45,0.0,0.0,0,0
destroy_event,,,1.48,1.48,0,0,0,0
aten::view,,,5.47,5.47,0,0,0,0
npu::npu_transpose_batchmatmul,,,38.01,58.37,0,33.261,0,0
empty_tensor,,,10.96,10.96,0,0,0,0
aclnnTransposeBatchMatMul,,,9.4,9.4,33.261,33.261,0,0
aten::reshape,,,1.52,6.46,0,0,0,0
aten::view,,,4.94,4.94,0,0,0,0
vllm::matmul_and_reduce,,,146.74,457.43,0,31.9205,0,0
vllm::unquantized_gemm,,,16.51,76.41,0,15.7605,0,0
aten::linear,,,4.3,59.9,0,15.7605,0,0
aten::t,,,5.57,14.95,0,0,0,0
aten::transpose,,,3.17,9.38,0,0,0,0
aten::as_strided,,,6.21,6.21,0,0,0,0
aten::matmul,,,18.85,40.65,0,15.7605,0,0
empty_tensor,,,10.43,10.43,0,0,0,0
aclnnMatmul,,,11.37,11.37,15.7605,15.7605,0,0
vllm::reduce_scatter,,,116.5,234.28,0,16.16,0,0
aten::movedim,,,1.58,10.22,0,0,0,0
aten::movedim,,,2.42,8.64,0,0,0,0
aten::permute,,,2.55,6.22,0,0,0,0
aten::as_strided,,,3.67,3.67,0,0,0,0
aten::empty,,,2.83,12.74,0,0,0,0
empty_tensor,,,9.91,9.91,0,0,0,0
c10d::_reduce_scatter_base_,,,52.88,79.2,0,16.14,0,0
record_event,,,12.3,12.3,0.02,0.02,0,0
wait_event,,,3.04,3.04,3.22,3.22,0,0
HcclReduceScatterBase,,,3.01,4.84,0,12.68,0,0
HcclReduceScatter,,,1.83,1.83,12.68,12.68,0,0
record_event,,,3.6,3.6,0.22,0.22,0,0
record_event,,,2.54,2.54,0.0,0.0,0,0
wait_event,,,3.13,3.13,0.02,0.02,0,0
destroy_event,,,1.6,1.6,0,0,0,0
aten::movedim,,,1.36,10.89,0,0,0,0
aten::movedim,,,2.3,9.53,0,0,0,0
aten::permute,,,2.77,7.23,0,0,0,0
aten::as_strided,,,4.46,4.46,0,0,0,0
aten::copy_,,,54.14,65.15,0,0.72,0,0
aclnnInplaceCopy,,,11.01,11.01,0.72,0.72,0,0
aten::unsqueeze,,,4.25,8.02,0,0,0,0
aten::as_strided,,,3.77,3.77,0,0,0,0
aten::unsqueeze,,,2.19,3.82,0,0,0,0
aten::as_strided,,,1.63,1.63,0,0,0,0
aten::unsqueeze,,,1.93,3.5,0,0,0,0
aten::as_strided,,,1.57,1.57,0,0,0,0
aten::detach,,,3.74,3.74,0,0,0,0
aten::reshape,,,4.32,7.74,0,0,0,0
aten::view,,,3.42,3.42,0,0,0,0
aten::unsqueeze,,,2.27,3.85,0,0,0,0
aten::as_strided,,,1.58,1.58,0,0,0,0
_C_ascend::npu_hc_post,,,38.04,74.53,0,7.78,0,0
aten::empty,,,2.69,13.25,0,0,0,0
empty_tensor,,,10.56,10.56,0,0,0,0
aten::empty,,,2.29,12.35,0,0,0,0
empty_tensor,,,10.06,10.06,0,0,0,0
aclnnHcPost,,,10.89,10.89,7.78,7.78,0,0
aten::squeeze,,,4.58,7.31,0,0,0,0
aten::as_strided,,,2.73,2.73,0,0,0,0
_C_ascend::npu_hc_pre_v2,,,36.57,72.82,0,31.761,0,0
aten::empty,,,2.28,8.62,0,0,0,0
empty_tensor,,,6.34,6.34,0,0,0,0
aten::empty,,,1.07,4.45,0,0,0,0
empty_tensor,,,3.38,3.38,0,0,0,0
aten::empty,,,1.04,3.65,0,0,0,0
empty_tensor,,,2.61,2.61,0,0,0,0
aten::empty,,,1.96,9.68,0,0,0,0
empty_tensor,,,7.72,7.72,0,0,0,0
aclnnHcPre,,,9.85,9.85,31.761,31.761,0,0
npu::npu_rms_norm,,,48.06,65.93,0,4.58,0,0
empty_tensor,,,5.83,5.83,0,0,0,0
empty_tensor,,,3.48,3.48,0,0,0,0
aclnnRmsNorm,,,8.56,8.56,4.58,4.58,0,0
aten::reshape,,,4.82,9.0,0,0,0,0
aten::view,,,4.18,4.18,0,0,0,0
vllm::moe_forward_shared,,,1904.97,4754.22,0,450.9485,0,0
aten::to,,,1.97,48.67,0,6.0005,0,0
aten::_to_copy,,,5.46,46.7,0,6.0005,0,0
aten::empty_strided,,,9.87,15.79,0,0,0,0
empty_tensor,,,5.92,5.92,0,0,0,0
aten::copy_,,,15.59,25.45,0,6.0005,0,0
aclnnInplaceCopy,,,9.86,9.86,6.0005,6.0005,0,0
Event::record,,,77.58,89.29,0,0.2,0,0
record_event,,,11.71,11.71,0.2,0.2,0,0
aten::linear,,,4.59,57.63,0,11.7205,0,0
aten::t,,,5.8,14.75,0,0,0,0
aten::transpose,,,2.79,8.95,0,0,0,0
aten::as_strided,,,6.16,6.16,0,0,0,0
aten::matmul,,,18.67,38.29,0,11.7205,0,0
empty_tensor,,,10.53,10.53,0,0,0,0
aclnnMatmul,,,9.09,9.09,11.7205,11.7205,0,0
Event::record,,,68.74,79.95,0,0.02,0,0
record_event,,,11.21,11.21,0.02,0.02,0,0
vllm::maybe_all_gather_and_maybe_unpad,,,44.44,299.68,0,42.24,0,0
vllm::all_gather,,,128.19,255.24,0,42.24,0,0
aten::empty,,,3.82,17.76,0,0,0,0
empty_tensor,,,13.94,13.94,0,0,0,0
c10d::_allgather_base_,,,54.58,81.78,0,35.88,0,0
record_event,,,13.56,13.56,0.02,0.02,0,0
wait_event,,,3.03,3.03,1.2,1.2,0,0
HcclAllgatherBase,,,3.06,4.94,0,34.42,0,0
HcclAllGather,,,1.88,1.88,34.42,34.42,0,0
record_event,,,3.42,3.42,0.22,0.22,0,0
record_event,,,2.25,2.25,0.02,0.02,0,0
wait_event,,,2.88,2.88,6.36,6.36,0,0
destroy_event,,,1.62,1.62,0,0,0,0
aten::reshape,,,1.77,8.17,0,0,0,0
aten::view,,,6.4,6.4,0,0,0,0
aten::movedim,,,1.48,10.82,0,0,0,0
aten::movedim,,,2.52,9.34,0,0,0,0
aten::permute,,,2.78,6.82,0,0,0,0
aten::as_strided,,,4.04,4.04,0,0,0,0
aten::reshape,,,0.83,4.02,0,0,0,0
aten::view,,,3.19,3.19,0,0,0,0
vllm::maybe_all_gather_and_maybe_unpad,,,40.02,272.86,0,16.94,0,0
vllm::all_gather,,,112.06,232.84,0,16.94,0,0
aten::empty,,,3.02,15.02,0,0,0,0
empty_tensor,,,12.0,12.0,0,0,0,0
c10d::_allgather_base_,,,49.62,76.97,0,5.54,0,0
record_event,,,12.95,12.95,0.02,0.02,0,0
wait_event,,,3.39,3.39,0.02,0.02,0,0
HcclAllgatherBase,,,3.19,4.86,0,5.46,0,0
HcclAllGather,,,1.67,1.67,5.46,5.46,0,0
record_event,,,3.38,3.38,0.02,0.02,0,0
record_event,,,2.77,2.77,0.02,0.02,0,0
wait_event,,,3.06,3.06,11.4,11.4,0,0
destroy_event,,,1.56,1.56,0,0,0,0
aten::reshape,,,1.39,6.58,0,0,0,0
aten::view,,,5.19,5.19,0,0,0,0
aten::movedim,,,1.42,10.96,0,0,0,0
aten::movedim,,,2.65,9.54,0,0,0,0
aten::permute,,,2.81,6.89,0,0,0,0
aten::as_strided,,,4.08,4.08,0,0,0,0
aten::reshape,,,0.89,6.63,0,0,0,0
aten::view,,,5.74,5.74,0,0,0,0
_C_ascend::moe_gating_top_k_hash,,,41.98,80.16,0,10.5005,0,0
aten::empty,,,2.85,15.32,0,0,0,0
empty_tensor,,,12.47,12.47,0,0,0,0
aten::empty,,,1.23,5.04,0,0,0,0
empty_tensor,,,3.81,3.81,0,0,0,0
aten::empty,,,1.12,4.82,0,0,0,0
empty_tensor,,,3.7,3.7,0,0,0,0
aclnnMoeGatingTopKHash,,,13.0,13.0,10.5005,10.5005,0,0
aten::to,,,1.72,47.21,0,0.94,0,0
aten::_to_copy,,,5.92,45.49,0,0.94,0,0
aten::empty_strided,,,8.4,13.56,0,0,0,0
empty_tensor,,,5.16,5.16,0,0,0,0
aten::copy_,,,17.14,26.01,0,0.94,0,0
aclnnInplaceCopy,,,8.87,8.87,0.94,0.94,0,0
aten::detach,,,4.22,4.22,0,0,0,0
aten::detach,,,1.18,1.18,0,0,0,0
Event::record,,,92.24,105.04,0,0.02,0,0
record_event,,,12.8,12.8,0.02,0.02,0,0
aten::index,,,32.6,57.16,0,24.0205,0,0
empty_tensor,,,6.75,6.75,0,0,0,0
empty_tensor,,,7.77,7.77,0,0,0,0
aclnnIndex,,,10.04,10.04,24.0205,24.0205,0,0
aten::ne,,,10.43,22.57,0,1.36,0,0
empty_tensor,,,5.58,5.58,0,0,0,0
aclnnNeScalar,,,6.56,6.56,1.36,1.36,0,0
aten::mul,,,14.42,24.94,0,2.2,0,0
empty_tensor,,,4.39,4.39,0,0,0,0
aclnnMul,,,6.13,6.13,2.2,2.2,0,0
npu::npu_moe_init_routing_v2,,,24.62,50.09,0,28.8805,0,0
empty_tensor,,,8.85,8.85,0,0,0,0
empty_tensor,,,3.47,3.47,0,0,0,0
empty_tensor,,,3.06,3.06,0,0,0,0
empty_tensor,,,2.86,2.86,0,0,0,0
aclnnMoeInitRoutingV3,,,7.23,7.23,28.8805,28.8805,0,0
aten::to,,,1.81,1.81,0,0,0,0
_C_ascend::grouped_matmul_swiglu_quant_v2,,,182.41,230.33,0,146.163,0,0
aten::empty,,,2.9,12.61,0,0,0,0
empty_tensor,,,9.71,9.71,0,0,0,0
aten::empty,,,1.3,4.73,0,0,0,0
empty_tensor,,,3.43,3.43,0,0,0,0
aten::empty,,,3.68,16.75,0,0,0,0
empty_tensor,,,13.07,13.07,0,0,0,0
aclnnGroupedMatmulSwigluQuantWeightNzV2,,,13.83,13.83,146.163,146.163,0,0
Event::record,,,77.21,90.98,0,0.22,0,0
record_event,,,13.77,13.77,0.22,0.22,0,0
npu::npu_grouped_matmul,,,41.54,68.85,0,82.3015,0,0
empty_tensor,,,14.98,14.98,0,0,0,0
npu::get_npu_format,,,1.75,1.75,0,0,0,0
aclnnGroupedMatmulWeightNz,,,10.58,10.58,82.3015,82.3015,0,0
Event::record,,,71.8,83.98,0,0.22,0,0
record_event,,,12.18,12.18,0.22,0.22,0,0
aten::abs,,,16.13,35.62,0,1.28,0,0
empty_tensor,,,10.68,10.68,0,0,0,0
aclnnAbs,,,8.81,8.81,1.28,1.28,0,0
npu::npu_moe_token_unpermute,,,71.78,89.31,0,12.7805,0,0
empty_tensor,,,7.93,7.93,0,0,0,0
aclnnMoeTokenUnpermute,,,9.6,9.6,12.7805,12.7805,0,0
vllm::maybe_pad_and_reduce,,,37.47,285.62,0,11.92,0,0
vllm::reduce_scatter,,,120.77,248.15,0,11.92,0,0
aten::movedim,,,1.55,13.03,0,0,0,0
aten::movedim,,,2.61,11.48,0,0,0,0
aten::permute,,,3.21,8.87,0,0,0,0
aten::as_strided,,,5.66,5.66,0,0,0,0
aten::empty,,,2.99,13.71,0,0,0,0
empty_tensor,,,10.72,10.72,0,0,0,0
c10d::_reduce_scatter_base_,,,54.16,83.32,0,11.9,0,0
record_event,,,13.31,13.31,0.2,0.2,0,0
wait_event,,,3.46,3.46,0.0,0.0,0,0
HcclReduceScatterBase,,,2.96,5.03,0,11.66,0,0
HcclReduceScatter,,,2.07,2.07,11.66,11.66,0,0
record_event,,,3.41,3.41,0.02,0.02,0,0
record_event,,,3.95,3.95,0.02,0.02,0,0
wait_event,,,2.91,2.91,0.02,0.02,0,0
destroy_event,,,1.7,1.7,0,0,0,0
aten::movedim,,,1.5,12.71,0,0,0,0
aten::movedim,,,2.61,11.21,0,0,0,0
aten::permute,,,3.13,8.6,0,0,0,0
aten::as_strided,,,5.47,5.47,0,0,0,0
Event::wait,,,63.86,78.84,0,0.02,0,0
wait_event,,,14.98,14.98,0.02,0.02,0,0
npu::npu_dynamic_quant,,,28.97,56.12,0,4.14,0,0
empty_tensor,,,12.78,12.78,0,0,0,0
empty_tensor,,,3.95,3.95,0,0,0,0
aclnnDynamicQuantV2,,,10.42,10.42,4.14,4.14,0,0
Event::wait,,,57.7,69.84,0,0.2,0,0
wait_event,,,12.14,12.14,0.2,0.2,0,0
npu::npu_quant_matmul,,,35.29,63.33,0,22.6005,0,0
empty_tensor,,,10.74,10.74,0,0,0,0
aten::empty,,,2.45,4.71,0,0,0,0
empty_tensor,,,2.26,2.26,0,0,0,0
aten::empty,,,1.06,2.92,0,0,0,0
empty_tensor,,,1.86,1.86,0,0,0,0
aclnnQuantMatmulWeightNz,,,9.67,9.67,22.6005,22.6005,0,0
Event::wait,,,56.91,68.07,0,0.2,0,0
wait_event,,,11.16,11.16,0.2,0.2,0,0
_C_ascend::npu_dequant_swiglu_quant,,,47.06,88.27,0,5.22,0,0
aten::empty,,,2.87,13.87,0,0,0,0
empty_tensor,,,11.0,11.0,0,0,0,0
aten::empty,,,1.3,4.91,0,0,0,0
empty_tensor,,,3.61,3.61,0,0,0,0
aten::empty,,,2.44,11.32,0,0,0,0
empty_tensor,,,8.88,8.88,0,0,0,0
aclnnDequantSwigluQuantV2,,,11.11,11.11,5.22,5.22,0,0
Event::wait,,,60.8,74.3,0,0.0,0,0
wait_event,,,13.5,13.5,0.0,0.0,0,0
npu::npu_quant_matmul,,,35.47,63.7,0,18.6005,0,0
empty_tensor,,,10.63,10.63,0,0,0,0
aten::empty,,,1.98,4.0,0,0,0,0
empty_tensor,,,2.02,2.02,0,0,0,0
aten::empty,,,0.92,2.46,0,0,0,0
empty_tensor,,,1.54,1.54,0,0,0,0
aclnnQuantMatmulWeightNz,,,11.14,11.14,18.6005,18.6005,0,0
Event::record,,,70.66,82.15,0,0.02,0,0
record_event,,,11.49,11.49,0.02,0.02,0,0
Event::wait,,,44.46,54.8,0,0.02,0,0
wait_event,,,10.34,10.34,0.02,0.02,0,0
destroy_event,,,6.02,6.02,0,0,0,0
destroy_event,,,6.19,6.19,0,0,0,0
destroy_event,,,2.58,2.58,0,0,0,0
destroy_event,,,4.37,4.37,0,0,0,0
destroy_event,,,1.78,1.78,0,0,0,0
destroy_event,,,1.74,1.74,0,0,0,0
aten::add,,,22.46,41.88,0,7.44,0,0
empty_tensor,,,11.2,11.2,0,0,0,0
aclnnAdd,,,8.22,8.22,7.44,7.44,0,0
vllm::maybe_all_reduce_tensor_model_parallel,,,25.88,25.88,0,0,0,0
aten::unsqueeze,,,5.04,9.31,0,0,0,0
aten::as_strided,,,4.27,4.27,0,0,0,0
aten::unsqueeze,,,2.31,4.23,0,0,0,0
aten::as_strided,,,1.92,1.92,0,0,0,0
aten::unsqueeze,,,1.98,3.6,0,0,0,0
aten::as_strided,,,1.62,1.62,0,0,0,0
aten::unsqueeze,,,1.95,3.41,0,0,0,0
aten::as_strided,,,1.46,1.46,0,0,0,0
_C_ascend::npu_hc_post,,,42.78,77.81,0,7.44,0,0
aten::empty,,,2.6,11.34,0,0,0,0
empty_tensor,,,8.74,8.74,0,0,0,0
aten::empty,,,2.31,13.46,0,0,0,0
empty_tensor,,,11.15,11.15,0,0,0,0
aclnnHcPost,,,10.23,10.23,7.44,7.44,0,0
aten::squeeze,,,4.7,7.48,0,0,0,0
aten::as_strided,,,2.78,2.78,0,0,0,0
_C_ascend::npu_hc_pre_v2,,,37.4,78.48,0,33.061,0,0
aten::empty,,,2.04,8.71,0,0,0,0
empty_tensor,,,6.67,6.67,0,0,0,0
aten::empty,,,1.29,7.85,0,0,0,0
empty_tensor,,,6.56,6.56,0,0,0,0
aten::empty,,,1.24,4.47,0,0,0,0
empty_tensor,,,3.23,3.23,0,0,0,0
aten::empty,,,2.13,9.82,0,0,0,0
empty_tensor,,,7.69,7.69,0,0,0,0
aclnnHcPre,,,10.23,10.23,33.061,33.061,0,0
npu::npu_rms_norm,,,48.86,67.11,0,4.68,0,0
empty_tensor,,,5.84,5.84,0,0,0,0
empty_tensor,,,3.78,3.78,0,0,0,0
aclnnRmsNorm,,,8.63,8.63,4.68,4.68,0,0
aten::empty,,,6.2,13.04,0,0,0,0
empty_tensor,,,6.84,6.84,0,0,0,0
aten::alias,,,4.02,4.02,0,0,0,0
vllm::dsa_forward,,,2180.58,5027.96,0,629.2535,0,0
aten::empty,,,3.6,14.11,0,0,0,0
empty_tensor,,,10.51,10.51,0,0,0,0
c10d::_allgather_base_,,,65.73,98.59,0,25.740000000000002,0,0
record_event,,,14.54,14.54,0.02,0.02,0,0
wait_event,,,5.02,5.02,14.96,14.96,0,0
HcclAllgatherBase,,,3.14,6.47,0,10.26,0,0
HcclAllGather,,,3.33,3.33,10.26,10.26,0,0
record_event,,,4.42,4.42,0.2,0.2,0,0
record_event,,,2.41,2.41,0.3,0.3,0,0
npu::npu_dynamic_quant,,,29.29,51.59,0,3.94,0,0
empty_tensor,,,10.12,10.12,0,0,0,0
empty_tensor,,,4.53,4.53,0,0,0,0
aclnnDynamicQuantV2,,,7.65,7.65,3.94,3.94,0,0
npu::npu_quant_matmul,,,31.76,54.97,0,17.0005,0,0
empty_tensor,,,6.69,6.69,0,0,0,0
aten::empty,,,2.24,4.33,0,0,0,0
empty_tensor,,,2.09,2.09,0,0,0,0
aten::empty,,,1.0,2.66,0,0,0,0
empty_tensor,,,1.66,1.66,0,0,0,0
aclnnQuantMatmulWeightNz,,,9.53,9.53,17.0005,17.0005,0,0
_C_ascend::npu_rms_norm_dynamic_quant,,,47.42,101.43,0,7.24,0,0
aten::empty_like,,,5.8,16.5,0,0,0,0
aten::empty_strided,,,7.39,10.7,0,0,0,0
empty_tensor,,,3.31,3.31,0,0,0,0
aten::empty,,,1.4,4.95,0,0,0,0
empty_tensor,,,3.55,3.55,0,0,0,0
aten::empty,,,0.96,4.19,0,0,0,0
empty_tensor,,,3.23,3.23,0,0,0,0
aten::empty_like,,,1.93,7.26,0,0,0,0
aten::empty_strided,,,3.5,5.33,0,0,0,0
empty_tensor,,,1.83,1.83,0,0,0,0
aten::empty,,,2.13,10.16,0,0,0,0
empty_tensor,,,8.03,8.03,0,0,0,0
aclnnRmsNormDynamicQuant,,,10.95,10.95,7.24,7.24,0,0
npu::npu_quant_matmul,,,29.65,50.66,0,39.7405,0,0
empty_tensor,,,6.24,6.24,0,0,0,0
aten::empty,,,1.66,3.61,0,0,0,0
empty_tensor,,,1.95,1.95,0,0,0,0
aten::empty,,,1.0,2.64,0,0,0,0
empty_tensor,,,1.64,1.64,0,0,0,0
aclnnQuantMatmulWeightNz,,,8.52,8.52,39.7405,39.7405,0,0
aten::unflatten,,,5.55,10.82,0,0,0,0
aten::view,,,5.27,5.27,0,0,0,0
aten::view,,,2.79,2.79,0,0,0,0
aten::empty_like,,,3.88,14.05,0,0,0,0
aten::empty_strided,,,6.8,10.17,0,0,0,0
empty_tensor,,,3.37,3.37,0,0,0,0
triton_rms_kernel,,,14.87,14.87,13.4605,13.4605,0,0
aten::view,,,7.89,7.89,0,0,0,0
aten::unsqueeze,,,3.1,7.56,0,0,0,0
aten::as_strided,,,4.46,4.46,0,0,0,0
_C_ascend::inplace_partial_rotary_mul,,,42.95,71.53,0,5.14,0,0
aten::empty,,,3.39,17.35,0,0,0,0
empty_tensor,,,13.96,13.96,0,0,0,0
aclnnInplacePartialRotaryMul,,,11.23,11.23,5.14,5.14,0,0
wait_event,,,4.63,4.63,0.0,0.0,0,0
aten::slice,,,4.31,8.22,0,0,0,0
aten::as_strided,,,3.91,3.91,0,0,0,0
npu::npu_dynamic_quant,,,28.91,53.4,0,7.1,0,0
empty_tensor,,,9.72,9.72,0,0,0,0
empty_tensor,,,4.53,4.53,0,0,0,0
aclnnDynamicQuantV2,,,10.24,10.24,7.1,7.1,0,0
npu::npu_quant_matmul,,,30.77,53.9,0,13.7405,0,0
empty_tensor,,,7.29,7.29,0,0,0,0
aten::empty,,,2.22,4.2,0,0,0,0
empty_tensor,,,1.98,1.98,0,0,0,0
aten::empty,,,0.98,2.52,0,0,0,0
empty_tensor,,,1.54,1.54,0,0,0,0
aclnnQuantMatmulWeightNz,,,9.12,9.12,13.7405,13.7405,0,0
npu::npu_rms_norm,,,53.93,72.8,0,10.26,0,0
empty_tensor,,,6.7,6.7,0,0,0,0
empty_tensor,,,3.18,3.18,0,0,0,0
aclnnRmsNorm,,,8.99,8.99,10.26,10.26,0,0
aten::view,,,5.61,5.61,0,0,0,0
aten::unsqueeze,,,2.88,6.71,0,0,0,0
aten::as_strided,,,3.83,3.83,0,0,0,0
aten::slice,,,3.13,5.26,0,0,0,0
aten::as_strided,,,2.13,2.13,0,0,0,0
aten::slice,,,2.42,4.29,0,0,0,0
aten::as_strided,,,1.87,1.87,0,0,0,0
_C_ascend::inplace_partial_rotary_mul,,,37.42,61.11,0,8.68,0,0
aten::empty,,,3.01,13.6,0,0,0,0
empty_tensor,,,10.59,10.59,0,0,0,0
aclnnInplacePartialRotaryMul,,,10.09,10.09,8.68,8.68,0,0
_C_ascend::npu_scatter_nd_update_sk,,,33.91,54.88,0,26.1605,0,0
aten::empty,,,2.52,11.83,0,0,0,0
empty_tensor,,,9.31,9.31,0,0,0,0
aclnnScatterNdUpdateSk,,,9.14,9.14,26.1605,26.1605,0,0
aten::squeeze,,,8.58,14.69,0,0,0,0
aten::as_strided,,,6.11,6.11,0,0,0,0
aten::view,,,4.29,4.29,0,0,0,0
aten::view,,,2.26,2.26,0,0,0,0
_C_ascend::compressor,,,48.15,83.84,0,53.521,0,0
aten::empty,,,2.6,11.54,0,0,0,0
empty_tensor,,,8.94,8.94,0,0,0,0
aten::empty,,,2.36,12.83,0,0,0,0
empty_tensor,,,10.47,10.47,0,0,0,0
aclnnCompressor,,,11.32,11.32,53.521,53.521,0,0
aten::reshape,,,1.7,7.0,0,0,0,0
aten::view,,,5.3,5.3,0,0,0,0
aten::linear,,,3.9,50.81,0,6.4805,0,0
aten::t,,,5.04,11.65,0,0,0,0
aten::transpose,,,2.8,6.61,0,0,0,0
aten::as_strided,,,3.81,3.81,0,0,0,0
aten::matmul,,,18.75,35.26,0,6.4805,0,0
empty_tensor,,,7.2,7.2,0,0,0,0
aclnnMatmul,,,9.31,9.31,6.4805,6.4805,0,0
aten::mul,,,15.55,31.48,0,0.96,0,0
empty_tensor,,,5.55,5.55,0,0,0,0
aten::item,,,1.82,3.33,0,0,0,0
aten::_local_scalar_dense,,,1.51,1.51,0,0,0,0
aclnnMuls,,,7.05,7.05,0.96,0.96,0,0
aten::alias,,,2.5,2.5,0,0,0,0
aten::reshape,,,1.12,4.77,0,0,0,0
aten::view,,,3.65,3.65,0,0,0,0
npu::npu_dynamic_quant,,,23.03,42.06,0,2.9605,0,0
empty_tensor,,,6.76,6.76,0,0,0,0
empty_tensor,,,3.96,3.96,0,0,0,0
aclnnDynamicQuantV2,,,8.31,8.31,2.9605,2.9605,0,0
aten::unsqueeze,,,3.13,7.08,0,0,0,0
aten::as_strided,,,3.95,3.95,0,0,0,0
_C_ascend::npu_scatter_nd_update_sk,,,35.95,60.45,0,18.8405,0,0
aten::empty,,,2.86,14.62,0,0,0,0
empty_tensor,,,11.76,11.76,0,0,0,0
aclnnScatterNdUpdateSk,,,9.88,9.88,18.8405,18.8405,0,0
aten::to,,,1.97,38.57,0,0.9,0,0
aten::_to_copy,,,4.88,36.6,0,0.9,0,0
aten::empty_strided,,,7.16,10.79,0,0,0,0
empty_tensor,,,3.63,3.63,0,0,0,0
aten::copy_,,,13.56,20.93,0,0.9,0,0
aclnnInplaceCopy,,,7.37,7.37,0.9,0.9,0,0
aten::unsqueeze,,,2.49,6.04,0,0,0,0
aten::as_strided,,,3.55,3.55,0,0,0,0
_C_ascend::npu_scatter_nd_update_sk,,,30.85,50.75,0,18.5405,0,0
aten::empty,,,1.96,10.77,0,0,0,0
empty_tensor,,,8.81,8.81,0,0,0,0
aclnnScatterNdUpdateSk,,,9.13,9.13,18.5405,18.5405,0,0
npu::npu_quant_matmul,,,29.89,51.6,0,15.5805,0,0
empty_tensor,,,7.13,7.13,0,0,0,0
aten::empty,,,1.79,3.71,0,0,0,0
empty_tensor,,,1.92,1.92,0,0,0,0
aten::empty,,,0.9,2.46,0,0,0,0
empty_tensor,,,1.56,1.56,0,0,0,0
aclnnQuantMatmulWeightNz,,,8.41,8.41,15.5805,15.5805,0,0
aten::view,,,4.86,4.86,0,0,0,0
aten::unsqueeze,,,2.64,6.14,0,0,0,0
aten::as_strided,,,3.5,3.5,0,0,0,0
_C_ascend::inplace_partial_rotary_mul,,,39.43,62.62,0,5.42,0,0
aten::empty,,,2.73,12.43,0,0,0,0
empty_tensor,,,9.7,9.7,0,0,0,0
aclnnInplacePartialRotaryMul,,,10.76,10.76,5.42,5.42,0,0
aten::reshape,,,1.72,6.62,0,0,0,0
aten::view,,,4.9,4.9,0,0,0,0
aten::linear,,,3.75,47.1,0,6.76,0,0
aten::t,,,5.21,11.68,0,0,0,0
aten::transpose,,,2.71,6.47,0,0,0,0
aten::as_strided,,,3.76,3.76,0,0,0,0
aten::matmul,,,16.67,31.67,0,6.76,0,0
empty_tensor,,,6.54,6.54,0,0,0,0
aclnnMatmul,,,8.46,8.46,6.76,6.76,0,0
aten::mul,,,14.82,31.43,0,5.44,0,0
empty_tensor,,,5.25,5.25,0,0,0,0
aten::item,,,1.64,3.02,0,0,0,0
aten::_local_scalar_dense,,,1.38,1.38,0,0,0,0
aclnnMuls,,,8.34,8.34,5.44,5.44,0,0
aten::alias,,,2.53,2.53,0,0,0,0
aten::reshape,,,1.32,5.22,0,0,0,0
aten::view,,,3.9,3.9,0,0,0,0
vllm::unquantized_gemm,,,17.7,68.08,0,9.74,0,0
aten::linear,,,3.87,50.38,0,9.74,0,0
aten::t,,,4.76,12.4,0,0,0,0
aten::transpose,,,2.92,7.64,0,0,0,0
aten::as_strided,,,4.72,4.72,0,0,0,0
aten::matmul,,,15.21,34.11,0,9.74,0,0
empty_tensor,,,8.16,8.16,0,0,0,0
aclnnMatmul,,,10.74,10.74,9.74,9.74,0,0
aten::mul,,,14.83,32.06,0,0.9,0,0
empty_tensor,,,6.74,6.74,0,0,0,0
aten::item,,,1.55,2.68,0,0,0,0
aten::_local_scalar_dense,,,1.13,1.13,0,0,0,0
aclnnMuls,,,7.81,7.81,0.9,0.9,0,0
npu::npu_dynamic_quant,,,23.19,41.06,0,6.4,0,0
empty_tensor,,,6.51,6.51,0,0,0,0
empty_tensor,,,3.98,3.98,0,0,0,0
aclnnDynamicQuantV2,,,7.38,7.38,6.4,6.4,0,0
aten::to,,,1.79,37.04,0,1.0605,0,0
aten::_to_copy,,,5.7,35.25,0,1.0605,0,0
aten::empty_strided,,,7.06,10.34,0,0,0,0
empty_tensor,,,3.28,3.28,0,0,0,0
aten::copy_,,,11.76,19.21,0,1.0605,0,0
aclnnInplaceCopy,,,7.45,7.45,1.0605,1.0605,0,0
aten::to,,,1.06,29.87,0,0.96,0,0
aten::_to_copy,,,3.66,28.81,0,0.96,0,0
aten::empty_strided,,,5.68,8.88,0,0,0,0
empty_tensor,,,3.2,3.2,0,0,0,0
aten::copy_,,,9.71,16.27,0,0.96,0,0
aclnnInplaceCopy,,,6.56,6.56,0.96,0.96,0,0
aten::squeeze,,,7.22,12.34,0,0,0,0
aten::as_strided,,,5.12,5.12,0,0,0,0
aten::to,,,1.05,1.05,0,0,0,0
aten::slice,,,6.05,9.04,0,0,0,0
aten::as_strided,,,2.99,2.99,0,0,0,0
_C_ascend::npu_vllm_quant_lightning_indexer,,,52.95,87.33,0,79.142,0,0
aten::empty,,,2.19,9.81,0,0,0,0
empty_tensor,,,7.62,7.62,0,0,0,0
aten::empty,,,1.14,3.07,0,0,0,0
empty_tensor,,,1.93,1.93,0,0,0,0
aten::empty,,,2.1,11.3,0,0,0,0
empty_tensor,,,9.2,9.2,0,0,0,0
aclnnVllmQuantLightningIndexer,,,10.2,10.2,79.142,79.142,0,0
aten::squeeze,,,7.48,12.93,0,0,0,0
aten::as_strided,,,5.45,5.45,0,0,0,0
aten::view,,,4.54,4.54,0,0,0,0
aten::view,,,2.4,2.4,0,0,0,0
_C_ascend::compressor,,,46.55,79.56,0,60.7015,0,0
aten::empty,,,2.57,10.82,0,0,0,0
empty_tensor,,,8.25,8.25,0,0,0,0
aten::empty,,,2.18,11.24,0,0,0,0
empty_tensor,,,9.06,9.06,0,0,0,0
aclnnCompressor,,,10.95,10.95,60.7015,60.7015,0,0
_C_ascend::npu_scatter_nd_update_sk,,,32.72,53.95,0,18.6605,0,0
aten::empty,,,2.12,11.3,0,0,0,0
empty_tensor,,,9.18,9.18,0,0,0,0
aclnnScatterNdUpdateSk,,,9.93,9.93,18.6605,18.6605,0,0
_C_ascend::npu_sparse_attn_sharedkv,,,44.55,77.25,0,43.141,0,0
aten::empty,,,2.02,9.23,0,0,0,0
empty_tensor,,,7.21,7.21,0,0,0,0
aten::empty,,,1.1,3.0,0,0,0,0
empty_tensor,,,1.9,1.9,0,0,0,0
aten::empty,,,1.98,10.26,0,0,0,0
empty_tensor,,,8.28,8.28,0,0,0,0
aclnnSparseAttnSharedkv,,,10.21,10.21,43.141,43.141,0,0
destroy_event,,,2.63,2.63,0,0,0,0
aten::unsqueeze,,,3.82,8.46,0,0,0,0
aten::as_strided,,,4.64,4.64,0,0,0,0
aten::neg,,,14.06,29.54,0,0.92,0,0
empty_tensor,,,6.83,6.83,0,0,0,0
aclnnNeg,,,8.65,8.65,0.92,0.92,0,0
_C_ascend::inplace_partial_rotary_mul,,,35.51,57.13,0,5.26,0,0
aten::empty,,,2.97,12.44,0,0,0,0
empty_tensor,,,9.47,9.47,0,0,0,0
aclnnInplacePartialRotaryMul,,,9.18,9.18,5.26,5.26,0,0
aten::view,,,5.5,5.5,0,0,0,0
aten::permute,,,3.11,7.7,0,0,0,0
aten::as_strided,,,4.59,4.59,0,0,0,0
aten::contiguous,,,2.49,40.61,0,12.9605,0,0
aten::clone,,,4.95,38.12,0,12.9605,0,0
empty_tensor,,,5.93,5.93,0,0,0,0
aten::copy_,,,18.49,27.24,0,12.9605,0,0
aclnnInplaceCopy,,,8.75,8.75,12.9605,12.9605,0,0
aten::view,,,3.84,3.84,0,0,0,0
aten::empty_like,,,4.73,13.77,0,0,0,0
aten::empty_strided,,,6.44,9.04,0,0,0,0
empty_tensor,,,2.6,2.6,0,0,0,0
c10d::alltoall_base_,,,56.16,79.24,0,13.1605,0,0
record_event,,,10.78,10.78,0.0205,0.0205,0,0
wait_event,,,3.03,3.03,0.02,0.02,0,0
HcclAlltoAll,,,2.11,3.63,0,12.9,0,0
HcclAlltoAll,,,1.52,1.52,12.9,12.9,0,0
record_event,,,3.23,3.23,0.2,0.2,0,0
record_event,,,2.41,2.41,0.02,0.02,0,0
wait_event,,,2.94,2.94,0.02,0.02,0,0
destroy_event,,,1.53,1.53,0,0,0,0
aten::view,,,5.39,5.39,0,0,0,0
npu::npu_transpose_batchmatmul,,,31.0,52.29,0,33.0605,0,0
empty_tensor,,,11.39,11.39,0,0,0,0
aclnnTransposeBatchMatMul,,,9.9,9.9,33.0605,33.0605,0,0
aten::reshape,,,1.67,6.36,0,0,0,0
aten::view,,,4.69,4.69,0,0,0,0
vllm::matmul_and_reduce,,,146.86,460.18,0,28.840500000000002,0,0
vllm::unquantized_gemm,,,16.28,76.21,0,15.6005,0,0
aten::linear,,,4.31,59.93,0,15.6005,0,0
aten::t,,,5.54,14.55,0,0,0,0
aten::transpose,,,3.04,9.01,0,0,0,0
aten::as_strided,,,5.97,5.97,0,0,0,0
aten::matmul,,,19.73,41.07,0,15.6005,0,0
empty_tensor,,,10.29,10.29,0,0,0,0
aclnnMatmul,,,11.05,11.05,15.6005,15.6005,0,0
vllm::reduce_scatter,,,115.35,237.11,0,13.24,0,0
aten::movedim,,,1.71,13.7,0,0,0,0
aten::movedim,,,2.51,11.99,0,0,0,0
aten::permute,,,5.63,9.48,0,0,0,0
aten::as_strided,,,3.85,3.85,0,0,0,0
aten::empty,,,2.76,12.82,0,0,0,0
empty_tensor,,,10.06,10.06,0,0,0,0
c10d::_reduce_scatter_base_,,,53.38,79.31,0,13.22,0,0
record_event,,,11.94,11.94,0.02,0.02,0,0
wait_event,,,3.02,3.02,0.02,0.02,0,0
HcclReduceScatterBase,,,2.98,4.81,0,12.74,0,0
HcclReduceScatter,,,1.83,1.83,12.74,12.74,0,0
record_event,,,3.81,3.81,0.24,0.24,0,0
record_event,,,2.35,2.35,0.2,0.2,0,0
wait_event,,,2.9,2.9,0.02,0.02,0,0
destroy_event,,,1.8,1.8,0,0,0,0
aten::movedim,,,1.38,11.23,0,0,0,0
aten::movedim,,,2.35,9.85,0,0,0,0
aten::permute,,,2.67,7.5,0,0,0,0
aten::as_strided,,,4.83,4.83,0,0,0,0
aten::copy_,,,55.03,65.39,0,0.72,0,0
aclnnInplaceCopy,,,10.36,10.36,0.72,0.72,0,0
aten::unsqueeze,,,4.39,8.02,0,0,0,0
aten::as_strided,,,3.63,3.63,0,0,0,0
aten::unsqueeze,,,2.53,4.11,0,0,0,0
aten::as_strided,,,1.58,1.58,0,0,0,0
aten::unsqueeze,,,2.03,3.6,0,0,0,0
aten::as_strided,,,1.57,1.57,0,0,0,0
aten::detach,,,3.74,3.74,0,0,0,0
aten::reshape,,,4.39,8.01,0,0,0,0
aten::view,,,3.62,3.62,0,0,0,0
aten::unsqueeze,,,2.34,3.92,0,0,0,0
aten::as_strided,,,1.58,1.58,0,0,0,0
_C_ascend::npu_hc_post,,,38.12,74.9,0,7.96,0,0
aten::empty,,,2.88,13.66,0,0,0,0
empty_tensor,,,10.78,10.78,0,0,0,0
aten::empty,,,2.35,12.19,0,0,0,0
empty_tensor,,,9.84,9.84,0,0,0,0
aclnnHcPost,,,10.93,10.93,7.96,7.96,0,0
aten::squeeze,,,4.58,7.31,0,0,0,0
aten::as_strided,,,2.73,2.73,0,0,0,0
_C_ascend::npu_hc_pre_v2,,,37.15,74.66,0,40.741,0,0
aten::empty,,,2.03,8.79,0,0,0,0
empty_tensor,,,6.76,6.76,0,0,0,0
aten::empty,,,1.17,4.71,0,0,0,0
empty_tensor,,,3.54,3.54,0,0,0,0
aten::empty,,,0.97,3.91,0,0,0,0
empty_tensor,,,2.94,2.94,0,0,0,0
aten::empty,,,2.1,9.93,0,0,0,0
empty_tensor,,,7.83,7.83,0,0,0,0
aclnnHcPre,,,10.17,10.17,40.741,40.741,0,0
npu::npu_rms_norm,,,47.09,65.03,0,5.8605,0,0
empty_tensor,,,5.85,5.85,0,0,0,0
empty_tensor,,,3.4,3.4,0,0,0,0
aclnnRmsNorm,,,8.69,8.69,5.8605,5.8605,0,0
aten::reshape,,,4.65,8.9,0,0,0,0
aten::view,,,4.25,4.25,0,0,0,0
vllm::moe_forward_shared,,,1909.4,4753.62,0,456.92900000000003,0,0
aten::to,,,1.85,45.76,0,6.24,0,0
aten::_to_copy,,,5.48,43.91,0,6.24,0,0
aten::empty_strided,,,9.41,13.73,0,0,0,0
empty_tensor,,,4.32,4.32,0,0,0,0
aten::copy_,,,14.6,24.7,0,6.24,0,0
aclnnInplaceCopy,,,10.1,10.1,6.24,6.24,0,0
Event::record,,,80.6,92.95,0,0.2,0,0
record_event,,,12.35,12.35,0.2,0.2,0,0
aten::linear,,,4.66,58.39,0,11.32,0,0
aten::t,,,5.54,14.53,0,0,0,0
aten::transpose,,,2.83,8.99,0,0,0,0
aten::as_strided,,,6.16,6.16,0,0,0,0
aten::matmul,,,18.95,39.2,0,11.32,0,0
empty_tensor,,,10.62,10.62,0,0,0,0
aclnnMatmul,,,9.63,9.63,11.32,11.32,0,0
Event::record,,,73.1,84.5,0,0.0,0,0
record_event,,,11.4,11.4,0.0,0.0,0,0
vllm::maybe_all_gather_and_maybe_unpad,,,45.39,303.5,0,17.58,0,0
vllm::all_gather,,,129.57,258.11,0,17.58,0,0
aten::empty,,,3.84,17.6,0,0,0,0
empty_tensor,,,13.76,13.76,0,0,0,0
c10d::_allgather_base_,,,55.09,82.61,0,17.56,0,0
record_event,,,13.46,13.46,0.02,0.02,0,0
wait_event,,,3.15,3.15,6.0,6.0,0,0
HcclAllgatherBase,,,3.24,5.1,0,11.12,0,0
HcclAllGather,,,1.86,1.86,11.12,11.12,0,0
record_event,,,3.55,3.55,0.2,0.2,0,0
record_event,,,2.26,2.26,0.22,0.22,0,0
wait_event,,,3.12,3.12,0.02,0.02,0,0
destroy_event,,,1.57,1.57,0,0,0,0
aten::reshape,,,1.76,8.56,0,0,0,0
aten::view,,,6.8,6.8,0,0,0,0
aten::movedim,,,1.57,10.97,0,0,0,0
aten::movedim,,,2.59,9.4,0,0,0,0
aten::permute,,,2.77,6.81,0,0,0,0
aten::as_strided,,,4.04,4.04,0,0,0,0
aten::reshape,,,0.92,4.11,0,0,0,0
aten::view,,,3.19,3.19,0,0,0,0
vllm::maybe_all_gather_and_maybe_unpad,,,40.16,272.97,0,6.441,0,0
vllm::all_gather,,,112.4,232.81,0,6.441,0,0
aten::empty,,,2.97,15.12,0,0,0,0
empty_tensor,,,12.15,12.15,0,0,0,0
c10d::_allgather_base_,,,49.97,78.12,0,6.420999999999999,0,0
record_event,,,12.89,12.89,0.0,0.0,0,0
wait_event,,,2.87,2.87,0.86,0.86,0,0
HcclAllgatherBase,,,4.7,6.54,0,5.321,0,0
HcclAllGather,,,1.84,1.84,5.321,5.321,0,0
record_event,,,3.37,3.37,0.02,0.02,0,0
record_event,,,2.48,2.48,0.22,0.22,0,0
wait_event,,,4.23,4.23,0.02,0.02,0,0
destroy_event,,,1.56,1.56,0,0,0,0
aten::reshape,,,1.4,6.95,0,0,0,0
aten::view,,,5.55,5.55,0,0,0,0
aten::movedim,,,1.47,10.52,0,0,0,0
aten::movedim,,,2.36,9.05,0,0,0,0
aten::permute,,,2.76,6.69,0,0,0,0
aten::as_strided,,,3.93,3.93,0,0,0,0
aten::reshape,,,1.07,3.91,0,0,0,0
aten::view,,,2.84,2.84,0,0,0,0
_C_ascend::moe_gating_top_k_hash,,,42.5,80.99,0,11.6805,0,0
aten::empty,,,3.13,16.11,0,0,0,0
empty_tensor,,,12.98,12.98,0,0,0,0
aten::empty,,,1.31,4.96,0,0,0,0
empty_tensor,,,3.65,3.65,0,0,0,0
aten::empty,,,1.21,5.22,0,0,0,0
empty_tensor,,,4.01,4.01,0,0,0,0
aclnnMoeGatingTopKHash,,,12.2,12.2,11.6805,11.6805,0,0
aten::to,,,1.66,46.04,0,1.06,0,0
aten::_to_copy,,,5.68,44.38,0,1.06,0,0
aten::empty_strided,,,8.23,12.88,0,0,0,0
empty_tensor,,,4.65,4.65,0,0,0,0
aten::copy_,,,17.09,25.82,0,1.06,0,0
aclnnInplaceCopy,,,8.73,8.73,1.06,1.06,0,0
aten::detach,,,4.27,4.27,0,0,0,0
aten::detach,,,1.18,1.18,0,0,0,0
Event::record,,,79.46,92.25,0,0.22,0,0
record_event,,,12.79,12.79,0.22,0.22,0,0
aten::index,,,32.47,56.3,0,22.2805,0,0
empty_tensor,,,6.62,6.62,0,0,0,0
empty_tensor,,,7.55,7.55,0,0,0,0
aclnnIndex,,,9.66,9.66,22.2805,22.2805,0,0
aten::ne,,,11.52,23.1,0,1.34,0,0
empty_tensor,,,5.79,5.79,0,0,0,0
aclnnNeScalar,,,5.79,5.79,1.34,1.34,0,0
aten::mul,,,15.87,26.63,0,2.16,0,0
empty_tensor,,,4.6,4.6,0,0,0,0
aclnnMul,,,6.16,6.16,2.16,2.16,0,0
npu::npu_moe_init_routing_v2,,,23.8,48.54,0,30.7205,0,0
empty_tensor,,,8.49,8.49,0,0,0,0
empty_tensor,,,3.19,3.19,0,0,0,0
empty_tensor,,,2.8,2.8,0,0,0,0
empty_tensor,,,2.84,2.84,0,0,0,0
aclnnMoeInitRoutingV3,,,7.42,7.42,30.7205,30.7205,0,0
aten::to,,,1.69,1.69,0,0,0,0
_C_ascend::grouped_matmul_swiglu_quant_v2,,,180.11,228.54,0,165.8435,0,0
aten::empty,,,3.35,13.4,0,0,0,0
empty_tensor,,,10.05,10.05,0,0,0,0
aten::empty,,,1.25,4.77,0,0,0,0
empty_tensor,,,3.52,3.52,0,0,0,0
aten::empty,,,3.63,17.09,0,0,0,0
empty_tensor,,,13.46,13.46,0,0,0,0
aclnnGroupedMatmulSwigluQuantWeightNzV2,,,13.17,13.17,165.8435,165.8435,0,0
Event::record,,,78.8,91.94,0,0.02,0,0
record_event,,,13.14,13.14,0.02,0.02,0,0
npu::npu_grouped_matmul,,,39.94,67.06,0,98.642,0,0
empty_tensor,,,15.26,15.26,0,0,0,0
npu::get_npu_format,,,1.84,1.84,0,0,0,0
aclnnGroupedMatmulWeightNz,,,10.02,10.02,98.642,98.642,0,0
Event::record,,,73.43,85.51,0,0.22,0,0
record_event,,,12.08,12.08,0.22,0.22,0,0
aten::abs,,,15.61,35.84,0,1.04,0,0
empty_tensor,,,10.79,10.79,0,0,0,0
aclnnAbs,,,9.44,9.44,1.04,1.04,0,0
npu::npu_moe_token_unpermute,,,79.42,96.56,0,13.22,0,0
empty_tensor,,,7.8,7.8,0,0,0,0
aclnnMoeTokenUnpermute,,,9.34,9.34,13.22,13.22,0,0
vllm::maybe_pad_and_reduce,,,37.55,282.48,0,18.74,0,0
vllm::reduce_scatter,,,115.08,244.93,0,18.74,0,0
aten::movedim,,,1.7,13.46,0,0,0,0
aten::movedim,,,2.67,11.76,0,0,0,0
aten::permute,,,3.22,9.09,0,0,0,0
aten::as_strided,,,5.87,5.87,0,0,0,0
aten::empty,,,3.01,14.09,0,0,0,0
empty_tensor,,,11.08,11.08,0,0,0,0
c10d::_reduce_scatter_base_,,,55.98,85.75,0,12.02,0,0
record_event,,,13.49,13.49,0.22,0.22,0,0
wait_event,,,5.08,5.08,0.02,0.02,0,0
HcclReduceScatterBase,,,3.18,5.24,0,11.54,0,0
HcclReduceScatter,,,2.06,2.06,11.54,11.54,0,0
record_event,,,3.56,3.56,0.22,0.22,0,0
record_event,,,2.4,2.4,0.02,0.02,0,0
wait_event,,,3.07,3.07,6.72,6.72,0,0
destroy_event,,,1.66,1.66,0,0,0,0
aten::movedim,,,1.62,11.82,0,0,0,0
aten::movedim,,,2.4,10.2,0,0,0,0
aten::permute,,,2.91,7.8,0,0,0,0
aten::as_strided,,,4.89,4.89,0,0,0,0
Event::wait,,,64.25,78.03,0,0.2,0,0
wait_event,,,13.78,13.78,0.2,0.2,0,0
npu::npu_dynamic_quant,,,29.23,55.72,0,3.78,0,0
empty_tensor,,,12.49,12.49,0,0,0,0
empty_tensor,,,4.09,4.09,0,0,0,0
aclnnDynamicQuantV2,,,9.91,9.91,3.78,3.78,0,0
Event::wait,,,59.97,70.89,0,0.02,0,0
wait_event,,,10.92,10.92,0.02,0.02,0,0
npu::npu_quant_matmul,,,36.26,64.48,0,20.4405,0,0
empty_tensor,,,11.06,11.06,0,0,0,0
aten::empty,,,2.47,4.74,0,0,0,0
empty_tensor,,,2.27,2.27,0,0,0,0
aten::empty,,,0.95,2.66,0,0,0,0
empty_tensor,,,1.71,1.71,0,0,0,0
aclnnQuantMatmulWeightNz,,,9.76,9.76,20.4405,20.4405,0,0
Event::wait,,,56.5,68.3,0,0.2,0,0
wait_event,,,11.8,11.8,0.2,0.2,0,0
_C_ascend::npu_dequant_swiglu_quant,,,46.76,85.63,0,4.98,0,0
aten::empty,,,3.08,13.96,0,0,0,0
empty_tensor,,,10.88,10.88,0,0,0,0
aten::empty,,,1.23,4.64,0,0,0,0
empty_tensor,,,3.41,3.41,0,0,0,0
aten::empty,,,2.15,9.47,0,0,0,0
empty_tensor,,,7.32,7.32,0,0,0,0
aclnnDequantSwigluQuantV2,,,10.8,10.8,4.98,4.98,0,0
Event::wait,,,58.95,70.55,0,0.2,0,0
wait_event,,,11.6,11.6,0.2,0.2,0,0
npu::npu_quant_matmul,,,36.32,63.89,0,17.9205,0,0
empty_tensor,,,10.87,10.87,0,0,0,0
aten::empty,,,2.33,4.45,0,0,0,0
empty_tensor,,,2.12,2.12,0,0,0,0
aten::empty,,,0.98,2.53,0,0,0,0
empty_tensor,,,1.55,1.55,0,0,0,0
aclnnQuantMatmulWeightNz,,,9.72,9.72,17.9205,17.9205,0,0
Event::record,,,69.69,81.53,0,0.22,0,0
record_event,,,11.84,11.84,0.22,0.22,0,0
Event::wait,,,46.01,56.43,0,0.0,0,0
wait_event,,,10.42,10.42,0.0,0.0,0,0
destroy_event,,,6.12,6.12,0,0,0,0
destroy_event,,,6.29,6.29,0,0,0,0
destroy_event,,,3.34,3.34,0,0,0,0
destroy_event,,,1.52,1.52,0,0,0,0
destroy_event,,,2.88,2.88,0,0,0,0
destroy_event,,,1.63,1.63,0,0,0,0
aten::add,,,22.77,41.63,0,7.76,0,0
empty_tensor,,,11.25,11.25,0,0,0,0
aclnnAdd,,,7.61,7.61,7.76,7.76,0,0
vllm::maybe_all_reduce_tensor_model_parallel,,,25.2,25.2,0,0,0,0
aten::unsqueeze,,,6.33,11.15,0,0,0,0
aten::as_strided,,,4.82,4.82,0,0,0,0
aten::unsqueeze,,,2.33,4.44,0,0,0,0
aten::as_strided,,,2.11,2.11,0,0,0,0
aten::unsqueeze,,,2.01,3.57,0,0,0,0
aten::as_strided,,,1.56,1.56,0,0,0,0
aten::unsqueeze,,,2.91,4.43,0,0,0,0
aten::as_strided,,,1.52,1.52,0,0,0,0
_C_ascend::npu_hc_post,,,41.32,76.44,0,7.2605,0,0
aten::empty,,,2.66,11.27,0,0,0,0
empty_tensor,,,8.61,8.61,0,0,0,0
aten::empty,,,2.43,13.0,0,0,0,0
empty_tensor,,,10.57,10.57,0,0,0,0
aclnnHcPost,,,10.85,10.85,7.2605,7.2605,0,0
aten::squeeze,,,4.3,7.07,0,0,0,0
aten::as_strided,,,2.77,2.77,0,0,0,0
_C_ascend::npu_hc_pre_v2,,,38.21,75.79,0,31.201,0,0
aten::empty,,,2.14,8.86,0,0,0,0
empty_tensor,,,6.72,6.72,0,0,0,0
aten::empty,,,1.08,4.58,0,0,0,0
empty_tensor,,,3.5,3.5,0,0,0,0
aten::empty,,,1.0,3.81,0,0,0,0
empty_tensor,,,2.81,2.81,0,0,0,0
aten::empty,,,2.13,10.06,0,0,0,0
empty_tensor,,,7.93,7.93,0,0,0,0
aclnnHcPre,,,10.27,10.27,31.201,31.201,0,0
npu::npu_rms_norm,,,48.99,67.44,0,4.8,0,0
empty_tensor,,,6.85,6.85,0,0,0,0
empty_tensor,,,3.5,3.5,0,0,0,0
aclnnRmsNorm,,,8.1,8.1,4.8,4.8,0,0
aten::empty,,,5.99,12.41,0,0,0,0
empty_tensor,,,6.42,6.42,0,0,0,0
aten::alias,,,3.84,3.84,0,0,0,0
vllm::dsa_forward,,,1484.83,3393.46,0,342.987,0,0
aten::empty,,,3.33,13.38,0,0,0,0
empty_tensor,,,10.05,10.05,0,0,0,0
c10d::_allgather_base_,,,58.96,87.86,0,10.681,0,0
record_event,,,14.09,14.09,0.02,0.02,0,0
wait_event,,,3.45,3.45,0.02,0.02,0,0
HcclAllgatherBase,,,2.95,5.12,0,10.421,0,0
HcclAllGather,,,2.17,2.17,10.421,10.421,0,0
record_event,,,3.7,3.7,0.02,0.02,0,0
record_event,,,2.54,2.54,0.2,0.2,0,0
npu::npu_dynamic_quant,,,28.91,47.11,0,3.9005,0,0
empty_tensor,,,10.19,10.19,0,0,0,0
empty_tensor,,,4.69,4.69,0,0,0,0
aclnnDynamicQuantV2,,,3.32,3.32,3.9005,3.9005,0,0
npu::npu_quant_matmul,,,30.78,54.21,0,16.5205,0,0
empty_tensor,,,6.86,6.86,0,0,0,0
aten::empty,,,2.14,4.05,0,0,0,0
empty_tensor,,,1.91,1.91,0,0,0,0
aten::empty,,,0.95,2.49,0,0,0,0
empty_tensor,,,1.54,1.54,0,0,0,0
aclnnQuantMatmulWeightNz,,,10.03,10.03,16.5205,16.5205,0,0
_C_ascend::npu_rms_norm_dynamic_quant,,,47.21,105.09,0,6.68,0,0
aten::empty_like,,,5.37,16.25,0,0,0,0
aten::empty_strided,,,7.45,10.88,0,0,0,0
empty_tensor,,,3.43,3.43,0,0,0,0
aten::empty,,,1.57,8.06,0,0,0,0
empty_tensor,,,6.49,6.49,0,0,0,0
aten::empty,,,1.06,4.32,0,0,0,0
empty_tensor,,,3.26,3.26,0,0,0,0
aten::empty_like,,,2.22,7.7,0,0,0,0
aten::empty_strided,,,3.78,5.48,0,0,0,0
empty_tensor,,,1.7,1.7,0,0,0,0
aten::empty,,,2.11,10.6,0,0,0,0
empty_tensor,,,8.49,8.49,0,0,0,0
aclnnRmsNormDynamicQuant,,,10.95,10.95,6.68,6.68,0,0
npu::npu_quant_matmul,,,30.39,57.5,0,35.3605,0,0
empty_tensor,,,7.07,7.07,0,0,0,0
aten::empty,,,1.53,3.47,0,0,0,0
empty_tensor,,,1.94,1.94,0,0,0,0
aten::empty,,,0.99,2.64,0,0,0,0
empty_tensor,,,1.65,1.65,0,0,0,0
aclnnQuantMatmulWeightNz,,,13.93,13.93,35.3605,35.3605,0,0
aten::unflatten,,,5.48,11.23,0,0,0,0
aten::view,,,5.75,5.75,0,0,0,0
aten::view,,,2.6,2.6,0,0,0,0
aten::empty_like,,,4.25,14.94,0,0,0,0
aten::empty_strided,,,7.35,10.69,0,0,0,0
empty_tensor,,,3.34,3.34,0,0,0,0
triton_rms_kernel,,,14.69,14.69,13.04,13.04,0,0
aten::view,,,7.92,7.92,0,0,0,0
aten::unsqueeze,,,3.05,7.19,0,0,0,0
aten::as_strided,,,4.14,4.14,0,0,0,0
_C_ascend::inplace_partial_rotary_mul,,,42.23,71.32,0,5.1005,0,0
aten::empty,,,3.55,17.45,0,0,0,0
empty_tensor,,,13.9,13.9,0,0,0,0
aclnnInplacePartialRotaryMul,,,11.64,11.64,5.1005,5.1005,0,0
wait_event,,,4.74,4.74,0.02,0.02,0,0
aten::slice,,,4.03,8.19,0,0,0,0
aten::as_strided,,,4.16,4.16,0,0,0,0
npu::npu_dynamic_quant,,,28.3,52.14,0,7.04,0,0
empty_tensor,,,9.64,9.64,0,0,0,0
empty_tensor,,,4.56,4.56,0,0,0,0
aclnnDynamicQuantV2,,,9.64,9.64,7.04,7.04,0,0
npu::npu_quant_matmul,,,30.41,53.01,0,13.06,0,0
empty_tensor,,,7.04,7.04,0,0,0,0
aten::empty,,,2.18,4.16,0,0,0,0
empty_tensor,,,1.98,1.98,0,0,0,0
aten::empty,,,1.0,2.64,0,0,0,0
empty_tensor,,,1.64,1.64,0,0,0,0
aclnnQuantMatmulWeightNz,,,8.76,8.76,13.06,13.06,0,0
npu::npu_rms_norm,,,52.52,71.56,0,9.64,0,0
empty_tensor,,,6.42,6.42,0,0,0,0
empty_tensor,,,3.22,3.22,0,0,0,0
aclnnRmsNorm,,,9.4,9.4,9.64,9.64,0,0
aten::view,,,5.46,5.46,0,0,0,0
aten::unsqueeze,,,3.07,6.96,0,0,0,0
aten::as_strided,,,3.89,3.89,0,0,0,0
aten::slice,,,3.49,6.55,0,0,0,0
aten::as_strided,,,3.06,3.06,0,0,0,0
aten::slice,,,1.07,2.95,0,0,0,0
aten::as_strided,,,1.88,1.88,0,0,0,0
_C_ascend::inplace_partial_rotary_mul,,,38.97,64.44,0,9.16,0,0
aten::empty,,,3.27,14.5,0,0,0,0
empty_tensor,,,11.23,11.23,0,0,0,0
aclnnInplacePartialRotaryMul,,,10.97,10.97,9.16,9.16,0,0
_C_ascend::npu_scatter_nd_update_sk,,,32.62,54.27,0,27.9405,0,0
aten::empty,,,2.84,12.26,0,0,0,0
empty_tensor,,,9.42,9.42,0,0,0,0
aclnnScatterNdUpdateSk,,,9.39,9.39,27.9405,27.9405,0,0
aten::squeeze,,,8.56,13.33,0,0,0,0
aten::as_strided,,,4.77,4.77,0,0,0,0
aten::view,,,4.61,4.61,0,0,0,0
aten::view,,,2.26,2.26,0,0,0,0
_C_ascend::compressor,,,46.14,80.37,0,42.1605,0,0
aten::empty,,,2.63,11.37,0,0,0,0
empty_tensor,,,8.74,8.74,0,0,0,0
aten::empty,,,2.25,10.93,0,0,0,0
empty_tensor,,,8.68,8.68,0,0,0,0
aclnnCompressor,,,11.93,11.93,42.1605,42.1605,0,0
_C_ascend::npu_scatter_nd_update_sk,,,34.33,55.65,0,15.9405,0,0
aten::empty,,,2.4,11.68,0,0,0,0
empty_tensor,,,9.28,9.28,0,0,0,0
aclnnScatterNdUpdateSk,,,9.64,9.64,15.9405,15.9405,0,0
_C_ascend::npu_sparse_attn_sharedkv,,,44.46,78.05,0,29.561,0,0
aten::empty,,,2.19,10.41,0,0,0,0
empty_tensor,,,8.22,8.22,0,0,0,0
aten::empty,,,1.15,3.2,0,0,0,0
empty_tensor,,,2.05,2.05,0,0,0,0
aten::empty,,,2.1,9.88,0,0,0,0
empty_tensor,,,7.78,7.78,0,0,0,0
aclnnSparseAttnSharedkv,,,10.1,10.1,29.561,29.561,0,0
destroy_event,,,2.44,2.44,0,0,0,0
aten::unsqueeze,,,3.7,8.37,0,0,0,0
aten::as_strided,,,4.67,4.67,0,0,0,0
aten::neg,,,14.6,30.67,0,1.1805,0,0
empty_tensor,,,6.73,6.73,0,0,0,0
aclnnNeg,,,9.34,9.34,1.1805,1.1805,0,0
_C_ascend::inplace_partial_rotary_mul,,,36.76,58.16,0,5.14,0,0
aten::empty,,,2.78,12.54,0,0,0,0
empty_tensor,,,9.76,9.76,0,0,0,0
aclnnInplacePartialRotaryMul,,,8.86,8.86,5.14,5.14,0,0
aten::view,,,5.34,5.34,0,0,0,0
aten::permute,,,3.01,7.64,0,0,0,0
aten::as_strided,,,4.63,4.63,0,0,0,0
aten::contiguous,,,2.49,40.76,0,11.76,0,0
aten::clone,,,4.19,38.27,0,11.76,0,0
empty_tensor,,,5.93,5.93,0,0,0,0
aten::copy_,,,20.35,28.15,0,11.76,0,0
aclnnInplaceCopy,,,7.8,7.8,11.76,11.76,0,0
aten::view,,,3.44,3.44,0,0,0,0
aten::empty_like,,,4.6,13.86,0,0,0,0
aten::empty_strided,,,6.64,9.26,0,0,0,0
empty_tensor,,,2.62,2.62,0,0,0,0
c10d::alltoall_base_,,,56.6,80.01,0,13.200000000000001,0,0
record_event,,,10.38,10.38,0.02,0.02,0,0
wait_event,,,3.07,3.07,0.02,0.02,0,0
HcclAlltoAll,,,2.14,3.6,0,12.74,0,0
HcclAlltoAll,,,1.46,1.46,12.74,12.74,0,0
record_event,,,3.58,3.58,0.24,0.24,0,0
record_event,,,2.78,2.78,0.18,0.18,0,0
wait_event,,,3.19,3.19,0.02,0.02,0,0
destroy_event,,,1.59,1.59,0,0,0,0
aten::view,,,5.22,5.22,0,0,0,0
npu::npu_transpose_batchmatmul,,,30.25,51.31,0,34.561,0,0
empty_tensor,,,10.94,10.94,0,0,0,0
aclnnTransposeBatchMatMul,,,10.12,10.12,34.561,34.561,0,0
aten::reshape,,,1.63,6.31,0,0,0,0
aten::view,,,4.68,4.68,0,0,0,0
vllm::matmul_and_reduce,,,147.58,464.19,0,30.599999999999998,0,0
vllm::unquantized_gemm,,,16.89,79.74,0,16.56,0,0
aten::linear,,,4.42,62.85,0,16.56,0,0
aten::t,,,5.58,16.91,0,0,0,0
aten::transpose,,,5.38,11.33,0,0,0,0
aten::as_strided,,,5.95,5.95,0,0,0,0
aten::matmul,,,19.39,41.52,0,16.56,0,0
empty_tensor,,,10.96,10.96,0,0,0,0
aclnnMatmul,,,11.17,11.17,16.56,16.56,0,0
vllm::reduce_scatter,,,116.06,236.87,0,14.040000000000001,0,0
aten::movedim,,,1.5,11.13,0,0,0,0
aten::movedim,,,2.5,9.63,0,0,0,0
aten::permute,,,3.0,7.13,0,0,0,0
aten::as_strided,,,4.13,4.13,0,0,0,0
aten::empty,,,2.8,13.19,0,0,0,0
empty_tensor,,,10.39,10.39,0,0,0,0
c10d::_reduce_scatter_base_,,,54.28,80.55,0,12.58,0,0
record_event,,,12.35,12.35,0.2,0.2,0,0
wait_event,,,3.24,3.24,0.02,0.02,0,0
HcclReduceScatterBase,,,2.87,4.87,0,12.32,0,0
HcclReduceScatter,,,2.0,2.0,12.32,12.32,0,0
record_event,,,3.53,3.53,0.02,0.02,0,0
record_event,,,2.28,2.28,0.02,0.02,0,0
wait_event,,,2.82,2.82,1.46,1.46,0,0
destroy_event,,,1.8,1.8,0,0,0,0
aten::movedim,,,1.48,11.32,0,0,0,0
aten::movedim,,,2.39,9.84,0,0,0,0
aten::permute,,,2.78,7.45,0,0,0,0
aten::as_strided,,,4.67,4.67,0,0,0,0
aten::copy_,,,55.89,66.55,0,0.72,0,0
aclnnInplaceCopy,,,10.66,10.66,0.72,0.72,0,0
aten::unsqueeze,,,4.72,8.3,0,0,0,0
aten::as_strided,,,3.58,3.58,0,0,0,0
aten::unsqueeze,,,2.4,3.94,0,0,0,0
aten::as_strided,,,1.54,1.54,0,0,0,0
aten::unsqueeze,,,2.01,3.51,0,0,0,0
aten::as_strided,,,1.5,1.5,0,0,0,0
aten::detach,,,3.57,3.57,0,0,0,0
aten::reshape,,,4.19,7.65,0,0,0,0
aten::view,,,3.46,3.46,0,0,0,0
aten::unsqueeze,,,2.15,3.72,0,0,0,0
aten::as_strided,,,1.57,1.57,0,0,0,0
_C_ascend::npu_hc_post,,,38.99,76.23,0,7.5405,0,0
aten::empty,,,2.69,13.76,0,0,0,0
empty_tensor,,,11.07,11.07,0,0,0,0
aten::empty,,,2.46,12.61,0,0,0,0
empty_tensor,,,10.15,10.15,0,0,0,0
aclnnHcPost,,,10.87,10.87,7.5405,7.5405,0,0
aten::squeeze,,,4.47,7.01,0,0,0,0
aten::as_strided,,,2.54,2.54,0,0,0,0
_C_ascend::npu_hc_pre_v2,,,37.23,73.61,0,31.1005,0,0
aten::empty,,,1.81,8.18,0,0,0,0
empty_tensor,,,6.37,6.37,0,0,0,0
aten::empty,,,1.18,4.53,0,0,0,0
empty_tensor,,,3.35,3.35,0,0,0,0
aten::empty,,,1.21,4.13,0,0,0,0
empty_tensor,,,2.92,2.92,0,0,0,0
aten::empty,,,1.99,9.77,0,0,0,0
empty_tensor,,,7.78,7.78,0,0,0,0
aclnnHcPre,,,9.77,9.77,31.1005,31.1005,0,0
npu::npu_rms_norm,,,48.41,67.28,0,4.62,0,0
empty_tensor,,,5.84,5.84,0,0,0,0
empty_tensor,,,3.46,3.46,0,0,0,0
aclnnRmsNorm,,,9.57,9.57,4.62,4.62,0,0
aten::reshape,,,4.72,9.09,0,0,0,0
aten::view,,,4.37,4.37,0,0,0,0
vllm::moe_forward_shared,,,1911.88,4749.21,0,441.728,0,0
aten::to,,,2.12,45.74,0,5.9,0,0
aten::_to_copy,,,5.25,43.62,0,5.9,0,0
aten::empty_strided,,,9.43,13.95,0,0,0,0
empty_tensor,,,4.52,4.52,0,0,0,0
aten::copy_,,,14.74,24.42,0,5.9,0,0
aclnnInplaceCopy,,,9.68,9.68,5.9,5.9,0,0
Event::record,,,78.83,90.6,0,0.2,0,0
record_event,,,11.77,11.77,0.2,0.2,0,0
aten::linear,,,4.29,60.65,0,12.66,0,0
aten::t,,,5.38,14.17,0,0,0,0
aten::transpose,,,2.98,8.79,0,0,0,0
aten::as_strided,,,5.81,5.81,0,0,0,0
aten::matmul,,,18.82,42.19,0,12.66,0,0
empty_tensor,,,13.97,13.97,0,0,0,0
aclnnMatmul,,,9.4,9.4,12.66,12.66,0,0
Event::record,,,70.85,82.2,0,0.02,0,0
record_event,,,11.35,11.35,0.02,0.02,0,0
vllm::maybe_all_gather_and_maybe_unpad,,,43.65,299.06,0,14.92,0,0
vllm::all_gather,,,128.07,255.41,0,14.92,0,0
aten::empty,,,3.8,17.59,0,0,0,0
empty_tensor,,,13.79,13.79,0,0,0,0
c10d::_allgather_base_,,,54.85,82.01,0,14.9,0,0
record_event,,,13.38,13.38,0.02,0.02,0,0
wait_event,,,3.09,3.09,4.84,4.84,0,0
HcclAllgatherBase,,,2.95,4.76,0,9.84,0,0
HcclAllGather,,,1.81,1.81,9.84,9.84,0,0
record_event,,,3.5,3.5,0.2,0.2,0,0
record_event,,,2.43,2.43,0.0,0.0,0,0
wait_event,,,3.0,3.0,0.02,0.02,0,0
destroy_event,,,1.73,1.73,0,0,0,0
aten::reshape,,,1.84,8.23,0,0,0,0
aten::view,,,6.39,6.39,0,0,0,0
aten::movedim,,,1.51,10.73,0,0,0,0
aten::movedim,,,2.53,9.22,0,0,0,0
aten::permute,,,2.8,6.69,0,0,0,0
aten::as_strided,,,3.89,3.89,0,0,0,0
aten::reshape,,,0.85,4.05,0,0,0,0
aten::view,,,3.2,3.2,0,0,0,0
vllm::maybe_all_gather_and_maybe_unpad,,,39.83,277.14,0,5.7,0,0
vllm::all_gather,,,114.03,237.31,0,5.7,0,0
aten::empty,,,3.2,15.71,0,0,0,0
empty_tensor,,,12.51,12.51,0,0,0,0
c10d::_allgather_base_,,,50.54,81.02,0,5.680000000000001,0,0
record_event,,,12.69,12.69,0.02,0.02,0,0
wait_event,,,2.91,2.91,0.02,0.02,0,0
HcclAllgatherBase,,,5.94,7.79,0,5.4,0,0
HcclAllGather,,,1.85,1.85,5.4,5.4,0,0
record_event,,,4.56,4.56,0.22,0.22,0,0
record_event,,,2.53,2.53,0.02,0.02,0,0
wait_event,,,3.16,3.16,0.02,0.02,0,0
destroy_event,,,1.71,1.71,0,0,0,0
aten::reshape,,,1.56,7.12,0,0,0,0
aten::view,,,5.56,5.56,0,0,0,0
aten::movedim,,,1.55,10.82,0,0,0,0
aten::movedim,,,2.4,9.27,0,0,0,0
aten::permute,,,2.8,6.87,0,0,0,0
aten::as_strided,,,4.07,4.07,0,0,0,0
aten::reshape,,,0.86,3.74,0,0,0,0
aten::view,,,2.88,2.88,0,0,0,0
_C_ascend::moe_gating_top_k_hash,,,42.03,80.01,0,10.8005,0,0
aten::empty,,,2.98,16.0,0,0,0,0
empty_tensor,,,13.02,13.02,0,0,0,0
aten::empty,,,1.21,5.23,0,0,0,0
empty_tensor,,,4.02,4.02,0,0,0,0
aten::empty,,,1.05,4.73,0,0,0,0
empty_tensor,,,3.68,3.68,0,0,0,0
aclnnMoeGatingTopKHash,,,12.02,12.02,10.8005,10.8005,0,0
aten::to,,,1.84,48.62,0,0.88,0,0
aten::_to_copy,,,5.9,46.78,0,0.88,0,0
aten::empty_strided,,,8.57,13.9,0,0,0,0
empty_tensor,,,5.33,5.33,0,0,0,0
aten::copy_,,,17.55,26.98,0,0.88,0,0
aclnnInplaceCopy,,,9.43,9.43,0.88,0.88,0,0
aten::detach,,,4.0,4.0,0,0,0,0
aten::detach,,,1.2,1.2,0,0,0,0
Event::record,,,77.34,90.14,0,0.24,0,0
record_event,,,12.8,12.8,0.24,0.24,0,0
aten::index,,,32.24,66.39,0,21.8005,0,0
empty_tensor,,,6.39,6.39,0,0,0,0
empty_tensor,,,8.01,8.01,0,0,0,0
aclnnIndex,,,19.75,19.75,21.8005,21.8005,0,0
aten::ne,,,11.63,24.55,0,1.38,0,0
empty_tensor,,,5.7,5.7,0,0,0,0
aclnnNeScalar,,,7.22,7.22,1.38,1.38,0,0
aten::mul,,,14.66,24.76,0,2.1399999999999997,0,0
empty_tensor,,,4.57,4.57,0,0,0,0
aclnnMul,,,5.53,5.53,2.1399999999999997,2.1399999999999997,0,0
npu::npu_moe_init_routing_v2,,,24.66,50.99,0,27.9405,0,0
empty_tensor,,,8.74,8.74,0,0,0,0
empty_tensor,,,3.69,3.69,0,0,0,0
empty_tensor,,,3.16,3.16,0,0,0,0
empty_tensor,,,2.96,2.96,0,0,0,0
aclnnMoeInitRoutingV3,,,7.78,7.78,27.9405,27.9405,0,0
aten::to,,,1.59,1.59,0,0,0,0
_C_ascend::grouped_matmul_swiglu_quant_v2,,,179.77,228.35,0,166.3835,0,0
aten::empty,,,3.15,12.81,0,0,0,0
empty_tensor,,,9.66,9.66,0,0,0,0
aten::empty,,,1.28,4.84,0,0,0,0
empty_tensor,,,3.56,3.56,0,0,0,0
aten::empty,,,3.64,17.37,0,0,0,0
empty_tensor,,,13.73,13.73,0,0,0,0
aclnnGroupedMatmulSwigluQuantWeightNzV2,,,13.56,13.56,166.3835,166.3835,0,0
Event::record,,,81.81,96.16,0,0.0,0,0
record_event,,,14.35,14.35,0.0,0.0,0,0
npu::npu_grouped_matmul,,,40.58,67.77,0,88.442,0,0
empty_tensor,,,15.29,15.29,0,0,0,0
npu::get_npu_format,,,1.75,1.75,0,0,0,0
aclnnGroupedMatmulWeightNz,,,10.15,10.15,88.442,88.442,0,0
Event::record,,,72.81,85.42,0,0.22,0,0
record_event,,,12.61,12.61,0.22,0.22,0,0
aten::abs,,,16.0,36.25,0,1.08,0,0
empty_tensor,,,10.88,10.88,0,0,0,0
aclnnAbs,,,9.37,9.37,1.08,1.08,0,0
npu::npu_moe_token_unpermute,,,69.2,85.66,0,17.76,0,0
empty_tensor,,,7.83,7.83,0,0,0,0
aclnnMoeTokenUnpermute,,,8.63,8.63,17.76,17.76,0,0
vllm::maybe_pad_and_reduce,,,37.51,276.84,0,14.42,0,0
vllm::reduce_scatter,,,114.6,239.33,0,14.42,0,0
aten::movedim,,,1.58,13.18,0,0,0,0
aten::movedim,,,2.65,11.6,0,0,0,0
aten::permute,,,3.34,8.95,0,0,0,0
aten::as_strided,,,5.61,5.61,0,0,0,0
aten::empty,,,2.95,13.14,0,0,0,0
empty_tensor,,,10.19,10.19,0,0,0,0
c10d::_reduce_scatter_base_,,,54.64,81.64,0,14.4,0,0
record_event,,,13.21,13.21,0.02,0.02,0,0
wait_event,,,3.15,3.15,2.48,2.48,0,0
HcclReduceScatterBase,,,2.85,4.74,0,11.9,0,0
HcclReduceScatter,,,1.89,1.89,11.9,11.9,0,0
record_event,,,3.46,3.46,0.0,0.0,0,0
record_event,,,2.44,2.44,0.0,0.0,0,0
wait_event,,,3.37,3.37,0.02,0.02,0,0
destroy_event,,,1.81,1.81,0,0,0,0
aten::movedim,,,1.4,11.59,0,0,0,0
aten::movedim,,,2.27,10.19,0,0,0,0
aten::permute,,,3.01,7.92,0,0,0,0
aten::as_strided,,,4.91,4.91,0,0,0,0
Event::wait,,,63.82,77.13,0,0.2,0,0
wait_event,,,13.31,13.31,0.2,0.2,0,0
npu::npu_dynamic_quant,,,29.15,56.47,0,3.98,0,0
empty_tensor,,,12.94,12.94,0,0,0,0
empty_tensor,,,3.87,3.87,0,0,0,0
aclnnDynamicQuantV2,,,10.51,10.51,3.98,3.98,0,0
Event::wait,,,58.38,70.56,0,0.02,0,0
wait_event,,,12.18,12.18,0.02,0.02,0,0
npu::npu_quant_matmul,,,34.98,62.99,0,20.4,0,0
empty_tensor,,,11.39,11.39,0,0,0,0
aten::empty,,,2.27,4.39,0,0,0,0
empty_tensor,,,2.12,2.12,0,0,0,0
aten::empty,,,1.03,2.89,0,0,0,0
empty_tensor,,,1.86,1.86,0,0,0,0
aclnnQuantMatmulWeightNz,,,9.34,9.34,20.4,20.4,0,0
Event::wait,,,57.11,67.3,0,0.2,0,0
wait_event,,,10.19,10.19,0.2,0.2,0,0
_C_ascend::npu_dequant_swiglu_quant,,,46.95,85.93,0,4.8405,0,0
aten::empty,,,2.94,13.54,0,0,0,0
empty_tensor,,,10.6,10.6,0,0,0,0
aten::empty,,,1.35,4.93,0,0,0,0
empty_tensor,,,3.58,3.58,0,0,0,0
aten::empty,,,2.26,9.63,0,0,0,0
empty_tensor,,,7.37,7.37,0,0,0,0
aclnnDequantSwigluQuantV2,,,10.88,10.88,4.8405,4.8405,0,0
Event::wait,,,60.17,71.11,0,0.0,0,0
wait_event,,,10.94,10.94,0.0,0.0,0,0
npu::npu_quant_matmul,,,35.7,63.03,0,19.1605,0,0
empty_tensor,,,10.75,10.75,0,0,0,0
aten::empty,,,2.38,4.54,0,0,0,0
empty_tensor,,,2.16,2.16,0,0,0,0
aten::empty,,,0.95,2.53,0,0,0,0
empty_tensor,,,1.58,1.58,0,0,0,0
aclnnQuantMatmulWeightNz,,,9.51,9.51,19.1605,19.1605,0,0
Event::record,,,69.66,82.2,0,0.02,0,0
record_event,,,12.54,12.54,0.02,0.02,0,0
Event::wait,,,45.22,54.81,0,0.02,0,0
wait_event,,,9.59,9.59,0.02,0.02,0,0
destroy_event,,,6.14,6.14,0,0,0,0
destroy_event,,,6.38,6.38,0,0,0,0
destroy_event,,,3.24,3.24,0,0,0,0
destroy_event,,,1.84,1.84,0,0,0,0
destroy_event,,,2.45,2.45,0,0,0,0
destroy_event,,,1.66,1.66,0,0,0,0
aten::add,,,22.4,40.84,0,7.44,0,0
empty_tensor,,,11.19,11.19,0,0,0,0
aclnnAdd,,,7.25,7.25,7.44,7.44,0,0
vllm::maybe_all_reduce_tensor_model_parallel,,,25.96,25.96,0,0,0,0
aten::unsqueeze,,,5.02,9.19,0,0,0,0
aten::as_strided,,,4.17,4.17,0,0,0,0
aten::unsqueeze,,,2.53,4.57,0,0,0,0
aten::as_strided,,,2.04,2.04,0,0,0,0
aten::unsqueeze,,,2.03,3.45,0,0,0,0
aten::as_strided,,,1.42,1.42,0,0,0,0
aten::unsqueeze,,,1.93,3.35,0,0,0,0
aten::as_strided,,,1.42,1.42,0,0,0,0
_C_ascend::npu_hc_post,,,40.86,74.79,0,7.2,0,0
aten::empty,,,2.45,11.32,0,0,0,0
empty_tensor,,,8.87,8.87,0,0,0,0
aten::empty,,,2.28,12.23,0,0,0,0
empty_tensor,,,9.95,9.95,0,0,0,0
aclnnHcPost,,,10.38,10.38,7.2,7.2,0,0
aten::squeeze,,,4.48,7.05,0,0,0,0
aten::as_strided,,,2.57,2.57,0,0,0,0
_C_ascend::npu_hc_pre_v2,,,36.43,72.26,0,31.261,0,0
aten::empty,,,2.05,8.44,0,0,0,0
empty_tensor,,,6.39,6.39,0,0,0,0
aten::empty,,,1.09,4.34,0,0,0,0
empty_tensor,,,3.25,3.25,0,0,0,0
aten::empty,,,1.14,3.92,0,0,0,0
empty_tensor,,,2.78,2.78,0,0,0,0
aten::empty,,,1.88,9.45,0,0,0,0
empty_tensor,,,7.57,7.57,0,0,0,0
aclnnHcPre,,,9.68,9.68,31.261,31.261,0,0
npu::npu_rms_norm,,,50.13,68.43,0,4.6005,0,0
empty_tensor,,,5.93,5.93,0,0,0,0
empty_tensor,,,3.44,3.44,0,0,0,0
aclnnRmsNorm,,,8.93,8.93,4.6005,4.6005,0,0
aten::empty,,,5.76,12.41,0,0,0,0
empty_tensor,,,6.65,6.65,0,0,0,0
aten::alias,,,3.91,3.91,0,0,0,0
vllm::dsa_forward,,,2174.78,5016.16,0,606.9715,0,0
aten::empty,,,2.97,12.91,0,0,0,0
empty_tensor,,,9.94,9.94,0,0,0,0
c10d::_allgather_base_,,,56.04,88.06,0,11.06,0,0
record_event,,,14.67,14.67,0.4,0.4,0,0
wait_event,,,3.17,3.17,0.02,0.02,0,0
HcclAllgatherBase,,,3.17,7.98,0,10.64,0,0
HcclAllGather,,,4.81,4.81,10.64,10.64,0,0
record_event,,,3.62,3.62,0.0,0.0,0,0
record_event,,,2.58,2.58,0.0,0.0,0,0
npu::npu_dynamic_quant,,,31.33,49.14,0,3.9,0,0
empty_tensor,,,9.79,9.79,0,0,0,0
empty_tensor,,,4.55,4.55,0,0,0,0
aclnnDynamicQuantV2,,,3.47,3.47,3.9,3.9,0,0
npu::npu_quant_matmul,,,32.6,57.7,0,16.6,0,0
empty_tensor,,,6.75,6.75,0,0,0,0
aten::empty,,,2.26,4.24,0,0,0,0
empty_tensor,,,1.98,1.98,0,0,0,0
aten::empty,,,0.98,2.38,0,0,0,0
empty_tensor,,,1.4,1.4,0,0,0,0
aclnnQuantMatmulWeightNz,,,11.73,11.73,16.6,16.6,0,0
_C_ascend::npu_rms_norm_dynamic_quant,,,48.06,101.66,0,6.9005,0,0
aten::empty_like,,,5.24,16.02,0,0,0,0
aten::empty_strided,,,7.51,10.78,0,0,0,0
empty_tensor,,,3.27,3.27,0,0,0,0
aten::empty,,,1.37,4.81,0,0,0,0
empty_tensor,,,3.44,3.44,0,0,0,0
aten::empty,,,1.07,4.01,0,0,0,0
empty_tensor,,,2.94,2.94,0,0,0,0
aten::empty_like,,,1.86,7.2,0,0,0,0
aten::empty_strided,,,3.65,5.34,0,0,0,0
empty_tensor,,,1.69,1.69,0,0,0,0
aten::empty,,,2.29,10.57,0,0,0,0
empty_tensor,,,8.28,8.28,0,0,0,0
aclnnRmsNormDynamicQuant,,,10.99,10.99,6.9005,6.9005,0,0
npu::npu_quant_matmul,,,31.81,53.62,0,35.1205,0,0
empty_tensor,,,6.66,6.66,0,0,0,0
aten::empty,,,1.74,3.64,0,0,0,0
empty_tensor,,,1.9,1.9,0,0,0,0
aten::empty,,,0.95,2.41,0,0,0,0
empty_tensor,,,1.46,1.46,0,0,0,0
aclnnQuantMatmulWeightNz,,,9.1,9.1,35.1205,35.1205,0,0
aten::unflatten,,,5.82,11.22,0,0,0,0
aten::view,,,5.4,5.4,0,0,0,0
aten::view,,,2.76,2.76,0,0,0,0
aten::empty_like,,,4.17,14.1,0,0,0,0
aten::empty_strided,,,6.64,9.93,0,0,0,0
empty_tensor,,,3.29,3.29,0,0,0,0
triton_rms_kernel,,,14.29,14.29,13.5,13.5,0,0
aten::view,,,7.97,7.97,0,0,0,0
aten::unsqueeze,,,3.04,7.42,0,0,0,0
aten::as_strided,,,4.38,4.38,0,0,0,0
_C_ascend::inplace_partial_rotary_mul,,,43.04,71.96,0,5.24,0,0
aten::empty,,,3.34,17.56,0,0,0,0
empty_tensor,,,14.22,14.22,0,0,0,0
aclnnInplacePartialRotaryMul,,,11.36,11.36,5.24,5.24,0,0
wait_event,,,4.55,4.55,0.02,0.02,0,0
aten::slice,,,4.16,8.18,0,0,0,0
aten::as_strided,,,4.02,4.02,0,0,0,0
npu::npu_dynamic_quant,,,30.86,54.86,0,7.1605,0,0
empty_tensor,,,9.77,9.77,0,0,0,0
empty_tensor,,,4.52,4.52,0,0,0,0
aclnnDynamicQuantV2,,,9.71,9.71,7.1605,7.1605,0,0
npu::npu_quant_matmul,,,30.5,53.45,0,13.72,0,0
empty_tensor,,,7.88,7.88,0,0,0,0
aten::empty,,,2.19,4.08,0,0,0,0
empty_tensor,,,1.89,1.89,0,0,0,0
aten::empty,,,0.93,2.32,0,0,0,0
empty_tensor,,,1.39,1.39,0,0,0,0
aclnnQuantMatmulWeightNz,,,8.67,8.67,13.72,13.72,0,0
npu::npu_rms_norm,,,53.75,72.28,0,10.2805,0,0
empty_tensor,,,6.39,6.39,0,0,0,0
empty_tensor,,,3.22,3.22,0,0,0,0
aclnnRmsNorm,,,8.92,8.92,10.2805,10.2805,0,0
aten::view,,,5.6,5.6,0,0,0,0
aten::unsqueeze,,,2.97,6.86,0,0,0,0
aten::as_strided,,,3.89,3.89,0,0,0,0
aten::slice,,,3.17,5.47,0,0,0,0
aten::as_strided,,,2.3,2.3,0,0,0,0
aten::slice,,,0.97,2.82,0,0,0,0
aten::as_strided,,,1.85,1.85,0,0,0,0
_C_ascend::inplace_partial_rotary_mul,,,37.44,61.84,0,8.9605,0,0
aten::empty,,,3.27,13.53,0,0,0,0
empty_tensor,,,10.26,10.26,0,0,0,0
aclnnInplacePartialRotaryMul,,,10.87,10.87,8.9605,8.9605,0,0
_C_ascend::npu_scatter_nd_update_sk,,,32.03,53.09,0,26.6605,0,0
aten::empty,,,2.78,11.55,0,0,0,0
empty_tensor,,,8.77,8.77,0,0,0,0
aclnnScatterNdUpdateSk,,,9.51,9.51,26.6605,26.6605,0,0
aten::squeeze,,,10.44,16.16,0,0,0,0
aten::as_strided,,,5.72,5.72,0,0,0,0
aten::view,,,4.19,4.19,0,0,0,0
aten::view,,,2.26,2.26,0,0,0,0
_C_ascend::compressor,,,48.26,81.45,0,52.301,0,0
aten::empty,,,2.28,11.3,0,0,0,0
empty_tensor,,,9.02,9.02,0,0,0,0
aten::empty,,,2.02,10.78,0,0,0,0
empty_tensor,,,8.76,8.76,0,0,0,0
aclnnCompressor,,,11.11,11.11,52.301,52.301,0,0
aten::reshape,,,1.69,6.77,0,0,0,0
aten::view,,,5.08,5.08,0,0,0,0
aten::linear,,,3.71,51.08,0,5.74,0,0
aten::t,,,4.93,11.73,0,0,0,0
aten::transpose,,,3.02,6.8,0,0,0,0
aten::as_strided,,,3.78,3.78,0,0,0,0
aten::matmul,,,19.37,35.64,0,5.74,0,0
empty_tensor,,,6.9,6.9,0,0,0,0
aclnnMatmul,,,9.37,9.37,5.74,5.74,0,0
aten::mul,,,14.83,30.57,0,1.2,0,0
empty_tensor,,,5.15,5.15,0,0,0,0
aten::item,,,2.02,3.83,0,0,0,0
aten::_local_scalar_dense,,,1.81,1.81,0,0,0,0
aclnnMuls,,,6.76,6.76,1.2,1.2,0,0
aten::alias,,,2.55,2.55,0,0,0,0
aten::reshape,,,1.44,5.1,0,0,0,0
aten::view,,,3.66,3.66,0,0,0,0
npu::npu_dynamic_quant,,,23.88,42.07,0,2.9205,0,0
empty_tensor,,,6.54,6.54,0,0,0,0
empty_tensor,,,3.74,3.74,0,0,0,0
aclnnDynamicQuantV2,,,7.91,7.91,2.9205,2.9205,0,0
aten::unsqueeze,,,3.25,6.78,0,0,0,0
aten::as_strided,,,3.53,3.53,0,0,0,0
_C_ascend::npu_scatter_nd_update_sk,,,35.6,57.06,0,19.5005,0,0
aten::empty,,,3.07,11.67,0,0,0,0
empty_tensor,,,8.6,8.6,0,0,0,0
aclnnScatterNdUpdateSk,,,9.79,9.79,19.5005,19.5005,0,0
aten::to,,,1.72,39.11,0,1.18,0,0
aten::_to_copy,,,5.32,37.39,0,1.18,0,0
aten::empty_strided,,,7.38,10.91,0,0,0,0
empty_tensor,,,3.53,3.53,0,0,0,0
aten::copy_,,,13.64,21.16,0,1.18,0,0
aclnnInplaceCopy,,,7.52,7.52,1.18,1.18,0,0
aten::unsqueeze,,,2.64,6.49,0,0,0,0
aten::as_strided,,,3.85,3.85,0,0,0,0
_C_ascend::npu_scatter_nd_update_sk,,,30.05,49.45,0,18.12,0,0
aten::empty,,,2.44,10.9,0,0,0,0
empty_tensor,,,8.46,8.46,0,0,0,0
aclnnScatterNdUpdateSk,,,8.5,8.5,18.12,18.12,0,0
npu::npu_quant_matmul,,,31.08,53.43,0,16.78,0,0
empty_tensor,,,7.55,7.55,0,0,0,0
aten::empty,,,1.86,3.95,0,0,0,0
empty_tensor,,,2.09,2.09,0,0,0,0
aten::empty,,,1.06,2.52,0,0,0,0
empty_tensor,,,1.46,1.46,0,0,0,0
aclnnQuantMatmulWeightNz,,,8.33,8.33,16.78,16.78,0,0
aten::view,,,5.21,5.21,0,0,0,0
aten::unsqueeze,,,2.76,6.46,0,0,0,0
aten::as_strided,,,3.7,3.7,0,0,0,0
_C_ascend::inplace_partial_rotary_mul,,,39.23,60.87,0,5.3,0,0
aten::empty,,,2.57,11.7,0,0,0,0
empty_tensor,,,9.13,9.13,0,0,0,0
aclnnInplacePartialRotaryMul,,,9.94,9.94,5.3,5.3,0,0
aten::reshape,,,1.65,6.69,0,0,0,0
aten::view,,,5.04,5.04,0,0,0,0
aten::linear,,,3.63,46.52,0,6.14,0,0
aten::t,,,5.24,11.52,0,0,0,0
aten::transpose,,,2.7,6.28,0,0,0,0
aten::as_strided,,,3.58,3.58,0,0,0,0
aten::matmul,,,16.16,31.37,0,6.14,0,0
empty_tensor,,,7.1,7.1,0,0,0,0
aclnnMatmul,,,8.11,8.11,6.14,6.14,0,0
aten::mul,,,14.05,29.11,0,5.3405,0,0
empty_tensor,,,5.23,5.23,0,0,0,0
aten::item,,,1.73,3.05,0,0,0,0
aten::_local_scalar_dense,,,1.32,1.32,0,0,0,0
aclnnMuls,,,6.78,6.78,5.3405,5.3405,0,0
aten::alias,,,2.54,2.54,0,0,0,0
aten::reshape,,,1.23,4.85,0,0,0,0
aten::view,,,3.62,3.62,0,0,0,0
vllm::unquantized_gemm,,,17.99,65.39,0,11.48,0,0
aten::linear,,,3.68,47.4,0,11.48,0,0
aten::t,,,4.82,12.24,0,0,0,0
aten::transpose,,,2.66,7.42,0,0,0,0
aten::as_strided,,,4.76,4.76,0,0,0,0
aten::matmul,,,15.17,31.48,0,11.48,0,0
empty_tensor,,,7.24,7.24,0,0,0,0
aclnnMatmul,,,9.07,9.07,11.48,11.48,0,0
aten::mul,,,14.76,30.72,0,0.96,0,0
empty_tensor,,,6.26,6.26,0,0,0,0
aten::item,,,1.49,2.68,0,0,0,0
aten::_local_scalar_dense,,,1.19,1.19,0,0,0,0
aclnnMuls,,,7.02,7.02,0.96,0.96,0,0
npu::npu_dynamic_quant,,,23.32,40.75,0,6.34,0,0
empty_tensor,,,6.23,6.23,0,0,0,0
empty_tensor,,,4.02,4.02,0,0,0,0
aclnnDynamicQuantV2,,,7.18,7.18,6.34,6.34,0,0
aten::to,,,1.7,40.63,0,1.02,0,0
aten::_to_copy,,,9.04,38.93,0,1.02,0,0
aten::empty_strided,,,7.03,10.29,0,0,0,0
empty_tensor,,,3.26,3.26,0,0,0,0
aten::copy_,,,12.18,19.6,0,1.02,0,0
aclnnInplaceCopy,,,7.42,7.42,1.02,1.02,0,0
aten::to,,,0.82,28.19,0,1.36,0,0
aten::_to_copy,,,3.48,27.37,0,1.36,0,0
aten::empty_strided,,,5.53,8.6,0,0,0,0
empty_tensor,,,3.07,3.07,0,0,0,0
aten::copy_,,,9.5,15.29,0,1.36,0,0
aclnnInplaceCopy,,,5.79,5.79,1.36,1.36,0,0
aten::squeeze,,,7.31,12.49,0,0,0,0
aten::as_strided,,,5.18,5.18,0,0,0,0
aten::to,,,0.97,0.97,0,0,0,0
aten::slice,,,6.12,8.91,0,0,0,0
aten::as_strided,,,2.79,2.79,0,0,0,0
_C_ascend::npu_vllm_quant_lightning_indexer,,,52.28,86.42,0,78.7815,0,0
aten::empty,,,2.3,9.13,0,0,0,0
empty_tensor,,,6.83,6.83,0,0,0,0
aten::empty,,,1.09,3.03,0,0,0,0
empty_tensor,,,1.94,1.94,0,0,0,0
aten::empty,,,2.29,11.82,0,0,0,0
empty_tensor,,,9.53,9.53,0,0,0,0
aclnnVllmQuantLightningIndexer,,,10.16,10.16,78.7815,78.7815,0,0
aten::squeeze,,,7.8,13.25,0,0,0,0
aten::as_strided,,,5.45,5.45,0,0,0,0
aten::view,,,4.41,4.41,0,0,0,0
aten::view,,,2.29,2.29,0,0,0,0
_C_ascend::compressor,,,46.75,79.01,0,57.7215,0,0
aten::empty,,,2.39,10.56,0,0,0,0
empty_tensor,,,8.17,8.17,0,0,0,0
aten::empty,,,2.16,10.72,0,0,0,0
empty_tensor,,,8.56,8.56,0,0,0,0
aclnnCompressor,,,10.98,10.98,57.7215,57.7215,0,0
_C_ascend::npu_scatter_nd_update_sk,,,33.01,53.69,0,18.1005,0,0
aten::empty,,,2.18,11.01,0,0,0,0
empty_tensor,,,8.83,8.83,0,0,0,0
aclnnScatterNdUpdateSk,,,9.67,9.67,18.1005,18.1005,0,0
_C_ascend::npu_sparse_attn_sharedkv,,,45.4,77.76,0,41.961,0,0
aten::empty,,,2.04,8.96,0,0,0,0
empty_tensor,,,6.92,6.92,0,0,0,0
aten::empty,,,1.1,2.87,0,0,0,0
empty_tensor,,,1.77,1.77,0,0,0,0
aten::empty,,,2.09,10.71,0,0,0,0
empty_tensor,,,8.62,8.62,0,0,0,0
aclnnSparseAttnSharedkv,,,9.82,9.82,41.961,41.961,0,0
destroy_event,,,2.68,2.68,0,0,0,0
aten::unsqueeze,,,3.73,8.39,0,0,0,0
aten::as_strided,,,4.66,4.66,0,0,0,0
aten::neg,,,14.73,30.08,0,1.08,0,0
empty_tensor,,,6.56,6.56,0,0,0,0
aclnnNeg,,,8.79,8.79,1.08,1.08,0,0
_C_ascend::inplace_partial_rotary_mul,,,36.25,56.92,0,5.4205,0,0
aten::empty,,,2.52,11.92,0,0,0,0
empty_tensor,,,9.4,9.4,0,0,0,0
aclnnInplacePartialRotaryMul,,,8.75,8.75,5.4205,5.4205,0,0
aten::view,,,5.47,5.47,0,0,0,0
aten::permute,,,3.11,7.79,0,0,0,0
aten::as_strided,,,4.68,4.68,0,0,0,0
aten::contiguous,,,2.49,38.5,0,12.1,0,0
aten::clone,,,4.07,36.01,0,12.1,0,0
empty_tensor,,,5.77,5.77,0,0,0,0
aten::copy_,,,18.63,26.17,0,12.1,0,0
aclnnInplaceCopy,,,7.54,7.54,12.1,12.1,0,0
aten::view,,,3.9,3.9,0,0,0,0
aten::empty_like,,,4.79,14.19,0,0,0,0
aten::empty_strided,,,6.6,9.4,0,0,0,0
empty_tensor,,,2.8,2.8,0,0,0,0
c10d::alltoall_base_,,,57.03,79.99,0,13.46,0,0
record_event,,,10.35,10.35,0.02,0.02,0,0
wait_event,,,2.92,2.92,0.02,0.02,0,0
HcclAlltoAll,,,2.19,3.71,0,13.38,0,0
HcclAlltoAll,,,1.52,1.52,13.38,13.38,0,0
record_event,,,3.56,3.56,0.02,0.02,0,0
record_event,,,2.42,2.42,0.02,0.02,0,0
wait_event,,,3.09,3.09,0.02,0.02,0,0
destroy_event,,,1.7,1.7,0,0,0,0
aten::view,,,4.98,4.98,0,0,0,0
npu::npu_transpose_batchmatmul,,,33.29,54.65,0,32.1005,0,0
empty_tensor,,,10.92,10.92,0,0,0,0
aclnnTransposeBatchMatMul,,,10.44,10.44,32.1005,32.1005,0,0
aten::reshape,,,1.6,6.09,0,0,0,0
aten::view,,,4.49,4.49,0,0,0,0
vllm::matmul_and_reduce,,,154.46,474.31,0,30.7005,0,0
vllm::unquantized_gemm,,,16.77,77.72,0,16.7205,0,0
aten::linear,,,4.23,60.95,0,16.7205,0,0
aten::t,,,5.45,15.21,0,0,0,0
aten::transpose,,,3.27,9.76,0,0,0,0
aten::as_strided,,,6.49,6.49,0,0,0,0
aten::matmul,,,19.79,41.51,0,16.7205,0,0
empty_tensor,,,10.84,10.84,0,0,0,0
aclnnMatmul,,,10.88,10.88,16.7205,16.7205,0,0
vllm::reduce_scatter,,,116.11,242.13,0,13.98,0,0
aten::movedim,,,1.51,10.54,0,0,0,0
aten::movedim,,,2.47,9.03,0,0,0,0
aten::permute,,,2.64,6.56,0,0,0,0
aten::as_strided,,,3.92,3.92,0,0,0,0
aten::empty,,,2.66,12.53,0,0,0,0
empty_tensor,,,9.87,9.87,0,0,0,0
c10d::_reduce_scatter_base_,,,54.77,82.13,0,13.959999999999999,0,0
record_event,,,13.33,13.33,0.02,0.02,0,0
wait_event,,,3.19,3.19,1.12,1.12,0,0
HcclReduceScatterBase,,,2.9,4.88,0,12.36,0,0
HcclReduceScatter,,,1.98,1.98,12.36,12.36,0,0
record_event,,,3.56,3.56,0.2,0.2,0,0
record_event,,,2.4,2.4,0.26,0.26,0,0
wait_event,,,6.04,6.04,0.02,0.02,0,0
destroy_event,,,3.05,3.05,0,0,0,0
aten::movedim,,,1.45,11.73,0,0,0,0
aten::movedim,,,2.57,10.28,0,0,0,0
aten::permute,,,3.0,7.71,0,0,0,0
aten::as_strided,,,4.71,4.71,0,0,0,0
aten::copy_,,,54.8,65.19,0,0.72,0,0
aclnnInplaceCopy,,,10.39,10.39,0.72,0.72,0,0
aten::unsqueeze,,,4.39,8.15,0,0,0,0
aten::as_strided,,,3.76,3.76,0,0,0,0
aten::unsqueeze,,,2.3,4.29,0,0,0,0
aten::as_strided,,,1.99,1.99,0,0,0,0
aten::unsqueeze,,,1.97,3.52,0,0,0,0
aten::as_strided,,,1.55,1.55,0,0,0,0
aten::detach,,,3.69,3.69,0,0,0,0
aten::reshape,,,4.12,7.65,0,0,0,0
aten::view,,,3.53,3.53,0,0,0,0
aten::unsqueeze,,,2.05,3.59,0,0,0,0
aten::as_strided,,,1.54,1.54,0,0,0,0
_C_ascend::npu_hc_post,,,38.59,74.76,0,7.7605,0,0
aten::empty,,,2.59,13.36,0,0,0,0
empty_tensor,,,10.77,10.77,0,0,0,0
aten::empty,,,2.08,12.28,0,0,0,0
empty_tensor,,,10.2,10.2,0,0,0,0
aclnnHcPost,,,10.53,10.53,7.7605,7.7605,0,0
aten::squeeze,,,4.68,7.16,0,0,0,0
aten::as_strided,,,2.48,2.48,0,0,0,0
_C_ascend::npu_hc_pre_v2,,,35.23,71.84,0,32.4205,0,0
aten::empty,,,2.02,8.38,0,0,0,0
empty_tensor,,,6.36,6.36,0,0,0,0
aten::empty,,,1.11,4.49,0,0,0,0
empty_tensor,,,3.38,3.38,0,0,0,0
aten::empty,,,1.09,4.06,0,0,0,0
empty_tensor,,,2.97,2.97,0,0,0,0
aten::empty,,,1.97,9.65,0,0,0,0
empty_tensor,,,7.68,7.68,0,0,0,0
aclnnHcPre,,,10.03,10.03,32.4205,32.4205,0,0
npu::npu_rms_norm,,,48.27,65.74,0,4.84,0,0
empty_tensor,,,5.49,5.49,0,0,0,0
empty_tensor,,,3.56,3.56,0,0,0,0
aclnnRmsNorm,,,8.42,8.42,4.84,4.84,0,0
aten::reshape,,,4.47,8.84,0,0,0,0
aten::view,,,4.37,4.37,0,0,0,0
vllm::moe_forward_shared,,,1918.73,4764.78,0,391.31,0,0
aten::to,,,1.87,45.54,0,6.0005,0,0
aten::_to_copy,,,5.39,43.67,0,6.0005,0,0
aten::empty_strided,,,9.45,14.0,0,0,0,0
empty_tensor,,,4.55,4.55,0,0,0,0
aten::copy_,,,14.96,24.28,0,6.0005,0,0
aclnnInplaceCopy,,,9.32,9.32,6.0005,6.0005,0,0
Event::record,,,82.52,94.41,0,0.2,0,0
record_event,,,11.89,11.89,0.2,0.2,0,0
aten::linear,,,4.54,57.89,0,11.3405,0,0
aten::t,,,5.4,14.08,0,0,0,0
aten::transpose,,,2.86,8.68,0,0,0,0
aten::as_strided,,,5.82,5.82,0,0,0,0
aten::matmul,,,19.61,39.27,0,11.3405,0,0
empty_tensor,,,10.73,10.73,0,0,0,0
aclnnMatmul,,,8.93,8.93,11.3405,11.3405,0,0
Event::record,,,71.01,82.36,0,0.0,0,0
record_event,,,11.35,11.35,0.0,0.0,0,0
vllm::maybe_all_gather_and_maybe_unpad,,,45.53,307.32,0,16.2205,0,0
vllm::all_gather,,,131.44,261.79,0,16.2205,0,0
aten::empty,,,3.85,17.63,0,0,0,0
empty_tensor,,,13.78,13.78,0,0,0,0
c10d::_allgather_base_,,,57.13,84.33,0,16.2205,0,0
record_event,,,13.01,13.01,0.02,0.02,0,0
wait_event,,,3.03,3.03,5.6405,5.6405,0,0
HcclAllgatherBase,,,3.14,5.03,0,10.34,0,0
HcclAllGather,,,1.89,1.89,10.34,10.34,0,0
record_event,,,3.82,3.82,0.02,0.02,0,0
record_event,,,2.31,2.31,0.2,0.2,0,0
wait_event,,,2.93,2.93,0.0,0.0,0,0
destroy_event,,,1.64,1.64,0,0,0,0
aten::reshape,,,1.8,8.48,0,0,0,0
aten::view,,,6.68,6.68,0,0,0,0
aten::movedim,,,1.66,11.33,0,0,0,0
aten::movedim,,,2.58,9.67,0,0,0,0
aten::permute,,,2.96,7.09,0,0,0,0
aten::as_strided,,,4.13,4.13,0,0,0,0
aten::reshape,,,1.0,4.01,0,0,0,0
aten::view,,,3.01,3.01,0,0,0,0
vllm::maybe_all_gather_and_maybe_unpad,,,40.09,276.77,0,10.2415,0,0
vllm::all_gather,,,113.72,236.68,0,10.2415,0,0
aten::empty,,,3.21,16.08,0,0,0,0
empty_tensor,,,12.87,12.87,0,0,0,0
c10d::_allgather_base_,,,50.3,77.36,0,10.2415,0,0
record_event,,,13.17,13.17,0.02,0.02,0,0
wait_event,,,3.07,3.07,5.0605,5.0605,0,0
HcclAllgatherBase,,,3.12,5.09,0,5.121,0,0
HcclAllGather,,,1.97,1.97,5.121,5.121,0,0
record_event,,,3.27,3.27,0.02,0.02,0,0
record_event,,,2.46,2.46,0.02,0.02,0,0
wait_event,,,2.95,2.95,0.0,0.0,0,0
destroy_event,,,1.58,1.58,0,0,0,0
aten::reshape,,,1.76,7.14,0,0,0,0
aten::view,,,5.38,5.38,0,0,0,0
aten::movedim,,,1.64,10.99,0,0,0,0
aten::movedim,,,2.55,9.35,0,0,0,0
aten::permute,,,2.8,6.8,0,0,0,0
aten::as_strided,,,4.0,4.0,0,0,0,0
aten::reshape,,,2.39,6.86,0,0,0,0
aten::view,,,4.47,4.47,0,0,0,0
_C_ascend::moe_gating_top_k_hash,,,42.57,81.23,0,10.3805,0,0
aten::empty,,,2.96,16.16,0,0,0,0
empty_tensor,,,13.2,13.2,0,0,0,0
aten::empty,,,1.37,5.39,0,0,0,0
empty_tensor,,,4.02,4.02,0,0,0,0
aten::empty,,,1.17,5.1,0,0,0,0
empty_tensor,,,3.93,3.93,0,0,0,0
aclnnMoeGatingTopKHash,,,12.01,12.01,10.3805,10.3805,0,0
aten::to,,,1.74,48.01,0,0.98,0,0
aten::_to_copy,,,6.22,46.27,0,0.98,0,0
aten::empty_strided,,,8.76,13.65,0,0,0,0
empty_tensor,,,4.89,4.89,0,0,0,0
aten::copy_,,,17.28,26.4,0,0.98,0,0
aclnnInplaceCopy,,,9.12,9.12,0.98,0.98,0,0
aten::detach,,,4.19,4.19,0,0,0,0
aten::detach,,,1.02,1.02,0,0,0,0
Event::record,,,77.34,90.37,0,0.22,0,0
record_event,,,13.03,13.03,0.22,0.22,0,0
aten::index,,,32.05,56.95,0,18.320500000000003,0,0
empty_tensor,,,6.67,6.67,0,0,0,0
empty_tensor,,,7.91,7.91,0,0,0,0
aclnnIndex,,,10.32,10.32,18.320500000000003,18.320500000000003,0,0
aten::ne,,,11.27,24.07,0,1.56,0,0
empty_tensor,,,6.15,6.15,0,0,0,0
aclnnNeScalar,,,6.65,6.65,1.56,1.56,0,0
aten::mul,,,15.81,26.42,0,2.1799999999999997,0,0
empty_tensor,,,4.74,4.74,0,0,0,0
aclnnMul,,,5.87,5.87,2.1799999999999997,2.1799999999999997,0,0
npu::npu_moe_init_routing_v2,,,24.28,49.19,0,32.6205,0,0
empty_tensor,,,8.5,8.5,0,0,0,0
empty_tensor,,,3.12,3.12,0,0,0,0
empty_tensor,,,2.97,2.97,0,0,0,0
empty_tensor,,,2.93,2.93,0,0,0,0
aclnnMoeInitRoutingV3,,,7.39,7.39,32.6205,32.6205,0,0
aten::to,,,1.57,1.57,0,0,0,0
_C_ascend::grouped_matmul_swiglu_quant_v2,,,180.2,228.14,0,127.4625,0,0
aten::empty,,,3.26,13.16,0,0,0,0
empty_tensor,,,9.9,9.9,0,0,0,0
aten::empty,,,1.33,4.72,0,0,0,0
empty_tensor,,,3.39,3.39,0,0,0,0
aten::empty,,,3.36,16.77,0,0,0,0
empty_tensor,,,13.41,13.41,0,0,0,0
aclnnGroupedMatmulSwigluQuantWeightNzV2,,,13.29,13.29,127.4625,127.4625,0,0
Event::record,,,77.85,91.7,0,0.02,0,0
record_event,,,13.85,13.85,0.02,0.02,0,0
npu::npu_grouped_matmul,,,41.19,67.7,0,75.2615,0,0
empty_tensor,,,15.09,15.09,0,0,0,0
npu::get_npu_format,,,1.72,1.72,0,0,0,0
aclnnGroupedMatmulWeightNz,,,9.7,9.7,75.2615,75.2615,0,0
Event::record,,,72.01,84.47,0,0.02,0,0
record_event,,,12.46,12.46,0.02,0.02,0,0
aten::abs,,,15.91,36.16,0,1.02,0,0
empty_tensor,,,11.0,11.0,0,0,0,0
aclnnAbs,,,9.25,9.25,1.02,1.02,0,0
npu::npu_moe_token_unpermute,,,68.61,85.07,0,12.92,0,0
empty_tensor,,,7.73,7.73,0,0,0,0
aclnnMoeTokenUnpermute,,,8.73,8.73,12.92,12.92,0,0
vllm::maybe_pad_and_reduce,,,43.79,290.32,0,16.5,0,0
vllm::reduce_scatter,,,116.07,246.53,0,16.5,0,0
aten::movedim,,,1.64,13.79,0,0,0,0
aten::movedim,,,2.7,12.15,0,0,0,0
aten::permute,,,3.51,9.45,0,0,0,0
aten::as_strided,,,5.94,5.94,0,0,0,0
aten::empty,,,3.11,14.22,0,0,0,0
empty_tensor,,,11.11,11.11,0,0,0,0
c10d::_reduce_scatter_base_,,,55.57,83.78,0,16.5,0,0
record_event,,,13.93,13.93,0.0,0.0,0,0
wait_event,,,3.06,3.06,3.8,3.8,0,0
HcclReduceScatterBase,,,2.88,4.83,0,12.68,0,0
HcclReduceScatter,,,1.95,1.95,12.68,12.68,0,0
record_event,,,3.96,3.96,0.0,0.0,0,0
record_event,,,2.43,2.43,0.02,0.02,0,0
wait_event,,,5.35,5.35,0.0,0.0,0,0
destroy_event,,,2.04,2.04,0,0,0,0
aten::movedim,,,1.39,11.28,0,0,0,0
aten::movedim,,,2.43,9.89,0,0,0,0
aten::permute,,,2.82,7.46,0,0,0,0
aten::as_strided,,,4.64,4.64,0,0,0,0
Event::wait,,,63.92,77.48,0,0.02,0,0
wait_event,,,13.56,13.56,0.02,0.02,0,0
npu::npu_dynamic_quant,,,29.78,56.96,0,3.9205,0,0
empty_tensor,,,12.56,12.56,0,0,0,0
empty_tensor,,,4.16,4.16,0,0,0,0
aclnnDynamicQuantV2,,,10.46,10.46,3.9205,3.9205,0,0
Event::wait,,,57.12,69.86,0,0.22,0,0
wait_event,,,12.74,12.74,0.22,0.22,0,0
npu::npu_quant_matmul,,,34.38,62.46,0,19.0205,0,0
empty_tensor,,,10.74,10.74,0,0,0,0
aten::empty,,,2.27,4.67,0,0,0,0
empty_tensor,,,2.4,2.4,0,0,0,0
aten::empty,,,0.97,2.64,0,0,0,0
empty_tensor,,,1.67,1.67,0,0,0,0
aclnnQuantMatmulWeightNz,,,10.03,10.03,19.0205,19.0205,0,0
Event::wait,,,55.59,67.41,0,0.02,0,0
wait_event,,,11.82,11.82,0.02,0.02,0,0
_C_ascend::npu_dequant_swiglu_quant,,,46.83,87.94,0,5.4,0,0
aten::empty,,,4.35,14.93,0,0,0,0
empty_tensor,,,10.58,10.58,0,0,0,0
aten::empty,,,1.17,4.67,0,0,0,0
empty_tensor,,,3.5,3.5,0,0,0,0
aten::empty,,,2.08,9.92,0,0,0,0
empty_tensor,,,7.84,7.84,0,0,0,0
aclnnDequantSwigluQuantV2,,,11.59,11.59,5.4,5.4,0,0
Event::wait,,,59.46,71.89,0,0.02,0,0
wait_event,,,12.43,12.43,0.02,0.02,0,0
npu::npu_quant_matmul,,,35.86,65.33,0,19.0005,0,0
empty_tensor,,,10.85,10.85,0,0,0,0
aten::empty,,,2.06,4.3,0,0,0,0
empty_tensor,,,2.24,2.24,0,0,0,0
aten::empty,,,0.95,2.36,0,0,0,0
empty_tensor,,,1.41,1.41,0,0,0,0
aclnnQuantMatmulWeightNz,,,11.96,11.96,19.0005,19.0005,0,0
Event::record,,,69.33,81.18,0,0.02,0,0
record_event,,,11.85,11.85,0.02,0.02,0,0
Event::wait,,,45.08,54.73,0,0.2,0,0
wait_event,,,9.65,9.65,0.2,0.2,0,0
destroy_event,,,6.1,6.1,0,0,0,0
destroy_event,,,6.29,6.29,0,0,0,0
destroy_event,,,1.82,1.82,0,0,0,0
destroy_event,,,1.5,1.5,0,0,0,0
destroy_event,,,1.29,1.29,0,0,0,0
destroy_event,,,2.94,2.94,0,0,0,0
aten::add,,,23.15,42.1,0,8.1,0,0
empty_tensor,,,11.12,11.12,0,0,0,0
aclnnAdd,,,7.83,7.83,8.1,8.1,0,0
vllm::maybe_all_reduce_tensor_model_parallel,,,25.12,25.12,0,0,0,0
aten::unsqueeze,,,5.12,8.96,0,0,0,0
aten::as_strided,,,3.84,3.84,0,0,0,0
aten::unsqueeze,,,2.25,4.15,0,0,0,0
aten::as_strided,,,1.9,1.9,0,0,0,0
aten::unsqueeze,,,1.92,3.47,0,0,0,0
aten::as_strided,,,1.55,1.55,0,0,0,0
aten::unsqueeze,,,1.95,3.5,0,0,0,0
aten::as_strided,,,1.55,1.55,0,0,0,0
_C_ascend::npu_hc_post,,,41.81,77.06,0,8.14,0,0
aten::empty,,,2.8,11.67,0,0,0,0
empty_tensor,,,8.87,8.87,0,0,0,0
aten::empty,,,2.53,13.06,0,0,0,0
empty_tensor,,,10.53,10.53,0,0,0,0
aclnnHcPost,,,10.52,10.52,8.14,8.14,0,0
aten::squeeze,,,4.77,7.41,0,0,0,0
aten::as_strided,,,2.64,2.64,0,0,0,0
_C_ascend::npu_hc_pre_v2,,,37.7,75.32,0,32.1805,0,0
aten::empty,,,2.17,8.95,0,0,0,0
empty_tensor,,,6.78,6.78,0,0,0,0
aten::empty,,,1.25,4.48,0,0,0,0
empty_tensor,,,3.23,3.23,0,0,0,0
aten::empty,,,1.1,4.12,0,0,0,0
empty_tensor,,,3.02,3.02,0,0,0,0
aten::empty,,,2.1,9.75,0,0,0,0
empty_tensor,,,7.65,7.65,0,0,0,0
aclnnHcPre,,,10.32,10.32,32.1805,32.1805,0,0
npu::npu_rms_norm,,,54.58,73.17,0,4.76,0,0
empty_tensor,,,6.07,6.07,0,0,0,0
empty_tensor,,,3.34,3.34,0,0,0,0
aclnnRmsNorm,,,9.18,9.18,4.76,4.76,0,0
aten::empty,,,6.23,12.83,0,0,0,0
empty_tensor,,,6.6,6.6,0,0,0,0
aten::alias,,,3.88,3.88,0,0,0,0
vllm::dsa_forward,,,1488.6,3395.84,0,356.9495,0,0
aten::empty,,,3.26,12.92,0,0,0,0
empty_tensor,,,9.66,9.66,0,0,0,0
c10d::_allgather_base_,,,54.82,84.24,0,12.940999999999999,0,0
record_event,,,14.26,14.26,0.02,0.02,0,0
wait_event,,,4.22,4.22,2.28,2.28,0,0
HcclAllgatherBase,,,3.04,5.0,0,10.421,0,0
HcclAllGather,,,1.96,1.96,10.421,10.421,0,0
record_event,,,3.34,3.34,0.02,0.02,0,0
record_event,,,2.6,2.6,0.2,0.2,0,0
npu::npu_dynamic_quant,,,30.23,48.25,0,4.0805,0,0
empty_tensor,,,9.87,9.87,0,0,0,0
empty_tensor,,,4.67,4.67,0,0,0,0
aclnnDynamicQuantV2,,,3.48,3.48,4.0805,4.0805,0,0
npu::npu_quant_matmul,,,30.6,54.89,0,16.6205,0,0
empty_tensor,,,6.61,6.61,0,0,0,0
aten::empty,,,2.18,4.25,0,0,0,0
empty_tensor,,,2.07,2.07,0,0,0,0
aten::empty,,,0.94,2.42,0,0,0,0
empty_tensor,,,1.48,1.48,0,0,0,0
aclnnQuantMatmulWeightNz,,,11.01,11.01,16.6205,16.6205,0,0
_C_ascend::npu_rms_norm_dynamic_quant,,,46.53,101.31,0,7.54,0,0
aten::empty_like,,,5.49,16.82,0,0,0,0
aten::empty_strided,,,7.35,11.33,0,0,0,0
empty_tensor,,,3.98,3.98,0,0,0,0
aten::empty,,,1.36,4.81,0,0,0,0
empty_tensor,,,3.45,3.45,0,0,0,0
aten::empty,,,1.02,4.0,0,0,0,0
empty_tensor,,,2.98,2.98,0,0,0,0
aten::empty_like,,,2.15,7.24,0,0,0,0
aten::empty_strided,,,3.56,5.09,0,0,0,0
empty_tensor,,,1.53,1.53,0,0,0,0
aten::empty,,,2.31,10.64,0,0,0,0
empty_tensor,,,8.33,8.33,0,0,0,0
aclnnRmsNormDynamicQuant,,,11.27,11.27,7.54,7.54,0,0
npu::npu_quant_matmul,,,29.98,54.77,0,33.3205,0,0
empty_tensor,,,6.6,6.6,0,0,0,0
aten::empty,,,4.53,6.53,0,0,0,0
empty_tensor,,,2.0,2.0,0,0,0,0
aten::empty,,,0.93,2.47,0,0,0,0
empty_tensor,,,1.54,1.54,0,0,0,0
aclnnQuantMatmulWeightNz,,,9.19,9.19,33.3205,33.3205,0,0
aten::unflatten,,,5.55,10.99,0,0,0,0
aten::view,,,5.44,5.44,0,0,0,0
aten::view,,,2.81,2.81,0,0,0,0
aten::empty_like,,,4.84,15.34,0,0,0,0
aten::empty_strided,,,7.2,10.5,0,0,0,0
empty_tensor,,,3.3,3.3,0,0,0,0
triton_rms_kernel,,,15.27,15.27,13.3605,13.3605,0,0
aten::view,,,7.95,7.95,0,0,0,0
aten::unsqueeze,,,2.99,7.16,0,0,0,0
aten::as_strided,,,4.17,4.17,0,0,0,0
_C_ascend::inplace_partial_rotary_mul,,,41.9,82.45,0,5.46,0,0
aten::empty,,,3.26,17.3,0,0,0,0
empty_tensor,,,14.04,14.04,0,0,0,0
aclnnInplacePartialRotaryMul,,,23.25,23.25,5.46,5.46,0,0
wait_event,,,5.03,5.03,0.0,0.0,0,0
aten::slice,,,4.3,8.88,0,0,0,0
aten::as_strided,,,4.58,4.58,0,0,0,0
npu::npu_dynamic_quant,,,29.27,54.41,0,7.0205,0,0
empty_tensor,,,10.82,10.82,0,0,0,0
empty_tensor,,,4.56,4.56,0,0,0,0
aclnnDynamicQuantV2,,,9.76,9.76,7.0205,7.0205,0,0
npu::npu_quant_matmul,,,31.01,54.44,0,14.3405,0,0
empty_tensor,,,7.3,7.3,0,0,0,0
aten::empty,,,2.0,4.0,0,0,0,0
empty_tensor,,,2.0,2.0,0,0,0,0
aten::empty,,,0.98,2.76,0,0,0,0
empty_tensor,,,1.78,1.78,0,0,0,0
aclnnQuantMatmulWeightNz,,,9.37,9.37,14.3405,14.3405,0,0
npu::npu_rms_norm,,,54.41,73.22,0,10.8,0,0
empty_tensor,,,6.42,6.42,0,0,0,0
empty_tensor,,,3.08,3.08,0,0,0,0
aclnnRmsNorm,,,9.31,9.31,10.8,10.8,0,0
aten::view,,,5.94,5.94,0,0,0,0
aten::unsqueeze,,,2.81,6.69,0,0,0,0
aten::as_strided,,,3.88,3.88,0,0,0,0
aten::slice,,,3.3,5.83,0,0,0,0
aten::as_strided,,,2.53,2.53,0,0,0,0
aten::slice,,,1.02,2.77,0,0,0,0
aten::as_strided,,,1.75,1.75,0,0,0,0
_C_ascend::inplace_partial_rotary_mul,,,36.71,60.99,0,10.94,0,0
aten::empty,,,3.24,13.57,0,0,0,0
empty_tensor,,,10.33,10.33,0,0,0,0
aclnnInplacePartialRotaryMul,,,10.71,10.71,10.94,10.94,0,0
_C_ascend::npu_scatter_nd_update_sk,,,34.5,57.15,0,28.081,0,0
aten::empty,,,2.67,12.81,0,0,0,0
empty_tensor,,,10.14,10.14,0,0,0,0
aclnnScatterNdUpdateSk,,,9.84,9.84,28.081,28.081,0,0
aten::squeeze,,,8.91,13.9,0,0,0,0
aten::as_strided,,,4.99,4.99,0,0,0,0
aten::view,,,4.23,4.23,0,0,0,0
aten::view,,,2.22,2.22,0,0,0,0
_C_ascend::compressor,,,47.28,81.46,0,41.521,0,0
aten::empty,,,2.45,10.95,0,0,0,0
empty_tensor,,,8.5,8.5,0,0,0,0
aten::empty,,,2.48,11.39,0,0,0,0
empty_tensor,,,8.91,8.91,0,0,0,0
aclnnCompressor,,,11.84,11.84,41.521,41.521,0,0
_C_ascend::npu_scatter_nd_update_sk,,,31.25,53.46,0,15.3005,0,0
aten::empty,,,2.37,11.7,0,0,0,0
empty_tensor,,,9.33,9.33,0,0,0,0
aclnnScatterNdUpdateSk,,,10.51,10.51,15.3005,15.3005,0,0
_C_ascend::npu_sparse_attn_sharedkv,,,44.97,79.05,0,31.0605,0,0
aten::empty,,,2.27,10.41,0,0,0,0
empty_tensor,,,8.14,8.14,0,0,0,0
aten::empty,,,1.27,3.27,0,0,0,0
empty_tensor,,,2.0,2.0,0,0,0,0
aten::empty,,,2.2,10.2,0,0,0,0
empty_tensor,,,8.0,8.0,0,0,0,0
aclnnSparseAttnSharedkv,,,10.2,10.2,31.0605,31.0605,0,0
destroy_event,,,2.69,2.69,0,0,0,0
aten::unsqueeze,,,3.89,8.65,0,0,0,0
aten::as_strided,,,4.76,4.76,0,0,0,0
aten::neg,,,14.82,29.84,0,1.0205,0,0
empty_tensor,,,6.56,6.56,0,0,0,0
aclnnNeg,,,8.46,8.46,1.0205,1.0205,0,0
_C_ascend::inplace_partial_rotary_mul,,,35.38,56.83,0,5.2205,0,0
aten::empty,,,2.64,12.13,0,0,0,0
empty_tensor,,,9.49,9.49,0,0,0,0
aclnnInplacePartialRotaryMul,,,9.32,9.32,5.2205,5.2205,0,0
aten::view,,,5.6,5.6,0,0,0,0
aten::permute,,,3.18,7.81,0,0,0,0
aten::as_strided,,,4.63,4.63,0,0,0,0
aten::contiguous,,,2.61,39.39,0,11.54,0,0
aten::clone,,,4.32,36.78,0,11.54,0,0
empty_tensor,,,6.35,6.35,0,0,0,0
aten::copy_,,,18.2,26.11,0,11.54,0,0
aclnnInplaceCopy,,,7.91,7.91,11.54,11.54,0,0
aten::view,,,3.7,3.7,0,0,0,0
aten::empty_like,,,4.73,13.99,0,0,0,0
aten::empty_strided,,,6.64,9.26,0,0,0,0
empty_tensor,,,2.62,2.62,0,0,0,0
c10d::alltoall_base_,,,56.31,81.89,0,17.68,0,0
record_event,,,10.65,10.65,0.02,0.02,0,0
wait_event,,,3.18,3.18,4.26,4.26,0,0
HcclAlltoAll,,,2.09,3.57,0,13.36,0,0
HcclAlltoAll,,,1.48,1.48,13.36,13.36,0,0
record_event,,,3.48,3.48,0.02,0.02,0,0
record_event,,,4.7,4.7,0.02,0.02,0,0
wait_event,,,2.81,2.81,0.78,0.78,0,0
destroy_event,,,1.62,1.62,0,0,0,0
aten::view,,,5.12,5.12,0,0,0,0
npu::npu_transpose_batchmatmul,,,30.01,50.86,0,34.4205,0,0
empty_tensor,,,11.05,11.05,0,0,0,0
aclnnTransposeBatchMatMul,,,9.8,9.8,34.4205,34.4205,0,0
aten::reshape,,,1.58,6.07,0,0,0,0
aten::view,,,4.49,4.49,0,0,0,0
vllm::matmul_and_reduce,,,142.59,457.46,0,33.181,0,0
vllm::unquantized_gemm,,,16.47,76.54,0,17.14,0,0
aten::linear,,,4.49,60.07,0,17.14,0,0
aten::t,,,5.37,14.94,0,0,0,0
aten::transpose,,,3.43,9.57,0,0,0,0
aten::as_strided,,,6.14,6.14,0,0,0,0
aten::matmul,,,18.77,40.64,0,17.14,0,0
empty_tensor,,,10.14,10.14,0,0,0,0
aclnnMatmul,,,11.73,11.73,17.14,17.14,0,0
vllm::reduce_scatter,,,114.56,238.33,0,16.041,0,0
aten::movedim,,,1.57,10.49,0,0,0,0
aten::movedim,,,2.45,8.92,0,0,0,0
aten::permute,,,2.62,6.47,0,0,0,0
aten::as_strided,,,3.85,3.85,0,0,0,0
aten::empty,,,2.85,12.21,0,0,0,0
empty_tensor,,,9.36,9.36,0,0,0,0
c10d::_reduce_scatter_base_,,,57.17,85.18,0,16.021,0,0
record_event,,,12.57,12.57,0.02,0.02,0,0
wait_event,,,3.0,3.0,3.08,3.08,0,0
HcclReduceScatterBase,,,2.8,5.15,0,12.681,0,0
HcclReduceScatter,,,2.35,2.35,12.681,12.681,0,0
record_event,,,3.33,3.33,0.22,0.22,0,0
record_event,,,3.96,3.96,0.02,0.02,0,0
wait_event,,,3.09,3.09,0.02,0.02,0,0
destroy_event,,,1.67,1.67,0,0,0,0
aten::movedim,,,1.44,11.13,0,0,0,0
aten::movedim,,,2.43,9.69,0,0,0,0
aten::permute,,,2.89,7.26,0,0,0,0
aten::as_strided,,,4.37,4.37,0,0,0,0
aten::copy_,,,54.97,64.89,0,0.72,0,0
aclnnInplaceCopy,,,9.92,9.92,0.72,0.72,0,0
aten::unsqueeze,,,4.56,8.25,0,0,0,0
aten::as_strided,,,3.69,3.69,0,0,0,0
aten::unsqueeze,,,2.3,3.88,0,0,0,0
aten::as_strided,,,1.58,1.58,0,0,0,0
aten::unsqueeze,,,1.95,3.42,0,0,0,0
aten::as_strided,,,1.47,1.47,0,0,0,0
aten::detach,,,3.95,3.95,0,0,0,0
aten::reshape,,,4.16,8.11,0,0,0,0
aten::view,,,3.95,3.95,0,0,0,0
aten::unsqueeze,,,2.25,3.85,0,0,0,0
aten::as_strided,,,1.6,1.6,0,0,0,0
_C_ascend::npu_hc_post,,,38.51,75.46,0,7.5405,0,0
aten::empty,,,2.78,13.45,0,0,0,0
empty_tensor,,,10.67,10.67,0,0,0,0
aten::empty,,,2.19,11.85,0,0,0,0
empty_tensor,,,9.66,9.66,0,0,0,0
aclnnHcPost,,,11.65,11.65,7.5405,7.5405,0,0
aten::squeeze,,,4.56,7.15,0,0,0,0
aten::as_strided,,,2.59,2.59,0,0,0,0
_C_ascend::npu_hc_pre_v2,,,36.19,73.61,0,33.0805,0,0
aten::empty,,,2.04,8.67,0,0,0,0
empty_tensor,,,6.63,6.63,0,0,0,0
aten::empty,,,1.21,4.64,0,0,0,0
empty_tensor,,,3.43,3.43,0,0,0,0
aten::empty,,,1.19,4.19,0,0,0,0
empty_tensor,,,3.0,3.0,0,0,0,0
aten::empty,,,2.22,10.05,0,0,0,0
empty_tensor,,,7.83,7.83,0,0,0,0
aclnnHcPre,,,9.87,9.87,33.0805,33.0805,0,0
npu::npu_rms_norm,,,47.24,65.29,0,4.62,0,0
empty_tensor,,,6.0,6.0,0,0,0,0
empty_tensor,,,3.61,3.61,0,0,0,0
aclnnRmsNorm,,,8.44,8.44,4.62,4.62,0,0
aten::reshape,,,4.69,8.91,0,0,0,0
aten::view,,,4.22,4.22,0,0,0,0
vllm::moe_forward_shared,,,1909.94,4767.48,0,391.027,0,0
aten::to,,,1.84,44.92,0,5.98,0,0
aten::_to_copy,,,5.45,43.08,0,5.98,0,0
aten::empty_strided,,,9.07,13.37,0,0,0,0
empty_tensor,,,4.3,4.3,0,0,0,0
aten::copy_,,,14.68,24.26,0,5.98,0,0
aclnnInplaceCopy,,,9.58,9.58,5.98,5.98,0,0
Event::record,,,77.91,90.21,0,0.22,0,0
record_event,,,12.3,12.3,0.22,0.22,0,0
aten::linear,,,4.27,57.88,0,11.7005,0,0
aten::t,,,5.41,14.66,0,0,0,0
aten::transpose,,,2.95,9.25,0,0,0,0
aten::as_strided,,,6.3,6.3,0,0,0,0
aten::matmul,,,19.19,38.95,0,11.7005,0,0
empty_tensor,,,10.51,10.51,0,0,0,0
aclnnMatmul,,,9.25,9.25,11.7005,11.7005,0,0
Event::record,,,68.69,79.94,0,0.02,0,0
record_event,,,11.25,11.25,0.02,0.02,0,0
vllm::maybe_all_gather_and_maybe_unpad,,,45.4,312.79,0,11.02,0,0
vllm::all_gather,,,130.11,267.39,0,11.02,0,0
aten::empty,,,4.01,18.12,0,0,0,0
empty_tensor,,,14.11,14.11,0,0,0,0
c10d::_allgather_base_,,,55.9,90.75,0,11.0,0,0
record_event,,,13.49,13.49,0.02,0.02,0,0
wait_event,,,3.14,3.14,0.02,0.02,0,0
HcclAllgatherBase,,,3.26,12.21,0,10.74,0,0
HcclAllGather,,,8.95,8.95,10.74,10.74,0,0
record_event,,,3.6,3.6,0.02,0.02,0,0
record_event,,,2.41,2.41,0.2,0.2,0,0
wait_event,,,3.08,3.08,0.02,0.02,0,0
destroy_event,,,2.35,2.35,0,0,0,0
aten::reshape,,,1.68,8.12,0,0,0,0
aten::view,,,6.44,6.44,0,0,0,0
aten::movedim,,,1.55,10.78,0,0,0,0
aten::movedim,,,2.53,9.23,0,0,0,0
aten::permute,,,2.83,6.7,0,0,0,0
aten::as_strided,,,3.87,3.87,0,0,0,0
aten::reshape,,,1.08,4.08,0,0,0,0
aten::view,,,3.0,3.0,0,0,0,0
vllm::maybe_all_gather_and_maybe_unpad,,,40.82,271.16,0,6.9399999999999995,0,0
vllm::all_gather,,,112.92,230.34,0,6.9399999999999995,0,0
aten::empty,,,3.17,16.17,0,0,0,0
empty_tensor,,,13.0,13.0,0,0,0,0
c10d::_allgather_base_,,,49.87,75.16,0,6.92,0,0
record_event,,,12.07,12.07,0.02,0.02,0,0
wait_event,,,2.95,2.95,1.32,1.32,0,0
HcclAllgatherBase,,,2.94,4.81,0,5.34,0,0
HcclAllGather,,,1.87,1.87,5.34,5.34,0,0
record_event,,,3.21,3.21,0.02,0.02,0,0
record_event,,,2.25,2.25,0.22,0.22,0,0
wait_event,,,2.87,2.87,0.02,0.02,0,0
destroy_event,,,1.59,1.59,0,0,0,0
aten::reshape,,,1.39,6.81,0,0,0,0
aten::view,,,5.42,5.42,0,0,0,0
aten::movedim,,,1.47,10.79,0,0,0,0
aten::movedim,,,2.41,9.32,0,0,0,0
aten::permute,,,3.08,6.91,0,0,0,0
aten::as_strided,,,3.83,3.83,0,0,0,0
aten::reshape,,,1.02,4.03,0,0,0,0
aten::view,,,3.01,3.01,0,0,0,0
_C_ascend::moe_gating_top_k_hash,,,42.21,80.73,0,10.5605,0,0
aten::empty,,,3.05,15.85,0,0,0,0
empty_tensor,,,12.8,12.8,0,0,0,0
aten::empty,,,1.28,5.06,0,0,0,0
empty_tensor,,,3.78,3.78,0,0,0,0
aten::empty,,,1.09,4.68,0,0,0,0
empty_tensor,,,3.59,3.59,0,0,0,0
aclnnMoeGatingTopKHash,,,12.93,12.93,10.5605,10.5605,0,0
aten::to,,,2.07,47.49,0,0.98,0,0
aten::_to_copy,,,6.02,45.42,0,0.98,0,0
aten::empty_strided,,,8.53,13.85,0,0,0,0
empty_tensor,,,5.32,5.32,0,0,0,0
aten::copy_,,,16.77,25.55,0,0.98,0,0
aclnnInplaceCopy,,,8.78,8.78,0.98,0.98,0,0
aten::detach,,,4.4,4.4,0,0,0,0
aten::detach,,,1.54,1.54,0,0,0,0
Event::record,,,79.47,92.58,0,0.02,0,0
record_event,,,13.11,13.11,0.02,0.02,0,0
aten::index,,,32.21,57.55,0,19.140500000000003,0,0
empty_tensor,,,6.64,6.64,0,0,0,0
empty_tensor,,,7.77,7.77,0,0,0,0
aclnnIndex,,,10.93,10.93,19.140500000000003,19.140500000000003,0,0
aten::ne,,,11.11,24.26,0,1.3,0,0
empty_tensor,,,5.63,5.63,0,0,0,0
aclnnNeScalar,,,7.52,7.52,1.3,1.3,0,0
aten::mul,,,15.26,25.78,0,2.3,0,0
empty_tensor,,,4.53,4.53,0,0,0,0
aclnnMul,,,5.99,5.99,2.3,2.3,0,0
npu::npu_moe_init_routing_v2,,,25.88,61.35,0,28.6605,0,0
empty_tensor,,,17.9,17.9,0,0,0,0
empty_tensor,,,3.48,3.48,0,0,0,0
empty_tensor,,,3.1,3.1,0,0,0,0
empty_tensor,,,2.91,2.91,0,0,0,0
aclnnMoeInitRoutingV3,,,8.08,8.08,28.6605,28.6605,0,0
aten::to,,,1.72,1.72,0,0,0,0
_C_ascend::grouped_matmul_swiglu_quant_v2,,,179.63,228.98,0,127.2825,0,0
aten::empty,,,3.43,13.29,0,0,0,0
empty_tensor,,,9.86,9.86,0,0,0,0
aten::empty,,,1.26,4.97,0,0,0,0
empty_tensor,,,3.71,3.71,0,0,0,0
aten::empty,,,3.65,16.68,0,0,0,0
empty_tensor,,,13.03,13.03,0,0,0,0
aclnnGroupedMatmulSwigluQuantWeightNzV2,,,14.41,14.41,127.2825,127.2825,0,0
Event::record,,,77.79,91.09,0,0.02,0,0
record_event,,,13.3,13.3,0.02,0.02,0,0
npu::npu_grouped_matmul,,,40.14,66.75,0,77.982,0,0
empty_tensor,,,14.72,14.72,0,0,0,0
npu::get_npu_format,,,1.87,1.87,0,0,0,0
aclnnGroupedMatmulWeightNz,,,10.02,10.02,77.982,77.982,0,0
Event::record,,,71.71,83.95,0,0.02,0,0
record_event,,,12.24,12.24,0.02,0.02,0,0
aten::abs,,,15.55,35.06,0,1.02,0,0
empty_tensor,,,10.63,10.63,0,0,0,0
aclnnAbs,,,8.88,8.88,1.02,1.02,0,0
npu::npu_moe_token_unpermute,,,68.79,88.61,0,12.76,0,0
empty_tensor,,,11.1,11.1,0,0,0,0
aclnnMoeTokenUnpermute,,,8.72,8.72,12.76,12.76,0,0
vllm::maybe_pad_and_reduce,,,37.76,284.36,0,20.240000000000002,0,0
vllm::reduce_scatter,,,116.1,246.6,0,20.240000000000002,0,0
aten::movedim,,,1.59,13.62,0,0,0,0
aten::movedim,,,2.7,12.03,0,0,0,0
aten::permute,,,3.43,9.33,0,0,0,0
aten::as_strided,,,5.9,5.9,0,0,0,0
aten::empty,,,2.75,13.14,0,0,0,0
empty_tensor,,,10.39,10.39,0,0,0,0
c10d::_reduce_scatter_base_,,,54.82,85.24,0,12.16,0,0
record_event,,,13.53,13.53,0.22,0.22,0,0
wait_event,,,4.69,4.69,0.02,0.02,0,0
HcclReduceScatterBase,,,3.02,5.07,0,11.88,0,0
HcclReduceScatter,,,2.05,2.05,11.88,11.88,0,0
record_event,,,3.53,3.53,0.02,0.02,0,0
record_event,,,3.6,3.6,0.02,0.02,0,0
wait_event,,,3.26,3.26,8.08,8.08,0,0
destroy_event,,,3.56,3.56,0,0,0,0
aten::movedim,,,1.44,11.68,0,0,0,0
aten::movedim,,,2.42,10.24,0,0,0,0
aten::permute,,,2.73,7.82,0,0,0,0
aten::as_strided,,,5.09,5.09,0,0,0,0
Event::wait,,,64.65,78.79,0,0.02,0,0
wait_event,,,14.14,14.14,0.02,0.02,0,0
npu::npu_dynamic_quant,,,30.07,57.97,0,4.22,0,0
empty_tensor,,,12.84,12.84,0,0,0,0
empty_tensor,,,3.99,3.99,0,0,0,0
aclnnDynamicQuantV2,,,11.07,11.07,4.22,4.22,0,0
Event::wait,,,58.92,71.44,0,0.0,0,0
wait_event,,,12.52,12.52,0.0,0.0,0,0
npu::npu_quant_matmul,,,34.39,62.04,0,24.5405,0,0
empty_tensor,,,11.06,11.06,0,0,0,0
aten::empty,,,2.47,4.51,0,0,0,0
empty_tensor,,,2.04,2.04,0,0,0,0
aten::empty,,,1.01,2.74,0,0,0,0
empty_tensor,,,1.73,1.73,0,0,0,0
aclnnQuantMatmulWeightNz,,,9.34,9.34,24.5405,24.5405,0,0
Event::wait,,,56.64,68.05,0,0.02,0,0
wait_event,,,11.41,11.41,0.02,0.02,0,0
_C_ascend::npu_dequant_swiglu_quant,,,47.56,88.64,0,4.94,0,0
aten::empty,,,3.04,13.95,0,0,0,0
empty_tensor,,,10.91,10.91,0,0,0,0
aten::empty,,,1.24,5.04,0,0,0,0
empty_tensor,,,3.8,3.8,0,0,0,0
aten::empty,,,2.37,9.75,0,0,0,0
empty_tensor,,,7.38,7.38,0,0,0,0
aclnnDequantSwigluQuantV2,,,12.34,12.34,4.94,4.94,0,0
Event::wait,,,60.31,72.71,0,0.0,0,0
wait_event,,,12.4,12.4,0.0,0.0,0,0
npu::npu_quant_matmul,,,36.36,65.15,0,19.08,0,0
empty_tensor,,,10.82,10.82,0,0,0,0
aten::empty,,,2.37,4.59,0,0,0,0
empty_tensor,,,2.22,2.22,0,0,0,0
aten::empty,,,0.99,2.98,0,0,0,0
empty_tensor,,,1.99,1.99,0,0,0,0
aclnnQuantMatmulWeightNz,,,10.4,10.4,19.08,19.08,0,0
Event::record,,,69.56,81.85,0,0.02,0,0
record_event,,,12.29,12.29,0.02,0.02,0,0
Event::wait,,,47.48,57.08,0,0.02,0,0
wait_event,,,9.6,9.6,0.02,0.02,0,0
destroy_event,,,6.98,6.98,0,0,0,0
destroy_event,,,6.2,6.2,0,0,0,0
destroy_event,,,2.74,2.74,0,0,0,0
destroy_event,,,1.58,1.58,0,0,0,0
destroy_event,,,1.47,1.47,0,0,0,0
destroy_event,,,1.75,1.75,0,0,0,0
aten::add,,,22.81,41.38,0,7.54,0,0
empty_tensor,,,11.28,11.28,0,0,0,0
aclnnAdd,,,7.29,7.29,7.54,7.54,0,0
vllm::maybe_all_reduce_tensor_model_parallel,,,25.23,25.23,0,0,0,0
aten::unsqueeze,,,4.92,9.42,0,0,0,0
aten::as_strided,,,4.5,4.5,0,0,0,0
aten::unsqueeze,,,2.27,4.15,0,0,0,0
aten::as_strided,,,1.88,1.88,0,0,0,0
aten::unsqueeze,,,1.95,3.42,0,0,0,0
aten::as_strided,,,1.47,1.47,0,0,0,0
aten::unsqueeze,,,1.81,3.24,0,0,0,0
aten::as_strided,,,1.43,1.43,0,0,0,0
_C_ascend::npu_hc_post,,,40.97,75.62,0,7.3,0,0
aten::empty,,,2.59,11.53,0,0,0,0
empty_tensor,,,8.94,8.94,0,0,0,0
aten::empty,,,2.47,12.46,0,0,0,0
empty_tensor,,,9.99,9.99,0,0,0,0
aclnnHcPost,,,10.66,10.66,7.3,7.3,0,0
aten::squeeze,,,4.69,7.42,0,0,0,0
aten::as_strided,,,2.73,2.73,0,0,0,0
_C_ascend::npu_hc_pre_v2,,,36.37,74.12,0,30.9805,0,0
aten::empty,,,2.05,8.91,0,0,0,0
empty_tensor,,,6.86,6.86,0,0,0,0
aten::empty,,,1.23,4.77,0,0,0,0
empty_tensor,,,3.54,3.54,0,0,0,0
aten::empty,,,1.07,4.17,0,0,0,0
empty_tensor,,,3.1,3.1,0,0,0,0
aten::empty,,,2.03,9.67,0,0,0,0
empty_tensor,,,7.64,7.64,0,0,0,0
aclnnHcPre,,,10.23,10.23,30.9805,30.9805,0,0
npu::npu_rms_norm,,,48.81,68.81,0,4.64,0,0
empty_tensor,,,7.91,7.91,0,0,0,0
empty_tensor,,,3.79,3.79,0,0,0,0
aclnnRmsNorm,,,8.3,8.3,4.64,4.64,0,0
aten::empty,,,5.82,12.32,0,0,0,0
empty_tensor,,,6.5,6.5,0,0,0,0
aten::alias,,,3.76,3.76,0,0,0,0
vllm::dsa_forward,,,2174.93,5060.72,0,633.5735,0,0
aten::empty,,,3.31,13.3,0,0,0,0
empty_tensor,,,9.99,9.99,0,0,0,0
c10d::_allgather_base_,,,57.96,123.02,0,11.280000000000001,0,0
record_event,,,39.95,39.95,0.02,0.02,0,0
wait_event,,,7.48,7.48,0.02,0.02,0,0
HcclAllgatherBase,,,3.14,9.69,0,10.98,0,0
HcclAllGather,,,6.55,6.55,10.98,10.98,0,0
record_event,,,5.53,5.53,0.24,0.24,0,0
record_event,,,2.41,2.41,0.02,0.02,0,0
npu::npu_dynamic_quant,,,32.92,57.86,0,4.0,0,0
empty_tensor,,,11.11,11.11,0,0,0,0
empty_tensor,,,4.56,4.56,0,0,0,0
aclnnDynamicQuantV2,,,9.27,9.27,4.0,4.0,0,0
npu::npu_quant_matmul,,,33.8,64.33,0,16.96,0,0
empty_tensor,,,6.94,6.94,0,0,0,0
aten::empty,,,2.32,4.24,0,0,0,0
empty_tensor,,,1.92,1.92,0,0,0,0
aten::empty,,,9.0,11.26,0,0,0,0
empty_tensor,,,2.26,2.26,0,0,0,0
aclnnQuantMatmulWeightNz,,,8.09,8.09,16.96,16.96,0,0
_C_ascend::npu_rms_norm_dynamic_quant,,,45.67,97.63,0,7.14,0,0
aten::empty_like,,,5.28,15.75,0,0,0,0
aten::empty_strided,,,7.24,10.47,0,0,0,0
empty_tensor,,,3.23,3.23,0,0,0,0
aten::empty,,,1.37,4.72,0,0,0,0
empty_tensor,,,3.35,3.35,0,0,0,0
aten::empty,,,1.02,4.13,0,0,0,0
empty_tensor,,,3.11,3.11,0,0,0,0
aten::empty_like,,,2.04,7.33,0,0,0,0
aten::empty_strided,,,3.66,5.29,0,0,0,0
empty_tensor,,,1.63,1.63,0,0,0,0
aten::empty,,,1.96,9.75,0,0,0,0
empty_tensor,,,7.79,7.79,0,0,0,0
aclnnRmsNormDynamicQuant,,,10.28,10.28,7.14,7.14,0,0
npu::npu_quant_matmul,,,30.18,50.96,0,36.2605,0,0
empty_tensor,,,6.62,6.62,0,0,0,0
aten::empty,,,1.32,3.24,0,0,0,0
empty_tensor,,,1.92,1.92,0,0,0,0
aten::empty,,,0.95,2.44,0,0,0,0
empty_tensor,,,1.49,1.49,0,0,0,0
aclnnQuantMatmulWeightNz,,,8.48,8.48,36.2605,36.2605,0,0
aten::unflatten,,,6.01,11.46,0,0,0,0
aten::view,,,5.45,5.45,0,0,0,0
aten::view,,,2.7,2.7,0,0,0,0
aten::empty_like,,,4.29,14.57,0,0,0,0
aten::empty_strided,,,6.94,10.28,0,0,0,0
empty_tensor,,,3.34,3.34,0,0,0,0
triton_rms_kernel,,,15.67,15.67,13.4605,13.4605,0,0
aten::view,,,7.86,7.86,0,0,0,0
aten::unsqueeze,,,3.17,7.6,0,0,0,0
aten::as_strided,,,4.43,4.43,0,0,0,0
_C_ascend::inplace_partial_rotary_mul,,,42.71,71.22,0,5.14,0,0
aten::empty,,,3.54,17.39,0,0,0,0
empty_tensor,,,13.85,13.85,0,0,0,0
aclnnInplacePartialRotaryMul,,,11.12,11.12,5.14,5.14,0,0
wait_event,,,4.47,4.47,0.02,0.02,0,0
aten::slice,,,4.2,8.36,0,0,0,0
aten::as_strided,,,4.16,4.16,0,0,0,0
npu::npu_dynamic_quant,,,28.12,51.36,0,7.08,0,0
empty_tensor,,,9.47,9.47,0,0,0,0
empty_tensor,,,4.21,4.21,0,0,0,0
aclnnDynamicQuantV2,,,9.56,9.56,7.08,7.08,0,0
npu::npu_quant_matmul,,,30.33,52.32,0,14.4005,0,0
empty_tensor,,,6.88,6.88,0,0,0,0
aten::empty,,,2.13,4.12,0,0,0,0
empty_tensor,,,1.99,1.99,0,0,0,0
aten::empty,,,0.99,2.53,0,0,0,0
empty_tensor,,,1.54,1.54,0,0,0,0
aclnnQuantMatmulWeightNz,,,8.46,8.46,14.4005,14.4005,0,0
npu::npu_rms_norm,,,53.03,71.84,0,9.94,0,0
empty_tensor,,,6.64,6.64,0,0,0,0
empty_tensor,,,3.41,3.41,0,0,0,0
aclnnRmsNorm,,,8.76,8.76,9.94,9.94,0,0
aten::view,,,5.56,5.56,0,0,0,0
aten::unsqueeze,,,2.97,6.74,0,0,0,0
aten::as_strided,,,3.77,3.77,0,0,0,0
aten::slice,,,3.06,5.27,0,0,0,0
aten::as_strided,,,2.21,2.21,0,0,0,0
aten::slice,,,0.99,2.69,0,0,0,0
aten::as_strided,,,1.7,1.7,0,0,0,0
_C_ascend::inplace_partial_rotary_mul,,,36.63,60.9,0,9.44,0,0
aten::empty,,,3.14,13.2,0,0,0,0
empty_tensor,,,10.06,10.06,0,0,0,0
aclnnInplacePartialRotaryMul,,,11.07,11.07,9.44,9.44,0,0
_C_ascend::npu_scatter_nd_update_sk,,,32.23,53.11,0,26.061,0,0
aten::empty,,,2.77,11.7,0,0,0,0
empty_tensor,,,8.93,8.93,0,0,0,0
aclnnScatterNdUpdateSk,,,9.18,9.18,26.061,26.061,0,0
aten::squeeze,,,8.47,14.1,0,0,0,0
aten::as_strided,,,5.63,5.63,0,0,0,0
aten::view,,,4.3,4.3,0,0,0,0
aten::view,,,2.41,2.41,0,0,0,0
_C_ascend::compressor,,,48.35,82.48,0,53.121,0,0
aten::empty,,,2.45,11.75,0,0,0,0
empty_tensor,,,9.3,9.3,0,0,0,0
aten::empty,,,2.44,11.6,0,0,0,0
empty_tensor,,,9.16,9.16,0,0,0,0
aclnnCompressor,,,10.78,10.78,53.121,53.121,0,0
aten::reshape,,,1.59,6.9,0,0,0,0
aten::view,,,5.31,5.31,0,0,0,0
aten::linear,,,3.72,50.87,0,6.3605,0,0
aten::t,,,6.37,12.63,0,0,0,0
aten::transpose,,,2.85,6.26,0,0,0,0
aten::as_strided,,,3.41,3.41,0,0,0,0
aten::matmul,,,18.56,34.52,0,6.3605,0,0
empty_tensor,,,6.86,6.86,0,0,0,0
aclnnMatmul,,,9.1,9.1,6.3605,6.3605,0,0
aten::mul,,,15.44,31.97,0,1.0,0,0
empty_tensor,,,5.26,5.26,0,0,0,0
aten::item,,,1.85,3.85,0,0,0,0
aten::_local_scalar_dense,,,2.0,2.0,0,0,0,0
aclnnMuls,,,7.42,7.42,1.0,1.0,0,0
aten::alias,,,2.38,2.38,0,0,0,0
aten::reshape,,,1.15,5.02,0,0,0,0
aten::view,,,3.87,3.87,0,0,0,0
npu::npu_dynamic_quant,,,23.42,42.0,0,2.8405,0,0
empty_tensor,,,6.31,6.31,0,0,0,0
empty_tensor,,,3.85,3.85,0,0,0,0
aclnnDynamicQuantV2,,,8.42,8.42,2.8405,2.8405,0,0
aten::unsqueeze,,,3.09,6.91,0,0,0,0
aten::as_strided,,,3.82,3.82,0,0,0,0
_C_ascend::npu_scatter_nd_update_sk,,,34.55,55.64,0,20.3405,0,0
aten::empty,,,2.89,11.52,0,0,0,0
empty_tensor,,,8.63,8.63,0,0,0,0
aclnnScatterNdUpdateSk,,,9.57,9.57,20.3405,20.3405,0,0
aten::to,,,1.76,38.25,0,0.92,0,0
aten::_to_copy,,,5.31,36.49,0,0.92,0,0
aten::empty_strided,,,7.48,10.76,0,0,0,0
empty_tensor,,,3.28,3.28,0,0,0,0
aten::copy_,,,13.19,20.42,0,0.92,0,0
aclnnInplaceCopy,,,7.23,7.23,0.92,0.92,0,0
aten::unsqueeze,,,2.88,6.64,0,0,0,0
aten::as_strided,,,3.76,3.76,0,0,0,0
_C_ascend::npu_scatter_nd_update_sk,,,30.06,49.61,0,18.5,0,0
aten::empty,,,2.44,11.12,0,0,0,0
empty_tensor,,,8.68,8.68,0,0,0,0
aclnnScatterNdUpdateSk,,,8.43,8.43,18.5,18.5,0,0
npu::npu_quant_matmul,,,30.2,52.16,0,15.26,0,0
empty_tensor,,,7.39,7.39,0,0,0,0
aten::empty,,,1.85,3.87,0,0,0,0
empty_tensor,,,2.02,2.02,0,0,0,0
aten::empty,,,0.98,2.6,0,0,0,0
empty_tensor,,,1.62,1.62,0,0,0,0
aclnnQuantMatmulWeightNz,,,8.1,8.1,15.26,15.26,0,0
aten::view,,,4.81,4.81,0,0,0,0
aten::unsqueeze,,,2.67,6.35,0,0,0,0
aten::as_strided,,,3.68,3.68,0,0,0,0
_C_ascend::inplace_partial_rotary_mul,,,39.54,60.93,0,5.2805,0,0
aten::empty,,,2.6,11.9,0,0,0,0
empty_tensor,,,9.3,9.3,0,0,0,0
aclnnInplacePartialRotaryMul,,,9.49,9.49,5.2805,5.2805,0,0
aten::reshape,,,1.59,6.66,0,0,0,0
aten::view,,,5.07,5.07,0,0,0,0
aten::linear,,,4.08,47.36,0,6.62,0,0
aten::t,,,5.07,11.95,0,0,0,0
aten::transpose,,,2.89,6.88,0,0,0,0
aten::as_strided,,,3.99,3.99,0,0,0,0
aten::matmul,,,16.44,31.33,0,6.62,0,0
empty_tensor,,,6.52,6.52,0,0,0,0
aclnnMatmul,,,8.37,8.37,6.62,6.62,0,0
aten::mul,,,14.82,29.56,0,5.48,0,0
empty_tensor,,,5.27,5.27,0,0,0,0
aten::item,,,1.71,3.0,0,0,0,0
aten::_local_scalar_dense,,,1.29,1.29,0,0,0,0
aclnnMuls,,,6.47,6.47,5.48,5.48,0,0
aten::alias,,,2.3,2.3,0,0,0,0
aten::reshape,,,1.28,4.95,0,0,0,0
aten::view,,,3.67,3.67,0,0,0,0
vllm::unquantized_gemm,,,17.64,65.72,0,9.74,0,0
aten::linear,,,3.61,48.08,0,9.74,0,0
aten::t,,,4.59,13.05,0,0,0,0
aten::transpose,,,2.81,8.46,0,0,0,0
aten::as_strided,,,5.65,5.65,0,0,0,0
aten::matmul,,,15.09,31.42,0,9.74,0,0
empty_tensor,,,7.39,7.39,0,0,0,0
aclnnMatmul,,,8.94,8.94,9.74,9.74,0,0
aten::mul,,,15.07,31.66,0,0.92,0,0
empty_tensor,,,5.99,5.99,0,0,0,0
aten::item,,,1.5,2.73,0,0,0,0
aten::_local_scalar_dense,,,1.23,1.23,0,0,0,0
aclnnMuls,,,7.87,7.87,0.92,0.92,0,0
npu::npu_dynamic_quant,,,23.67,42.01,0,6.46,0,0
empty_tensor,,,6.16,6.16,0,0,0,0
empty_tensor,,,4.21,4.21,0,0,0,0
aclnnDynamicQuantV2,,,7.97,7.97,6.46,6.46,0,0
aten::to,,,1.58,35.05,0,1.1805,0,0
aten::_to_copy,,,5.47,33.47,0,1.1805,0,0
aten::empty_strided,,,7.06,10.33,0,0,0,0
empty_tensor,,,3.27,3.27,0,0,0,0
aten::copy_,,,11.56,17.67,0,1.1805,0,0
aclnnInplaceCopy,,,6.11,6.11,1.1805,1.1805,0,0
aten::to,,,1.0,34.11,0,1.0,0,0
aten::_to_copy,,,3.29,33.11,0,1.0,0,0
aten::empty_strided,,,5.67,8.99,0,0,0,0
empty_tensor,,,3.32,3.32,0,0,0,0
aten::copy_,,,9.97,20.83,0,1.0,0,0
aclnnInplaceCopy,,,10.86,10.86,1.0,1.0,0,0
aten::squeeze,,,8.17,15.46,0,0,0,0
aten::as_strided,,,7.29,7.29,0,0,0,0
aten::to,,,1.06,1.06,0,0,0,0
aten::slice,,,6.02,8.97,0,0,0,0
aten::as_strided,,,2.95,2.95,0,0,0,0
_C_ascend::npu_vllm_quant_lightning_indexer,,,52.44,87.54,0,79.422,0,0
aten::empty,,,2.28,10.15,0,0,0,0
empty_tensor,,,7.87,7.87,0,0,0,0
aten::empty,,,1.2,3.05,0,0,0,0
empty_tensor,,,1.85,1.85,0,0,0,0
aten::empty,,,2.1,11.43,0,0,0,0
empty_tensor,,,9.33,9.33,0,0,0,0
aclnnVllmQuantLightningIndexer,,,10.47,10.47,79.422,79.422,0,0
aten::squeeze,,,7.08,12.71,0,0,0,0
aten::as_strided,,,5.63,5.63,0,0,0,0
aten::view,,,4.26,4.26,0,0,0,0
aten::view,,,2.2,2.2,0,0,0,0
_C_ascend::compressor,,,46.45,78.66,0,56.981,0,0
aten::empty,,,2.37,10.65,0,0,0,0
empty_tensor,,,8.28,8.28,0,0,0,0
aten::empty,,,2.04,10.41,0,0,0,0
empty_tensor,,,8.37,8.37,0,0,0,0
aclnnCompressor,,,11.15,11.15,56.981,56.981,0,0
_C_ascend::npu_scatter_nd_update_sk,,,33.62,56.48,0,18.6405,0,0
aten::empty,,,2.22,11.61,0,0,0,0
empty_tensor,,,9.39,9.39,0,0,0,0
aclnnScatterNdUpdateSk,,,11.25,11.25,18.6405,18.6405,0,0
_C_ascend::npu_sparse_attn_sharedkv,,,45.64,78.9,0,45.681,0,0
aten::empty,,,2.17,9.6,0,0,0,0
empty_tensor,,,7.43,7.43,0,0,0,0
aten::empty,,,1.18,3.07,0,0,0,0
empty_tensor,,,1.89,1.89,0,0,0,0
aten::empty,,,1.95,10.38,0,0,0,0
empty_tensor,,,8.43,8.43,0,0,0,0
aclnnSparseAttnSharedkv,,,10.21,10.21,45.681,45.681,0,0
destroy_event,,,2.59,2.59,0,0,0,0
aten::unsqueeze,,,3.7,8.41,0,0,0,0
aten::as_strided,,,4.71,4.71,0,0,0,0
aten::neg,,,14.25,29.45,0,0.92,0,0
empty_tensor,,,6.63,6.63,0,0,0,0
aclnnNeg,,,8.57,8.57,0.92,0.92,0,0
_C_ascend::inplace_partial_rotary_mul,,,35.85,57.33,0,5.1205,0,0
aten::empty,,,2.62,11.96,0,0,0,0
empty_tensor,,,9.34,9.34,0,0,0,0
aclnnInplacePartialRotaryMul,,,9.52,9.52,5.1205,5.1205,0,0
aten::view,,,5.45,5.45,0,0,0,0
aten::permute,,,3.11,7.92,0,0,0,0
aten::as_strided,,,4.81,4.81,0,0,0,0
aten::contiguous,,,2.38,39.18,0,12.04,0,0
aten::clone,,,4.04,36.8,0,12.04,0,0
empty_tensor,,,5.88,5.88,0,0,0,0
aten::copy_,,,19.07,26.88,0,12.04,0,0
aclnnInplaceCopy,,,7.81,7.81,12.04,12.04,0,0
aten::view,,,3.51,3.51,0,0,0,0
aten::empty_like,,,4.8,14.58,0,0,0,0
aten::empty_strided,,,6.92,9.78,0,0,0,0
empty_tensor,,,2.86,2.86,0,0,0,0
c10d::alltoall_base_,,,57.89,81.18,0,12.861,0,0
record_event,,,10.41,10.41,0.02,0.02,0,0
wait_event,,,3.22,3.22,0.02,0.02,0,0
HcclAlltoAll,,,2.21,3.86,0,12.561,0,0
HcclAlltoAll,,,1.65,1.65,12.561,12.561,0,0
record_event,,,3.47,3.47,0.02,0.02,0,0
record_event,,,2.33,2.33,0.24,0.24,0,0
wait_event,,,2.98,2.98,0.02,0.02,0,0
destroy_event,,,1.61,1.61,0,0,0,0
aten::view,,,4.97,4.97,0,0,0,0
npu::npu_transpose_batchmatmul,,,30.15,50.62,0,32.3805,0,0
empty_tensor,,,10.61,10.61,0,0,0,0
aclnnTransposeBatchMatMul,,,9.86,9.86,32.3805,32.3805,0,0
aten::reshape,,,1.71,6.23,0,0,0,0
aten::view,,,4.52,4.52,0,0,0,0
vllm::matmul_and_reduce,,,156.47,475.49,0,52.581,0,0
vllm::unquantized_gemm,,,16.55,77.64,0,15.3805,0,0
aten::linear,,,4.64,61.09,0,15.3805,0,0
aten::t,,,5.41,15.27,0,0,0,0
aten::transpose,,,3.07,9.86,0,0,0,0
aten::as_strided,,,6.79,6.79,0,0,0,0
aten::matmul,,,19.72,41.18,0,15.3805,0,0
empty_tensor,,,10.55,10.55,0,0,0,0
aclnnMatmul,,,10.91,10.91,15.3805,15.3805,0,0
vllm::reduce_scatter,,,118.06,241.38,0,37.2005,0,0
aten::movedim,,,1.61,11.24,0,0,0,0
aten::movedim,,,2.68,9.63,0,0,0,0
aten::permute,,,2.99,6.95,0,0,0,0
aten::as_strided,,,3.96,3.96,0,0,0,0
aten::empty,,,2.86,12.83,0,0,0,0
empty_tensor,,,9.97,9.97,0,0,0,0
c10d::_reduce_scatter_base_,,,56.27,82.88,0,15.64,0,0
record_event,,,12.98,12.98,0.02,0.02,0,0
wait_event,,,2.98,2.98,3.14,3.14,0,0
HcclReduceScatterBase,,,2.82,4.72,0,12.24,0,0
HcclReduceScatter,,,1.9,1.9,12.24,12.24,0,0
record_event,,,3.57,3.57,0.22,0.22,0,0
record_event,,,2.36,2.36,0.02,0.02,0,0
wait_event,,,3.55,3.55,21.5605,21.5605,0,0
destroy_event,,,1.51,1.51,0,0,0,0
aten::movedim,,,1.55,11.31,0,0,0,0
aten::movedim,,,2.35,9.76,0,0,0,0
aten::permute,,,3.04,7.41,0,0,0,0
aten::as_strided,,,4.37,4.37,0,0,0,0
aten::copy_,,,53.84,64.14,0,0.72,0,0
aclnnInplaceCopy,,,10.3,10.3,0.72,0.72,0,0
aten::unsqueeze,,,4.48,8.31,0,0,0,0
aten::as_strided,,,3.83,3.83,0,0,0,0
aten::unsqueeze,,,2.35,4.01,0,0,0,0
aten::as_strided,,,1.66,1.66,0,0,0,0
aten::unsqueeze,,,1.98,3.45,0,0,0,0
aten::as_strided,,,1.47,1.47,0,0,0,0
aten::detach,,,3.51,3.51,0,0,0,0
aten::reshape,,,4.4,7.95,0,0,0,0
aten::view,,,3.55,3.55,0,0,0,0
aten::unsqueeze,,,3.78,5.64,0,0,0,0
aten::as_strided,,,1.86,1.86,0,0,0,0
_C_ascend::npu_hc_post,,,38.3,75.08,0,8.36,0,0
aten::empty,,,2.7,13.46,0,0,0,0
empty_tensor,,,10.76,10.76,0,0,0,0
aten::empty,,,2.34,12.36,0,0,0,0
empty_tensor,,,10.02,10.02,0,0,0,0
aclnnHcPost,,,10.96,10.96,8.36,8.36,0,0
aten::squeeze,,,4.34,7.03,0,0,0,0
aten::as_strided,,,2.69,2.69,0,0,0,0
_C_ascend::npu_hc_pre_v2,,,35.73,72.54,0,32.1405,0,0
aten::empty,,,2.06,8.89,0,0,0,0
empty_tensor,,,6.83,6.83,0,0,0,0
aten::empty,,,1.1,4.34,0,0,0,0
empty_tensor,,,3.24,3.24,0,0,0,0
aten::empty,,,1.1,3.98,0,0,0,0
empty_tensor,,,2.88,2.88,0,0,0,0
aten::empty,,,1.67,9.08,0,0,0,0
empty_tensor,,,7.41,7.41,0,0,0,0
aclnnHcPre,,,10.52,10.52,32.1405,32.1405,0,0
npu::npu_rms_norm,,,47.24,65.34,0,4.76,0,0
empty_tensor,,,6.52,6.52,0,0,0,0
empty_tensor,,,3.4,3.4,0,0,0,0
aclnnRmsNorm,,,8.18,8.18,4.76,4.76,0,0
aten::reshape,,,4.93,9.01,0,0,0,0
aten::view,,,4.08,4.08,0,0,0,0
vllm::moe_forward_shared,,,1899.61,4733.13,0,410.189,0,0
aten::to,,,1.96,44.88,0,6.34,0,0
aten::_to_copy,,,5.56,42.92,0,6.34,0,0
aten::empty_strided,,,8.6,12.96,0,0,0,0
empty_tensor,,,4.36,4.36,0,0,0,0
aten::copy_,,,15.09,24.4,0,6.34,0,0
aclnnInplaceCopy,,,9.31,9.31,6.34,6.34,0,0
Event::record,,,80.61,92.07,0,0.2,0,0
record_event,,,11.46,11.46,0.2,0.2,0,0
aten::linear,,,4.17,57.17,0,11.8605,0,0
aten::t,,,5.47,14.16,0,0,0,0
aten::transpose,,,2.82,8.69,0,0,0,0
aten::as_strided,,,5.87,5.87,0,0,0,0
aten::matmul,,,19.02,38.84,0,11.8605,0,0
empty_tensor,,,10.7,10.7,0,0,0,0
aclnnMatmul,,,9.12,9.12,11.8605,11.8605,0,0
Event::record,,,70.13,81.72,0,0.02,0,0
record_event,,,11.59,11.59,0.02,0.02,0,0
vllm::maybe_all_gather_and_maybe_unpad,,,45.02,300.64,0,17.44,0,0
vllm::all_gather,,,128.85,255.62,0,17.44,0,0
aten::empty,,,3.65,17.88,0,0,0,0
empty_tensor,,,14.23,14.23,0,0,0,0
c10d::_allgather_base_,,,52.99,80.6,0,16.64,0,0
record_event,,,13.37,13.37,0.02,0.02,0,0
wait_event,,,3.05,3.05,5.92,5.92,0,0
HcclAllgatherBase,,,3.02,5.18,0,10.66,0,0
HcclAllGather,,,2.16,2.16,10.66,10.66,0,0
record_event,,,3.53,3.53,0.02,0.02,0,0
record_event,,,2.48,2.48,0.02,0.02,0,0
wait_event,,,3.05,3.05,0.8,0.8,0,0
destroy_event,,,1.96,1.96,0,0,0,0
aten::reshape,,,1.65,8.1,0,0,0,0
aten::view,,,6.45,6.45,0,0,0,0
aten::movedim,,,1.55,11.26,0,0,0,0
aten::movedim,,,2.57,9.71,0,0,0,0
aten::permute,,,2.98,7.14,0,0,0,0
aten::as_strided,,,4.16,4.16,0,0,0,0
aten::reshape,,,0.9,3.92,0,0,0,0
aten::view,,,3.02,3.02,0,0,0,0
vllm::maybe_all_gather_and_maybe_unpad,,,39.32,269.35,0,15.2415,0,0
vllm::all_gather,,,112.2,230.03,0,15.2415,0,0
aten::empty,,,3.14,15.61,0,0,0,0
empty_tensor,,,12.47,12.47,0,0,0,0
c10d::_allgather_base_,,,50.45,76.2,0,10.7015,0,0
record_event,,,12.46,12.46,0.02,0.02,0,0
wait_event,,,2.86,2.86,5.0405,5.0405,0,0
HcclAllgatherBase,,,3.06,4.77,0,5.441,0,0
HcclAllGather,,,1.71,1.71,5.441,5.441,0,0
record_event,,,3.31,3.31,0.2,0.2,0,0
record_event,,,2.35,2.35,0.0,0.0,0,0
wait_event,,,2.88,2.88,4.54,4.54,0,0
destroy_event,,,1.57,1.57,0,0,0,0
aten::reshape,,,1.48,6.62,0,0,0,0
aten::view,,,5.14,5.14,0,0,0,0
aten::movedim,,,1.55,10.99,0,0,0,0
aten::movedim,,,2.72,9.44,0,0,0,0
aten::permute,,,2.75,6.72,0,0,0,0
aten::as_strided,,,3.97,3.97,0,0,0,0
aten::reshape,,,1.02,3.96,0,0,0,0
aten::view,,,2.94,2.94,0,0,0,0
_C_ascend::moe_gating_top_k_hash,,,42.79,81.78,0,11.66,0,0
aten::empty,,,3.05,15.5,0,0,0,0
empty_tensor,,,12.45,12.45,0,0,0,0
aten::empty,,,1.33,5.07,0,0,0,0
empty_tensor,,,3.74,3.74,0,0,0,0
aten::empty,,,1.16,4.87,0,0,0,0
empty_tensor,,,3.71,3.71,0,0,0,0
aclnnMoeGatingTopKHash,,,13.55,13.55,11.66,11.66,0,0
aten::to,,,1.86,47.56,0,1.02,0,0
aten::_to_copy,,,5.99,45.7,0,1.02,0,0
aten::empty_strided,,,8.78,14.09,0,0,0,0
empty_tensor,,,5.31,5.31,0,0,0,0
aten::copy_,,,16.9,25.62,0,1.02,0,0
aclnnInplaceCopy,,,8.72,8.72,1.02,1.02,0,0
aten::detach,,,4.32,4.32,0,0,0,0
aten::detach,,,1.13,1.13,0,0,0,0
Event::record,,,77.44,91.7,0,0.22,0,0
record_event,,,14.26,14.26,0.22,0.22,0,0
aten::index,,,32.02,55.48,0,23.5205,0,0
empty_tensor,,,6.45,6.45,0,0,0,0
empty_tensor,,,7.61,7.61,0,0,0,0
aclnnIndex,,,9.4,9.4,23.5205,23.5205,0,0
aten::ne,,,11.03,23.09,0,1.32,0,0
empty_tensor,,,5.59,5.59,0,0,0,0
aclnnNeScalar,,,6.47,6.47,1.32,1.32,0,0
aten::mul,,,15.61,26.05,0,2.38,0,0
empty_tensor,,,4.52,4.52,0,0,0,0
aclnnMul,,,5.92,5.92,2.38,2.38,0,0
npu::npu_moe_init_routing_v2,,,23.82,50.1,0,29.6605,0,0
empty_tensor,,,8.34,8.34,0,0,0,0
empty_tensor,,,3.47,3.47,0,0,0,0
empty_tensor,,,3.04,3.04,0,0,0,0
empty_tensor,,,2.99,2.99,0,0,0,0
aclnnMoeInitRoutingV3,,,8.44,8.44,29.6605,29.6605,0,0
aten::to,,,1.63,1.63,0,0,0,0
_C_ascend::grouped_matmul_swiglu_quant_v2,,,180.76,229.64,0,136.1425,0,0
aten::empty,,,3.09,13.0,0,0,0,0
empty_tensor,,,9.91,9.91,0,0,0,0
aten::empty,,,1.33,4.8,0,0,0,0
empty_tensor,,,3.47,3.47,0,0,0,0
aten::empty,,,3.67,17.43,0,0,0,0
empty_tensor,,,13.76,13.76,0,0,0,0
aclnnGroupedMatmulSwigluQuantWeightNzV2,,,13.65,13.65,136.1425,136.1425,0,0
Event::record,,,77.87,91.34,0,0.02,0,0
record_event,,,13.47,13.47,0.02,0.02,0,0
npu::npu_grouped_matmul,,,39.88,66.85,0,74.082,0,0
empty_tensor,,,14.91,14.91,0,0,0,0
npu::get_npu_format,,,1.67,1.67,0,0,0,0
aclnnGroupedMatmulWeightNz,,,10.39,10.39,74.082,74.082,0,0
Event::record,,,72.37,84.42,0,0.22,0,0
record_event,,,12.05,12.05,0.22,0.22,0,0
aten::abs,,,15.29,34.07,0,1.36,0,0
empty_tensor,,,10.61,10.61,0,0,0,0
aclnnAbs,,,8.17,8.17,1.36,1.36,0,0
npu::npu_moe_token_unpermute,,,71.31,88.11,0,13.14,0,0
empty_tensor,,,6.84,6.84,0,0,0,0
aclnnMoeTokenUnpermute,,,9.96,9.96,13.14,13.14,0,0
vllm::maybe_pad_and_reduce,,,37.96,291.04,0,13.88,0,0
vllm::reduce_scatter,,,117.8,253.08,0,13.88,0,0
aten::movedim,,,1.59,13.53,0,0,0,0
aten::movedim,,,2.73,11.94,0,0,0,0
aten::permute,,,3.35,9.21,0,0,0,0
aten::as_strided,,,5.86,5.86,0,0,0,0
aten::empty,,,11.96,24.12,0,0,0,0
empty_tensor,,,12.16,12.16,0,0,0,0
c10d::_reduce_scatter_base_,,,53.72,81.25,0,12.3,0,0
record_event,,,12.97,12.97,0.02,0.02,0,0
wait_event,,,3.12,3.12,0.0,0.0,0,0
HcclReduceScatterBase,,,3.02,5.33,0,12.24,0,0
HcclReduceScatter,,,2.31,2.31,12.24,12.24,0,0
record_event,,,3.7,3.7,0.02,0.02,0,0
record_event,,,2.41,2.41,0.02,0.02,0,0
wait_event,,,2.93,2.93,1.58,1.58,0,0
destroy_event,,,1.52,1.52,0,0,0,0
aten::movedim,,,1.49,11.93,0,0,0,0
aten::movedim,,,2.48,10.44,0,0,0,0
aten::permute,,,2.81,7.96,0,0,0,0
aten::as_strided,,,5.15,5.15,0,0,0,0
Event::wait,,,64.12,77.8,0,0,0,0
wait_event,,,13.68,13.68,0,0,0,0
npu::npu_dynamic_quant,,,29.49,56.96,0,4.1205,0,0
empty_tensor,,,12.86,12.86,0,0,0,0
empty_tensor,,,4.25,4.25,0,0,0,0
aclnnDynamicQuantV2,,,10.36,10.36,4.1205,4.1205,0,0
Event::wait,,,59.1,70.6,0,0,0,0
wait_event,,,11.5,11.5,0,0,0,0
npu::npu_quant_matmul,,,34.08,61.51,0,21.1205,0,0
empty_tensor,,,10.79,10.79,0,0,0,0
aten::empty,,,2.4,4.57,0,0,0,0
empty_tensor,,,2.17,2.17,0,0,0,0
aten::empty,,,1.1,2.75,0,0,0,0
empty_tensor,,,1.65,1.65,0,0,0,0
aclnnQuantMatmulWeightNz,,,9.32,9.32,21.1205,21.1205,0,0
Event::wait,,,56.67,67.87,0,0,0,0
wait_event,,,11.2,11.2,0,0,0,0
_C_ascend::npu_dequant_swiglu_quant,,,46.84,86.52,0,5.3005,0,0
aten::empty,,,2.78,13.27,0,0,0,0
empty_tensor,,,10.49,10.49,0,0,0,0
aten::empty,,,1.3,4.71,0,0,0,0
empty_tensor,,,3.41,3.41,0,0,0,0
aten::empty,,,2.38,9.96,0,0,0,0
empty_tensor,,,7.58,7.58,0,0,0,0
aclnnDequantSwigluQuantV2,,,11.74,11.74,5.3005,5.3005,0,0
Event::wait,,,59.33,71.31,0,0,0,0
wait_event,,,11.98,11.98,0,0,0,0
npu::npu_quant_matmul,,,36.46,67.11,0,19.88,0,0
empty_tensor,,,13.67,13.67,0,0,0,0
aten::empty,,,1.98,4.37,0,0,0,0
empty_tensor,,,2.39,2.39,0,0,0,0
aten::empty,,,1.16,3.0,0,0,0,0
empty_tensor,,,1.84,1.84,0,0,0,0
aclnnQuantMatmulWeightNz,,,9.61,9.61,19.88,19.88,0,0
Event::record,,,70.83,82.21,0,0.02,0,0
record_event,,,11.38,11.38,0.02,0.02,0,0
Event::wait,,,45.58,55.79,0,0.02,0,0
wait_event,,,10.21,10.21,0.02,0.02,0,0
destroy_event,,,6.36,6.36,0,0,0,0
destroy_event,,,6.18,6.18,0,0,0,0
destroy_event,,,3.76,3.76,0,0,0,0
destroy_event,,,1.37,1.37,0,0,0,0
destroy_event,,,1.8,1.8,0,0,0,0
destroy_event,,,2.23,2.23,0,0,0,0
aten::add,,,23.1,41.34,0,7.64,0,0
empty_tensor,,,11.02,11.02,0,0,0,0
aclnnAdd,,,7.22,7.22,7.64,7.64,0,0
vllm::maybe_all_reduce_tensor_model_parallel,,,25.24,25.24,0,0,0,0
aten::unsqueeze,,,4.84,9.06,0,0,0,0
aten::as_strided,,,4.22,4.22,0,0,0,0
aten::unsqueeze,,,2.28,4.06,0,0,0,0
aten::as_strided,,,1.78,1.78,0,0,0,0
aten::unsqueeze,,,2.07,3.72,0,0,0,0
aten::as_strided,,,1.65,1.65,0,0,0,0
aten::unsqueeze,,,1.84,3.44,0,0,0,0
aten::as_strided,,,1.6,1.6,0,0,0,0
_C_ascend::npu_hc_post,,,41.48,76.67,0,7.2805,0,0
aten::empty,,,2.65,11.65,0,0,0,0
empty_tensor,,,9.0,9.0,0,0,0,0
aten::empty,,,2.35,13.23,0,0,0,0
empty_tensor,,,10.88,10.88,0,0,0,0
aclnnHcPost,,,10.31,10.31,7.2805,7.2805,0,0
aten::squeeze,,,4.57,7.23,0,0,0,0
aten::as_strided,,,2.66,2.66,0,0,0,0
_C_ascend::npu_hc_pre_v2,,,37.13,74.58,0,40.0805,0,0
aten::empty,,,1.87,8.6,0,0,0,0
empty_tensor,,,6.73,6.73,0,0,0,0
aten::empty,,,1.32,4.82,0,0,0,0
empty_tensor,,,3.5,3.5,0,0,0,0
aten::empty,,,1.03,4.09,0,0,0,0
empty_tensor,,,3.06,3.06,0,0,0,0
aten::empty,,,2.22,9.76,0,0,0,0
empty_tensor,,,7.54,7.54,0,0,0,0
aclnnHcPre,,,10.18,10.18,40.0805,40.0805,0,0
npu::npu_rms_norm,,,48.57,66.28,0,4.58,0,0
empty_tensor,,,5.98,5.98,0,0,0,0
empty_tensor,,,3.46,3.46,0,0,0,0
aclnnRmsNorm,,,8.27,8.27,4.58,4.58,0,0
aten::empty,,,5.6,12.14,0,0,0,0
empty_tensor,,,6.54,6.54,0,0,0,0
aten::alias,,,3.7,3.7,0,0,0,0
vllm::dsa_forward,,,1469.56,3387.53,0,350.9475,0,0
aten::empty,,,3.17,13.0,0,0,0,0
empty_tensor,,,9.83,9.83,0,0,0,0
c10d::_allgather_base_,,,55.54,90.41,0,11.020000000000001,0,0
record_event,,,14.31,14.31,0.02,0.02,0,0
wait_event,,,3.16,3.16,0.02,0.02,0,0
HcclAllgatherBase,,,8.85,11.03,0,10.46,0,0
HcclAllGather,,,2.18,2.18,10.46,10.46,0,0
record_event,,,3.9,3.9,0.3,0.3,0,0
record_event,,,2.47,2.47,0.22,0.22,0,0
npu::npu_dynamic_quant,,,31.6,56.55,0,3.9,0,0
empty_tensor,,,9.91,9.91,0,0,0,0
empty_tensor,,,4.62,4.62,0,0,0,0
aclnnDynamicQuantV2,,,10.42,10.42,3.9,3.9,0,0
npu::npu_quant_matmul,,,31.3,53.9,0,15.8805,0,0
empty_tensor,,,6.81,6.81,0,0,0,0
aten::empty,,,2.33,4.49,0,0,0,0
empty_tensor,,,2.16,2.16,0,0,0,0
aten::empty,,,0.98,2.71,0,0,0,0
empty_tensor,,,1.73,1.73,0,0,0,0
aclnnQuantMatmulWeightNz,,,8.59,8.59,15.8805,15.8805,0,0
_C_ascend::npu_rms_norm_dynamic_quant,,,52.66,106.54,0,7.36,0,0
aten::empty_like,,,6.25,17.13,0,0,0,0
aten::empty_strided,,,7.32,10.88,0,0,0,0
empty_tensor,,,3.56,3.56,0,0,0,0
aten::empty,,,1.44,5.01,0,0,0,0
empty_tensor,,,3.57,3.57,0,0,0,0
aten::empty,,,0.93,3.87,0,0,0,0
empty_tensor,,,2.94,2.94,0,0,0,0
aten::empty_like,,,1.89,7.16,0,0,0,0
aten::empty_strided,,,3.57,5.27,0,0,0,0
empty_tensor,,,1.7,1.7,0,0,0,0
aten::empty,,,2.27,10.61,0,0,0,0
empty_tensor,,,8.34,8.34,0,0,0,0
aclnnRmsNormDynamicQuant,,,10.1,10.1,7.36,7.36,0,0
npu::npu_quant_matmul,,,30.19,51.44,0,33.6805,0,0
empty_tensor,,,6.37,6.37,0,0,0,0
aten::empty,,,1.7,3.65,0,0,0,0
empty_tensor,,,1.95,1.95,0,0,0,0
aten::empty,,,0.94,2.52,0,0,0,0
empty_tensor,,,1.58,1.58,0,0,0,0
aclnnQuantMatmulWeightNz,,,8.71,8.71,33.6805,33.6805,0,0
aten::unflatten,,,5.47,10.87,0,0,0,0
aten::view,,,5.4,5.4,0,0,0,0
aten::view,,,2.85,2.85,0,0,0,0
aten::empty_like,,,4.51,14.87,0,0,0,0
aten::empty_strided,,,6.96,10.36,0,0,0,0
empty_tensor,,,3.4,3.4,0,0,0,0
triton_rms_kernel,,,17.17,17.17,13.4005,13.4005,0,0
aten::view,,,8.16,8.16,0,0,0,0
aten::unsqueeze,,,3.02,7.39,0,0,0,0
aten::as_strided,,,4.37,4.37,0,0,0,0
_C_ascend::inplace_partial_rotary_mul,,,43.07,71.63,0,5.12,0,0
aten::empty,,,3.46,17.46,0,0,0,0
empty_tensor,,,14.0,14.0,0,0,0,0
aclnnInplacePartialRotaryMul,,,11.1,11.1,5.12,5.12,0,0
wait_event,,,4.89,4.89,0,0,0,0
aten::slice,,,3.99,7.74,0,0,0,0
aten::as_strided,,,3.75,3.75,0,0,0,0
npu::npu_dynamic_quant,,,28.39,51.94,0,7.06,0,0
empty_tensor,,,9.71,9.71,0,0,0,0
empty_tensor,,,4.4,4.4,0,0,0,0
aclnnDynamicQuantV2,,,9.44,9.44,7.06,7.06,0,0
npu::npu_quant_matmul,,,29.83,51.92,0,13.1005,0,0
empty_tensor,,,7.14,7.14,0,0,0,0
aten::empty,,,2.22,4.12,0,0,0,0
empty_tensor,,,1.9,1.9,0,0,0,0
aten::empty,,,0.99,2.5,0,0,0,0
empty_tensor,,,1.51,1.51,0,0,0,0
aclnnQuantMatmulWeightNz,,,8.33,8.33,13.1005,13.1005,0,0
npu::npu_rms_norm,,,53.17,71.65,0,9.46,0,0
empty_tensor,,,6.38,6.38,0,0,0,0
empty_tensor,,,3.17,3.17,0,0,0,0
aclnnRmsNorm,,,8.93,8.93,9.46,9.46,0,0
aten::view,,,5.18,5.18,0,0,0,0
aten::unsqueeze,,,2.92,6.72,0,0,0,0
aten::as_strided,,,3.8,3.8,0,0,0,0
aten::slice,,,3.33,5.66,0,0,0,0
aten::as_strided,,,2.33,2.33,0,0,0,0
aten::slice,,,1.03,2.77,0,0,0,0
aten::as_strided,,,1.74,1.74,0,0,0,0
_C_ascend::inplace_partial_rotary_mul,,,38.03,62.48,0,10.22,0,0
aten::empty,,,2.99,13.74,0,0,0,0
empty_tensor,,,10.75,10.75,0,0,0,0
aclnnInplacePartialRotaryMul,,,10.71,10.71,10.22,10.22,0,0
_C_ascend::npu_scatter_nd_update_sk,,,33.55,55.35,0,27.401,0,0
aten::empty,,,2.22,11.54,0,0,0,0
empty_tensor,,,9.32,9.32,0,0,0,0
aclnnScatterNdUpdateSk,,,10.26,10.26,27.401,27.401,0,0
aten::squeeze,,,8.48,13.42,0,0,0,0
aten::as_strided,,,4.94,4.94,0,0,0,0
aten::view,,,4.25,4.25,0,0,0,0
aten::view,,,13.3,13.3,0,0,0,0
_C_ascend::compressor,,,48.51,83.39,0,41.481,0,0
aten::empty,,,2.51,11.65,0,0,0,0
empty_tensor,,,9.14,9.14,0,0,0,0
aten::empty,,,2.17,11.38,0,0,0,0
empty_tensor,,,9.21,9.21,0,0,0,0
aclnnCompressor,,,11.85,11.85,41.481,41.481,0,0
_C_ascend::npu_scatter_nd_update_sk,,,32.83,57.99,0,15.2205,0,0
aten::empty,,,2.78,15.28,0,0,0,0
empty_tensor,,,12.5,12.5,0,0,0,0
aclnnScatterNdUpdateSk,,,9.88,9.88,15.2205,15.2205,0,0
_C_ascend::npu_sparse_attn_sharedkv,,,45.42,79.26,0,33.461,0,0
aten::empty,,,2.38,10.31,0,0,0,0
empty_tensor,,,7.93,7.93,0,0,0,0
aten::empty,,,1.16,3.04,0,0,0,0
empty_tensor,,,1.88,1.88,0,0,0,0
aten::empty,,,2.14,9.45,0,0,0,0
empty_tensor,,,7.31,7.31,0,0,0,0
aclnnSparseAttnSharedkv,,,11.04,11.04,33.461,33.461,0,0
destroy_event,,,2.75,2.75,0,0,0,0
aten::unsqueeze,,,3.76,9.07,0,0,0,0
aten::as_strided,,,5.31,5.31,0,0,0,0
aten::neg,,,14.35,29.33,0,1.02,0,0
empty_tensor,,,6.41,6.41,0,0,0,0
aclnnNeg,,,8.57,8.57,1.02,1.02,0,0
_C_ascend::inplace_partial_rotary_mul,,,35.95,57.96,0,5.1605,0,0
aten::empty,,,2.81,12.62,0,0,0,0
empty_tensor,,,9.81,9.81,0,0,0,0
aclnnInplacePartialRotaryMul,,,9.39,9.39,5.1605,5.1605,0,0
aten::view,,,5.89,5.89,0,0,0,0
aten::permute,,,3.02,7.62,0,0,0,0
aten::as_strided,,,4.6,4.6,0,0,0,0
aten::contiguous,,,2.68,40.05,0,11.84,0,0
aten::clone,,,4.45,37.37,0,11.84,0,0
empty_tensor,,,5.97,5.97,0,0,0,0
aten::copy_,,,19.21,26.95,0,11.84,0,0
aclnnInplaceCopy,,,7.74,7.74,11.84,11.84,0,0
aten::view,,,3.44,3.44,0,0,0,0
aten::empty_like,,,4.66,14.15,0,0,0,0
aten::empty_strided,,,6.74,9.49,0,0,0,0
empty_tensor,,,2.75,2.75,0,0,0,0
c10d::alltoall_base_,,,55.98,79.04,0,13.4,0,0
record_event,,,10.41,10.41,0.02,0.02,0,0
wait_event,,,3.18,3.18,0.02,0.02,0,0
HcclAlltoAll,,,2.05,3.42,0,13.14,0,0
HcclAlltoAll,,,1.37,1.37,13.14,13.14,0,0
record_event,,,3.71,3.71,0.2,0.2,0,0
record_event,,,2.34,2.34,0.02,0.02,0,0
wait_event,,,2.99,2.99,0.92,0.92,0,0
destroy_event,,,1.53,1.53,0,0,0,0
aten::view,,,5.39,5.39,0,0,0,0
npu::npu_transpose_batchmatmul,,,29.32,49.71,0,35.4405,0,0
empty_tensor,,,10.6,10.6,0,0,0,0
aclnnTransposeBatchMatMul,,,9.79,9.79,35.4405,35.4405,0,0
aten::reshape,,,1.73,6.58,0,0,0,0
aten::view,,,4.85,4.85,0,0,0,0
vllm::matmul_and_reduce,,,144.12,455.87,0,34.681,0,0
vllm::unquantized_gemm,,,17.14,79.39,0,16.4405,0,0
aten::linear,,,4.57,62.25,0,16.4405,0,0
aten::t,,,5.44,16.31,0,0,0,0
aten::transpose,,,4.84,10.87,0,0,0,0
aten::as_strided,,,6.03,6.03,0,0,0,0
aten::matmul,,,19.18,41.37,0,16.4405,0,0
empty_tensor,,,10.7,10.7,0,0,0,0
aclnnMatmul,,,11.49,11.49,16.4405,16.4405,0,0
vllm::reduce_scatter,,,113.99,232.36,0,18.2405,0,0
aten::movedim,,,1.52,10.59,0,0,0,0
aten::movedim,,,2.47,9.07,0,0,0,0
aten::permute,,,2.61,6.6,0,0,0,0
aten::as_strided,,,3.99,3.99,0,0,0,0
aten::empty,,,2.78,12.72,0,0,0,0
empty_tensor,,,9.94,9.94,0,0,0,0
c10d::_reduce_scatter_base_,,,53.61,79.56,0,18.220499999999998,0,0
record_event,,,11.96,11.96,0.02,0.02,0,0
wait_event,,,3.13,3.13,5.8205,5.8205,0,0
HcclReduceScatterBase,,,2.79,4.74,0,12.36,0,0
HcclReduceScatter,,,1.95,1.95,12.36,12.36,0,0
record_event,,,3.76,3.76,0.0,0.0,0,0
record_event,,,2.36,2.36,0.02,0.02,0,0
wait_event,,,2.98,2.98,0.02,0.02,0,0
destroy_event,,,1.58,1.58,0,0,0,0
aten::movedim,,,1.31,10.94,0,0,0,0
aten::movedim,,,2.34,9.63,0,0,0,0
aten::permute,,,2.98,7.29,0,0,0,0
aten::as_strided,,,4.31,4.31,0,0,0,0
aten::copy_,,,53.94,63.91,0,0.72,0,0
aclnnInplaceCopy,,,9.97,9.97,0.72,0.72,0,0
aten::unsqueeze,,,4.53,8.39,0,0,0,0
aten::as_strided,,,3.86,3.86,0,0,0,0
aten::unsqueeze,,,2.36,3.91,0,0,0,0
aten::as_strided,,,1.55,1.55,0,0,0,0
aten::unsqueeze,,,1.95,3.45,0,0,0,0
aten::as_strided,,,1.5,1.5,0,0,0,0
aten::detach,,,3.44,3.44,0,0,0,0
aten::reshape,,,4.26,8.11,0,0,0,0
aten::view,,,3.85,3.85,0,0,0,0
aten::unsqueeze,,,2.16,3.77,0,0,0,0
aten::as_strided,,,1.61,1.61,0,0,0,0
_C_ascend::npu_hc_post,,,38.06,74.59,0,7.58,0,0
aten::empty,,,2.8,13.33,0,0,0,0
empty_tensor,,,10.53,10.53,0,0,0,0
aten::empty,,,2.25,12.2,0,0,0,0
empty_tensor,,,9.95,9.95,0,0,0,0
aclnnHcPost,,,11.0,11.0,7.58,7.58,0,0
aten::squeeze,,,4.52,6.98,0,0,0,0
aten::as_strided,,,2.46,2.46,0,0,0,0
_C_ascend::npu_hc_pre_v2,,,37.32,74.12,0,30.3605,0,0
aten::empty,,,2.29,8.53,0,0,0,0
empty_tensor,,,6.24,6.24,0,0,0,0
aten::empty,,,1.21,4.52,0,0,0,0
empty_tensor,,,3.31,3.31,0,0,0,0
aten::empty,,,1.09,3.91,0,0,0,0
empty_tensor,,,2.82,2.82,0,0,0,0
aten::empty,,,2.07,9.91,0,0,0,0
empty_tensor,,,7.84,7.84,0,0,0,0
aclnnHcPre,,,9.93,9.93,30.3605,30.3605,0,0
npu::npu_rms_norm,,,48.96,67.21,0,5.8405,0,0
empty_tensor,,,6.27,6.27,0,0,0,0
empty_tensor,,,3.51,3.51,0,0,0,0
aclnnRmsNorm,,,8.47,8.47,5.8405,5.8405,0,0
aten::reshape,,,4.58,8.85,0,0,0,0
aten::view,,,4.27,4.27,0,0,0,0
vllm::moe_forward_shared,,,1920.32,4761.21,0,439.3295,0,0
aten::to,,,1.89,45.19,0,5.96,0,0
aten::_to_copy,,,5.18,43.3,0,5.96,0,0
aten::empty_strided,,,9.1,13.51,0,0,0,0
empty_tensor,,,4.41,4.41,0,0,0,0
aten::copy_,,,14.35,24.61,0,5.96,0,0
aclnnInplaceCopy,,,10.26,10.26,5.96,5.96,0,0
Event::record,,,77.14,89.15,0,0.22,0,0
record_event,,,12.01,12.01,0.22,0.22,0,0
aten::linear,,,4.37,56.99,0,11.54,0,0
aten::t,,,5.36,14.19,0,0,0,0
aten::transpose,,,2.81,8.83,0,0,0,0
aten::as_strided,,,6.02,6.02,0,0,0,0
aten::matmul,,,19.13,38.43,0,11.54,0,0
empty_tensor,,,10.3,10.3,0,0,0,0
aclnnMatmul,,,9.0,9.0,11.54,11.54,0,0
Event::record,,,69.99,81.06,0,0.02,0,0
record_event,,,11.07,11.07,0.02,0.02,0,0
vllm::maybe_all_gather_and_maybe_unpad,,,45.06,304.2,0,14.6215,0,0
vllm::all_gather,,,129.51,259.14,0,14.6215,0,0
aten::empty,,,3.73,16.52,0,0,0,0
empty_tensor,,,12.79,12.79,0,0,0,0
c10d::_allgather_base_,,,54.51,81.87,0,14.6015,0,0
record_event,,,13.07,13.07,0.02,0.02,0,0
wait_event,,,3.39,3.39,3.6005,3.6005,0,0
HcclAllgatherBase,,,3.05,4.91,0,10.741,0,0
HcclAllGather,,,1.86,1.86,10.741,10.741,0,0
record_event,,,3.53,3.53,0.22,0.22,0,0
record_event,,,2.46,2.46,0.02,0.02,0,0
wait_event,,,2.93,2.93,0.02,0.02,0,0
destroy_event,,,1.7,1.7,0,0,0,0
aten::reshape,,,1.76,8.17,0,0,0,0
aten::view,,,6.41,6.41,0,0,0,0
aten::movedim,,,1.62,11.38,0,0,0,0
aten::movedim,,,2.58,9.76,0,0,0,0
aten::permute,,,3.1,7.18,0,0,0,0
aten::as_strided,,,4.08,4.08,0,0,0,0
aten::reshape,,,0.84,7.06,0,0,0,0
aten::view,,,6.22,6.22,0,0,0,0
vllm::maybe_all_gather_and_maybe_unpad,,,39.23,273.61,0,9.5205,0,0
vllm::all_gather,,,114.73,234.38,0,9.5205,0,0
aten::empty,,,3.11,15.42,0,0,0,0
empty_tensor,,,12.31,12.31,0,0,0,0
c10d::_allgather_base_,,,49.71,76.95,0,9.5205,0,0
record_event,,,12.61,12.61,0.02,0.02,0,0
wait_event,,,3.86,3.86,4.3405,4.3405,0,0
HcclAllgatherBase,,,3.15,5.09,0,5.12,0,0
HcclAllGather,,,1.94,1.94,5.12,5.12,0,0
record_event,,,3.39,3.39,0.02,0.02,0,0
record_event,,,2.29,2.29,0.02,0.02,0,0
wait_event,,,3.45,3.45,0.0,0.0,0,0
destroy_event,,,1.95,1.95,0,0,0,0
aten::reshape,,,1.72,7.26,0,0,0,0
aten::view,,,5.54,5.54,0,0,0,0
aten::movedim,,,1.57,11.05,0,0,0,0
aten::movedim,,,2.4,9.48,0,0,0,0
aten::permute,,,2.7,7.08,0,0,0,0
aten::as_strided,,,4.38,4.38,0,0,0,0
aten::reshape,,,0.81,3.57,0,0,0,0
aten::view,,,2.76,2.76,0,0,0,0
_C_ascend::moe_gating_top_k_hash,,,42.63,82.68,0,10.74,0,0
aten::empty,,,3.02,16.17,0,0,0,0
empty_tensor,,,13.15,13.15,0,0,0,0
aten::empty,,,1.25,4.98,0,0,0,0
empty_tensor,,,3.73,3.73,0,0,0,0
aten::empty,,,1.11,6.7,0,0,0,0
empty_tensor,,,5.59,5.59,0,0,0,0
aclnnMoeGatingTopKHash,,,12.2,12.2,10.74,10.74,0,0
aten::to,,,1.73,47.56,0,0.92,0,0
aten::_to_copy,,,5.98,45.83,0,0.92,0,0
aten::empty_strided,,,8.42,13.68,0,0,0,0
empty_tensor,,,5.26,5.26,0,0,0,0
aten::copy_,,,17.25,26.17,0,0.92,0,0
aclnnInplaceCopy,,,8.92,8.92,0.92,0.92,0,0
aten::detach,,,4.34,4.34,0,0,0,0
aten::detach,,,1.25,1.25,0,0,0,0
Event::record,,,78.72,91.98,0,0.02,0,0
record_event,,,13.26,13.26,0.02,0.02,0,0
aten::index,,,32.09,56.44,0,18.8205,0,0
empty_tensor,,,6.94,6.94,0,0,0,0
empty_tensor,,,7.76,7.76,0,0,0,0
aclnnIndex,,,9.65,9.65,18.8205,18.8205,0,0
aten::ne,,,11.39,25.37,0,1.5,0,0
empty_tensor,,,5.6,5.6,0,0,0,0
aclnnNeScalar,,,8.38,8.38,1.5,1.5,0,0
aten::mul,,,14.38,24.8,0,2.1399999999999997,0,0
empty_tensor,,,4.53,4.53,0,0,0,0
aclnnMul,,,5.89,5.89,2.1399999999999997,2.1399999999999997,0,0
npu::npu_moe_init_routing_v2,,,23.78,49.34,0,31.5005,0,0
empty_tensor,,,8.73,8.73,0,0,0,0
empty_tensor,,,3.31,3.31,0,0,0,0
empty_tensor,,,3.04,3.04,0,0,0,0
empty_tensor,,,2.82,2.82,0,0,0,0
aclnnMoeInitRoutingV3,,,7.66,7.66,31.5005,31.5005,0,0
aten::to,,,1.65,1.65,0,0,0,0
_C_ascend::grouped_matmul_swiglu_quant_v2,,,180.06,230.76,0,164.8835,0,0
aten::empty,,,3.37,14.02,0,0,0,0
empty_tensor,,,10.65,10.65,0,0,0,0
aten::empty,,,1.2,4.99,0,0,0,0
empty_tensor,,,3.79,3.79,0,0,0,0
aten::empty,,,3.68,17.45,0,0,0,0
empty_tensor,,,13.77,13.77,0,0,0,0
aclnnGroupedMatmulSwigluQuantWeightNzV2,,,14.24,14.24,164.8835,164.8835,0,0
Event::record,,,78.56,91.86,0,0.02,0,0
record_event,,,13.3,13.3,0.02,0.02,0,0
npu::npu_grouped_matmul,,,40.63,68.16,0,91.7815,0,0
empty_tensor,,,15.73,15.73,0,0,0,0
npu::get_npu_format,,,1.79,1.79,0,0,0,0
aclnnGroupedMatmulWeightNz,,,10.01,10.01,91.7815,91.7815,0,0
Event::record,,,72.45,85.29,0,0.0,0,0
record_event,,,12.84,12.84,0.0,0.0,0,0
aten::abs,,,15.58,35.57,0,1.12,0,0
empty_tensor,,,10.59,10.59,0,0,0,0
aclnnAbs,,,9.4,9.4,1.12,1.12,0,0
npu::npu_moe_token_unpermute,,,68.24,85.18,0,13.28,0,0
empty_tensor,,,7.93,7.93,0,0,0,0
aclnnMoeTokenUnpermute,,,9.01,9.01,13.28,13.28,0,0
vllm::maybe_pad_and_reduce,,,36.99,287.21,0,11.601,0,0
vllm::reduce_scatter,,,116.26,250.22,0,11.601,0,0
aten::movedim,,,1.67,13.05,0,0,0,0
aten::movedim,,,2.57,11.38,0,0,0,0
aten::permute,,,3.28,8.81,0,0,0,0
aten::as_strided,,,5.53,5.53,0,0,0,0
aten::empty,,,2.94,14.1,0,0,0,0
empty_tensor,,,11.16,11.16,0,0,0,0
c10d::_reduce_scatter_base_,,,57.24,87.14,0,11.601,0,0
record_event,,,13.31,13.31,0.02,0.02,0,0
wait_event,,,4.27,4.27,0.02,0.02,0,0
HcclReduceScatterBase,,,3.04,6.16,0,11.521,0,0
HcclReduceScatter,,,3.12,3.12,11.521,11.521,0,0
record_event,,,3.53,3.53,0.02,0.02,0,0
record_event,,,2.63,2.63,0.02,0.02,0,0
wait_event,,,3.06,3.06,0.0,0.0,0,0
destroy_event,,,1.71,1.71,0,0,0,0
aten::movedim,,,3.1,14.9,0,0,0,0
aten::movedim,,,2.39,11.8,0,0,0,0
aten::permute,,,4.18,9.41,0,0,0,0
aten::as_strided,,,5.23,5.23,0,0,0,0
Event::wait,,,64.39,77.87,0,0.02,0,0
wait_event,,,13.48,13.48,0.02,0.02,0,0
npu::npu_dynamic_quant,,,29.01,56.24,0,3.94,0,0
empty_tensor,,,13.17,13.17,0,0,0,0
empty_tensor,,,3.93,3.93,0,0,0,0
aclnnDynamicQuantV2,,,10.13,10.13,3.94,3.94,0,0
Event::wait,,,56.66,67.29,0,0.22,0,0
wait_event,,,10.63,10.63,0.22,0.22,0,0
npu::npu_quant_matmul,,,34.82,62.95,0,20.3405,0,0
empty_tensor,,,11.03,11.03,0,0,0,0
aten::empty,,,2.42,4.67,0,0,0,0
empty_tensor,,,2.25,2.25,0,0,0,0
aten::empty,,,1.1,2.64,0,0,0,0
empty_tensor,,,1.54,1.54,0,0,0,0
aclnnQuantMatmulWeightNz,,,9.79,9.79,20.3405,20.3405,0,0
Event::wait,,,56.09,67.43,0,0.22,0,0
wait_event,,,11.34,11.34,0.22,0.22,0,0
_C_ascend::npu_dequant_swiglu_quant,,,47.69,86.47,0,4.92,0,0
aten::empty,,,3.01,13.91,0,0,0,0
empty_tensor,,,10.9,10.9,0,0,0,0
aten::empty,,,1.2,4.67,0,0,0,0
empty_tensor,,,3.47,3.47,0,0,0,0
aten::empty,,,2.4,9.69,0,0,0,0
empty_tensor,,,7.29,7.29,0,0,0,0
aclnnDequantSwigluQuantV2,,,10.51,10.51,4.92,4.92,0,0
Event::wait,,,58.63,70.75,0,0.02,0,0
wait_event,,,12.12,12.12,0.02,0.02,0,0
npu::npu_quant_matmul,,,36.06,64.42,0,19.4,0,0
empty_tensor,,,10.7,10.7,0,0,0,0
aten::empty,,,2.23,4.66,0,0,0,0
empty_tensor,,,2.43,2.43,0,0,0,0
aten::empty,,,0.95,2.63,0,0,0,0
empty_tensor,,,1.68,1.68,0,0,0,0
aclnnQuantMatmulWeightNz,,,10.37,10.37,19.4,19.4,0,0
Event::record,,,69.44,86.59,0,0.02,0,0
record_event,,,17.15,17.15,0.02,0.02,0,0
Event::wait,,,45.66,56.89,0,0.02,0,0
wait_event,,,11.23,11.23,0.02,0.02,0,0
destroy_event,,,8.22,8.22,0,0,0,0
destroy_event,,,7.81,7.81,0,0,0,0
destroy_event,,,2.06,2.06,0,0,0,0
destroy_event,,,1.78,1.78,0,0,0,0
destroy_event,,,1.38,1.38,0,0,0,0
destroy_event,,,3.1,3.1,0,0,0,0
aten::add,,,22.15,40.96,0,7.5405,0,0
empty_tensor,,,11.72,11.72,0,0,0,0
aclnnAdd,,,7.09,7.09,7.5405,7.5405,0,0
vllm::maybe_all_reduce_tensor_model_parallel,,,24.43,24.43,0,0,0,0
aten::unsqueeze,,,4.92,8.92,0,0,0,0
aten::as_strided,,,4.0,4.0,0,0,0,0
aten::unsqueeze,,,2.25,4.23,0,0,0,0
aten::as_strided,,,1.98,1.98,0,0,0,0
aten::unsqueeze,,,1.89,3.43,0,0,0,0
aten::as_strided,,,1.54,1.54,0,0,0,0
aten::unsqueeze,,,1.91,3.3,0,0,0,0
aten::as_strided,,,1.39,1.39,0,0,0,0
_C_ascend::npu_hc_post,,,41.76,76.54,0,7.18,0,0
aten::empty,,,2.63,11.62,0,0,0,0
empty_tensor,,,8.99,8.99,0,0,0,0
aten::empty,,,2.38,12.69,0,0,0,0
empty_tensor,,,10.31,10.31,0,0,0,0
aclnnHcPost,,,10.47,10.47,7.18,7.18,0,0
aten::squeeze,,,4.55,7.0,0,0,0,0
aten::as_strided,,,2.45,2.45,0,0,0,0
_C_ascend::npu_hc_pre_v2,,,36.87,73.55,0,31.7005,0,0
aten::empty,,,1.82,8.4,0,0,0,0
empty_tensor,,,6.58,6.58,0,0,0,0
aten::empty,,,1.2,4.48,0,0,0,0
empty_tensor,,,3.28,3.28,0,0,0,0
aten::empty,,,1.07,4.07,0,0,0,0
empty_tensor,,,3.0,3.0,0,0,0,0
aten::empty,,,1.98,10.1,0,0,0,0
empty_tensor,,,8.12,8.12,0,0,0,0
aclnnHcPre,,,9.63,9.63,31.7005,31.7005,0,0
npu::npu_rms_norm,,,49.25,66.92,0,4.74,0,0
empty_tensor,,,5.81,5.81,0,0,0,0
empty_tensor,,,3.59,3.59,0,0,0,0
aclnnRmsNorm,,,8.27,8.27,4.74,4.74,0,0
aten::empty,,,5.56,12.72,0,0,0,0
empty_tensor,,,7.16,7.16,0,0,0,0
aten::alias,,,4.08,4.08,0,0,0,0
vllm::dsa_forward,,,2168.08,5008.41,0,626.014,0,0
aten::empty,,,3.23,13.03,0,0,0,0
empty_tensor,,,9.8,9.8,0,0,0,0
c10d::_allgather_base_,,,56.93,86.17,0,13.921,0,0
record_event,,,15.27,15.27,0.02,0.02,0,0
wait_event,,,3.07,3.07,3.4,3.4,0,0
HcclAllgatherBase,,,3.19,5.24,0,10.261,0,0
HcclAllGather,,,2.05,2.05,10.261,10.261,0,0
record_event,,,3.26,3.26,0.22,0.22,0,0
record_event,,,2.4,2.4,0.02,0.02,0,0
npu::npu_dynamic_quant,,,29.39,46.86,0,3.94,0,0
empty_tensor,,,9.65,9.65,0,0,0,0
empty_tensor,,,4.62,4.62,0,0,0,0
aclnnDynamicQuantV2,,,3.2,3.2,3.94,3.94,0,0
npu::npu_quant_matmul,,,30.51,56.26,0,16.6405,0,0
empty_tensor,,,6.94,6.94,0,0,0,0
aten::empty,,,2.11,5.68,0,0,0,0
empty_tensor,,,3.57,3.57,0,0,0,0
aten::empty,,,0.99,2.59,0,0,0,0
empty_tensor,,,1.6,1.6,0,0,0,0
aclnnQuantMatmulWeightNz,,,10.54,10.54,16.6405,16.6405,0,0
_C_ascend::npu_rms_norm_dynamic_quant,,,45.72,99.65,0,6.96,0,0
aten::empty_like,,,5.24,15.93,0,0,0,0
aten::empty_strided,,,7.31,10.69,0,0,0,0
empty_tensor,,,3.38,3.38,0,0,0,0
aten::empty,,,1.39,5.02,0,0,0,0
empty_tensor,,,3.63,3.63,0,0,0,0
aten::empty,,,0.94,3.98,0,0,0,0
empty_tensor,,,3.04,3.04,0,0,0,0
aten::empty_like,,,1.92,7.24,0,0,0,0
aten::empty_strided,,,3.67,5.32,0,0,0,0
empty_tensor,,,1.65,1.65,0,0,0,0
aten::empty,,,2.14,10.42,0,0,0,0
empty_tensor,,,8.28,8.28,0,0,0,0
aclnnRmsNormDynamicQuant,,,11.34,11.34,6.96,6.96,0,0
npu::npu_quant_matmul,,,31.72,54.66,0,35.161,0,0
empty_tensor,,,7.39,7.39,0,0,0,0
aten::empty,,,1.74,3.88,0,0,0,0
empty_tensor,,,2.14,2.14,0,0,0,0
aten::empty,,,1.03,2.58,0,0,0,0
empty_tensor,,,1.55,1.55,0,0,0,0
aclnnQuantMatmulWeightNz,,,9.09,9.09,35.161,35.161,0,0
aten::unflatten,,,5.18,10.32,0,0,0,0
aten::view,,,5.14,5.14,0,0,0,0
aten::view,,,2.75,2.75,0,0,0,0
aten::empty_like,,,4.26,15.13,0,0,0,0
aten::empty_strided,,,7.53,10.87,0,0,0,0
empty_tensor,,,3.34,3.34,0,0,0,0
triton_rms_kernel,,,15.35,15.35,13.0,13.0,0,0
aten::view,,,7.64,7.64,0,0,0,0
aten::unsqueeze,,,2.95,7.54,0,0,0,0
aten::as_strided,,,4.59,4.59,0,0,0,0
_C_ascend::inplace_partial_rotary_mul,,,43.46,72.3,0,6.0805,0,0
aten::empty,,,3.35,17.51,0,0,0,0
empty_tensor,,,14.16,14.16,0,0,0,0
aclnnInplacePartialRotaryMul,,,11.33,11.33,6.0805,6.0805,0,0
wait_event,,,4.59,4.59,0.02,0.02,0,0
aten::slice,,,4.29,8.15,0,0,0,0
aten::as_strided,,,3.86,3.86,0,0,0,0
npu::npu_dynamic_quant,,,29.07,52.55,0,7.1,0,0
empty_tensor,,,9.54,9.54,0,0,0,0
empty_tensor,,,4.29,4.29,0,0,0,0
aclnnDynamicQuantV2,,,9.65,9.65,7.1,7.1,0,0
npu::npu_quant_matmul,,,29.39,51.44,0,14.2,0,0
empty_tensor,,,6.99,6.99,0,0,0,0
aten::empty,,,2.18,4.24,0,0,0,0
empty_tensor,,,2.06,2.06,0,0,0,0
aten::empty,,,1.02,2.54,0,0,0,0
empty_tensor,,,1.52,1.52,0,0,0,0
aclnnQuantMatmulWeightNz,,,8.28,8.28,14.2,14.2,0,0
npu::npu_rms_norm,,,55.47,75.44,0,9.86,0,0
empty_tensor,,,6.63,6.63,0,0,0,0
empty_tensor,,,3.16,3.16,0,0,0,0
aclnnRmsNorm,,,10.18,10.18,9.86,9.86,0,0
aten::view,,,5.55,5.55,0,0,0,0
aten::unsqueeze,,,2.95,6.78,0,0,0,0
aten::as_strided,,,3.83,3.83,0,0,0,0
aten::slice,,,3.12,5.18,0,0,0,0
aten::as_strided,,,2.06,2.06,0,0,0,0
aten::slice,,,1.02,2.75,0,0,0,0
aten::as_strided,,,1.73,1.73,0,0,0,0
_C_ascend::inplace_partial_rotary_mul,,,38.42,65.07,0,9.2605,0,0
aten::empty,,,3.14,16.12,0,0,0,0
empty_tensor,,,12.98,12.98,0,0,0,0
aclnnInplacePartialRotaryMul,,,10.53,10.53,9.2605,9.2605,0,0
_C_ascend::npu_scatter_nd_update_sk,,,33.15,54.42,0,26.3605,0,0
aten::empty,,,2.51,11.69,0,0,0,0
empty_tensor,,,9.18,9.18,0,0,0,0
aclnnScatterNdUpdateSk,,,9.58,9.58,26.3605,26.3605,0,0
aten::squeeze,,,8.71,14.71,0,0,0,0
aten::as_strided,,,6.0,6.0,0,0,0,0
aten::view,,,4.27,4.27,0,0,0,0
aten::view,,,2.23,2.23,0,0,0,0
_C_ascend::compressor,,,49.74,83.06,0,52.5215,0,0
aten::empty,,,2.62,11.73,0,0,0,0
empty_tensor,,,9.11,9.11,0,0,0,0
aten::empty,,,2.3,10.94,0,0,0,0
empty_tensor,,,8.64,8.64,0,0,0,0
aclnnCompressor,,,10.65,10.65,52.5215,52.5215,0,0
aten::reshape,,,1.77,6.81,0,0,0,0
aten::view,,,5.04,5.04,0,0,0,0
aten::linear,,,3.68,49.47,0,5.9,0,0
aten::t,,,4.79,10.88,0,0,0,0
aten::transpose,,,2.68,6.09,0,0,0,0
aten::as_strided,,,3.41,3.41,0,0,0,0
aten::matmul,,,18.1,34.91,0,5.9,0,0
empty_tensor,,,7.48,7.48,0,0,0,0
aclnnMatmul,,,9.33,9.33,5.9,5.9,0,0
aten::mul,,,14.57,34.13,0,1.16,0,0
empty_tensor,,,5.46,5.46,0,0,0,0
aten::item,,,1.72,3.98,0,0,0,0
aten::_local_scalar_dense,,,2.26,2.26,0,0,0,0
aclnnMuls,,,10.12,10.12,1.16,1.16,0,0
aten::alias,,,2.45,2.45,0,0,0,0
aten::reshape,,,1.21,4.88,0,0,0,0
aten::view,,,3.67,3.67,0,0,0,0
npu::npu_dynamic_quant,,,24.33,44.39,0,2.84,0,0
empty_tensor,,,6.27,6.27,0,0,0,0
empty_tensor,,,4.04,4.04,0,0,0,0
aclnnDynamicQuantV2,,,9.75,9.75,2.84,2.84,0,0
aten::unsqueeze,,,2.87,6.64,0,0,0,0
aten::as_strided,,,3.77,3.77,0,0,0,0
_C_ascend::npu_scatter_nd_update_sk,,,34.88,55.64,0,19.6605,0,0
aten::empty,,,2.87,11.52,0,0,0,0
empty_tensor,,,8.65,8.65,0,0,0,0
aclnnScatterNdUpdateSk,,,9.24,9.24,19.6605,19.6605,0,0
aten::to,,,1.78,39.22,0,1.16,0,0
aten::_to_copy,,,5.23,37.44,0,1.16,0,0
aten::empty_strided,,,7.83,11.35,0,0,0,0
empty_tensor,,,3.52,3.52,0,0,0,0
aten::copy_,,,13.31,20.86,0,1.16,0,0
aclnnInplaceCopy,,,7.55,7.55,1.16,1.16,0,0
aten::unsqueeze,,,2.72,6.42,0,0,0,0
aten::as_strided,,,3.7,3.7,0,0,0,0
_C_ascend::npu_scatter_nd_update_sk,,,31.42,55.06,0,20.6205,0,0
aten::empty,,,2.23,14.32,0,0,0,0
empty_tensor,,,12.09,12.09,0,0,0,0
aclnnScatterNdUpdateSk,,,9.32,9.32,20.6205,20.6205,0,0
npu::npu_quant_matmul,,,30.46,53.53,0,16.5405,0,0
empty_tensor,,,7.34,7.34,0,0,0,0
aten::empty,,,1.69,4.5,0,0,0,0
empty_tensor,,,2.81,2.81,0,0,0,0
aten::empty,,,1.01,2.64,0,0,0,0
empty_tensor,,,1.63,1.63,0,0,0,0
aclnnQuantMatmulWeightNz,,,8.59,8.59,16.5405,16.5405,0,0
aten::view,,,5.16,5.16,0,0,0,0
aten::unsqueeze,,,2.45,6.24,0,0,0,0
aten::as_strided,,,3.79,3.79,0,0,0,0
_C_ascend::inplace_partial_rotary_mul,,,39.49,65.17,0,5.36,0,0
aten::empty,,,2.7,11.91,0,0,0,0
empty_tensor,,,9.21,9.21,0,0,0,0
aclnnInplacePartialRotaryMul,,,13.77,13.77,5.36,5.36,0,0
aten::reshape,,,1.5,6.37,0,0,0,0
aten::view,,,4.87,4.87,0,0,0,0
aten::linear,,,3.77,46.76,0,6.1605,0,0
aten::t,,,5.3,11.79,0,0,0,0
aten::transpose,,,2.83,6.49,0,0,0,0
aten::as_strided,,,3.66,3.66,0,0,0,0
aten::matmul,,,16.93,31.2,0,6.1605,0,0
empty_tensor,,,6.43,6.43,0,0,0,0
aclnnMatmul,,,7.84,7.84,6.1605,6.1605,0,0
aten::mul,,,13.93,28.5,0,5.4405,0,0
empty_tensor,,,5.26,5.26,0,0,0,0
aten::item,,,1.76,3.01,0,0,0,0
aten::_local_scalar_dense,,,1.25,1.25,0,0,0,0
aclnnMuls,,,6.3,6.3,5.4405,5.4405,0,0
aten::alias,,,2.53,2.53,0,0,0,0
aten::reshape,,,1.37,5.27,0,0,0,0
aten::view,,,3.9,3.9,0,0,0,0
vllm::unquantized_gemm,,,17.46,65.04,0,11.5005,0,0
aten::linear,,,3.51,47.58,0,11.5005,0,0
aten::t,,,4.85,12.43,0,0,0,0
aten::transpose,,,2.73,7.58,0,0,0,0
aten::as_strided,,,4.85,4.85,0,0,0,0
aten::matmul,,,14.88,31.64,0,11.5005,0,0
empty_tensor,,,7.47,7.47,0,0,0,0
aclnnMatmul,,,9.29,9.29,11.5005,11.5005,0,0
aten::mul,,,15.27,32.29,0,0.86,0,0
empty_tensor,,,6.21,6.21,0,0,0,0
aten::item,,,1.42,2.6,0,0,0,0
aten::_local_scalar_dense,,,1.18,1.18,0,0,0,0
aclnnMuls,,,8.21,8.21,0.86,0.86,0,0
npu::npu_dynamic_quant,,,23.34,42.44,0,6.66,0,0
empty_tensor,,,6.8,6.8,0,0,0,0
empty_tensor,,,4.28,4.28,0,0,0,0
aclnnDynamicQuantV2,,,8.02,8.02,6.66,6.66,0,0
aten::to,,,1.76,36.0,0,0.98,0,0
aten::_to_copy,,,5.54,34.24,0,0.98,0,0
aten::empty_strided,,,7.1,10.21,0,0,0,0
empty_tensor,,,3.11,3.11,0,0,0,0
aten::copy_,,,11.86,18.49,0,0.98,0,0
aclnnInplaceCopy,,,6.63,6.63,0.98,0.98,0,0
aten::to,,,1.04,28.0,0,1.34,0,0
aten::_to_copy,,,3.1,26.96,0,1.34,0,0
aten::empty_strided,,,5.54,8.56,0,0,0,0
empty_tensor,,,3.02,3.02,0,0,0,0
aten::copy_,,,9.37,15.3,0,1.34,0,0
aclnnInplaceCopy,,,5.93,5.93,1.34,1.34,0,0
aten::squeeze,,,7.07,12.03,0,0,0,0
aten::as_strided,,,4.96,4.96,0,0,0,0
aten::to,,,1.07,1.07,0,0,0,0
aten::slice,,,6.08,8.92,0,0,0,0
aten::as_strided,,,2.84,2.84,0,0,0,0
_C_ascend::npu_vllm_quant_lightning_indexer,,,51.6,87.7,0,79.3615,0,0
aten::empty,,,2.3,9.26,0,0,0,0
empty_tensor,,,6.96,6.96,0,0,0,0
aten::empty,,,1.12,4.67,0,0,0,0
empty_tensor,,,3.55,3.55,0,0,0,0
aten::empty,,,1.98,11.34,0,0,0,0
empty_tensor,,,9.36,9.36,0,0,0,0
aclnnVllmQuantLightningIndexer,,,10.83,10.83,79.3615,79.3615,0,0
aten::squeeze,,,7.01,12.55,0,0,0,0
aten::as_strided,,,5.54,5.54,0,0,0,0
aten::view,,,4.42,4.42,0,0,0,0
aten::view,,,2.23,2.23,0,0,0,0
_C_ascend::compressor,,,49.01,81.92,0,58.581,0,0
aten::empty,,,2.15,10.58,0,0,0,0
empty_tensor,,,8.43,8.43,0,0,0,0
aten::empty,,,2.03,11.11,0,0,0,0
empty_tensor,,,9.08,9.08,0,0,0,0
aclnnCompressor,,,11.22,11.22,58.581,58.581,0,0
_C_ascend::npu_scatter_nd_update_sk,,,33.18,54.44,0,18.4005,0,0
aten::empty,,,2.52,11.54,0,0,0,0
empty_tensor,,,9.02,9.02,0,0,0,0
aclnnScatterNdUpdateSk,,,9.72,9.72,18.4005,18.4005,0,0
_C_ascend::npu_sparse_attn_sharedkv,,,45.19,78.69,0,47.801,0,0
aten::empty,,,1.95,9.1,0,0,0,0
empty_tensor,,,7.15,7.15,0,0,0,0
aten::empty,,,1.36,3.34,0,0,0,0
empty_tensor,,,1.98,1.98,0,0,0,0
aten::empty,,,2.03,10.8,0,0,0,0
empty_tensor,,,8.77,8.77,0,0,0,0
aclnnSparseAttnSharedkv,,,10.26,10.26,47.801,47.801,0,0
destroy_event,,,2.56,2.56,0,0,0,0
aten::unsqueeze,,,3.77,8.35,0,0,0,0
aten::as_strided,,,4.58,4.58,0,0,0,0
aten::neg,,,14.39,30.51,0,1.1,0,0
empty_tensor,,,7.73,7.73,0,0,0,0
aclnnNeg,,,8.39,8.39,1.1,1.1,0,0
_C_ascend::inplace_partial_rotary_mul,,,36.47,58.1,0,5.16,0,0
aten::empty,,,2.76,12.25,0,0,0,0
empty_tensor,,,9.49,9.49,0,0,0,0
aclnnInplacePartialRotaryMul,,,9.38,9.38,5.16,5.16,0,0
aten::view,,,5.45,5.45,0,0,0,0
aten::permute,,,2.96,7.89,0,0,0,0
aten::as_strided,,,4.93,4.93,0,0,0,0
aten::contiguous,,,2.43,38.67,0,12.7405,0,0
aten::clone,,,4.07,36.24,0,12.7405,0,0
empty_tensor,,,5.88,5.88,0,0,0,0
aten::copy_,,,18.33,26.29,0,12.7405,0,0
aclnnInplaceCopy,,,7.96,7.96,12.7405,12.7405,0,0
aten::view,,,3.77,3.77,0,0,0,0
aten::empty_like,,,4.69,13.9,0,0,0,0
aten::empty_strided,,,6.5,9.21,0,0,0,0
empty_tensor,,,2.71,2.71,0,0,0,0
c10d::alltoall_base_,,,55.87,78.86,0,13.56,0,0
record_event,,,10.44,10.44,0.02,0.02,0,0
wait_event,,,3.46,3.46,0.0,0.0,0,0
HcclAlltoAll,,,2.15,3.58,0,13.32,0,0
HcclAlltoAll,,,1.43,1.43,13.32,13.32,0,0
record_event,,,3.23,3.23,0.2,0.2,0,0
record_event,,,2.28,2.28,0.02,0.02,0,0
wait_event,,,2.74,2.74,0.0,0.0,0,0
destroy_event,,,1.82,1.82,0,0,0,0
aten::view,,,5.39,5.39,0,0,0,0
npu::npu_transpose_batchmatmul,,,29.9,50.41,0,33.3005,0,0
empty_tensor,,,10.57,10.57,0,0,0,0
aclnnTransposeBatchMatMul,,,9.94,9.94,33.3005,33.3005,0,0
aten::reshape,,,1.71,6.13,0,0,0,0
aten::view,,,4.42,4.42,0,0,0,0
vllm::matmul_and_reduce,,,142.34,462.79,0,34.0805,0,0
vllm::unquantized_gemm,,,16.8,76.04,0,16.8205,0,0
aten::linear,,,4.41,59.24,0,16.8205,0,0
aten::t,,,5.61,14.36,0,0,0,0
aten::transpose,,,3.08,8.75,0,0,0,0
aten::as_strided,,,5.67,5.67,0,0,0,0
aten::matmul,,,19.34,40.47,0,16.8205,0,0
empty_tensor,,,10.6,10.6,0,0,0,0
aclnnMatmul,,,10.53,10.53,16.8205,16.8205,0,0
vllm::reduce_scatter,,,123.85,244.41,0,17.26,0,0
aten::movedim,,,1.54,10.77,0,0,0,0
aten::movedim,,,2.59,9.23,0,0,0,0
aten::permute,,,2.69,6.64,0,0,0,0
aten::as_strided,,,3.95,3.95,0,0,0,0
aten::empty,,,2.83,13.23,0,0,0,0
empty_tensor,,,10.4,10.4,0,0,0,0
c10d::_reduce_scatter_base_,,,54.22,80.47,0,17.26,0,0
record_event,,,12.46,12.46,0.02,0.02,0,0
wait_event,,,3.14,3.14,4.68,4.68,0,0
HcclReduceScatterBase,,,2.87,4.83,0,12.32,0,0
HcclReduceScatter,,,1.96,1.96,12.32,12.32,0,0
record_event,,,3.49,3.49,0.22,0.22,0,0
record_event,,,2.33,2.33,0.02,0.02,0,0
wait_event,,,2.97,2.97,0.0,0.0,0,0
destroy_event,,,1.64,1.64,0,0,0,0
aten::movedim,,,1.57,11.48,0,0,0,0
aten::movedim,,,2.41,9.91,0,0,0,0
aten::permute,,,2.92,7.5,0,0,0,0
aten::as_strided,,,4.58,4.58,0,0,0,0
aten::copy_,,,56.34,66.76,0,0.72,0,0
aclnnInplaceCopy,,,10.42,10.42,0.72,0.72,0,0
aten::unsqueeze,,,4.37,8.35,0,0,0,0
aten::as_strided,,,3.98,3.98,0,0,0,0
aten::unsqueeze,,,2.4,3.96,0,0,0,0
aten::as_strided,,,1.56,1.56,0,0,0,0
aten::unsqueeze,,,1.91,3.47,0,0,0,0
aten::as_strided,,,1.56,1.56,0,0,0,0
aten::detach,,,3.55,3.55,0,0,0,0
aten::reshape,,,4.45,7.9,0,0,0,0
aten::view,,,3.45,3.45,0,0,0,0
aten::unsqueeze,,,2.21,3.73,0,0,0,0
aten::as_strided,,,1.52,1.52,0,0,0,0
_C_ascend::npu_hc_post,,,38.16,75.76,0,9.24,0,0
aten::empty,,,2.78,13.41,0,0,0,0
empty_tensor,,,10.63,10.63,0,0,0,0
aten::empty,,,2.4,12.67,0,0,0,0
empty_tensor,,,10.27,10.27,0,0,0,0
aclnnHcPost,,,11.52,11.52,9.24,9.24,0,0
aten::squeeze,,,4.47,7.05,0,0,0,0
aten::as_strided,,,2.58,2.58,0,0,0,0
_C_ascend::npu_hc_pre_v2,,,36.4,76.8,0,32.9205,0,0
aten::empty,,,2.15,8.56,0,0,0,0
empty_tensor,,,6.41,6.41,0,0,0,0
aten::empty,,,1.27,8.77,0,0,0,0
empty_tensor,,,7.5,7.5,0,0,0,0
aten::empty,,,1.1,4.26,0,0,0,0
empty_tensor,,,3.16,3.16,0,0,0,0
aten::empty,,,1.82,9.01,0,0,0,0
empty_tensor,,,7.19,7.19,0,0,0,0
aclnnHcPre,,,9.8,9.8,32.9205,32.9205,0,0
npu::npu_rms_norm,,,48.7,67.2,0,5.06,0,0
empty_tensor,,,5.7,5.7,0,0,0,0
empty_tensor,,,3.6,3.6,0,0,0,0
aclnnRmsNorm,,,9.2,9.2,5.06,5.06,0,0
aten::reshape,,,4.61,8.8,0,0,0,0
aten::view,,,4.19,4.19,0,0,0,0
vllm::moe_forward_shared,,,1913.42,4771.44,0,430.6285,0,0
aten::to,,,1.95,45.73,0,5.94,0,0
aten::_to_copy,,,5.41,43.78,0,5.94,0,0
aten::empty_strided,,,9.32,13.84,0,0,0,0
empty_tensor,,,4.52,4.52,0,0,0,0
aten::copy_,,,14.7,24.53,0,5.94,0,0
aclnnInplaceCopy,,,9.83,9.83,5.94,5.94,0,0
Event::record,,,79.99,92.26,0,0.02,0,0
record_event,,,12.27,12.27,0.02,0.02,0,0
aten::linear,,,4.71,58.25,0,11.48,0,0
aten::t,,,5.67,14.62,0,0,0,0
aten::transpose,,,2.91,8.95,0,0,0,0
aten::as_strided,,,6.04,6.04,0,0,0,0
aten::matmul,,,19.13,38.92,0,11.48,0,0
empty_tensor,,,10.56,10.56,0,0,0,0
aclnnMatmul,,,9.23,9.23,11.48,11.48,0,0
Event::record,,,70.29,83.22,0,0.02,0,0
record_event,,,12.93,12.93,0.02,0.02,0,0
vllm::maybe_all_gather_and_maybe_unpad,,,44.02,301.13,0,11.139999999999999,0,0
vllm::all_gather,,,129.45,257.11,0,11.139999999999999,0,0
aten::empty,,,4.02,17.62,0,0,0,0
empty_tensor,,,13.6,13.6,0,0,0,0
c10d::_allgather_base_,,,54.41,81.99,0,11.12,0,0
record_event,,,13.5,13.5,0.22,0.22,0,0
wait_event,,,3.1,3.1,0.0,0.0,0,0
HcclAllgatherBase,,,3.26,5.22,0,10.86,0,0
HcclAllGather,,,1.96,1.96,10.86,10.86,0,0
record_event,,,3.48,3.48,0.02,0.02,0,0
record_event,,,2.28,2.28,0.02,0.02,0,0
wait_event,,,3.41,3.41,0.02,0.02,0,0
destroy_event,,,1.84,1.84,0,0,0,0
aten::reshape,,,1.74,7.81,0,0,0,0
aten::view,,,6.07,6.07,0,0,0,0
aten::movedim,,,1.54,11.2,0,0,0,0
aten::movedim,,,2.6,9.66,0,0,0,0
aten::permute,,,2.96,7.06,0,0,0,0
aten::as_strided,,,4.1,4.1,0,0,0,0
aten::reshape,,,0.85,3.79,0,0,0,0
aten::view,,,2.94,2.94,0,0,0,0
vllm::maybe_all_gather_and_maybe_unpad,,,39.96,274.29,0,10.98,0,0
vllm::all_gather,,,111.87,234.33,0,10.98,0,0
aten::empty,,,2.99,15.59,0,0,0,0
empty_tensor,,,12.6,12.6,0,0,0,0
c10d::_allgather_base_,,,53.76,80.61,0,10.98,0,0
record_event,,,13.17,13.17,0.0,0.0,0,0
wait_event,,,2.93,2.93,5.28,5.28,0,0
HcclAllgatherBase,,,3.32,5.17,0,5.46,0,0
HcclAllGather,,,1.85,1.85,5.46,5.46,0,0
record_event,,,3.26,3.26,0.02,0.02,0,0
record_event,,,2.32,2.32,0.22,0.22,0,0
wait_event,,,2.88,2.88,0.0,0.0,0,0
destroy_event,,,1.65,1.65,0,0,0,0
aten::reshape,,,1.54,7.03,0,0,0,0
aten::view,,,5.49,5.49,0,0,0,0
aten::movedim,,,1.59,10.84,0,0,0,0
aten::movedim,,,2.46,9.25,0,0,0,0
aten::permute,,,2.85,6.79,0,0,0,0
aten::as_strided,,,3.94,3.94,0,0,0,0
aten::reshape,,,0.87,3.86,0,0,0,0
aten::view,,,2.99,2.99,0,0,0,0
_C_ascend::moe_gating_top_k_hash,,,43.35,81.86,0,10.6405,0,0
aten::empty,,,2.85,15.7,0,0,0,0
empty_tensor,,,12.85,12.85,0,0,0,0
aten::empty,,,1.25,5.11,0,0,0,0
empty_tensor,,,3.86,3.86,0,0,0,0
aten::empty,,,1.09,4.93,0,0,0,0
empty_tensor,,,3.84,3.84,0,0,0,0
aclnnMoeGatingTopKHash,,,12.77,12.77,10.6405,10.6405,0,0
aten::to,,,1.82,46.32,0,0.98,0,0
aten::_to_copy,,,5.37,44.5,0,0.98,0,0
aten::empty_strided,,,8.68,13.66,0,0,0,0
empty_tensor,,,4.98,4.98,0,0,0,0
aten::copy_,,,16.87,25.47,0,0.98,0,0
aclnnInplaceCopy,,,8.6,8.6,0.98,0.98,0,0
aten::detach,,,4.26,4.26,0,0,0,0
aten::detach,,,1.22,1.22,0,0,0,0
Event::record,,,79.63,93.31,0,0.02,0,0
record_event,,,13.68,13.68,0.02,0.02,0,0
aten::index,,,32.05,58.69,0,18.9805,0,0
empty_tensor,,,9.14,9.14,0,0,0,0
empty_tensor,,,8.09,8.09,0,0,0,0
aclnnIndex,,,9.41,9.41,18.9805,18.9805,0,0
aten::ne,,,10.99,23.46,0,1.86,0,0
empty_tensor,,,5.82,5.82,0,0,0,0
aclnnNeScalar,,,6.65,6.65,1.86,1.86,0,0
aten::mul,,,15.94,26.98,0,2.2,0,0
empty_tensor,,,4.61,4.61,0,0,0,0
aclnnMul,,,6.43,6.43,2.2,2.2,0,0
npu::npu_moe_init_routing_v2,,,24.59,49.46,0,29.6605,0,0
empty_tensor,,,8.35,8.35,0,0,0,0
empty_tensor,,,3.21,3.21,0,0,0,0
empty_tensor,,,3.12,3.12,0,0,0,0
empty_tensor,,,2.99,2.99,0,0,0,0
aclnnMoeInitRoutingV3,,,7.2,7.2,29.6605,29.6605,0,0
aten::to,,,1.71,1.71,0,0,0,0
_C_ascend::grouped_matmul_swiglu_quant_v2,,,188.36,237.67,0,159.3835,0,0
aten::empty,,,3.29,13.9,0,0,0,0
empty_tensor,,,10.61,10.61,0,0,0,0
aten::empty,,,1.23,4.81,0,0,0,0
empty_tensor,,,3.58,3.58,0,0,0,0
aten::empty,,,3.74,17.08,0,0,0,0
empty_tensor,,,13.34,13.34,0,0,0,0
aclnnGroupedMatmulSwigluQuantWeightNzV2,,,13.52,13.52,159.3835,159.3835,0,0
Event::record,,,77.85,91.62,0,0.22,0,0
record_event,,,13.77,13.77,0.22,0.22,0,0
npu::npu_grouped_matmul,,,40.26,67.62,0,88.322,0,0
empty_tensor,,,15.51,15.51,0,0,0,0
npu::get_npu_format,,,1.78,1.78,0,0,0,0
aclnnGroupedMatmulWeightNz,,,10.07,10.07,88.322,88.322,0,0
Event::record,,,71.08,83.17,0,0.02,0,0
record_event,,,12.09,12.09,0.02,0.02,0,0
aten::abs,,,15.92,35.72,0,1.0,0,0
empty_tensor,,,10.82,10.82,0,0,0,0
aclnnAbs,,,8.98,8.98,1.0,1.0,0,0
npu::npu_moe_token_unpermute,,,69.29,85.71,0,12.9005,0,0
empty_tensor,,,7.4,7.4,0,0,0,0
aclnnMoeTokenUnpermute,,,9.02,9.02,12.9005,12.9005,0,0
vllm::maybe_pad_and_reduce,,,37.22,288.87,0,12.360000000000001,0,0
vllm::reduce_scatter,,,124.4,251.65,0,12.360000000000001,0,0
aten::movedim,,,1.64,13.23,0,0,0,0
aten::movedim,,,2.84,11.59,0,0,0,0
aten::permute,,,3.29,8.75,0,0,0,0
aten::as_strided,,,5.46,5.46,0,0,0,0
aten::empty,,,2.97,14.08,0,0,0,0
empty_tensor,,,11.11,11.11,0,0,0,0
c10d::_reduce_scatter_base_,,,54.22,82.66,0,12.34,0,0
record_event,,,14.34,14.34,0.22,0.22,0,0
wait_event,,,3.2,3.2,0.02,0.02,0,0
HcclReduceScatterBase,,,3.01,5.0,0,12.06,0,0
HcclReduceScatter,,,1.99,1.99,12.06,12.06,0,0
record_event,,,3.44,3.44,0.02,0.02,0,0
record_event,,,2.46,2.46,0.02,0.02,0,0
wait_event,,,3.64,3.64,0.02,0.02,0,0
destroy_event,,,1.83,1.83,0,0,0,0
aten::movedim,,,1.42,11.81,0,0,0,0
aten::movedim,,,2.52,10.39,0,0,0,0
aten::permute,,,3.0,7.87,0,0,0,0
aten::as_strided,,,4.87,4.87,0,0,0,0
Event::wait,,,65.96,80.3,0,0.0,0,0
wait_event,,,14.34,14.34,0.0,0.0,0,0
npu::npu_dynamic_quant,,,28.99,56.3,0,4.02,0,0
empty_tensor,,,13.06,13.06,0,0,0,0
empty_tensor,,,3.83,3.83,0,0,0,0
aclnnDynamicQuantV2,,,10.42,10.42,4.02,4.02,0,0
Event::wait,,,59.23,70.9,0,0.0,0,0
wait_event,,,11.67,11.67,0.0,0.0,0,0
npu::npu_quant_matmul,,,34.52,61.77,0,22.7805,0,0
empty_tensor,,,11.4,11.4,0,0,0,0
aten::empty,,,2.37,4.42,0,0,0,0
empty_tensor,,,2.05,2.05,0,0,0,0
aten::empty,,,1.0,2.53,0,0,0,0
empty_tensor,,,1.53,1.53,0,0,0,0
aclnnQuantMatmulWeightNz,,,8.9,8.9,22.7805,22.7805,0,0
Event::wait,,,56.61,67.61,0,0.02,0,0
wait_event,,,11.0,11.0,0.02,0.02,0,0
_C_ascend::npu_dequant_swiglu_quant,,,47.12,87.92,0,5.44,0,0
aten::empty,,,2.98,13.92,0,0,0,0
empty_tensor,,,10.94,10.94,0,0,0,0
aten::empty,,,1.17,5.0,0,0,0,0
empty_tensor,,,3.83,3.83,0,0,0,0
aten::empty,,,2.41,9.85,0,0,0,0
empty_tensor,,,7.44,7.44,0,0,0,0
aclnnDequantSwigluQuantV2,,,12.03,12.03,5.44,5.44,0,0
Event::wait,,,60.69,73.05,0,0.2,0,0
wait_event,,,12.36,12.36,0.2,0.2,0,0
npu::npu_quant_matmul,,,35.67,63.28,0,20.0005,0,0
empty_tensor,,,10.73,10.73,0,0,0,0
aten::empty,,,2.3,4.51,0,0,0,0
empty_tensor,,,2.21,2.21,0,0,0,0
aten::empty,,,0.99,2.99,0,0,0,0
empty_tensor,,,2.0,2.0,0,0,0,0
aclnnQuantMatmulWeightNz,,,9.38,9.38,20.0005,20.0005,0,0
Event::record,,,69.81,82.18,0,0.02,0,0
record_event,,,12.37,12.37,0.02,0.02,0,0
Event::wait,,,46.45,56.56,0,0.02,0,0
wait_event,,,10.11,10.11,0.02,0.02,0,0
destroy_event,,,6.17,6.17,0,0,0,0
destroy_event,,,6.08,6.08,0,0,0,0
destroy_event,,,2.64,2.64,0,0,0,0
destroy_event,,,4.53,4.53,0,0,0,0
destroy_event,,,3.1,3.1,0,0,0,0
destroy_event,,,3.1,3.1,0,0,0,0
aten::add,,,22.82,43.13,0,7.94,0,0
empty_tensor,,,11.16,11.16,0,0,0,0
aclnnAdd,,,9.15,9.15,7.94,7.94,0,0
vllm::maybe_all_reduce_tensor_model_parallel,,,25.07,25.07,0,0,0,0
aten::unsqueeze,,,5.14,9.5,0,0,0,0
aten::as_strided,,,4.36,4.36,0,0,0,0
aten::unsqueeze,,,2.53,4.47,0,0,0,0
aten::as_strided,,,1.94,1.94,0,0,0,0
aten::unsqueeze,,,2.02,3.54,0,0,0,0
aten::as_strided,,,1.52,1.52,0,0,0,0
aten::unsqueeze,,,1.82,3.31,0,0,0,0
aten::as_strided,,,1.49,1.49,0,0,0,0
_C_ascend::npu_hc_post,,,41.15,75.6,0,7.2405,0,0
aten::empty,,,2.46,11.34,0,0,0,0
empty_tensor,,,8.88,8.88,0,0,0,0
aten::empty,,,2.25,12.29,0,0,0,0
empty_tensor,,,10.04,10.04,0,0,0,0
aclnnHcPost,,,10.82,10.82,7.2405,7.2405,0,0
aten::squeeze,,,4.59,7.39,0,0,0,0
aten::as_strided,,,2.8,2.8,0,0,0,0
_C_ascend::npu_hc_pre_v2,,,37.29,73.88,0,36.021,0,0
aten::empty,,,1.81,8.31,0,0,0,0
empty_tensor,,,6.5,6.5,0,0,0,0
aten::empty,,,1.27,4.74,0,0,0,0
empty_tensor,,,3.47,3.47,0,0,0,0
aten::empty,,,1.08,4.15,0,0,0,0
empty_tensor,,,3.07,3.07,0,0,0,0
aten::empty,,,2.2,9.86,0,0,0,0
empty_tensor,,,7.66,7.66,0,0,0,0
aclnnHcPre,,,9.53,9.53,36.021,36.021,0,0
npu::npu_rms_norm,,,47.53,67.23,0,4.52,0,0
empty_tensor,,,7.85,7.85,0,0,0,0
empty_tensor,,,3.47,3.47,0,0,0,0
aclnnRmsNorm,,,8.38,8.38,4.52,4.52,0,0
aten::empty,,,5.82,12.98,0,0,0,0
empty_tensor,,,7.16,7.16,0,0,0,0
aten::alias,,,3.97,3.97,0,0,0,0
vllm::dsa_forward,,,1478.97,3368.94,0,347.587,0,0
aten::empty,,,3.1,13.05,0,0,0,0
empty_tensor,,,9.95,9.95,0,0,0,0
c10d::_allgather_base_,,,56.92,84.94,0,10.879999999999999,0,0
record_event,,,13.86,13.86,0.2,0.2,0,0
wait_event,,,3.24,3.24,0.02,0.02,0,0
HcclAllgatherBase,,,3.06,4.93,0,10.44,0,0
HcclAllGather,,,1.87,1.87,10.44,10.44,0,0
record_event,,,3.56,3.56,0.2,0.2,0,0
record_event,,,2.43,2.43,0.02,0.02,0,0
npu::npu_dynamic_quant,,,29.13,46.35,0,3.8,0,0
empty_tensor,,,9.49,9.49,0,0,0,0
empty_tensor,,,4.41,4.41,0,0,0,0
aclnnDynamicQuantV2,,,3.32,3.32,3.8,3.8,0,0
npu::npu_quant_matmul,,,30.26,54.53,0,17.98,0,0
empty_tensor,,,6.8,6.8,0,0,0,0
aten::empty,,,2.26,4.42,0,0,0,0
empty_tensor,,,2.16,2.16,0,0,0,0
aten::empty,,,0.93,2.55,0,0,0,0
empty_tensor,,,1.62,1.62,0,0,0,0
aclnnQuantMatmulWeightNz,,,10.5,10.5,17.98,17.98,0,0
_C_ascend::npu_rms_norm_dynamic_quant,,,46.22,100.21,0,7.3,0,0
aten::empty_like,,,5.27,16.64,0,0,0,0
aten::empty_strided,,,8.01,11.37,0,0,0,0
empty_tensor,,,3.36,3.36,0,0,0,0
aten::empty,,,1.49,4.91,0,0,0,0
empty_tensor,,,3.42,3.42,0,0,0,0
aten::empty,,,1.05,4.09,0,0,0,0
empty_tensor,,,3.04,3.04,0,0,0,0
aten::empty_like,,,1.94,7.21,0,0,0,0
aten::empty_strided,,,3.58,5.27,0,0,0,0
empty_tensor,,,1.69,1.69,0,0,0,0
aten::empty,,,2.35,10.38,0,0,0,0
empty_tensor,,,8.03,8.03,0,0,0,0
aclnnRmsNormDynamicQuant,,,10.76,10.76,7.3,7.3,0,0
npu::npu_quant_matmul,,,30.7,51.7,0,31.1205,0,0
empty_tensor,,,6.09,6.09,0,0,0,0
aten::empty,,,1.47,3.43,0,0,0,0
empty_tensor,,,1.96,1.96,0,0,0,0
aten::empty,,,0.99,2.57,0,0,0,0
empty_tensor,,,1.58,1.58,0,0,0,0
aclnnQuantMatmulWeightNz,,,8.91,8.91,31.1205,31.1205,0,0
aten::unflatten,,,5.39,10.96,0,0,0,0
aten::view,,,5.57,5.57,0,0,0,0
aten::view,,,3.1,3.1,0,0,0,0
aten::empty_like,,,4.04,14.37,0,0,0,0
aten::empty_strided,,,7.08,10.33,0,0,0,0
empty_tensor,,,3.25,3.25,0,0,0,0
triton_rms_kernel,,,14.73,14.73,13.4005,13.4005,0,0
aten::view,,,7.51,7.51,0,0,0,0
aten::unsqueeze,,,3.17,7.41,0,0,0,0
aten::as_strided,,,4.24,4.24,0,0,0,0
_C_ascend::inplace_partial_rotary_mul,,,42.17,72.84,0,5.48,0,0
aten::empty,,,3.55,19.51,0,0,0,0
empty_tensor,,,15.96,15.96,0,0,0,0
aclnnInplacePartialRotaryMul,,,11.16,11.16,5.48,5.48,0,0
wait_event,,,4.71,4.71,0.02,0.02,0,0
aten::slice,,,4.11,8.32,0,0,0,0
aten::as_strided,,,4.21,4.21,0,0,0,0
npu::npu_dynamic_quant,,,28.53,56.8,0,7.0205,0,0
empty_tensor,,,13.71,13.71,0,0,0,0
empty_tensor,,,4.55,4.55,0,0,0,0
aclnnDynamicQuantV2,,,10.01,10.01,7.0205,7.0205,0,0
npu::npu_quant_matmul,,,29.89,51.65,0,13.6405,0,0
empty_tensor,,,6.9,6.9,0,0,0,0
aten::empty,,,2.08,4.15,0,0,0,0
empty_tensor,,,2.07,2.07,0,0,0,0
aten::empty,,,0.99,2.59,0,0,0,0
empty_tensor,,,1.6,1.6,0,0,0,0
aclnnQuantMatmulWeightNz,,,8.12,8.12,13.6405,13.6405,0,0
npu::npu_rms_norm,,,53.08,72.12,0,10.72,0,0
empty_tensor,,,6.18,6.18,0,0,0,0
empty_tensor,,,3.45,3.45,0,0,0,0
aclnnRmsNorm,,,9.41,9.41,10.72,10.72,0,0
aten::view,,,5.56,5.56,0,0,0,0
aten::unsqueeze,,,2.88,6.65,0,0,0,0
aten::as_strided,,,3.77,3.77,0,0,0,0
aten::slice,,,3.16,5.63,0,0,0,0
aten::as_strided,,,2.47,2.47,0,0,0,0
aten::slice,,,0.99,2.76,0,0,0,0
aten::as_strided,,,1.77,1.77,0,0,0,0
_C_ascend::inplace_partial_rotary_mul,,,38.03,62.87,0,10.86,0,0
aten::empty,,,3.38,14.0,0,0,0,0
empty_tensor,,,10.62,10.62,0,0,0,0
aclnnInplacePartialRotaryMul,,,10.84,10.84,10.86,10.86,0,0
_C_ascend::npu_scatter_nd_update_sk,,,31.37,51.58,0,26.08,0,0
aten::empty,,,2.55,10.96,0,0,0,0
empty_tensor,,,8.41,8.41,0,0,0,0
aclnnScatterNdUpdateSk,,,9.25,9.25,26.08,26.08,0,0
aten::squeeze,,,8.51,13.02,0,0,0,0
aten::as_strided,,,4.51,4.51,0,0,0,0
aten::view,,,4.34,4.34,0,0,0,0
aten::view,,,2.26,2.26,0,0,0,0
_C_ascend::compressor,,,48.38,83.34,0,41.381,0,0
aten::empty,,,2.59,12.52,0,0,0,0
empty_tensor,,,9.93,9.93,0,0,0,0
aten::empty,,,2.4,11.3,0,0,0,0
empty_tensor,,,8.9,8.9,0,0,0,0
aclnnCompressor,,,11.14,11.14,41.381,41.381,0,0
_C_ascend::npu_scatter_nd_update_sk,,,32.71,54.59,0,15.38,0,0
aten::empty,,,2.53,11.68,0,0,0,0
empty_tensor,,,9.15,9.15,0,0,0,0
aclnnScatterNdUpdateSk,,,10.2,10.2,15.38,15.38,0,0
_C_ascend::npu_sparse_attn_sharedkv,,,43.54,75.87,0,32.5205,0,0
aten::empty,,,2.41,10.04,0,0,0,0
empty_tensor,,,7.63,7.63,0,0,0,0
aten::empty,,,1.13,3.06,0,0,0,0
empty_tensor,,,1.93,1.93,0,0,0,0
aten::empty,,,1.77,9.3,0,0,0,0
empty_tensor,,,7.53,7.53,0,0,0,0
aclnnSparseAttnSharedkv,,,9.93,9.93,32.5205,32.5205,0,0
destroy_event,,,2.8,2.8,0,0,0,0
aten::unsqueeze,,,4.0,8.5,0,0,0,0
aten::as_strided,,,4.5,4.5,0,0,0,0
aten::neg,,,14.39,30.26,0,0.92,0,0
empty_tensor,,,6.73,6.73,0,0,0,0
aclnnNeg,,,9.14,9.14,0.92,0.92,0,0
_C_ascend::inplace_partial_rotary_mul,,,35.25,55.54,0,5.34,0,0
aten::empty,,,2.6,11.52,0,0,0,0
empty_tensor,,,8.92,8.92,0,0,0,0
aclnnInplacePartialRotaryMul,,,8.77,8.77,5.34,5.34,0,0
aten::view,,,6.28,6.28,0,0,0,0
aten::permute,,,3.15,7.96,0,0,0,0
aten::as_strided,,,4.81,4.81,0,0,0,0
aten::contiguous,,,2.54,39.97,0,12.5805,0,0
aten::clone,,,4.3,37.43,0,12.5805,0,0
empty_tensor,,,6.22,6.22,0,0,0,0
aten::copy_,,,19.38,26.91,0,12.5805,0,0
aclnnInplaceCopy,,,7.53,7.53,12.5805,12.5805,0,0
aten::view,,,3.61,3.61,0,0,0,0
aten::empty_like,,,4.68,14.29,0,0,0,0
aten::empty_strided,,,6.96,9.61,0,0,0,0
empty_tensor,,,2.65,2.65,0,0,0,0
c10d::alltoall_base_,,,57.02,80.13,0,13.34,0,0
record_event,,,10.35,10.35,0.2,0.2,0,0
wait_event,,,3.22,3.22,0.0,0.0,0,0
HcclAlltoAll,,,2.04,3.47,0,13.1,0,0
HcclAlltoAll,,,1.43,1.43,13.1,13.1,0,0
record_event,,,3.34,3.34,0.02,0.02,0,0
record_event,,,2.73,2.73,0.02,0.02,0,0
wait_event,,,3.12,3.12,0.0,0.0,0,0
destroy_event,,,1.81,1.81,0,0,0,0
aten::view,,,5.59,5.59,0,0,0,0
npu::npu_transpose_batchmatmul,,,29.94,50.91,0,32.701,0,0
empty_tensor,,,11.02,11.02,0,0,0,0
aclnnTransposeBatchMatMul,,,9.95,9.95,32.701,32.701,0,0
aten::reshape,,,1.6,6.32,0,0,0,0
aten::view,,,4.72,4.72,0,0,0,0
vllm::matmul_and_reduce,,,142.64,464.55,0,34.401500000000006,0,0
vllm::unquantized_gemm,,,16.49,75.78,0,16.26,0,0
aten::linear,,,4.09,59.29,0,16.26,0,0
aten::t,,,5.46,14.59,0,0,0,0
aten::transpose,,,3.21,9.13,0,0,0,0
aten::as_strided,,,5.92,5.92,0,0,0,0
aten::matmul,,,19.19,40.61,0,16.26,0,0
empty_tensor,,,10.59,10.59,0,0,0,0
aclnnMatmul,,,10.83,10.83,16.26,16.26,0,0
vllm::reduce_scatter,,,117.32,246.13,0,18.1415,0,0
aten::movedim,,,1.57,10.6,0,0,0,0
aten::movedim,,,2.6,9.03,0,0,0,0
aten::permute,,,2.76,6.43,0,0,0,0
aten::as_strided,,,3.67,3.67,0,0,0,0
aten::empty,,,2.93,15.82,0,0,0,0
empty_tensor,,,12.89,12.89,0,0,0,0
c10d::_reduce_scatter_base_,,,57.14,86.02,0,18.1415,0,0
record_event,,,14.73,14.73,0.02,0.02,0,0
wait_event,,,3.16,3.16,5.3605,5.3605,0,0
HcclReduceScatterBase,,,3.1,5.27,0,12.361,0,0
HcclReduceScatter,,,2.17,2.17,12.361,12.361,0,0
record_event,,,3.46,3.46,0.2,0.2,0,0
record_event,,,2.26,2.26,0.2,0.2,0,0
wait_event,,,3.27,3.27,0.0,0.0,0,0
destroy_event,,,1.65,1.65,0,0,0,0
aten::movedim,,,1.44,11.45,0,0,0,0
aten::movedim,,,2.41,10.01,0,0,0,0
aten::permute,,,2.93,7.6,0,0,0,0
aten::as_strided,,,4.67,4.67,0,0,0,0
aten::copy_,,,54.24,64.56,0,0.7205,0,0
aclnnInplaceCopy,,,10.32,10.32,0.7205,0.7205,0,0
aten::unsqueeze,,,4.29,8.11,0,0,0,0
aten::as_strided,,,3.82,3.82,0,0,0,0
aten::unsqueeze,,,2.34,4.12,0,0,0,0
aten::as_strided,,,1.78,1.78,0,0,0,0
aten::unsqueeze,,,2.03,3.55,0,0,0,0
aten::as_strided,,,1.52,1.52,0,0,0,0
aten::detach,,,3.56,3.56,0,0,0,0
aten::reshape,,,4.35,7.88,0,0,0,0
aten::view,,,3.53,3.53,0,0,0,0
aten::unsqueeze,,,2.23,3.89,0,0,0,0
aten::as_strided,,,1.66,1.66,0,0,0,0
_C_ascend::npu_hc_post,,,37.56,74.34,0,7.6805,0,0
aten::empty,,,2.79,13.32,0,0,0,0
empty_tensor,,,10.53,10.53,0,0,0,0
aten::empty,,,2.19,12.28,0,0,0,0
empty_tensor,,,10.09,10.09,0,0,0,0
aclnnHcPost,,,11.18,11.18,7.6805,7.6805,0,0
aten::squeeze,,,4.37,6.94,0,0,0,0
aten::as_strided,,,2.57,2.57,0,0,0,0
_C_ascend::npu_hc_pre_v2,,,35.92,72.86,0,32.1005,0,0
aten::empty,,,1.93,8.0,0,0,0,0
empty_tensor,,,6.07,6.07,0,0,0,0
aten::empty,,,1.25,4.89,0,0,0,0
empty_tensor,,,3.64,3.64,0,0,0,0
aten::empty,,,1.08,4.08,0,0,0,0
empty_tensor,,,3.0,3.0,0,0,0,0
aten::empty,,,2.04,9.85,0,0,0,0
empty_tensor,,,7.81,7.81,0,0,0,0
aclnnHcPre,,,10.12,10.12,32.1005,32.1005,0,0
npu::npu_rms_norm,,,48.09,66.63,0,4.52,0,0
empty_tensor,,,6.22,6.22,0,0,0,0
empty_tensor,,,3.53,3.53,0,0,0,0
aclnnRmsNorm,,,8.79,8.79,4.52,4.52,0,0
aten::reshape,,,4.51,8.68,0,0,0,0
aten::view,,,4.17,4.17,0,0,0,0
vllm::moe_forward_shared,,,1906.83,4769.3,0,438.53000000000003,0,0
aten::to,,,1.91,44.46,0,6.0,0,0
aten::_to_copy,,,5.49,42.55,0,6.0,0,0
aten::empty_strided,,,9.06,13.56,0,0,0,0
empty_tensor,,,4.5,4.5,0,0,0,0
aten::copy_,,,14.12,23.5,0,6.0,0,0
aclnnInplaceCopy,,,9.38,9.38,6.0,6.0,0,0
Event::record,,,78.49,92.05,0,0.02,0,0
record_event,,,13.56,13.56,0.02,0.02,0,0
aten::linear,,,4.43,58.31,0,11.82,0,0
aten::t,,,5.85,14.54,0,0,0,0
aten::transpose,,,2.76,8.69,0,0,0,0
aten::as_strided,,,5.93,5.93,0,0,0,0
aten::matmul,,,18.94,39.34,0,11.82,0,0
empty_tensor,,,11.71,11.71,0,0,0,0
aclnnMatmul,,,8.69,8.69,11.82,11.82,0,0
Event::record,,,70.1,81.17,0,0.02,0,0
record_event,,,11.07,11.07,0.02,0.02,0,0
vllm::maybe_all_gather_and_maybe_unpad,,,44.66,312.48,0,10.58,0,0
vllm::all_gather,,,129.62,267.82,0,10.58,0,0
aten::empty,,,4.02,17.94,0,0,0,0
empty_tensor,,,13.92,13.92,0,0,0,0
c10d::_allgather_base_,,,58.51,91.2,0,10.56,0,0
record_event,,,14.15,14.15,0.02,0.02,0,0
wait_event,,,3.03,3.03,0.02,0.02,0,0
HcclAllgatherBase,,,2.96,7.75,0,10.3,0,0
HcclAllGather,,,4.79,4.79,10.3,10.3,0,0
record_event,,,5.11,5.11,0.02,0.02,0,0
record_event,,,2.65,2.65,0.2,0.2,0,0
wait_event,,,3.4,3.4,0.02,0.02,0,0
destroy_event,,,2.01,2.01,0,0,0,0
aten::reshape,,,2.44,8.68,0,0,0,0
aten::view,,,6.24,6.24,0,0,0,0
aten::movedim,,,1.59,10.86,0,0,0,0
aten::movedim,,,2.47,9.27,0,0,0,0
aten::permute,,,2.8,6.8,0,0,0,0
aten::as_strided,,,4.0,4.0,0,0,0,0
aten::reshape,,,1.06,4.11,0,0,0,0
aten::view,,,3.05,3.05,0,0,0,0
vllm::maybe_all_gather_and_maybe_unpad,,,40.37,276.6,0,9.3805,0,0
vllm::all_gather,,,114.25,236.23,0,9.3805,0,0
aten::empty,,,3.08,15.92,0,0,0,0
empty_tensor,,,12.84,12.84,0,0,0,0
c10d::_allgather_base_,,,50.85,80.2,0,9.3805,0,0
record_event,,,12.49,12.49,0.02,0.02,0,0
wait_event,,,2.85,2.85,3.9805,3.9805,0,0
HcclAllgatherBase,,,4.89,6.67,0,5.16,0,0
HcclAllGather,,,1.78,1.78,5.16,5.16,0,0
record_event,,,3.27,3.27,0.2,0.2,0,0
record_event,,,4.07,4.07,0.02,0.02,0,0
wait_event,,,3.22,3.22,0.0,0.0,0,0
destroy_event,,,1.52,1.52,0,0,0,0
aten::reshape,,,1.56,6.78,0,0,0,0
aten::view,,,5.22,5.22,0,0,0,0
aten::movedim,,,1.49,10.52,0,0,0,0
aten::movedim,,,2.38,9.03,0,0,0,0
aten::permute,,,2.8,6.65,0,0,0,0
aten::as_strided,,,3.85,3.85,0,0,0,0
aten::reshape,,,0.81,3.82,0,0,0,0
aten::view,,,3.01,3.01,0,0,0,0
_C_ascend::moe_gating_top_k_hash,,,41.59,80.44,0,12.28,0,0
aten::empty,,,3.2,16.38,0,0,0,0
empty_tensor,,,13.18,13.18,0,0,0,0
aten::empty,,,1.17,5.13,0,0,0,0
empty_tensor,,,3.96,3.96,0,0,0,0
aten::empty,,,1.08,4.44,0,0,0,0
empty_tensor,,,3.36,3.36,0,0,0,0
aclnnMoeGatingTopKHash,,,12.9,12.9,12.28,12.28,0,0
aten::to,,,1.75,46.53,0,1.14,0,0
aten::_to_copy,,,5.82,44.78,0,1.14,0,0
aten::empty_strided,,,8.3,13.22,0,0,0,0
empty_tensor,,,4.92,4.92,0,0,0,0
aten::copy_,,,16.86,25.74,0,1.14,0,0
aclnnInplaceCopy,,,8.88,8.88,1.14,1.14,0,0
aten::detach,,,4.38,4.38,0,0,0,0
aten::detach,,,1.22,1.22,0,0,0,0
Event::record,,,78.25,91.27,0,0.2,0,0
record_event,,,13.02,13.02,0.2,0.2,0,0
aten::index,,,31.98,55.62,0,18.5005,0,0
empty_tensor,,,6.21,6.21,0,0,0,0
empty_tensor,,,7.6,7.6,0,0,0,0
aclnnIndex,,,9.83,9.83,18.5005,18.5005,0,0
aten::ne,,,11.43,22.79,0,1.48,0,0
empty_tensor,,,5.6,5.6,0,0,0,0
aclnnNeScalar,,,5.76,5.76,1.48,1.48,0,0
aten::mul,,,14.65,24.41,0,2.2805,0,0
empty_tensor,,,4.41,4.41,0,0,0,0
aclnnMul,,,5.35,5.35,2.2805,2.2805,0,0
npu::npu_moe_init_routing_v2,,,24.0,53.79,0,31.0805,0,0
empty_tensor,,,8.34,8.34,0,0,0,0
empty_tensor,,,3.31,3.31,0,0,0,0
empty_tensor,,,3.16,3.16,0,0,0,0
empty_tensor,,,3.0,3.0,0,0,0,0
aclnnMoeInitRoutingV3,,,11.98,11.98,31.0805,31.0805,0,0
aten::to,,,1.61,1.61,0,0,0,0
_C_ascend::grouped_matmul_swiglu_quant_v2,,,197.18,246.33,0,161.1035,0,0
aten::empty,,,3.14,13.22,0,0,0,0
empty_tensor,,,10.08,10.08,0,0,0,0
aten::empty,,,1.14,4.56,0,0,0,0
empty_tensor,,,3.42,3.42,0,0,0,0
aten::empty,,,3.45,18.07,0,0,0,0
empty_tensor,,,14.62,14.62,0,0,0,0
aclnnGroupedMatmulSwigluQuantWeightNzV2,,,13.3,13.3,161.1035,161.1035,0,0
Event::record,,,78.42,91.8,0,0.2,0,0
record_event,,,13.38,13.38,0.2,0.2,0,0
npu::npu_grouped_matmul,,,40.36,67.82,0,93.8015,0,0
empty_tensor,,,15.21,15.21,0,0,0,0
npu::get_npu_format,,,1.73,1.73,0,0,0,0
aclnnGroupedMatmulWeightNz,,,10.52,10.52,93.8015,93.8015,0,0
Event::record,,,72.21,85.26,0,0.22,0,0
record_event,,,13.05,13.05,0.22,0.22,0,0
aten::abs,,,15.9,35.94,0,1.26,0,0
empty_tensor,,,10.97,10.97,0,0,0,0
aclnnAbs,,,9.07,9.07,1.26,1.26,0,0
npu::npu_moe_token_unpermute,,,69.35,85.94,0,13.3405,0,0
empty_tensor,,,7.33,7.33,0,0,0,0
aclnnMoeTokenUnpermute,,,9.26,9.26,13.3405,13.3405,0,0
vllm::maybe_pad_and_reduce,,,37.98,282.63,0,12.481,0,0
vllm::reduce_scatter,,,116.12,244.65,0,12.481,0,0
aten::movedim,,,1.61,13.39,0,0,0,0
aten::movedim,,,2.58,11.78,0,0,0,0
aten::permute,,,3.26,9.2,0,0,0,0
aten::as_strided,,,5.94,5.94,0,0,0,0
aten::empty,,,3.09,13.33,0,0,0,0
empty_tensor,,,10.24,10.24,0,0,0,0
c10d::_reduce_scatter_base_,,,53.84,84.35,0,12.461,0,0
record_event,,,13.81,13.81,0.02,0.02,0,0
wait_event,,,5.03,5.03,0.02,0.02,0,0
HcclReduceScatterBase,,,3.25,5.23,0,12.401,0,0
HcclReduceScatter,,,1.98,1.98,12.401,12.401,0,0
record_event,,,3.94,3.94,0.0,0.0,0,0
record_event,,,2.5,2.5,0.02,0.02,0,0
wait_event,,,3.2,3.2,0.02,0.02,0,0
destroy_event,,,1.67,1.67,0,0,0,0
aten::movedim,,,1.51,12.59,0,0,0,0
aten::movedim,,,2.7,11.08,0,0,0,0
aten::permute,,,3.16,8.38,0,0,0,0
aten::as_strided,,,5.22,5.22,0,0,0,0
Event::wait,,,64.06,78.59,0,0,0,0
wait_event,,,14.53,14.53,0,0,0,0
npu::npu_dynamic_quant,,,29.79,57.25,0,4.28,0,0
empty_tensor,,,13.12,13.12,0,0,0,0
empty_tensor,,,4.09,4.09,0,0,0,0
aclnnDynamicQuantV2,,,10.25,10.25,4.28,4.28,0,0
Event::wait,,,58.17,69.71,0,0,0,0
wait_event,,,11.54,11.54,0,0,0,0
npu::npu_quant_matmul,,,34.52,63.62,0,22.9405,0,0
empty_tensor,,,12.42,12.42,0,0,0,0
aten::empty,,,2.41,4.52,0,0,0,0
empty_tensor,,,2.11,2.11,0,0,0,0
aten::empty,,,1.09,2.59,0,0,0,0
empty_tensor,,,1.5,1.5,0,0,0,0
aclnnQuantMatmulWeightNz,,,9.57,9.57,22.9405,22.9405,0,0
Event::wait,,,55.89,67.41,0,0.2,0,0
wait_event,,,11.52,11.52,0.2,0.2,0,0
_C_ascend::npu_dequant_swiglu_quant,,,46.17,84.09,0,5.1605,0,0
aten::empty,,,2.86,13.36,0,0,0,0
empty_tensor,,,10.5,10.5,0,0,0,0
aten::empty,,,1.28,4.69,0,0,0,0
empty_tensor,,,3.41,3.41,0,0,0,0
aten::empty,,,1.98,9.2,0,0,0,0
empty_tensor,,,7.22,7.22,0,0,0,0
aclnnDequantSwigluQuantV2,,,10.67,10.67,5.1605,5.1605,0,0
Event::wait,,,59.4,71.38,0,0.02,0,0
wait_event,,,11.98,11.98,0.02,0.02,0,0
npu::npu_quant_matmul,,,35.84,62.03,0,18.7205,0,0
empty_tensor,,,10.13,10.13,0,0,0,0
aten::empty,,,2.26,4.34,0,0,0,0
empty_tensor,,,2.08,2.08,0,0,0,0
aten::empty,,,1.02,2.61,0,0,0,0
empty_tensor,,,1.59,1.59,0,0,0,0
aclnnQuantMatmulWeightNz,,,9.11,9.11,18.7205,18.7205,0,0
Event::record,,,69.12,80.43,0,0.02,0,0
record_event,,,11.31,11.31,0.02,0.02,0,0
Event::wait,,,45.55,55.23,0,0.0,0,0
wait_event,,,9.68,9.68,0.0,0.0,0,0
destroy_event,,,6.31,6.31,0,0,0,0
destroy_event,,,10.94,10.94,0,0,0,0
destroy_event,,,2.07,2.07,0,0,0,0
destroy_event,,,5.08,5.08,0,0,0,0
destroy_event,,,2.96,2.96,0,0,0,0
destroy_event,,,2.52,2.52,0,0,0,0
aten::add,,,23.29,41.7,0,11.1205,0,0
empty_tensor,,,10.76,10.76,0,0,0,0
aclnnAdd,,,7.65,7.65,11.1205,11.1205,0,0
vllm::maybe_all_reduce_tensor_model_parallel,,,24.38,24.38,0,0,0,0
aten::unsqueeze,,,5.21,9.55,0,0,0,0
aten::as_strided,,,4.34,4.34,0,0,0,0
aten::unsqueeze,,,2.24,4.02,0,0,0,0
aten::as_strided,,,1.78,1.78,0,0,0,0
aten::unsqueeze,,,2.02,3.49,0,0,0,0
aten::as_strided,,,1.47,1.47,0,0,0,0
aten::unsqueeze,,,1.9,3.37,0,0,0,0
aten::as_strided,,,1.47,1.47,0,0,0,0
_C_ascend::npu_hc_post,,,41.01,75.48,0,7.36,0,0
aten::empty,,,2.6,11.61,0,0,0,0
empty_tensor,,,9.01,9.01,0,0,0,0
aten::empty,,,2.49,12.62,0,0,0,0
empty_tensor,,,10.13,10.13,0,0,0,0
aclnnHcPost,,,10.24,10.24,7.36,7.36,0,0
aten::squeeze,,,4.76,7.55,0,0,0,0
aten::as_strided,,,2.79,2.79,0,0,0,0
_C_ascend::npu_hc_pre_v2,,,36.23,73.26,0,33.1605,0,0
aten::empty,,,2.17,8.79,0,0,0,0
empty_tensor,,,6.62,6.62,0,0,0,0
aten::empty,,,1.12,4.5,0,0,0,0
empty_tensor,,,3.38,3.38,0,0,0,0
aten::empty,,,1.1,4.0,0,0,0,0
empty_tensor,,,2.9,2.9,0,0,0,0
aten::empty,,,1.96,10.0,0,0,0,0
empty_tensor,,,8.04,8.04,0,0,0,0
aclnnHcPre,,,9.74,9.74,33.1605,33.1605,0,0
npu::npu_rms_norm,,,49.02,67.46,0,4.78,0,0
empty_tensor,,,6.04,6.04,0,0,0,0
empty_tensor,,,3.73,3.73,0,0,0,0
aclnnRmsNorm,,,8.67,8.67,4.78,4.78,0,0
aten::empty,,,6.04,12.98,0,0,0,0
empty_tensor,,,6.94,6.94,0,0,0,0
aten::alias,,,4.38,4.38,0,0,0,0
vllm::dsa_forward,,,2172.08,5051.89,0,612.336,0,0
aten::empty,,,3.03,13.99,0,0,0,0
empty_tensor,,,10.96,10.96,0,0,0,0
c10d::_allgather_base_,,,55.46,84.77,0,10.401,0,0
record_event,,,14.81,14.81,0.02,0.02,0,0
wait_event,,,3.3,3.3,0.02,0.02,0,0
HcclAllgatherBase,,,3.16,5.32,0,10.321,0,0
HcclAllGather,,,2.16,2.16,10.321,10.321,0,0
record_event,,,3.46,3.46,0.02,0.02,0,0
record_event,,,2.42,2.42,0.02,0.02,0,0
npu::npu_dynamic_quant,,,28.91,46.4,0,3.8605,0,0
empty_tensor,,,9.61,9.61,0,0,0,0
empty_tensor,,,4.52,4.52,0,0,0,0
aclnnDynamicQuantV2,,,3.36,3.36,3.8605,3.8605,0,0
npu::npu_quant_matmul,,,29.66,54.04,0,16.9405,0,0
empty_tensor,,,6.77,6.77,0,0,0,0
aten::empty,,,2.24,4.42,0,0,0,0
empty_tensor,,,2.18,2.18,0,0,0,0
aten::empty,,,1.23,2.9,0,0,0,0
empty_tensor,,,1.67,1.67,0,0,0,0
aclnnQuantMatmulWeightNz,,,10.29,10.29,16.9405,16.9405,0,0
_C_ascend::npu_rms_norm_dynamic_quant,,,50.03,106.68,0,7.14,0,0
aten::empty_like,,,5.61,16.29,0,0,0,0
aten::empty_strided,,,7.04,10.68,0,0,0,0
empty_tensor,,,3.64,3.64,0,0,0,0
aten::empty,,,1.39,4.94,0,0,0,0
empty_tensor,,,3.55,3.55,0,0,0,0
aten::empty,,,1.0,6.46,0,0,0,0
empty_tensor,,,5.46,5.46,0,0,0,0
aten::empty_like,,,2.14,7.95,0,0,0,0
aten::empty_strided,,,3.88,5.81,0,0,0,0
empty_tensor,,,1.93,1.93,0,0,0,0
aten::empty,,,2.29,10.12,0,0,0,0
empty_tensor,,,7.83,7.83,0,0,0,0
aclnnRmsNormDynamicQuant,,,10.89,10.89,7.14,7.14,0,0
npu::npu_quant_matmul,,,30.39,53.64,0,34.141,0,0
empty_tensor,,,7.01,7.01,0,0,0,0
aten::empty,,,1.9,4.1,0,0,0,0
empty_tensor,,,2.2,2.2,0,0,0,0
aten::empty,,,0.98,2.6,0,0,0,0
empty_tensor,,,1.62,1.62,0,0,0,0
aclnnQuantMatmulWeightNz,,,9.54,9.54,34.141,34.141,0,0
aten::unflatten,,,5.82,11.58,0,0,0,0
aten::view,,,5.76,5.76,0,0,0,0
aten::view,,,11.27,11.27,0,0,0,0
aten::empty_like,,,4.77,16.29,0,0,0,0
aten::empty_strided,,,7.57,11.52,0,0,0,0
empty_tensor,,,3.95,3.95,0,0,0,0
triton_rms_kernel,,,15.33,15.33,13.5,13.5,0,0
aten::view,,,7.83,7.83,0,0,0,0
aten::unsqueeze,,,3.15,7.43,0,0,0,0
aten::as_strided,,,4.28,4.28,0,0,0,0
_C_ascend::inplace_partial_rotary_mul,,,43.02,72.29,0,5.0605,0,0
aten::empty,,,3.42,17.41,0,0,0,0
empty_tensor,,,13.99,13.99,0,0,0,0
aclnnInplacePartialRotaryMul,,,11.86,11.86,5.0605,5.0605,0,0
wait_event,,,4.89,4.89,0,0,0,0
aten::slice,,,4.29,8.51,0,0,0,0
aten::as_strided,,,4.22,4.22,0,0,0,0
npu::npu_dynamic_quant,,,28.62,52.55,0,7.08,0,0
empty_tensor,,,9.77,9.77,0,0,0,0
empty_tensor,,,4.32,4.32,0,0,0,0
aclnnDynamicQuantV2,,,9.84,9.84,7.08,7.08,0,0
npu::npu_quant_matmul,,,30.62,52.61,0,13.32,0,0
empty_tensor,,,6.93,6.93,0,0,0,0
aten::empty,,,2.28,4.24,0,0,0,0
empty_tensor,,,1.96,1.96,0,0,0,0
aten::empty,,,1.01,2.52,0,0,0,0
empty_tensor,,,1.51,1.51,0,0,0,0
aclnnQuantMatmulWeightNz,,,8.3,8.3,13.32,13.32,0,0
npu::npu_rms_norm,,,53.88,75.12,0,10.16,0,0
empty_tensor,,,6.56,6.56,0,0,0,0
empty_tensor,,,3.26,3.26,0,0,0,0
aclnnRmsNorm,,,11.42,11.42,10.16,10.16,0,0
aten::view,,,5.42,5.42,0,0,0,0
aten::unsqueeze,,,2.9,6.87,0,0,0,0
aten::as_strided,,,3.97,3.97,0,0,0,0
aten::slice,,,2.98,5.16,0,0,0,0
aten::as_strided,,,2.18,2.18,0,0,0,0
aten::slice,,,0.97,2.68,0,0,0,0
aten::as_strided,,,1.71,1.71,0,0,0,0
_C_ascend::inplace_partial_rotary_mul,,,37.74,62.66,0,10.06,0,0
aten::empty,,,3.29,14.03,0,0,0,0
empty_tensor,,,10.74,10.74,0,0,0,0
aclnnInplacePartialRotaryMul,,,10.89,10.89,10.06,10.06,0,0
_C_ascend::npu_scatter_nd_update_sk,,,34.37,55.63,0,25.9605,0,0
aten::empty,,,2.69,11.87,0,0,0,0
empty_tensor,,,9.18,9.18,0,0,0,0
aclnnScatterNdUpdateSk,,,9.39,9.39,25.9605,25.9605,0,0
aten::squeeze,,,8.28,14.48,0,0,0,0
aten::as_strided,,,6.2,6.2,0,0,0,0
aten::view,,,4.22,4.22,0,0,0,0
aten::view,,,2.25,2.25,0,0,0,0
_C_ascend::compressor,,,47.08,81.48,0,55.5215,0,0
aten::empty,,,2.47,11.83,0,0,0,0
empty_tensor,,,9.36,9.36,0,0,0,0
aten::empty,,,2.26,11.5,0,0,0,0
empty_tensor,,,9.24,9.24,0,0,0,0
aclnnCompressor,,,11.07,11.07,55.5215,55.5215,0,0
aten::reshape,,,1.74,7.07,0,0,0,0
aten::view,,,5.33,5.33,0,0,0,0
aten::linear,,,4.01,51.66,0,6.8805,0,0
aten::t,,,5.97,12.62,0,0,0,0
aten::transpose,,,2.85,6.65,0,0,0,0
aten::as_strided,,,3.8,3.8,0,0,0,0
aten::matmul,,,18.8,35.03,0,6.8805,0,0
empty_tensor,,,6.56,6.56,0,0,0,0
aclnnMatmul,,,9.67,9.67,6.8805,6.8805,0,0
aten::mul,,,15.18,30.89,0,1.02,0,0
empty_tensor,,,5.25,5.25,0,0,0,0
aten::item,,,1.82,3.33,0,0,0,0
aten::_local_scalar_dense,,,1.51,1.51,0,0,0,0
aclnnMuls,,,7.13,7.13,1.02,1.02,0,0
aten::alias,,,2.43,2.43,0,0,0,0
aten::reshape,,,1.21,4.81,0,0,0,0
aten::view,,,3.6,3.6,0,0,0,0
npu::npu_dynamic_quant,,,24.08,42.25,0,2.92,0,0
empty_tensor,,,6.02,6.02,0,0,0,0
empty_tensor,,,4.07,4.07,0,0,0,0
aclnnDynamicQuantV2,,,8.08,8.08,2.92,2.92,0,0
aten::unsqueeze,,,3.14,6.98,0,0,0,0
aten::as_strided,,,3.84,3.84,0,0,0,0
_C_ascend::npu_scatter_nd_update_sk,,,34.72,57.89,0,20.5005,0,0
aten::empty,,,2.92,12.83,0,0,0,0
empty_tensor,,,9.91,9.91,0,0,0,0
aclnnScatterNdUpdateSk,,,10.34,10.34,20.5005,20.5005,0,0
aten::to,,,1.71,39.33,0,0.9,0,0
aten::_to_copy,,,5.32,37.62,0,0.9,0,0
aten::empty_strided,,,7.53,11.04,0,0,0,0
empty_tensor,,,3.51,3.51,0,0,0,0
aten::copy_,,,13.59,21.26,0,0.9,0,0
aclnnInplaceCopy,,,7.67,7.67,0.9,0.9,0,0
aten::unsqueeze,,,2.78,6.48,0,0,0,0
aten::as_strided,,,3.7,3.7,0,0,0,0
_C_ascend::npu_scatter_nd_update_sk,,,30.18,50.54,0,18.2005,0,0
aten::empty,,,2.19,10.6,0,0,0,0
empty_tensor,,,8.41,8.41,0,0,0,0
aclnnScatterNdUpdateSk,,,9.76,9.76,18.2005,18.2005,0,0
npu::npu_quant_matmul,,,29.98,63.7,0,17.3805,0,0
empty_tensor,,,7.5,7.5,0,0,0,0
aten::empty,,,1.85,4.0,0,0,0,0
empty_tensor,,,2.15,2.15,0,0,0,0
aten::empty,,,0.92,2.34,0,0,0,0
empty_tensor,,,1.42,1.42,0,0,0,0
aclnnQuantMatmulWeightNz,,,19.88,19.88,17.3805,17.3805,0,0
aten::view,,,5.0,5.0,0,0,0,0
aten::unsqueeze,,,2.6,6.4,0,0,0,0
aten::as_strided,,,3.8,3.8,0,0,0,0
_C_ascend::inplace_partial_rotary_mul,,,47.43,70.56,0,5.4405,0,0
aten::empty,,,2.72,13.17,0,0,0,0
empty_tensor,,,10.45,10.45,0,0,0,0
aclnnInplacePartialRotaryMul,,,9.96,9.96,5.4405,5.4405,0,0
aten::reshape,,,1.84,7.18,0,0,0,0
aten::view,,,5.34,5.34,0,0,0,0
aten::linear,,,3.79,48.73,0,6.54,0,0
aten::t,,,4.99,11.69,0,0,0,0
aten::transpose,,,2.7,6.7,0,0,0,0
aten::as_strided,,,4.0,4.0,0,0,0,0
aten::matmul,,,17.21,33.25,0,6.54,0,0
empty_tensor,,,7.38,7.38,0,0,0,0
aclnnMatmul,,,8.66,8.66,6.54,6.54,0,0
aten::mul,,,14.38,29.64,0,5.3205,0,0
empty_tensor,,,5.24,5.24,0,0,0,0
aten::item,,,1.69,2.97,0,0,0,0
aten::_local_scalar_dense,,,1.28,1.28,0,0,0,0
aclnnMuls,,,7.05,7.05,5.3205,5.3205,0,0
aten::alias,,,2.72,2.72,0,0,0,0
aten::reshape,,,1.34,5.07,0,0,0,0
aten::view,,,3.73,3.73,0,0,0,0
vllm::unquantized_gemm,,,17.44,65.26,0,9.8605,0,0
aten::linear,,,3.57,47.82,0,9.8605,0,0
aten::t,,,5.13,12.59,0,0,0,0
aten::transpose,,,2.86,7.46,0,0,0,0
aten::as_strided,,,4.6,4.6,0,0,0,0
aten::matmul,,,15.23,31.66,0,9.8605,0,0
empty_tensor,,,7.48,7.48,0,0,0,0
aclnnMatmul,,,8.95,8.95,9.8605,9.8605,0,0
aten::mul,,,14.65,30.9,0,0.94,0,0
empty_tensor,,,6.35,6.35,0,0,0,0
aten::item,,,1.39,2.44,0,0,0,0
aten::_local_scalar_dense,,,1.05,1.05,0,0,0,0
aclnnMuls,,,7.46,7.46,0.94,0.94,0,0
npu::npu_dynamic_quant,,,23.08,40.76,0,6.5005,0,0
empty_tensor,,,6.29,6.29,0,0,0,0
empty_tensor,,,3.96,3.96,0,0,0,0
aclnnDynamicQuantV2,,,7.43,7.43,6.5005,6.5005,0,0
aten::to,,,1.77,35.95,0,1.0405,0,0
aten::_to_copy,,,5.59,34.18,0,1.0405,0,0
aten::empty_strided,,,7.01,10.19,0,0,0,0
empty_tensor,,,3.18,3.18,0,0,0,0
aten::copy_,,,11.78,18.4,0,1.0405,0,0
aclnnInplaceCopy,,,6.62,6.62,1.0405,1.0405,0,0
aten::to,,,1.0,29.18,0,1.14,0,0
aten::_to_copy,,,3.53,28.18,0,1.14,0,0
aten::empty_strided,,,5.63,8.63,0,0,0,0
empty_tensor,,,3.0,3.0,0,0,0,0
aten::copy_,,,9.92,16.02,0,1.14,0,0
aclnnInplaceCopy,,,6.1,6.1,1.14,1.14,0,0
aten::squeeze,,,6.9,11.88,0,0,0,0
aten::as_strided,,,4.98,4.98,0,0,0,0
aten::to,,,0.91,0.91,0,0,0,0
aten::slice,,,6.46,9.54,0,0,0,0
aten::as_strided,,,3.08,3.08,0,0,0,0
_C_ascend::npu_vllm_quant_lightning_indexer,,,53.38,87.76,0,79.4615,0,0
aten::empty,,,2.28,9.17,0,0,0,0
empty_tensor,,,6.89,6.89,0,0,0,0
aten::empty,,,1.12,3.04,0,0,0,0
empty_tensor,,,1.92,1.92,0,0,0,0
aten::empty,,,2.18,11.46,0,0,0,0
empty_tensor,,,9.28,9.28,0,0,0,0
aclnnVllmQuantLightningIndexer,,,10.71,10.71,79.4615,79.4615,0,0
aten::squeeze,,,7.32,12.63,0,0,0,0
aten::as_strided,,,5.31,5.31,0,0,0,0
aten::view,,,4.61,4.61,0,0,0,0
aten::view,,,2.15,2.15,0,0,0,0
_C_ascend::compressor,,,47.67,80.47,0,57.0415,0,0
aten::empty,,,2.21,10.61,0,0,0,0
empty_tensor,,,8.4,8.4,0,0,0,0
aten::empty,,,2.32,10.9,0,0,0,0
empty_tensor,,,8.58,8.58,0,0,0,0
aclnnCompressor,,,11.29,11.29,57.0415,57.0415,0,0
_C_ascend::npu_scatter_nd_update_sk,,,33.11,54.29,0,17.18,0,0
aten::empty,,,2.25,11.36,0,0,0,0
empty_tensor,,,9.11,9.11,0,0,0,0
aclnnScatterNdUpdateSk,,,9.82,9.82,17.18,17.18,0,0
_C_ascend::npu_sparse_attn_sharedkv,,,45.92,79.49,0,42.5805,0,0
aten::empty,,,2.0,9.59,0,0,0,0
empty_tensor,,,7.59,7.59,0,0,0,0
aten::empty,,,1.25,3.26,0,0,0,0
empty_tensor,,,2.01,2.01,0,0,0,0
aten::empty,,,1.99,10.57,0,0,0,0
empty_tensor,,,8.58,8.58,0,0,0,0
aclnnSparseAttnSharedkv,,,10.15,10.15,42.5805,42.5805,0,0
destroy_event,,,2.59,2.59,0,0,0,0
aten::unsqueeze,,,3.93,8.53,0,0,0,0
aten::as_strided,,,4.6,4.6,0,0,0,0
aten::neg,,,14.46,29.73,0,0.98,0,0
empty_tensor,,,6.53,6.53,0,0,0,0
aclnnNeg,,,8.74,8.74,0.98,0.98,0,0
_C_ascend::inplace_partial_rotary_mul,,,35.99,57.13,0,5.2,0,0
aten::empty,,,2.69,11.99,0,0,0,0
empty_tensor,,,9.3,9.3,0,0,0,0
aclnnInplacePartialRotaryMul,,,9.15,9.15,5.2,5.2,0,0
aten::view,,,5.6,5.6,0,0,0,0
aten::permute,,,3.13,7.98,0,0,0,0
aten::as_strided,,,4.85,4.85,0,0,0,0
aten::contiguous,,,2.46,39.35,0,12.64,0,0
aten::clone,,,4.4,36.89,0,12.64,0,0
empty_tensor,,,6.22,6.22,0,0,0,0
aten::copy_,,,18.38,26.27,0,12.64,0,0
aclnnInplaceCopy,,,7.89,7.89,12.64,12.64,0,0
aten::view,,,3.38,3.38,0,0,0,0
aten::empty_like,,,4.57,13.77,0,0,0,0
aten::empty_strided,,,6.65,9.2,0,0,0,0
empty_tensor,,,2.55,2.55,0,0,0,0
c10d::alltoall_base_,,,57.75,83.97,0,12.781,0,0
record_event,,,10.11,10.11,0.02,0.02,0,0
wait_event,,,4.82,4.82,0.0,0.0,0,0
HcclAlltoAll,,,2.42,5.63,0,12.721,0,0
HcclAlltoAll,,,3.21,3.21,12.721,12.721,0,0
record_event,,,3.21,3.21,0.02,0.02,0,0
record_event,,,2.45,2.45,0.02,0.02,0,0
wait_event,,,2.89,2.89,0.0,0.0,0,0
destroy_event,,,1.74,1.74,0,0,0,0
aten::view,,,5.28,5.28,0,0,0,0
npu::npu_transpose_batchmatmul,,,30.08,50.69,0,32.821,0,0
empty_tensor,,,10.36,10.36,0,0,0,0
aclnnTransposeBatchMatMul,,,10.25,10.25,32.821,32.821,0,0
aten::reshape,,,1.46,7.25,0,0,0,0
aten::view,,,5.79,5.79,0,0,0,0
vllm::matmul_and_reduce,,,143.73,473.7,0,33.2005,0,0
vllm::unquantized_gemm,,,16.76,75.91,0,17.4005,0,0
aten::linear,,,4.31,59.15,0,17.4005,0,0
aten::t,,,5.81,14.92,0,0,0,0
aten::transpose,,,2.92,9.11,0,0,0,0
aten::as_strided,,,6.19,6.19,0,0,0,0
aten::matmul,,,18.92,39.92,0,17.4005,0,0
empty_tensor,,,10.19,10.19,0,0,0,0
aclnnMatmul,,,10.81,10.81,17.4005,17.4005,0,0
vllm::reduce_scatter,,,118.28,254.06,0,15.8,0,0
aten::movedim,,,1.83,10.88,0,0,0,0
aten::movedim,,,2.53,9.05,0,0,0,0
aten::permute,,,2.74,6.52,0,0,0,0
aten::as_strided,,,3.78,3.78,0,0,0,0
aten::empty,,,2.92,13.28,0,0,0,0
empty_tensor,,,10.36,10.36,0,0,0,0
c10d::_reduce_scatter_base_,,,58.6,95.6,0,15.780000000000001,0,0
record_event,,,12.82,12.82,0.02,0.02,0,0
wait_event,,,13.27,13.27,3.12,3.12,0,0
HcclReduceScatterBase,,,2.9,4.91,0,12.4,0,0
HcclReduceScatter,,,2.01,2.01,12.4,12.4,0,0
record_event,,,3.66,3.66,0.22,0.22,0,0
record_event,,,2.34,2.34,0.02,0.02,0,0
wait_event,,,2.98,2.98,0.02,0.02,0,0
destroy_event,,,1.52,1.52,0,0,0,0
aten::movedim,,,1.52,11.52,0,0,0,0
aten::movedim,,,2.48,10.0,0,0,0,0
aten::permute,,,2.85,7.52,0,0,0,0
aten::as_strided,,,4.67,4.67,0,0,0,0
aten::copy_,,,54.68,65.05,0,0.72,0,0
aclnnInplaceCopy,,,10.37,10.37,0.72,0.72,0,0
aten::unsqueeze,,,4.33,7.97,0,0,0,0
aten::as_strided,,,3.64,3.64,0,0,0,0
aten::unsqueeze,,,2.28,3.86,0,0,0,0
aten::as_strided,,,1.58,1.58,0,0,0,0
aten::unsqueeze,,,2.02,3.55,0,0,0,0
aten::as_strided,,,1.53,1.53,0,0,0,0
aten::detach,,,3.53,3.53,0,0,0,0
aten::reshape,,,4.27,7.87,0,0,0,0
aten::view,,,3.6,3.6,0,0,0,0
aten::unsqueeze,,,2.18,3.81,0,0,0,0
aten::as_strided,,,1.63,1.63,0,0,0,0
_C_ascend::npu_hc_post,,,38.3,76.89,0,7.58,0,0
aten::empty,,,3.01,13.61,0,0,0,0
empty_tensor,,,10.6,10.6,0,0,0,0
aten::empty,,,2.41,13.01,0,0,0,0
empty_tensor,,,10.6,10.6,0,0,0,0
aclnnHcPost,,,11.97,11.97,7.58,7.58,0,0
aten::squeeze,,,4.31,6.86,0,0,0,0
aten::as_strided,,,2.55,2.55,0,0,0,0
_C_ascend::npu_hc_pre_v2,,,36.14,72.57,0,32.301,0,0
aten::empty,,,1.98,8.63,0,0,0,0
empty_tensor,,,6.65,6.65,0,0,0,0
aten::empty,,,1.1,4.49,0,0,0,0
empty_tensor,,,3.39,3.39,0,0,0,0
aten::empty,,,0.97,3.87,0,0,0,0
empty_tensor,,,2.9,2.9,0,0,0,0
aten::empty,,,1.92,9.35,0,0,0,0
empty_tensor,,,7.43,7.43,0,0,0,0
aclnnHcPre,,,10.09,10.09,32.301,32.301,0,0
npu::npu_rms_norm,,,49.34,70.18,0,4.6205,0,0
empty_tensor,,,6.07,6.07,0,0,0,0
empty_tensor,,,5.77,5.77,0,0,0,0
aclnnRmsNorm,,,9.0,9.0,4.6205,4.6205,0,0
aten::reshape,,,4.89,9.29,0,0,0,0
aten::view,,,4.4,4.4,0,0,0,0
vllm::moe_forward_shared,,,1914.83,4744.74,0,443.64750000000004,0,0
aten::to,,,1.88,45.3,0,6.22,0,0
aten::_to_copy,,,5.47,43.42,0,6.22,0,0
aten::empty_strided,,,8.71,13.36,0,0,0,0
empty_tensor,,,4.65,4.65,0,0,0,0
aten::copy_,,,14.76,24.59,0,6.22,0,0
aclnnInplaceCopy,,,9.83,9.83,6.22,6.22,0,0
Event::record,,,78.51,90.58,0,0.2,0,0
record_event,,,12.07,12.07,0.2,0.2,0,0
aten::linear,,,4.41,56.54,0,11.66,0,0
aten::t,,,5.54,14.36,0,0,0,0
aten::transpose,,,2.74,8.82,0,0,0,0
aten::as_strided,,,6.08,6.08,0,0,0,0
aten::matmul,,,18.6,37.77,0,11.66,0,0
empty_tensor,,,10.6,10.6,0,0,0,0
aclnnMatmul,,,8.57,8.57,11.66,11.66,0,0
Event::record,,,69.96,83.18,0,0.02,0,0
record_event,,,13.22,13.22,0.02,0.02,0,0
vllm::maybe_all_gather_and_maybe_unpad,,,45.19,304.29,0,17.8,0,0
vllm::all_gather,,,130.91,259.1,0,17.8,0,0
aten::empty,,,3.98,17.64,0,0,0,0
empty_tensor,,,13.66,13.66,0,0,0,0
c10d::_allgather_base_,,,55.78,82.68,0,17.8,0,0
record_event,,,12.94,12.94,0.02,0.02,0,0
wait_event,,,3.05,3.05,6.56,6.56,0,0
HcclAllgatherBase,,,2.88,4.8,0,10.8,0,0
HcclAllGather,,,1.92,1.92,10.8,10.8,0,0
record_event,,,3.44,3.44,0.2,0.2,0,0
record_event,,,2.67,2.67,0.22,0.22,0,0
wait_event,,,3.22,3.22,0.0,0.0,0,0
destroy_event,,,1.64,1.64,0,0,0,0
aten::reshape,,,1.82,8.15,0,0,0,0
aten::view,,,6.33,6.33,0,0,0,0
aten::movedim,,,1.58,11.02,0,0,0,0
aten::movedim,,,2.65,9.44,0,0,0,0
aten::permute,,,2.83,6.79,0,0,0,0
aten::as_strided,,,3.96,3.96,0,0,0,0
aten::reshape,,,0.93,3.84,0,0,0,0
aten::view,,,2.91,2.91,0,0,0,0
vllm::maybe_all_gather_and_maybe_unpad,,,40.11,275.62,0,11.64,0,0
vllm::all_gather,,,114.75,235.51,0,11.64,0,0
aten::empty,,,3.1,15.67,0,0,0,0
empty_tensor,,,12.57,12.57,0,0,0,0
c10d::_allgather_base_,,,51.35,78.57,0,11.620000000000001,0,0
record_event,,,13.79,13.79,0.02,0.02,0,0
wait_event,,,2.86,2.86,5.82,5.82,0,0
HcclAllgatherBase,,,2.9,4.6,0,5.74,0,0
HcclAllGather,,,1.7,1.7,5.74,5.74,0,0
record_event,,,3.48,3.48,0.02,0.02,0,0
record_event,,,2.49,2.49,0.02,0.02,0,0
wait_event,,,3.16,3.16,0.02,0.02,0,0
destroy_event,,,1.96,1.96,0,0,0,0
aten::reshape,,,1.55,6.83,0,0,0,0
aten::view,,,5.28,5.28,0,0,0,0
aten::movedim,,,1.47,10.61,0,0,0,0
aten::movedim,,,2.34,9.14,0,0,0,0
aten::permute,,,2.65,6.8,0,0,0,0
aten::as_strided,,,4.15,4.15,0,0,0,0
aten::reshape,,,0.86,3.96,0,0,0,0
aten::view,,,3.1,3.1,0,0,0,0
_C_ascend::moe_gating_top_k_hash,,,43.12,81.4,0,10.68,0,0
aten::empty,,,3.05,16.2,0,0,0,0
empty_tensor,,,13.15,13.15,0,0,0,0
aten::empty,,,1.18,4.89,0,0,0,0
empty_tensor,,,3.71,3.71,0,0,0,0
aten::empty,,,1.06,5.2,0,0,0,0
empty_tensor,,,4.14,4.14,0,0,0,0
aclnnMoeGatingTopKHash,,,11.99,11.99,10.68,10.68,0,0
aten::to,,,1.82,46.11,0,1.08,0,0
aten::_to_copy,,,5.55,44.29,0,1.08,0,0
aten::empty_strided,,,8.13,13.3,0,0,0,0
empty_tensor,,,5.17,5.17,0,0,0,0
aten::copy_,,,16.73,25.44,0,1.08,0,0
aclnnInplaceCopy,,,8.71,8.71,1.08,1.08,0,0
aten::detach,,,4.45,4.45,0,0,0,0
aten::detach,,,1.13,1.13,0,0,0,0
Event::record,,,78.01,91.98,0,0.2,0,0
record_event,,,13.97,13.97,0.2,0.2,0,0
aten::index,,,31.49,55.47,0,18.439999999999998,0,0
empty_tensor,,,6.44,6.44,0,0,0,0
empty_tensor,,,7.89,7.89,0,0,0,0
aclnnIndex,,,9.65,9.65,18.439999999999998,18.439999999999998,0,0
aten::ne,,,10.89,23.23,0,1.4,0,0
empty_tensor,,,5.6,5.6,0,0,0,0
aclnnNeScalar,,,6.74,6.74,1.4,1.4,0,0
aten::mul,,,15.77,26.61,0,2.2800000000000002,0,0
empty_tensor,,,4.79,4.79,0,0,0,0
aclnnMul,,,6.05,6.05,2.2800000000000002,2.2800000000000002,0,0
npu::npu_moe_init_routing_v2,,,24.04,51.44,0,33.621,0,0
empty_tensor,,,10.79,10.79,0,0,0,0
empty_tensor,,,3.35,3.35,0,0,0,0
empty_tensor,,,2.92,2.92,0,0,0,0
empty_tensor,,,2.95,2.95,0,0,0,0
aclnnMoeInitRoutingV3,,,7.39,7.39,33.621,33.621,0,0
aten::to,,,1.71,1.71,0,0,0,0
_C_ascend::grouped_matmul_swiglu_quant_v2,,,179.48,228.15,0,162.523,0,0
aten::empty,,,3.25,12.99,0,0,0,0
empty_tensor,,,9.74,9.74,0,0,0,0
aten::empty,,,1.25,4.69,0,0,0,0
empty_tensor,,,3.44,3.44,0,0,0,0
aten::empty,,,4.0,17.33,0,0,0,0
empty_tensor,,,13.33,13.33,0,0,0,0
aclnnGroupedMatmulSwigluQuantWeightNzV2,,,13.66,13.66,162.523,162.523,0,0
Event::record,,,77.48,90.59,0,0.2,0,0
record_event,,,13.11,13.11,0.2,0.2,0,0
npu::npu_grouped_matmul,,,40.13,67.38,0,89.7215,0,0
empty_tensor,,,15.03,15.03,0,0,0,0
npu::get_npu_format,,,1.81,1.81,0,0,0,0
aclnnGroupedMatmulWeightNz,,,10.41,10.41,89.7215,89.7215,0,0
Event::record,,,71.99,84.38,0,0.02,0,0
record_event,,,12.39,12.39,0.02,0.02,0,0
aten::abs,,,15.74,35.63,0,1.1,0,0
empty_tensor,,,10.64,10.64,0,0,0,0
aclnnAbs,,,9.25,9.25,1.1,1.1,0,0
npu::npu_moe_token_unpermute,,,68.29,84.69,0,13.0205,0,0
empty_tensor,,,7.18,7.18,0,0,0,0
aclnnMoeTokenUnpermute,,,9.22,9.22,13.0205,13.0205,0,0
vllm::maybe_pad_and_reduce,,,37.28,282.16,0,14.74,0,0
vllm::reduce_scatter,,,115.6,244.88,0,14.74,0,0
aten::movedim,,,1.57,13.64,0,0,0,0
aten::movedim,,,2.71,12.07,0,0,0,0
aten::permute,,,3.61,9.36,0,0,0,0
aten::as_strided,,,5.75,5.75,0,0,0,0
aten::empty,,,2.98,14.03,0,0,0,0
empty_tensor,,,11.05,11.05,0,0,0,0
c10d::_reduce_scatter_base_,,,55.24,84.92,0,14.540000000000001,0,0
record_event,,,13.91,13.91,0.02,0.02,0,0
wait_event,,,5.05,5.05,2.62,2.62,0,0
HcclReduceScatterBase,,,2.97,4.52,0,11.66,0,0
HcclReduceScatter,,,1.55,1.55,11.66,11.66,0,0
record_event,,,3.75,3.75,0.22,0.22,0,0
record_event,,,2.45,2.45,0.02,0.02,0,0
wait_event,,,2.9,2.9,0.2,0.2,0,0
destroy_event,,,1.59,1.59,0,0,0,0
aten::movedim,,,1.44,12.2,0,0,0,0
aten::movedim,,,2.47,10.76,0,0,0,0
aten::permute,,,3.0,8.29,0,0,0,0
aten::as_strided,,,5.29,5.29,0,0,0,0
Event::wait,,,64.94,78.3,0,0,0,0
wait_event,,,13.36,13.36,0,0,0,0
npu::npu_dynamic_quant,,,29.03,56.49,0,3.9405,0,0
empty_tensor,,,12.94,12.94,0,0,0,0
empty_tensor,,,4.1,4.1,0,0,0,0
aclnnDynamicQuantV2,,,10.42,10.42,3.9405,3.9405,0,0
Event::wait,,,58.95,70.6,0,0,0,0
wait_event,,,11.65,11.65,0,0,0,0
npu::npu_quant_matmul,,,34.34,61.8,0,20.2005,0,0
empty_tensor,,,11.01,11.01,0,0,0,0
aten::empty,,,2.38,4.58,0,0,0,0
empty_tensor,,,2.2,2.2,0,0,0,0
aten::empty,,,0.94,2.58,0,0,0,0
empty_tensor,,,1.64,1.64,0,0,0,0
aclnnQuantMatmulWeightNz,,,9.29,9.29,20.2005,20.2005,0,0
Event::wait,,,57.46,68.72,0,0,0,0
wait_event,,,11.26,11.26,0,0,0,0
_C_ascend::npu_dequant_swiglu_quant,,,48.03,87.94,0,5.2,0,0
aten::empty,,,2.88,14.06,0,0,0,0
empty_tensor,,,11.18,11.18,0,0,0,0
aten::empty,,,1.29,4.91,0,0,0,0
empty_tensor,,,3.62,3.62,0,0,0,0
aten::empty,,,2.49,9.78,0,0,0,0
empty_tensor,,,7.29,7.29,0,0,0,0
aclnnDequantSwigluQuantV2,,,11.16,11.16,5.2,5.2,0,0
Event::wait,,,60.23,72.46,0,0,0,0
wait_event,,,12.23,12.23,0,0,0,0
npu::npu_quant_matmul,,,35.42,63.24,0,17.7205,0,0
empty_tensor,,,11.0,11.0,0,0,0,0
aten::empty,,,2.36,4.42,0,0,0,0
empty_tensor,,,2.06,2.06,0,0,0,0
aten::empty,,,0.95,2.6,0,0,0,0
empty_tensor,,,1.65,1.65,0,0,0,0
aclnnQuantMatmulWeightNz,,,9.8,9.8,17.7205,17.7205,0,0
Event::record,,,71.21,83.01,0,0.0,0,0
record_event,,,11.8,11.8,0.0,0.0,0,0
Event::wait,,,44.04,53.68,0,0.02,0,0
wait_event,,,9.64,9.64,0.02,0.02,0,0
destroy_event,,,5.92,5.92,0,0,0,0
destroy_event,,,6.28,6.28,0,0,0,0
destroy_event,,,3.61,3.61,0,0,0,0
destroy_event,,,1.43,1.43,0,0,0,0
destroy_event,,,2.94,2.94,0,0,0,0
destroy_event,,,1.47,1.47,0,0,0,0
aten::add,,,22.88,41.88,0,7.62,0,0
empty_tensor,,,11.18,11.18,0,0,0,0
aclnnAdd,,,7.82,7.82,7.62,7.62,0,0
vllm::maybe_all_reduce_tensor_model_parallel,,,23.86,23.86,0,0,0,0
aten::unsqueeze,,,5.13,9.25,0,0,0,0
aten::as_strided,,,4.12,4.12,0,0,0,0
aten::unsqueeze,,,2.28,4.19,0,0,0,0
aten::as_strided,,,1.91,1.91,0,0,0,0
aten::unsqueeze,,,1.86,3.3,0,0,0,0
aten::as_strided,,,1.44,1.44,0,0,0,0
aten::unsqueeze,,,1.89,3.37,0,0,0,0
aten::as_strided,,,1.48,1.48,0,0,0,0
_C_ascend::npu_hc_post,,,40.73,75.34,0,7.82,0,0
aten::empty,,,2.4,11.25,0,0,0,0
empty_tensor,,,8.85,8.85,0,0,0,0
aten::empty,,,3.45,13.38,0,0,0,0
empty_tensor,,,9.93,9.93,0,0,0,0
aclnnHcPost,,,9.98,9.98,7.82,7.82,0,0
aten::squeeze,,,4.51,6.94,0,0,0,0
aten::as_strided,,,2.43,2.43,0,0,0,0
_C_ascend::npu_hc_pre_v2,,,37.41,73.86,0,40.7405,0,0
aten::empty,,,2.01,8.62,0,0,0,0
empty_tensor,,,6.61,6.61,0,0,0,0
aten::empty,,,1.11,4.41,0,0,0,0
empty_tensor,,,3.3,3.3,0,0,0,0
aten::empty,,,1.12,4.07,0,0,0,0
empty_tensor,,,2.95,2.95,0,0,0,0
aten::empty,,,1.94,9.41,0,0,0,0
empty_tensor,,,7.47,7.47,0,0,0,0
aclnnHcPre,,,9.94,9.94,40.7405,40.7405,0,0
npu::npu_rms_norm,,,49.04,66.92,0,4.68,0,0
empty_tensor,,,6.33,6.33,0,0,0,0
empty_tensor,,,3.47,3.47,0,0,0,0
aclnnRmsNorm,,,8.08,8.08,4.68,4.68,0,0
aten::empty,,,5.9,13.0,0,0,0,0
empty_tensor,,,7.1,7.1,0,0,0,0
aten::alias,,,3.87,3.87,0,0,0,0
vllm::dsa_forward,,,1480.43,3389.01,0,361.847,0,0
aten::empty,,,3.06,12.57,0,0,0,0
empty_tensor,,,9.51,9.51,0,0,0,0
c10d::_allgather_base_,,,57.03,85.49,0,11.3,0,0
record_event,,,13.99,13.99,0.0,0.0,0,0
wait_event,,,3.26,3.26,0.02,0.02,0,0
HcclAllgatherBase,,,3.12,5.26,0,11.08,0,0
HcclAllGather,,,2.14,2.14,11.08,11.08,0,0
record_event,,,3.6,3.6,0.0,0.0,0,0
record_event,,,2.35,2.35,0.2,0.2,0,0
npu::npu_dynamic_quant,,,29.72,54.89,0,3.92,0,0
empty_tensor,,,9.01,9.01,0,0,0,0
empty_tensor,,,4.35,4.35,0,0,0,0
aclnnDynamicQuantV2,,,11.81,11.81,3.92,3.92,0,0
npu::npu_quant_matmul,,,31.32,54.43,0,16.4005,0,0
empty_tensor,,,7.1,7.1,0,0,0,0
aten::empty,,,2.19,4.34,0,0,0,0
empty_tensor,,,2.15,2.15,0,0,0,0
aten::empty,,,1.0,2.55,0,0,0,0
empty_tensor,,,1.55,1.55,0,0,0,0
aclnnQuantMatmulWeightNz,,,9.12,9.12,16.4005,16.4005,0,0
_C_ascend::npu_rms_norm_dynamic_quant,,,46.19,98.46,0,7.44,0,0
aten::empty_like,,,5.22,15.91,0,0,0,0
aten::empty_strided,,,7.32,10.69,0,0,0,0
empty_tensor,,,3.37,3.37,0,0,0,0
aten::empty,,,1.31,4.66,0,0,0,0
empty_tensor,,,3.35,3.35,0,0,0,0
aten::empty,,,1.1,4.17,0,0,0,0
empty_tensor,,,3.07,3.07,0,0,0,0
aten::empty_like,,,1.83,6.9,0,0,0,0
aten::empty_strided,,,3.45,5.07,0,0,0,0
empty_tensor,,,1.62,1.62,0,0,0,0
aten::empty,,,2.04,10.25,0,0,0,0
empty_tensor,,,8.21,8.21,0,0,0,0
aclnnRmsNormDynamicQuant,,,10.38,10.38,7.44,7.44,0,0
npu::npu_quant_matmul,,,30.07,51.25,0,34.541,0,0
empty_tensor,,,6.25,6.25,0,0,0,0
aten::empty,,,1.5,3.48,0,0,0,0
empty_tensor,,,1.98,1.98,0,0,0,0
aten::empty,,,0.92,2.44,0,0,0,0
empty_tensor,,,1.52,1.52,0,0,0,0
aclnnQuantMatmulWeightNz,,,9.01,9.01,34.541,34.541,0,0
aten::unflatten,,,5.2,10.45,0,0,0,0
aten::view,,,5.25,5.25,0,0,0,0
aten::view,,,2.67,2.67,0,0,0,0
aten::empty_like,,,4.24,14.1,0,0,0,0
aten::empty_strided,,,6.73,9.86,0,0,0,0
empty_tensor,,,3.13,3.13,0,0,0,0
triton_rms_kernel,,,14.89,14.89,13.44,13.44,0,0
aten::view,,,7.14,7.14,0,0,0,0
aten::unsqueeze,,,3.19,7.48,0,0,0,0
aten::as_strided,,,4.29,4.29,0,0,0,0
_C_ascend::inplace_partial_rotary_mul,,,42.21,70.64,0,5.16,0,0
aten::empty,,,3.25,17.46,0,0,0,0
empty_tensor,,,14.21,14.21,0,0,0,0
aclnnInplacePartialRotaryMul,,,10.97,10.97,5.16,5.16,0,0
wait_event,,,4.77,4.77,0.02,0.02,0,0
aten::slice,,,4.65,8.85,0,0,0,0
aten::as_strided,,,4.2,4.2,0,0,0,0
npu::npu_dynamic_quant,,,30.2,53.84,0,7.12,0,0
empty_tensor,,,9.3,9.3,0,0,0,0
empty_tensor,,,4.53,4.53,0,0,0,0
aclnnDynamicQuantV2,,,9.81,9.81,7.12,7.12,0,0
npu::npu_quant_matmul,,,31.36,56.71,0,13.7605,0,0
empty_tensor,,,7.03,7.03,0,0,0,0
aten::empty,,,2.04,3.92,0,0,0,0
empty_tensor,,,1.88,1.88,0,0,0,0
aten::empty,,,1.03,5.37,0,0,0,0
empty_tensor,,,4.34,4.34,0,0,0,0
aclnnQuantMatmulWeightNz,,,9.03,9.03,13.7605,13.7605,0,0
npu::npu_rms_norm,,,53.36,72.34,0,10.2005,0,0
empty_tensor,,,6.6,6.6,0,0,0,0
empty_tensor,,,3.39,3.39,0,0,0,0
aclnnRmsNorm,,,8.99,8.99,10.2005,10.2005,0,0
aten::view,,,5.44,5.44,0,0,0,0
aten::unsqueeze,,,2.95,7.07,0,0,0,0
aten::as_strided,,,4.12,4.12,0,0,0,0
aten::slice,,,3.19,5.53,0,0,0,0
aten::as_strided,,,2.34,2.34,0,0,0,0
aten::slice,,,1.11,2.83,0,0,0,0
aten::as_strided,,,1.72,1.72,0,0,0,0
_C_ascend::inplace_partial_rotary_mul,,,39.04,63.67,0,9.9805,0,0
aten::empty,,,3.18,13.96,0,0,0,0
empty_tensor,,,10.78,10.78,0,0,0,0
aclnnInplacePartialRotaryMul,,,10.67,10.67,9.9805,9.9805,0,0
_C_ascend::npu_scatter_nd_update_sk,,,32.64,53.68,0,26.2005,0,0
aten::empty,,,2.83,12.19,0,0,0,0
empty_tensor,,,9.36,9.36,0,0,0,0
aclnnScatterNdUpdateSk,,,8.85,8.85,26.2005,26.2005,0,0
aten::squeeze,,,8.43,13.13,0,0,0,0
aten::as_strided,,,4.7,4.7,0,0,0,0
aten::view,,,4.12,4.12,0,0,0,0
aten::view,,,3.52,3.52,0,0,0,0
_C_ascend::compressor,,,47.06,80.39,0,47.201,0,0
aten::empty,,,2.38,11.28,0,0,0,0
empty_tensor,,,8.9,8.9,0,0,0,0
aten::empty,,,2.36,11.53,0,0,0,0
empty_tensor,,,9.17,9.17,0,0,0,0
aclnnCompressor,,,10.52,10.52,47.201,47.201,0,0
_C_ascend::npu_scatter_nd_update_sk,,,31.51,53.7,0,15.64,0,0
aten::empty,,,2.54,11.66,0,0,0,0
empty_tensor,,,9.12,9.12,0,0,0,0
aclnnScatterNdUpdateSk,,,10.53,10.53,15.64,15.64,0,0
_C_ascend::npu_sparse_attn_sharedkv,,,46.07,79.9,0,37.8205,0,0
aten::empty,,,2.29,10.66,0,0,0,0
empty_tensor,,,8.37,8.37,0,0,0,0
aten::empty,,,1.19,3.12,0,0,0,0
empty_tensor,,,1.93,1.93,0,0,0,0
aten::empty,,,2.12,9.63,0,0,0,0
empty_tensor,,,7.51,7.51,0,0,0,0
aclnnSparseAttnSharedkv,,,10.42,10.42,37.8205,37.8205,0,0
destroy_event,,,2.95,2.95,0,0,0,0
aten::unsqueeze,,,3.84,8.61,0,0,0,0
aten::as_strided,,,4.77,4.77,0,0,0,0
aten::neg,,,15.35,31.32,0,0.88,0,0
empty_tensor,,,6.99,6.99,0,0,0,0
aclnnNeg,,,8.98,8.98,0.88,0.88,0,0
_C_ascend::inplace_partial_rotary_mul,,,37.56,59.06,0,5.26,0,0
aten::empty,,,2.48,12.28,0,0,0,0
empty_tensor,,,9.8,9.8,0,0,0,0
aclnnInplacePartialRotaryMul,,,9.22,9.22,5.26,5.26,0,0
aten::view,,,5.73,5.73,0,0,0,0
aten::permute,,,3.2,8.13,0,0,0,0
aten::as_strided,,,4.93,4.93,0,0,0,0
aten::contiguous,,,2.41,39.04,0,11.8,0,0
aten::clone,,,4.53,36.63,0,11.8,0,0
empty_tensor,,,6.27,6.27,0,0,0,0
aten::copy_,,,18.3,25.83,0,11.8,0,0
aclnnInplaceCopy,,,7.53,7.53,11.8,11.8,0,0
aten::view,,,3.48,3.48,0,0,0,0
aten::empty_like,,,4.89,15.08,0,0,0,0
aten::empty_strided,,,7.58,10.19,0,0,0,0
empty_tensor,,,2.61,2.61,0,0,0,0
c10d::alltoall_base_,,,58.92,84.85,0,13.741000000000001,0,0
record_event,,,12.31,12.31,0.2,0.2,0,0
wait_event,,,3.19,3.19,0.02,0.02,0,0
HcclAlltoAll,,,2.11,3.49,0,13.281,0,0
HcclAlltoAll,,,1.38,1.38,13.281,13.281,0,0
record_event,,,4.45,4.45,0.22,0.22,0,0
record_event,,,2.49,2.49,0.02,0.02,0,0
wait_event,,,3.04,3.04,0.02,0.02,0,0
destroy_event,,,1.6,1.6,0,0,0,0
aten::view,,,5.3,5.3,0,0,0,0
npu::npu_transpose_batchmatmul,,,29.93,50.46,0,35.5805,0,0
empty_tensor,,,10.74,10.74,0,0,0,0
aclnnTransposeBatchMatMul,,,9.79,9.79,35.5805,35.5805,0,0
aten::reshape,,,1.61,6.22,0,0,0,0
aten::view,,,4.61,4.61,0,0,0,0
vllm::matmul_and_reduce,,,145.19,464.45,0,33.7005,0,0
vllm::unquantized_gemm,,,16.76,80.58,0,16.4605,0,0
aten::linear,,,4.41,63.82,0,16.4605,0,0
aten::t,,,5.78,15.45,0,0,0,0
aten::transpose,,,3.56,9.67,0,0,0,0
aten::as_strided,,,6.11,6.11,0,0,0,0
aten::matmul,,,21.21,43.96,0,16.4605,0,0
empty_tensor,,,10.89,10.89,0,0,0,0
aclnnMatmul,,,11.86,11.86,16.4605,16.4605,0,0
vllm::reduce_scatter,,,115.65,238.68,0,17.24,0,0
aten::movedim,,,1.57,11.2,0,0,0,0
aten::movedim,,,2.49,9.63,0,0,0,0
aten::permute,,,3.27,7.14,0,0,0,0
aten::as_strided,,,3.87,3.87,0,0,0,0
aten::empty,,,2.68,12.57,0,0,0,0
empty_tensor,,,9.89,9.89,0,0,0,0
c10d::_reduce_scatter_base_,,,53.36,81.43,0,17.24,0,0
record_event,,,13.57,13.57,0.02,0.02,0,0
wait_event,,,3.0,3.0,4.5,4.5,0,0
HcclReduceScatterBase,,,3.11,4.96,0,12.68,0,0
HcclReduceScatter,,,1.85,1.85,12.68,12.68,0,0
record_event,,,3.96,3.96,0.02,0.02,0,0
record_event,,,2.58,2.58,0.02,0.02,0,0
wait_event,,,3.53,3.53,0.0,0.0,0,0
destroy_event,,,1.66,1.66,0,0,0,0
aten::movedim,,,1.56,12.64,0,0,0,0
aten::movedim,,,3.86,11.08,0,0,0,0
aten::permute,,,2.79,7.22,0,0,0,0
aten::as_strided,,,4.43,4.43,0,0,0,0
aten::copy_,,,54.57,65.31,0,0.72,0,0
aclnnInplaceCopy,,,10.74,10.74,0.72,0.72,0,0
aten::unsqueeze,,,4.53,8.21,0,0,0,0
aten::as_strided,,,3.68,3.68,0,0,0,0
aten::unsqueeze,,,2.3,3.84,0,0,0,0
aten::as_strided,,,1.54,1.54,0,0,0,0
aten::unsqueeze,,,2.0,3.51,0,0,0,0
aten::as_strided,,,1.51,1.51,0,0,0,0
aten::detach,,,3.56,3.56,0,0,0,0
aten::reshape,,,4.15,7.84,0,0,0,0
aten::view,,,3.69,3.69,0,0,0,0
aten::unsqueeze,,,2.48,4.08,0,0,0,0
aten::as_strided,,,1.6,1.6,0,0,0,0
_C_ascend::npu_hc_post,,,38.37,75.3,0,7.48,0,0
aten::empty,,,2.75,13.33,0,0,0,0
empty_tensor,,,10.58,10.58,0,0,0,0
aten::empty,,,2.5,12.73,0,0,0,0
empty_tensor,,,10.23,10.23,0,0,0,0
aclnnHcPost,,,10.87,10.87,7.48,7.48,0,0
aten::squeeze,,,4.53,7.1,0,0,0,0
aten::as_strided,,,2.57,2.57,0,0,0,0
_C_ascend::npu_hc_pre_v2,,,35.98,73.18,0,29.9205,0,0
aten::empty,,,2.35,9.06,0,0,0,0
empty_tensor,,,6.71,6.71,0,0,0,0
aten::empty,,,1.17,4.55,0,0,0,0
empty_tensor,,,3.38,3.38,0,0,0,0
aten::empty,,,1.03,3.98,0,0,0,0
empty_tensor,,,2.95,2.95,0,0,0,0
aten::empty,,,1.89,9.86,0,0,0,0
empty_tensor,,,7.97,7.97,0,0,0,0
aclnnHcPre,,,9.75,9.75,29.9205,29.9205,0,0
npu::npu_rms_norm,,,47.55,65.68,0,5.38,0,0
empty_tensor,,,6.04,6.04,0,0,0,0
empty_tensor,,,3.63,3.63,0,0,0,0
aclnnRmsNorm,,,8.46,8.46,5.38,5.38,0,0
aten::reshape,,,4.56,8.65,0,0,0,0
aten::view,,,4.09,4.09,0,0,0,0
vllm::moe_forward_shared,,,1911.66,4778.01,0,396.6065,0,0
aten::to,,,1.96,48.15,0,5.9005,0,0
aten::_to_copy,,,5.41,46.19,0,5.9005,0,0
aten::empty_strided,,,8.71,13.28,0,0,0,0
empty_tensor,,,4.57,4.57,0,0,0,0
aten::copy_,,,14.89,27.5,0,5.9005,0,0
aclnnInplaceCopy,,,12.61,12.61,5.9005,5.9005,0,0
Event::record,,,75.47,87.93,0,0.02,0,0
record_event,,,12.46,12.46,0.02,0.02,0,0
aten::linear,,,4.33,61.93,0,12.48,0,0
aten::t,,,5.6,14.4,0,0,0,0
aten::transpose,,,2.93,8.8,0,0,0,0
aten::as_strided,,,5.87,5.87,0,0,0,0
aten::matmul,,,19.37,43.2,0,12.48,0,0
empty_tensor,,,14.81,14.81,0,0,0,0
aclnnMatmul,,,9.02,9.02,12.48,12.48,0,0
Event::record,,,70.09,81.12,0,0.02,0,0
record_event,,,11.03,11.03,0.02,0.02,0,0
vllm::maybe_all_gather_and_maybe_unpad,,,44.81,305.64,0,15.2005,0,0
vllm::all_gather,,,129.04,260.83,0,15.2005,0,0
aten::empty,,,3.81,17.14,0,0,0,0
empty_tensor,,,13.33,13.33,0,0,0,0
c10d::_allgather_base_,,,55.0,86.76,0,15.2005,0,0
record_event,,,13.42,13.42,0.02,0.02,0,0
wait_event,,,3.03,3.03,4.9405,4.9405,0,0
HcclAllgatherBase,,,5.49,9.37,0,10.2,0,0
HcclAllGather,,,3.88,3.88,10.2,10.2,0,0
record_event,,,3.69,3.69,0.02,0.02,0,0
record_event,,,2.25,2.25,0.02,0.02,0,0
wait_event,,,2.91,2.91,0.0,0.0,0,0
destroy_event,,,1.62,1.62,0,0,0,0
aten::reshape,,,1.85,7.96,0,0,0,0
aten::view,,,6.11,6.11,0,0,0,0
aten::movedim,,,1.6,11.29,0,0,0,0
aten::movedim,,,2.57,9.69,0,0,0,0
aten::permute,,,3.08,7.12,0,0,0,0
aten::as_strided,,,4.04,4.04,0,0,0,0
aten::reshape,,,0.97,4.11,0,0,0,0
aten::view,,,3.14,3.14,0,0,0,0
vllm::maybe_all_gather_and_maybe_unpad,,,40.23,275.57,0,6.12,0,0
vllm::all_gather,,,113.96,235.34,0,6.12,0,0
aten::empty,,,3.05,15.59,0,0,0,0
empty_tensor,,,12.54,12.54,0,0,0,0
c10d::_allgather_base_,,,49.65,79.49,0,6.12,0,0
record_event,,,12.31,12.31,0.24,0.24,0,0
wait_event,,,3.29,3.29,0.0,0.0,0,0
HcclAllgatherBase,,,3.11,7.78,0,5.44,0,0
HcclAllGather,,,4.67,4.67,5.44,5.44,0,0
record_event,,,4.08,4.08,0.22,0.22,0,0
record_event,,,2.38,2.38,0.22,0.22,0,0
wait_event,,,3.05,3.05,0.0,0.0,0,0
destroy_event,,,1.99,1.99,0,0,0,0
aten::reshape,,,1.56,6.75,0,0,0,0
aten::view,,,5.19,5.19,0,0,0,0
aten::movedim,,,1.41,10.54,0,0,0,0
aten::movedim,,,2.25,9.13,0,0,0,0
aten::permute,,,2.93,6.88,0,0,0,0
aten::as_strided,,,3.95,3.95,0,0,0,0
aten::reshape,,,0.91,3.97,0,0,0,0
aten::view,,,3.06,3.06,0,0,0,0
_C_ascend::moe_gating_top_k_hash,,,43.2,85.02,0,11.04,0,0
aten::empty,,,6.62,19.8,0,0,0,0
empty_tensor,,,13.18,13.18,0,0,0,0
aten::empty,,,1.36,5.21,0,0,0,0
empty_tensor,,,3.85,3.85,0,0,0,0
aten::empty,,,1.07,4.6,0,0,0,0
empty_tensor,,,3.53,3.53,0,0,0,0
aclnnMoeGatingTopKHash,,,12.21,12.21,11.04,11.04,0,0
aten::to,,,1.86,45.86,0,0.92,0,0
aten::_to_copy,,,5.72,44.0,0,0.92,0,0
aten::empty_strided,,,8.53,13.47,0,0,0,0
empty_tensor,,,4.94,4.94,0,0,0,0
aten::copy_,,,16.5,24.81,0,0.92,0,0
aclnnInplaceCopy,,,8.31,8.31,0.92,0.92,0,0
aten::detach,,,4.51,4.51,0,0,0,0
aten::detach,,,1.18,1.18,0,0,0,0
Event::record,,,78.09,90.8,0,0.02,0,0
record_event,,,12.71,12.71,0.02,0.02,0,0
aten::index,,,31.24,54.85,0,21.02,0,0
empty_tensor,,,6.55,6.55,0,0,0,0
empty_tensor,,,8.01,8.01,0,0,0,0
aclnnIndex,,,9.05,9.05,21.02,21.02,0,0
aten::ne,,,11.45,23.92,0,1.46,0,0
empty_tensor,,,5.8,5.8,0,0,0,0
aclnnNeScalar,,,6.67,6.67,1.46,1.46,0,0
aten::mul,,,15.13,25.91,0,2.2199999999999998,0,0
empty_tensor,,,4.98,4.98,0,0,0,0
aclnnMul,,,5.8,5.8,2.2199999999999998,2.2199999999999998,0,0
npu::npu_moe_init_routing_v2,,,24.75,49.99,0,27.7805,0,0
empty_tensor,,,8.59,8.59,0,0,0,0
empty_tensor,,,3.17,3.17,0,0,0,0
empty_tensor,,,3.17,3.17,0,0,0,0
empty_tensor,,,3.19,3.19,0,0,0,0
aclnnMoeInitRoutingV3,,,7.12,7.12,27.7805,27.7805,0,0
aten::to,,,1.55,1.55,0,0,0,0
_C_ascend::grouped_matmul_swiglu_quant_v2,,,180.97,261.64,0,136.7825,0,0
aten::empty,,,3.31,13.55,0,0,0,0
empty_tensor,,,10.24,10.24,0,0,0,0
aten::empty,,,1.26,4.83,0,0,0,0
empty_tensor,,,3.57,3.57,0,0,0,0
aten::empty,,,3.54,49.51,0,0,0,0
empty_tensor,,,45.97,45.97,0,0,0,0
aclnnGroupedMatmulSwigluQuantWeightNzV2,,,12.78,12.78,136.7825,136.7825,0,0
Event::record,,,78.37,92.25,0,0.02,0,0
record_event,,,13.88,13.88,0.02,0.02,0,0
npu::npu_grouped_matmul,,,40.88,70.34,0,78.682,0,0
empty_tensor,,,15.83,15.83,0,0,0,0
npu::get_npu_format,,,1.73,1.73,0,0,0,0
aclnnGroupedMatmulWeightNz,,,11.9,11.9,78.682,78.682,0,0
Event::record,,,71.92,84.6,0,0.22,0,0
record_event,,,12.68,12.68,0.22,0.22,0,0
aten::abs,,,15.72,35.45,0,1.4,0,0
empty_tensor,,,10.92,10.92,0,0,0,0
aclnnAbs,,,8.81,8.81,1.4,1.4,0,0
npu::npu_moe_token_unpermute,,,69.15,86.97,0,13.16,0,0
empty_tensor,,,7.34,7.34,0,0,0,0
aclnnMoeTokenUnpermute,,,10.48,10.48,13.16,13.16,0,0
vllm::maybe_pad_and_reduce,,,36.69,279.98,0,12.8,0,0
vllm::reduce_scatter,,,115.6,243.29,0,12.8,0,0
aten::movedim,,,1.63,13.46,0,0,0,0
aten::movedim,,,2.69,11.83,0,0,0,0
aten::permute,,,3.48,9.14,0,0,0,0
aten::as_strided,,,5.66,5.66,0,0,0,0
aten::empty,,,3.44,14.97,0,0,0,0
empty_tensor,,,11.53,11.53,0,0,0,0
c10d::_reduce_scatter_base_,,,53.82,82.44,0,12.780000000000001,0,0
record_event,,,13.84,13.84,0.22,0.22,0,0
wait_event,,,3.7,3.7,0.02,0.02,0,0
HcclReduceScatterBase,,,2.87,5.04,0,12.3,0,0
HcclReduceScatter,,,2.17,2.17,12.3,12.3,0,0
record_event,,,3.79,3.79,0.02,0.02,0,0
record_event,,,2.25,2.25,0.22,0.22,0,0
wait_event,,,3.05,3.05,0.02,0.02,0,0
destroy_event,,,1.68,1.68,0,0,0,0
aten::movedim,,,1.57,12.09,0,0,0,0
aten::movedim,,,2.47,10.52,0,0,0,0
aten::permute,,,2.87,8.05,0,0,0,0
aten::as_strided,,,5.18,5.18,0,0,0,0
Event::wait,,,63.41,77.69,0,0.0,0,0
wait_event,,,14.28,14.28,0.0,0.0,0,0
npu::npu_dynamic_quant,,,29.19,56.32,0,3.96,0,0
empty_tensor,,,12.94,12.94,0,0,0,0
empty_tensor,,,4.04,4.04,0,0,0,0
aclnnDynamicQuantV2,,,10.15,10.15,3.96,3.96,0,0
Event::wait,,,57.51,68.21,0,0.02,0,0
wait_event,,,10.7,10.7,0.02,0.02,0,0
npu::npu_quant_matmul,,,34.57,61.63,0,21.12,0,0
empty_tensor,,,10.26,10.26,0,0,0,0
aten::empty,,,2.49,4.67,0,0,0,0
empty_tensor,,,2.18,2.18,0,0,0,0
aten::empty,,,1.08,2.71,0,0,0,0
empty_tensor,,,1.63,1.63,0,0,0,0
aclnnQuantMatmulWeightNz,,,9.42,9.42,21.12,21.12,0,0
Event::wait,,,56.86,67.44,0,0.22,0,0
wait_event,,,10.58,10.58,0.22,0.22,0,0
_C_ascend::npu_dequant_swiglu_quant,,,46.29,87.99,0,4.94,0,0
aten::empty,,,3.19,13.97,0,0,0,0
empty_tensor,,,10.78,10.78,0,0,0,0
aten::empty,,,4.18,7.94,0,0,0,0
empty_tensor,,,3.76,3.76,0,0,0,0
aten::empty,,,2.04,9.11,0,0,0,0
empty_tensor,,,7.07,7.07,0,0,0,0
aclnnDequantSwigluQuantV2,,,10.68,10.68,4.94,4.94,0,0
Event::wait,,,58.47,70.61,0,0.2,0,0
wait_event,,,12.14,12.14,0.2,0.2,0,0
npu::npu_quant_matmul,,,35.67,63.06,0,18.8405,0,0
empty_tensor,,,11.05,11.05,0,0,0,0
aten::empty,,,2.18,4.37,0,0,0,0
empty_tensor,,,2.19,2.19,0,0,0,0
aten::empty,,,0.99,2.67,0,0,0,0
empty_tensor,,,1.68,1.68,0,0,0,0
aclnnQuantMatmulWeightNz,,,9.3,9.3,18.8405,18.8405,0,0
Event::record,,,68.5,80.28,0,0.02,0,0
record_event,,,11.78,11.78,0.02,0.02,0,0
Event::wait,,,44.84,54.68,0,0.02,0,0
wait_event,,,9.84,9.84,0.02,0.02,0,0
destroy_event,,,6.11,6.11,0,0,0,0
destroy_event,,,6.35,6.35,0,0,0,0
destroy_event,,,2.57,2.57,0,0,0,0
destroy_event,,,3.91,3.91,0,0,0,0
destroy_event,,,1.61,1.61,0,0,0,0
destroy_event,,,2.73,2.73,0,0,0,0
aten::add,,,22.66,41.25,0,7.54,0,0
empty_tensor,,,11.21,11.21,0,0,0,0
aclnnAdd,,,7.38,7.38,7.54,7.54,0,0
vllm::maybe_all_reduce_tensor_model_parallel,,,24.95,24.95,0,0,0,0
aten::unsqueeze,,,5.28,9.7,0,0,0,0
aten::as_strided,,,4.42,4.42,0,0,0,0
aten::unsqueeze,,,2.38,4.31,0,0,0,0
aten::as_strided,,,1.93,1.93,0,0,0,0
aten::unsqueeze,,,2.02,3.55,0,0,0,0
aten::as_strided,,,1.53,1.53,0,0,0,0
aten::unsqueeze,,,1.89,3.33,0,0,0,0
aten::as_strided,,,1.44,1.44,0,0,0,0
_C_ascend::npu_hc_post,,,41.19,75.95,0,7.36,0,0
aten::empty,,,2.6,11.8,0,0,0,0
empty_tensor,,,9.2,9.2,0,0,0,0
aten::empty,,,2.34,12.61,0,0,0,0
empty_tensor,,,10.27,10.27,0,0,0,0
aclnnHcPost,,,10.35,10.35,7.36,7.36,0,0
aten::squeeze,,,4.91,7.52,0,0,0,0
aten::as_strided,,,2.61,2.61,0,0,0,0
_C_ascend::npu_hc_pre_v2,,,36.99,73.61,0,32.1005,0,0
aten::empty,,,1.89,8.95,0,0,0,0
empty_tensor,,,7.06,7.06,0,0,0,0
aten::empty,,,1.17,4.6,0,0,0,0
empty_tensor,,,3.43,3.43,0,0,0,0
aten::empty,,,1.08,4.19,0,0,0,0
empty_tensor,,,3.11,3.11,0,0,0,0
aten::empty,,,1.91,9.6,0,0,0,0
empty_tensor,,,7.69,7.69,0,0,0,0
aclnnHcPre,,,9.28,9.28,32.1005,32.1005,0,0
npu::npu_rms_norm,,,48.92,66.86,0,4.58,0,0
empty_tensor,,,6.03,6.03,0,0,0,0
empty_tensor,,,3.44,3.44,0,0,0,0
aclnnRmsNorm,,,8.47,8.47,4.58,4.58,0,0
aten::empty,,,5.98,12.94,0,0,0,0
empty_tensor,,,6.96,6.96,0,0,0,0
aten::alias,,,3.81,3.81,0,0,0,0
vllm::dsa_forward,,,2194.51,5029.69,0,615.5915,0,0
aten::empty,,,3.2,12.97,0,0,0,0
empty_tensor,,,9.77,9.77,0,0,0,0
c10d::_allgather_base_,,,54.84,86.08,0,10.54,0,0
record_event,,,14.36,14.36,0.02,0.02,0,0
wait_event,,,3.2,3.2,0.02,0.02,0,0
HcclAllgatherBase,,,3.06,7.0,0,10.28,0,0
HcclAllGather,,,3.94,3.94,10.28,10.28,0,0
record_event,,,4.25,4.25,0.02,0.02,0,0
record_event,,,2.43,2.43,0.2,0.2,0,0
npu::npu_dynamic_quant,,,29.36,46.95,0,4.08,0,0
empty_tensor,,,9.91,9.91,0,0,0,0
empty_tensor,,,4.55,4.55,0,0,0,0
aclnnDynamicQuantV2,,,3.13,3.13,4.08,4.08,0,0
npu::npu_quant_matmul,,,30.35,54.29,0,16.1605,0,0
empty_tensor,,,6.81,6.81,0,0,0,0
aten::empty,,,2.29,4.36,0,0,0,0
empty_tensor,,,2.07,2.07,0,0,0,0
aten::empty,,,1.04,2.46,0,0,0,0
empty_tensor,,,1.42,1.42,0,0,0,0
aclnnQuantMatmulWeightNz,,,10.31,10.31,16.1605,16.1605,0,0
_C_ascend::npu_rms_norm_dynamic_quant,,,45.68,99.9,0,6.92,0,0
aten::empty_like,,,5.44,16.81,0,0,0,0
aten::empty_strided,,,7.84,11.37,0,0,0,0
empty_tensor,,,3.53,3.53,0,0,0,0
aten::empty,,,1.42,4.92,0,0,0,0
empty_tensor,,,3.5,3.5,0,0,0,0
aten::empty,,,1.09,4.5,0,0,0,0
empty_tensor,,,3.41,3.41,0,0,0,0
aten::empty_like,,,1.97,7.31,0,0,0,0
aten::empty_strided,,,3.64,5.34,0,0,0,0
empty_tensor,,,1.7,1.7,0,0,0,0
aten::empty,,,2.25,10.19,0,0,0,0
empty_tensor,,,7.94,7.94,0,0,0,0
aclnnRmsNormDynamicQuant,,,10.49,10.49,6.92,6.92,0,0
npu::npu_quant_matmul,,,32.47,56.46,0,32.881,0,0
empty_tensor,,,7.04,7.04,0,0,0,0
aten::empty,,,1.4,3.39,0,0,0,0
empty_tensor,,,1.99,1.99,0,0,0,0
aten::empty,,,2.66,4.28,0,0,0,0
empty_tensor,,,1.62,1.62,0,0,0,0
aclnnQuantMatmulWeightNz,,,9.28,9.28,32.881,32.881,0,0
aten::unflatten,,,5.35,10.79,0,0,0,0
aten::view,,,5.44,5.44,0,0,0,0
aten::view,,,2.78,2.78,0,0,0,0
aten::empty_like,,,4.12,14.48,0,0,0,0
aten::empty_strided,,,6.94,10.36,0,0,0,0
empty_tensor,,,3.42,3.42,0,0,0,0
triton_rms_kernel,,,14.66,14.66,13.06,13.06,0,0
aten::view,,,8.47,8.47,0,0,0,0
aten::unsqueeze,,,3.03,7.32,0,0,0,0
aten::as_strided,,,4.29,4.29,0,0,0,0
_C_ascend::inplace_partial_rotary_mul,,,42.65,71.42,0,5.28,0,0
aten::empty,,,3.57,17.68,0,0,0,0
empty_tensor,,,14.11,14.11,0,0,0,0
aclnnInplacePartialRotaryMul,,,11.09,11.09,5.28,5.28,0,0
wait_event,,,4.53,4.53,0.02,0.02,0,0
aten::slice,,,4.87,9.11,0,0,0,0
aten::as_strided,,,4.24,4.24,0,0,0,0
npu::npu_dynamic_quant,,,28.22,53.23,0,7.04,0,0
empty_tensor,,,9.98,9.98,0,0,0,0
empty_tensor,,,4.45,4.45,0,0,0,0
aclnnDynamicQuantV2,,,10.58,10.58,7.04,7.04,0,0
npu::npu_quant_matmul,,,29.95,52.08,0,13.16,0,0
empty_tensor,,,7.19,7.19,0,0,0,0
aten::empty,,,2.36,4.19,0,0,0,0
empty_tensor,,,1.83,1.83,0,0,0,0
aten::empty,,,1.0,2.49,0,0,0,0
empty_tensor,,,1.49,1.49,0,0,0,0
aclnnQuantMatmulWeightNz,,,8.26,8.26,13.16,13.16,0,0
npu::npu_rms_norm,,,52.87,71.9,0,10.2205,0,0
empty_tensor,,,6.71,6.71,0,0,0,0
empty_tensor,,,3.27,3.27,0,0,0,0
aclnnRmsNorm,,,9.05,9.05,10.2205,10.2205,0,0
aten::view,,,5.45,5.45,0,0,0,0
aten::unsqueeze,,,2.9,6.8,0,0,0,0
aten::as_strided,,,3.9,3.9,0,0,0,0
aten::slice,,,3.45,5.79,0,0,0,0
aten::as_strided,,,2.34,2.34,0,0,0,0
aten::slice,,,1.0,2.76,0,0,0,0
aten::as_strided,,,1.76,1.76,0,0,0,0
_C_ascend::inplace_partial_rotary_mul,,,36.57,60.23,0,8.9005,0,0
aten::empty,,,3.37,13.28,0,0,0,0
empty_tensor,,,9.91,9.91,0,0,0,0
aclnnInplacePartialRotaryMul,,,10.38,10.38,8.9005,8.9005,0,0
_C_ascend::npu_scatter_nd_update_sk,,,31.62,53.26,0,26.5605,0,0
aten::empty,,,2.47,11.67,0,0,0,0
empty_tensor,,,9.2,9.2,0,0,0,0
aclnnScatterNdUpdateSk,,,9.97,9.97,26.5605,26.5605,0,0
aten::squeeze,,,8.79,14.57,0,0,0,0
aten::as_strided,,,5.78,5.78,0,0,0,0
aten::view,,,4.2,4.2,0,0,0,0
aten::view,,,2.2,2.2,0,0,0,0
_C_ascend::compressor,,,46.43,79.05,0,54.721,0,0
aten::empty,,,2.43,11.0,0,0,0,0
empty_tensor,,,8.57,8.57,0,0,0,0
aten::empty,,,2.22,10.73,0,0,0,0
empty_tensor,,,8.51,8.51,0,0,0,0
aclnnCompressor,,,10.89,10.89,54.721,54.721,0,0
aten::reshape,,,1.64,6.84,0,0,0,0
aten::view,,,5.2,5.2,0,0,0,0
aten::linear,,,3.92,49.51,0,6.58,0,0
aten::t,,,4.73,11.49,0,0,0,0
aten::transpose,,,2.93,6.76,0,0,0,0
aten::as_strided,,,3.83,3.83,0,0,0,0
aten::matmul,,,18.46,34.1,0,6.58,0,0
empty_tensor,,,6.65,6.65,0,0,0,0
aclnnMatmul,,,8.99,8.99,6.58,6.58,0,0
aten::mul,,,15.0,31.65,0,1.2,0,0
empty_tensor,,,5.39,5.39,0,0,0,0
aten::item,,,1.79,3.82,0,0,0,0
aten::_local_scalar_dense,,,2.03,2.03,0,0,0,0
aclnnMuls,,,7.44,7.44,1.2,1.2,0,0
aten::alias,,,2.53,2.53,0,0,0,0
aten::reshape,,,1.27,5.26,0,0,0,0
aten::view,,,3.99,3.99,0,0,0,0
npu::npu_dynamic_quant,,,24.81,43.55,0,2.6,0,0
empty_tensor,,,6.9,6.9,0,0,0,0
empty_tensor,,,4.01,4.01,0,0,0,0
aclnnDynamicQuantV2,,,7.83,7.83,2.6,2.6,0,0
aten::unsqueeze,,,2.86,6.6,0,0,0,0
aten::as_strided,,,3.74,3.74,0,0,0,0
_C_ascend::npu_scatter_nd_update_sk,,,35.21,56.77,0,19.26,0,0
aten::empty,,,2.75,11.31,0,0,0,0
empty_tensor,,,8.56,8.56,0,0,0,0
aclnnScatterNdUpdateSk,,,10.25,10.25,19.26,19.26,0,0
aten::to,,,1.78,40.75,0,1.02,0,0
aten::_to_copy,,,5.36,38.97,0,1.02,0,0
aten::empty_strided,,,7.51,11.06,0,0,0,0
empty_tensor,,,3.55,3.55,0,0,0,0
aten::copy_,,,13.48,22.55,0,1.02,0,0
aclnnInplaceCopy,,,9.07,9.07,1.02,1.02,0,0
aten::unsqueeze,,,2.64,6.33,0,0,0,0
aten::as_strided,,,3.69,3.69,0,0,0,0
_C_ascend::npu_scatter_nd_update_sk,,,30.84,52.18,0,18.0605,0,0
aten::empty,,,3.73,12.34,0,0,0,0
empty_tensor,,,8.61,8.61,0,0,0,0
aclnnScatterNdUpdateSk,,,9.0,9.0,18.0605,18.0605,0,0
npu::npu_quant_matmul,,,29.9,52.03,0,16.16,0,0
empty_tensor,,,7.08,7.08,0,0,0,0
aten::empty,,,1.8,3.77,0,0,0,0
empty_tensor,,,1.97,1.97,0,0,0,0
aten::empty,,,1.02,2.65,0,0,0,0
empty_tensor,,,1.63,1.63,0,0,0,0
aclnnQuantMatmulWeightNz,,,8.63,8.63,16.16,16.16,0,0
aten::view,,,5.0,5.0,0,0,0,0
aten::unsqueeze,,,2.43,6.26,0,0,0,0
aten::as_strided,,,3.83,3.83,0,0,0,0
_C_ascend::inplace_partial_rotary_mul,,,39.86,62.14,0,5.3,0,0
aten::empty,,,2.96,12.51,0,0,0,0
empty_tensor,,,9.55,9.55,0,0,0,0
aclnnInplacePartialRotaryMul,,,9.77,9.77,5.3,5.3,0,0
aten::reshape,,,1.69,6.71,0,0,0,0
aten::view,,,5.02,5.02,0,0,0,0
aten::linear,,,3.96,47.32,0,6.26,0,0
aten::t,,,5.02,11.25,0,0,0,0
aten::transpose,,,2.69,6.23,0,0,0,0
aten::as_strided,,,3.54,3.54,0,0,0,0
aten::matmul,,,16.41,32.11,0,6.26,0,0
empty_tensor,,,7.11,7.11,0,0,0,0
aclnnMatmul,,,8.59,8.59,6.26,6.26,0,0
aten::mul,,,14.9,30.18,0,5.44,0,0
empty_tensor,,,5.21,5.21,0,0,0,0
aten::item,,,1.61,3.18,0,0,0,0
aten::_local_scalar_dense,,,1.57,1.57,0,0,0,0
aclnnMuls,,,6.89,6.89,5.44,5.44,0,0
aten::alias,,,2.53,2.53,0,0,0,0
aten::reshape,,,1.38,5.27,0,0,0,0
aten::view,,,3.89,3.89,0,0,0,0
vllm::unquantized_gemm,,,17.59,64.72,0,9.9405,0,0
aten::linear,,,3.62,47.13,0,9.9405,0,0
aten::t,,,4.45,11.65,0,0,0,0
aten::transpose,,,2.7,7.2,0,0,0,0
aten::as_strided,,,4.5,4.5,0,0,0,0
aten::matmul,,,15.03,31.86,0,9.9405,0,0
empty_tensor,,,7.98,7.98,0,0,0,0
aclnnMatmul,,,8.85,8.85,9.9405,9.9405,0,0
aten::mul,,,15.04,31.59,0,0.86,0,0
empty_tensor,,,6.39,6.39,0,0,0,0
aten::item,,,1.49,2.61,0,0,0,0
aten::_local_scalar_dense,,,1.12,1.12,0,0,0,0
aclnnMuls,,,7.55,7.55,0.86,0.86,0,0
npu::npu_dynamic_quant,,,23.78,42.58,0,6.44,0,0
empty_tensor,,,6.73,6.73,0,0,0,0
empty_tensor,,,4.33,4.33,0,0,0,0
aclnnDynamicQuantV2,,,7.74,7.74,6.44,6.44,0,0
aten::to,,,1.63,35.46,0,1.02,0,0
aten::_to_copy,,,5.27,33.83,0,1.02,0,0
aten::empty_strided,,,7.12,10.42,0,0,0,0
empty_tensor,,,3.3,3.3,0,0,0,0
aten::copy_,,,11.76,18.14,0,1.02,0,0
aclnnInplaceCopy,,,6.38,6.38,1.02,1.02,0,0
aten::to,,,0.87,28.09,0,1.14,0,0
aten::_to_copy,,,3.13,27.22,0,1.14,0,0
aten::empty_strided,,,5.62,8.63,0,0,0,0
empty_tensor,,,3.01,3.01,0,0,0,0
aten::copy_,,,9.23,15.46,0,1.14,0,0
aclnnInplaceCopy,,,6.23,6.23,1.14,1.14,0,0
aten::squeeze,,,7.06,12.26,0,0,0,0
aten::as_strided,,,5.2,5.2,0,0,0,0
aten::to,,,0.96,0.96,0,0,0,0
aten::slice,,,5.84,8.91,0,0,0,0
aten::as_strided,,,3.07,3.07,0,0,0,0
_C_ascend::npu_vllm_quant_lightning_indexer,,,51.71,86.0,0,78.2415,0,0
aten::empty,,,2.2,9.34,0,0,0,0
empty_tensor,,,7.14,7.14,0,0,0,0
aten::empty,,,1.14,3.03,0,0,0,0
empty_tensor,,,1.89,1.89,0,0,0,0
aten::empty,,,2.26,11.63,0,0,0,0
empty_tensor,,,9.37,9.37,0,0,0,0
aclnnVllmQuantLightningIndexer,,,10.29,10.29,78.2415,78.2415,0,0
aten::squeeze,,,7.25,12.73,0,0,0,0
aten::as_strided,,,5.48,5.48,0,0,0,0
aten::view,,,4.55,4.55,0,0,0,0
aten::view,,,2.23,2.23,0,0,0,0
_C_ascend::compressor,,,54.37,88.47,0,58.1815,0,0
aten::empty,,,2.44,11.29,0,0,0,0
empty_tensor,,,8.85,8.85,0,0,0,0
aten::empty,,,2.11,11.2,0,0,0,0
empty_tensor,,,9.09,9.09,0,0,0,0
aclnnCompressor,,,11.61,11.61,58.1815,58.1815,0,0
_C_ascend::npu_scatter_nd_update_sk,,,33.61,55.04,0,18.3805,0,0
aten::empty,,,2.42,11.51,0,0,0,0
empty_tensor,,,9.09,9.09,0,0,0,0
aclnnScatterNdUpdateSk,,,9.92,9.92,18.3805,18.3805,0,0
_C_ascend::npu_sparse_attn_sharedkv,,,44.4,80.76,0,44.441,0,0
aten::empty,,,2.24,9.94,0,0,0,0
empty_tensor,,,7.7,7.7,0,0,0,0
aten::empty,,,1.03,2.96,0,0,0,0
empty_tensor,,,1.93,1.93,0,0,0,0
aten::empty,,,1.91,10.06,0,0,0,0
empty_tensor,,,8.15,8.15,0,0,0,0
aclnnSparseAttnSharedkv,,,13.4,13.4,44.441,44.441,0,0
destroy_event,,,2.53,2.53,0,0,0,0
aten::unsqueeze,,,3.69,8.5,0,0,0,0
aten::as_strided,,,4.81,4.81,0,0,0,0
aten::neg,,,14.2,29.61,0,1.1,0,0
empty_tensor,,,6.6,6.6,0,0,0,0
aclnnNeg,,,8.81,8.81,1.1,1.1,0,0
_C_ascend::inplace_partial_rotary_mul,,,36.03,57.25,0,6.1205,0,0
aten::empty,,,2.42,12.43,0,0,0,0
empty_tensor,,,10.01,10.01,0,0,0,0
aclnnInplacePartialRotaryMul,,,8.79,8.79,6.1205,6.1205,0,0
aten::view,,,5.72,5.72,0,0,0,0
aten::permute,,,5.91,10.58,0,0,0,0
aten::as_strided,,,4.67,4.67,0,0,0,0
aten::contiguous,,,2.48,39.78,0,12.3605,0,0
aten::clone,,,4.35,37.3,0,12.3605,0,0
empty_tensor,,,6.32,6.32,0,0,0,0
aten::copy_,,,19.05,26.63,0,12.3605,0,0
aclnnInplaceCopy,,,7.58,7.58,12.3605,12.3605,0,0
aten::view,,,3.71,3.71,0,0,0,0
aten::empty_like,,,4.84,14.57,0,0,0,0
aten::empty_strided,,,6.95,9.73,0,0,0,0
empty_tensor,,,2.78,2.78,0,0,0,0
c10d::alltoall_base_,,,57.3,80.66,0,13.040000000000001,0,0
record_event,,,10.2,10.2,0.02,0.02,0,0
wait_event,,,3.31,3.31,0.0,0.0,0,0
HcclAlltoAll,,,2.13,3.68,0,12.98,0,0
HcclAlltoAll,,,1.55,1.55,12.98,12.98,0,0
record_event,,,3.4,3.4,0.02,0.02,0,0
record_event,,,2.77,2.77,0.02,0.02,0,0
wait_event,,,3.16,3.16,0.0,0.0,0,0
destroy_event,,,1.86,1.86,0,0,0,0
aten::view,,,5.05,5.05,0,0,0,0
npu::npu_transpose_batchmatmul,,,30.27,51.34,0,36.6005,0,0
empty_tensor,,,10.82,10.82,0,0,0,0
aclnnTransposeBatchMatMul,,,10.25,10.25,36.6005,36.6005,0,0
aten::reshape,,,1.65,6.23,0,0,0,0
aten::view,,,4.58,4.58,0,0,0,0
vllm::matmul_and_reduce,,,145.22,461.9,0,35.560500000000005,0,0
vllm::unquantized_gemm,,,17.29,77.05,0,16.7005,0,0
aten::linear,,,4.3,59.76,0,16.7005,0,0
aten::t,,,5.64,14.72,0,0,0,0
aten::transpose,,,2.98,9.08,0,0,0,0
aten::as_strided,,,6.1,6.1,0,0,0,0
aten::matmul,,,19.05,40.74,0,16.7005,0,0
empty_tensor,,,10.37,10.37,0,0,0,0
aclnnMatmul,,,11.32,11.32,16.7005,16.7005,0,0
vllm::reduce_scatter,,,116.77,239.63,0,18.86,0,0
aten::movedim,,,1.68,10.94,0,0,0,0
aten::movedim,,,2.6,9.26,0,0,0,0
aten::permute,,,2.69,6.66,0,0,0,0
aten::as_strided,,,3.97,3.97,0,0,0,0
aten::empty,,,2.54,12.41,0,0,0,0
empty_tensor,,,9.87,9.87,0,0,0,0
c10d::_reduce_scatter_base_,,,54.38,83.73,0,15.82,0,0
record_event,,,12.13,12.13,0.02,0.02,0,0
wait_event,,,4.87,4.87,3.78,3.78,0,0
HcclReduceScatterBase,,,2.98,6.24,0,11.98,0,0
HcclReduceScatter,,,3.26,3.26,11.98,11.98,0,0
record_event,,,3.65,3.65,0.02,0.02,0,0
record_event,,,2.46,2.46,0.02,0.02,0,0
wait_event,,,2.96,2.96,3.04,3.04,0,0
destroy_event,,,1.7,1.7,0,0,0,0
aten::movedim,,,1.4,11.12,0,0,0,0
aten::movedim,,,2.37,9.72,0,0,0,0
aten::permute,,,2.79,7.35,0,0,0,0
aten::as_strided,,,4.56,4.56,0,0,0,0
aten::copy_,,,56.32,67.24,0,0.74,0,0
aclnnInplaceCopy,,,10.92,10.92,0.74,0.74,0,0
aten::unsqueeze,,,4.63,8.33,0,0,0,0
aten::as_strided,,,3.7,3.7,0,0,0,0
aten::unsqueeze,,,2.24,3.93,0,0,0,0
aten::as_strided,,,1.69,1.69,0,0,0,0
aten::unsqueeze,,,1.9,3.49,0,0,0,0
aten::as_strided,,,1.59,1.59,0,0,0,0
aten::detach,,,3.55,3.55,0,0,0,0
aten::reshape,,,5.37,8.95,0,0,0,0
aten::view,,,3.58,3.58,0,0,0,0
aten::unsqueeze,,,2.2,3.84,0,0,0,0
aten::as_strided,,,1.64,1.64,0,0,0,0
_C_ascend::npu_hc_post,,,38.05,75.91,0,8.6,0,0
aten::empty,,,2.59,13.44,0,0,0,0
empty_tensor,,,10.85,10.85,0,0,0,0
aten::empty,,,2.38,12.46,0,0,0,0
empty_tensor,,,10.08,10.08,0,0,0,0
aclnnHcPost,,,11.96,11.96,8.6,8.6,0,0
aten::squeeze,,,4.4,7.03,0,0,0,0
aten::as_strided,,,2.63,2.63,0,0,0,0
_C_ascend::npu_hc_pre_v2,,,35.68,72.09,0,32.421,0,0
aten::empty,,,1.81,8.06,0,0,0,0
empty_tensor,,,6.25,6.25,0,0,0,0
aten::empty,,,1.14,4.51,0,0,0,0
empty_tensor,,,3.37,3.37,0,0,0,0
aten::empty,,,1.07,4.05,0,0,0,0
empty_tensor,,,2.98,2.98,0,0,0,0
aten::empty,,,1.91,9.7,0,0,0,0
empty_tensor,,,7.79,7.79,0,0,0,0
aclnnHcPre,,,10.09,10.09,32.421,32.421,0,0
npu::npu_rms_norm,,,47.87,65.86,0,5.0,0,0
empty_tensor,,,5.82,5.82,0,0,0,0
empty_tensor,,,3.67,3.67,0,0,0,0
aclnnRmsNorm,,,8.5,8.5,5.0,5.0,0,0
aten::reshape,,,4.81,9.05,0,0,0,0
aten::view,,,4.24,4.24,0,0,0,0
vllm::moe_forward_shared,,,1924.58,4764.32,0,418.6485,0,0
aten::to,,,1.82,44.94,0,5.9405,0,0
aten::_to_copy,,,5.35,43.12,0,5.9405,0,0
aten::empty_strided,,,8.7,13.26,0,0,0,0
empty_tensor,,,4.56,4.56,0,0,0,0
aten::copy_,,,14.89,24.51,0,5.9405,0,0
aclnnInplaceCopy,,,9.62,9.62,5.9405,5.9405,0,0
Event::record,,,79.74,93.29,0,0.02,0,0
record_event,,,13.55,13.55,0.02,0.02,0,0
aten::linear,,,4.41,57.01,0,10.8405,0,0
aten::t,,,5.57,14.02,0,0,0,0
aten::transpose,,,2.83,8.45,0,0,0,0
aten::as_strided,,,5.62,5.62,0,0,0,0
aten::matmul,,,18.8,38.58,0,10.8405,0,0
empty_tensor,,,10.5,10.5,0,0,0,0
aclnnMatmul,,,9.28,9.28,10.8405,10.8405,0,0
Event::record,,,70.33,81.75,0,0.02,0,0
record_event,,,11.42,11.42,0.02,0.02,0,0
vllm::maybe_all_gather_and_maybe_unpad,,,44.17,304.59,0,10.780000000000001,0,0
vllm::all_gather,,,129.01,260.42,0,10.780000000000001,0,0
aten::empty,,,3.86,17.61,0,0,0,0
empty_tensor,,,13.75,13.75,0,0,0,0
c10d::_allgather_base_,,,58.1,85.35,0,10.780000000000001,0,0
record_event,,,13.21,13.21,0.02,0.02,0,0
wait_event,,,2.96,2.96,0.02,0.02,0,0
HcclAllgatherBase,,,2.85,4.55,0,10.72,0,0
HcclAllGather,,,1.7,1.7,10.72,10.72,0,0
record_event,,,3.83,3.83,0.02,0.02,0,0
record_event,,,2.7,2.7,0.0,0.0,0,0
wait_event,,,3.62,3.62,0.0,0.0,0,0
destroy_event,,,1.71,1.71,0,0,0,0
aten::reshape,,,1.83,8.27,0,0,0,0
aten::view,,,6.44,6.44,0,0,0,0
aten::movedim,,,1.61,10.74,0,0,0,0
aten::movedim,,,2.59,9.13,0,0,0,0
aten::permute,,,2.77,6.54,0,0,0,0
aten::as_strided,,,3.77,3.77,0,0,0,0
aten::reshape,,,1.05,4.11,0,0,0,0
aten::view,,,3.06,3.06,0,0,0,0
vllm::maybe_all_gather_and_maybe_unpad,,,39.74,284.53,0,11.08,0,0
vllm::all_gather,,,116.39,244.79,0,11.08,0,0
aten::empty,,,2.96,16.12,0,0,0,0
empty_tensor,,,13.16,13.16,0,0,0,0
c10d::_allgather_base_,,,52.99,84.85,0,11.06,0,0
record_event,,,17.8,17.8,0.02,0.02,0,0
wait_event,,,3.24,3.24,5.4,5.4,0,0
HcclAllgatherBase,,,2.99,4.97,0,5.42,0,0
HcclAllGather,,,1.98,1.98,5.42,5.42,0,0
record_event,,,3.47,3.47,0.2,0.2,0,0
record_event,,,2.38,2.38,0.02,0.02,0,0
wait_event,,,3.24,3.24,0.02,0.02,0,0
destroy_event,,,1.59,1.59,0,0,0,0
aten::reshape,,,1.71,7.74,0,0,0,0
aten::view,,,6.03,6.03,0,0,0,0
aten::movedim,,,1.57,10.74,0,0,0,0
aten::movedim,,,2.44,9.17,0,0,0,0
aten::permute,,,2.86,6.73,0,0,0,0
aten::as_strided,,,3.87,3.87,0,0,0,0
aten::reshape,,,0.93,4.12,0,0,0,0
aten::view,,,3.19,3.19,0,0,0,0
_C_ascend::moe_gating_top_k_hash,,,42.47,80.02,0,11.2605,0,0
aten::empty,,,3.0,15.86,0,0,0,0
empty_tensor,,,12.86,12.86,0,0,0,0
aten::empty,,,1.24,4.95,0,0,0,0
empty_tensor,,,3.71,3.71,0,0,0,0
aten::empty,,,1.05,4.67,0,0,0,0
empty_tensor,,,3.62,3.62,0,0,0,0
aclnnMoeGatingTopKHash,,,12.07,12.07,11.2605,11.2605,0,0
aten::to,,,1.83,46.45,0,1.0,0,0
aten::_to_copy,,,5.75,44.62,0,1.0,0,0
aten::empty_strided,,,8.19,13.57,0,0,0,0
empty_tensor,,,5.38,5.38,0,0,0,0
aten::copy_,,,17.05,25.3,0,1.0,0,0
aclnnInplaceCopy,,,8.25,8.25,1.0,1.0,0,0
aten::detach,,,4.44,4.44,0,0,0,0
aten::detach,,,1.18,1.18,0,0,0,0
Event::record,,,78.19,91.66,0,0.02,0,0
record_event,,,13.47,13.47,0.02,0.02,0,0
aten::index,,,32.01,56.25,0,24.000500000000002,0,0
empty_tensor,,,6.7,6.7,0,0,0,0
empty_tensor,,,7.75,7.75,0,0,0,0
aclnnIndex,,,9.79,9.79,24.000500000000002,24.000500000000002,0,0
aten::ne,,,12.66,25.74,0,1.4,0,0
empty_tensor,,,5.59,5.59,0,0,0,0
aclnnNeScalar,,,7.49,7.49,1.4,1.4,0,0
aten::mul,,,15.05,25.48,0,2.2199999999999998,0,0
empty_tensor,,,4.66,4.66,0,0,0,0
aclnnMul,,,5.77,5.77,2.2199999999999998,2.2199999999999998,0,0
npu::npu_moe_init_routing_v2,,,23.98,48.27,0,31.9205,0,0
empty_tensor,,,8.61,8.61,0,0,0,0
empty_tensor,,,3.35,3.35,0,0,0,0
empty_tensor,,,2.81,2.81,0,0,0,0
empty_tensor,,,2.82,2.82,0,0,0,0
aclnnMoeInitRoutingV3,,,6.7,6.7,31.9205,31.9205,0,0
aten::to,,,1.59,1.59,0,0,0,0
_C_ascend::grouped_matmul_swiglu_quant_v2,,,180.51,231.06,0,148.123,0,0
aten::empty,,,3.32,13.35,0,0,0,0
empty_tensor,,,10.03,10.03,0,0,0,0
aten::empty,,,2.73,6.28,0,0,0,0
empty_tensor,,,3.55,3.55,0,0,0,0
aten::empty,,,3.9,17.45,0,0,0,0
empty_tensor,,,13.55,13.55,0,0,0,0
aclnnGroupedMatmulSwigluQuantWeightNzV2,,,13.47,13.47,148.123,148.123,0,0
Event::record,,,79.69,92.99,0,0.02,0,0
record_event,,,13.3,13.3,0.02,0.02,0,0
npu::npu_grouped_matmul,,,40.66,67.65,0,83.6015,0,0
empty_tensor,,,15.3,15.3,0,0,0,0
npu::get_npu_format,,,1.74,1.74,0,0,0,0
aclnnGroupedMatmulWeightNz,,,9.95,9.95,83.6015,83.6015,0,0
Event::record,,,71.55,84.61,0,0.22,0,0
record_event,,,13.06,13.06,0.22,0.22,0,0
aten::abs,,,16.18,35.22,0,1.02,0,0
empty_tensor,,,10.67,10.67,0,0,0,0
aclnnAbs,,,8.37,8.37,1.02,1.02,0,0
npu::npu_moe_token_unpermute,,,68.34,84.69,0,13.2005,0,0
empty_tensor,,,7.69,7.69,0,0,0,0
aclnnMoeTokenUnpermute,,,8.66,8.66,13.2005,13.2005,0,0
vllm::maybe_pad_and_reduce,,,37.87,282.54,0,12.0,0,0
vllm::reduce_scatter,,,115.46,244.67,0,12.0,0,0
aten::movedim,,,1.73,13.13,0,0,0,0
aten::movedim,,,2.69,11.4,0,0,0,0
aten::permute,,,3.25,8.71,0,0,0,0
aten::as_strided,,,5.46,5.46,0,0,0,0
aten::empty,,,3.07,13.49,0,0,0,0
empty_tensor,,,10.42,10.42,0,0,0,0
c10d::_reduce_scatter_base_,,,55.24,85.87,0,11.98,0,0
record_event,,,13.38,13.38,0.02,0.02,0,0
wait_event,,,3.08,3.08,0.02,0.02,0,0
HcclReduceScatterBase,,,5.68,7.77,0,11.72,0,0
HcclReduceScatter,,,2.09,2.09,11.72,11.72,0,0
record_event,,,3.73,3.73,0.02,0.02,0,0
record_event,,,2.67,2.67,0.2,0.2,0,0
wait_event,,,3.24,3.24,0.02,0.02,0,0
destroy_event,,,1.6,1.6,0,0,0,0
aten::movedim,,,1.37,11.88,0,0,0,0
aten::movedim,,,2.58,10.51,0,0,0,0
aten::permute,,,2.91,7.93,0,0,0,0
aten::as_strided,,,5.02,5.02,0,0,0,0
Event::wait,,,65.13,78.49,0,0,0,0
wait_event,,,13.36,13.36,0,0,0,0
npu::npu_dynamic_quant,,,29.5,55.72,0,3.98,0,0
empty_tensor,,,12.35,12.35,0,0,0,0
empty_tensor,,,4.0,4.0,0,0,0,0
aclnnDynamicQuantV2,,,9.87,9.87,3.98,3.98,0,0
Event::wait,,,57.84,69.29,0,0,0,0
wait_event,,,11.45,11.45,0,0,0,0
npu::npu_quant_matmul,,,35.21,62.48,0,22.2205,0,0
empty_tensor,,,10.8,10.8,0,0,0,0
aten::empty,,,2.19,4.27,0,0,0,0
empty_tensor,,,2.08,2.08,0,0,0,0
aten::empty,,,0.9,2.54,0,0,0,0
empty_tensor,,,1.64,1.64,0,0,0,0
aclnnQuantMatmulWeightNz,,,9.66,9.66,22.2205,22.2205,0,0
Event::wait,,,56.58,68.37,0,0.02,0,0
wait_event,,,11.79,11.79,0.02,0.02,0,0
_C_ascend::npu_dequant_swiglu_quant,,,46.96,86.11,0,5.22,0,0
aten::empty,,,3.12,14.07,0,0,0,0
empty_tensor,,,10.95,10.95,0,0,0,0
aten::empty,,,1.29,4.93,0,0,0,0
empty_tensor,,,3.64,3.64,0,0,0,0
aten::empty,,,2.38,9.61,0,0,0,0
empty_tensor,,,7.23,7.23,0,0,0,0
aclnnDequantSwigluQuantV2,,,10.54,10.54,5.22,5.22,0,0
Event::wait,,,61.47,74.34,0,0.2,0,0
wait_event,,,12.87,12.87,0.2,0.2,0,0
npu::npu_quant_matmul,,,35.16,61.57,0,18.3005,0,0
empty_tensor,,,10.62,10.62,0,0,0,0
aten::empty,,,2.04,4.15,0,0,0,0
empty_tensor,,,2.11,2.11,0,0,0,0
aten::empty,,,0.94,2.46,0,0,0,0
empty_tensor,,,1.52,1.52,0,0,0,0
aclnnQuantMatmulWeightNz,,,9.18,9.18,18.3005,18.3005,0,0
Event::record,,,70.63,82.1,0,0.0,0,0
record_event,,,11.47,11.47,0.0,0.0,0,0
Event::wait,,,44.94,54.48,0,0.02,0,0
wait_event,,,9.54,9.54,0.02,0.02,0,0
destroy_event,,,6.24,6.24,0,0,0,0
destroy_event,,,6.54,6.54,0,0,0,0
destroy_event,,,1.98,1.98,0,0,0,0
destroy_event,,,1.19,1.19,0,0,0,0
destroy_event,,,1.72,1.72,0,0,0,0
destroy_event,,,3.17,3.17,0,0,0,0
aten::add,,,23.2,41.87,0,7.94,0,0
empty_tensor,,,11.05,11.05,0,0,0,0
aclnnAdd,,,7.62,7.62,7.94,7.94,0,0
vllm::maybe_all_reduce_tensor_model_parallel,,,24.6,24.6,0,0,0,0
aten::unsqueeze,,,4.88,9.25,0,0,0,0
aten::as_strided,,,4.37,4.37,0,0,0,0
aten::unsqueeze,,,2.29,4.29,0,0,0,0
aten::as_strided,,,2.0,2.0,0,0,0,0
aten::unsqueeze,,,2.0,3.49,0,0,0,0
aten::as_strided,,,1.49,1.49,0,0,0,0
aten::unsqueeze,,,2.01,3.34,0,0,0,0
aten::as_strided,,,1.33,1.33,0,0,0,0
_C_ascend::npu_hc_post,,,41.88,77.19,0,7.42,0,0
aten::empty,,,2.62,12.08,0,0,0,0
empty_tensor,,,9.46,9.46,0,0,0,0
aten::empty,,,2.41,12.98,0,0,0,0
empty_tensor,,,10.57,10.57,0,0,0,0
aclnnHcPost,,,10.25,10.25,7.42,7.42,0,0
aten::squeeze,,,4.68,7.47,0,0,0,0
aten::as_strided,,,2.79,2.79,0,0,0,0
_C_ascend::npu_hc_pre_v2,,,37.55,77.77,0,31.5805,0,0
aten::empty,,,1.88,8.63,0,0,0,0
empty_tensor,,,6.75,6.75,0,0,0,0
aten::empty,,,1.2,4.62,0,0,0,0
empty_tensor,,,3.42,3.42,0,0,0,0
aten::empty,,,1.05,3.87,0,0,0,0
empty_tensor,,,2.82,2.82,0,0,0,0
aten::empty,,,2.11,13.15,0,0,0,0
empty_tensor,,,11.04,11.04,0,0,0,0
aclnnHcPre,,,9.95,9.95,31.5805,31.5805,0,0
npu::npu_rms_norm,,,49.01,67.26,0,4.8,0,0
empty_tensor,,,6.16,6.16,0,0,0,0
empty_tensor,,,3.46,3.46,0,0,0,0
aclnnRmsNorm,,,8.63,8.63,4.8,4.8,0,0
aten::empty,,,5.62,12.13,0,0,0,0
empty_tensor,,,6.51,6.51,0,0,0,0
aten::alias,,,4.12,4.12,0,0,0,0
vllm::dsa_forward,,,1481.27,3376.36,0,343.5265,0,0
aten::empty,,,3.23,12.74,0,0,0,0
empty_tensor,,,9.51,9.51,0,0,0,0
c10d::_allgather_base_,,,55.64,87.21,0,10.52,0,0
record_event,,,13.72,13.72,0.02,0.02,0,0
wait_event,,,4.44,4.44,0.0,0.0,0,0
HcclAllgatherBase,,,3.15,5.23,0,10.28,0,0
HcclAllGather,,,2.08,2.08,10.28,10.28,0,0
record_event,,,5.72,5.72,0.02,0.02,0,0
record_event,,,2.46,2.46,0.2,0.2,0,0
npu::npu_dynamic_quant,,,29.28,46.86,0,3.86,0,0
empty_tensor,,,9.56,9.56,0,0,0,0
empty_tensor,,,4.63,4.63,0,0,0,0
aclnnDynamicQuantV2,,,3.39,3.39,3.86,3.86,0,0
npu::npu_quant_matmul,,,29.5,53.25,0,16.2605,0,0
empty_tensor,,,6.6,6.6,0,0,0,0
aten::empty,,,2.22,4.39,0,0,0,0
empty_tensor,,,2.17,2.17,0,0,0,0
aten::empty,,,1.09,2.8,0,0,0,0
empty_tensor,,,1.71,1.71,0,0,0,0
aclnnQuantMatmulWeightNz,,,9.96,9.96,16.2605,16.2605,0,0
_C_ascend::npu_rms_norm_dynamic_quant,,,45.99,99.3,0,6.98,0,0
aten::empty_like,,,5.39,16.04,0,0,0,0
aten::empty_strided,,,7.38,10.65,0,0,0,0
empty_tensor,,,3.27,3.27,0,0,0,0
aten::empty,,,1.41,5.07,0,0,0,0
empty_tensor,,,3.66,3.66,0,0,0,0
aten::empty,,,1.12,4.09,0,0,0,0
empty_tensor,,,2.97,2.97,0,0,0,0
aten::empty_like,,,2.16,7.51,0,0,0,0
aten::empty_strided,,,3.58,5.35,0,0,0,0
empty_tensor,,,1.77,1.77,0,0,0,0
aten::empty,,,2.16,9.88,0,0,0,0
empty_tensor,,,7.72,7.72,0,0,0,0
aclnnRmsNormDynamicQuant,,,10.72,10.72,6.98,6.98,0,0
npu::npu_quant_matmul,,,30.66,53.35,0,33.321,0,0
empty_tensor,,,7.3,7.3,0,0,0,0
aten::empty,,,1.51,3.65,0,0,0,0
empty_tensor,,,2.14,2.14,0,0,0,0
aten::empty,,,0.95,2.52,0,0,0,0
empty_tensor,,,1.57,1.57,0,0,0,0
aclnnQuantMatmulWeightNz,,,9.22,9.22,33.321,33.321,0,0
aten::unflatten,,,5.66,10.95,0,0,0,0
aten::view,,,5.29,5.29,0,0,0,0
aten::view,,,2.86,2.86,0,0,0,0
aten::empty_like,,,3.86,14.45,0,0,0,0
aten::empty_strided,,,7.09,10.59,0,0,0,0
empty_tensor,,,3.5,3.5,0,0,0,0
triton_rms_kernel,,,15.76,15.76,13.32,13.32,0,0
aten::view,,,7.98,7.98,0,0,0,0
aten::unsqueeze,,,2.89,7.06,0,0,0,0
aten::as_strided,,,4.17,4.17,0,0,0,0
_C_ascend::inplace_partial_rotary_mul,,,42.1,70.84,0,5.1205,0,0
aten::empty,,,3.46,17.45,0,0,0,0
empty_tensor,,,13.99,13.99,0,0,0,0
aclnnInplacePartialRotaryMul,,,11.29,11.29,5.1205,5.1205,0,0
wait_event,,,4.92,4.92,0.02,0.02,0,0
aten::slice,,,4.26,8.48,0,0,0,0
aten::as_strided,,,4.22,4.22,0,0,0,0
npu::npu_dynamic_quant,,,28.72,52.56,0,7.04,0,0
empty_tensor,,,10.36,10.36,0,0,0,0
empty_tensor,,,4.15,4.15,0,0,0,0
aclnnDynamicQuantV2,,,9.33,9.33,7.04,7.04,0,0
npu::npu_quant_matmul,,,29.88,52.41,0,13.88,0,0
empty_tensor,,,7.21,7.21,0,0,0,0
aten::empty,,,2.08,3.95,0,0,0,0
empty_tensor,,,1.87,1.87,0,0,0,0
aten::empty,,,0.95,2.57,0,0,0,0
empty_tensor,,,1.62,1.62,0,0,0,0
aclnnQuantMatmulWeightNz,,,8.8,8.8,13.88,13.88,0,0
npu::npu_rms_norm,,,53.52,71.93,0,10.54,0,0
empty_tensor,,,6.86,6.86,0,0,0,0
empty_tensor,,,3.04,3.04,0,0,0,0
aclnnRmsNorm,,,8.51,8.51,10.54,10.54,0,0
aten::view,,,5.73,5.73,0,0,0,0
aten::unsqueeze,,,2.89,6.6,0,0,0,0
aten::as_strided,,,3.71,3.71,0,0,0,0
aten::slice,,,3.22,5.6,0,0,0,0
aten::as_strided,,,2.38,2.38,0,0,0,0
aten::slice,,,1.07,2.8,0,0,0,0
aten::as_strided,,,1.73,1.73,0,0,0,0
_C_ascend::inplace_partial_rotary_mul,,,37.81,63.36,0,11.22,0,0
aten::empty,,,3.13,15.12,0,0,0,0
empty_tensor,,,11.99,11.99,0,0,0,0
aclnnInplacePartialRotaryMul,,,10.43,10.43,11.22,11.22,0,0
_C_ascend::npu_scatter_nd_update_sk,,,32.91,55.1,0,26.1605,0,0
aten::empty,,,2.69,12.15,0,0,0,0
empty_tensor,,,9.46,9.46,0,0,0,0
aclnnScatterNdUpdateSk,,,10.04,10.04,26.1605,26.1605,0,0
aten::squeeze,,,8.47,13.42,0,0,0,0
aten::as_strided,,,4.95,4.95,0,0,0,0
aten::view,,,4.16,4.16,0,0,0,0
aten::view,,,2.25,2.25,0,0,0,0
_C_ascend::compressor,,,46.54,79.35,0,41.181,0,0
aten::empty,,,2.37,11.19,0,0,0,0
empty_tensor,,,8.82,8.82,0,0,0,0
aten::empty,,,2.27,11.09,0,0,0,0
empty_tensor,,,8.82,8.82,0,0,0,0
aclnnCompressor,,,10.53,10.53,41.181,41.181,0,0
_C_ascend::npu_scatter_nd_update_sk,,,32.48,54.88,0,16.3605,0,0
aten::empty,,,2.85,12.73,0,0,0,0
empty_tensor,,,9.88,9.88,0,0,0,0
aclnnScatterNdUpdateSk,,,9.67,9.67,16.3605,16.3605,0,0
_C_ascend::npu_sparse_attn_sharedkv,,,43.98,75.88,0,30.501,0,0
aten::empty,,,2.08,9.6,0,0,0,0
empty_tensor,,,7.52,7.52,0,0,0,0
aten::empty,,,1.16,3.14,0,0,0,0
empty_tensor,,,1.98,1.98,0,0,0,0
aten::empty,,,2.0,8.97,0,0,0,0
empty_tensor,,,6.97,6.97,0,0,0,0
aclnnSparseAttnSharedkv,,,10.19,10.19,30.501,30.501,0,0
destroy_event,,,2.79,2.79,0,0,0,0
aten::unsqueeze,,,3.99,8.81,0,0,0,0
aten::as_strided,,,4.82,4.82,0,0,0,0
aten::neg,,,15.08,31.19,0,0.9805,0,0
empty_tensor,,,6.5,6.5,0,0,0,0
aclnnNeg,,,9.61,9.61,0.9805,0.9805,0,0
_C_ascend::inplace_partial_rotary_mul,,,37.66,59.65,0,5.2,0,0
aten::empty,,,2.97,12.57,0,0,0,0
empty_tensor,,,9.6,9.6,0,0,0,0
aclnnInplacePartialRotaryMul,,,9.42,9.42,5.2,5.2,0,0
aten::view,,,5.62,5.62,0,0,0,0
aten::permute,,,3.06,7.94,0,0,0,0
aten::as_strided,,,4.88,4.88,0,0,0,0
aten::contiguous,,,2.53,39.18,0,11.64,0,0
aten::clone,,,4.11,36.65,0,11.64,0,0
empty_tensor,,,6.08,6.08,0,0,0,0
aten::copy_,,,18.64,26.46,0,11.64,0,0
aclnnInplaceCopy,,,7.82,7.82,11.64,11.64,0,0
aten::view,,,5.09,5.09,0,0,0,0
aten::empty_like,,,4.81,14.12,0,0,0,0
aten::empty_strided,,,6.62,9.31,0,0,0,0
empty_tensor,,,2.69,2.69,0,0,0,0
c10d::alltoall_base_,,,56.98,79.79,0,13.18,0,0
record_event,,,10.59,10.59,0.02,0.02,0,0
wait_event,,,3.0,3.0,0.02,0.02,0,0
HcclAlltoAll,,,2.02,3.38,0,12.92,0,0
HcclAlltoAll,,,1.36,1.36,12.92,12.92,0,0
record_event,,,3.52,3.52,0.2,0.2,0,0
record_event,,,2.32,2.32,0.02,0.02,0,0
wait_event,,,3.65,3.65,0.0,0.0,0,0
destroy_event,,,1.47,1.47,0,0,0,0
aten::view,,,5.28,5.28,0,0,0,0
npu::npu_transpose_batchmatmul,,,33.72,54.49,0,32.821,0,0
empty_tensor,,,10.82,10.82,0,0,0,0
aclnnTransposeBatchMatMul,,,9.95,9.95,32.821,32.821,0,0
aten::reshape,,,1.64,6.16,0,0,0,0
aten::view,,,4.52,4.52,0,0,0,0
vllm::matmul_and_reduce,,,144.88,460.98,0,32.68,0,0
vllm::unquantized_gemm,,,16.7,76.91,0,15.92,0,0
aten::linear,,,4.41,60.21,0,15.92,0,0
aten::t,,,5.57,15.34,0,0,0,0
aten::transpose,,,3.18,9.77,0,0,0,0
aten::as_strided,,,6.59,6.59,0,0,0,0
aten::matmul,,,19.41,40.46,0,15.92,0,0
empty_tensor,,,10.07,10.07,0,0,0,0
aclnnMatmul,,,10.98,10.98,15.92,15.92,0,0
vllm::reduce_scatter,,,116.23,239.19,0,16.76,0,0
aten::movedim,,,1.58,10.83,0,0,0,0
aten::movedim,,,2.49,9.25,0,0,0,0
aten::permute,,,2.88,6.76,0,0,0,0
aten::as_strided,,,3.88,3.88,0,0,0,0
aten::empty,,,2.69,12.4,0,0,0,0
empty_tensor,,,9.71,9.71,0,0,0,0
c10d::_reduce_scatter_base_,,,54.95,83.58,0,16.02,0,0
record_event,,,13.02,13.02,0.02,0.02,0,0
wait_event,,,4.79,4.79,2.62,2.62,0,0
HcclReduceScatterBase,,,2.95,4.77,0,13.16,0,0
HcclReduceScatter,,,1.82,1.82,13.16,13.16,0,0
record_event,,,3.68,3.68,0.2,0.2,0,0
record_event,,,2.37,2.37,0.02,0.02,0,0
wait_event,,,3.02,3.02,0.74,0.74,0,0
destroy_event,,,1.59,1.59,0,0,0,0
aten::movedim,,,1.48,11.54,0,0,0,0
aten::movedim,,,2.54,10.06,0,0,0,0
aten::permute,,,2.73,7.52,0,0,0,0
aten::as_strided,,,4.79,4.79,0,0,0,0
aten::copy_,,,55.46,66.84,0,0.74,0,0
aclnnInplaceCopy,,,11.38,11.38,0.74,0.74,0,0
aten::unsqueeze,,,4.16,7.83,0,0,0,0
aten::as_strided,,,3.67,3.67,0,0,0,0
aten::unsqueeze,,,2.27,4.73,0,0,0,0
aten::as_strided,,,2.46,2.46,0,0,0,0
aten::unsqueeze,,,1.95,3.55,0,0,0,0
aten::as_strided,,,1.6,1.6,0,0,0,0
aten::detach,,,3.45,3.45,0,0,0,0
aten::reshape,,,4.2,7.77,0,0,0,0
aten::view,,,3.57,3.57,0,0,0,0
aten::unsqueeze,,,2.21,3.78,0,0,0,0
aten::as_strided,,,1.57,1.57,0,0,0,0
_C_ascend::npu_hc_post,,,38.17,76.9,0,7.54,0,0
aten::empty,,,4.16,15.12,0,0,0,0
empty_tensor,,,10.96,10.96,0,0,0,0
aten::empty,,,2.26,12.46,0,0,0,0
empty_tensor,,,10.2,10.2,0,0,0,0
aclnnHcPost,,,11.15,11.15,7.54,7.54,0,0
aten::squeeze,,,4.4,6.79,0,0,0,0
aten::as_strided,,,2.39,2.39,0,0,0,0
_C_ascend::npu_hc_pre_v2,,,36.54,72.99,0,32.4805,0,0
aten::empty,,,1.95,8.46,0,0,0,0
empty_tensor,,,6.51,6.51,0,0,0,0
aten::empty,,,1.17,4.85,0,0,0,0
empty_tensor,,,3.68,3.68,0,0,0,0
aten::empty,,,1.08,4.06,0,0,0,0
empty_tensor,,,2.98,2.98,0,0,0,0
aten::empty,,,1.86,9.37,0,0,0,0
empty_tensor,,,7.51,7.51,0,0,0,0
aclnnHcPre,,,9.71,9.71,32.4805,32.4805,0,0
npu::npu_rms_norm,,,48.09,66.69,0,4.56,0,0
empty_tensor,,,5.85,5.85,0,0,0,0
empty_tensor,,,3.66,3.66,0,0,0,0
aclnnRmsNorm,,,9.09,9.09,4.56,4.56,0,0
aten::reshape,,,4.45,8.66,0,0,0,0
aten::view,,,4.21,4.21,0,0,0,0
vllm::moe_forward_shared,,,1918.15,4745.73,0,414.0485,0,0
aten::to,,,1.89,45.81,0,5.9,0,0
aten::_to_copy,,,5.67,43.92,0,5.9,0,0
aten::empty_strided,,,8.98,13.77,0,0,0,0
empty_tensor,,,4.79,4.79,0,0,0,0
aten::copy_,,,14.92,24.48,0,5.9,0,0
aclnnInplaceCopy,,,9.56,9.56,5.9,5.9,0,0
Event::record,,,77.06,89.43,0,0.2,0,0
record_event,,,12.37,12.37,0.2,0.2,0,0
aten::linear,,,4.51,58.38,0,12.38,0,0
aten::t,,,5.56,13.98,0,0,0,0
aten::transpose,,,2.73,8.42,0,0,0,0
aten::as_strided,,,5.69,5.69,0,0,0,0
aten::matmul,,,18.96,39.89,0,12.38,0,0
empty_tensor,,,10.97,10.97,0,0,0,0
aclnnMatmul,,,9.96,9.96,12.38,12.38,0,0
Event::record,,,68.7,80.49,0,0.02,0,0
record_event,,,11.79,11.79,0.02,0.02,0,0
vllm::maybe_all_gather_and_maybe_unpad,,,44.7,302.51,0,17.32,0,0
vllm::all_gather,,,129.57,257.81,0,17.32,0,0
aten::empty,,,3.78,17.45,0,0,0,0
empty_tensor,,,13.67,13.67,0,0,0,0
c10d::_allgather_base_,,,53.57,80.69,0,17.3,0,0
record_event,,,12.81,12.81,0.0,0.0,0,0
wait_event,,,3.41,3.41,6.1,6.1,0,0
HcclAllgatherBase,,,3.11,5.01,0,10.78,0,0
HcclAllGather,,,1.9,1.9,10.78,10.78,0,0
record_event,,,3.51,3.51,0.2,0.2,0,0
record_event,,,2.38,2.38,0.22,0.22,0,0
wait_event,,,4.75,4.75,0.02,0.02,0,0
destroy_event,,,2.1,2.1,0,0,0,0
aten::reshape,,,1.81,8.13,0,0,0,0
aten::view,,,6.32,6.32,0,0,0,0
aten::movedim,,,1.49,10.97,0,0,0,0
aten::movedim,,,2.58,9.48,0,0,0,0
aten::permute,,,2.86,6.9,0,0,0,0
aten::as_strided,,,4.04,4.04,0,0,0,0
aten::reshape,,,1.05,4.15,0,0,0,0
aten::view,,,3.1,3.1,0,0,0,0
vllm::maybe_all_gather_and_maybe_unpad,,,40.12,277.59,0,10.66,0,0
vllm::all_gather,,,115.07,237.47,0,10.66,0,0
aten::empty,,,3.07,15.58,0,0,0,0
empty_tensor,,,12.51,12.51,0,0,0,0
c10d::_allgather_base_,,,51.74,80.35,0,10.64,0,0
record_event,,,12.85,12.85,0.02,0.02,0,0
wait_event,,,4.72,4.72,5.22,5.22,0,0
HcclAllgatherBase,,,3.15,5.29,0,5.36,0,0
HcclAllGather,,,2.14,2.14,5.36,5.36,0,0
record_event,,,3.48,3.48,0.02,0.02,0,0
record_event,,,2.27,2.27,0.02,0.02,0,0
wait_event,,,3.23,3.23,0.02,0.02,0,0
destroy_event,,,1.79,1.79,0,0,0,0
aten::reshape,,,1.52,6.9,0,0,0,0
aten::view,,,5.38,5.38,0,0,0,0
aten::movedim,,,1.57,10.62,0,0,0,0
aten::movedim,,,2.34,9.05,0,0,0,0
aten::permute,,,2.92,6.71,0,0,0,0
aten::as_strided,,,3.79,3.79,0,0,0,0
aten::reshape,,,0.82,3.93,0,0,0,0
aten::view,,,3.11,3.11,0,0,0,0
_C_ascend::moe_gating_top_k_hash,,,42.05,80.01,0,11.2805,0,0
aten::empty,,,3.15,15.85,0,0,0,0
empty_tensor,,,12.7,12.7,0,0,0,0
aten::empty,,,1.23,5.11,0,0,0,0
empty_tensor,,,3.88,3.88,0,0,0,0
aten::empty,,,1.06,4.74,0,0,0,0
empty_tensor,,,3.68,3.68,0,0,0,0
aclnnMoeGatingTopKHash,,,12.26,12.26,11.2805,11.2805,0,0
aten::to,,,1.86,49.77,0,0.98,0,0
aten::_to_copy,,,5.83,47.91,0,0.98,0,0
aten::empty_strided,,,8.57,15.38,0,0,0,0
empty_tensor,,,6.81,6.81,0,0,0,0
aten::copy_,,,17.12,26.7,0,0.98,0,0
aclnnInplaceCopy,,,9.58,9.58,0.98,0.98,0,0
aten::detach,,,4.26,4.26,0,0,0,0
aten::detach,,,1.35,1.35,0,0,0,0
Event::record,,,79.81,93.51,0,0.02,0,0
record_event,,,13.7,13.7,0.02,0.02,0,0
aten::index,,,32.06,56.78,0,18.5005,0,0
empty_tensor,,,6.42,6.42,0,0,0,0
empty_tensor,,,7.6,7.6,0,0,0,0
aclnnIndex,,,10.7,10.7,18.5005,18.5005,0,0
aten::ne,,,11.47,23.95,0,1.94,0,0
empty_tensor,,,5.75,5.75,0,0,0,0
aclnnNeScalar,,,6.73,6.73,1.94,1.94,0,0
aten::mul,,,15.09,25.53,0,2.26,0,0
empty_tensor,,,4.64,4.64,0,0,0,0
aclnnMul,,,5.8,5.8,2.26,2.26,0,0
npu::npu_moe_init_routing_v2,,,23.4,48.81,0,28.601,0,0
empty_tensor,,,8.87,8.87,0,0,0,0
empty_tensor,,,3.24,3.24,0,0,0,0
empty_tensor,,,2.92,2.92,0,0,0,0
empty_tensor,,,3.19,3.19,0,0,0,0
aclnnMoeInitRoutingV3,,,7.19,7.19,28.601,28.601,0,0
aten::to,,,1.53,1.53,0,0,0,0
_C_ascend::grouped_matmul_swiglu_quant_v2,,,178.75,229.58,0,145.703,0,0
aten::empty,,,3.28,13.23,0,0,0,0
empty_tensor,,,9.95,9.95,0,0,0,0
aten::empty,,,1.21,4.82,0,0,0,0
empty_tensor,,,3.61,3.61,0,0,0,0
aten::empty,,,3.83,19.81,0,0,0,0
empty_tensor,,,15.98,15.98,0,0,0,0
aclnnGroupedMatmulSwigluQuantWeightNzV2,,,12.97,12.97,145.703,145.703,0,0
Event::record,,,78.63,91.95,0,0.02,0,0
record_event,,,13.32,13.32,0.02,0.02,0,0
npu::npu_grouped_matmul,,,40.62,68.58,0,81.7615,0,0
empty_tensor,,,15.35,15.35,0,0,0,0
npu::get_npu_format,,,1.84,1.84,0,0,0,0
aclnnGroupedMatmulWeightNz,,,10.77,10.77,81.7615,81.7615,0,0
Event::record,,,71.69,84.2,0,0.02,0,0
record_event,,,12.51,12.51,0.02,0.02,0,0
aten::abs,,,16.15,35.45,0,1.0405,0,0
empty_tensor,,,10.83,10.83,0,0,0,0
aclnnAbs,,,8.47,8.47,1.0405,1.0405,0,0
npu::npu_moe_token_unpermute,,,68.84,85.12,0,13.2805,0,0
empty_tensor,,,7.28,7.28,0,0,0,0
aclnnMoeTokenUnpermute,,,9.0,9.0,13.2805,13.2805,0,0
vllm::maybe_pad_and_reduce,,,38.61,279.29,0,12.600000000000001,0,0
vllm::reduce_scatter,,,116.4,240.68,0,12.600000000000001,0,0
aten::movedim,,,1.58,13.17,0,0,0,0
aten::movedim,,,2.62,11.59,0,0,0,0
aten::permute,,,3.28,8.97,0,0,0,0
aten::as_strided,,,5.69,5.69,0,0,0,0
aten::empty,,,2.82,13.46,0,0,0,0
empty_tensor,,,10.64,10.64,0,0,0,0
c10d::_reduce_scatter_base_,,,53.83,81.63,0,12.58,0,0
record_event,,,13.72,13.72,0.22,0.22,0,0
wait_event,,,3.11,3.11,0.02,0.02,0,0
HcclReduceScatterBase,,,2.85,4.95,0,12.3,0,0
HcclReduceScatter,,,2.1,2.1,12.3,12.3,0,0
record_event,,,3.7,3.7,0.02,0.02,0,0
record_event,,,2.32,2.32,0.02,0.02,0,0
wait_event,,,2.75,2.75,0.02,0.02,0,0
destroy_event,,,1.5,1.5,0,0,0,0
aten::movedim,,,1.46,11.77,0,0,0,0
aten::movedim,,,2.42,10.31,0,0,0,0
aten::permute,,,2.89,7.89,0,0,0,0
aten::as_strided,,,5.0,5.0,0,0,0,0
Event::wait,,,65.06,79.22,0,0,0,0
wait_event,,,14.16,14.16,0,0,0,0
npu::npu_dynamic_quant,,,28.68,56.03,0,4.36,0,0
empty_tensor,,,12.91,12.91,0,0,0,0
empty_tensor,,,3.86,3.86,0,0,0,0
aclnnDynamicQuantV2,,,10.58,10.58,4.36,4.36,0,0
Event::wait,,,58.87,70.65,0,0,0,0
wait_event,,,11.78,11.78,0,0,0,0
npu::npu_quant_matmul,,,34.22,62.45,0,21.08,0,0
empty_tensor,,,10.78,10.78,0,0,0,0
aten::empty,,,2.24,4.27,0,0,0,0
empty_tensor,,,2.03,2.03,0,0,0,0
aten::empty,,,1.07,2.54,0,0,0,0
empty_tensor,,,1.47,1.47,0,0,0,0
aclnnQuantMatmulWeightNz,,,10.64,10.64,21.08,21.08,0,0
Event::wait,,,56.37,68.33,0,0,0,0
wait_event,,,11.96,11.96,0,0,0,0
_C_ascend::npu_dequant_swiglu_quant,,,46.03,84.57,0,4.9605,0,0
aten::empty,,,3.03,13.52,0,0,0,0
empty_tensor,,,10.49,10.49,0,0,0,0
aten::empty,,,1.17,4.66,0,0,0,0
empty_tensor,,,3.49,3.49,0,0,0,0
aten::empty,,,2.16,9.61,0,0,0,0
empty_tensor,,,7.45,7.45,0,0,0,0
aclnnDequantSwigluQuantV2,,,10.75,10.75,4.9605,4.9605,0,0
Event::wait,,,58.95,71.12,0,0,0,0
wait_event,,,12.17,12.17,0,0,0,0
npu::npu_quant_matmul,,,35.48,66.07,0,18.9405,0,0
empty_tensor,,,10.8,10.8,0,0,0,0
aten::empty,,,2.21,7.51,0,0,0,0
empty_tensor,,,5.3,5.3,0,0,0,0
aten::empty,,,1.1,2.93,0,0,0,0
empty_tensor,,,1.83,1.83,0,0,0,0
aclnnQuantMatmulWeightNz,,,9.35,9.35,18.9405,18.9405,0,0
Event::record,,,68.64,80.45,0,0.2,0,0
record_event,,,11.81,11.81,0.2,0.2,0,0
Event::wait,,,45.78,55.62,0,0.02,0,0
wait_event,,,9.84,9.84,0.02,0.02,0,0
destroy_event,,,5.86,5.86,0,0,0,0
destroy_event,,,6.13,6.13,0,0,0,0
destroy_event,,,2.13,2.13,0,0,0,0
destroy_event,,,1.5,1.5,0,0,0,0
destroy_event,,,1.63,1.63,0,0,0,0
destroy_event,,,1.94,1.94,0,0,0,0
aten::add,,,22.71,41.39,0,7.64,0,0
empty_tensor,,,10.67,10.67,0,0,0,0
aclnnAdd,,,8.01,8.01,7.64,7.64,0,0
vllm::maybe_all_reduce_tensor_model_parallel,,,24.39,24.39,0,0,0,0
aten::unsqueeze,,,4.76,8.94,0,0,0,0
aten::as_strided,,,4.18,4.18,0,0,0,0
aten::unsqueeze,,,2.38,4.17,0,0,0,0
aten::as_strided,,,1.79,1.79,0,0,0,0
aten::unsqueeze,,,2.04,3.44,0,0,0,0
aten::as_strided,,,1.4,1.4,0,0,0,0
aten::unsqueeze,,,1.95,3.44,0,0,0,0
aten::as_strided,,,1.49,1.49,0,0,0,0
_C_ascend::npu_hc_post,,,41.23,75.77,0,7.2405,0,0
aten::empty,,,2.64,11.74,0,0,0,0
empty_tensor,,,9.1,9.1,0,0,0,0
aten::empty,,,2.24,12.5,0,0,0,0
empty_tensor,,,10.26,10.26,0,0,0,0
aclnnHcPost,,,10.3,10.3,7.2405,7.2405,0,0
aten::squeeze,,,4.58,10.98,0,0,0,0
aten::as_strided,,,6.4,6.4,0,0,0,0
_C_ascend::npu_hc_pre_v2,,,38.14,75.95,0,31.781,0,0
aten::empty,,,1.98,9.33,0,0,0,0
empty_tensor,,,7.35,7.35,0,0,0,0
aten::empty,,,1.2,4.86,0,0,0,0
empty_tensor,,,3.66,3.66,0,0,0,0
aten::empty,,,1.1,4.16,0,0,0,0
empty_tensor,,,3.06,3.06,0,0,0,0
aten::empty,,,2.23,9.71,0,0,0,0
empty_tensor,,,7.48,7.48,0,0,0,0
aclnnHcPre,,,9.75,9.75,31.781,31.781,0,0
npu::npu_rms_norm,,,48.13,66.95,0,4.72,0,0
empty_tensor,,,6.38,6.38,0,0,0,0
empty_tensor,,,3.51,3.51,0,0,0,0
aclnnRmsNorm,,,8.93,8.93,4.72,4.72,0,0
aten::empty,,,6.03,13.24,0,0,0,0
empty_tensor,,,7.21,7.21,0,0,0,0
aten::alias,,,3.98,3.98,0,0,0,0
vllm::dsa_forward,,,2181.14,5031.2,0,626.9325,0,0
aten::empty,,,3.38,13.24,0,0,0,0
empty_tensor,,,9.86,9.86,0,0,0,0
c10d::_allgather_base_,,,54.87,86.18,0,10.4,0,0
record_event,,,14.49,14.49,0.02,0.02,0,0
wait_event,,,5.18,5.18,0.02,0.02,0,0
HcclAllgatherBase,,,3.16,5.05,0,9.9,0,0
HcclAllGather,,,1.89,1.89,9.9,9.9,0,0
record_event,,,3.53,3.53,0.24,0.24,0,0
record_event,,,3.06,3.06,0.22,0.22,0,0
npu::npu_dynamic_quant,,,29.24,46.39,0,4.02,0,0
empty_tensor,,,9.42,9.42,0,0,0,0
empty_tensor,,,4.38,4.38,0,0,0,0
aclnnDynamicQuantV2,,,3.35,3.35,4.02,4.02,0,0
npu::npu_quant_matmul,,,30.46,53.56,0,17.0605,0,0
empty_tensor,,,6.34,6.34,0,0,0,0
aten::empty,,,2.22,4.17,0,0,0,0
empty_tensor,,,1.95,1.95,0,0,0,0
aten::empty,,,0.91,2.34,0,0,0,0
empty_tensor,,,1.43,1.43,0,0,0,0
aclnnQuantMatmulWeightNz,,,10.25,10.25,17.0605,17.0605,0,0
_C_ascend::npu_rms_norm_dynamic_quant,,,46.23,99.6,0,7.0405,0,0
aten::empty_like,,,5.18,16.38,0,0,0,0
aten::empty_strided,,,7.39,11.2,0,0,0,0
empty_tensor,,,3.81,3.81,0,0,0,0
aten::empty,,,1.41,4.94,0,0,0,0
empty_tensor,,,3.53,3.53,0,0,0,0
aten::empty,,,0.99,3.99,0,0,0,0
empty_tensor,,,3.0,3.0,0,0,0,0
aten::empty_like,,,2.02,7.42,0,0,0,0
aten::empty_strided,,,3.57,5.4,0,0,0,0
empty_tensor,,,1.83,1.83,0,0,0,0
aten::empty,,,2.07,9.73,0,0,0,0
empty_tensor,,,7.66,7.66,0,0,0,0
aclnnRmsNormDynamicQuant,,,10.91,10.91,7.0405,7.0405,0,0
npu::npu_quant_matmul,,,29.85,50.96,0,34.921,0,0
empty_tensor,,,6.76,6.76,0,0,0,0
aten::empty,,,1.43,3.3,0,0,0,0
empty_tensor,,,1.87,1.87,0,0,0,0
aten::empty,,,0.92,2.42,0,0,0,0
empty_tensor,,,1.5,1.5,0,0,0,0
aclnnQuantMatmulWeightNz,,,8.63,8.63,34.921,34.921,0,0
aten::unflatten,,,6.06,11.32,0,0,0,0
aten::view,,,5.26,5.26,0,0,0,0
aten::view,,,2.67,2.67,0,0,0,0
aten::empty_like,,,4.2,14.26,0,0,0,0
aten::empty_strided,,,6.82,10.06,0,0,0,0
empty_tensor,,,3.24,3.24,0,0,0,0
triton_rms_kernel,,,14.75,14.75,13.5205,13.5205,0,0
aten::view,,,7.94,7.94,0,0,0,0
aten::unsqueeze,,,3.18,7.68,0,0,0,0
aten::as_strided,,,4.5,4.5,0,0,0,0
_C_ascend::inplace_partial_rotary_mul,,,44.16,73.14,0,5.34,0,0
aten::empty,,,3.39,17.53,0,0,0,0
empty_tensor,,,14.14,14.14,0,0,0,0
aclnnInplacePartialRotaryMul,,,11.45,11.45,5.34,5.34,0,0
wait_event,,,5.07,5.07,0.02,0.02,0,0
aten::slice,,,4.3,8.31,0,0,0,0
aten::as_strided,,,4.01,4.01,0,0,0,0
npu::npu_dynamic_quant,,,29.3,75.64,0,7.32,0,0
empty_tensor,,,9.65,9.65,0,0,0,0
empty_tensor,,,4.19,4.19,0,0,0,0
aclnnDynamicQuantV2,,,32.5,32.5,7.32,7.32,0,0
npu::npu_quant_matmul,,,31.51,55.32,0,14.1605,0,0
empty_tensor,,,8.11,8.11,0,0,0,0
aten::empty,,,2.25,4.26,0,0,0,0
empty_tensor,,,2.01,2.01,0,0,0,0
aten::empty,,,1.06,2.7,0,0,0,0
empty_tensor,,,1.64,1.64,0,0,0,0
aclnnQuantMatmulWeightNz,,,8.74,8.74,14.1605,14.1605,0,0
npu::npu_rms_norm,,,54.06,72.46,0,9.84,0,0
empty_tensor,,,6.94,6.94,0,0,0,0
empty_tensor,,,2.99,2.99,0,0,0,0
aclnnRmsNorm,,,8.47,8.47,9.84,9.84,0,0
aten::view,,,5.93,5.93,0,0,0,0
aten::unsqueeze,,,2.89,6.78,0,0,0,0
aten::as_strided,,,3.89,3.89,0,0,0,0
aten::slice,,,3.13,5.54,0,0,0,0
aten::as_strided,,,2.41,2.41,0,0,0,0
aten::slice,,,0.99,2.83,0,0,0,0
aten::as_strided,,,1.84,1.84,0,0,0,0
_C_ascend::inplace_partial_rotary_mul,,,38.14,63.14,0,8.44,0,0
aten::empty,,,3.2,14.05,0,0,0,0
empty_tensor,,,10.85,10.85,0,0,0,0
aclnnInplacePartialRotaryMul,,,10.95,10.95,8.44,8.44,0,0
_C_ascend::npu_scatter_nd_update_sk,,,32.82,54.03,0,29.441,0,0
aten::empty,,,2.59,11.86,0,0,0,0
empty_tensor,,,9.27,9.27,0,0,0,0
aclnnScatterNdUpdateSk,,,9.35,9.35,29.441,29.441,0,0
aten::squeeze,,,8.88,14.96,0,0,0,0
aten::as_strided,,,6.08,6.08,0,0,0,0
aten::view,,,4.25,4.25,0,0,0,0
aten::view,,,2.29,2.29,0,0,0,0
_C_ascend::compressor,,,48.26,81.32,0,54.221,0,0
aten::empty,,,2.45,11.49,0,0,0,0
empty_tensor,,,9.04,9.04,0,0,0,0
aten::empty,,,2.07,10.87,0,0,0,0
empty_tensor,,,8.8,8.8,0,0,0,0
aclnnCompressor,,,10.7,10.7,54.221,54.221,0,0
aten::reshape,,,1.68,7.22,0,0,0,0
aten::view,,,5.54,5.54,0,0,0,0
aten::linear,,,3.69,49.53,0,6.4805,0,0
aten::t,,,5.16,11.67,0,0,0,0
aten::transpose,,,2.79,6.51,0,0,0,0
aten::as_strided,,,3.72,3.72,0,0,0,0
aten::matmul,,,18.02,34.17,0,6.4805,0,0
empty_tensor,,,7.14,7.14,0,0,0,0
aclnnMatmul,,,9.01,9.01,6.4805,6.4805,0,0
aten::mul,,,14.68,30.93,0,1.0005,0,0
empty_tensor,,,5.23,5.23,0,0,0,0
aten::item,,,1.97,3.91,0,0,0,0
aten::_local_scalar_dense,,,1.94,1.94,0,0,0,0
aclnnMuls,,,7.11,7.11,1.0005,1.0005,0,0
aten::alias,,,2.39,2.39,0,0,0,0
aten::reshape,,,1.18,5.14,0,0,0,0
aten::view,,,3.96,3.96,0,0,0,0
npu::npu_dynamic_quant,,,24.49,42.72,0,2.98,0,0
empty_tensor,,,6.25,6.25,0,0,0,0
empty_tensor,,,4.16,4.16,0,0,0,0
aclnnDynamicQuantV2,,,7.82,7.82,2.98,2.98,0,0
aten::unsqueeze,,,3.19,7.19,0,0,0,0
aten::as_strided,,,4.0,4.0,0,0,0,0
_C_ascend::npu_scatter_nd_update_sk,,,34.85,55.6,0,19.1005,0,0
aten::empty,,,3.24,11.43,0,0,0,0
empty_tensor,,,8.19,8.19,0,0,0,0
aclnnScatterNdUpdateSk,,,9.32,9.32,19.1005,19.1005,0,0
aten::to,,,1.68,39.06,0,0.92,0,0
aten::_to_copy,,,5.06,37.38,0,0.92,0,0
aten::empty_strided,,,7.45,10.97,0,0,0,0
empty_tensor,,,3.52,3.52,0,0,0,0
aten::copy_,,,13.26,21.35,0,0.92,0,0
aclnnInplaceCopy,,,8.09,8.09,0.92,0.92,0,0
aten::unsqueeze,,,2.64,6.47,0,0,0,0
aten::as_strided,,,3.83,3.83,0,0,0,0
_C_ascend::npu_scatter_nd_update_sk,,,30.31,50.27,0,18.12,0,0
aten::empty,,,2.3,10.99,0,0,0,0
empty_tensor,,,8.69,8.69,0,0,0,0
aclnnScatterNdUpdateSk,,,8.97,8.97,18.12,18.12,0,0
npu::npu_quant_matmul,,,29.83,51.52,0,17.8005,0,0
empty_tensor,,,6.99,6.99,0,0,0,0
aten::empty,,,1.85,3.86,0,0,0,0
empty_tensor,,,2.01,2.01,0,0,0,0
aten::empty,,,1.02,2.62,0,0,0,0
empty_tensor,,,1.6,1.6,0,0,0,0
aclnnQuantMatmulWeightNz,,,8.22,8.22,17.8005,17.8005,0,0
aten::view,,,5.99,5.99,0,0,0,0
aten::unsqueeze,,,2.64,6.37,0,0,0,0
aten::as_strided,,,3.73,3.73,0,0,0,0
_C_ascend::inplace_partial_rotary_mul,,,39.26,63.64,0,5.3,0,0
aten::empty,,,2.71,14.57,0,0,0,0
empty_tensor,,,11.86,11.86,0,0,0,0
aclnnInplacePartialRotaryMul,,,9.81,9.81,5.3,5.3,0,0
aten::reshape,,,1.58,6.49,0,0,0,0
aten::view,,,4.91,4.91,0,0,0,0
aten::linear,,,3.94,48.2,0,6.64,0,0
aten::t,,,5.03,11.55,0,0,0,0
aten::transpose,,,2.74,6.52,0,0,0,0
aten::as_strided,,,3.78,3.78,0,0,0,0
aten::matmul,,,16.11,32.71,0,6.64,0,0
empty_tensor,,,6.96,6.96,0,0,0,0
aclnnMatmul,,,9.64,9.64,6.64,6.64,0,0
aten::mul,,,15.1,30.58,0,5.42,0,0
empty_tensor,,,5.49,5.49,0,0,0,0
aten::item,,,1.66,3.02,0,0,0,0
aten::_local_scalar_dense,,,1.36,1.36,0,0,0,0
aclnnMuls,,,6.97,6.97,5.42,5.42,0,0
aten::alias,,,2.56,2.56,0,0,0,0
aten::reshape,,,1.44,7.4,0,0,0,0
aten::view,,,5.96,5.96,0,0,0,0
vllm::unquantized_gemm,,,18.13,65.97,0,11.28,0,0
aten::linear,,,3.92,47.84,0,11.28,0,0
aten::t,,,4.65,12.08,0,0,0,0
aten::transpose,,,2.8,7.43,0,0,0,0
aten::as_strided,,,4.63,4.63,0,0,0,0
aten::matmul,,,14.94,31.84,0,11.28,0,0
empty_tensor,,,7.87,7.87,0,0,0,0
aclnnMatmul,,,9.03,9.03,11.28,11.28,0,0
aten::mul,,,15.44,32.07,0,0.94,0,0
empty_tensor,,,6.07,6.07,0,0,0,0
aten::item,,,1.54,3.15,0,0,0,0
aten::_local_scalar_dense,,,1.61,1.61,0,0,0,0
aclnnMuls,,,7.41,7.41,0.94,0.94,0,0
npu::npu_dynamic_quant,,,24.43,43.17,0,6.8205,0,0
empty_tensor,,,6.43,6.43,0,0,0,0
empty_tensor,,,4.18,4.18,0,0,0,0
aclnnDynamicQuantV2,,,8.13,8.13,6.8205,6.8205,0,0
aten::to,,,1.77,37.07,0,0.96,0,0
aten::_to_copy,,,5.4,35.3,0,0.96,0,0
aten::empty_strided,,,7.13,10.39,0,0,0,0
empty_tensor,,,3.26,3.26,0,0,0,0
aten::copy_,,,11.63,19.51,0,0.96,0,0
aclnnInplaceCopy,,,7.88,7.88,0.96,0.96,0,0
aten::to,,,1.04,29.18,0,0.98,0,0
aten::_to_copy,,,3.31,28.14,0,0.98,0,0
aten::empty_strided,,,5.51,8.46,0,0,0,0
empty_tensor,,,2.95,2.95,0,0,0,0
aten::copy_,,,9.46,16.37,0,0.98,0,0
aclnnInplaceCopy,,,6.91,6.91,0.98,0.98,0,0
aten::squeeze,,,7.45,12.67,0,0,0,0
aten::as_strided,,,5.22,5.22,0,0,0,0
aten::to,,,0.99,0.99,0,0,0,0
aten::slice,,,6.09,8.89,0,0,0,0
aten::as_strided,,,2.8,2.8,0,0,0,0
_C_ascend::npu_vllm_quant_lightning_indexer,,,52.5,88.12,0,79.8215,0,0
aten::empty,,,2.37,10.72,0,0,0,0
empty_tensor,,,8.35,8.35,0,0,0,0
aten::empty,,,1.13,3.04,0,0,0,0
empty_tensor,,,1.91,1.91,0,0,0,0
aten::empty,,,1.94,11.27,0,0,0,0
empty_tensor,,,9.33,9.33,0,0,0,0
aclnnVllmQuantLightningIndexer,,,10.59,10.59,79.8215,79.8215,0,0
aten::squeeze,,,6.91,12.26,0,0,0,0
aten::as_strided,,,5.35,5.35,0,0,0,0
aten::view,,,4.17,4.17,0,0,0,0
aten::view,,,3.41,3.41,0,0,0,0
_C_ascend::compressor,,,47.39,79.66,0,61.781,0,0
aten::empty,,,2.18,10.53,0,0,0,0
empty_tensor,,,8.35,8.35,0,0,0,0
aten::empty,,,2.2,10.96,0,0,0,0
empty_tensor,,,8.76,8.76,0,0,0,0
aclnnCompressor,,,10.78,10.78,61.781,61.781,0,0
_C_ascend::npu_scatter_nd_update_sk,,,32.85,54.13,0,17.2005,0,0
aten::empty,,,2.28,11.59,0,0,0,0
empty_tensor,,,9.31,9.31,0,0,0,0
aclnnScatterNdUpdateSk,,,9.69,9.69,17.2005,17.2005,0,0
_C_ascend::npu_sparse_attn_sharedkv,,,44.16,77.14,0,47.101,0,0
aten::empty,,,2.04,9.48,0,0,0,0
empty_tensor,,,7.44,7.44,0,0,0,0
aten::empty,,,1.21,3.07,0,0,0,0
empty_tensor,,,1.86,1.86,0,0,0,0
aten::empty,,,1.84,10.09,0,0,0,0
empty_tensor,,,8.25,8.25,0,0,0,0
aclnnSparseAttnSharedkv,,,10.34,10.34,47.101,47.101,0,0
destroy_event,,,2.62,2.62,0,0,0,0
aten::unsqueeze,,,3.72,8.44,0,0,0,0
aten::as_strided,,,4.72,4.72,0,0,0,0
aten::neg,,,14.32,29.36,0,0.96,0,0
empty_tensor,,,6.22,6.22,0,0,0,0
aclnnNeg,,,8.82,8.82,0.96,0.96,0,0
_C_ascend::inplace_partial_rotary_mul,,,34.88,56.53,0,5.32,0,0
aten::empty,,,2.48,11.85,0,0,0,0
empty_tensor,,,9.37,9.37,0,0,0,0
aclnnInplacePartialRotaryMul,,,9.8,9.8,5.32,5.32,0,0
aten::view,,,5.69,5.69,0,0,0,0
aten::permute,,,3.17,7.83,0,0,0,0
aten::as_strided,,,4.66,4.66,0,0,0,0
aten::contiguous,,,2.52,38.51,0,11.24,0,0
aten::clone,,,4.27,35.99,0,11.24,0,0
empty_tensor,,,6.04,6.04,0,0,0,0
aten::copy_,,,18.2,25.68,0,11.24,0,0
aclnnInplaceCopy,,,7.48,7.48,11.24,11.24,0,0
aten::view,,,3.51,3.51,0,0,0,0
aten::empty_like,,,4.85,17.08,0,0,0,0
aten::empty_strided,,,6.61,12.23,0,0,0,0
empty_tensor,,,5.62,5.62,0,0,0,0
c10d::alltoall_base_,,,55.48,79.08,0,12.799999999999999,0,0
record_event,,,10.23,10.23,0.22,0.22,0,0
wait_event,,,3.48,3.48,0.02,0.02,0,0
HcclAlltoAll,,,2.26,3.73,0,12.52,0,0
HcclAlltoAll,,,1.47,1.47,12.52,12.52,0,0
record_event,,,3.57,3.57,0.02,0.02,0,0
record_event,,,2.59,2.59,0.02,0.02,0,0
wait_event,,,3.04,3.04,1.74,1.74,0,0
destroy_event,,,1.76,1.76,0,0,0,0
aten::view,,,5.06,5.06,0,0,0,0
npu::npu_transpose_batchmatmul,,,30.37,50.73,0,31.9005,0,0
empty_tensor,,,10.24,10.24,0,0,0,0
aclnnTransposeBatchMatMul,,,10.12,10.12,31.9005,31.9005,0,0
aten::reshape,,,1.58,6.04,0,0,0,0
aten::view,,,4.46,4.46,0,0,0,0
vllm::matmul_and_reduce,,,146.25,461.94,0,35.8605,0,0
vllm::unquantized_gemm,,,16.07,75.72,0,16.6405,0,0
aten::linear,,,4.61,59.65,0,16.6405,0,0
aten::t,,,5.49,14.39,0,0,0,0
aten::transpose,,,2.95,8.9,0,0,0,0
aten::as_strided,,,5.95,5.95,0,0,0,0
aten::matmul,,,19.2,40.65,0,16.6405,0,0
empty_tensor,,,10.33,10.33,0,0,0,0
aclnnMatmul,,,11.12,11.12,16.6405,16.6405,0,0
vllm::reduce_scatter,,,115.56,239.97,0,19.22,0,0
aten::movedim,,,1.49,10.55,0,0,0,0
aten::movedim,,,2.44,9.06,0,0,0,0
aten::permute,,,2.71,6.62,0,0,0,0
aten::as_strided,,,3.91,3.91,0,0,0,0
aten::empty,,,2.85,12.82,0,0,0,0
empty_tensor,,,9.97,9.97,0,0,0,0
c10d::_reduce_scatter_base_,,,54.51,84.81,0,19.2,0,0
record_event,,,12.8,12.8,0.02,0.02,0,0
wait_event,,,5.58,5.58,6.42,6.42,0,0
HcclReduceScatterBase,,,3.13,5.01,0,12.72,0,0
HcclReduceScatter,,,1.88,1.88,12.72,12.72,0,0
record_event,,,4.6,4.6,0.02,0.02,0,0
record_event,,,2.31,2.31,0.02,0.02,0,0
wait_event,,,3.07,3.07,0.02,0.02,0,0
destroy_event,,,1.57,1.57,0,0,0,0
aten::movedim,,,1.47,11.59,0,0,0,0
aten::movedim,,,2.26,10.12,0,0,0,0
aten::permute,,,2.86,7.86,0,0,0,0
aten::as_strided,,,5.0,5.0,0,0,0,0
aten::copy_,,,54.3,65.11,0,0.72,0,0
aclnnInplaceCopy,,,10.81,10.81,0.72,0.72,0,0
aten::unsqueeze,,,4.43,8.27,0,0,0,0
aten::as_strided,,,3.84,3.84,0,0,0,0
aten::unsqueeze,,,2.73,4.61,0,0,0,0
aten::as_strided,,,1.88,1.88,0,0,0,0
aten::unsqueeze,,,2.13,3.88,0,0,0,0
aten::as_strided,,,1.75,1.75,0,0,0,0
aten::detach,,,3.69,3.69,0,0,0,0
aten::reshape,,,4.36,8.0,0,0,0,0
aten::view,,,3.64,3.64,0,0,0,0
aten::unsqueeze,,,2.23,3.96,0,0,0,0
aten::as_strided,,,1.73,1.73,0,0,0,0
_C_ascend::npu_hc_post,,,39.1,77.84,0,7.5805,0,0
aten::empty,,,3.18,14.62,0,0,0,0
empty_tensor,,,11.44,11.44,0,0,0,0
aten::empty,,,2.4,12.61,0,0,0,0
empty_tensor,,,10.21,10.21,0,0,0,0
aclnnHcPost,,,11.51,11.51,7.5805,7.5805,0,0
aten::squeeze,,,4.88,7.5,0,0,0,0
aten::as_strided,,,2.62,2.62,0,0,0,0
_C_ascend::npu_hc_pre_v2,,,37.01,75.14,0,32.7605,0,0
aten::empty,,,2.11,8.95,0,0,0,0
empty_tensor,,,6.84,6.84,0,0,0,0
aten::empty,,,1.23,4.84,0,0,0,0
empty_tensor,,,3.61,3.61,0,0,0,0
aten::empty,,,1.06,4.07,0,0,0,0
empty_tensor,,,3.01,3.01,0,0,0,0
aten::empty,,,2.14,10.32,0,0,0,0
empty_tensor,,,8.18,8.18,0,0,0,0
aclnnHcPre,,,9.95,9.95,32.7605,32.7605,0,0
npu::npu_rms_norm,,,49.3,67.61,0,4.7,0,0
empty_tensor,,,5.85,5.85,0,0,0,0
empty_tensor,,,3.71,3.71,0,0,0,0
aclnnRmsNorm,,,8.75,8.75,4.7,4.7,0,0
aten::reshape,,,4.74,8.95,0,0,0,0
aten::view,,,4.21,4.21,0,0,0,0
vllm::moe_forward_shared,,,1926.72,4763.72,0,430.369,0,0
aten::to,,,1.83,46.63,0,6.18,0,0
aten::_to_copy,,,5.35,44.8,0,6.18,0,0
aten::empty_strided,,,9.27,13.81,0,0,0,0
empty_tensor,,,4.54,4.54,0,0,0,0
aten::copy_,,,15.5,25.64,0,6.18,0,0
aclnnInplaceCopy,,,10.14,10.14,6.18,6.18,0,0
Event::record,,,78.34,90.81,0,0.38,0,0
record_event,,,12.47,12.47,0.38,0.38,0,0
aten::linear,,,4.58,59.32,0,12.28,0,0
aten::t,,,5.52,14.24,0,0,0,0
aten::transpose,,,2.82,8.72,0,0,0,0
aten::as_strided,,,5.9,5.9,0,0,0,0
aten::matmul,,,20.03,40.5,0,12.28,0,0
empty_tensor,,,11.27,11.27,0,0,0,0
aclnnMatmul,,,9.2,9.2,12.28,12.28,0,0
Event::record,,,71.96,83.84,0,0.02,0,0
record_event,,,11.88,11.88,0.02,0.02,0,0
vllm::maybe_all_gather_and_maybe_unpad,,,44.94,302.73,0,17.061500000000002,0,0
vllm::all_gather,,,130.01,257.79,0,17.061500000000002,0,0
aten::empty,,,5.3,19.03,0,0,0,0
empty_tensor,,,13.73,13.73,0,0,0,0
c10d::_allgather_base_,,,54.53,81.39,0,17.0415,0,0
record_event,,,12.94,12.94,0.02,0.02,0,0
wait_event,,,3.24,3.24,5.8205,5.8205,0,0
HcclAllgatherBase,,,3.17,5.04,0,10.781,0,0
HcclAllGather,,,1.87,1.87,10.781,10.781,0,0
record_event,,,3.41,3.41,0.22,0.22,0,0
record_event,,,2.23,2.23,0.2,0.2,0,0
wait_event,,,3.0,3.0,0.02,0.02,0,0
destroy_event,,,1.58,1.58,0,0,0,0
aten::reshape,,,1.81,8.1,0,0,0,0
aten::view,,,6.29,6.29,0,0,0,0
aten::movedim,,,1.53,11.05,0,0,0,0
aten::movedim,,,2.48,9.52,0,0,0,0
aten::permute,,,3.03,7.04,0,0,0,0
aten::as_strided,,,4.01,4.01,0,0,0,0
aten::reshape,,,0.82,3.63,0,0,0,0
aten::view,,,2.81,2.81,0,0,0,0
vllm::maybe_all_gather_and_maybe_unpad,,,39.35,271.42,0,13.3005,0,0
vllm::all_gather,,,114.47,232.07,0,13.3005,0,0
aten::empty,,,3.02,15.85,0,0,0,0
empty_tensor,,,12.83,12.83,0,0,0,0
c10d::_allgather_base_,,,49.53,75.7,0,10.920499999999999,0,0
record_event,,,12.61,12.61,0.0,0.0,0,0
wait_event,,,3.18,3.18,5.1605,5.1605,0,0
HcclAllgatherBase,,,2.93,4.64,0,5.72,0,0
HcclAllGather,,,1.71,1.71,5.72,5.72,0,0
record_event,,,3.35,3.35,0.02,0.02,0,0
record_event,,,2.39,2.39,0.02,0.02,0,0
wait_event,,,2.96,2.96,2.38,2.38,0,0
destroy_event,,,1.68,1.68,0,0,0,0
aten::reshape,,,1.55,7.0,0,0,0,0
aten::view,,,5.45,5.45,0,0,0,0
aten::movedim,,,1.49,10.39,0,0,0,0
aten::movedim,,,2.51,8.9,0,0,0,0
aten::permute,,,2.67,6.39,0,0,0,0
aten::as_strided,,,3.72,3.72,0,0,0,0
aten::reshape,,,0.92,4.02,0,0,0,0
aten::view,,,3.1,3.1,0,0,0,0
_C_ascend::moe_gating_top_k_hash,,,42.26,80.15,0,10.82,0,0
aten::empty,,,3.1,16.04,0,0,0,0
empty_tensor,,,12.94,12.94,0,0,0,0
aten::empty,,,1.27,4.93,0,0,0,0
empty_tensor,,,3.66,3.66,0,0,0,0
aten::empty,,,1.07,5.09,0,0,0,0
empty_tensor,,,4.02,4.02,0,0,0,0
aclnnMoeGatingTopKHash,,,11.83,11.83,10.82,10.82,0,0
aten::to,,,1.77,47.18,0,1.04,0,0
aten::_to_copy,,,5.88,45.41,0,1.04,0,0
aten::empty_strided,,,8.58,13.98,0,0,0,0
empty_tensor,,,5.4,5.4,0,0,0,0
aten::copy_,,,16.64,25.55,0,1.04,0,0
aclnnInplaceCopy,,,8.91,8.91,1.04,1.04,0,0
aten::detach,,,4.37,4.37,0,0,0,0
aten::detach,,,1.39,1.39,0,0,0,0
Event::record,,,78.82,92.15,0,0.2,0,0
record_event,,,13.33,13.33,0.2,0.2,0,0
aten::index,,,32.25,56.99,0,18.4405,0,0
empty_tensor,,,6.79,6.79,0,0,0,0
empty_tensor,,,7.7,7.7,0,0,0,0
aclnnIndex,,,10.25,10.25,18.4405,18.4405,0,0
aten::ne,,,10.22,23.11,0,1.4,0,0
empty_tensor,,,6.04,6.04,0,0,0,0
aclnnNeScalar,,,6.85,6.85,1.4,1.4,0,0
aten::mul,,,15.7,25.82,0,2.1399999999999997,0,0
empty_tensor,,,4.44,4.44,0,0,0,0
aclnnMul,,,5.68,5.68,2.1399999999999997,2.1399999999999997,0,0
npu::npu_moe_init_routing_v2,,,28.14,54.0,0,33.6605,0,0
empty_tensor,,,8.59,8.59,0,0,0,0
empty_tensor,,,3.15,3.15,0,0,0,0
empty_tensor,,,2.94,2.94,0,0,0,0
empty_tensor,,,3.1,3.1,0,0,0,0
aclnnMoeInitRoutingV3,,,8.08,8.08,33.6605,33.6605,0,0
aten::to,,,1.68,1.68,0,0,0,0
_C_ascend::grouped_matmul_swiglu_quant_v2,,,182.66,232.4,0,150.363,0,0
aten::empty,,,3.22,13.37,0,0,0,0
empty_tensor,,,10.15,10.15,0,0,0,0
aten::empty,,,1.16,4.84,0,0,0,0
empty_tensor,,,3.68,3.68,0,0,0,0
aten::empty,,,3.78,17.72,0,0,0,0
empty_tensor,,,13.94,13.94,0,0,0,0
aclnnGroupedMatmulSwigluQuantWeightNzV2,,,13.81,13.81,150.363,150.363,0,0
Event::record,,,77.73,91.31,0,0.02,0,0
record_event,,,13.58,13.58,0.02,0.02,0,0
npu::npu_grouped_matmul,,,40.17,70.68,0,81.802,0,0
empty_tensor,,,15.43,15.43,0,0,0,0
npu::get_npu_format,,,5.05,5.05,0,0,0,0
aclnnGroupedMatmulWeightNz,,,10.03,10.03,81.802,81.802,0,0
Event::record,,,71.57,83.74,0,0.22,0,0
record_event,,,12.17,12.17,0.22,0.22,0,0
aten::abs,,,15.28,34.03,0,1.08,0,0
empty_tensor,,,10.36,10.36,0,0,0,0
aclnnAbs,,,8.39,8.39,1.08,1.08,0,0
npu::npu_moe_token_unpermute,,,69.22,85.41,0,12.46,0,0
empty_tensor,,,7.61,7.61,0,0,0,0
aclnnMoeTokenUnpermute,,,8.58,8.58,12.46,12.46,0,0
vllm::maybe_pad_and_reduce,,,38.29,280.25,0,15.52,0,0
vllm::reduce_scatter,,,114.78,241.96,0,15.52,0,0
aten::movedim,,,1.62,13.22,0,0,0,0
aten::movedim,,,2.71,11.6,0,0,0,0
aten::permute,,,3.29,8.89,0,0,0,0
aten::as_strided,,,5.6,5.6,0,0,0,0
aten::empty,,,3.0,13.81,0,0,0,0
empty_tensor,,,10.81,10.81,0,0,0,0
c10d::_reduce_scatter_base_,,,55.15,82.76,0,12.6,0,0
record_event,,,13.26,13.26,0.02,0.02,0,0
wait_event,,,3.54,3.54,0.02,0.02,0,0
HcclReduceScatterBase,,,3.05,4.99,0,12.52,0,0
HcclReduceScatter,,,1.94,1.94,12.52,12.52,0,0
record_event,,,3.52,3.52,0.02,0.02,0,0
record_event,,,2.3,2.3,0.02,0.02,0,0
wait_event,,,3.35,3.35,2.92,2.92,0,0
destroy_event,,,1.97,1.97,0,0,0,0
aten::movedim,,,1.41,12.07,0,0,0,0
aten::movedim,,,2.62,10.66,0,0,0,0
aten::permute,,,2.88,8.04,0,0,0,0
aten::as_strided,,,5.16,5.16,0,0,0,0
Event::wait,,,63.43,76.68,0,0,0,0
wait_event,,,13.25,13.25,0,0,0,0
npu::npu_dynamic_quant,,,29.2,56.81,0,3.9005,0,0
empty_tensor,,,13.1,13.1,0,0,0,0
empty_tensor,,,4.12,4.12,0,0,0,0
aclnnDynamicQuantV2,,,10.39,10.39,3.9005,3.9005,0,0
Event::wait,,,60.29,74.3,0,0,0,0
wait_event,,,14.01,14.01,0,0,0,0
npu::npu_quant_matmul,,,35.09,63.62,0,24.1605,0,0
empty_tensor,,,11.06,11.06,0,0,0,0
aten::empty,,,2.42,4.61,0,0,0,0
empty_tensor,,,2.19,2.19,0,0,0,0
aten::empty,,,0.98,2.63,0,0,0,0
empty_tensor,,,1.65,1.65,0,0,0,0
aclnnQuantMatmulWeightNz,,,10.23,10.23,24.1605,24.1605,0,0
Event::wait,,,58.08,69.24,0,0.02,0,0
wait_event,,,11.16,11.16,0.02,0.02,0,0
_C_ascend::npu_dequant_swiglu_quant,,,47.05,86.54,0,5.36,0,0
aten::empty,,,2.95,13.91,0,0,0,0
empty_tensor,,,10.96,10.96,0,0,0,0
aten::empty,,,1.19,5.04,0,0,0,0
empty_tensor,,,3.85,3.85,0,0,0,0
aten::empty,,,2.31,9.71,0,0,0,0
empty_tensor,,,7.4,7.4,0,0,0,0
aclnnDequantSwigluQuantV2,,,10.83,10.83,5.36,5.36,0,0
Event::wait,,,59.39,71.35,0,0.2,0,0
wait_event,,,11.96,11.96,0.2,0.2,0,0
npu::npu_quant_matmul,,,35.43,62.95,0,18.3,0,0
empty_tensor,,,10.72,10.72,0,0,0,0
aten::empty,,,2.25,4.51,0,0,0,0
empty_tensor,,,2.26,2.26,0,0,0,0
aten::empty,,,1.0,2.61,0,0,0,0
empty_tensor,,,1.61,1.61,0,0,0,0
aclnnQuantMatmulWeightNz,,,9.68,9.68,18.3,18.3,0,0
Event::record,,,69.66,81.66,0,0.02,0,0
record_event,,,12.0,12.0,0.02,0.02,0,0
Event::wait,,,44.92,54.69,0,0.02,0,0
wait_event,,,9.77,9.77,0.02,0.02,0,0
destroy_event,,,5.87,5.87,0,0,0,0
destroy_event,,,6.02,6.02,0,0,0,0
destroy_event,,,3.36,3.36,0,0,0,0
destroy_event,,,1.44,1.44,0,0,0,0
destroy_event,,,1.89,1.89,0,0,0,0
destroy_event,,,1.17,1.17,0,0,0,0
aten::add,,,22.9,41.66,0,7.56,0,0
empty_tensor,,,10.9,10.9,0,0,0,0
aclnnAdd,,,7.86,7.86,7.56,7.56,0,0
vllm::maybe_all_reduce_tensor_model_parallel,,,24.68,24.68,0,0,0,0
aten::unsqueeze,,,4.91,9.28,0,0,0,0
aten::as_strided,,,4.37,4.37,0,0,0,0
aten::unsqueeze,,,2.35,4.26,0,0,0,0
aten::as_strided,,,1.91,1.91,0,0,0,0
aten::unsqueeze,,,1.92,3.3,0,0,0,0
aten::as_strided,,,1.38,1.38,0,0,0,0
aten::unsqueeze,,,1.85,3.23,0,0,0,0
aten::as_strided,,,1.38,1.38,0,0,0,0
_C_ascend::npu_hc_post,,,40.4,74.3,0,7.42,0,0
aten::empty,,,2.8,11.36,0,0,0,0
empty_tensor,,,8.56,8.56,0,0,0,0
aten::empty,,,2.26,12.08,0,0,0,0
empty_tensor,,,9.82,9.82,0,0,0,0
aclnnHcPost,,,10.46,10.46,7.42,7.42,0,0
aten::squeeze,,,4.49,7.25,0,0,0,0
aten::as_strided,,,2.76,2.76,0,0,0,0
_C_ascend::npu_hc_pre_v2,,,37.03,73.08,0,31.5605,0,0
aten::empty,,,2.08,8.74,0,0,0,0
empty_tensor,,,6.66,6.66,0,0,0,0
aten::empty,,,1.22,4.54,0,0,0,0
empty_tensor,,,3.32,3.32,0,0,0,0
aten::empty,,,1.14,4.12,0,0,0,0
empty_tensor,,,2.98,2.98,0,0,0,0
aten::empty,,,1.82,9.21,0,0,0,0
empty_tensor,,,7.39,7.39,0,0,0,0
aclnnHcPre,,,9.44,9.44,31.5605,31.5605,0,0
npu::npu_rms_norm,,,48.12,66.07,0,5.72,0,0
empty_tensor,,,5.98,5.98,0,0,0,0
empty_tensor,,,3.42,3.42,0,0,0,0
aclnnRmsNorm,,,8.55,8.55,5.72,5.72,0,0
aten::empty,,,5.95,12.77,0,0,0,0
empty_tensor,,,6.82,6.82,0,0,0,0
aten::alias,,,3.91,3.91,0,0,0,0
vllm::dsa_forward,,,1467.48,3396.5,0,365.427,0,0
aten::empty,,,3.29,16.47,0,0,0,0
empty_tensor,,,13.18,13.18,0,0,0,0
c10d::_allgather_base_,,,55.85,86.29,0,10.68,0,0
record_event,,,14.32,14.32,0.02,0.02,0,0
wait_event,,,5.03,5.03,0.02,0.02,0,0
HcclAllgatherBase,,,3.03,5.22,0,10.4,0,0
HcclAllGather,,,2.19,2.19,10.4,10.4,0,0
record_event,,,3.62,3.62,0.22,0.22,0,0
record_event,,,2.25,2.25,0.02,0.02,0,0
npu::npu_dynamic_quant,,,29.32,47.04,0,4.02,0,0
empty_tensor,,,10.0,10.0,0,0,0,0
empty_tensor,,,4.55,4.55,0,0,0,0
aclnnDynamicQuantV2,,,3.17,3.17,4.02,4.02,0,0
npu::npu_quant_matmul,,,30.79,54.74,0,15.4805,0,0
empty_tensor,,,6.87,6.87,0,0,0,0
aten::empty,,,2.19,4.31,0,0,0,0
empty_tensor,,,2.12,2.12,0,0,0,0
aten::empty,,,1.06,2.74,0,0,0,0
empty_tensor,,,1.68,1.68,0,0,0,0
aclnnQuantMatmulWeightNz,,,10.03,10.03,15.4805,15.4805,0,0
_C_ascend::npu_rms_norm_dynamic_quant,,,47.91,101.8,0,6.68,0,0
aten::empty_like,,,5.74,16.42,0,0,0,0
aten::empty_strided,,,7.26,10.68,0,0,0,0
empty_tensor,,,3.42,3.42,0,0,0,0
aten::empty,,,1.45,5.08,0,0,0,0
empty_tensor,,,3.63,3.63,0,0,0,0
aten::empty,,,1.07,4.18,0,0,0,0
empty_tensor,,,3.11,3.11,0,0,0,0
aten::empty_like,,,2.08,7.42,0,0,0,0
aten::empty_strided,,,3.56,5.34,0,0,0,0
empty_tensor,,,1.78,1.78,0,0,0,0
aten::empty,,,2.25,10.35,0,0,0,0
empty_tensor,,,8.1,8.1,0,0,0,0
aclnnRmsNormDynamicQuant,,,10.44,10.44,6.68,6.68,0,0
npu::npu_quant_matmul,,,29.97,51.91,0,33.241,0,0
empty_tensor,,,7.05,7.05,0,0,0,0
aten::empty,,,1.7,3.63,0,0,0,0
empty_tensor,,,1.93,1.93,0,0,0,0
aten::empty,,,0.94,2.56,0,0,0,0
empty_tensor,,,1.62,1.62,0,0,0,0
aclnnQuantMatmulWeightNz,,,8.7,8.7,33.241,33.241,0,0
aten::unflatten,,,5.62,10.82,0,0,0,0
aten::view,,,5.2,5.2,0,0,0,0
aten::view,,,2.77,2.77,0,0,0,0
aten::empty_like,,,4.4,14.75,0,0,0,0
aten::empty_strided,,,7.05,10.35,0,0,0,0
empty_tensor,,,3.3,3.3,0,0,0,0
triton_rms_kernel,,,14.84,14.84,13.3405,13.3405,0,0
aten::view,,,7.66,7.66,0,0,0,0
aten::unsqueeze,,,3.09,7.25,0,0,0,0
aten::as_strided,,,4.16,4.16,0,0,0,0
_C_ascend::inplace_partial_rotary_mul,,,42.18,70.87,0,5.28,0,0
aten::empty,,,3.57,17.83,0,0,0,0
empty_tensor,,,14.26,14.26,0,0,0,0
aclnnInplacePartialRotaryMul,,,10.86,10.86,5.28,5.28,0,0
wait_event,,,4.45,4.45,0.02,0.02,0,0
aten::slice,,,4.17,8.08,0,0,0,0
aten::as_strided,,,3.91,3.91,0,0,0,0
npu::npu_dynamic_quant,,,28.25,51.34,0,7.38,0,0
empty_tensor,,,9.63,9.63,0,0,0,0
empty_tensor,,,4.21,4.21,0,0,0,0
aclnnDynamicQuantV2,,,9.25,9.25,7.38,7.38,0,0
npu::npu_quant_matmul,,,29.92,52.08,0,14.54,0,0
empty_tensor,,,7.21,7.21,0,0,0,0
aten::empty,,,2.04,4.09,0,0,0,0
empty_tensor,,,2.05,2.05,0,0,0,0
aten::empty,,,0.94,2.36,0,0,0,0
empty_tensor,,,1.42,1.42,0,0,0,0
aclnnQuantMatmulWeightNz,,,8.5,8.5,14.54,14.54,0,0
npu::npu_rms_norm,,,53.31,72.0,0,9.44,0,0
empty_tensor,,,6.89,6.89,0,0,0,0
empty_tensor,,,3.12,3.12,0,0,0,0
aclnnRmsNorm,,,8.68,8.68,9.44,9.44,0,0
aten::view,,,8.48,8.48,0,0,0,0
aten::unsqueeze,,,2.8,6.9,0,0,0,0
aten::as_strided,,,4.1,4.1,0,0,0,0
aten::slice,,,3.15,5.67,0,0,0,0
aten::as_strided,,,2.52,2.52,0,0,0,0
aten::slice,,,0.97,2.67,0,0,0,0
aten::as_strided,,,1.7,1.7,0,0,0,0
_C_ascend::inplace_partial_rotary_mul,,,37.56,61.99,0,11.16,0,0
aten::empty,,,3.07,13.71,0,0,0,0
empty_tensor,,,10.64,10.64,0,0,0,0
aclnnInplacePartialRotaryMul,,,10.72,10.72,11.16,11.16,0,0
_C_ascend::npu_scatter_nd_update_sk,,,32.03,53.18,0,26.4005,0,0
aten::empty,,,2.54,11.86,0,0,0,0
empty_tensor,,,9.32,9.32,0,0,0,0
aclnnScatterNdUpdateSk,,,9.29,9.29,26.4005,26.4005,0,0
aten::squeeze,,,8.61,13.14,0,0,0,0
aten::as_strided,,,4.53,4.53,0,0,0,0
aten::view,,,4.27,4.27,0,0,0,0
aten::view,,,2.24,2.24,0,0,0,0
_C_ascend::compressor,,,46.44,80.19,0,42.001,0,0
aten::empty,,,2.38,12.51,0,0,0,0
empty_tensor,,,10.13,10.13,0,0,0,0
aten::empty,,,2.14,10.71,0,0,0,0
empty_tensor,,,8.57,8.57,0,0,0,0
aclnnCompressor,,,10.53,10.53,42.001,42.001,0,0
_C_ascend::npu_scatter_nd_update_sk,,,31.31,52.38,0,15.7205,0,0
aten::empty,,,2.55,11.73,0,0,0,0
empty_tensor,,,9.18,9.18,0,0,0,0
aclnnScatterNdUpdateSk,,,9.34,9.34,15.7205,15.7205,0,0
_C_ascend::npu_sparse_attn_sharedkv,,,44.61,77.7,0,29.4405,0,0
aten::empty,,,2.21,10.29,0,0,0,0
empty_tensor,,,8.08,8.08,0,0,0,0
aten::empty,,,1.16,3.24,0,0,0,0
empty_tensor,,,2.08,2.08,0,0,0,0
aten::empty,,,1.83,9.36,0,0,0,0
empty_tensor,,,7.53,7.53,0,0,0,0
aclnnSparseAttnSharedkv,,,10.2,10.2,29.4405,29.4405,0,0
destroy_event,,,2.61,2.61,0,0,0,0
aten::unsqueeze,,,3.76,8.24,0,0,0,0
aten::as_strided,,,4.48,4.48,0,0,0,0
aten::neg,,,14.01,29.17,0,1.16,0,0
empty_tensor,,,6.68,6.68,0,0,0,0
aclnnNeg,,,8.48,8.48,1.16,1.16,0,0
_C_ascend::inplace_partial_rotary_mul,,,58.81,81.85,0,5.16,0,0
aten::empty,,,3.05,13.65,0,0,0,0
empty_tensor,,,10.6,10.6,0,0,0,0
aclnnInplacePartialRotaryMul,,,9.39,9.39,5.16,5.16,0,0
aten::view,,,5.99,5.99,0,0,0,0
aten::permute,,,3.12,7.92,0,0,0,0
aten::as_strided,,,4.8,4.8,0,0,0,0
aten::contiguous,,,2.54,49.87,0,11.56,0,0
aten::clone,,,4.61,47.33,0,11.56,0,0
empty_tensor,,,14.16,14.16,0,0,0,0
aten::copy_,,,20.14,28.56,0,11.56,0,0
aclnnInplaceCopy,,,8.42,8.42,11.56,11.56,0,0
aten::view,,,3.69,3.69,0,0,0,0
aten::empty_like,,,4.89,14.86,0,0,0,0
aten::empty_strided,,,6.93,9.97,0,0,0,0
empty_tensor,,,3.04,3.04,0,0,0,0
c10d::alltoall_base_,,,56.98,82.03,0,13.301,0,0
record_event,,,11.11,11.11,0.22,0.22,0,0
wait_event,,,2.99,2.99,0.0,0.0,0,0
HcclAlltoAll,,,3.45,4.88,0,12.861,0,0
HcclAlltoAll,,,1.43,1.43,12.861,12.861,0,0
record_event,,,3.48,3.48,0.2,0.2,0,0
record_event,,,2.59,2.59,0.02,0.02,0,0
wait_event,,,3.09,3.09,1.74,1.74,0,0
destroy_event,,,1.76,1.76,0,0,0,0
aten::view,,,5.34,5.34,0,0,0,0
npu::npu_transpose_batchmatmul,,,30.35,52.55,0,33.8805,0,0
empty_tensor,,,10.85,10.85,0,0,0,0
aclnnTransposeBatchMatMul,,,11.35,11.35,33.8805,33.8805,0,0
aten::reshape,,,1.6,6.14,0,0,0,0
aten::view,,,4.54,4.54,0,0,0,0
vllm::matmul_and_reduce,,,144.94,463.13,0,53.061,0,0
vllm::unquantized_gemm,,,16.68,77.34,0,15.9805,0,0
aten::linear,,,4.38,60.66,0,15.9805,0,0
aten::t,,,5.91,15.0,0,0,0,0
aten::transpose,,,3.08,9.09,0,0,0,0
aten::as_strided,,,6.01,6.01,0,0,0,0
aten::matmul,,,19.35,41.28,0,15.9805,0,0
empty_tensor,,,10.47,10.47,0,0,0,0
aclnnMatmul,,,11.46,11.46,15.9805,15.9805,0,0
vllm::reduce_scatter,,,117.62,240.85,0,37.0805,0,0
aten::movedim,,,1.56,10.47,0,0,0,0
aten::movedim,,,2.58,8.91,0,0,0,0
aten::permute,,,2.66,6.33,0,0,0,0
aten::as_strided,,,3.67,3.67,0,0,0,0
aten::empty,,,2.95,12.74,0,0,0,0
empty_tensor,,,9.79,9.79,0,0,0,0
c10d::_reduce_scatter_base_,,,53.48,82.59,0,17.92,0,0
record_event,,,12.7,12.7,0.02,0.02,0,0
wait_event,,,3.01,3.01,5.2,5.2,0,0
HcclReduceScatterBase,,,3.01,4.69,0,12.46,0,0
HcclReduceScatter,,,1.68,1.68,12.46,12.46,0,0
record_event,,,3.56,3.56,0.22,0.22,0,0
record_event,,,5.15,5.15,0.02,0.02,0,0
wait_event,,,3.78,3.78,19.1605,19.1605,0,0
destroy_event,,,1.92,1.92,0,0,0,0
aten::movedim,,,1.59,11.73,0,0,0,0
aten::movedim,,,2.52,10.14,0,0,0,0
aten::permute,,,2.86,7.62,0,0,0,0
aten::as_strided,,,4.76,4.76,0,0,0,0
aten::copy_,,,55.03,66.81,0,0.74,0,0
aclnnInplaceCopy,,,11.78,11.78,0.74,0.74,0,0
aten::unsqueeze,,,4.45,8.61,0,0,0,0
aten::as_strided,,,4.16,4.16,0,0,0,0
aten::unsqueeze,,,2.26,3.85,0,0,0,0
aten::as_strided,,,1.59,1.59,0,0,0,0
aten::unsqueeze,,,2.05,3.44,0,0,0,0
aten::as_strided,,,1.39,1.39,0,0,0,0
aten::detach,,,3.73,3.73,0,0,0,0
aten::reshape,,,4.47,8.12,0,0,0,0
aten::view,,,3.65,3.65,0,0,0,0
aten::unsqueeze,,,2.44,3.89,0,0,0,0
aten::as_strided,,,1.45,1.45,0,0,0,0
_C_ascend::npu_hc_post,,,38.58,77.28,0,8.5405,0,0
aten::empty,,,2.66,13.62,0,0,0,0
empty_tensor,,,10.96,10.96,0,0,0,0
aten::empty,,,2.18,12.4,0,0,0,0
empty_tensor,,,10.22,10.22,0,0,0,0
aclnnHcPost,,,12.68,12.68,8.5405,8.5405,0,0
aten::squeeze,,,4.5,7.02,0,0,0,0
aten::as_strided,,,2.52,2.52,0,0,0,0
_C_ascend::npu_hc_pre_v2,,,37.25,79.34,0,32.081,0,0
aten::empty,,,1.87,8.81,0,0,0,0
empty_tensor,,,6.94,6.94,0,0,0,0
aten::empty,,,1.21,4.98,0,0,0,0
empty_tensor,,,3.77,3.77,0,0,0,0
aten::empty,,,1.19,6.9,0,0,0,0
empty_tensor,,,5.71,5.71,0,0,0,0
aten::empty,,,2.34,10.11,0,0,0,0
empty_tensor,,,7.77,7.77,0,0,0,0
aclnnHcPre,,,11.29,11.29,32.081,32.081,0,0
npu::npu_rms_norm,,,49.06,67.27,0,4.78,0,0
empty_tensor,,,5.77,5.77,0,0,0,0
empty_tensor,,,3.66,3.66,0,0,0,0
aclnnRmsNorm,,,8.78,8.78,4.78,4.78,0,0
aten::reshape,,,4.83,10.11,0,0,0,0
aten::view,,,5.28,5.28,0,0,0,0
vllm::moe_forward_shared,,,1912.56,4755.43,0,341.806,0,0
aten::to,,,2.14,46.56,0,5.86,0,0
aten::_to_copy,,,5.85,44.42,0,5.86,0,0
aten::empty_strided,,,9.07,13.51,0,0,0,0
empty_tensor,,,4.44,4.44,0,0,0,0
aten::copy_,,,15.03,25.06,0,5.86,0,0
aclnnInplaceCopy,,,10.03,10.03,5.86,5.86,0,0
Event::record,,,76.79,88.62,0,0.02,0,0
record_event,,,11.83,11.83,0.02,0.02,0,0
aten::linear,,,4.46,59.32,0,11.2205,0,0
aten::t,,,5.59,14.36,0,0,0,0
aten::transpose,,,2.81,8.77,0,0,0,0
aten::as_strided,,,5.96,5.96,0,0,0,0
aten::matmul,,,19.38,40.5,0,11.2205,0,0
empty_tensor,,,11.35,11.35,0,0,0,0
aclnnMatmul,,,9.77,9.77,11.2205,11.2205,0,0
Event::record,,,69.47,81.04,0,0.22,0,0
record_event,,,11.57,11.57,0.22,0.22,0,0
vllm::maybe_all_gather_and_maybe_unpad,,,47.07,304.33,0,14.76,0,0
vllm::all_gather,,,128.57,257.26,0,14.76,0,0
aten::empty,,,3.8,17.74,0,0,0,0
empty_tensor,,,13.94,13.94,0,0,0,0
c10d::_allgather_base_,,,56.44,83.15,0,14.74,0,0
record_event,,,13.11,13.11,0.02,0.02,0,0
wait_event,,,3.03,3.03,3.54,3.54,0,0
HcclAllgatherBase,,,3.01,4.84,0,10.94,0,0
HcclAllGather,,,1.83,1.83,10.94,10.94,0,0
record_event,,,3.45,3.45,0.22,0.22,0,0
record_event,,,2.28,2.28,0.02,0.02,0,0
wait_event,,,2.98,2.98,0.02,0.02,0,0
destroy_event,,,1.67,1.67,0,0,0,0
aten::reshape,,,1.86,8.24,0,0,0,0
aten::view,,,6.38,6.38,0,0,0,0
aten::movedim,,,1.53,10.91,0,0,0,0
aten::movedim,,,2.54,9.38,0,0,0,0
aten::permute,,,2.77,6.84,0,0,0,0
aten::as_strided,,,4.07,4.07,0,0,0,0
aten::reshape,,,0.96,4.0,0,0,0,0
aten::view,,,3.04,3.04,0,0,0,0
vllm::maybe_all_gather_and_maybe_unpad,,,40.7,274.07,0,9.52,0,0
vllm::all_gather,,,114.46,233.37,0,9.52,0,0
aten::empty,,,3.25,15.59,0,0,0,0
empty_tensor,,,12.34,12.34,0,0,0,0
c10d::_allgather_base_,,,50.42,77.23,0,9.52,0,0
record_event,,,12.94,12.94,0.02,0.02,0,0
wait_event,,,3.11,3.11,3.92,3.92,0,0
HcclAllgatherBase,,,3.07,4.85,0,5.16,0,0
HcclAllGather,,,1.78,1.78,5.16,5.16,0,0
record_event,,,3.36,3.36,0.2,0.2,0,0
record_event,,,2.55,2.55,0.22,0.22,0,0
wait_event,,,3.15,3.15,0.0,0.0,0,0
destroy_event,,,1.56,1.56,0,0,0,0
aten::reshape,,,1.78,6.89,0,0,0,0
aten::view,,,5.11,5.11,0,0,0,0
aten::movedim,,,1.46,10.72,0,0,0,0
aten::movedim,,,2.4,9.26,0,0,0,0
aten::permute,,,2.83,6.86,0,0,0,0
aten::as_strided,,,4.03,4.03,0,0,0,0
aten::reshape,,,0.88,3.77,0,0,0,0
aten::view,,,2.89,2.89,0,0,0,0
_C_ascend::moe_gating_top_k_hash,,,42.4,80.65,0,10.7405,0,0
aten::empty,,,3.04,15.84,0,0,0,0
empty_tensor,,,12.8,12.8,0,0,0,0
aten::empty,,,1.37,5.46,0,0,0,0
empty_tensor,,,4.09,4.09,0,0,0,0
aten::empty,,,1.17,4.96,0,0,0,0
empty_tensor,,,3.79,3.79,0,0,0,0
aclnnMoeGatingTopKHash,,,11.99,11.99,10.7405,10.7405,0,0
aten::to,,,1.86,46.51,0,0.96,0,0
aten::_to_copy,,,5.65,44.65,0,0.96,0,0
aten::empty_strided,,,8.16,13.08,0,0,0,0
empty_tensor,,,4.92,4.92,0,0,0,0
aten::copy_,,,16.8,25.92,0,0.96,0,0
aclnnInplaceCopy,,,9.12,9.12,0.96,0.96,0,0
aten::detach,,,4.25,4.25,0,0,0,0
aten::detach,,,1.08,1.08,0,0,0,0
Event::record,,,78.15,91.58,0,0.24,0,0
record_event,,,13.43,13.43,0.24,0.24,0,0
aten::index,,,36.5,60.61,0,22.06,0,0
empty_tensor,,,6.52,6.52,0,0,0,0
empty_tensor,,,7.74,7.74,0,0,0,0
aclnnIndex,,,9.85,9.85,22.06,22.06,0,0
aten::ne,,,11.69,23.82,0,1.28,0,0
empty_tensor,,,5.85,5.85,0,0,0,0
aclnnNeScalar,,,6.28,6.28,1.28,1.28,0,0
aten::mul,,,15.22,25.73,0,2.26,0,0
empty_tensor,,,4.74,4.74,0,0,0,0
aclnnMul,,,5.77,5.77,2.26,2.26,0,0
npu::npu_moe_init_routing_v2,,,23.87,49.54,0,29.601,0,0
empty_tensor,,,9.11,9.11,0,0,0,0
empty_tensor,,,3.85,3.85,0,0,0,0
empty_tensor,,,3.19,3.19,0,0,0,0
empty_tensor,,,3.14,3.14,0,0,0,0
aclnnMoeInitRoutingV3,,,6.38,6.38,29.601,29.601,0,0
aten::to,,,1.59,1.59,0,0,0,0
_C_ascend::grouped_matmul_swiglu_quant_v2,,,181.52,229.76,0,101.582,0,0
aten::empty,,,3.24,13.42,0,0,0,0
empty_tensor,,,10.18,10.18,0,0,0,0
aten::empty,,,1.22,4.92,0,0,0,0
empty_tensor,,,3.7,3.7,0,0,0,0
aten::empty,,,3.79,17.07,0,0,0,0
empty_tensor,,,13.28,13.28,0,0,0,0
aclnnGroupedMatmulSwigluQuantWeightNzV2,,,12.83,12.83,101.582,101.582,0,0
Event::record,,,88.55,102.65,0,0.2,0,0
record_event,,,14.1,14.1,0.2,0.2,0,0
npu::npu_grouped_matmul,,,43.44,71.01,0,56.021,0,0
empty_tensor,,,15.08,15.08,0,0,0,0
npu::get_npu_format,,,1.99,1.99,0,0,0,0
aclnnGroupedMatmulWeightNz,,,10.5,10.5,56.021,56.021,0,0
Event::record,,,71.5,83.94,0,0.2,0,0
record_event,,,12.44,12.44,0.2,0.2,0,0
aten::abs,,,15.89,35.67,0,1.2,0,0
empty_tensor,,,10.87,10.87,0,0,0,0
aclnnAbs,,,8.91,8.91,1.2,1.2,0,0
npu::npu_moe_token_unpermute,,,68.35,87.99,0,13.1405,0,0
empty_tensor,,,7.64,7.64,0,0,0,0
aclnnMoeTokenUnpermute,,,12.0,12.0,13.1405,13.1405,0,0
vllm::maybe_pad_and_reduce,,,38.26,280.04,0,12.52,0,0
vllm::reduce_scatter,,,115.55,241.78,0,12.52,0,0
aten::movedim,,,1.48,13.3,0,0,0,0
aten::movedim,,,2.72,11.82,0,0,0,0
aten::permute,,,3.36,9.1,0,0,0,0
aten::as_strided,,,5.74,5.74,0,0,0,0
aten::empty,,,2.96,13.24,0,0,0,0
empty_tensor,,,10.28,10.28,0,0,0,0
c10d::_reduce_scatter_base_,,,55.09,83.2,0,12.5,0,0
record_event,,,12.78,12.78,0.34,0.34,0,0
wait_event,,,4.2,4.2,0.0,0.0,0,0
HcclReduceScatterBase,,,2.95,5.02,0,11.94,0,0
HcclReduceScatter,,,2.07,2.07,11.94,11.94,0,0
record_event,,,3.7,3.7,0.22,0.22,0,0
record_event,,,2.41,2.41,0.0,0.0,0,0
wait_event,,,2.93,2.93,0.02,0.02,0,0
destroy_event,,,1.72,1.72,0,0,0,0
aten::movedim,,,1.49,11.84,0,0,0,0
aten::movedim,,,2.49,10.35,0,0,0,0
aten::permute,,,2.95,7.86,0,0,0,0
aten::as_strided,,,4.91,4.91,0,0,0,0
Event::wait,,,65.01,81.01,0,0,0,0
wait_event,,,16.0,16.0,0,0,0,0
npu::npu_dynamic_quant,,,29.43,56.11,0,3.92,0,0
empty_tensor,,,12.84,12.84,0,0,0,0
empty_tensor,,,3.92,3.92,0,0,0,0
aclnnDynamicQuantV2,,,9.92,9.92,3.92,3.92,0,0
Event::wait,,,57.56,68.71,0,0,0,0
wait_event,,,11.15,11.15,0,0,0,0
npu::npu_quant_matmul,,,33.95,61.45,0,20.36,0,0
empty_tensor,,,10.82,10.82,0,0,0,0
aten::empty,,,2.37,4.36,0,0,0,0
empty_tensor,,,1.99,1.99,0,0,0,0
aten::empty,,,1.24,2.93,0,0,0,0
empty_tensor,,,1.69,1.69,0,0,0,0
aclnnQuantMatmulWeightNz,,,9.39,9.39,20.36,20.36,0,0
Event::wait,,,55.94,66.69,0,0.2,0,0
wait_event,,,10.75,10.75,0.2,0.2,0,0
_C_ascend::npu_dequant_swiglu_quant,,,47.02,87.12,0,5.02,0,0
aten::empty,,,2.7,13.9,0,0,0,0
empty_tensor,,,11.2,11.2,0,0,0,0
aten::empty,,,1.23,4.75,0,0,0,0
empty_tensor,,,3.52,3.52,0,0,0,0
aten::empty,,,2.51,10.34,0,0,0,0
empty_tensor,,,7.83,7.83,0,0,0,0
aclnnDequantSwigluQuantV2,,,11.11,11.11,5.02,5.02,0,0
Event::wait,,,60.33,72.13,0,0.2,0,0
wait_event,,,11.8,11.8,0.2,0.2,0,0
npu::npu_quant_matmul,,,35.0,62.18,0,18.3005,0,0
empty_tensor,,,10.68,10.68,0,0,0,0
aten::empty,,,2.14,4.23,0,0,0,0
empty_tensor,,,2.09,2.09,0,0,0,0
aten::empty,,,1.03,2.53,0,0,0,0
empty_tensor,,,1.5,1.5,0,0,0,0
aclnnQuantMatmulWeightNz,,,9.74,9.74,18.3005,18.3005,0,0
Event::record,,,70.88,82.87,0,0.2,0,0
record_event,,,11.99,11.99,0.2,0.2,0,0
Event::wait,,,45.25,56.09,0,0.0,0,0
wait_event,,,10.84,10.84,0.0,0.0,0,0
destroy_event,,,6.25,6.25,0,0,0,0
destroy_event,,,5.98,5.98,0,0,0,0
destroy_event,,,1.51,1.51,0,0,0,0
destroy_event,,,1.46,1.46,0,0,0,0
destroy_event,,,1.47,1.47,0,0,0,0
destroy_event,,,1.48,1.48,0,0,0,0
aten::add,,,22.18,40.61,0,7.64,0,0
empty_tensor,,,11.39,11.39,0,0,0,0
aclnnAdd,,,7.04,7.04,7.64,7.64,0,0
vllm::maybe_all_reduce_tensor_model_parallel,,,24.55,24.55,0,0,0,0
aten::unsqueeze,,,4.97,9.25,0,0,0,0
aten::as_strided,,,4.28,4.28,0,0,0,0
aten::unsqueeze,,,2.33,6.14,0,0,0,0
aten::as_strided,,,3.81,3.81,0,0,0,0
aten::unsqueeze,,,2.12,3.64,0,0,0,0
aten::as_strided,,,1.52,1.52,0,0,0,0
aten::unsqueeze,,,1.9,3.45,0,0,0,0
aten::as_strided,,,1.55,1.55,0,0,0,0
_C_ascend::npu_hc_post,,,41.69,76.28,0,7.3605,0,0
aten::empty,,,2.68,11.41,0,0,0,0
empty_tensor,,,8.73,8.73,0,0,0,0
aten::empty,,,2.48,12.79,0,0,0,0
empty_tensor,,,10.31,10.31,0,0,0,0
aclnnHcPost,,,10.39,10.39,7.3605,7.3605,0,0
aten::squeeze,,,4.59,7.69,0,0,0,0
aten::as_strided,,,3.1,3.1,0,0,0,0
_C_ascend::npu_hc_pre_v2,,,37.57,73.93,0,31.1005,0,0
aten::empty,,,1.76,8.63,0,0,0,0
empty_tensor,,,6.87,6.87,0,0,0,0
aten::empty,,,1.23,4.48,0,0,0,0
empty_tensor,,,3.25,3.25,0,0,0,0
aten::empty,,,1.17,4.17,0,0,0,0
empty_tensor,,,3.0,3.0,0,0,0,0
aten::empty,,,2.04,9.78,0,0,0,0
empty_tensor,,,7.74,7.74,0,0,0,0
aclnnHcPre,,,9.3,9.3,31.1005,31.1005,0,0
npu::npu_rms_norm,,,48.07,66.37,0,5.02,0,0
empty_tensor,,,5.86,5.86,0,0,0,0
empty_tensor,,,3.8,3.8,0,0,0,0
aclnnRmsNorm,,,8.64,8.64,5.02,5.02,0,0
aten::empty,,,6.45,12.91,0,0,0,0
empty_tensor,,,6.46,6.46,0,0,0,0
aten::alias,,,4.19,4.19,0,0,0,0
vllm::dsa_forward,,,2168.86,5005.4,0,607.7915,0,0
aten::empty,,,3.2,13.48,0,0,0,0
empty_tensor,,,10.28,10.28,0,0,0,0
c10d::_allgather_base_,,,54.65,83.35,0,11.04,0,0
record_event,,,14.48,14.48,0.36,0.36,0,0
wait_event,,,3.2,3.2,0.02,0.02,0,0
HcclAllgatherBase,,,3.06,5.14,0,10.62,0,0
HcclAllGather,,,2.08,2.08,10.62,10.62,0,0
record_event,,,3.42,3.42,0.02,0.02,0,0
record_event,,,2.46,2.46,0.02,0.02,0,0
npu::npu_dynamic_quant,,,29.15,46.65,0,3.9,0,0
empty_tensor,,,9.51,9.51,0,0,0,0
empty_tensor,,,4.51,4.51,0,0,0,0
aclnnDynamicQuantV2,,,3.48,3.48,3.9,3.9,0,0
npu::npu_quant_matmul,,,31.75,55.24,0,17.0405,0,0
empty_tensor,,,6.49,6.49,0,0,0,0
aten::empty,,,2.18,4.07,0,0,0,0
empty_tensor,,,1.89,1.89,0,0,0,0
aten::empty,,,0.9,2.45,0,0,0,0
empty_tensor,,,1.55,1.55,0,0,0,0
aclnnQuantMatmulWeightNz,,,10.48,10.48,17.0405,17.0405,0,0
_C_ascend::npu_rms_norm_dynamic_quant,,,46.3,99.95,0,7.02,0,0
aten::empty_like,,,5.22,15.65,0,0,0,0
aten::empty_strided,,,7.2,10.43,0,0,0,0
empty_tensor,,,3.23,3.23,0,0,0,0
aten::empty,,,1.43,4.87,0,0,0,0
empty_tensor,,,3.44,3.44,0,0,0,0
aten::empty,,,1.01,4.08,0,0,0,0
empty_tensor,,,3.07,3.07,0,0,0,0
aten::empty_like,,,1.91,7.26,0,0,0,0
aten::empty_strided,,,3.66,5.35,0,0,0,0
empty_tensor,,,1.69,1.69,0,0,0,0
aten::empty,,,2.3,10.43,0,0,0,0
empty_tensor,,,8.13,8.13,0,0,0,0
aclnnRmsNormDynamicQuant,,,11.36,11.36,7.02,7.02,0,0
npu::npu_quant_matmul,,,28.77,50.55,0,32.9005,0,0
empty_tensor,,,7.0,7.0,0,0,0,0
aten::empty,,,1.61,3.68,0,0,0,0
empty_tensor,,,2.07,2.07,0,0,0,0
aten::empty,,,0.91,2.45,0,0,0,0
empty_tensor,,,1.54,1.54,0,0,0,0
aclnnQuantMatmulWeightNz,,,8.65,8.65,32.9005,32.9005,0,0
aten::unflatten,,,5.84,10.92,0,0,0,0
aten::view,,,5.08,5.08,0,0,0,0
aten::view,,,2.92,2.92,0,0,0,0
aten::empty_like,,,4.45,15.39,0,0,0,0
aten::empty_strided,,,7.5,10.94,0,0,0,0
empty_tensor,,,3.44,3.44,0,0,0,0
triton_rms_kernel,,,14.66,14.66,13.0205,13.0205,0,0
aten::view,,,7.53,7.53,0,0,0,0
aten::unsqueeze,,,3.03,7.39,0,0,0,0
aten::as_strided,,,4.36,4.36,0,0,0,0
_C_ascend::inplace_partial_rotary_mul,,,42.64,83.17,0,5.1,0,0
aten::empty,,,3.46,26.65,0,0,0,0
empty_tensor,,,23.19,23.19,0,0,0,0
aclnnInplacePartialRotaryMul,,,13.88,13.88,5.1,5.1,0,0
wait_event,,,4.74,4.74,0.02,0.02,0,0
aten::slice,,,4.12,8.59,0,0,0,0
aten::as_strided,,,4.47,4.47,0,0,0,0
npu::npu_dynamic_quant,,,32.71,57.3,0,7.0205,0,0
empty_tensor,,,9.72,9.72,0,0,0,0
empty_tensor,,,4.43,4.43,0,0,0,0
aclnnDynamicQuantV2,,,10.44,10.44,7.0205,7.0205,0,0
npu::npu_quant_matmul,,,30.23,52.55,0,13.8805,0,0
empty_tensor,,,7.12,7.12,0,0,0,0
aten::empty,,,2.1,4.16,0,0,0,0
empty_tensor,,,2.06,2.06,0,0,0,0
aten::empty,,,0.99,2.86,0,0,0,0
empty_tensor,,,1.87,1.87,0,0,0,0
aclnnQuantMatmulWeightNz,,,8.18,8.18,13.8805,13.8805,0,0
npu::npu_rms_norm,,,54.12,72.65,0,10.14,0,0
empty_tensor,,,6.35,6.35,0,0,0,0
empty_tensor,,,3.13,3.13,0,0,0,0
aclnnRmsNorm,,,9.05,9.05,10.14,10.14,0,0
aten::view,,,5.29,5.29,0,0,0,0
aten::unsqueeze,,,2.85,6.51,0,0,0,0
aten::as_strided,,,3.66,3.66,0,0,0,0
aten::slice,,,3.08,5.4,0,0,0,0
aten::as_strided,,,2.32,2.32,0,0,0,0
aten::slice,,,1.11,2.85,0,0,0,0
aten::as_strided,,,1.74,1.74,0,0,0,0
_C_ascend::inplace_partial_rotary_mul,,,38.2,62.25,0,9.0,0,0
aten::empty,,,3.02,13.7,0,0,0,0
empty_tensor,,,10.68,10.68,0,0,0,0
aclnnInplacePartialRotaryMul,,,10.35,10.35,9.0,9.0,0,0
_C_ascend::npu_scatter_nd_update_sk,,,32.49,53.19,0,25.7,0,0
aten::empty,,,2.47,11.39,0,0,0,0
empty_tensor,,,8.92,8.92,0,0,0,0
aclnnScatterNdUpdateSk,,,9.31,9.31,25.7,25.7,0,0
aten::squeeze,,,8.84,14.51,0,0,0,0
aten::as_strided,,,5.67,5.67,0,0,0,0
aten::view,,,3.99,3.99,0,0,0,0
aten::view,,,2.29,2.29,0,0,0,0
_C_ascend::compressor,,,46.83,80.26,0,53.581,0,0
aten::empty,,,2.56,11.63,0,0,0,0
empty_tensor,,,9.07,9.07,0,0,0,0
aten::empty,,,2.57,11.17,0,0,0,0
empty_tensor,,,8.6,8.6,0,0,0,0
aclnnCompressor,,,10.63,10.63,53.581,53.581,0,0
aten::reshape,,,1.59,6.92,0,0,0,0
aten::view,,,5.33,5.33,0,0,0,0
aten::linear,,,3.89,50.1,0,5.92,0,0
aten::t,,,5.02,11.59,0,0,0,0
aten::transpose,,,2.75,6.57,0,0,0,0
aten::as_strided,,,3.82,3.82,0,0,0,0
aten::matmul,,,18.65,34.62,0,5.92,0,0
empty_tensor,,,7.07,7.07,0,0,0,0
aclnnMatmul,,,8.9,8.9,5.92,5.92,0,0
aten::mul,,,15.1,31.26,0,1.22,0,0
empty_tensor,,,5.15,5.15,0,0,0,0
aten::item,,,1.83,3.78,0,0,0,0
aten::_local_scalar_dense,,,1.95,1.95,0,0,0,0
aclnnMuls,,,7.23,7.23,1.22,1.22,0,0
aten::alias,,,2.61,2.61,0,0,0,0
aten::reshape,,,1.22,4.86,0,0,0,0
aten::view,,,3.64,3.64,0,0,0,0
npu::npu_dynamic_quant,,,23.81,45.98,0,2.74,0,0
empty_tensor,,,6.62,6.62,0,0,0,0
empty_tensor,,,3.94,3.94,0,0,0,0
aclnnDynamicQuantV2,,,11.61,11.61,2.74,2.74,0,0
aten::unsqueeze,,,2.99,6.66,0,0,0,0
aten::as_strided,,,3.67,3.67,0,0,0,0
_C_ascend::npu_scatter_nd_update_sk,,,34.66,55.76,0,19.0,0,0
aten::empty,,,3.05,11.42,0,0,0,0
empty_tensor,,,8.37,8.37,0,0,0,0
aclnnScatterNdUpdateSk,,,9.68,9.68,19.0,19.0,0,0
aten::to,,,1.79,39.18,0,1.1,0,0
aten::_to_copy,,,5.18,37.39,0,1.1,0,0
aten::empty_strided,,,7.66,11.18,0,0,0,0
empty_tensor,,,3.52,3.52,0,0,0,0
aten::copy_,,,13.88,21.03,0,1.1,0,0
aclnnInplaceCopy,,,7.15,7.15,1.1,1.1,0,0
aten::unsqueeze,,,2.74,6.57,0,0,0,0
aten::as_strided,,,3.83,3.83,0,0,0,0
_C_ascend::npu_scatter_nd_update_sk,,,30.31,50.3,0,18.1805,0,0
aten::empty,,,2.51,10.8,0,0,0,0
empty_tensor,,,8.29,8.29,0,0,0,0
aclnnScatterNdUpdateSk,,,9.19,9.19,18.1805,18.1805,0,0
npu::npu_quant_matmul,,,29.26,52.01,0,15.1205,0,0
empty_tensor,,,7.64,7.64,0,0,0,0
aten::empty,,,1.9,3.91,0,0,0,0
empty_tensor,,,2.01,2.01,0,0,0,0
aten::empty,,,1.04,2.59,0,0,0,0
empty_tensor,,,1.55,1.55,0,0,0,0
aclnnQuantMatmulWeightNz,,,8.61,8.61,15.1205,15.1205,0,0
aten::view,,,5.0,5.0,0,0,0,0
aten::unsqueeze,,,2.64,6.42,0,0,0,0
aten::as_strided,,,3.78,3.78,0,0,0,0
_C_ascend::inplace_partial_rotary_mul,,,38.71,60.58,0,5.42,0,0
aten::empty,,,2.87,12.38,0,0,0,0
empty_tensor,,,9.51,9.51,0,0,0,0
aclnnInplacePartialRotaryMul,,,9.49,9.49,5.42,5.42,0,0
aten::reshape,,,1.6,6.37,0,0,0,0
aten::view,,,4.77,4.77,0,0,0,0
aten::linear,,,3.89,47.76,0,6.04,0,0
aten::t,,,5.23,11.86,0,0,0,0
aten::transpose,,,2.62,6.63,0,0,0,0
aten::as_strided,,,4.01,4.01,0,0,0,0
aten::matmul,,,15.99,32.01,0,6.04,0,0
empty_tensor,,,6.42,6.42,0,0,0,0
aclnnMatmul,,,9.6,9.6,6.04,6.04,0,0
aten::mul,,,14.41,29.18,0,5.4,0,0
empty_tensor,,,5.12,5.12,0,0,0,0
aten::item,,,1.82,3.04,0,0,0,0
aten::_local_scalar_dense,,,1.22,1.22,0,0,0,0
aclnnMuls,,,6.61,6.61,5.4,5.4,0,0
aten::alias,,,2.33,2.33,0,0,0,0
aten::reshape,,,1.16,4.64,0,0,0,0
aten::view,,,3.48,3.48,0,0,0,0
vllm::unquantized_gemm,,,17.05,64.2,0,9.9005,0,0
aten::linear,,,3.53,47.15,0,9.9005,0,0
aten::t,,,4.27,11.3,0,0,0,0
aten::transpose,,,2.59,7.03,0,0,0,0
aten::as_strided,,,4.44,4.44,0,0,0,0
aten::matmul,,,14.92,32.32,0,9.9005,0,0
empty_tensor,,,7.78,7.78,0,0,0,0
aclnnMatmul,,,9.62,9.62,9.9005,9.9005,0,0
aten::mul,,,15.6,31.85,0,0.88,0,0
empty_tensor,,,6.51,6.51,0,0,0,0
aten::item,,,1.6,2.76,0,0,0,0
aten::_local_scalar_dense,,,1.16,1.16,0,0,0,0
aclnnMuls,,,6.98,6.98,0.88,0.88,0,0
npu::npu_dynamic_quant,,,23.32,42.58,0,6.6,0,0
empty_tensor,,,6.18,6.18,0,0,0,0
empty_tensor,,,4.18,4.18,0,0,0,0
aclnnDynamicQuantV2,,,8.9,8.9,6.6,6.6,0,0
aten::to,,,1.61,35.85,0,1.06,0,0
aten::_to_copy,,,5.43,34.24,0,1.06,0,0
aten::empty_strided,,,7.3,10.54,0,0,0,0
empty_tensor,,,3.24,3.24,0,0,0,0
aten::copy_,,,11.5,18.27,0,1.06,0,0
aclnnInplaceCopy,,,6.77,6.77,1.06,1.06,0,0
aten::to,,,1.04,29.25,0,1.26,0,0
aten::_to_copy,,,3.07,28.21,0,1.26,0,0
aten::empty_strided,,,5.71,9.34,0,0,0,0
empty_tensor,,,3.63,3.63,0,0,0,0
aten::copy_,,,9.14,15.8,0,1.26,0,0
aclnnInplaceCopy,,,6.66,6.66,1.26,1.26,0,0
aten::squeeze,,,7.08,11.89,0,0,0,0
aten::as_strided,,,4.81,4.81,0,0,0,0
aten::to,,,1.09,1.09,0,0,0,0
aten::slice,,,6.29,9.09,0,0,0,0
aten::as_strided,,,2.8,2.8,0,0,0,0
_C_ascend::npu_vllm_quant_lightning_indexer,,,51.97,86.0,0,77.2015,0,0
aten::empty,,,2.28,9.33,0,0,0,0
empty_tensor,,,7.05,7.05,0,0,0,0
aten::empty,,,1.21,3.08,0,0,0,0
empty_tensor,,,1.87,1.87,0,0,0,0
aten::empty,,,2.23,11.32,0,0,0,0
empty_tensor,,,9.09,9.09,0,0,0,0
aclnnVllmQuantLightningIndexer,,,10.3,10.3,77.2015,77.2015,0,0
aten::squeeze,,,7.08,12.39,0,0,0,0
aten::as_strided,,,5.31,5.31,0,0,0,0
aten::view,,,4.27,4.27,0,0,0,0
aten::view,,,2.19,2.19,0,0,0,0
_C_ascend::compressor,,,47.64,81.52,0,58.281,0,0
aten::empty,,,2.27,12.25,0,0,0,0
empty_tensor,,,9.98,9.98,0,0,0,0
aten::empty,,,2.05,10.68,0,0,0,0
empty_tensor,,,8.63,8.63,0,0,0,0
aclnnCompressor,,,10.95,10.95,58.281,58.281,0,0
_C_ascend::npu_scatter_nd_update_sk,,,32.8,54.76,0,18.6805,0,0
aten::empty,,,2.72,12.14,0,0,0,0
empty_tensor,,,9.42,9.42,0,0,0,0
aclnnScatterNdUpdateSk,,,9.82,9.82,18.6805,18.6805,0,0
_C_ascend::npu_sparse_attn_sharedkv,,,45.78,79.39,0,42.4405,0,0
aten::empty,,,2.26,9.68,0,0,0,0
empty_tensor,,,7.42,7.42,0,0,0,0
aten::empty,,,1.25,3.17,0,0,0,0
empty_tensor,,,1.92,1.92,0,0,0,0
aten::empty,,,1.95,10.38,0,0,0,0
empty_tensor,,,8.43,8.43,0,0,0,0
aclnnSparseAttnSharedkv,,,10.38,10.38,42.4405,42.4405,0,0
destroy_event,,,2.3,2.3,0,0,0,0
aten::unsqueeze,,,3.75,8.62,0,0,0,0
aten::as_strided,,,4.87,4.87,0,0,0,0
aten::neg,,,14.33,30.51,0,1.18,0,0
empty_tensor,,,7.07,7.07,0,0,0,0
aclnnNeg,,,9.11,9.11,1.18,1.18,0,0
_C_ascend::inplace_partial_rotary_mul,,,36.34,59.51,0,5.08,0,0
aten::empty,,,2.75,13.74,0,0,0,0
empty_tensor,,,10.99,10.99,0,0,0,0
aclnnInplacePartialRotaryMul,,,9.43,9.43,5.08,5.08,0,0
aten::view,,,5.66,5.66,0,0,0,0
aten::permute,,,3.04,7.74,0,0,0,0
aten::as_strided,,,4.7,4.7,0,0,0,0
aten::contiguous,,,2.34,40.01,0,12.3205,0,0
aten::clone,,,4.2,37.67,0,12.3205,0,0
empty_tensor,,,6.43,6.43,0,0,0,0
aten::copy_,,,19.23,27.04,0,12.3205,0,0
aclnnInplaceCopy,,,7.81,7.81,12.3205,12.3205,0,0
aten::view,,,3.71,3.71,0,0,0,0
aten::empty_like,,,4.82,14.23,0,0,0,0
aten::empty_strided,,,6.62,9.41,0,0,0,0
empty_tensor,,,2.79,2.79,0,0,0,0
c10d::alltoall_base_,,,56.78,84.27,0,14.200000000000001,0,0
record_event,,,11.22,11.22,0.2,0.2,0,0
wait_event,,,5.32,5.32,0.02,0.02,0,0
HcclAlltoAll,,,2.2,4.97,0,13.46,0,0
HcclAlltoAll,,,2.77,2.77,13.46,13.46,0,0
record_event,,,3.51,3.51,0.28,0.28,0,0
record_event,,,2.47,2.47,0.24,0.24,0,0
wait_event,,,2.98,2.98,0.02,0.02,0,0
destroy_event,,,1.72,1.72,0,0,0,0
aten::view,,,5.55,5.55,0,0,0,0
npu::npu_transpose_batchmatmul,,,30.3,53.52,0,35.3005,0,0
empty_tensor,,,13.29,13.29,0,0,0,0
aclnnTransposeBatchMatMul,,,9.93,9.93,35.3005,35.3005,0,0
aten::reshape,,,1.62,6.13,0,0,0,0
aten::view,,,4.51,4.51,0,0,0,0
vllm::matmul_and_reduce,,,145.2,460.27,0,33.162,0,0
vllm::unquantized_gemm,,,15.99,75.73,0,16.6405,0,0
aten::linear,,,4.49,59.74,0,16.6405,0,0
aten::t,,,5.74,15.01,0,0,0,0
aten::transpose,,,3.03,9.27,0,0,0,0
aten::as_strided,,,6.24,6.24,0,0,0,0
aten::matmul,,,19.12,40.24,0,16.6405,0,0
empty_tensor,,,10.24,10.24,0,0,0,0
aclnnMatmul,,,10.88,10.88,16.6405,16.6405,0,0
vllm::reduce_scatter,,,115.73,239.34,0,16.5215,0,0
aten::movedim,,,1.67,10.67,0,0,0,0
aten::movedim,,,2.48,9.0,0,0,0,0
aten::permute,,,2.67,6.52,0,0,0,0
aten::as_strided,,,3.85,3.85,0,0,0,0
aten::empty,,,2.7,12.44,0,0,0,0
empty_tensor,,,9.74,9.74,0,0,0,0
c10d::_reduce_scatter_base_,,,56.28,84.3,0,16.5015,0,0
record_event,,,12.18,12.18,0.02,0.02,0,0
wait_event,,,4.77,4.77,4.0605,4.0605,0,0
HcclReduceScatterBase,,,2.9,4.75,0,12.201,0,0
HcclReduceScatter,,,1.85,1.85,12.201,12.201,0,0
record_event,,,3.9,3.9,0.02,0.02,0,0
record_event,,,2.42,2.42,0.2,0.2,0,0
wait_event,,,2.99,2.99,0.02,0.02,0,0
destroy_event,,,1.8,1.8,0,0,0,0
aten::movedim,,,1.56,11.41,0,0,0,0
aten::movedim,,,2.45,9.85,0,0,0,0
aten::permute,,,2.9,7.4,0,0,0,0
aten::as_strided,,,4.5,4.5,0,0,0,0
aten::copy_,,,54.88,65.43,0,0.72,0,0
aclnnInplaceCopy,,,10.55,10.55,0.72,0.72,0,0
aten::unsqueeze,,,4.54,8.38,0,0,0,0
aten::as_strided,,,3.84,3.84,0,0,0,0
aten::unsqueeze,,,2.19,3.78,0,0,0,0
aten::as_strided,,,1.59,1.59,0,0,0,0
aten::unsqueeze,,,1.99,3.64,0,0,0,0
aten::as_strided,,,1.65,1.65,0,0,0,0
aten::detach,,,3.73,3.73,0,0,0,0
aten::reshape,,,4.25,7.94,0,0,0,0
aten::view,,,3.69,3.69,0,0,0,0
aten::unsqueeze,,,2.25,3.76,0,0,0,0
aten::as_strided,,,1.51,1.51,0,0,0,0
_C_ascend::npu_hc_post,,,47.05,85.17,0,8.7,0,0
aten::empty,,,2.93,13.82,0,0,0,0
empty_tensor,,,10.89,10.89,0,0,0,0
aten::empty,,,2.57,13.62,0,0,0,0
empty_tensor,,,11.05,11.05,0,0,0,0
aclnnHcPost,,,10.68,10.68,8.7,8.7,0,0
aten::squeeze,,,4.39,7.04,0,0,0,0
aten::as_strided,,,2.65,2.65,0,0,0,0
_C_ascend::npu_hc_pre_v2,,,38.45,75.85,0,34.4205,0,0
aten::empty,,,2.06,8.93,0,0,0,0
empty_tensor,,,6.87,6.87,0,0,0,0
aten::empty,,,1.08,4.4,0,0,0,0
empty_tensor,,,3.32,3.32,0,0,0,0
aten::empty,,,1.01,3.96,0,0,0,0
empty_tensor,,,2.95,2.95,0,0,0,0
aten::empty,,,1.91,10.16,0,0,0,0
empty_tensor,,,8.25,8.25,0,0,0,0
aclnnHcPre,,,9.95,9.95,34.4205,34.4205,0,0
npu::npu_rms_norm,,,49.2,68.12,0,4.74,0,0
empty_tensor,,,5.48,5.48,0,0,0,0
empty_tensor,,,3.63,3.63,0,0,0,0
aclnnRmsNorm,,,9.81,9.81,4.74,4.74,0,0
aten::reshape,,,4.87,8.98,0,0,0,0
aten::view,,,4.11,4.11,0,0,0,0
vllm::moe_forward_shared,,,1923.99,4761.64,0,374.229,0,0
aten::to,,,1.98,47.31,0,5.8805,0,0
aten::_to_copy,,,5.7,45.33,0,5.8805,0,0
aten::empty_strided,,,9.22,13.39,0,0,0,0
empty_tensor,,,4.17,4.17,0,0,0,0
aten::copy_,,,14.72,26.24,0,5.8805,0,0
aclnnInplaceCopy,,,11.52,11.52,5.8805,5.8805,0,0
Event::record,,,78.08,90.37,0,0.02,0,0
record_event,,,12.29,12.29,0.02,0.02,0,0
aten::linear,,,4.67,57.37,0,12.64,0,0
aten::t,,,5.59,14.25,0,0,0,0
aten::transpose,,,2.81,8.66,0,0,0,0
aten::as_strided,,,5.85,5.85,0,0,0,0
aten::matmul,,,18.93,38.45,0,12.64,0,0
empty_tensor,,,10.42,10.42,0,0,0,0
aclnnMatmul,,,9.1,9.1,12.64,12.64,0,0
Event::record,,,70.17,82.0,0,0.02,0,0
record_event,,,11.83,11.83,0.02,0.02,0,0
vllm::maybe_all_gather_and_maybe_unpad,,,44.83,305.39,0,16.6005,0,0
vllm::all_gather,,,129.41,260.56,0,16.6005,0,0
aten::empty,,,3.79,17.7,0,0,0,0
empty_tensor,,,13.91,13.91,0,0,0,0
c10d::_allgather_base_,,,54.48,81.11,0,16.5805,0,0
record_event,,,12.8,12.8,0.02,0.02,0,0
wait_event,,,3.27,3.27,5.9805,5.9805,0,0
HcclAllgatherBase,,,2.89,4.67,0,10.56,0,0
HcclAllGather,,,1.78,1.78,10.56,10.56,0,0
record_event,,,3.57,3.57,0.0,0.0,0,0
record_event,,,2.32,2.32,0.02,0.02,0,0
wait_event,,,3.04,3.04,0.02,0.02,0,0
destroy_event,,,1.58,1.58,0,0,0,0
aten::reshape,,,4.73,11.73,0,0,0,0
aten::view,,,7.0,7.0,0,0,0,0
aten::movedim,,,1.61,12.02,0,0,0,0
aten::movedim,,,2.66,10.41,0,0,0,0
aten::permute,,,3.68,7.75,0,0,0,0
aten::as_strided,,,4.07,4.07,0,0,0,0
aten::reshape,,,0.86,3.97,0,0,0,0
aten::view,,,3.11,3.11,0,0,0,0
vllm::maybe_all_gather_and_maybe_unpad,,,39.88,273.26,0,9.7205,0,0
vllm::all_gather,,,112.64,233.38,0,9.7205,0,0
aten::empty,,,3.02,15.49,0,0,0,0
empty_tensor,,,12.47,12.47,0,0,0,0
c10d::_allgather_base_,,,51.11,78.07,0,9.7205,0,0
record_event,,,12.97,12.97,0.02,0.02,0,0
wait_event,,,2.87,2.87,4.6405,4.6405,0,0
HcclAllgatherBase,,,3.03,5.09,0,5.02,0,0
HcclAllGather,,,2.06,2.06,5.02,5.02,0,0
record_event,,,3.29,3.29,0.02,0.02,0,0
record_event,,,2.74,2.74,0.02,0.02,0,0
wait_event,,,2.89,2.89,0.0,0.0,0,0
destroy_event,,,1.55,1.55,0,0,0,0
aten::reshape,,,1.56,7.18,0,0,0,0
aten::view,,,5.62,5.62,0,0,0,0
aten::movedim,,,1.54,10.75,0,0,0,0
aten::movedim,,,2.38,9.21,0,0,0,0
aten::permute,,,2.77,6.83,0,0,0,0
aten::as_strided,,,4.06,4.06,0,0,0,0
aten::reshape,,,0.84,4.81,0,0,0,0
aten::view,,,3.97,3.97,0,0,0,0
_C_ascend::moe_gating_top_k_hash,,,42.3,80.77,0,10.5005,0,0
aten::empty,,,3.0,15.97,0,0,0,0
empty_tensor,,,12.97,12.97,0,0,0,0
aten::empty,,,1.32,5.06,0,0,0,0
empty_tensor,,,3.74,3.74,0,0,0,0
aten::empty,,,1.18,5.07,0,0,0,0
empty_tensor,,,3.89,3.89,0,0,0,0
aclnnMoeGatingTopKHash,,,12.37,12.37,10.5005,10.5005,0,0
aten::to,,,1.8,51.13,0,0.9,0,0
aten::_to_copy,,,5.97,49.33,0,0.9,0,0
aten::empty_strided,,,8.77,13.92,0,0,0,0
empty_tensor,,,5.15,5.15,0,0,0,0
aten::copy_,,,17.18,29.44,0,0.9,0,0
aclnnInplaceCopy,,,12.26,12.26,0.9,0.9,0,0
aten::detach,,,4.51,4.51,0,0,0,0
aten::detach,,,1.29,1.29,0,0,0,0
Event::record,,,78.21,91.63,0,0.22,0,0
record_event,,,13.42,13.42,0.22,0.22,0,0
aten::index,,,31.92,55.12,0,19.28,0,0
empty_tensor,,,6.24,6.24,0,0,0,0
empty_tensor,,,7.72,7.72,0,0,0,0
aclnnIndex,,,9.24,9.24,19.28,19.28,0,0
aten::ne,,,11.09,23.47,0,1.3205,0,0
empty_tensor,,,5.64,5.64,0,0,0,0
aclnnNeScalar,,,6.74,6.74,1.3205,1.3205,0,0
aten::mul,,,15.42,26.37,0,2.3,0,0
empty_tensor,,,4.59,4.59,0,0,0,0
aclnnMul,,,6.36,6.36,2.3,2.3,0,0
npu::npu_moe_init_routing_v2,,,24.3,49.73,0,28.3405,0,0
empty_tensor,,,8.17,8.17,0,0,0,0
empty_tensor,,,3.1,3.1,0,0,0,0
empty_tensor,,,2.9,2.9,0,0,0,0
empty_tensor,,,4.27,4.27,0,0,0,0
aclnnMoeInitRoutingV3,,,6.99,6.99,28.3405,28.3405,0,0
aten::to,,,1.69,1.69,0,0,0,0
_C_ascend::grouped_matmul_swiglu_quant_v2,,,182.91,232.03,0,121.722,0,0
aten::empty,,,3.32,13.43,0,0,0,0
empty_tensor,,,10.11,10.11,0,0,0,0
aten::empty,,,1.25,4.55,0,0,0,0
empty_tensor,,,3.3,3.3,0,0,0,0
aten::empty,,,3.64,17.09,0,0,0,0
empty_tensor,,,13.45,13.45,0,0,0,0
aclnnGroupedMatmulSwigluQuantWeightNzV2,,,14.05,14.05,121.722,121.722,0,0
Event::record,,,78.12,91.32,0,0.02,0,0
record_event,,,13.2,13.2,0.02,0.02,0,0
npu::npu_grouped_matmul,,,40.57,67.47,0,70.4615,0,0
empty_tensor,,,14.86,14.86,0,0,0,0
npu::get_npu_format,,,1.76,1.76,0,0,0,0
aclnnGroupedMatmulWeightNz,,,10.28,10.28,70.4615,70.4615,0,0
Event::record,,,72.63,84.89,0,0.22,0,0
record_event,,,12.26,12.26,0.22,0.22,0,0
aten::abs,,,16.46,36.85,0,1.12,0,0
empty_tensor,,,11.16,11.16,0,0,0,0
aclnnAbs,,,9.23,9.23,1.12,1.12,0,0
npu::npu_moe_token_unpermute,,,70.44,87.33,0,13.0405,0,0
empty_tensor,,,8.05,8.05,0,0,0,0
aclnnMoeTokenUnpermute,,,8.84,8.84,13.0405,13.0405,0,0
vllm::maybe_pad_and_reduce,,,37.3,279.43,0,12.941,0,0
vllm::reduce_scatter,,,115.14,242.13,0,12.941,0,0
aten::movedim,,,1.65,13.09,0,0,0,0
aten::movedim,,,2.66,11.44,0,0,0,0
aten::permute,,,3.21,8.78,0,0,0,0
aten::as_strided,,,5.57,5.57,0,0,0,0
aten::empty,,,2.94,14.12,0,0,0,0
empty_tensor,,,11.18,11.18,0,0,0,0
c10d::_reduce_scatter_base_,,,54.37,83.28,0,12.161000000000001,0,0
record_event,,,13.29,13.29,0.02,0.02,0,0
wait_event,,,4.83,4.83,0.0,0.0,0,0
HcclReduceScatterBase,,,3.0,4.9,0,12.101,0,0
HcclReduceScatter,,,1.9,1.9,12.101,12.101,0,0
record_event,,,3.41,3.41,0.02,0.02,0,0
record_event,,,2.48,2.48,0.02,0.02,0,0
wait_event,,,2.94,2.94,0.78,0.78,0,0
destroy_event,,,1.77,1.77,0,0,0,0
aten::movedim,,,1.44,11.79,0,0,0,0
aten::movedim,,,2.29,10.35,0,0,0,0
aten::permute,,,2.94,8.06,0,0,0,0
aten::as_strided,,,5.12,5.12,0,0,0,0
Event::wait,,,63.96,77.39,0,0,0,0
wait_event,,,13.43,13.43,0,0,0,0
npu::npu_dynamic_quant,,,29.3,56.5,0,3.9,0,0
empty_tensor,,,13.11,13.11,0,0,0,0
empty_tensor,,,3.9,3.9,0,0,0,0
aclnnDynamicQuantV2,,,10.19,10.19,3.9,3.9,0,0
Event::wait,,,58.1,70.05,0,0.02,0,0
wait_event,,,11.95,11.95,0.02,0.02,0,0
npu::npu_quant_matmul,,,36.15,65.42,0,19.0005,0,0
empty_tensor,,,11.23,11.23,0,0,0,0
aten::empty,,,2.44,4.62,0,0,0,0
empty_tensor,,,2.18,2.18,0,0,0,0
aten::empty,,,1.11,2.73,0,0,0,0
empty_tensor,,,1.62,1.62,0,0,0,0
aclnnQuantMatmulWeightNz,,,10.69,10.69,19.0005,19.0005,0,0
Event::wait,,,54.72,66.82,0,0.02,0,0
wait_event,,,12.1,12.1,0.02,0.02,0,0
_C_ascend::npu_dequant_swiglu_quant,,,46.36,85.69,0,5.32,0,0
aten::empty,,,2.97,13.75,0,0,0,0
empty_tensor,,,10.78,10.78,0,0,0,0
aten::empty,,,1.3,4.97,0,0,0,0
empty_tensor,,,3.67,3.67,0,0,0,0
aten::empty,,,2.19,9.38,0,0,0,0
empty_tensor,,,7.19,7.19,0,0,0,0
aclnnDequantSwigluQuantV2,,,11.23,11.23,5.32,5.32,0,0
Event::wait,,,61.11,73.39,0,0.0,0,0
wait_event,,,12.28,12.28,0.0,0.0,0,0
npu::npu_quant_matmul,,,35.69,62.52,0,18.6605,0,0
empty_tensor,,,10.76,10.76,0,0,0,0
aten::empty,,,2.06,4.27,0,0,0,0
empty_tensor,,,2.21,2.21,0,0,0,0
aten::empty,,,0.99,2.56,0,0,0,0
empty_tensor,,,1.57,1.57,0,0,0,0
aclnnQuantMatmulWeightNz,,,9.24,9.24,18.6605,18.6605,0,0
Event::record,,,68.59,80.86,0,0.02,0,0
record_event,,,12.27,12.27,0.02,0.02,0,0
Event::wait,,,45.99,55.96,0,0.02,0,0
wait_event,,,9.97,9.97,0.02,0.02,0,0
destroy_event,,,6.64,6.64,0,0,0,0
destroy_event,,,6.5,6.5,0,0,0,0
destroy_event,,,1.69,1.69,0,0,0,0
destroy_event,,,1.31,1.31,0,0,0,0
destroy_event,,,4.41,4.41,0,0,0,0
destroy_event,,,1.77,1.77,0,0,0,0
aten::add,,,22.78,41.58,0,7.98,0,0
empty_tensor,,,10.96,10.96,0,0,0,0
aclnnAdd,,,7.84,7.84,7.98,7.98,0,0
vllm::maybe_all_reduce_tensor_model_parallel,,,24.42,24.42,0,0,0,0
aten::unsqueeze,,,4.75,8.65,0,0,0,0
aten::as_strided,,,3.9,3.9,0,0,0,0
aten::unsqueeze,,,2.17,4.03,0,0,0,0
aten::as_strided,,,1.86,1.86,0,0,0,0
aten::unsqueeze,,,1.88,3.38,0,0,0,0
aten::as_strided,,,1.5,1.5,0,0,0,0
aten::unsqueeze,,,1.92,3.45,0,0,0,0
aten::as_strided,,,1.53,1.53,0,0,0,0
_C_ascend::npu_hc_post,,,41.39,75.79,0,7.24,0,0
aten::empty,,,2.49,11.38,0,0,0,0
empty_tensor,,,8.89,8.89,0,0,0,0
aten::empty,,,2.4,12.78,0,0,0,0
empty_tensor,,,10.38,10.38,0,0,0,0
aclnnHcPost,,,10.24,10.24,7.24,7.24,0,0
aten::squeeze,,,4.36,7.1,0,0,0,0
aten::as_strided,,,2.74,2.74,0,0,0,0
_C_ascend::npu_hc_pre_v2,,,36.52,74.19,0,32.2805,0,0
aten::empty,,,2.26,9.24,0,0,0,0
empty_tensor,,,6.98,6.98,0,0,0,0
aten::empty,,,1.17,4.75,0,0,0,0
empty_tensor,,,3.58,3.58,0,0,0,0
aten::empty,,,1.11,4.2,0,0,0,0
empty_tensor,,,3.09,3.09,0,0,0,0
aten::empty,,,2.09,10.04,0,0,0,0
empty_tensor,,,7.95,7.95,0,0,0,0
aclnnHcPre,,,9.44,9.44,32.2805,32.2805,0,0
npu::npu_rms_norm,,,48.11,66.29,0,4.9605,0,0
empty_tensor,,,6.25,6.25,0,0,0,0
empty_tensor,,,3.61,3.61,0,0,0,0
aclnnRmsNorm,,,8.32,8.32,4.9605,4.9605,0,0
aten::empty,,,5.64,12.32,0,0,0,0
empty_tensor,,,6.68,6.68,0,0,0,0
aten::alias,,,4.03,4.03,0,0,0,0
vllm::dsa_forward,,,1483.3,3388.69,0,345.686,0,0
aten::empty,,,2.92,12.73,0,0,0,0
empty_tensor,,,9.81,9.81,0,0,0,0
c10d::_allgather_base_,,,56.03,84.34,0,10.78,0,0
record_event,,,14.1,14.1,0.02,0.02,0,0
wait_event,,,3.09,3.09,0.02,0.02,0,0
HcclAllgatherBase,,,3.02,5.06,0,10.36,0,0
HcclAllGather,,,2.04,2.04,10.36,10.36,0,0
record_event,,,3.85,3.85,0.0,0.0,0,0
record_event,,,2.21,2.21,0.38,0.38,0,0
npu::npu_dynamic_quant,,,29.62,48.11,0,4.0,0,0
empty_tensor,,,9.56,9.56,0,0,0,0
empty_tensor,,,5.57,5.57,0,0,0,0
aclnnDynamicQuantV2,,,3.36,3.36,4.0,4.0,0,0
npu::npu_quant_matmul,,,37.97,61.03,0,17.0205,0,0
empty_tensor,,,6.74,6.74,0,0,0,0
aten::empty,,,2.16,4.1,0,0,0,0
empty_tensor,,,1.94,1.94,0,0,0,0
aten::empty,,,0.89,2.32,0,0,0,0
empty_tensor,,,1.43,1.43,0,0,0,0
aclnnQuantMatmulWeightNz,,,9.9,9.9,17.0205,17.0205,0,0
_C_ascend::npu_rms_norm_dynamic_quant,,,46.68,99.65,0,7.28,0,0
aten::empty_like,,,5.39,16.74,0,0,0,0
aten::empty_strided,,,7.68,11.35,0,0,0,0
empty_tensor,,,3.67,3.67,0,0,0,0
aten::empty,,,1.42,4.85,0,0,0,0
empty_tensor,,,3.43,3.43,0,0,0,0
aten::empty,,,1.02,4.1,0,0,0,0
empty_tensor,,,3.08,3.08,0,0,0,0
aten::empty_like,,,1.89,7.19,0,0,0,0
aten::empty_strided,,,3.59,5.3,0,0,0,0
empty_tensor,,,1.71,1.71,0,0,0,0
aten::empty,,,2.11,9.64,0,0,0,0
empty_tensor,,,7.53,7.53,0,0,0,0
aclnnRmsNormDynamicQuant,,,10.45,10.45,7.28,7.28,0,0
npu::npu_quant_matmul,,,29.34,53.04,0,32.8805,0,0
empty_tensor,,,9.35,9.35,0,0,0,0
aten::empty,,,1.48,3.3,0,0,0,0
empty_tensor,,,1.82,1.82,0,0,0,0
aten::empty,,,0.94,2.43,0,0,0,0
empty_tensor,,,1.49,1.49,0,0,0,0
aclnnQuantMatmulWeightNz,,,8.62,8.62,32.8805,32.8805,0,0
aten::unflatten,,,5.64,11.11,0,0,0,0
aten::view,,,5.47,5.47,0,0,0,0
aten::view,,,2.73,2.73,0,0,0,0
aten::empty_like,,,4.23,14.42,0,0,0,0
aten::empty_strided,,,7.05,10.19,0,0,0,0
empty_tensor,,,3.14,3.14,0,0,0,0
triton_rms_kernel,,,14.71,14.71,13.54,13.54,0,0
aten::view,,,7.88,7.88,0,0,0,0
aten::unsqueeze,,,3.02,7.37,0,0,0,0
aten::as_strided,,,4.35,4.35,0,0,0,0
_C_ascend::inplace_partial_rotary_mul,,,42.19,71.04,0,5.08,0,0
aten::empty,,,3.4,17.64,0,0,0,0
empty_tensor,,,14.24,14.24,0,0,0,0
aclnnInplacePartialRotaryMul,,,11.21,11.21,5.08,5.08,0,0
wait_event,,,6.39,6.39,0.02,0.02,0,0
aten::slice,,,4.12,7.98,0,0,0,0
aten::as_strided,,,3.86,3.86,0,0,0,0
npu::npu_dynamic_quant,,,29.11,53.11,0,7.1,0,0
empty_tensor,,,9.84,9.84,0,0,0,0
empty_tensor,,,4.46,4.46,0,0,0,0
aclnnDynamicQuantV2,,,9.7,9.7,7.1,7.1,0,0
npu::npu_quant_matmul,,,29.95,52.8,0,13.8405,0,0
empty_tensor,,,7.46,7.46,0,0,0,0
aten::empty,,,2.19,4.17,0,0,0,0
empty_tensor,,,1.98,1.98,0,0,0,0
aten::empty,,,1.22,2.83,0,0,0,0
empty_tensor,,,1.61,1.61,0,0,0,0
aclnnQuantMatmulWeightNz,,,8.39,8.39,13.8405,13.8405,0,0
npu::npu_rms_norm,,,52.64,73.38,0,10.06,0,0
empty_tensor,,,6.64,6.64,0,0,0,0
empty_tensor,,,3.27,3.27,0,0,0,0
aclnnRmsNorm,,,10.83,10.83,10.06,10.06,0,0
aten::view,,,5.58,5.58,0,0,0,0
aten::unsqueeze,,,3.03,7.01,0,0,0,0
aten::as_strided,,,3.98,3.98,0,0,0,0
aten::slice,,,3.1,5.36,0,0,0,0
aten::as_strided,,,2.26,2.26,0,0,0,0
aten::slice,,,0.99,2.76,0,0,0,0
aten::as_strided,,,1.77,1.77,0,0,0,0
_C_ascend::inplace_partial_rotary_mul,,,37.73,62.58,0,9.78,0,0
aten::empty,,,3.11,13.61,0,0,0,0
empty_tensor,,,10.5,10.5,0,0,0,0
aclnnInplacePartialRotaryMul,,,11.24,11.24,9.78,9.78,0,0
_C_ascend::npu_scatter_nd_update_sk,,,32.98,53.86,0,26.721,0,0
aten::empty,,,2.3,11.72,0,0,0,0
empty_tensor,,,9.42,9.42,0,0,0,0
aclnnScatterNdUpdateSk,,,9.16,9.16,26.721,26.721,0,0
aten::squeeze,,,8.53,13.02,0,0,0,0
aten::as_strided,,,4.49,4.49,0,0,0,0
aten::view,,,4.06,4.06,0,0,0,0
aten::view,,,2.15,2.15,0,0,0,0
_C_ascend::compressor,,,48.02,80.92,0,40.721,0,0
aten::empty,,,2.56,10.62,0,0,0,0
empty_tensor,,,8.06,8.06,0,0,0,0
aten::empty,,,2.5,11.61,0,0,0,0
empty_tensor,,,9.11,9.11,0,0,0,0
aclnnCompressor,,,10.67,10.67,40.721,40.721,0,0
_C_ascend::npu_scatter_nd_update_sk,,,32.13,53.93,0,16.58,0,0
aten::empty,,,2.47,11.51,0,0,0,0
empty_tensor,,,9.04,9.04,0,0,0,0
aclnnScatterNdUpdateSk,,,10.29,10.29,16.58,16.58,0,0
_C_ascend::npu_sparse_attn_sharedkv,,,45.01,81.65,0,30.8605,0,0
aten::empty,,,2.1,13.18,0,0,0,0
empty_tensor,,,11.08,11.08,0,0,0,0
aten::empty,,,1.19,3.39,0,0,0,0
empty_tensor,,,2.2,2.2,0,0,0,0
aten::empty,,,2.01,9.62,0,0,0,0
empty_tensor,,,7.61,7.61,0,0,0,0
aclnnSparseAttnSharedkv,,,10.45,10.45,30.8605,30.8605,0,0
destroy_event,,,2.8,2.8,0,0,0,0
aten::unsqueeze,,,3.79,8.79,0,0,0,0
aten::as_strided,,,5.0,5.0,0,0,0,0
aten::neg,,,14.49,30.15,0,0.98,0,0
empty_tensor,,,6.77,6.77,0,0,0,0
aclnnNeg,,,8.89,8.89,0.98,0.98,0,0
_C_ascend::inplace_partial_rotary_mul,,,35.47,57.17,0,5.4405,0,0
aten::empty,,,2.6,12.47,0,0,0,0
empty_tensor,,,9.87,9.87,0,0,0,0
aclnnInplacePartialRotaryMul,,,9.23,9.23,5.4405,5.4405,0,0
aten::view,,,5.89,5.89,0,0,0,0
aten::permute,,,3.09,7.67,0,0,0,0
aten::as_strided,,,4.58,4.58,0,0,0,0
aten::contiguous,,,2.69,42.7,0,11.6005,0,0
aten::clone,,,4.78,40.01,0,11.6005,0,0
empty_tensor,,,7.19,7.19,0,0,0,0
aten::copy_,,,20.03,28.04,0,11.6005,0,0
aclnnInplaceCopy,,,8.01,8.01,11.6005,11.6005,0,0
aten::view,,,3.77,3.77,0,0,0,0
aten::empty_like,,,4.71,14.46,0,0,0,0
aten::empty_strided,,,6.79,9.75,0,0,0,0
empty_tensor,,,2.96,2.96,0,0,0,0
c10d::alltoall_base_,,,57.36,81.05,0,12.959999999999999,0,0
record_event,,,10.53,10.53,0.22,0.22,0,0
wait_event,,,3.45,3.45,0.0,0.0,0,0
HcclAlltoAll,,,2.22,3.75,0,12.7,0,0
HcclAlltoAll,,,1.53,1.53,12.7,12.7,0,0
record_event,,,3.44,3.44,0.02,0.02,0,0
record_event,,,2.52,2.52,0.02,0.02,0,0
wait_event,,,3.12,3.12,0.76,0.76,0,0
destroy_event,,,1.55,1.55,0,0,0,0
aten::view,,,6.73,6.73,0,0,0,0
npu::npu_transpose_batchmatmul,,,31.05,51.64,0,33.1405,0,0
empty_tensor,,,10.81,10.81,0,0,0,0
aclnnTransposeBatchMatMul,,,9.78,9.78,33.1405,33.1405,0,0
aten::reshape,,,1.53,6.38,0,0,0,0
aten::view,,,4.85,4.85,0,0,0,0
vllm::matmul_and_reduce,,,143.61,461.15,0,33.8205,0,0
vllm::unquantized_gemm,,,17.14,77.48,0,15.4205,0,0
aten::linear,,,4.65,60.34,0,15.4205,0,0
aten::t,,,5.8,15.33,0,0,0,0
aten::transpose,,,3.5,9.53,0,0,0,0
aten::as_strided,,,6.03,6.03,0,0,0,0
aten::matmul,,,19.6,40.36,0,15.4205,0,0
empty_tensor,,,10.42,10.42,0,0,0,0
aclnnMatmul,,,10.34,10.34,15.4205,15.4205,0,0
vllm::reduce_scatter,,,117.42,240.06,0,18.4,0,0
aten::movedim,,,1.58,10.9,0,0,0,0
aten::movedim,,,2.72,9.32,0,0,0,0
aten::permute,,,2.76,6.6,0,0,0,0
aten::as_strided,,,3.84,3.84,0,0,0,0
aten::empty,,,2.59,12.47,0,0,0,0
empty_tensor,,,9.88,9.88,0,0,0,0
c10d::_reduce_scatter_base_,,,54.58,83.16,0,18.38,0,0
record_event,,,12.69,12.69,0.02,0.02,0,0
wait_event,,,4.81,4.81,5.96,5.96,0,0
HcclReduceScatterBase,,,3.15,5.01,0,12.16,0,0
HcclReduceScatter,,,1.86,1.86,12.16,12.16,0,0
record_event,,,3.79,3.79,0.22,0.22,0,0
record_event,,,2.28,2.28,0.02,0.02,0,0
wait_event,,,3.12,3.12,0.02,0.02,0,0
destroy_event,,,1.73,1.73,0,0,0,0
aten::movedim,,,1.38,11.26,0,0,0,0
aten::movedim,,,2.39,9.88,0,0,0,0
aten::permute,,,2.94,7.49,0,0,0,0
aten::as_strided,,,4.55,4.55,0,0,0,0
aten::copy_,,,55.2,65.67,0,0.72,0,0
aclnnInplaceCopy,,,10.47,10.47,0.72,0.72,0,0
aten::unsqueeze,,,4.59,8.33,0,0,0,0
aten::as_strided,,,3.74,3.74,0,0,0,0
aten::unsqueeze,,,2.27,3.88,0,0,0,0
aten::as_strided,,,1.61,1.61,0,0,0,0
aten::unsqueeze,,,1.99,3.67,0,0,0,0
aten::as_strided,,,1.68,1.68,0,0,0,0
aten::detach,,,3.4,3.4,0,0,0,0
aten::reshape,,,4.15,7.78,0,0,0,0
aten::view,,,3.63,3.63,0,0,0,0
aten::unsqueeze,,,2.3,3.95,0,0,0,0
aten::as_strided,,,1.65,1.65,0,0,0,0
_C_ascend::npu_hc_post,,,38.61,75.44,0,7.66,0,0
aten::empty,,,2.66,13.4,0,0,0,0
empty_tensor,,,10.74,10.74,0,0,0,0
aten::empty,,,2.25,12.54,0,0,0,0
empty_tensor,,,10.29,10.29,0,0,0,0
aclnnHcPost,,,10.89,10.89,7.66,7.66,0,0
aten::squeeze,,,4.7,7.41,0,0,0,0
aten::as_strided,,,2.71,2.71,0,0,0,0
_C_ascend::npu_hc_pre_v2,,,38.18,75.42,0,35.481,0,0
aten::empty,,,2.05,8.67,0,0,0,0
empty_tensor,,,6.62,6.62,0,0,0,0
aten::empty,,,1.29,5.71,0,0,0,0
empty_tensor,,,4.42,4.42,0,0,0,0
aten::empty,,,1.18,4.43,0,0,0,0
empty_tensor,,,3.25,3.25,0,0,0,0
aten::empty,,,1.87,9.22,0,0,0,0
empty_tensor,,,7.35,7.35,0,0,0,0
aclnnHcPre,,,9.21,9.21,35.481,35.481,0,0
npu::npu_rms_norm,,,48.07,66.0,0,4.8005,0,0
empty_tensor,,,5.55,5.55,0,0,0,0
empty_tensor,,,3.51,3.51,0,0,0,0
aclnnRmsNorm,,,8.87,8.87,4.8005,4.8005,0,0
aten::reshape,,,4.46,8.83,0,0,0,0
aten::view,,,4.37,4.37,0,0,0,0
vllm::moe_forward_shared,,,1903.96,4745.73,0,409.307,0,0
aten::to,,,3.52,47.47,0,5.92,0,0
aten::_to_copy,,,5.31,43.95,0,5.92,0,0
aten::empty_strided,,,9.74,14.14,0,0,0,0
empty_tensor,,,4.4,4.4,0,0,0,0
aten::copy_,,,14.88,24.5,0,5.92,0,0
aclnnInplaceCopy,,,9.62,9.62,5.92,5.92,0,0
Event::record,,,77.43,89.88,0,0.24,0,0
record_event,,,12.45,12.45,0.24,0.24,0,0
aten::linear,,,4.42,57.7,0,12.2605,0,0
aten::t,,,5.7,14.45,0,0,0,0
aten::transpose,,,2.86,8.75,0,0,0,0
aten::as_strided,,,5.89,5.89,0,0,0,0
aten::matmul,,,19.07,38.83,0,12.2605,0,0
empty_tensor,,,10.78,10.78,0,0,0,0
aclnnMatmul,,,8.98,8.98,12.2605,12.2605,0,0
Event::record,,,69.21,81.24,0,0.22,0,0
record_event,,,12.03,12.03,0.22,0.22,0,0
vllm::maybe_all_gather_and_maybe_unpad,,,44.97,306.38,0,11.059999999999999,0,0
vllm::all_gather,,,128.16,261.41,0,11.059999999999999,0,0
aten::empty,,,3.84,17.8,0,0,0,0
empty_tensor,,,13.96,13.96,0,0,0,0
c10d::_allgather_base_,,,59.28,86.38,0,11.04,0,0
record_event,,,12.64,12.64,0.02,0.02,0,0
wait_event,,,3.1,3.1,0.0,0.0,0,0
HcclAllgatherBase,,,3.34,5.13,0,10.62,0,0
HcclAllGather,,,1.79,1.79,10.62,10.62,0,0
record_event,,,3.6,3.6,0.2,0.2,0,0
record_event,,,2.63,2.63,0.2,0.2,0,0
wait_event,,,3.17,3.17,0.02,0.02,0,0
destroy_event,,,2.56,2.56,0,0,0,0
aten::reshape,,,1.82,8.13,0,0,0,0
aten::view,,,6.31,6.31,0,0,0,0
aten::movedim,,,1.52,11.12,0,0,0,0
aten::movedim,,,2.55,9.6,0,0,0,0
aten::permute,,,2.9,7.05,0,0,0,0
aten::as_strided,,,4.15,4.15,0,0,0,0
aten::reshape,,,0.93,4.09,0,0,0,0
aten::view,,,3.16,3.16,0,0,0,0
vllm::maybe_all_gather_and_maybe_unpad,,,38.98,274.71,0,9.319999999999999,0,0
vllm::all_gather,,,114.39,235.73,0,9.319999999999999,0,0
aten::empty,,,2.84,15.15,0,0,0,0
empty_tensor,,,12.31,12.31,0,0,0,0
c10d::_allgather_base_,,,51.95,78.69,0,9.319999999999999,0,0
record_event,,,12.95,12.95,0.02,0.02,0,0
wait_event,,,3.11,3.11,4.14,4.14,0,0
HcclAllgatherBase,,,3.19,4.91,0,5.14,0,0
HcclAllGather,,,1.72,1.72,5.14,5.14,0,0
record_event,,,3.43,3.43,0.02,0.02,0,0
record_event,,,2.34,2.34,0.0,0.0,0,0
wait_event,,,3.11,3.11,0.0,0.0,0,0
destroy_event,,,3.15,3.15,0,0,0,0
aten::reshape,,,1.56,6.86,0,0,0,0
aten::view,,,5.3,5.3,0,0,0,0
aten::movedim,,,1.51,10.72,0,0,0,0
aten::movedim,,,2.55,9.21,0,0,0,0
aten::permute,,,2.87,6.66,0,0,0,0
aten::as_strided,,,3.79,3.79,0,0,0,0
aten::reshape,,,0.78,3.66,0,0,0,0
aten::view,,,2.88,2.88,0,0,0,0
_C_ascend::moe_gating_top_k_hash,,,43.03,81.32,0,11.92,0,0
aten::empty,,,3.11,16.34,0,0,0,0
empty_tensor,,,13.23,13.23,0,0,0,0
aten::empty,,,1.21,5.33,0,0,0,0
empty_tensor,,,4.12,4.12,0,0,0,0
aten::empty,,,1.16,4.68,0,0,0,0
empty_tensor,,,3.52,3.52,0,0,0,0
aclnnMoeGatingTopKHash,,,11.94,11.94,11.92,11.92,0,0
aten::to,,,1.85,46.77,0,0.9,0,0
aten::_to_copy,,,5.48,44.92,0,0.9,0,0
aten::empty_strided,,,8.57,13.93,0,0,0,0
empty_tensor,,,5.36,5.36,0,0,0,0
aten::copy_,,,16.57,25.51,0,0.9,0,0
aclnnInplaceCopy,,,8.94,8.94,0.9,0.9,0,0
aten::detach,,,4.32,4.32,0,0,0,0
aten::detach,,,1.19,1.19,0,0,0,0
Event::record,,,78.33,91.99,0,0.22,0,0
record_event,,,13.66,13.66,0.22,0.22,0,0
aten::index,,,32.03,55.45,0,18.38,0,0
empty_tensor,,,6.46,6.46,0,0,0,0
empty_tensor,,,7.16,7.16,0,0,0,0
aclnnIndex,,,9.8,9.8,18.38,18.38,0,0
aten::ne,,,10.61,22.93,0,1.76,0,0
empty_tensor,,,5.85,5.85,0,0,0,0
aclnnNeScalar,,,6.47,6.47,1.76,1.76,0,0
aten::mul,,,14.8,25.62,0,2.08,0,0
empty_tensor,,,4.58,4.58,0,0,0,0
aclnnMul,,,6.24,6.24,2.08,2.08,0,0
npu::npu_moe_init_routing_v2,,,25.66,53.02,0,28.4205,0,0
empty_tensor,,,9.28,9.28,0,0,0,0
empty_tensor,,,3.31,3.31,0,0,0,0
empty_tensor,,,4.72,4.72,0,0,0,0
empty_tensor,,,2.87,2.87,0,0,0,0
aclnnMoeInitRoutingV3,,,7.18,7.18,28.4205,28.4205,0,0
aten::to,,,1.7,1.7,0,0,0,0
_C_ascend::grouped_matmul_swiglu_quant_v2,,,182.89,231.7,0,147.483,0,0
aten::empty,,,3.1,13.34,0,0,0,0
empty_tensor,,,10.24,10.24,0,0,0,0
aten::empty,,,1.22,4.73,0,0,0,0
empty_tensor,,,3.51,3.51,0,0,0,0
aten::empty,,,3.6,16.71,0,0,0,0
empty_tensor,,,13.11,13.11,0,0,0,0
aclnnGroupedMatmulSwigluQuantWeightNzV2,,,14.03,14.03,147.483,147.483,0,0
Event::record,,,79.27,92.33,0,0.02,0,0
record_event,,,13.06,13.06,0.02,0.02,0,0
npu::npu_grouped_matmul,,,50.81,77.61,0,82.1015,0,0
empty_tensor,,,15.45,15.45,0,0,0,0
npu::get_npu_format,,,1.8,1.8,0,0,0,0
aclnnGroupedMatmulWeightNz,,,9.55,9.55,82.1015,82.1015,0,0
Event::record,,,73.7,87.12,0,0.02,0,0
record_event,,,13.42,13.42,0.02,0.02,0,0
aten::abs,,,15.42,35.62,0,1.2,0,0
empty_tensor,,,10.63,10.63,0,0,0,0
aclnnAbs,,,9.57,9.57,1.2,1.2,0,0
npu::npu_moe_token_unpermute,,,68.67,85.59,0,13.3805,0,0
empty_tensor,,,7.83,7.83,0,0,0,0
aclnnMoeTokenUnpermute,,,9.09,9.09,13.3805,13.3805,0,0
vllm::maybe_pad_and_reduce,,,36.43,277.63,0,12.52,0,0
vllm::reduce_scatter,,,114.56,241.2,0,12.52,0,0
aten::movedim,,,1.64,12.97,0,0,0,0
aten::movedim,,,2.63,11.33,0,0,0,0
aten::permute,,,3.15,8.7,0,0,0,0
aten::as_strided,,,5.55,5.55,0,0,0,0
aten::empty,,,2.93,13.45,0,0,0,0
empty_tensor,,,10.52,10.52,0,0,0,0
c10d::_reduce_scatter_base_,,,55.87,83.56,0,12.5,0,0
record_event,,,12.67,12.67,0.02,0.02,0,0
wait_event,,,4.12,4.12,0.02,0.02,0,0
HcclReduceScatterBase,,,2.97,4.91,0,12.0,0,0
HcclReduceScatter,,,1.94,1.94,12.0,12.0,0,0
record_event,,,3.68,3.68,0.22,0.22,0,0
record_event,,,2.31,2.31,0.24,0.24,0,0
wait_event,,,3.3,3.3,0.02,0.02,0,0
destroy_event,,,1.67,1.67,0,0,0,0
aten::movedim,,,1.47,11.69,0,0,0,0
aten::movedim,,,2.46,10.22,0,0,0,0
aten::permute,,,2.79,7.76,0,0,0,0
aten::as_strided,,,4.97,4.97,0,0,0,0
Event::wait,,,64.79,78.43,0,0,0,0
wait_event,,,13.64,13.64,0,0,0,0
npu::npu_dynamic_quant,,,29.13,56.75,0,4.38,0,0
empty_tensor,,,12.76,12.76,0,0,0,0
empty_tensor,,,4.21,4.21,0,0,0,0
aclnnDynamicQuantV2,,,10.65,10.65,4.38,4.38,0,0
Event::wait,,,57.66,68.77,0,0,0,0
wait_event,,,11.11,11.11,0,0,0,0
npu::npu_quant_matmul,,,34.23,62.06,0,21.0005,0,0
empty_tensor,,,11.36,11.36,0,0,0,0
aten::empty,,,2.39,4.6,0,0,0,0
empty_tensor,,,2.21,2.21,0,0,0,0
aten::empty,,,0.96,2.56,0,0,0,0
empty_tensor,,,1.6,1.6,0,0,0,0
aclnnQuantMatmulWeightNz,,,9.31,9.31,21.0005,21.0005,0,0
Event::wait,,,57.46,67.98,0,0.2,0,0
wait_event,,,10.52,10.52,0.2,0.2,0,0
_C_ascend::npu_dequant_swiglu_quant,,,46.85,86.35,0,4.98,0,0
aten::empty,,,3.16,13.99,0,0,0,0
empty_tensor,,,10.83,10.83,0,0,0,0
aten::empty,,,1.29,4.99,0,0,0,0
empty_tensor,,,3.7,3.7,0,0,0,0
aten::empty,,,2.18,9.23,0,0,0,0
empty_tensor,,,7.05,7.05,0,0,0,0
aclnnDequantSwigluQuantV2,,,11.29,11.29,4.98,4.98,0,0
Event::wait,,,60.34,72.5,0,0.22,0,0
wait_event,,,12.16,12.16,0.22,0.22,0,0
npu::npu_quant_matmul,,,36.56,64.12,0,18.8805,0,0
empty_tensor,,,10.56,10.56,0,0,0,0
aten::empty,,,2.38,4.71,0,0,0,0
empty_tensor,,,2.33,2.33,0,0,0,0
aten::empty,,,1.07,2.86,0,0,0,0
empty_tensor,,,1.79,1.79,0,0,0,0
aclnnQuantMatmulWeightNz,,,9.43,9.43,18.8805,18.8805,0,0
Event::record,,,69.06,80.99,0,0.2,0,0
record_event,,,11.93,11.93,0.2,0.2,0,0
Event::wait,,,45.55,55.26,0,0.02,0,0
wait_event,,,9.71,9.71,0.02,0.02,0,0
destroy_event,,,6.3,6.3,0,0,0,0
destroy_event,,,6.29,6.29,0,0,0,0
destroy_event,,,2.18,2.18,0,0,0,0
destroy_event,,,1.48,1.48,0,0,0,0
destroy_event,,,1.27,1.27,0,0,0,0
destroy_event,,,1.75,1.75,0,0,0,0
aten::add,,,22.18,41.59,0,7.5,0,0
empty_tensor,,,11.74,11.74,0,0,0,0
aclnnAdd,,,7.67,7.67,7.5,7.5,0,0
vllm::maybe_all_reduce_tensor_model_parallel,,,24.58,24.58,0,0,0,0
aten::unsqueeze,,,5.03,9.22,0,0,0,0
aten::as_strided,,,4.19,4.19,0,0,0,0
aten::unsqueeze,,,2.41,4.43,0,0,0,0
aten::as_strided,,,2.02,2.02,0,0,0,0
aten::unsqueeze,,,1.93,3.48,0,0,0,0
aten::as_strided,,,1.55,1.55,0,0,0,0
aten::unsqueeze,,,1.82,3.2,0,0,0,0
aten::as_strided,,,1.38,1.38,0,0,0,0
_C_ascend::npu_hc_post,,,40.63,75.03,0,7.3,0,0
aten::empty,,,2.44,11.56,0,0,0,0
empty_tensor,,,9.12,9.12,0,0,0,0
aten::empty,,,2.37,12.69,0,0,0,0
empty_tensor,,,10.32,10.32,0,0,0,0
aclnnHcPost,,,10.15,10.15,7.3,7.3,0,0
aten::squeeze,,,4.55,7.53,0,0,0,0
aten::as_strided,,,2.98,2.98,0,0,0,0
_C_ascend::npu_hc_pre_v2,,,37.32,76.95,0,30.9805,0,0
aten::empty,,,1.81,11.65,0,0,0,0
empty_tensor,,,9.84,9.84,0,0,0,0
aten::empty,,,1.26,4.72,0,0,0,0
empty_tensor,,,3.46,3.46,0,0,0,0
aten::empty,,,1.11,4.23,0,0,0,0
empty_tensor,,,3.12,3.12,0,0,0,0
aten::empty,,,1.79,9.5,0,0,0,0
empty_tensor,,,7.71,7.71,0,0,0,0
aclnnHcPre,,,9.53,9.53,30.9805,30.9805,0,0
npu::npu_rms_norm,,,48.67,66.5,0,4.7805,0,0
empty_tensor,,,5.92,5.92,0,0,0,0
empty_tensor,,,3.56,3.56,0,0,0,0
aclnnRmsNorm,,,8.35,8.35,4.7805,4.7805,0,0
aten::empty,,,5.56,12.68,0,0,0,0
empty_tensor,,,7.12,7.12,0,0,0,0
aten::alias,,,3.99,3.99,0,0,0,0
vllm::dsa_forward,,,2172.43,5008.77,0,619.5525,0,0
aten::empty,,,3.15,13.15,0,0,0,0
empty_tensor,,,10.0,10.0,0,0,0,0
c10d::_allgather_base_,,,55.0,86.36,0,10.56,0,0
record_event,,,14.18,14.18,0.2,0.2,0,0
wait_event,,,3.16,3.16,0.0,0.0,0,0
HcclAllgatherBase,,,3.11,7.45,0,10.32,0,0
HcclAllGather,,,4.34,4.34,10.32,10.32,0,0
record_event,,,3.82,3.82,0.02,0.02,0,0
record_event,,,2.75,2.75,0.02,0.02,0,0
npu::npu_dynamic_quant,,,29.68,51.66,0,3.88,0,0
empty_tensor,,,9.83,9.83,0,0,0,0
empty_tensor,,,4.39,4.39,0,0,0,0
aclnnDynamicQuantV2,,,7.76,7.76,3.88,3.88,0,0
npu::npu_quant_matmul,,,31.64,54.12,0,16.2805,0,0
empty_tensor,,,6.97,6.97,0,0,0,0
aten::empty,,,2.15,4.22,0,0,0,0
empty_tensor,,,2.07,2.07,0,0,0,0
aten::empty,,,0.92,2.51,0,0,0,0
empty_tensor,,,1.59,1.59,0,0,0,0
aclnnQuantMatmulWeightNz,,,8.78,8.78,16.2805,16.2805,0,0
_C_ascend::npu_rms_norm_dynamic_quant,,,45.18,99.23,0,6.96,0,0
aten::empty_like,,,5.37,16.15,0,0,0,0
aten::empty_strided,,,7.51,10.78,0,0,0,0
empty_tensor,,,3.27,3.27,0,0,0,0
aten::empty,,,1.45,5.05,0,0,0,0
empty_tensor,,,3.6,3.6,0,0,0,0
aten::empty,,,1.1,4.28,0,0,0,0
empty_tensor,,,3.18,3.18,0,0,0,0
aten::empty_like,,,1.93,7.23,0,0,0,0
aten::empty_strided,,,3.55,5.3,0,0,0,0
empty_tensor,,,1.75,1.75,0,0,0,0
aten::empty,,,2.1,10.78,0,0,0,0
empty_tensor,,,8.68,8.68,0,0,0,0
aclnnRmsNormDynamicQuant,,,10.56,10.56,6.96,6.96,0,0
npu::npu_quant_matmul,,,29.71,51.62,0,34.6805,0,0
empty_tensor,,,6.85,6.85,0,0,0,0
aten::empty,,,1.85,3.98,0,0,0,0
empty_tensor,,,2.13,2.13,0,0,0,0
aten::empty,,,1.06,2.66,0,0,0,0
empty_tensor,,,1.6,1.6,0,0,0,0
aclnnQuantMatmulWeightNz,,,8.42,8.42,34.6805,34.6805,0,0
aten::unflatten,,,5.59,11.06,0,0,0,0
aten::view,,,5.47,5.47,0,0,0,0
aten::view,,,2.78,2.78,0,0,0,0
aten::empty_like,,,4.21,14.26,0,0,0,0
aten::empty_strided,,,6.82,10.05,0,0,0,0
empty_tensor,,,3.23,3.23,0,0,0,0
triton_rms_kernel,,,17.36,17.36,13.4805,13.4805,0,0
aten::view,,,7.3,7.3,0,0,0,0
aten::unsqueeze,,,3.12,7.35,0,0,0,0
aten::as_strided,,,4.23,4.23,0,0,0,0
_C_ascend::inplace_partial_rotary_mul,,,41.38,70.07,0,5.44,0,0
aten::empty,,,3.37,17.89,0,0,0,0
empty_tensor,,,14.52,14.52,0,0,0,0
aclnnInplacePartialRotaryMul,,,10.8,10.8,5.44,5.44,0,0
wait_event,,,4.66,4.66,0.02,0.02,0,0
aten::slice,,,4.33,8.28,0,0,0,0
aten::as_strided,,,3.95,3.95,0,0,0,0
npu::npu_dynamic_quant,,,29.17,61.62,0,7.0805,0,0
empty_tensor,,,18.14,18.14,0,0,0,0
empty_tensor,,,4.8,4.8,0,0,0,0
aclnnDynamicQuantV2,,,9.51,9.51,7.0805,7.0805,0,0
npu::npu_quant_matmul,,,30.47,53.67,0,14.3805,0,0
empty_tensor,,,7.32,7.32,0,0,0,0
aten::empty,,,1.94,3.97,0,0,0,0
empty_tensor,,,2.03,2.03,0,0,0,0
aten::empty,,,0.96,2.45,0,0,0,0
empty_tensor,,,1.49,1.49,0,0,0,0
aclnnQuantMatmulWeightNz,,,9.46,9.46,14.3805,14.3805,0,0
npu::npu_rms_norm,,,54.33,73.85,0,10.12,0,0
empty_tensor,,,6.36,6.36,0,0,0,0
empty_tensor,,,3.4,3.4,0,0,0,0
aclnnRmsNorm,,,9.76,9.76,10.12,10.12,0,0
aten::view,,,5.54,5.54,0,0,0,0
aten::unsqueeze,,,2.86,6.7,0,0,0,0
aten::as_strided,,,3.84,3.84,0,0,0,0
aten::slice,,,3.05,5.35,0,0,0,0
aten::as_strided,,,2.3,2.3,0,0,0,0
aten::slice,,,1.06,2.78,0,0,0,0
aten::as_strided,,,1.72,1.72,0,0,0,0
_C_ascend::inplace_partial_rotary_mul,,,37.62,62.47,0,10.2205,0,0
aten::empty,,,3.29,13.54,0,0,0,0
empty_tensor,,,10.25,10.25,0,0,0,0
aclnnInplacePartialRotaryMul,,,11.31,11.31,10.2205,10.2205,0,0
_C_ascend::npu_scatter_nd_update_sk,,,31.55,54.13,0,28.5005,0,0
aten::empty,,,2.54,11.93,0,0,0,0
empty_tensor,,,9.39,9.39,0,0,0,0
aclnnScatterNdUpdateSk,,,10.65,10.65,28.5005,28.5005,0,0
aten::squeeze,,,8.66,14.54,0,0,0,0
aten::as_strided,,,5.88,5.88,0,0,0,0
aten::view,,,4.55,4.55,0,0,0,0
aten::view,,,2.4,2.4,0,0,0,0
_C_ascend::compressor,,,48.39,81.95,0,56.281,0,0
aten::empty,,,2.47,11.48,0,0,0,0
empty_tensor,,,9.01,9.01,0,0,0,0
aten::empty,,,2.49,11.5,0,0,0,0
empty_tensor,,,9.01,9.01,0,0,0,0
aclnnCompressor,,,10.58,10.58,56.281,56.281,0,0
aten::reshape,,,1.79,6.87,0,0,0,0
aten::view,,,5.08,5.08,0,0,0,0
aten::linear,,,3.83,50.35,0,6.8,0,0
aten::t,,,5.12,11.55,0,0,0,0
aten::transpose,,,2.77,6.43,0,0,0,0
aten::as_strided,,,3.66,3.66,0,0,0,0
aten::matmul,,,18.59,34.97,0,6.8,0,0
empty_tensor,,,6.97,6.97,0,0,0,0
aclnnMatmul,,,9.41,9.41,6.8,6.8,0,0
aten::mul,,,14.62,30.87,0,1.06,0,0
empty_tensor,,,5.32,5.32,0,0,0,0
aten::item,,,2.17,4.03,0,0,0,0
aten::_local_scalar_dense,,,1.86,1.86,0,0,0,0
aclnnMuls,,,6.9,6.9,1.06,1.06,0,0
aten::alias,,,3.03,3.03,0,0,0,0
aten::reshape,,,1.3,5.19,0,0,0,0
aten::view,,,3.89,3.89,0,0,0,0
npu::npu_dynamic_quant,,,23.95,42.12,0,3.16,0,0
empty_tensor,,,6.31,6.31,0,0,0,0
empty_tensor,,,3.88,3.88,0,0,0,0
aclnnDynamicQuantV2,,,7.98,7.98,3.16,3.16,0,0
aten::unsqueeze,,,3.02,6.95,0,0,0,0
aten::as_strided,,,3.93,3.93,0,0,0,0
_C_ascend::npu_scatter_nd_update_sk,,,34.66,55.62,0,18.1805,0,0
aten::empty,,,2.88,11.22,0,0,0,0
empty_tensor,,,8.34,8.34,0,0,0,0
aclnnScatterNdUpdateSk,,,9.74,9.74,18.1805,18.1805,0,0
aten::to,,,1.74,38.52,0,0.92,0,0
aten::_to_copy,,,5.03,36.78,0,0.92,0,0
aten::empty_strided,,,7.38,10.86,0,0,0,0
empty_tensor,,,3.48,3.48,0,0,0,0
aten::copy_,,,13.37,20.89,0,0.92,0,0
aclnnInplaceCopy,,,7.52,7.52,0.92,0.92,0,0
aten::unsqueeze,,,2.77,6.42,0,0,0,0
aten::as_strided,,,3.65,3.65,0,0,0,0
_C_ascend::npu_scatter_nd_update_sk,,,29.57,49.49,0,18.6805,0,0
aten::empty,,,2.12,10.55,0,0,0,0
empty_tensor,,,8.43,8.43,0,0,0,0
aclnnScatterNdUpdateSk,,,9.37,9.37,18.6805,18.6805,0,0
npu::npu_quant_matmul,,,29.65,52.22,0,14.9805,0,0
empty_tensor,,,7.72,7.72,0,0,0,0
aten::empty,,,1.66,3.78,0,0,0,0
empty_tensor,,,2.12,2.12,0,0,0,0
aten::empty,,,1.18,2.74,0,0,0,0
empty_tensor,,,1.56,1.56,0,0,0,0
aclnnQuantMatmulWeightNz,,,8.33,8.33,14.9805,14.9805,0,0
aten::view,,,4.83,4.83,0,0,0,0
aten::unsqueeze,,,2.46,6.04,0,0,0,0
aten::as_strided,,,3.58,3.58,0,0,0,0
_C_ascend::inplace_partial_rotary_mul,,,38.09,60.23,0,5.44,0,0
aten::empty,,,2.99,12.73,0,0,0,0
empty_tensor,,,9.74,9.74,0,0,0,0
aclnnInplacePartialRotaryMul,,,9.41,9.41,5.44,5.44,0,0
aten::reshape,,,1.56,6.6,0,0,0,0
aten::view,,,5.04,5.04,0,0,0,0
aten::linear,,,3.77,45.45,0,6.7405,0,0
aten::t,,,4.95,11.09,0,0,0,0
aten::transpose,,,2.54,6.14,0,0,0,0
aten::as_strided,,,3.6,3.6,0,0,0,0
aten::matmul,,,16.17,30.59,0,6.7405,0,0
empty_tensor,,,6.42,6.42,0,0,0,0
aclnnMatmul,,,8.0,8.0,6.7405,6.7405,0,0
aten::mul,,,14.29,29.04,0,5.44,0,0
empty_tensor,,,5.28,5.28,0,0,0,0
aten::item,,,1.59,2.88,0,0,0,0
aten::_local_scalar_dense,,,1.29,1.29,0,0,0,0
aclnnMuls,,,6.59,6.59,5.44,5.44,0,0
aten::alias,,,2.45,2.45,0,0,0,0
aten::reshape,,,1.26,4.96,0,0,0,0
aten::view,,,3.7,3.7,0,0,0,0
vllm::unquantized_gemm,,,17.64,65.83,0,11.4405,0,0
aten::linear,,,3.37,48.19,0,11.4405,0,0
aten::t,,,5.97,13.72,0,0,0,0
aten::transpose,,,2.71,7.75,0,0,0,0
aten::as_strided,,,5.04,5.04,0,0,0,0
aten::matmul,,,14.58,31.1,0,11.4405,0,0
empty_tensor,,,7.52,7.52,0,0,0,0
aclnnMatmul,,,9.0,9.0,11.4405,11.4405,0,0
aten::mul,,,14.72,30.57,0,0.96,0,0
empty_tensor,,,6.3,6.3,0,0,0,0
aten::item,,,1.48,2.66,0,0,0,0
aten::_local_scalar_dense,,,1.18,1.18,0,0,0,0
aclnnMuls,,,6.89,6.89,0.96,0.96,0,0
npu::npu_dynamic_quant,,,23.58,41.13,0,6.6005,0,0
empty_tensor,,,6.38,6.38,0,0,0,0
empty_tensor,,,4.24,4.24,0,0,0,0
aclnnDynamicQuantV2,,,6.93,6.93,6.6005,6.6005,0,0
aten::to,,,1.82,35.97,0,0.9,0,0
aten::_to_copy,,,5.28,34.15,0,0.9,0,0
aten::empty_strided,,,6.89,10.07,0,0,0,0
empty_tensor,,,3.18,3.18,0,0,0,0
aten::copy_,,,11.28,18.8,0,0.9,0,0
aclnnInplaceCopy,,,7.52,7.52,0.9,0.9,0,0
aten::to,,,1.12,35.79,0,1.04,0,0
aten::_to_copy,,,3.71,34.67,0,1.04,0,0
aten::empty_strided,,,5.41,8.4,0,0,0,0
empty_tensor,,,2.99,2.99,0,0,0,0
aten::copy_,,,15.73,22.56,0,1.04,0,0
aclnnInplaceCopy,,,6.83,6.83,1.04,1.04,0,0
aten::squeeze,,,7.75,12.68,0,0,0,0
aten::as_strided,,,4.93,4.93,0,0,0,0
aten::to,,,1.0,1.0,0,0,0,0
aten::slice,,,6.07,8.99,0,0,0,0
aten::as_strided,,,2.92,2.92,0,0,0,0
_C_ascend::npu_vllm_quant_lightning_indexer,,,52.45,87.27,0,79.9215,0,0
aten::empty,,,2.46,10.04,0,0,0,0
empty_tensor,,,7.58,7.58,0,0,0,0
aten::empty,,,1.23,3.07,0,0,0,0
empty_tensor,,,1.84,1.84,0,0,0,0
aten::empty,,,2.14,11.26,0,0,0,0
empty_tensor,,,9.12,9.12,0,0,0,0
aclnnVllmQuantLightningIndexer,,,10.45,10.45,79.9215,79.9215,0,0
aten::squeeze,,,7.89,13.2,0,0,0,0
aten::as_strided,,,5.31,5.31,0,0,0,0
aten::view,,,4.54,4.54,0,0,0,0
aten::view,,,2.21,2.21,0,0,0,0
_C_ascend::compressor,,,48.56,80.96,0,56.581,0,0
aten::empty,,,2.22,10.38,0,0,0,0
empty_tensor,,,8.16,8.16,0,0,0,0
aten::empty,,,1.89,10.61,0,0,0,0
empty_tensor,,,8.72,8.72,0,0,0,0
aclnnCompressor,,,11.41,11.41,56.581,56.581,0,0
_C_ascend::npu_scatter_nd_update_sk,,,32.95,54.16,0,18.6605,0,0
aten::empty,,,2.39,11.56,0,0,0,0
empty_tensor,,,9.17,9.17,0,0,0,0
aclnnScatterNdUpdateSk,,,9.65,9.65,18.6605,18.6605,0,0
_C_ascend::npu_sparse_attn_sharedkv,,,44.01,76.81,0,42.9805,0,0
aten::empty,,,2.13,9.12,0,0,0,0
empty_tensor,,,6.99,6.99,0,0,0,0
aten::empty,,,1.22,3.24,0,0,0,0
empty_tensor,,,2.02,2.02,0,0,0,0
aten::empty,,,1.99,10.4,0,0,0,0
empty_tensor,,,8.41,8.41,0,0,0,0
aclnnSparseAttnSharedkv,,,10.04,10.04,42.9805,42.9805,0,0
destroy_event,,,2.62,2.62,0,0,0,0
aten::unsqueeze,,,3.64,8.35,0,0,0,0
aten::as_strided,,,4.71,4.71,0,0,0,0
aten::neg,,,14.13,29.27,0,0.98,0,0
empty_tensor,,,6.31,6.31,0,0,0,0
aclnnNeg,,,8.83,8.83,0.98,0.98,0,0
_C_ascend::inplace_partial_rotary_mul,,,35.35,56.28,0,5.2,0,0
aten::empty,,,2.5,12.08,0,0,0,0
empty_tensor,,,9.58,9.58,0,0,0,0
aclnnInplacePartialRotaryMul,,,8.85,8.85,5.2,5.2,0,0
aten::view,,,5.96,5.96,0,0,0,0
aten::permute,,,3.07,7.49,0,0,0,0
aten::as_strided,,,4.42,4.42,0,0,0,0
aten::contiguous,,,2.51,40.92,0,12.1405,0,0
aten::clone,,,4.45,38.41,0,12.1405,0,0
empty_tensor,,,6.34,6.34,0,0,0,0
aten::copy_,,,20.04,27.62,0,12.1405,0,0
aclnnInplaceCopy,,,7.58,7.58,12.1405,12.1405,0,0
aten::view,,,3.65,3.65,0,0,0,0
aten::empty_like,,,4.75,14.55,0,0,0,0
aten::empty_strided,,,6.9,9.8,0,0,0,0
empty_tensor,,,2.9,2.9,0,0,0,0
c10d::alltoall_base_,,,56.74,79.66,0,13.74,0,0
record_event,,,10.08,10.08,0.24,0.24,0,0
wait_event,,,3.11,3.11,0.02,0.02,0,0
HcclAlltoAll,,,2.14,3.59,0,13.26,0,0
HcclAlltoAll,,,1.45,1.45,13.26,13.26,0,0
record_event,,,3.73,3.73,0.2,0.2,0,0
record_event,,,2.41,2.41,0.02,0.02,0,0
wait_event,,,3.32,3.32,0.02,0.02,0,0
destroy_event,,,1.84,1.84,0,0,0,0
aten::view,,,5.18,5.18,0,0,0,0
npu::npu_transpose_batchmatmul,,,34.17,56.2,0,34.161,0,0
empty_tensor,,,11.31,11.31,0,0,0,0
aclnnTransposeBatchMatMul,,,10.72,10.72,34.161,34.161,0,0
aten::reshape,,,1.61,6.33,0,0,0,0
aten::view,,,4.72,4.72,0,0,0,0
vllm::matmul_and_reduce,,,145.12,462.52,0,34.2,0,0
vllm::unquantized_gemm,,,16.55,79.44,0,16.78,0,0
aten::linear,,,4.6,62.89,0,16.78,0,0
aten::t,,,5.35,14.62,0,0,0,0
aten::transpose,,,3.06,9.27,0,0,0,0
aten::as_strided,,,6.21,6.21,0,0,0,0
aten::matmul,,,19.24,43.67,0,16.78,0,0
empty_tensor,,,13.15,13.15,0,0,0,0
aclnnMatmul,,,11.28,11.28,16.78,16.78,0,0
vllm::reduce_scatter,,,116.25,237.96,0,17.42,0,0
aten::movedim,,,1.56,10.48,0,0,0,0
aten::movedim,,,2.54,8.92,0,0,0,0
aten::permute,,,2.71,6.38,0,0,0,0
aten::as_strided,,,3.67,3.67,0,0,0,0
aten::empty,,,2.8,13.02,0,0,0,0
empty_tensor,,,10.22,10.22,0,0,0,0
c10d::_reduce_scatter_base_,,,54.52,81.79,0,17.2,0,0
record_event,,,13.07,13.07,0.02,0.02,0,0
wait_event,,,3.29,3.29,3.5,3.5,0,0
HcclReduceScatterBase,,,3.02,4.92,0,13.4,0,0
HcclReduceScatter,,,1.9,1.9,13.4,13.4,0,0
record_event,,,3.61,3.61,0.26,0.26,0,0
record_event,,,2.38,2.38,0.02,0.02,0,0
wait_event,,,2.95,2.95,0.22,0.22,0,0
destroy_event,,,1.67,1.67,0,0,0,0
aten::movedim,,,1.55,11.8,0,0,0,0
aten::movedim,,,2.45,10.25,0,0,0,0
aten::permute,,,2.96,7.8,0,0,0,0
aten::as_strided,,,4.84,4.84,0,0,0,0
aten::copy_,,,54.53,65.03,0,0.74,0,0
aclnnInplaceCopy,,,10.5,10.5,0.74,0.74,0,0
aten::unsqueeze,,,4.5,8.33,0,0,0,0
aten::as_strided,,,3.83,3.83,0,0,0,0
aten::unsqueeze,,,2.37,3.95,0,0,0,0
aten::as_strided,,,1.58,1.58,0,0,0,0
aten::unsqueeze,,,1.96,3.46,0,0,0,0
aten::as_strided,,,1.5,1.5,0,0,0,0
aten::detach,,,3.38,3.38,0,0,0,0
aten::reshape,,,4.43,8.06,0,0,0,0
aten::view,,,3.63,3.63,0,0,0,0
aten::unsqueeze,,,2.19,3.85,0,0,0,0
aten::as_strided,,,1.66,1.66,0,0,0,0
_C_ascend::npu_hc_post,,,37.54,74.55,0,7.7,0,0
aten::empty,,,2.71,13.6,0,0,0,0
empty_tensor,,,10.89,10.89,0,0,0,0
aten::empty,,,2.42,12.64,0,0,0,0
empty_tensor,,,10.22,10.22,0,0,0,0
aclnnHcPost,,,10.77,10.77,7.7,7.7,0,0
aten::squeeze,,,4.65,7.39,0,0,0,0
aten::as_strided,,,2.74,2.74,0,0,0,0
_C_ascend::npu_hc_pre_v2,,,37.89,83.85,0,32.7805,0,0
aten::empty,,,1.92,8.88,0,0,0,0
empty_tensor,,,6.96,6.96,0,0,0,0
aten::empty,,,1.11,4.68,0,0,0,0
empty_tensor,,,3.57,3.57,0,0,0,0
aten::empty,,,1.11,4.98,0,0,0,0
empty_tensor,,,3.87,3.87,0,0,0,0
aten::empty,,,2.23,17.53,0,0,0,0
empty_tensor,,,15.3,15.3,0,0,0,0
aclnnHcPre,,,9.89,9.89,32.7805,32.7805,0,0
npu::npu_rms_norm,,,50.13,68.26,0,5.42,0,0
empty_tensor,,,5.9,5.9,0,0,0,0
empty_tensor,,,3.87,3.87,0,0,0,0
aclnnRmsNorm,,,8.36,8.36,5.42,5.42,0,0
aten::reshape,,,4.75,9.22,0,0,0,0
aten::view,,,4.47,4.47,0,0,0,0
vllm::moe_forward_shared,,,1918.24,4760.09,0,386.3075,0,0
aten::to,,,1.97,44.76,0,6.98,0,0
aten::_to_copy,,,5.3,42.79,0,6.98,0,0
aten::empty_strided,,,9.34,13.44,0,0,0,0
empty_tensor,,,4.1,4.1,0,0,0,0
aten::copy_,,,14.46,24.05,0,6.98,0,0
aclnnInplaceCopy,,,9.59,9.59,6.98,6.98,0,0
Event::record,,,77.91,90.52,0,0.22,0,0
record_event,,,12.61,12.61,0.22,0.22,0,0
aten::linear,,,4.6,57.2,0,10.98,0,0
aten::t,,,5.4,14.36,0,0,0,0
aten::transpose,,,2.72,8.96,0,0,0,0
aten::as_strided,,,6.24,6.24,0,0,0,0
aten::matmul,,,18.68,38.24,0,10.98,0,0
empty_tensor,,,10.42,10.42,0,0,0,0
aclnnMatmul,,,9.14,9.14,10.98,10.98,0,0
Event::record,,,69.73,80.49,0,0.02,0,0
record_event,,,10.76,10.76,0.02,0.02,0,0
vllm::maybe_all_gather_and_maybe_unpad,,,43.94,302.84,0,14.120000000000001,0,0
vllm::all_gather,,,129.35,258.9,0,14.120000000000001,0,0
aten::empty,,,3.51,17.22,0,0,0,0
empty_tensor,,,13.71,13.71,0,0,0,0
c10d::_allgather_base_,,,55.15,82.01,0,14.120000000000001,0,0
record_event,,,12.92,12.92,0.02,0.02,0,0
wait_event,,,3.24,3.24,3.66,3.66,0,0
HcclAllgatherBase,,,3.03,4.89,0,10.22,0,0
HcclAllGather,,,1.86,1.86,10.22,10.22,0,0
record_event,,,3.44,3.44,0.02,0.02,0,0
record_event,,,2.37,2.37,0.2,0.2,0,0
wait_event,,,3.35,3.35,0.0,0.0,0,0
destroy_event,,,2.26,2.26,0,0,0,0
aten::reshape,,,2.7,9.37,0,0,0,0
aten::view,,,6.67,6.67,0,0,0,0
aten::movedim,,,1.52,11.42,0,0,0,0
aten::movedim,,,2.42,9.9,0,0,0,0
aten::permute,,,3.42,7.48,0,0,0,0
aten::as_strided,,,4.06,4.06,0,0,0,0
aten::reshape,,,0.87,3.92,0,0,0,0
aten::view,,,3.05,3.05,0,0,0,0
vllm::maybe_all_gather_and_maybe_unpad,,,40.99,274.62,0,9.9405,0,0
vllm::all_gather,,,113.65,233.63,0,9.9405,0,0
aten::empty,,,3.05,17.26,0,0,0,0
empty_tensor,,,14.21,14.21,0,0,0,0
c10d::_allgather_base_,,,49.76,75.72,0,9.9405,0,0
record_event,,,12.42,12.42,0.02,0.02,0,0
wait_event,,,3.1,3.1,4.1805,4.1805,0,0
HcclAllgatherBase,,,2.95,4.68,0,5.48,0,0
HcclAllGather,,,1.73,1.73,5.48,5.48,0,0
record_event,,,3.36,3.36,0.24,0.24,0,0
record_event,,,2.4,2.4,0.02,0.02,0,0
wait_event,,,2.85,2.85,0.0,0.0,0,0
destroy_event,,,2.43,2.43,0,0,0,0
aten::reshape,,,1.63,7.17,0,0,0,0
aten::view,,,5.54,5.54,0,0,0,0
aten::movedim,,,1.51,10.72,0,0,0,0
aten::movedim,,,2.45,9.21,0,0,0,0
aten::permute,,,2.92,6.76,0,0,0,0
aten::as_strided,,,3.84,3.84,0,0,0,0
aten::reshape,,,0.84,3.83,0,0,0,0
aten::view,,,2.99,2.99,0,0,0,0
_C_ascend::moe_gating_top_k_hash,,,42.46,80.9,0,11.7,0,0
aten::empty,,,3.01,15.79,0,0,0,0
empty_tensor,,,12.78,12.78,0,0,0,0
aten::empty,,,1.24,5.31,0,0,0,0
empty_tensor,,,4.07,4.07,0,0,0,0
aten::empty,,,1.05,4.91,0,0,0,0
empty_tensor,,,3.86,3.86,0,0,0,0
aclnnMoeGatingTopKHash,,,12.43,12.43,11.7,11.7,0,0
aten::to,,,1.8,48.11,0,1.1,0,0
aten::_to_copy,,,5.52,46.31,0,1.1,0,0
aten::empty_strided,,,8.8,14.16,0,0,0,0
empty_tensor,,,5.36,5.36,0,0,0,0
aten::copy_,,,17.25,26.63,0,1.1,0,0
aclnnInplaceCopy,,,9.38,9.38,1.1,1.1,0,0
aten::detach,,,4.55,4.55,0,0,0,0
aten::detach,,,1.24,1.24,0,0,0,0
Event::record,,,78.51,91.27,0,0.2,0,0
record_event,,,12.76,12.76,0.2,0.2,0,0
aten::index,,,33.12,57.67,0,19.441,0,0
empty_tensor,,,6.51,6.51,0,0,0,0
empty_tensor,,,8.08,8.08,0,0,0,0
aclnnIndex,,,9.96,9.96,19.441,19.441,0,0
aten::ne,,,10.61,22.48,0,1.38,0,0
empty_tensor,,,5.71,5.71,0,0,0,0
aclnnNeScalar,,,6.16,6.16,1.38,1.38,0,0
aten::mul,,,15.08,25.49,0,2.12,0,0
empty_tensor,,,4.56,4.56,0,0,0,0
aclnnMul,,,5.85,5.85,2.12,2.12,0,0
npu::npu_moe_init_routing_v2,,,23.8,49.1,0,31.7205,0,0
empty_tensor,,,9.44,9.44,0,0,0,0
empty_tensor,,,3.14,3.14,0,0,0,0
empty_tensor,,,2.81,2.81,0,0,0,0
empty_tensor,,,2.8,2.8,0,0,0,0
aclnnMoeInitRoutingV3,,,7.11,7.11,31.7205,31.7205,0,0
aten::to,,,1.6,1.6,0,0,0,0
_C_ascend::grouped_matmul_swiglu_quant_v2,,,180.74,230.19,0,119.1825,0,0
aten::empty,,,3.06,12.87,0,0,0,0
empty_tensor,,,9.81,9.81,0,0,0,0
aten::empty,,,1.23,6.05,0,0,0,0
empty_tensor,,,4.82,4.82,0,0,0,0
aten::empty,,,3.69,17.0,0,0,0,0
empty_tensor,,,13.31,13.31,0,0,0,0
aclnnGroupedMatmulSwigluQuantWeightNzV2,,,13.53,13.53,119.1825,119.1825,0,0
Event::record,,,78.05,91.41,0,0.22,0,0
record_event,,,13.36,13.36,0.22,0.22,0,0
npu::npu_grouped_matmul,,,40.78,67.3,0,75.9015,0,0
empty_tensor,,,15.11,15.11,0,0,0,0
npu::get_npu_format,,,1.75,1.75,0,0,0,0
aclnnGroupedMatmulWeightNz,,,9.66,9.66,75.9015,75.9015,0,0
Event::record,,,72.06,84.53,0,0.22,0,0
record_event,,,12.47,12.47,0.22,0.22,0,0
aten::abs,,,16.26,36.14,0,1.08,0,0
empty_tensor,,,11.01,11.01,0,0,0,0
aclnnAbs,,,8.87,8.87,1.08,1.08,0,0
npu::npu_moe_token_unpermute,,,68.99,85.4,0,13.0005,0,0
empty_tensor,,,7.95,7.95,0,0,0,0
aclnnMoeTokenUnpermute,,,8.46,8.46,13.0005,13.0005,0,0
vllm::maybe_pad_and_reduce,,,37.82,280.46,0,13.040000000000001,0,0
vllm::reduce_scatter,,,113.77,242.64,0,13.040000000000001,0,0
aten::movedim,,,1.61,13.39,0,0,0,0
aten::movedim,,,2.6,11.78,0,0,0,0
aten::permute,,,3.55,9.18,0,0,0,0
aten::as_strided,,,5.63,5.63,0,0,0,0
aten::empty,,,3.14,13.72,0,0,0,0
empty_tensor,,,10.58,10.58,0,0,0,0
c10d::_reduce_scatter_base_,,,55.01,85.45,0,13.02,0,0
record_event,,,13.66,13.66,0.26,0.26,0,0
wait_event,,,4.93,4.93,0.0,0.0,0,0
HcclReduceScatterBase,,,3.14,5.24,0,12.32,0,0
HcclReduceScatter,,,2.1,2.1,12.32,12.32,0,0
record_event,,,3.69,3.69,0.22,0.22,0,0
record_event,,,2.92,2.92,0.22,0.22,0,0
wait_event,,,2.88,2.88,0.02,0.02,0,0
destroy_event,,,1.7,1.7,0,0,0,0
aten::movedim,,,1.52,11.73,0,0,0,0
aten::movedim,,,2.5,10.21,0,0,0,0
aten::permute,,,2.86,7.71,0,0,0,0
aten::as_strided,,,4.85,4.85,0,0,0,0
Event::wait,,,64.96,79.27,0,0.02,0,0
wait_event,,,14.31,14.31,0.02,0.02,0,0
npu::npu_dynamic_quant,,,31.04,59.64,0,3.9,0,0
empty_tensor,,,12.86,12.86,0,0,0,0
empty_tensor,,,5.73,5.73,0,0,0,0
aclnnDynamicQuantV2,,,10.01,10.01,3.9,3.9,0,0
Event::wait,,,60.1,72.24,0,0.2,0,0
wait_event,,,12.14,12.14,0.2,0.2,0,0
npu::npu_quant_matmul,,,34.72,71.13,0,25.0805,0,0
empty_tensor,,,19.6,19.6,0,0,0,0
aten::empty,,,2.61,4.99,0,0,0,0
empty_tensor,,,2.38,2.38,0,0,0,0
aten::empty,,,1.06,2.73,0,0,0,0
empty_tensor,,,1.67,1.67,0,0,0,0
aclnnQuantMatmulWeightNz,,,9.09,9.09,25.0805,25.0805,0,0
Event::wait,,,57.35,68.1,0,0.22,0,0
wait_event,,,10.75,10.75,0.22,0.22,0,0
_C_ascend::npu_dequant_swiglu_quant,,,47.34,87.97,0,5.3005,0,0
aten::empty,,,2.96,14.21,0,0,0,0
empty_tensor,,,11.25,11.25,0,0,0,0
aten::empty,,,1.21,4.57,0,0,0,0
empty_tensor,,,3.36,3.36,0,0,0,0
aten::empty,,,2.36,10.33,0,0,0,0
empty_tensor,,,7.97,7.97,0,0,0,0
aclnnDequantSwigluQuantV2,,,11.52,11.52,5.3005,5.3005,0,0
Event::wait,,,60.93,73.03,0,0.2,0,0
wait_event,,,12.1,12.1,0.2,0.2,0,0
npu::npu_quant_matmul,,,35.61,62.51,0,18.56,0,0
empty_tensor,,,10.47,10.47,0,0,0,0
aten::empty,,,2.14,4.42,0,0,0,0
empty_tensor,,,2.28,2.28,0,0,0,0
aten::empty,,,1.04,2.63,0,0,0,0
empty_tensor,,,1.59,1.59,0,0,0,0
aclnnQuantMatmulWeightNz,,,9.38,9.38,18.56,18.56,0,0
Event::record,,,70.81,82.45,0,0.24,0,0
record_event,,,11.64,11.64,0.24,0.24,0,0
Event::wait,,,45.5,55.89,0,0.02,0,0
wait_event,,,10.39,10.39,0.02,0.02,0,0
destroy_event,,,7.86,7.86,0,0,0,0
destroy_event,,,6.16,6.16,0,0,0,0
destroy_event,,,2.5,2.5,0,0,0,0
destroy_event,,,1.55,1.55,0,0,0,0
destroy_event,,,1.5,1.5,0,0,0,0
destroy_event,,,1.78,1.78,0,0,0,0
aten::add,,,23.15,42.12,0,7.64,0,0
empty_tensor,,,11.46,11.46,0,0,0,0
aclnnAdd,,,7.51,7.51,7.64,7.64,0,0
vllm::maybe_all_reduce_tensor_model_parallel,,,25.05,25.05,0,0,0,0
aten::unsqueeze,,,5.0,9.13,0,0,0,0
aten::as_strided,,,4.13,4.13,0,0,0,0
aten::unsqueeze,,,2.47,4.35,0,0,0,0
aten::as_strided,,,1.88,1.88,0,0,0,0
aten::unsqueeze,,,2.0,3.42,0,0,0,0
aten::as_strided,,,1.42,1.42,0,0,0,0
aten::unsqueeze,,,1.98,6.81,0,0,0,0
aten::as_strided,,,4.83,4.83,0,0,0,0
_C_ascend::npu_hc_post,,,41.27,76.43,0,7.2405,0,0
aten::empty,,,2.52,11.68,0,0,0,0
empty_tensor,,,9.16,9.16,0,0,0,0
aten::empty,,,2.34,12.68,0,0,0,0
empty_tensor,,,10.34,10.34,0,0,0,0
aclnnHcPost,,,10.8,10.8,7.2405,7.2405,0,0
aten::squeeze,,,4.83,7.71,0,0,0,0
aten::as_strided,,,2.88,2.88,0,0,0,0
_C_ascend::npu_hc_pre_v2,,,36.21,73.01,0,33.1005,0,0
aten::empty,,,1.99,8.88,0,0,0,0
empty_tensor,,,6.89,6.89,0,0,0,0
aten::empty,,,1.14,4.47,0,0,0,0
empty_tensor,,,3.33,3.33,0,0,0,0
aten::empty,,,1.04,3.82,0,0,0,0
empty_tensor,,,2.78,2.78,0,0,0,0
aten::empty,,,2.06,10.4,0,0,0,0
empty_tensor,,,8.34,8.34,0,0,0,0
aclnnHcPre,,,9.23,9.23,33.1005,33.1005,0,0
npu::npu_rms_norm,,,48.87,68.15,0,4.7,0,0
empty_tensor,,,6.36,6.36,0,0,0,0
empty_tensor,,,3.9,3.9,0,0,0,0
aclnnRmsNorm,,,9.02,9.02,4.7,4.7,0,0
aten::empty,,,5.84,12.38,0,0,0,0
empty_tensor,,,6.54,6.54,0,0,0,0
aten::alias,,,4.06,4.06,0,0,0,0
vllm::dsa_forward,,,1471.38,3377.65,0,365.586,0,0
aten::empty,,,3.23,13.6,0,0,0,0
empty_tensor,,,10.37,10.37,0,0,0,0
c10d::_allgather_base_,,,54.6,86.57,0,10.76,0,0
record_event,,,13.95,13.95,0.02,0.02,0,0
wait_event,,,6.56,6.56,0.0,0.0,0,0
HcclAllgatherBase,,,3.28,5.83,0,10.7,0,0
HcclAllGather,,,2.55,2.55,10.7,10.7,0,0
record_event,,,3.17,3.17,0.02,0.02,0,0
record_event,,,2.46,2.46,0.02,0.02,0,0
npu::npu_dynamic_quant,,,28.83,46.87,0,4.2,0,0
empty_tensor,,,9.95,9.95,0,0,0,0
empty_tensor,,,4.56,4.56,0,0,0,0
aclnnDynamicQuantV2,,,3.53,3.53,4.2,4.2,0,0
npu::npu_quant_matmul,,,34.25,57.9,0,16.72,0,0
empty_tensor,,,6.75,6.75,0,0,0,0
aten::empty,,,2.18,4.41,0,0,0,0
empty_tensor,,,2.23,2.23,0,0,0,0
aten::empty,,,1.08,2.62,0,0,0,0
empty_tensor,,,1.54,1.54,0,0,0,0
aclnnQuantMatmulWeightNz,,,9.87,9.87,16.72,16.72,0,0
_C_ascend::npu_rms_norm_dynamic_quant,,,46.33,99.69,0,7.0805,0,0
aten::empty_like,,,5.24,15.94,0,0,0,0
aten::empty_strided,,,7.38,10.7,0,0,0,0
empty_tensor,,,3.32,3.32,0,0,0,0
aten::empty,,,1.36,4.78,0,0,0,0
empty_tensor,,,3.42,3.42,0,0,0,0
aten::empty,,,1.01,3.93,0,0,0,0
empty_tensor,,,2.92,2.92,0,0,0,0
aten::empty_like,,,1.92,7.37,0,0,0,0
aten::empty_strided,,,3.64,5.45,0,0,0,0
empty_tensor,,,1.81,1.81,0,0,0,0
aten::empty,,,2.24,10.19,0,0,0,0
empty_tensor,,,7.95,7.95,0,0,0,0
aclnnRmsNormDynamicQuant,,,11.15,11.15,7.0805,7.0805,0,0
npu::npu_quant_matmul,,,29.47,51.8,0,32.5605,0,0
empty_tensor,,,7.02,7.02,0,0,0,0
aten::empty,,,1.67,3.66,0,0,0,0
empty_tensor,,,1.99,1.99,0,0,0,0
aten::empty,,,1.03,2.58,0,0,0,0
empty_tensor,,,1.55,1.55,0,0,0,0
aclnnQuantMatmulWeightNz,,,9.07,9.07,32.5605,32.5605,0,0
aten::unflatten,,,5.57,10.95,0,0,0,0
aten::view,,,5.38,5.38,0,0,0,0
aten::view,,,3.04,3.04,0,0,0,0
aten::empty_like,,,4.16,14.76,0,0,0,0
aten::empty_strided,,,7.43,10.6,0,0,0,0
empty_tensor,,,3.17,3.17,0,0,0,0
triton_rms_kernel,,,14.51,14.51,13.28,13.28,0,0
aten::view,,,7.65,7.65,0,0,0,0
aten::unsqueeze,,,3.17,7.43,0,0,0,0
aten::as_strided,,,4.26,4.26,0,0,0,0
_C_ascend::inplace_partial_rotary_mul,,,43.0,72.41,0,5.18,0,0
aten::empty,,,3.61,18.12,0,0,0,0
empty_tensor,,,14.51,14.51,0,0,0,0
aclnnInplacePartialRotaryMul,,,11.29,11.29,5.18,5.18,0,0
wait_event,,,4.81,4.81,0.02,0.02,0,0
aten::slice,,,3.98,7.92,0,0,0,0
aten::as_strided,,,3.94,3.94,0,0,0,0
npu::npu_dynamic_quant,,,28.38,52.38,0,7.0,0,0
empty_tensor,,,9.9,9.9,0,0,0,0
empty_tensor,,,4.39,4.39,0,0,0,0
aclnnDynamicQuantV2,,,9.71,9.71,7.0,7.0,0,0
npu::npu_quant_matmul,,,30.15,52.7,0,13.96,0,0
empty_tensor,,,7.03,7.03,0,0,0,0
aten::empty,,,2.19,4.26,0,0,0,0
empty_tensor,,,2.07,2.07,0,0,0,0
aten::empty,,,1.0,2.62,0,0,0,0
empty_tensor,,,1.62,1.62,0,0,0,0
aclnnQuantMatmulWeightNz,,,8.64,8.64,13.96,13.96,0,0
npu::npu_rms_norm,,,53.24,72.17,0,9.5605,0,0
empty_tensor,,,6.56,6.56,0,0,0,0
empty_tensor,,,3.18,3.18,0,0,0,0
aclnnRmsNorm,,,9.19,9.19,9.5605,9.5605,0,0
aten::view,,,5.52,5.52,0,0,0,0
aten::unsqueeze,,,2.69,6.72,0,0,0,0
aten::as_strided,,,4.03,4.03,0,0,0,0
aten::slice,,,3.18,5.6,0,0,0,0
aten::as_strided,,,2.42,2.42,0,0,0,0
aten::slice,,,0.99,2.98,0,0,0,0
aten::as_strided,,,1.99,1.99,0,0,0,0
_C_ascend::inplace_partial_rotary_mul,,,38.09,61.68,0,10.4805,0,0
aten::empty,,,3.24,13.25,0,0,0,0
empty_tensor,,,10.01,10.01,0,0,0,0
aclnnInplacePartialRotaryMul,,,10.34,10.34,10.4805,10.4805,0,0
_C_ascend::npu_scatter_nd_update_sk,,,31.55,52.41,0,28.9805,0,0
aten::empty,,,2.67,11.8,0,0,0,0
empty_tensor,,,9.13,9.13,0,0,0,0
aclnnScatterNdUpdateSk,,,9.06,9.06,28.9805,28.9805,0,0
aten::squeeze,,,8.54,13.21,0,0,0,0
aten::as_strided,,,4.67,4.67,0,0,0,0
aten::view,,,4.23,4.23,0,0,0,0
aten::view,,,2.27,2.27,0,0,0,0
_C_ascend::compressor,,,46.98,80.02,0,41.001,0,0
aten::empty,,,2.55,11.32,0,0,0,0
empty_tensor,,,8.77,8.77,0,0,0,0
aten::empty,,,2.25,10.98,0,0,0,0
empty_tensor,,,8.73,8.73,0,0,0,0
aclnnCompressor,,,10.74,10.74,41.001,41.001,0,0
_C_ascend::npu_scatter_nd_update_sk,,,31.77,53.36,0,15.1805,0,0
aten::empty,,,2.41,11.62,0,0,0,0
empty_tensor,,,9.21,9.21,0,0,0,0
aclnnScatterNdUpdateSk,,,9.97,9.97,15.1805,15.1805,0,0
_C_ascend::npu_sparse_attn_sharedkv,,,45.04,77.98,0,32.0805,0,0
aten::empty,,,2.02,10.15,0,0,0,0
empty_tensor,,,8.13,8.13,0,0,0,0
aten::empty,,,1.07,3.03,0,0,0,0
empty_tensor,,,1.96,1.96,0,0,0,0
aten::empty,,,2.06,9.88,0,0,0,0
empty_tensor,,,7.82,7.82,0,0,0,0
aclnnSparseAttnSharedkv,,,9.88,9.88,32.0805,32.0805,0,0
destroy_event,,,2.43,2.43,0,0,0,0
aten::unsqueeze,,,3.68,8.42,0,0,0,0
aten::as_strided,,,4.74,4.74,0,0,0,0
aten::neg,,,14.43,29.53,0,0.98,0,0
empty_tensor,,,6.41,6.41,0,0,0,0
aclnnNeg,,,8.69,8.69,0.98,0.98,0,0
_C_ascend::inplace_partial_rotary_mul,,,35.13,56.61,0,5.32,0,0
aten::empty,,,2.89,12.36,0,0,0,0
empty_tensor,,,9.47,9.47,0,0,0,0
aclnnInplacePartialRotaryMul,,,9.12,9.12,5.32,5.32,0,0
aten::view,,,5.87,5.87,0,0,0,0
aten::permute,,,3.02,7.81,0,0,0,0
aten::as_strided,,,4.79,4.79,0,0,0,0
aten::contiguous,,,2.64,41.61,0,11.4205,0,0
aten::clone,,,5.86,38.97,0,11.4205,0,0
empty_tensor,,,6.59,6.59,0,0,0,0
aten::copy_,,,18.52,26.52,0,11.4205,0,0
aclnnInplaceCopy,,,8.0,8.0,11.4205,11.4205,0,0
aten::view,,,3.43,3.43,0,0,0,0
aten::empty_like,,,4.85,14.52,0,0,0,0
aten::empty_strided,,,7.03,9.67,0,0,0,0
empty_tensor,,,2.64,2.64,0,0,0,0
c10d::alltoall_base_,,,67.56,91.75,0,13.56,0,0
record_event,,,11.02,11.02,0.2,0.2,0,0
wait_event,,,3.08,3.08,0.0,0.0,0,0
HcclAlltoAll,,,2.35,4.23,0,12.92,0,0
HcclAlltoAll,,,1.88,1.88,12.92,12.92,0,0
record_event,,,3.43,3.43,0.22,0.22,0,0
record_event,,,2.43,2.43,0.22,0.22,0,0
wait_event,,,3.61,3.61,0.02,0.02,0,0
destroy_event,,,1.76,1.76,0,0,0,0
aten::view,,,5.49,5.49,0,0,0,0
npu::npu_transpose_batchmatmul,,,29.46,51.53,0,33.6005,0,0
empty_tensor,,,11.3,11.3,0,0,0,0
aclnnTransposeBatchMatMul,,,10.77,10.77,33.6005,33.6005,0,0
aten::reshape,,,1.47,6.47,0,0,0,0
aten::view,,,5.0,5.0,0,0,0,0
vllm::matmul_and_reduce,,,146.84,466.08,0,51.9205,0,0
vllm::unquantized_gemm,,,17.06,77.76,0,16.2405,0,0
aten::linear,,,4.6,60.7,0,16.2405,0,0
aten::t,,,6.17,15.82,0,0,0,0
aten::transpose,,,3.1,9.65,0,0,0,0
aten::as_strided,,,6.55,6.55,0,0,0,0
aten::matmul,,,18.63,40.28,0,16.2405,0,0
empty_tensor,,,10.79,10.79,0,0,0,0
aclnnMatmul,,,10.86,10.86,16.2405,16.2405,0,0
vllm::reduce_scatter,,,115.38,241.48,0,35.68,0,0
aten::movedim,,,1.69,10.7,0,0,0,0
aten::movedim,,,2.64,9.01,0,0,0,0
aten::permute,,,2.72,6.37,0,0,0,0
aten::as_strided,,,3.65,3.65,0,0,0,0
aten::empty,,,2.87,12.46,0,0,0,0
empty_tensor,,,9.59,9.59,0,0,0,0
c10d::_reduce_scatter_base_,,,58.26,86.64,0,16.82,0,0
record_event,,,12.66,12.66,0.02,0.02,0,0
wait_event,,,4.68,4.68,3.66,3.66,0,0
HcclReduceScatterBase,,,3.12,5.1,0,13.1,0,0
HcclReduceScatter,,,1.98,1.98,13.1,13.1,0,0
record_event,,,3.61,3.61,0.02,0.02,0,0
record_event,,,2.33,2.33,0.02,0.02,0,0
wait_event,,,2.91,2.91,18.86,18.86,0,0
destroy_event,,,1.6,1.6,0,0,0,0
aten::movedim,,,1.48,11.79,0,0,0,0
aten::movedim,,,2.38,10.31,0,0,0,0
aten::permute,,,2.84,7.93,0,0,0,0
aten::as_strided,,,5.09,5.09,0,0,0,0
aten::copy_,,,54.51,66.21,0,0.72,0,0
aclnnInplaceCopy,,,11.7,11.7,0.72,0.72,0,0
aten::unsqueeze,,,4.48,8.47,0,0,0,0
aten::as_strided,,,3.99,3.99,0,0,0,0
aten::unsqueeze,,,2.3,3.92,0,0,0,0
aten::as_strided,,,1.62,1.62,0,0,0,0
aten::unsqueeze,,,2.0,3.45,0,0,0,0
aten::as_strided,,,1.45,1.45,0,0,0,0
aten::detach,,,3.73,3.73,0,0,0,0
aten::reshape,,,4.52,8.03,0,0,0,0
aten::view,,,3.51,3.51,0,0,0,0
aten::unsqueeze,,,2.22,3.74,0,0,0,0
aten::as_strided,,,1.52,1.52,0,0,0,0
_C_ascend::npu_hc_post,,,37.94,74.07,0,7.48,0,0
aten::empty,,,2.64,13.09,0,0,0,0
empty_tensor,,,10.45,10.45,0,0,0,0
aten::empty,,,2.15,12.07,0,0,0,0
empty_tensor,,,9.92,9.92,0,0,0,0
aclnnHcPost,,,10.97,10.97,7.48,7.48,0,0
aten::squeeze,,,4.48,7.44,0,0,0,0
aten::as_strided,,,2.96,2.96,0,0,0,0
_C_ascend::npu_hc_pre_v2,,,35.58,72.7,0,34.9605,0,0
aten::empty,,,2.07,8.71,0,0,0,0
empty_tensor,,,6.64,6.64,0,0,0,0
aten::empty,,,1.28,4.69,0,0,0,0
empty_tensor,,,3.41,3.41,0,0,0,0
aten::empty,,,1.07,3.91,0,0,0,0
empty_tensor,,,2.84,2.84,0,0,0,0
aten::empty,,,2.04,9.8,0,0,0,0
empty_tensor,,,7.76,7.76,0,0,0,0
aclnnHcPre,,,10.01,10.01,34.9605,34.9605,0,0
npu::npu_rms_norm,,,48.39,67.36,0,5.0405,0,0
empty_tensor,,,6.29,6.29,0,0,0,0
empty_tensor,,,3.85,3.85,0,0,0,0
aclnnRmsNorm,,,8.83,8.83,5.0405,5.0405,0,0
aten::reshape,,,5.05,9.35,0,0,0,0
aten::view,,,4.3,4.3,0,0,0,0
vllm::moe_forward_shared,,,1926.8,4802.29,0,365.666,0,0
aten::to,,,1.84,45.72,0,5.9405,0,0
aten::_to_copy,,,5.34,43.88,0,5.9405,0,0
aten::empty_strided,,,9.44,13.96,0,0,0,0
empty_tensor,,,4.52,4.52,0,0,0,0
aten::copy_,,,14.56,24.58,0,5.9405,0,0
aclnnInplaceCopy,,,10.02,10.02,5.9405,5.9405,0,0
Event::record,,,78.65,90.71,0,0.2,0,0
record_event,,,12.06,12.06,0.2,0.2,0,0
aten::linear,,,4.34,59.21,0,12.4205,0,0
aten::t,,,5.54,15.71,0,0,0,0
aten::transpose,,,2.79,10.17,0,0,0,0
aten::as_strided,,,7.38,7.38,0,0,0,0
aten::matmul,,,18.79,39.16,0,12.4205,0,0
empty_tensor,,,10.71,10.71,0,0,0,0
aclnnMatmul,,,9.66,9.66,12.4205,12.4205,0,0
Event::record,,,71.31,83.13,0,0.22,0,0
record_event,,,11.82,11.82,0.22,0.22,0,0
vllm::maybe_all_gather_and_maybe_unpad,,,44.82,304.21,0,17.62,0,0
vllm::all_gather,,,128.04,259.39,0,17.62,0,0
aten::empty,,,3.88,17.44,0,0,0,0
empty_tensor,,,13.56,13.56,0,0,0,0
c10d::_allgather_base_,,,56.44,84.8,0,16.88,0,0
record_event,,,13.96,13.96,0.02,0.02,0,0
wait_event,,,3.1,3.1,6.36,6.36,0,0
HcclAllgatherBase,,,3.04,4.81,0,10.24,0,0
HcclAllGather,,,1.77,1.77,10.24,10.24,0,0
record_event,,,3.52,3.52,0.24,0.24,0,0
record_event,,,2.97,2.97,0.02,0.02,0,0
wait_event,,,3.42,3.42,0.74,0.74,0,0
destroy_event,,,1.83,1.83,0,0,0,0
aten::reshape,,,2.01,8.6,0,0,0,0
aten::view,,,6.59,6.59,0,0,0,0
aten::movedim,,,1.53,11.1,0,0,0,0
aten::movedim,,,2.56,9.57,0,0,0,0
aten::permute,,,2.96,7.01,0,0,0,0
aten::as_strided,,,4.05,4.05,0,0,0,0
aten::reshape,,,0.85,4.16,0,0,0,0
aten::view,,,3.31,3.31,0,0,0,0
vllm::maybe_all_gather_and_maybe_unpad,,,40.45,275.27,0,10.68,0,0
vllm::all_gather,,,114.8,234.82,0,10.68,0,0
aten::empty,,,3.86,16.92,0,0,0,0
empty_tensor,,,13.06,13.06,0,0,0,0
c10d::_allgather_base_,,,51.32,77.59,0,10.66,0,0
record_event,,,12.65,12.65,0.02,0.02,0,0
wait_event,,,3.02,3.02,5.04,5.04,0,0
HcclAllgatherBase,,,2.88,4.59,0,5.06,0,0
HcclAllGather,,,1.71,1.71,5.06,5.06,0,0
record_event,,,3.24,3.24,0.32,0.32,0,0
record_event,,,2.77,2.77,0.22,0.22,0,0
wait_event,,,2.91,2.91,0.02,0.02,0,0
destroy_event,,,1.62,1.62,0,0,0,0
aten::reshape,,,1.58,6.81,0,0,0,0
aten::view,,,5.23,5.23,0,0,0,0
aten::movedim,,,1.41,10.26,0,0,0,0
aten::movedim,,,2.36,8.85,0,0,0,0
aten::permute,,,2.81,6.49,0,0,0,0
aten::as_strided,,,3.68,3.68,0,0,0,0
aten::reshape,,,1.03,3.91,0,0,0,0
aten::view,,,2.88,2.88,0,0,0,0
_C_ascend::moe_gating_top_k_hash,,,41.79,80.84,0,10.6,0,0
aten::empty,,,3.16,16.63,0,0,0,0
empty_tensor,,,13.47,13.47,0,0,0,0
aten::empty,,,1.37,5.65,0,0,0,0
empty_tensor,,,4.28,4.28,0,0,0,0
aten::empty,,,1.15,4.7,0,0,0,0
empty_tensor,,,3.55,3.55,0,0,0,0
aclnnMoeGatingTopKHash,,,12.07,12.07,10.6,10.6,0,0
aten::to,,,1.76,45.12,0,1.08,0,0
aten::_to_copy,,,5.62,43.36,0,1.08,0,0
aten::empty_strided,,,7.97,12.53,0,0,0,0
empty_tensor,,,4.56,4.56,0,0,0,0
aten::copy_,,,16.64,25.21,0,1.08,0,0
aclnnInplaceCopy,,,8.57,8.57,1.08,1.08,0,0
aten::detach,,,4.16,4.16,0,0,0,0
aten::detach,,,1.14,1.14,0,0,0,0
Event::record,,,78.96,92.43,0,0.22,0,0
record_event,,,13.47,13.47,0.22,0.22,0,0
aten::index,,,32.19,56.27,0,28.5405,0,0
empty_tensor,,,6.6,6.6,0,0,0,0
empty_tensor,,,7.85,7.85,0,0,0,0
aclnnIndex,,,9.63,9.63,28.5405,28.5405,0,0
aten::ne,,,11.1,22.76,0,1.36,0,0
empty_tensor,,,5.52,5.52,0,0,0,0
aclnnNeScalar,,,6.14,6.14,1.36,1.36,0,0
aten::mul,,,15.16,26.64,0,2.38,0,0
empty_tensor,,,5.65,5.65,0,0,0,0
aclnnMul,,,5.83,5.83,2.38,2.38,0,0
npu::npu_moe_init_routing_v2,,,24.18,48.65,0,30.5805,0,0
empty_tensor,,,8.4,8.4,0,0,0,0
empty_tensor,,,3.3,3.3,0,0,0,0
empty_tensor,,,3.09,3.09,0,0,0,0
empty_tensor,,,2.97,2.97,0,0,0,0
aclnnMoeInitRoutingV3,,,6.71,6.71,30.5805,30.5805,0,0
aten::to,,,1.48,1.48,0,0,0,0
_C_ascend::grouped_matmul_swiglu_quant_v2,,,185.39,234.31,0,107.0425,0,0
aten::empty,,,3.3,13.27,0,0,0,0
empty_tensor,,,9.97,9.97,0,0,0,0
aten::empty,,,1.22,5.02,0,0,0,0
empty_tensor,,,3.8,3.8,0,0,0,0
aten::empty,,,3.75,17.19,0,0,0,0
empty_tensor,,,13.44,13.44,0,0,0,0
aclnnGroupedMatmulSwigluQuantWeightNzV2,,,13.44,13.44,107.0425,107.0425,0,0
Event::record,,,77.59,90.65,0,0.22,0,0
record_event,,,13.06,13.06,0.22,0.22,0,0
npu::npu_grouped_matmul,,,42.12,70.23,0,59.321,0,0
empty_tensor,,,15.09,15.09,0,0,0,0
npu::get_npu_format,,,1.81,1.81,0,0,0,0
aclnnGroupedMatmulWeightNz,,,11.21,11.21,59.321,59.321,0,0
Event::record,,,83.2,95.76,0,0.22,0,0
record_event,,,12.56,12.56,0.22,0.22,0,0
aten::abs,,,16.34,36.85,0,1.38,0,0
empty_tensor,,,11.27,11.27,0,0,0,0
aclnnAbs,,,9.24,9.24,1.38,1.38,0,0
npu::npu_moe_token_unpermute,,,68.74,86.12,0,13.12,0,0
empty_tensor,,,7.64,7.64,0,0,0,0
aclnnMoeTokenUnpermute,,,9.74,9.74,13.12,13.12,0,0
vllm::maybe_pad_and_reduce,,,38.97,284.07,0,15.94,0,0
vllm::reduce_scatter,,,116.23,245.1,0,15.94,0,0
aten::movedim,,,1.61,13.3,0,0,0,0
aten::movedim,,,2.64,11.69,0,0,0,0
aten::permute,,,3.3,9.05,0,0,0,0
aten::as_strided,,,5.75,5.75,0,0,0,0
aten::empty,,,3.05,13.46,0,0,0,0
empty_tensor,,,10.41,10.41,0,0,0,0
c10d::_reduce_scatter_base_,,,54.66,82.91,0,15.159999999999998,0,0
record_event,,,13.69,13.69,0.0,0.0,0,0
wait_event,,,3.15,3.15,2.92,2.92,0,0
HcclReduceScatterBase,,,3.15,5.49,0,12.2,0,0
HcclReduceScatter,,,2.34,2.34,12.2,12.2,0,0
record_event,,,3.5,3.5,0.02,0.02,0,0
record_event,,,2.42,2.42,0.02,0.02,0,0
wait_event,,,3.15,3.15,0.78,0.78,0,0
destroy_event,,,1.66,1.66,0,0,0,0
aten::movedim,,,1.58,14.39,0,0,0,0
aten::movedim,,,2.45,12.81,0,0,0,0
aten::permute,,,5.48,10.36,0,0,0,0
aten::as_strided,,,4.88,4.88,0,0,0,0
Event::wait,,,63.71,77.37,0,0.02,0,0
wait_event,,,13.66,13.66,0.02,0.02,0,0
npu::npu_dynamic_quant,,,30.81,80.8,0,4.08,0,0
empty_tensor,,,12.91,12.91,0,0,0,0
empty_tensor,,,4.0,4.0,0,0,0,0
aclnnDynamicQuantV2,,,33.08,33.08,4.08,4.08,0,0
Event::wait,,,59.77,72.42,0,0.22,0,0
wait_event,,,12.65,12.65,0.22,0.22,0,0
npu::npu_quant_matmul,,,35.41,64.0,0,19.0605,0,0
empty_tensor,,,11.45,11.45,0,0,0,0
aten::empty,,,2.36,4.55,0,0,0,0
empty_tensor,,,2.19,2.19,0,0,0,0
aten::empty,,,1.02,2.69,0,0,0,0
empty_tensor,,,1.67,1.67,0,0,0,0
aclnnQuantMatmulWeightNz,,,9.9,9.9,19.0605,19.0605,0,0
Event::wait,,,56.36,67.1,0,0.2,0,0
wait_event,,,10.74,10.74,0.2,0.2,0,0
_C_ascend::npu_dequant_swiglu_quant,,,46.45,85.55,0,4.98,0,0
aten::empty,,,3.03,14.19,0,0,0,0
empty_tensor,,,11.16,11.16,0,0,0,0
aten::empty,,,1.35,4.96,0,0,0,0
empty_tensor,,,3.61,3.61,0,0,0,0
aten::empty,,,2.37,9.36,0,0,0,0
empty_tensor,,,6.99,6.99,0,0,0,0
aclnnDequantSwigluQuantV2,,,10.59,10.59,4.98,4.98,0,0
Event::wait,,,58.31,70.95,0,0.22,0,0
wait_event,,,12.64,12.64,0.22,0.22,0,0
npu::npu_quant_matmul,,,35.32,62.42,0,17.76,0,0
empty_tensor,,,10.53,10.53,0,0,0,0
aten::empty,,,2.29,4.42,0,0,0,0
empty_tensor,,,2.13,2.13,0,0,0,0
aten::empty,,,0.99,2.63,0,0,0,0
empty_tensor,,,1.64,1.64,0,0,0,0
aclnnQuantMatmulWeightNz,,,9.52,9.52,17.76,17.76,0,0
Event::record,,,70.43,83.74,0,0.02,0,0
record_event,,,13.31,13.31,0.02,0.02,0,0
Event::wait,,,46.31,56.36,0,0.02,0,0
wait_event,,,10.05,10.05,0.02,0.02,0,0
destroy_event,,,6.29,6.29,0,0,0,0
destroy_event,,,6.2,6.2,0,0,0,0
destroy_event,,,1.48,1.48,0,0,0,0
destroy_event,,,1.71,1.71,0,0,0,0
destroy_event,,,1.7,1.7,0,0,0,0
destroy_event,,,1.67,1.67,0,0,0,0
aten::add,,,29.07,47.06,0,7.6205,0,0
empty_tensor,,,11.08,11.08,0,0,0,0
aclnnAdd,,,6.91,6.91,7.6205,7.6205,0,0
vllm::maybe_all_reduce_tensor_model_parallel,,,25.71,25.71,0,0,0,0
aten::unsqueeze,,,5.06,9.39,0,0,0,0
aten::as_strided,,,4.33,4.33,0,0,0,0
aten::unsqueeze,,,2.33,4.25,0,0,0,0
aten::as_strided,,,1.92,1.92,0,0,0,0
aten::unsqueeze,,,2.1,3.69,0,0,0,0
aten::as_strided,,,1.59,1.59,0,0,0,0
aten::unsqueeze,,,1.96,3.43,0,0,0,0
aten::as_strided,,,1.47,1.47,0,0,0,0
_C_ascend::npu_hc_post,,,42.38,77.88,0,7.28,0,0
aten::empty,,,2.46,12.04,0,0,0,0
empty_tensor,,,9.58,9.58,0,0,0,0
aten::empty,,,2.34,12.82,0,0,0,0
empty_tensor,,,10.48,10.48,0,0,0,0
aclnnHcPost,,,10.64,10.64,7.28,7.28,0,0
aten::squeeze,,,4.37,7.22,0,0,0,0
aten::as_strided,,,2.85,2.85,0,0,0,0
_C_ascend::npu_hc_pre_v2,,,37.49,74.67,0,33.0205,0,0
aten::empty,,,1.99,8.91,0,0,0,0
empty_tensor,,,6.92,6.92,0,0,0,0
aten::empty,,,1.27,4.52,0,0,0,0
empty_tensor,,,3.25,3.25,0,0,0,0
aten::empty,,,1.19,4.22,0,0,0,0
empty_tensor,,,3.03,3.03,0,0,0,0
aten::empty,,,1.87,9.89,0,0,0,0
empty_tensor,,,8.02,8.02,0,0,0,0
aclnnHcPre,,,9.64,9.64,33.0205,33.0205,0,0
npu::npu_rms_norm,,,48.02,67.15,0,4.6805,0,0
empty_tensor,,,7.09,7.09,0,0,0,0
empty_tensor,,,3.59,3.59,0,0,0,0
aclnnRmsNorm,,,8.45,8.45,4.6805,4.6805,0,0
aten::empty,,,5.7,12.53,0,0,0,0
empty_tensor,,,6.83,6.83,0,0,0,0
aten::alias,,,4.01,4.01,0,0,0,0
vllm::dsa_forward,,,2196.24,5061.69,0,608.6945,0,0
aten::empty,,,3.12,12.7,0,0,0,0
empty_tensor,,,9.58,9.58,0,0,0,0
c10d::_allgather_base_,,,58.9,90.52,0,11.0,0,0
record_event,,,14.51,14.51,0.0,0.0,0,0
wait_event,,,4.53,4.53,0.02,0.02,0,0
HcclAllgatherBase,,,3.01,6.6,0,10.56,0,0
HcclAllGather,,,3.59,3.59,10.56,10.56,0,0
record_event,,,3.64,3.64,0.2,0.2,0,0
record_event,,,2.34,2.34,0.22,0.22,0,0
npu::npu_dynamic_quant,,,29.83,54.6,0,3.88,0,0
empty_tensor,,,9.74,9.74,0,0,0,0
empty_tensor,,,4.64,4.64,0,0,0,0
aclnnDynamicQuantV2,,,10.39,10.39,3.88,3.88,0,0
npu::npu_quant_matmul,,,31.55,53.88,0,16.5405,0,0
empty_tensor,,,6.82,6.82,0,0,0,0
aten::empty,,,2.44,4.45,0,0,0,0
empty_tensor,,,2.01,2.01,0,0,0,0
aten::empty,,,0.98,2.57,0,0,0,0
empty_tensor,,,1.59,1.59,0,0,0,0
aclnnQuantMatmulWeightNz,,,8.49,8.49,16.5405,16.5405,0,0
_C_ascend::npu_rms_norm_dynamic_quant,,,46.44,100.04,0,6.8405,0,0
aten::empty_like,,,5.3,16.12,0,0,0,0
aten::empty_strided,,,7.57,10.82,0,0,0,0
empty_tensor,,,3.25,3.25,0,0,0,0
aten::empty,,,1.31,4.71,0,0,0,0
empty_tensor,,,3.4,3.4,0,0,0,0
aten::empty,,,1.0,4.18,0,0,0,0
empty_tensor,,,3.18,3.18,0,0,0,0
aten::empty_like,,,1.93,7.65,0,0,0,0
aten::empty_strided,,,3.79,5.72,0,0,0,0
empty_tensor,,,1.93,1.93,0,0,0,0
aten::empty,,,2.24,10.36,0,0,0,0
empty_tensor,,,8.12,8.12,0,0,0,0
aclnnRmsNormDynamicQuant,,,10.58,10.58,6.8405,6.8405,0,0
npu::npu_quant_matmul,,,30.28,51.28,0,33.821,0,0
empty_tensor,,,6.12,6.12,0,0,0,0
aten::empty,,,1.63,3.56,0,0,0,0
empty_tensor,,,1.93,1.93,0,0,0,0
aten::empty,,,0.95,2.44,0,0,0,0
empty_tensor,,,1.49,1.49,0,0,0,0
aclnnQuantMatmulWeightNz,,,8.88,8.88,33.821,33.821,0,0
aten::unflatten,,,5.51,11.08,0,0,0,0
aten::view,,,5.57,5.57,0,0,0,0
aten::view,,,2.82,2.82,0,0,0,0
aten::empty_like,,,4.2,14.48,0,0,0,0
aten::empty_strided,,,6.96,10.28,0,0,0,0
empty_tensor,,,3.32,3.32,0,0,0,0
triton_rms_kernel,,,15.64,15.64,13.16,13.16,0,0
aten::view,,,7.58,7.58,0,0,0,0
aten::unsqueeze,,,3.24,7.68,0,0,0,0
aten::as_strided,,,4.44,4.44,0,0,0,0
_C_ascend::inplace_partial_rotary_mul,,,42.95,71.82,0,5.2205,0,0
aten::empty,,,3.49,17.36,0,0,0,0
empty_tensor,,,13.87,13.87,0,0,0,0
aclnnInplacePartialRotaryMul,,,11.51,11.51,5.2205,5.2205,0,0
wait_event,,,4.92,4.92,0.0,0.0,0,0
aten::slice,,,4.2,8.25,0,0,0,0
aten::as_strided,,,4.05,4.05,0,0,0,0
npu::npu_dynamic_quant,,,28.56,52.53,0,7.08,0,0
empty_tensor,,,10.29,10.29,0,0,0,0
empty_tensor,,,4.16,4.16,0,0,0,0
aclnnDynamicQuantV2,,,9.52,9.52,7.08,7.08,0,0
npu::npu_quant_matmul,,,32.39,57.43,0,13.5605,0,0
empty_tensor,,,8.08,8.08,0,0,0,0
aten::empty,,,2.29,4.4,0,0,0,0
empty_tensor,,,2.11,2.11,0,0,0,0
aten::empty,,,0.97,2.43,0,0,0,0
empty_tensor,,,1.46,1.46,0,0,0,0
aclnnQuantMatmulWeightNz,,,10.13,10.13,13.5605,13.5605,0,0
npu::npu_rms_norm,,,55.01,73.49,0,9.7605,0,0
empty_tensor,,,6.72,6.72,0,0,0,0
empty_tensor,,,3.02,3.02,0,0,0,0
aclnnRmsNorm,,,8.74,8.74,9.7605,9.7605,0,0
aten::view,,,5.78,5.78,0,0,0,0
aten::unsqueeze,,,3.08,7.1,0,0,0,0
aten::as_strided,,,4.02,4.02,0,0,0,0
aten::slice,,,3.14,5.55,0,0,0,0
aten::as_strided,,,2.41,2.41,0,0,0,0
aten::slice,,,0.96,2.67,0,0,0,0
aten::as_strided,,,1.71,1.71,0,0,0,0
_C_ascend::inplace_partial_rotary_mul,,,37.99,61.97,0,8.4805,0,0
aten::empty,,,3.25,13.74,0,0,0,0
empty_tensor,,,10.49,10.49,0,0,0,0
aclnnInplacePartialRotaryMul,,,10.24,10.24,8.4805,8.4805,0,0
_C_ascend::npu_scatter_nd_update_sk,,,31.43,54.98,0,26.0805,0,0
aten::empty,,,2.77,13.85,0,0,0,0
empty_tensor,,,11.08,11.08,0,0,0,0
aclnnScatterNdUpdateSk,,,9.7,9.7,26.0805,26.0805,0,0
aten::squeeze,,,8.65,14.65,0,0,0,0
aten::as_strided,,,6.0,6.0,0,0,0,0
aten::view,,,4.55,4.55,0,0,0,0
aten::view,,,2.36,2.36,0,0,0,0
_C_ascend::compressor,,,47.23,81.23,0,52.881,0,0
aten::empty,,,2.46,11.53,0,0,0,0
empty_tensor,,,9.07,9.07,0,0,0,0
aten::empty,,,2.23,11.47,0,0,0,0
empty_tensor,,,9.24,9.24,0,0,0,0
aclnnCompressor,,,11.0,11.0,52.881,52.881,0,0
aten::reshape,,,1.69,7.01,0,0,0,0
aten::view,,,5.32,5.32,0,0,0,0
aten::linear,,,3.65,51.04,0,6.56,0,0
aten::t,,,5.05,12.09,0,0,0,0
aten::transpose,,,3.23,7.04,0,0,0,0
aten::as_strided,,,3.81,3.81,0,0,0,0
aten::matmul,,,19.19,35.3,0,6.56,0,0
empty_tensor,,,6.89,6.89,0,0,0,0
aclnnMatmul,,,9.22,9.22,6.56,6.56,0,0
aten::mul,,,15.22,31.22,0,1.22,0,0
empty_tensor,,,5.42,5.42,0,0,0,0
aten::item,,,1.92,3.63,0,0,0,0
aten::_local_scalar_dense,,,1.71,1.71,0,0,0,0
aclnnMuls,,,6.95,6.95,1.22,1.22,0,0
aten::alias,,,2.43,2.43,0,0,0,0
aten::reshape,,,1.22,5.05,0,0,0,0
aten::view,,,3.83,3.83,0,0,0,0
npu::npu_dynamic_quant,,,23.69,42.16,0,2.76,0,0
empty_tensor,,,6.25,6.25,0,0,0,0
empty_tensor,,,4.11,4.11,0,0,0,0
aclnnDynamicQuantV2,,,8.11,8.11,2.76,2.76,0,0
aten::unsqueeze,,,3.07,6.87,0,0,0,0
aten::as_strided,,,3.8,3.8,0,0,0,0
_C_ascend::npu_scatter_nd_update_sk,,,34.33,55.29,0,19.8205,0,0
aten::empty,,,2.93,11.36,0,0,0,0
empty_tensor,,,8.43,8.43,0,0,0,0
aclnnScatterNdUpdateSk,,,9.6,9.6,19.8205,19.8205,0,0
aten::to,,,1.95,39.87,0,1.14,0,0
aten::_to_copy,,,5.31,37.92,0,1.14,0,0
aten::empty_strided,,,7.66,11.15,0,0,0,0
empty_tensor,,,3.49,3.49,0,0,0,0
aten::copy_,,,13.75,21.46,0,1.14,0,0
aclnnInplaceCopy,,,7.71,7.71,1.14,1.14,0,0
aten::unsqueeze,,,2.72,6.51,0,0,0,0
aten::as_strided,,,3.79,3.79,0,0,0,0
_C_ascend::npu_scatter_nd_update_sk,,,29.88,50.14,0,18.0805,0,0
aten::empty,,,2.23,10.63,0,0,0,0
empty_tensor,,,8.4,8.4,0,0,0,0
aclnnScatterNdUpdateSk,,,9.63,9.63,18.0805,18.0805,0,0
npu::npu_quant_matmul,,,30.18,54.74,0,15.24,0,0
empty_tensor,,,7.26,7.26,0,0,0,0
aten::empty,,,1.83,3.83,0,0,0,0
empty_tensor,,,2.0,2.0,0,0,0,0
aten::empty,,,0.97,2.58,0,0,0,0
empty_tensor,,,1.61,1.61,0,0,0,0
aclnnQuantMatmulWeightNz,,,10.89,10.89,15.24,15.24,0,0
aten::view,,,4.62,4.62,0,0,0,0
aten::unsqueeze,,,2.6,6.5,0,0,0,0
aten::as_strided,,,3.9,3.9,0,0,0,0
_C_ascend::inplace_partial_rotary_mul,,,38.78,61.63,0,5.16,0,0
aten::empty,,,2.76,12.94,0,0,0,0
empty_tensor,,,10.18,10.18,0,0,0,0
aclnnInplacePartialRotaryMul,,,9.91,9.91,5.16,5.16,0,0
aten::reshape,,,1.71,6.56,0,0,0,0
aten::view,,,4.85,4.85,0,0,0,0
aten::linear,,,4.17,47.79,0,6.0405,0,0
aten::t,,,5.22,11.52,0,0,0,0
aten::transpose,,,2.71,6.3,0,0,0,0
aten::as_strided,,,3.59,3.59,0,0,0,0
aten::matmul,,,16.96,32.1,0,6.0405,0,0
empty_tensor,,,6.88,6.88,0,0,0,0
aclnnMatmul,,,8.26,8.26,6.0405,6.0405,0,0
aten::mul,,,15.03,29.99,0,5.4005,0,0
empty_tensor,,,5.16,5.16,0,0,0,0
aten::item,,,1.85,3.14,0,0,0,0
aten::_local_scalar_dense,,,1.29,1.29,0,0,0,0
aclnnMuls,,,6.66,6.66,5.4005,5.4005,0,0
aten::alias,,,2.76,2.76,0,0,0,0
aten::reshape,,,1.46,5.14,0,0,0,0
aten::view,,,3.68,3.68,0,0,0,0
vllm::unquantized_gemm,,,18.03,65.69,0,9.9205,0,0
aten::linear,,,3.46,47.66,0,9.9205,0,0
aten::t,,,4.61,12.08,0,0,0,0
aten::transpose,,,2.7,7.47,0,0,0,0
aten::as_strided,,,4.77,4.77,0,0,0,0
aten::matmul,,,15.44,32.12,0,9.9205,0,0
empty_tensor,,,7.69,7.69,0,0,0,0
aclnnMatmul,,,8.99,8.99,9.9205,9.9205,0,0
aten::mul,,,15.35,31.51,0,0.92,0,0
empty_tensor,,,6.15,6.15,0,0,0,0
aten::item,,,1.45,2.64,0,0,0,0
aten::_local_scalar_dense,,,1.19,1.19,0,0,0,0
aclnnMuls,,,7.37,7.37,0.92,0.92,0,0
npu::npu_dynamic_quant,,,23.84,44.59,0,6.4,0,0
empty_tensor,,,6.75,6.75,0,0,0,0
empty_tensor,,,5.79,5.79,0,0,0,0
aclnnDynamicQuantV2,,,8.21,8.21,6.4,6.4,0,0
aten::to,,,1.65,35.12,0,1.0005,0,0
aten::_to_copy,,,5.4,33.47,0,1.0005,0,0
aten::empty_strided,,,6.86,10.08,0,0,0,0
empty_tensor,,,3.22,3.22,0,0,0,0
aten::copy_,,,11.6,17.99,0,1.0005,0,0
aclnnInplaceCopy,,,6.39,6.39,1.0005,1.0005,0,0
aten::to,,,1.04,30.72,0,1.22,0,0
aten::_to_copy,,,3.09,29.68,0,1.22,0,0
aten::empty_strided,,,5.68,8.65,0,0,0,0
empty_tensor,,,2.97,2.97,0,0,0,0
aten::copy_,,,11.56,17.94,0,1.22,0,0
aclnnInplaceCopy,,,6.38,6.38,1.22,1.22,0,0
aten::squeeze,,,7.05,11.84,0,0,0,0
aten::as_strided,,,4.79,4.79,0,0,0,0
aten::to,,,1.14,1.14,0,0,0,0
aten::slice,,,6.08,8.79,0,0,0,0
aten::as_strided,,,2.71,2.71,0,0,0,0
_C_ascend::npu_vllm_quant_lightning_indexer,,,52.01,86.49,0,78.2215,0,0
aten::empty,,,2.14,9.54,0,0,0,0
empty_tensor,,,7.4,7.4,0,0,0,0
aten::empty,,,1.2,3.04,0,0,0,0
empty_tensor,,,1.84,1.84,0,0,0,0
aten::empty,,,2.21,11.37,0,0,0,0
empty_tensor,,,9.16,9.16,0,0,0,0
aclnnVllmQuantLightningIndexer,,,10.53,10.53,78.2215,78.2215,0,0
aten::squeeze,,,7.43,12.63,0,0,0,0
aten::as_strided,,,5.2,5.2,0,0,0,0
aten::view,,,4.32,4.32,0,0,0,0
aten::view,,,2.22,2.22,0,0,0,0
_C_ascend::compressor,,,47.04,80.58,0,59.1815,0,0
aten::empty,,,2.3,10.86,0,0,0,0
empty_tensor,,,8.56,8.56,0,0,0,0
aten::empty,,,2.06,11.11,0,0,0,0
empty_tensor,,,9.05,9.05,0,0,0,0
aclnnCompressor,,,11.57,11.57,59.1815,59.1815,0,0
_C_ascend::npu_scatter_nd_update_sk,,,44.89,66.1,0,18.5005,0,0
aten::empty,,,2.19,11.26,0,0,0,0
empty_tensor,,,9.07,9.07,0,0,0,0
aclnnScatterNdUpdateSk,,,9.95,9.95,18.5005,18.5005,0,0
_C_ascend::npu_sparse_attn_sharedkv,,,47.1,82.06,0,45.101,0,0
aten::empty,,,2.29,10.83,0,0,0,0
empty_tensor,,,8.54,8.54,0,0,0,0
aten::empty,,,1.15,3.39,0,0,0,0
empty_tensor,,,2.24,2.24,0,0,0,0
aten::empty,,,2.1,10.72,0,0,0,0
empty_tensor,,,8.62,8.62,0,0,0,0
aclnnSparseAttnSharedkv,,,10.02,10.02,45.101,45.101,0,0
destroy_event,,,2.89,2.89,0,0,0,0
aten::unsqueeze,,,3.84,8.38,0,0,0,0
aten::as_strided,,,4.54,4.54,0,0,0,0
aten::neg,,,13.98,31.53,0,1.16,0,0
empty_tensor,,,6.93,6.93,0,0,0,0
aclnnNeg,,,10.62,10.62,1.16,1.16,0,0
_C_ascend::inplace_partial_rotary_mul,,,36.03,57.97,0,5.5,0,0
aten::empty,,,2.64,12.71,0,0,0,0
empty_tensor,,,10.07,10.07,0,0,0,0
aclnnInplacePartialRotaryMul,,,9.23,9.23,5.5,5.5,0,0
aten::view,,,6.03,6.03,0,0,0,0
aten::permute,,,3.36,8.15,0,0,0,0
aten::as_strided,,,4.79,4.79,0,0,0,0
aten::contiguous,,,2.59,39.05,0,11.7205,0,0
aten::clone,,,4.0,36.46,0,11.7205,0,0
empty_tensor,,,6.36,6.36,0,0,0,0
aten::copy_,,,18.43,26.1,0,11.7205,0,0
aclnnInplaceCopy,,,7.67,7.67,11.7205,11.7205,0,0
aten::view,,,3.54,3.54,0,0,0,0
aten::empty_like,,,4.97,14.49,0,0,0,0
aten::empty_strided,,,6.74,9.52,0,0,0,0
empty_tensor,,,2.78,2.78,0,0,0,0
c10d::alltoall_base_,,,56.63,81.13,0,13.34,0,0
record_event,,,10.26,10.26,0.2,0.2,0,0
wait_event,,,4.76,4.76,0.02,0.02,0,0
HcclAlltoAll,,,2.12,3.58,0,12.68,0,0
HcclAlltoAll,,,1.46,1.46,12.68,12.68,0,0
record_event,,,3.53,3.53,0.22,0.22,0,0
record_event,,,2.37,2.37,0.22,0.22,0,0
wait_event,,,3.21,3.21,0.0,0.0,0,0
destroy_event,,,1.96,1.96,0,0,0,0
aten::view,,,5.45,5.45,0,0,0,0
npu::npu_transpose_batchmatmul,,,30.99,51.65,0,34.421,0,0
empty_tensor,,,10.83,10.83,0,0,0,0
aclnnTransposeBatchMatMul,,,9.83,9.83,34.421,34.421,0,0
aten::reshape,,,3.31,7.85,0,0,0,0
aten::view,,,4.54,4.54,0,0,0,0
vllm::matmul_and_reduce,,,147.52,463.11,0,31.64,0,0
vllm::unquantized_gemm,,,16.72,75.94,0,15.74,0,0
aten::linear,,,4.14,59.22,0,15.74,0,0
aten::t,,,5.39,14.22,0,0,0,0
aten::transpose,,,3.02,8.83,0,0,0,0
aten::as_strided,,,5.81,5.81,0,0,0,0
aten::matmul,,,18.7,40.86,0,15.74,0,0
empty_tensor,,,10.97,10.97,0,0,0,0
aclnnMatmul,,,11.19,11.19,15.74,15.74,0,0
vllm::reduce_scatter,,,115.84,239.65,0,15.9,0,0
aten::movedim,,,1.5,10.87,0,0,0,0
aten::movedim,,,2.49,9.37,0,0,0,0
aten::permute,,,2.9,6.88,0,0,0,0
aten::as_strided,,,3.98,3.98,0,0,0,0
aten::empty,,,2.79,12.62,0,0,0,0
empty_tensor,,,9.83,9.83,0,0,0,0
c10d::_reduce_scatter_base_,,,53.52,84.17,0,15.879999999999999,0,0
record_event,,,12.31,12.31,0.02,0.02,0,0
wait_event,,,4.6,4.6,3.68,3.68,0,0
HcclReduceScatterBase,,,5.89,8.16,0,11.78,0,0
HcclReduceScatter,,,2.27,2.27,11.78,11.78,0,0
record_event,,,3.28,3.28,0.2,0.2,0,0
record_event,,,2.3,2.3,0.2,0.2,0,0
wait_event,,,2.91,2.91,0.02,0.02,0,0
destroy_event,,,1.98,1.98,0,0,0,0
aten::movedim,,,1.38,11.26,0,0,0,0
aten::movedim,,,2.58,9.88,0,0,0,0
aten::permute,,,2.73,7.3,0,0,0,0
aten::as_strided,,,4.57,4.57,0,0,0,0
aten::copy_,,,55.38,66.36,0,0.72,0,0
aclnnInplaceCopy,,,10.98,10.98,0.72,0.72,0,0
aten::unsqueeze,,,4.3,8.17,0,0,0,0
aten::as_strided,,,3.87,3.87,0,0,0,0
aten::unsqueeze,,,2.34,3.86,0,0,0,0
aten::as_strided,,,1.52,1.52,0,0,0,0
aten::unsqueeze,,,2.01,3.51,0,0,0,0
aten::as_strided,,,1.5,1.5,0,0,0,0
aten::detach,,,3.38,3.38,0,0,0,0
aten::reshape,,,4.18,8.96,0,0,0,0
aten::view,,,4.78,4.78,0,0,0,0
aten::unsqueeze,,,2.12,3.74,0,0,0,0
aten::as_strided,,,1.62,1.62,0,0,0,0
_C_ascend::npu_hc_post,,,38.3,75.73,0,8.0,0,0
aten::empty,,,2.51,13.46,0,0,0,0
empty_tensor,,,10.95,10.95,0,0,0,0
aten::empty,,,2.38,12.69,0,0,0,0
empty_tensor,,,10.31,10.31,0,0,0,0
aclnnHcPost,,,11.28,11.28,8.0,8.0,0,0
aten::squeeze,,,4.71,7.13,0,0,0,0
aten::as_strided,,,2.42,2.42,0,0,0,0
_C_ascend::npu_hc_pre_v2,,,37.11,76.57,0,31.2205,0,0
aten::empty,,,1.78,10.46,0,0,0,0
empty_tensor,,,8.68,8.68,0,0,0,0
aten::empty,,,1.14,4.5,0,0,0,0
empty_tensor,,,3.36,3.36,0,0,0,0
aten::empty,,,1.04,4.04,0,0,0,0
empty_tensor,,,3.0,3.0,0,0,0,0
aten::empty,,,2.08,10.22,0,0,0,0
empty_tensor,,,8.14,8.14,0,0,0,0
aclnnHcPre,,,10.24,10.24,31.2205,31.2205,0,0
npu::npu_rms_norm,,,51.28,70.32,0,4.7005,0,0
empty_tensor,,,6.42,6.42,0,0,0,0
empty_tensor,,,3.64,3.64,0,0,0,0
aclnnRmsNorm,,,8.98,8.98,4.7005,4.7005,0,0
aten::reshape,,,4.61,9.06,0,0,0,0
aten::view,,,4.45,4.45,0,0,0,0
vllm::moe_forward_shared,,,1921.02,4779.52,0,346.728,0,0
aten::to,,,2.12,46.65,0,5.9605,0,0
aten::_to_copy,,,5.49,44.53,0,5.9605,0,0
aten::empty_strided,,,8.89,13.68,0,0,0,0
empty_tensor,,,4.79,4.79,0,0,0,0
aten::copy_,,,15.21,25.36,0,5.9605,0,0
aclnnInplaceCopy,,,10.15,10.15,5.9605,5.9605,0,0
Event::record,,,77.89,90.74,0,0.02,0,0
record_event,,,12.85,12.85,0.02,0.02,0,0
aten::linear,,,4.44,57.22,0,11.5405,0,0
aten::t,,,5.41,14.01,0,0,0,0
aten::transpose,,,2.82,8.6,0,0,0,0
aten::as_strided,,,5.78,5.78,0,0,0,0
aten::matmul,,,18.86,38.77,0,11.5405,0,0
empty_tensor,,,10.55,10.55,0,0,0,0
aclnnMatmul,,,9.36,9.36,11.5405,11.5405,0,0
Event::record,,,70.05,81.38,0,0.0,0,0
record_event,,,11.33,11.33,0.0,0.0,0,0
vllm::maybe_all_gather_and_maybe_unpad,,,45.28,303.58,0,16.82,0,0
vllm::all_gather,,,130.95,258.3,0,16.82,0,0
aten::empty,,,4.1,18.21,0,0,0,0
empty_tensor,,,14.11,14.11,0,0,0,0
c10d::_allgather_base_,,,54.32,81.2,0,16.82,0,0
record_event,,,12.85,12.85,0.02,0.02,0,0
wait_event,,,3.42,3.42,5.74,5.74,0,0
HcclAllgatherBase,,,3.11,4.89,0,10.82,0,0
HcclAllGather,,,1.78,1.78,10.82,10.82,0,0
record_event,,,3.38,3.38,0.02,0.02,0,0
record_event,,,2.34,2.34,0.22,0.22,0,0
wait_event,,,3.16,3.16,0.0,0.0,0,0
destroy_event,,,1.67,1.67,0,0,0,0
aten::reshape,,,1.77,8.08,0,0,0,0
aten::view,,,6.31,6.31,0,0,0,0
aten::movedim,,,1.47,11.01,0,0,0,0
aten::movedim,,,2.57,9.54,0,0,0,0
aten::permute,,,2.83,6.97,0,0,0,0
aten::as_strided,,,4.14,4.14,0,0,0,0
aten::reshape,,,0.82,4.02,0,0,0,0
aten::view,,,3.2,3.2,0,0,0,0
vllm::maybe_all_gather_and_maybe_unpad,,,39.72,274.47,0,11.879999999999999,0,0
vllm::all_gather,,,113.84,234.75,0,11.879999999999999,0,0
aten::empty,,,3.23,16.11,0,0,0,0
empty_tensor,,,12.88,12.88,0,0,0,0
c10d::_allgather_base_,,,49.96,76.43,0,11.879999999999999,0,0
record_event,,,12.78,12.78,0.02,0.02,0,0
wait_event,,,3.02,3.02,6.1,6.1,0,0
HcclAllgatherBase,,,3.06,4.95,0,5.54,0,0
HcclAllGather,,,1.89,1.89,5.54,5.54,0,0
record_event,,,3.22,3.22,0.02,0.02,0,0
record_event,,,2.5,2.5,0.2,0.2,0,0
wait_event,,,3.98,3.98,0.0,0.0,0,0
destroy_event,,,2.19,2.19,0,0,0,0
aten::reshape,,,1.47,6.82,0,0,0,0
aten::view,,,5.35,5.35,0,0,0,0
aten::movedim,,,3.02,11.87,0,0,0,0
aten::movedim,,,2.37,8.85,0,0,0,0
aten::permute,,,2.74,6.48,0,0,0,0
aten::as_strided,,,3.74,3.74,0,0,0,0
aten::reshape,,,0.79,3.51,0,0,0,0
aten::view,,,2.72,2.72,0,0,0,0
_C_ascend::moe_gating_top_k_hash,,,41.78,79.73,0,10.64,0,0
aten::empty,,,3.04,15.78,0,0,0,0
empty_tensor,,,12.74,12.74,0,0,0,0
aten::empty,,,1.28,5.36,0,0,0,0
empty_tensor,,,4.08,4.08,0,0,0,0
aten::empty,,,1.08,4.7,0,0,0,0
empty_tensor,,,3.62,3.62,0,0,0,0
aclnnMoeGatingTopKHash,,,12.11,12.11,10.64,10.64,0,0
aten::to,,,1.82,46.88,0,1.08,0,0
aten::_to_copy,,,5.89,45.06,0,1.08,0,0
aten::empty_strided,,,8.44,13.44,0,0,0,0
empty_tensor,,,5.0,5.0,0,0,0,0
aten::copy_,,,17.03,25.73,0,1.08,0,0
aclnnInplaceCopy,,,8.7,8.7,1.08,1.08,0,0
aten::detach,,,4.18,4.18,0,0,0,0
aten::detach,,,1.15,1.15,0,0,0,0
Event::record,,,79.23,93.72,0,0.2,0,0
record_event,,,14.49,14.49,0.2,0.2,0,0
aten::index,,,32.38,55.85,0,18.360500000000002,0,0
empty_tensor,,,6.81,6.81,0,0,0,0
empty_tensor,,,7.45,7.45,0,0,0,0
aclnnIndex,,,9.21,9.21,18.360500000000002,18.360500000000002,0,0
aten::ne,,,11.13,23.6,0,1.46,0,0
empty_tensor,,,5.72,5.72,0,0,0,0
aclnnNeScalar,,,6.75,6.75,1.46,1.46,0,0
aten::mul,,,15.01,26.03,0,2.3600000000000003,0,0
empty_tensor,,,4.78,4.78,0,0,0,0
aclnnMul,,,6.24,6.24,2.3600000000000003,2.3600000000000003,0,0
npu::npu_moe_init_routing_v2,,,23.95,50.2,0,23.98,0,0
empty_tensor,,,8.89,8.89,0,0,0,0
empty_tensor,,,3.43,3.43,0,0,0,0
empty_tensor,,,3.11,3.11,0,0,0,0
empty_tensor,,,3.01,3.01,0,0,0,0
aclnnMoeInitRoutingV3,,,7.81,7.81,23.98,23.98,0,0
aten::to,,,1.6,1.6,0,0,0,0
_C_ascend::grouped_matmul_swiglu_quant_v2,,,187.23,237.19,0,107.0225,0,0
aten::empty,,,3.22,13.76,0,0,0,0
empty_tensor,,,10.54,10.54,0,0,0,0
aten::empty,,,1.18,4.64,0,0,0,0
empty_tensor,,,3.46,3.46,0,0,0,0
aten::empty,,,3.57,17.55,0,0,0,0
empty_tensor,,,13.98,13.98,0,0,0,0
aclnnGroupedMatmulSwigluQuantWeightNzV2,,,14.01,14.01,107.0225,107.0225,0,0
Event::record,,,78.95,92.41,0,0.34,0,0
record_event,,,13.46,13.46,0.34,0.34,0,0
npu::npu_grouped_matmul,,,40.55,69.43,0,60.401,0,0
empty_tensor,,,15.19,15.19,0,0,0,0
npu::get_npu_format,,,1.87,1.87,0,0,0,0
aclnnGroupedMatmulWeightNz,,,11.82,11.82,60.401,60.401,0,0
Event::record,,,71.58,84.18,0,0.02,0,0
record_event,,,12.6,12.6,0.02,0.02,0,0
aten::abs,,,16.67,36.09,0,1.08,0,0
empty_tensor,,,10.79,10.79,0,0,0,0
aclnnAbs,,,8.63,8.63,1.08,1.08,0,0
npu::npu_moe_token_unpermute,,,68.05,84.87,0,12.9205,0,0
empty_tensor,,,7.72,7.72,0,0,0,0
aclnnMoeTokenUnpermute,,,9.1,9.1,12.9205,12.9205,0,0
vllm::maybe_pad_and_reduce,,,38.21,280.04,0,12.161,0,0
vllm::reduce_scatter,,,115.96,241.83,0,12.161,0,0
aten::movedim,,,1.58,13.23,0,0,0,0
aten::movedim,,,2.67,11.65,0,0,0,0
aten::permute,,,3.49,8.98,0,0,0,0
aten::as_strided,,,5.49,5.49,0,0,0,0
aten::empty,,,2.99,13.28,0,0,0,0
empty_tensor,,,10.29,10.29,0,0,0,0
c10d::_reduce_scatter_base_,,,54.66,82.29,0,12.021,0,0
record_event,,,13.35,13.35,0.02,0.02,0,0
wait_event,,,3.12,3.12,0.0,0.0,0,0
HcclReduceScatterBase,,,3.05,5.03,0,11.621,0,0
HcclReduceScatter,,,1.98,1.98,11.621,11.621,0,0
record_event,,,3.65,3.65,0.02,0.02,0,0
record_event,,,2.48,2.48,0.36,0.36,0,0
wait_event,,,3.21,3.21,0.14,0.14,0,0
destroy_event,,,1.71,1.71,0,0,0,0
aten::movedim,,,1.64,12.15,0,0,0,0
aten::movedim,,,2.54,10.51,0,0,0,0
aten::permute,,,2.99,7.97,0,0,0,0
aten::as_strided,,,4.98,4.98,0,0,0,0
Event::wait,,,65.26,79.59,0,0.22,0,0
wait_event,,,14.33,14.33,0.22,0.22,0,0
npu::npu_dynamic_quant,,,29.62,56.77,0,4.06,0,0
empty_tensor,,,12.51,12.51,0,0,0,0
empty_tensor,,,3.98,3.98,0,0,0,0
aclnnDynamicQuantV2,,,10.66,10.66,4.06,4.06,0,0
Event::wait,,,59.46,71.33,0,0.02,0,0
wait_event,,,11.87,11.87,0.02,0.02,0,0
npu::npu_quant_matmul,,,47.36,77.26,0,19.6805,0,0
empty_tensor,,,10.65,10.65,0,0,0,0
aten::empty,,,2.58,5.37,0,0,0,0
empty_tensor,,,2.79,2.79,0,0,0,0
aten::empty,,,1.12,4.48,0,0,0,0
empty_tensor,,,3.36,3.36,0,0,0,0
aclnnQuantMatmulWeightNz,,,9.4,9.4,19.6805,19.6805,0,0
Event::wait,,,58.6,71.09,0,0.22,0,0
wait_event,,,12.49,12.49,0.22,0.22,0,0
_C_ascend::npu_dequant_swiglu_quant,,,48.05,87.96,0,5.4805,0,0
aten::empty,,,2.83,13.79,0,0,0,0
empty_tensor,,,10.96,10.96,0,0,0,0
aten::empty,,,1.24,4.99,0,0,0,0
empty_tensor,,,3.75,3.75,0,0,0,0
aten::empty,,,2.3,9.71,0,0,0,0
empty_tensor,,,7.41,7.41,0,0,0,0
aclnnDequantSwigluQuantV2,,,11.42,11.42,5.4805,5.4805,0,0
Event::wait,,,60.39,73.54,0,0.02,0,0
wait_event,,,13.15,13.15,0.02,0.02,0,0
npu::npu_quant_matmul,,,35.39,62.4,0,18.5205,0,0
empty_tensor,,,10.64,10.64,0,0,0,0
aten::empty,,,2.06,4.02,0,0,0,0
empty_tensor,,,1.96,1.96,0,0,0,0
aten::empty,,,1.06,2.73,0,0,0,0
empty_tensor,,,1.67,1.67,0,0,0,0
aclnnQuantMatmulWeightNz,,,9.62,9.62,18.5205,18.5205,0,0
Event::record,,,69.78,81.07,0,0.24,0,0
record_event,,,11.29,11.29,0.24,0.24,0,0
Event::wait,,,45.72,55.69,0,0.02,0,0
wait_event,,,9.97,9.97,0.02,0.02,0,0
destroy_event,,,6.38,6.38,0,0,0,0
destroy_event,,,6.39,6.39,0,0,0,0
destroy_event,,,1.82,1.82,0,0,0,0
destroy_event,,,2.58,2.58,0,0,0,0
destroy_event,,,1.82,1.82,0,0,0,0
destroy_event,,,1.62,1.62,0,0,0,0
aten::add,,,22.69,41.69,0,7.7,0,0
empty_tensor,,,11.01,11.01,0,0,0,0
aclnnAdd,,,7.99,7.99,7.7,7.7,0,0
vllm::maybe_all_reduce_tensor_model_parallel,,,24.83,24.83,0,0,0,0
aten::unsqueeze,,,5.09,9.32,0,0,0,0
aten::as_strided,,,4.23,4.23,0,0,0,0
aten::unsqueeze,,,2.12,4.03,0,0,0,0
aten::as_strided,,,1.91,1.91,0,0,0,0
aten::unsqueeze,,,2.1,3.62,0,0,0,0
aten::as_strided,,,1.52,1.52,0,0,0,0
aten::unsqueeze,,,1.89,3.39,0,0,0,0
aten::as_strided,,,1.5,1.5,0,0,0,0
_C_ascend::npu_hc_post,,,44.46,80.19,0,7.8,0,0
aten::empty,,,2.81,12.39,0,0,0,0
empty_tensor,,,9.58,9.58,0,0,0,0
aten::empty,,,2.42,12.63,0,0,0,0
empty_tensor,,,10.21,10.21,0,0,0,0
aclnnHcPost,,,10.71,10.71,7.8,7.8,0,0
aten::squeeze,,,4.81,7.61,0,0,0,0
aten::as_strided,,,2.8,2.8,0,0,0,0
aten::mean,,,189.05,207.15,0,9.22,0,0
empty_tensor,,,7.23,7.23,0,0,0,0
aclnnMean,,,10.87,10.87,9.22,9.22,0,0
_C_ascend::npu_hc_pre_v2,,,41.15,77.78,0,33.8805,0,0
aten::empty,,,3.08,11.4,0,0,0,0
empty_tensor,,,8.32,8.32,0,0,0,0
aten::empty,,,1.12,4.95,0,0,0,0
empty_tensor,,,3.83,3.83,0,0,0,0
aten::empty,,,1.09,4.33,0,0,0,0
empty_tensor,,,3.24,3.24,0,0,0,0
aten::empty,,,2.11,10.72,0,0,0,0
empty_tensor,,,8.61,8.61,0,0,0,0
aclnnHcPre,,,5.23,5.23,33.8805,33.8805,0,0
npu::npu_rms_norm,,,48.49,67.32,0,4.5605,0,0
empty_tensor,,,5.34,5.34,0,0,0,0
empty_tensor,,,3.52,3.52,0,0,0,0
aclnnRmsNorm,,,9.97,9.97,4.5605,4.5605,0,0
aten::empty,,,5.71,12.05,0,0,0,0
empty_tensor,,,6.34,6.34,0,0,0,0
aten::alias,,,4.11,4.11,0,0,0,0
vllm::dsa_forward,,,1477.16,3390.65,0,373.86899999999997,0,0
aten::empty,,,2.96,13.24,0,0,0,0
empty_tensor,,,10.28,10.28,0,0,0,0
c10d::_allgather_base_,,,57.61,85.65,0,10.960999999999999,0,0
record_event,,,14.48,14.48,0.2,0.2,0,0
wait_event,,,3.15,3.15,0.02,0.02,0,0
HcclAllgatherBase,,,3.11,4.69,0,10.341,0,0
HcclAllGather,,,1.58,1.58,10.341,10.341,0,0
record_event,,,3.41,3.41,0.2,0.2,0,0
record_event,,,2.31,2.31,0.2,0.2,0,0
npu::npu_dynamic_quant,,,29.13,47.29,0,3.88,0,0
empty_tensor,,,9.89,9.89,0,0,0,0
empty_tensor,,,4.47,4.47,0,0,0,0
aclnnDynamicQuantV2,,,3.8,3.8,3.88,3.88,0,0
npu::npu_quant_matmul,,,29.48,52.17,0,16.4405,0,0
empty_tensor,,,6.33,6.33,0,0,0,0
aten::empty,,,2.23,4.1,0,0,0,0
empty_tensor,,,1.87,1.87,0,0,0,0
aten::empty,,,0.89,2.47,0,0,0,0
empty_tensor,,,1.58,1.58,0,0,0,0
aclnnQuantMatmulWeightNz,,,9.79,9.79,16.4405,16.4405,0,0
_C_ascend::npu_rms_norm_dynamic_quant,,,46.85,105.01,0,6.96,0,0
aten::empty_like,,,5.62,16.47,0,0,0,0
aten::empty_strided,,,7.28,10.85,0,0,0,0
empty_tensor,,,3.57,3.57,0,0,0,0
aten::empty,,,1.55,4.94,0,0,0,0
empty_tensor,,,3.39,3.39,0,0,0,0
aten::empty,,,1.06,4.06,0,0,0,0
empty_tensor,,,3.0,3.0,0,0,0,0
aten::empty_like,,,3.36,8.77,0,0,0,0
aten::empty_strided,,,3.65,5.41,0,0,0,0
empty_tensor,,,1.76,1.76,0,0,0,0
aten::empty,,,2.13,10.38,0,0,0,0
empty_tensor,,,8.25,8.25,0,0,0,0
aclnnRmsNormDynamicQuant,,,13.54,13.54,6.96,6.96,0,0
npu::npu_quant_matmul,,,29.69,51.4,0,36.4005,0,0
empty_tensor,,,6.27,6.27,0,0,0,0
aten::empty,,,1.58,3.45,0,0,0,0
empty_tensor,,,1.87,1.87,0,0,0,0
aten::empty,,,0.97,2.68,0,0,0,0
empty_tensor,,,1.71,1.71,0,0,0,0
aclnnQuantMatmulWeightNz,,,9.31,9.31,36.4005,36.4005,0,0
aten::unflatten,,,5.62,11.23,0,0,0,0
aten::view,,,5.61,5.61,0,0,0,0
aten::view,,,2.86,2.86,0,0,0,0
aten::empty_like,,,4.37,14.62,0,0,0,0
aten::empty_strided,,,7.03,10.25,0,0,0,0
empty_tensor,,,3.22,3.22,0,0,0,0
triton_rms_kernel,,,14.2,14.2,13.5405,13.5405,0,0
aten::view,,,7.52,7.52,0,0,0,0
aten::unsqueeze,,,3.15,7.64,0,0,0,0
aten::as_strided,,,4.49,4.49,0,0,0,0
_C_ascend::inplace_partial_rotary_mul,,,42.77,71.53,0,5.14,0,0
aten::empty,,,3.28,17.45,0,0,0,0
empty_tensor,,,14.17,14.17,0,0,0,0
aclnnInplacePartialRotaryMul,,,11.31,11.31,5.14,5.14,0,0
wait_event,,,4.68,4.68,0.02,0.02,0,0
aten::slice,,,4.18,8.5,0,0,0,0
aten::as_strided,,,4.32,4.32,0,0,0,0
npu::npu_dynamic_quant,,,28.24,52.09,0,7.4405,0,0
empty_tensor,,,9.66,9.66,0,0,0,0
empty_tensor,,,4.63,4.63,0,0,0,0
aclnnDynamicQuantV2,,,9.56,9.56,7.4405,7.4405,0,0
npu::npu_quant_matmul,,,30.37,53.17,0,13.5005,0,0
empty_tensor,,,7.35,7.35,0,0,0,0
aten::empty,,,1.97,3.95,0,0,0,0
empty_tensor,,,1.98,1.98,0,0,0,0
aten::empty,,,0.94,2.48,0,0,0,0
empty_tensor,,,1.54,1.54,0,0,0,0
aclnnQuantMatmulWeightNz,,,9.02,9.02,13.5005,13.5005,0,0
npu::npu_rms_norm,,,54.34,73.38,0,10.44,0,0
empty_tensor,,,6.78,6.78,0,0,0,0
empty_tensor,,,3.3,3.3,0,0,0,0
aclnnRmsNorm,,,8.96,8.96,10.44,10.44,0,0
aten::view,,,5.29,5.29,0,0,0,0
aten::unsqueeze,,,2.76,6.48,0,0,0,0
aten::as_strided,,,3.72,3.72,0,0,0,0
aten::slice,,,3.07,5.39,0,0,0,0
aten::as_strided,,,2.32,2.32,0,0,0,0
aten::slice,,,1.07,2.84,0,0,0,0
aten::as_strided,,,1.77,1.77,0,0,0,0
_C_ascend::inplace_partial_rotary_mul,,,38.02,63.32,0,9.34,0,0
aten::empty,,,3.08,14.16,0,0,0,0
empty_tensor,,,11.08,11.08,0,0,0,0
aclnnInplacePartialRotaryMul,,,11.14,11.14,9.34,9.34,0,0
_C_ascend::npu_scatter_nd_update_sk,,,35.44,56.58,0,26.661,0,0
aten::empty,,,2.51,11.73,0,0,0,0
empty_tensor,,,9.22,9.22,0,0,0,0
aclnnScatterNdUpdateSk,,,9.41,9.41,26.661,26.661,0,0
aten::squeeze,,,8.45,13.48,0,0,0,0
aten::as_strided,,,5.03,5.03,0,0,0,0
aten::view,,,4.29,4.29,0,0,0,0
aten::view,,,2.39,2.39,0,0,0,0
_C_ascend::compressor,,,47.34,81.18,0,42.521,0,0
aten::empty,,,2.63,11.05,0,0,0,0
empty_tensor,,,8.42,8.42,0,0,0,0
aten::empty,,,2.24,10.78,0,0,0,0
empty_tensor,,,8.54,8.54,0,0,0,0
aclnnCompressor,,,12.01,12.01,42.521,42.521,0,0
_C_ascend::npu_scatter_nd_update_sk,,,31.57,54.63,0,15.84,0,0
aten::empty,,,2.6,11.53,0,0,0,0
empty_tensor,,,8.93,8.93,0,0,0,0
aclnnScatterNdUpdateSk,,,11.53,11.53,15.84,15.84,0,0
_C_ascend::npu_sparse_attn_sharedkv,,,44.85,77.97,0,32.1005,0,0
aten::empty,,,1.94,9.97,0,0,0,0
empty_tensor,,,8.03,8.03,0,0,0,0
aten::empty,,,1.19,3.21,0,0,0,0
empty_tensor,,,2.02,2.02,0,0,0,0
aten::empty,,,2.08,9.98,0,0,0,0
empty_tensor,,,7.9,7.9,0,0,0,0
aclnnSparseAttnSharedkv,,,9.96,9.96,32.1005,32.1005,0,0
destroy_event,,,2.6,2.6,0,0,0,0
aten::unsqueeze,,,3.87,8.82,0,0,0,0
aten::as_strided,,,4.95,4.95,0,0,0,0
aten::neg,,,25.13,41.05,0,1.0,0,0
empty_tensor,,,6.65,6.65,0,0,0,0
aclnnNeg,,,9.27,9.27,1.0,1.0,0,0
_C_ascend::inplace_partial_rotary_mul,,,36.39,58.97,0,5.22,0,0
aten::empty,,,3.09,13.02,0,0,0,0
empty_tensor,,,9.93,9.93,0,0,0,0
aclnnInplacePartialRotaryMul,,,9.56,9.56,5.22,5.22,0,0
aten::view,,,5.86,5.86,0,0,0,0
aten::permute,,,3.22,7.89,0,0,0,0
aten::as_strided,,,4.67,4.67,0,0,0,0
aten::contiguous,,,2.28,40.07,0,11.6205,0,0
aten::clone,,,4.19,37.79,0,11.6205,0,0
empty_tensor,,,6.21,6.21,0,0,0,0
aten::copy_,,,18.79,27.39,0,11.6205,0,0
aclnnInplaceCopy,,,8.6,8.6,11.6205,11.6205,0,0
aten::view,,,3.43,3.43,0,0,0,0
aten::empty_like,,,4.92,16.22,0,0,0,0
aten::empty_strided,,,6.77,11.3,0,0,0,0
empty_tensor,,,4.53,4.53,0,0,0,0
c10d::alltoall_base_,,,55.98,78.83,0,13.12,0,0
record_event,,,10.21,10.21,0.36,0.36,0,0
wait_event,,,3.13,3.13,0.02,0.02,0,0
HcclAlltoAll,,,1.95,3.33,0,12.52,0,0
HcclAlltoAll,,,1.38,1.38,12.52,12.52,0,0
record_event,,,3.47,3.47,0.02,0.02,0,0
record_event,,,2.71,2.71,0.2,0.2,0,0
wait_event,,,3.34,3.34,0.02,0.02,0,0
destroy_event,,,1.94,1.94,0,0,0,0
aten::view,,,5.55,5.55,0,0,0,0
npu::npu_transpose_batchmatmul,,,31.84,54.52,0,33.141,0,0
empty_tensor,,,11.86,11.86,0,0,0,0
aclnnTransposeBatchMatMul,,,10.82,10.82,33.141,33.141,0,0
aten::reshape,,,1.58,6.51,0,0,0,0
aten::view,,,4.93,4.93,0,0,0,0
vllm::matmul_and_reduce,,,143.69,461.67,0,57.8215,0,0
vllm::unquantized_gemm,,,16.2,76.66,0,16.8605,0,0
aten::linear,,,4.33,60.46,0,16.8605,0,0
aten::t,,,5.46,14.94,0,0,0,0
aten::transpose,,,3.36,9.48,0,0,0,0
aten::as_strided,,,6.12,6.12,0,0,0,0
aten::matmul,,,19.05,41.19,0,16.8605,0,0
empty_tensor,,,10.44,10.44,0,0,0,0
aclnnMatmul,,,11.7,11.7,16.8605,16.8605,0,0
vllm::reduce_scatter,,,115.71,241.32,0,40.961,0,0
aten::movedim,,,1.58,11.18,0,0,0,0
aten::movedim,,,2.52,9.6,0,0,0,0
aten::permute,,,3.14,7.08,0,0,0,0
aten::as_strided,,,3.94,3.94,0,0,0,0
aten::empty,,,2.69,12.96,0,0,0,0
empty_tensor,,,10.27,10.27,0,0,0,0
c10d::_reduce_scatter_base_,,,58.39,85.76,0,16.7,0,0
record_event,,,12.95,12.95,0.0,0.0,0,0
wait_event,,,3.29,3.29,3.72,3.72,0,0
HcclReduceScatterBase,,,2.87,4.82,0,12.74,0,0
HcclReduceScatter,,,1.95,1.95,12.74,12.74,0,0
record_event,,,3.64,3.64,0.22,0.22,0,0
record_event,,,2.67,2.67,0.02,0.02,0,0
wait_event,,,2.94,2.94,24.261,24.261,0,0
destroy_event,,,1.6,1.6,0,0,0,0
aten::movedim,,,1.35,11.17,0,0,0,0
aten::movedim,,,2.33,9.82,0,0,0,0
aten::permute,,,2.71,7.49,0,0,0,0
aten::as_strided,,,4.78,4.78,0,0,0,0
aten::copy_,,,54.97,66.2,0,0.74,0,0
aclnnInplaceCopy,,,11.23,11.23,0.74,0.74,0,0
aten::unsqueeze,,,4.41,8.41,0,0,0,0
aten::as_strided,,,4.0,4.0,0,0,0,0
aten::unsqueeze,,,2.13,3.75,0,0,0,0
aten::as_strided,,,1.62,1.62,0,0,0,0
aten::unsqueeze,,,2.07,3.48,0,0,0,0
aten::as_strided,,,1.41,1.41,0,0,0,0
aten::detach,,,3.36,3.36,0,0,0,0
aten::reshape,,,4.63,8.44,0,0,0,0
aten::view,,,3.81,3.81,0,0,0,0
aten::unsqueeze,,,2.31,4.06,0,0,0,0
aten::as_strided,,,1.75,1.75,0,0,0,0
_C_ascend::npu_hc_post,,,37.74,74.38,0,7.38,0,0
aten::empty,,,2.7,13.29,0,0,0,0
empty_tensor,,,10.59,10.59,0,0,0,0
aten::empty,,,2.42,12.38,0,0,0,0
empty_tensor,,,9.96,9.96,0,0,0,0
aclnnHcPost,,,10.97,10.97,7.38,7.38,0,0
aten::squeeze,,,4.63,7.16,0,0,0,0
aten::as_strided,,,2.53,2.53,0,0,0,0
_C_ascend::npu_hc_pre_v2,,,36.91,73.98,0,31.821,0,0
aten::empty,,,2.03,8.3,0,0,0,0
empty_tensor,,,6.27,6.27,0,0,0,0
aten::empty,,,1.21,4.61,0,0,0,0
empty_tensor,,,3.4,3.4,0,0,0,0
aten::empty,,,1.11,3.85,0,0,0,0
empty_tensor,,,2.74,2.74,0,0,0,0
aten::empty,,,1.64,9.35,0,0,0,0
empty_tensor,,,7.71,7.71,0,0,0,0
aclnnHcPre,,,10.96,10.96,31.821,31.821,0,0
npu::npu_rms_norm,,,48.89,66.62,0,4.7205,0,0
empty_tensor,,,5.53,5.53,0,0,0,0
empty_tensor,,,3.55,3.55,0,0,0,0
aclnnRmsNorm,,,8.65,8.65,4.7205,4.7205,0,0
aten::reshape,,,4.67,9.48,0,0,0,0
aten::view,,,4.81,4.81,0,0,0,0
vllm::moe_forward_shared,,,1911.57,4757.56,0,370.4675,0,0
aten::to,,,1.94,44.54,0,5.92,0,0
aten::_to_copy,,,5.59,42.6,0,5.92,0,0
aten::empty_strided,,,9.0,13.23,0,0,0,0
empty_tensor,,,4.23,4.23,0,0,0,0
aten::copy_,,,14.34,23.78,0,5.92,0,0
aclnnInplaceCopy,,,9.44,9.44,5.92,5.92,0,0
Event::record,,,77.72,89.63,0,0.02,0,0
record_event,,,11.91,11.91,0.02,0.02,0,0
aten::linear,,,4.52,56.81,0,12.74,0,0
aten::t,,,5.59,14.36,0,0,0,0
aten::transpose,,,2.8,8.77,0,0,0,0
aten::as_strided,,,5.97,5.97,0,0,0,0
aten::matmul,,,18.58,37.93,0,12.74,0,0
empty_tensor,,,10.63,10.63,0,0,0,0
aclnnMatmul,,,8.72,8.72,12.74,12.74,0,0
Event::record,,,68.23,79.02,0,0.24,0,0
record_event,,,10.79,10.79,0.24,0.24,0,0
vllm::maybe_all_gather_and_maybe_unpad,,,44.18,303.07,0,17.060499999999998,0,0
vllm::all_gather,,,131.77,258.89,0,17.060499999999998,0,0
aten::empty,,,4.02,17.59,0,0,0,0
empty_tensor,,,13.57,13.57,0,0,0,0
c10d::_allgather_base_,,,54.92,81.55,0,17.040499999999998,0,0
record_event,,,12.74,12.74,0.02,0.02,0,0
wait_event,,,3.05,3.05,6.5005,6.5005,0,0
HcclAllgatherBase,,,3.07,4.88,0,10.28,0,0
HcclAllGather,,,1.81,1.81,10.28,10.28,0,0
record_event,,,3.46,3.46,0.02,0.02,0,0
record_event,,,2.5,2.5,0.22,0.22,0,0
wait_event,,,3.14,3.14,0.02,0.02,0,0
destroy_event,,,1.49,1.49,0,0,0,0
aten::reshape,,,1.82,8.15,0,0,0,0
aten::view,,,6.33,6.33,0,0,0,0
aten::movedim,,,1.49,11.21,0,0,0,0
aten::movedim,,,2.63,9.72,0,0,0,0
aten::permute,,,3.01,7.09,0,0,0,0
aten::as_strided,,,4.08,4.08,0,0,0,0
aten::reshape,,,0.87,3.99,0,0,0,0
aten::view,,,3.12,3.12,0,0,0,0
vllm::maybe_all_gather_and_maybe_unpad,,,40.27,273.17,0,8.52,0,0
vllm::all_gather,,,112.44,232.9,0,8.52,0,0
aten::empty,,,3.36,15.89,0,0,0,0
empty_tensor,,,12.53,12.53,0,0,0,0
c10d::_allgather_base_,,,51.22,78.38,0,8.52,0,0
record_event,,,12.57,12.57,0.02,0.02,0,0
wait_event,,,3.49,3.49,3.66,3.66,0,0
HcclAllgatherBase,,,3.23,5.24,0,4.82,0,0
HcclAllGather,,,2.01,2.01,4.82,4.82,0,0
record_event,,,3.33,3.33,0.0,0.0,0,0
record_event,,,2.53,2.53,0.02,0.02,0,0
wait_event,,,3.06,3.06,0.0,0.0,0,0
destroy_event,,,1.83,1.83,0,0,0,0
aten::reshape,,,1.62,7.04,0,0,0,0
aten::view,,,5.42,5.42,0,0,0,0
aten::movedim,,,1.47,10.42,0,0,0,0
aten::movedim,,,2.37,8.95,0,0,0,0
aten::permute,,,2.73,6.58,0,0,0,0
aten::as_strided,,,3.85,3.85,0,0,0,0
aten::reshape,,,0.8,3.84,0,0,0,0
aten::view,,,3.04,3.04,0,0,0,0
_C_ascend::moe_gating_top_k_hash,,,42.3,82.83,0,12.0005,0,0
aten::empty,,,2.96,15.44,0,0,0,0
empty_tensor,,,12.48,12.48,0,0,0,0
aten::empty,,,1.26,8.39,0,0,0,0
empty_tensor,,,7.13,7.13,0,0,0,0
aten::empty,,,1.25,4.89,0,0,0,0
empty_tensor,,,3.64,3.64,0,0,0,0
aclnnMoeGatingTopKHash,,,11.81,11.81,12.0005,12.0005,0,0
aten::to,,,1.86,45.96,0,0.92,0,0
aten::_to_copy,,,5.87,44.1,0,0.92,0,0
aten::empty_strided,,,8.22,13.38,0,0,0,0
empty_tensor,,,5.16,5.16,0,0,0,0
aten::copy_,,,16.47,24.85,0,0.92,0,0
aclnnInplaceCopy,,,8.38,8.38,0.92,0.92,0,0
aten::detach,,,4.09,4.09,0,0,0,0
aten::detach,,,1.16,1.16,0,0,0,0
Event::record,,,78.46,91.26,0,0.02,0,0
record_event,,,12.8,12.8,0.02,0.02,0,0
aten::index,,,32.09,55.73,0,18.5405,0,0
empty_tensor,,,6.46,6.46,0,0,0,0
empty_tensor,,,7.58,7.58,0,0,0,0
aclnnIndex,,,9.6,9.6,18.5405,18.5405,0,0
aten::ne,,,10.86,23.2,0,1.62,0,0
empty_tensor,,,5.84,5.84,0,0,0,0
aclnnNeScalar,,,6.5,6.5,1.62,1.62,0,0
aten::mul,,,15.17,25.64,0,2.2199999999999998,0,0
empty_tensor,,,4.58,4.58,0,0,0,0
aclnnMul,,,5.89,5.89,2.2199999999999998,2.2199999999999998,0,0
npu::npu_moe_init_routing_v2,,,23.59,50.49,0,31.6805,0,0
empty_tensor,,,8.18,8.18,0,0,0,0
empty_tensor,,,3.44,3.44,0,0,0,0
empty_tensor,,,3.18,3.18,0,0,0,0
empty_tensor,,,2.91,2.91,0,0,0,0
aclnnMoeInitRoutingV3,,,9.19,9.19,31.6805,31.6805,0,0
aten::to,,,1.59,1.59,0,0,0,0
_C_ascend::grouped_matmul_swiglu_quant_v2,,,186.98,236.67,0,116.542,0,0
aten::empty,,,3.18,13.54,0,0,0,0
empty_tensor,,,10.36,10.36,0,0,0,0
aten::empty,,,1.34,4.86,0,0,0,0
empty_tensor,,,3.52,3.52,0,0,0,0
aten::empty,,,3.45,17.42,0,0,0,0
empty_tensor,,,13.97,13.97,0,0,0,0
aclnnGroupedMatmulSwigluQuantWeightNzV2,,,13.87,13.87,116.542,116.542,0,0
Event::record,,,88.63,102.23,0,0.02,0,0
record_event,,,13.6,13.6,0.02,0.02,0,0
npu::npu_grouped_matmul,,,41.71,71.39,0,67.901,0,0
empty_tensor,,,17.32,17.32,0,0,0,0
npu::get_npu_format,,,1.73,1.73,0,0,0,0
aclnnGroupedMatmulWeightNz,,,10.63,10.63,67.901,67.901,0,0
Event::record,,,73.0,85.65,0,0.24,0,0
record_event,,,12.65,12.65,0.24,0.24,0,0
aten::abs,,,16.04,35.9,0,1.12,0,0
empty_tensor,,,10.88,10.88,0,0,0,0
aclnnAbs,,,8.98,8.98,1.12,1.12,0,0
npu::npu_moe_token_unpermute,,,68.72,85.06,0,12.9405,0,0
empty_tensor,,,7.31,7.31,0,0,0,0
aclnnMoeTokenUnpermute,,,9.03,9.03,12.9405,12.9405,0,0
vllm::maybe_pad_and_reduce,,,41.06,284.37,0,12.719999999999999,0,0
vllm::reduce_scatter,,,115.42,243.31,0,12.719999999999999,0,0
aten::movedim,,,1.69,14.76,0,0,0,0
aten::movedim,,,2.69,13.07,0,0,0,0
aten::permute,,,4.67,10.38,0,0,0,0
aten::as_strided,,,5.71,5.71,0,0,0,0
aten::empty,,,3.11,13.29,0,0,0,0
empty_tensor,,,10.18,10.18,0,0,0,0
c10d::_reduce_scatter_base_,,,54.26,83.48,0,12.719999999999999,0,0
record_event,,,13.14,13.14,0.24,0.24,0,0
wait_event,,,3.08,3.08,0.02,0.02,0,0
HcclReduceScatterBase,,,2.89,7.06,0,12.04,0,0
HcclReduceScatter,,,4.17,4.17,12.04,12.04,0,0
record_event,,,3.53,3.53,0.2,0.2,0,0
record_event,,,2.41,2.41,0.22,0.22,0,0
wait_event,,,3.3,3.3,0.0,0.0,0,0
destroy_event,,,1.65,1.65,0,0,0,0
aten::movedim,,,1.53,11.41,0,0,0,0
aten::movedim,,,2.44,9.88,0,0,0,0
aten::permute,,,2.81,7.44,0,0,0,0
aten::as_strided,,,4.63,4.63,0,0,0,0
Event::wait,,,63.7,77.4,0,0.02,0,0
wait_event,,,13.7,13.7,0.02,0.02,0,0
npu::npu_dynamic_quant,,,29.21,55.91,0,4.44,0,0
empty_tensor,,,12.98,12.98,0,0,0,0
empty_tensor,,,4.13,4.13,0,0,0,0
aclnnDynamicQuantV2,,,9.59,9.59,4.44,4.44,0,0
Event::wait,,,58.49,70.49,0,0.22,0,0
wait_event,,,12.0,12.0,0.22,0.22,0,0
npu::npu_quant_matmul,,,34.53,61.96,0,18.4405,0,0
empty_tensor,,,11.13,11.13,0,0,0,0
aten::empty,,,2.37,4.44,0,0,0,0
empty_tensor,,,2.07,2.07,0,0,0,0
aten::empty,,,1.03,2.71,0,0,0,0
empty_tensor,,,1.68,1.68,0,0,0,0
aclnnQuantMatmulWeightNz,,,9.15,9.15,18.4405,18.4405,0,0
Event::wait,,,56.44,68.28,0,0.2,0,0
wait_event,,,11.84,11.84,0.2,0.2,0,0
_C_ascend::npu_dequant_swiglu_quant,,,46.6,87.65,0,5.0805,0,0
aten::empty,,,3.1,14.66,0,0,0,0
empty_tensor,,,11.56,11.56,0,0,0,0
aten::empty,,,1.26,5.06,0,0,0,0
empty_tensor,,,3.8,3.8,0,0,0,0
aten::empty,,,2.45,10.16,0,0,0,0
empty_tensor,,,7.71,7.71,0,0,0,0
aclnnDequantSwigluQuantV2,,,11.17,11.17,5.0805,5.0805,0,0
Event::wait,,,60.8,74.18,0,0,0,0
wait_event,,,13.38,13.38,0,0,0,0
npu::npu_quant_matmul,,,34.9,62.57,0,19.061,0,0
empty_tensor,,,10.92,10.92,0,0,0,0
aten::empty,,,2.2,4.41,0,0,0,0
empty_tensor,,,2.21,2.21,0,0,0,0
aten::empty,,,0.98,2.53,0,0,0,0
empty_tensor,,,1.55,1.55,0,0,0,0
aclnnQuantMatmulWeightNz,,,9.81,9.81,19.061,19.061,0,0
Event::record,,,69.36,81.27,0,0.0,0,0
record_event,,,11.91,11.91,0.0,0.0,0,0
Event::wait,,,46.44,55.95,0,0.02,0,0
wait_event,,,9.51,9.51,0.02,0.02,0,0
destroy_event,,,6.37,6.37,0,0,0,0
destroy_event,,,6.58,6.58,0,0,0,0
destroy_event,,,1.76,1.76,0,0,0,0
destroy_event,,,1.54,1.54,0,0,0,0
destroy_event,,,1.3,1.3,0,0,0,0
destroy_event,,,3.32,3.32,0,0,0,0
aten::add,,,22.84,41.31,0,7.8,0,0
empty_tensor,,,11.46,11.46,0,0,0,0
aclnnAdd,,,7.01,7.01,7.8,7.8,0,0
vllm::maybe_all_reduce_tensor_model_parallel,,,25.06,25.06,0,0,0,0
aten::unsqueeze,,,4.95,9.2,0,0,0,0
aten::as_strided,,,4.25,4.25,0,0,0,0
aten::unsqueeze,,,2.41,4.39,0,0,0,0
aten::as_strided,,,1.98,1.98,0,0,0,0
aten::unsqueeze,,,2.02,3.41,0,0,0,0
aten::as_strided,,,1.39,1.39,0,0,0,0
aten::unsqueeze,,,1.86,3.38,0,0,0,0
aten::as_strided,,,1.52,1.52,0,0,0,0
_C_ascend::npu_hc_post,,,41.47,77.41,0,7.7005,0,0
aten::empty,,,2.67,12.26,0,0,0,0
empty_tensor,,,9.59,9.59,0,0,0,0
aten::empty,,,2.45,12.91,0,0,0,0
empty_tensor,,,10.46,10.46,0,0,0,0
aclnnHcPost,,,10.77,10.77,7.7005,7.7005,0,0
aten::squeeze,,,4.79,7.59,0,0,0,0
aten::as_strided,,,2.8,2.8,0,0,0,0
aten::mean,,,22.46,37.07,0,8.86,0,0
empty_tensor,,,6.55,6.55,0,0,0,0
aclnnMean,,,8.06,8.06,8.86,8.86,0,0
_C_ascend::npu_hc_pre_v2,,,39.79,74.65,0,31.001,0,0
aten::empty,,,2.15,7.89,0,0,0,0
empty_tensor,,,5.74,5.74,0,0,0,0
aten::empty,,,1.08,4.54,0,0,0,0
empty_tensor,,,3.46,3.46,0,0,0,0
aten::empty,,,1.06,3.77,0,0,0,0
empty_tensor,,,2.71,2.71,0,0,0,0
aten::empty,,,2.04,9.7,0,0,0,0
empty_tensor,,,7.66,7.66,0,0,0,0
aclnnHcPre,,,8.96,8.96,31.001,31.001,0,0
npu::npu_rms_norm,,,50.47,69.04,0,4.9,0,0
empty_tensor,,,6.29,6.29,0,0,0,0
empty_tensor,,,3.39,3.39,0,0,0,0
aclnnRmsNorm,,,8.89,8.89,4.9,4.9,0,0
aten::empty,,,5.8,12.63,0,0,0,0
empty_tensor,,,6.83,6.83,0,0,0,0
aten::alias,,,4.06,4.06,0,0,0,0
vllm::dsa_forward,,,2168.98,4981.47,0,609.5915,0,0
aten::empty,,,3.54,13.79,0,0,0,0
empty_tensor,,,10.25,10.25,0,0,0,0
c10d::_allgather_base_,,,55.13,85.42,0,10.66,0,0
record_event,,,14.24,14.24,0.22,0.22,0,0
wait_event,,,5.04,5.04,0.02,0.02,0,0
HcclAllgatherBase,,,3.11,5.02,0,10.18,0,0
HcclAllGather,,,1.91,1.91,10.18,10.18,0,0
record_event,,,3.57,3.57,0.22,0.22,0,0
record_event,,,2.42,2.42,0.02,0.02,0,0
npu::npu_dynamic_quant,,,29.61,46.52,0,3.84,0,0
empty_tensor,,,9.6,9.6,0,0,0,0
empty_tensor,,,4.29,4.29,0,0,0,0
aclnnDynamicQuantV2,,,3.02,3.02,3.84,3.84,0,0
npu::npu_quant_matmul,,,29.57,52.91,0,17.4,0,0
empty_tensor,,,6.6,6.6,0,0,0,0
aten::empty,,,2.25,4.23,0,0,0,0
empty_tensor,,,1.98,1.98,0,0,0,0
aten::empty,,,1.0,2.59,0,0,0,0
empty_tensor,,,1.59,1.59,0,0,0,0
aclnnQuantMatmulWeightNz,,,9.92,9.92,17.4,17.4,0,0
_C_ascend::npu_rms_norm_dynamic_quant,,,46.02,99.27,0,7.28,0,0
aten::empty_like,,,5.5,16.53,0,0,0,0
aten::empty_strided,,,7.72,11.03,0,0,0,0
empty_tensor,,,3.31,3.31,0,0,0,0
aten::empty,,,1.41,4.86,0,0,0,0
empty_tensor,,,3.45,3.45,0,0,0,0
aten::empty,,,1.06,4.11,0,0,0,0
empty_tensor,,,3.05,3.05,0,0,0,0
aten::empty_like,,,1.89,7.28,0,0,0,0
aten::empty_strided,,,3.59,5.39,0,0,0,0
empty_tensor,,,1.8,1.8,0,0,0,0
aten::empty,,,1.82,9.85,0,0,0,0
empty_tensor,,,8.03,8.03,0,0,0,0
aclnnRmsNormDynamicQuant,,,10.62,10.62,7.28,7.28,0,0
npu::npu_quant_matmul,,,29.95,51.78,0,35.1005,0,0
empty_tensor,,,7.14,7.14,0,0,0,0
aten::empty,,,1.42,3.34,0,0,0,0
empty_tensor,,,1.92,1.92,0,0,0,0
aten::empty,,,0.93,2.58,0,0,0,0
empty_tensor,,,1.65,1.65,0,0,0,0
aclnnQuantMatmulWeightNz,,,8.77,8.77,35.1005,35.1005,0,0
aten::unflatten,,,5.76,11.11,0,0,0,0
aten::view,,,5.35,5.35,0,0,0,0
aten::view,,,2.75,2.75,0,0,0,0
aten::empty_like,,,4.1,14.61,0,0,0,0
aten::empty_strided,,,7.06,10.51,0,0,0,0
empty_tensor,,,3.45,3.45,0,0,0,0
triton_rms_kernel,,,14.87,14.87,13.0405,13.0405,0,0
aten::view,,,7.83,7.83,0,0,0,0
aten::unsqueeze,,,3.27,8.0,0,0,0,0
aten::as_strided,,,4.73,4.73,0,0,0,0
_C_ascend::inplace_partial_rotary_mul,,,42.42,70.87,0,5.52,0,0
aten::empty,,,3.41,17.62,0,0,0,0
empty_tensor,,,14.21,14.21,0,0,0,0
aclnnInplacePartialRotaryMul,,,10.83,10.83,5.52,5.52,0,0
wait_event,,,5.21,5.21,0.0,0.0,0,0
aten::slice,,,4.1,8.2,0,0,0,0
aten::as_strided,,,4.1,4.1,0,0,0,0
npu::npu_dynamic_quant,,,28.26,53.22,0,7.1,0,0
empty_tensor,,,10.31,10.31,0,0,0,0
empty_tensor,,,4.36,4.36,0,0,0,0
aclnnDynamicQuantV2,,,10.29,10.29,7.1,7.1,0,0
npu::npu_quant_matmul,,,29.33,51.36,0,13.78,0,0
empty_tensor,,,6.91,6.91,0,0,0,0
aten::empty,,,1.95,3.9,0,0,0,0
empty_tensor,,,1.95,1.95,0,0,0,0
aten::empty,,,0.95,2.55,0,0,0,0
empty_tensor,,,1.6,1.6,0,0,0,0
aclnnQuantMatmulWeightNz,,,8.67,8.67,13.78,13.78,0,0
npu::npu_rms_norm,,,52.59,71.09,0,9.84,0,0
empty_tensor,,,6.83,6.83,0,0,0,0
empty_tensor,,,3.17,3.17,0,0,0,0
aclnnRmsNorm,,,8.5,8.5,9.84,9.84,0,0
aten::view,,,5.35,5.35,0,0,0,0
aten::unsqueeze,,,2.87,7.06,0,0,0,0
aten::as_strided,,,4.19,4.19,0,0,0,0
aten::slice,,,3.11,5.19,0,0,0,0
aten::as_strided,,,2.08,2.08,0,0,0,0
aten::slice,,,1.02,2.75,0,0,0,0
aten::as_strided,,,1.73,1.73,0,0,0,0
_C_ascend::inplace_partial_rotary_mul,,,37.43,64.45,0,8.78,0,0
aten::empty,,,3.13,13.73,0,0,0,0
empty_tensor,,,10.6,10.6,0,0,0,0
aclnnInplacePartialRotaryMul,,,13.29,13.29,8.78,8.78,0,0
_C_ascend::npu_scatter_nd_update_sk,,,33.51,54.81,0,26.4405,0,0
aten::empty,,,2.44,12.05,0,0,0,0
empty_tensor,,,9.61,9.61,0,0,0,0
aclnnScatterNdUpdateSk,,,9.25,9.25,26.4405,26.4405,0,0
aten::squeeze,,,11.5,17.72,0,0,0,0
aten::as_strided,,,6.22,6.22,0,0,0,0
aten::view,,,4.43,4.43,0,0,0,0
aten::view,,,2.3,2.3,0,0,0,0
_C_ascend::compressor,,,47.6,82.02,0,53.281,0,0
aten::empty,,,2.57,11.86,0,0,0,0
empty_tensor,,,9.29,9.29,0,0,0,0
aten::empty,,,2.32,11.59,0,0,0,0
empty_tensor,,,9.27,9.27,0,0,0,0
aclnnCompressor,,,10.97,10.97,53.281,53.281,0,0
aten::reshape,,,1.75,7.21,0,0,0,0
aten::view,,,5.46,5.46,0,0,0,0
aten::linear,,,3.81,50.88,0,6.24,0,0
aten::t,,,4.99,11.76,0,0,0,0
aten::transpose,,,2.73,6.77,0,0,0,0
aten::as_strided,,,4.04,4.04,0,0,0,0
aten::matmul,,,18.75,35.31,0,6.24,0,0
empty_tensor,,,7.2,7.2,0,0,0,0
aclnnMatmul,,,9.36,9.36,6.24,6.24,0,0
aten::mul,,,14.71,30.8,0,1.04,0,0
empty_tensor,,,5.47,5.47,0,0,0,0
aten::item,,,1.84,3.75,0,0,0,0
aten::_local_scalar_dense,,,1.91,1.91,0,0,0,0
aclnnMuls,,,6.87,6.87,1.04,1.04,0,0
aten::alias,,,2.59,2.59,0,0,0,0
aten::reshape,,,1.2,5.19,0,0,0,0
aten::view,,,3.99,3.99,0,0,0,0
npu::npu_dynamic_quant,,,23.72,46.2,0,2.94,0,0
empty_tensor,,,6.6,6.6,0,0,0,0
empty_tensor,,,3.96,3.96,0,0,0,0
aclnnDynamicQuantV2,,,11.92,11.92,2.94,2.94,0,0
aten::unsqueeze,,,3.06,7.15,0,0,0,0
aten::as_strided,,,4.09,4.09,0,0,0,0
_C_ascend::npu_scatter_nd_update_sk,,,37.01,58.79,0,18.6605,0,0
aten::empty,,,2.94,11.36,0,0,0,0
empty_tensor,,,8.42,8.42,0,0,0,0
aclnnScatterNdUpdateSk,,,10.42,10.42,18.6605,18.6605,0,0
aten::to,,,1.81,39.79,0,0.96,0,0
aten::_to_copy,,,5.18,37.98,0,0.96,0,0
aten::empty_strided,,,7.36,11.06,0,0,0,0
empty_tensor,,,3.7,3.7,0,0,0,0
aten::copy_,,,13.62,21.74,0,0.96,0,0
aclnnInplaceCopy,,,8.12,8.12,0.96,0.96,0,0
aten::unsqueeze,,,2.52,6.43,0,0,0,0
aten::as_strided,,,3.91,3.91,0,0,0,0
_C_ascend::npu_scatter_nd_update_sk,,,31.69,54.27,0,19.56,0,0
aten::empty,,,2.54,11.28,0,0,0,0
empty_tensor,,,8.74,8.74,0,0,0,0
aclnnScatterNdUpdateSk,,,11.3,11.3,19.56,19.56,0,0
npu::npu_quant_matmul,,,29.49,51.94,0,16.16,0,0
empty_tensor,,,7.16,7.16,0,0,0,0
aten::empty,,,1.84,4.01,0,0,0,0
empty_tensor,,,2.17,2.17,0,0,0,0
aten::empty,,,0.99,2.61,0,0,0,0
empty_tensor,,,1.62,1.62,0,0,0,0
aclnnQuantMatmulWeightNz,,,8.67,8.67,16.16,16.16,0,0
aten::view,,,5.1,5.1,0,0,0,0
aten::unsqueeze,,,2.58,6.35,0,0,0,0
aten::as_strided,,,3.77,3.77,0,0,0,0
_C_ascend::inplace_partial_rotary_mul,,,38.39,59.61,0,5.3205,0,0
aten::empty,,,2.77,11.98,0,0,0,0
empty_tensor,,,9.21,9.21,0,0,0,0
aclnnInplacePartialRotaryMul,,,9.24,9.24,5.3205,5.3205,0,0
aten::reshape,,,1.57,6.58,0,0,0,0
aten::view,,,5.01,5.01,0,0,0,0
aten::linear,,,3.69,45.58,0,6.84,0,0
aten::t,,,5.12,11.62,0,0,0,0
aten::transpose,,,2.81,6.5,0,0,0,0
aten::as_strided,,,3.69,3.69,0,0,0,0
aten::matmul,,,16.1,30.27,0,6.84,0,0
empty_tensor,,,6.56,6.56,0,0,0,0
aclnnMatmul,,,7.61,7.61,6.84,6.84,0,0
aten::mul,,,14.36,29.66,0,5.4205,0,0
empty_tensor,,,5.55,5.55,0,0,0,0
aten::item,,,1.65,2.89,0,0,0,0
aten::_local_scalar_dense,,,1.24,1.24,0,0,0,0
aclnnMuls,,,6.86,6.86,5.4205,5.4205,0,0
aten::alias,,,2.44,2.44,0,0,0,0
aten::reshape,,,1.32,5.18,0,0,0,0
aten::view,,,3.86,3.86,0,0,0,0
vllm::unquantized_gemm,,,17.13,64.55,0,11.0805,0,0
aten::linear,,,3.59,47.42,0,11.0805,0,0
aten::t,,,4.77,12.37,0,0,0,0
aten::transpose,,,2.9,7.6,0,0,0,0
aten::as_strided,,,4.7,4.7,0,0,0,0
aten::matmul,,,14.96,31.46,0,11.0805,0,0
empty_tensor,,,7.76,7.76,0,0,0,0
aclnnMatmul,,,8.74,8.74,11.0805,11.0805,0,0
aten::mul,,,14.67,32.02,0,0.94,0,0
empty_tensor,,,6.31,6.31,0,0,0,0
aten::item,,,1.42,2.6,0,0,0,0
aten::_local_scalar_dense,,,1.18,1.18,0,0,0,0
aclnnMuls,,,8.44,8.44,0.94,0.94,0,0
npu::npu_dynamic_quant,,,23.55,41.36,0,6.5005,0,0
empty_tensor,,,6.61,6.61,0,0,0,0
empty_tensor,,,3.8,3.8,0,0,0,0
aclnnDynamicQuantV2,,,7.4,7.4,6.5005,6.5005,0,0
aten::to,,,1.76,38.28,0,0.96,0,0
aten::_to_copy,,,7.25,36.52,0,0.96,0,0
aten::empty_strided,,,7.13,10.48,0,0,0,0
empty_tensor,,,3.35,3.35,0,0,0,0
aten::copy_,,,11.67,18.79,0,0.96,0,0
aclnnInplaceCopy,,,7.12,7.12,0.96,0.96,0,0
aten::to,,,1.05,29.77,0,1.02,0,0
aten::_to_copy,,,3.13,28.72,0,1.02,0,0
aten::empty_strided,,,5.57,8.7,0,0,0,0
empty_tensor,,,3.13,3.13,0,0,0,0
aten::copy_,,,9.91,16.89,0,1.02,0,0
aclnnInplaceCopy,,,6.98,6.98,1.02,1.02,0,0
aten::squeeze,,,7.22,12.23,0,0,0,0
aten::as_strided,,,5.01,5.01,0,0,0,0
aten::to,,,1.02,1.02,0,0,0,0
aten::slice,,,6.41,9.18,0,0,0,0
aten::as_strided,,,2.77,2.77,0,0,0,0
_C_ascend::npu_vllm_quant_lightning_indexer,,,52.44,86.7,0,78.8415,0,0
aten::empty,,,2.09,9.57,0,0,0,0
empty_tensor,,,7.48,7.48,0,0,0,0
aten::empty,,,1.26,3.19,0,0,0,0
empty_tensor,,,1.93,1.93,0,0,0,0
aten::empty,,,1.81,11.01,0,0,0,0
empty_tensor,,,9.2,9.2,0,0,0,0
aclnnVllmQuantLightningIndexer,,,10.49,10.49,78.8415,78.8415,0,0
aten::squeeze,,,6.47,11.91,0,0,0,0
aten::as_strided,,,5.44,5.44,0,0,0,0
aten::view,,,4.28,4.28,0,0,0,0
aten::view,,,2.45,2.45,0,0,0,0
_C_ascend::compressor,,,46.64,79.38,0,59.2615,0,0
aten::empty,,,2.3,10.47,0,0,0,0
empty_tensor,,,8.17,8.17,0,0,0,0
aten::empty,,,2.24,11.03,0,0,0,0
empty_tensor,,,8.79,8.79,0,0,0,0
aclnnCompressor,,,11.24,11.24,59.2615,59.2615,0,0
_C_ascend::npu_scatter_nd_update_sk,,,32.16,53.14,0,18.8605,0,0
aten::empty,,,2.24,10.98,0,0,0,0
empty_tensor,,,8.74,8.74,0,0,0,0
aclnnScatterNdUpdateSk,,,10.0,10.0,18.8605,18.8605,0,0
_C_ascend::npu_sparse_attn_sharedkv,,,43.7,75.38,0,40.661,0,0
aten::empty,,,1.92,8.88,0,0,0,0
empty_tensor,,,6.96,6.96,0,0,0,0
aten::empty,,,1.08,2.96,0,0,0,0
empty_tensor,,,1.88,1.88,0,0,0,0
aten::empty,,,1.81,10.27,0,0,0,0
empty_tensor,,,8.46,8.46,0,0,0,0
aclnnSparseAttnSharedkv,,,9.57,9.57,40.661,40.661,0,0
destroy_event,,,2.85,2.85,0,0,0,0
aten::unsqueeze,,,3.76,8.5,0,0,0,0
aten::as_strided,,,4.74,4.74,0,0,0,0
aten::neg,,,14.48,29.92,0,1.2,0,0
empty_tensor,,,6.68,6.68,0,0,0,0
aclnnNeg,,,8.76,8.76,1.2,1.2,0,0
_C_ascend::inplace_partial_rotary_mul,,,35.7,56.2,0,5.2,0,0
aten::empty,,,2.52,12.05,0,0,0,0
empty_tensor,,,9.53,9.53,0,0,0,0
aclnnInplacePartialRotaryMul,,,8.45,8.45,5.2,5.2,0,0
aten::view,,,5.85,5.85,0,0,0,0
aten::permute,,,3.0,7.75,0,0,0,0
aten::as_strided,,,4.75,4.75,0,0,0,0
aten::contiguous,,,2.44,38.91,0,12.4405,0,0
aten::clone,,,4.15,36.47,0,12.4405,0,0
empty_tensor,,,5.95,5.95,0,0,0,0
aten::copy_,,,18.4,26.37,0,12.4405,0,0
aclnnInplaceCopy,,,7.97,7.97,12.4405,12.4405,0,0
aten::view,,,3.5,3.5,0,0,0,0
aten::empty_like,,,4.58,14.52,0,0,0,0
aten::empty_strided,,,7.08,9.94,0,0,0,0
empty_tensor,,,2.86,2.86,0,0,0,0
c10d::alltoall_base_,,,55.86,78.3,0,13.28,0,0
record_event,,,10.24,10.24,0.02,0.02,0,0
wait_event,,,2.94,2.94,0.02,0.02,0,0
HcclAlltoAll,,,2.15,3.72,0,13.0,0,0
HcclAlltoAll,,,1.57,1.57,13.0,13.0,0,0
record_event,,,3.22,3.22,0.22,0.22,0,0
record_event,,,2.32,2.32,0.02,0.02,0,0
wait_event,,,3.12,3.12,0.02,0.02,0,0
destroy_event,,,1.73,1.73,0,0,0,0
aten::view,,,5.31,5.31,0,0,0,0
npu::npu_transpose_batchmatmul,,,30.07,51.24,0,32.8205,0,0
empty_tensor,,,10.88,10.88,0,0,0,0
aclnnTransposeBatchMatMul,,,10.29,10.29,32.8205,32.8205,0,0
aten::reshape,,,1.68,6.4,0,0,0,0
aten::view,,,4.72,4.72,0,0,0,0
vllm::matmul_and_reduce,,,142.41,456.4,0,30.601000000000003,0,0
vllm::unquantized_gemm,,,16.24,73.93,0,17.28,0,0
aten::linear,,,4.48,57.69,0,17.28,0,0
aten::t,,,5.31,14.37,0,0,0,0
aten::transpose,,,3.04,9.06,0,0,0,0
aten::as_strided,,,6.02,6.02,0,0,0,0
aten::matmul,,,18.35,38.84,0,17.28,0,0
empty_tensor,,,9.94,9.94,0,0,0,0
aclnnMatmul,,,10.55,10.55,17.28,17.28,0,0
vllm::reduce_scatter,,,115.44,240.06,0,13.321,0,0
aten::movedim,,,1.68,11.68,0,0,0,0
aten::movedim,,,2.7,10.0,0,0,0,0
aten::permute,,,3.04,7.3,0,0,0,0
aten::as_strided,,,4.26,4.26,0,0,0,0
aten::empty,,,2.76,13.0,0,0,0,0
empty_tensor,,,10.24,10.24,0,0,0,0
c10d::_reduce_scatter_base_,,,53.98,81.7,0,13.301,0,0
record_event,,,12.18,12.18,0.2,0.2,0,0
wait_event,,,2.99,2.99,0.02,0.02,0,0
HcclReduceScatterBase,,,2.82,6.41,0,13.041,0,0
HcclReduceScatter,,,3.59,3.59,13.041,13.041,0,0
record_event,,,3.52,3.52,0.02,0.02,0,0
record_event,,,2.62,2.62,0.02,0.02,0,0
wait_event,,,4.94,4.94,0.02,0.02,0,0
destroy_event,,,1.78,1.78,0,0,0,0
aten::movedim,,,1.45,11.52,0,0,0,0
aten::movedim,,,2.42,10.07,0,0,0,0
aten::permute,,,2.79,7.65,0,0,0,0
aten::as_strided,,,4.86,4.86,0,0,0,0
aten::copy_,,,53.71,63.71,0,0.7,0,0
aclnnInplaceCopy,,,10.0,10.0,0.7,0.7,0,0
aten::unsqueeze,,,4.31,8.28,0,0,0,0
aten::as_strided,,,3.97,3.97,0,0,0,0
aten::unsqueeze,,,2.2,3.82,0,0,0,0
aten::as_strided,,,1.62,1.62,0,0,0,0
aten::unsqueeze,,,1.93,3.39,0,0,0,0
aten::as_strided,,,1.46,1.46,0,0,0,0
aten::detach,,,3.38,3.38,0,0,0,0
aten::reshape,,,4.36,8.19,0,0,0,0
aten::view,,,3.83,3.83,0,0,0,0
aten::unsqueeze,,,2.48,4.2,0,0,0,0
aten::as_strided,,,1.72,1.72,0,0,0,0
_C_ascend::npu_hc_post,,,38.3,76.07,0,7.48,0,0
aten::empty,,,2.68,13.75,0,0,0,0
empty_tensor,,,11.07,11.07,0,0,0,0
aten::empty,,,2.35,12.71,0,0,0,0
empty_tensor,,,10.36,10.36,0,0,0,0
aclnnHcPost,,,11.31,11.31,7.48,7.48,0,0
aten::squeeze,,,4.42,7.04,0,0,0,0
aten::as_strided,,,2.62,2.62,0,0,0,0
_C_ascend::npu_hc_pre_v2,,,35.95,73.82,0,32.5005,0,0
aten::empty,,,2.13,9.22,0,0,0,0
empty_tensor,,,7.09,7.09,0,0,0,0
aten::empty,,,1.12,4.4,0,0,0,0
empty_tensor,,,3.28,3.28,0,0,0,0
aten::empty,,,1.07,3.78,0,0,0,0
empty_tensor,,,2.71,2.71,0,0,0,0
aten::empty,,,2.14,9.93,0,0,0,0
empty_tensor,,,7.79,7.79,0,0,0,0
aclnnHcPre,,,10.54,10.54,32.5005,32.5005,0,0
npu::npu_rms_norm,,,48.12,67.47,0,5.16,0,0
empty_tensor,,,7.02,7.02,0,0,0,0
empty_tensor,,,3.6,3.6,0,0,0,0
aclnnRmsNorm,,,8.73,8.73,5.16,5.16,0,0
aten::reshape,,,4.87,9.34,0,0,0,0
aten::view,,,4.47,4.47,0,0,0,0
vllm::moe_forward_shared,,,1925.16,4760.67,0,342.9465,0,0
aten::to,,,1.93,47.56,0,6.36,0,0
aten::_to_copy,,,5.49,45.63,0,6.36,0,0
aten::empty_strided,,,8.86,13.23,0,0,0,0
empty_tensor,,,4.37,4.37,0,0,0,0
aten::copy_,,,15.63,26.91,0,6.36,0,0
aclnnInplaceCopy,,,11.28,11.28,6.36,6.36,0,0
Event::record,,,77.13,89.23,0,0.2,0,0
record_event,,,12.1,12.1,0.2,0.2,0,0
aten::linear,,,4.43,57.14,0,12.58,0,0
aten::t,,,5.59,14.26,0,0,0,0
aten::transpose,,,2.77,8.67,0,0,0,0
aten::as_strided,,,5.9,5.9,0,0,0,0
aten::matmul,,,19.12,38.45,0,12.58,0,0
empty_tensor,,,10.43,10.43,0,0,0,0
aclnnMatmul,,,8.9,8.9,12.58,12.58,0,0
Event::record,,,69.57,80.77,0,0.02,0,0
record_event,,,11.2,11.2,0.02,0.02,0,0
vllm::maybe_all_gather_and_maybe_unpad,,,44.92,303.31,0,17.801,0,0
vllm::all_gather,,,129.58,258.39,0,17.801,0,0
aten::empty,,,3.88,17.58,0,0,0,0
empty_tensor,,,13.7,13.7,0,0,0,0
c10d::_allgather_base_,,,55.22,83.2,0,17.701,0,0
record_event,,,14.01,14.01,0.02,0.02,0,0
wait_event,,,3.08,3.08,6.9205,6.9205,0,0
HcclAllgatherBase,,,3.17,4.95,0,10.34,0,0
HcclAllGather,,,1.78,1.78,10.34,10.34,0,0
record_event,,,3.46,3.46,0.22,0.22,0,0
record_event,,,2.48,2.48,0.2005,0.2005,0,0
wait_event,,,3.34,3.34,0.1,0.1,0,0
destroy_event,,,1.77,1.77,0,0,0,0
aten::reshape,,,1.71,8.15,0,0,0,0
aten::view,,,6.44,6.44,0,0,0,0
aten::movedim,,,1.53,10.67,0,0,0,0
aten::movedim,,,2.52,9.14,0,0,0,0
aten::permute,,,2.84,6.62,0,0,0,0
aten::as_strided,,,3.78,3.78,0,0,0,0
aten::reshape,,,1.02,4.1,0,0,0,0
aten::view,,,3.08,3.08,0,0,0,0
vllm::maybe_all_gather_and_maybe_unpad,,,41.56,278.34,0,10.8405,0,0
vllm::all_gather,,,113.96,236.78,0,10.8405,0,0
aten::empty,,,2.91,16.05,0,0,0,0
empty_tensor,,,13.14,13.14,0,0,0,0
c10d::_allgather_base_,,,50.3,77.26,0,10.820500000000001,0,0
record_event,,,12.85,12.85,0.02,0.02,0,0
wait_event,,,2.93,2.93,5.0005,5.0005,0,0
HcclAllgatherBase,,,3.0,4.69,0,5.36,0,0
HcclAllGather,,,1.69,1.69,5.36,5.36,0,0
record_event,,,3.56,3.56,0.22,0.22,0,0
record_event,,,2.93,2.93,0.22,0.22,0,0
wait_event,,,3.07,3.07,0.02,0.02,0,0
destroy_event,,,1.59,1.59,0,0,0,0
aten::reshape,,,1.49,7.09,0,0,0,0
aten::view,,,5.6,5.6,0,0,0,0
aten::movedim,,,1.49,10.8,0,0,0,0
aten::movedim,,,2.4,9.31,0,0,0,0
aten::permute,,,3.1,6.91,0,0,0,0
aten::as_strided,,,3.81,3.81,0,0,0,0
aten::reshape,,,3.93,6.96,0,0,0,0
aten::view,,,3.03,3.03,0,0,0,0
_C_ascend::moe_gating_top_k_hash,,,42.64,80.21,0,10.82,0,0
aten::empty,,,3.02,15.7,0,0,0,0
empty_tensor,,,12.68,12.68,0,0,0,0
aten::empty,,,1.33,5.14,0,0,0,0
empty_tensor,,,3.81,3.81,0,0,0,0
aten::empty,,,1.14,4.73,0,0,0,0
empty_tensor,,,3.59,3.59,0,0,0,0
aclnnMoeGatingTopKHash,,,12.0,12.0,10.82,10.82,0,0
aten::to,,,1.83,46.69,0,1.04,0,0
aten::_to_copy,,,5.91,44.86,0,1.04,0,0
aten::empty_strided,,,8.56,13.62,0,0,0,0
empty_tensor,,,5.06,5.06,0,0,0,0
aten::copy_,,,16.81,25.33,0,1.04,0,0
aclnnInplaceCopy,,,8.52,8.52,1.04,1.04,0,0
aten::detach,,,4.69,4.69,0,0,0,0
aten::detach,,,1.32,1.32,0,0,0,0
Event::record,,,78.68,91.49,0,0.02,0,0
record_event,,,12.81,12.81,0.02,0.02,0,0
aten::index,,,32.13,56.38,0,19.0405,0,0
empty_tensor,,,6.77,6.77,0,0,0,0
empty_tensor,,,7.74,7.74,0,0,0,0
aclnnIndex,,,9.74,9.74,19.0405,19.0405,0,0
aten::ne,,,10.87,24.09,0,1.3,0,0
empty_tensor,,,6.04,6.04,0,0,0,0
aclnnNeScalar,,,7.18,7.18,1.3,1.3,0,0
aten::mul,,,15.14,25.02,0,2.24,0,0
empty_tensor,,,4.24,4.24,0,0,0,0
aclnnMul,,,5.64,5.64,2.24,2.24,0,0
npu::npu_moe_init_routing_v2,,,24.11,49.14,0,28.6205,0,0
empty_tensor,,,8.12,8.12,0,0,0,0
empty_tensor,,,3.23,3.23,0,0,0,0
empty_tensor,,,2.82,2.82,0,0,0,0
empty_tensor,,,3.0,3.0,0,0,0,0
aclnnMoeInitRoutingV3,,,7.86,7.86,28.6205,28.6205,0,0
aten::to,,,1.54,1.54,0,0,0,0
_C_ascend::grouped_matmul_swiglu_quant_v2,,,184.95,233.4,0,97.7015,0,0
aten::empty,,,3.18,12.83,0,0,0,0
empty_tensor,,,9.65,9.65,0,0,0,0
aten::empty,,,1.26,4.84,0,0,0,0
empty_tensor,,,3.58,3.58,0,0,0,0
aten::empty,,,3.73,17.92,0,0,0,0
empty_tensor,,,14.19,14.19,0,0,0,0
aclnnGroupedMatmulSwigluQuantWeightNzV2,,,12.86,12.86,97.7015,97.7015,0,0
Event::record,,,76.63,89.85,0,0.24,0,0
record_event,,,13.22,13.22,0.24,0.24,0,0
npu::npu_grouped_matmul,,,39.79,67.92,0,59.361,0,0
empty_tensor,,,15.66,15.66,0,0,0,0
npu::get_npu_format,,,1.69,1.69,0,0,0,0
aclnnGroupedMatmulWeightNz,,,10.78,10.78,59.361,59.361,0,0
Event::record,,,72.57,84.56,0,0.2,0,0
record_event,,,11.99,11.99,0.2,0.2,0,0
aten::abs,,,15.61,35.05,0,1.1,0,0
empty_tensor,,,10.52,10.52,0,0,0,0
aclnnAbs,,,8.92,8.92,1.1,1.1,0,0
npu::npu_moe_token_unpermute,,,68.74,85.35,0,12.6,0,0
empty_tensor,,,7.73,7.73,0,0,0,0
aclnnMoeTokenUnpermute,,,8.88,8.88,12.6,12.6,0,0
vllm::maybe_pad_and_reduce,,,37.83,283.42,0,12.86,0,0
vllm::reduce_scatter,,,119.07,245.59,0,12.86,0,0
aten::movedim,,,1.8,14.22,0,0,0,0
aten::movedim,,,2.77,12.42,0,0,0,0
aten::permute,,,3.65,9.65,0,0,0,0
aten::as_strided,,,6.0,6.0,0,0,0,0
aten::empty,,,3.0,14.01,0,0,0,0
empty_tensor,,,11.01,11.01,0,0,0,0
c10d::_reduce_scatter_base_,,,54.6,82.07,0,12.66,0,0
record_event,,,13.67,13.67,0.22,0.22,0,0
wait_event,,,3.16,3.16,0.02,0.02,0,0
HcclReduceScatterBase,,,2.87,4.76,0,12.0,0,0
HcclReduceScatter,,,1.89,1.89,12.0,12.0,0,0
record_event,,,3.52,3.52,0.22,0.22,0,0
record_event,,,2.36,2.36,0.2,0.2,0,0
wait_event,,,3.34,3.34,0.2,0.2,0,0
destroy_event,,,1.55,1.55,0,0,0,0
aten::movedim,,,1.43,11.33,0,0,0,0
aten::movedim,,,2.41,9.9,0,0,0,0
aten::permute,,,3.02,7.49,0,0,0,0
aten::as_strided,,,4.47,4.47,0,0,0,0
Event::wait,,,65.01,78.86,0,0,0,0
wait_event,,,13.85,13.85,0,0,0,0
npu::npu_dynamic_quant,,,29.4,56.18,0,4.1205,0,0
empty_tensor,,,12.86,12.86,0,0,0,0
empty_tensor,,,3.9,3.9,0,0,0,0
aclnnDynamicQuantV2,,,10.02,10.02,4.1205,4.1205,0,0
Event::wait,,,58.45,70.52,0,0,0,0
wait_event,,,12.07,12.07,0,0,0,0
npu::npu_quant_matmul,,,34.86,62.51,0,19.3205,0,0
empty_tensor,,,10.95,10.95,0,0,0,0
aten::empty,,,2.31,4.45,0,0,0,0
empty_tensor,,,2.14,2.14,0,0,0,0
aten::empty,,,1.0,2.63,0,0,0,0
empty_tensor,,,1.63,1.63,0,0,0,0
aclnnQuantMatmulWeightNz,,,9.62,9.62,19.3205,19.3205,0,0
Event::wait,,,57.85,70.28,0,0,0,0
wait_event,,,12.43,12.43,0,0,0,0
_C_ascend::npu_dequant_swiglu_quant,,,45.75,86.35,0,5.1805,0,0
aten::empty,,,4.6,15.77,0,0,0,0
empty_tensor,,,11.17,11.17,0,0,0,0
aten::empty,,,1.29,5.09,0,0,0,0
empty_tensor,,,3.8,3.8,0,0,0,0
aten::empty,,,2.36,9.19,0,0,0,0
empty_tensor,,,6.83,6.83,0,0,0,0
aclnnDequantSwigluQuantV2,,,10.55,10.55,5.1805,5.1805,0,0
Event::wait,,,59.34,71.84,0,0,0,0
wait_event,,,12.5,12.5,0,0,0,0
npu::npu_quant_matmul,,,35.98,62.78,0,19.16,0,0
empty_tensor,,,10.65,10.65,0,0,0,0
aten::empty,,,2.15,4.21,0,0,0,0
empty_tensor,,,2.06,2.06,0,0,0,0
aten::empty,,,1.04,2.71,0,0,0,0
empty_tensor,,,1.67,1.67,0,0,0,0
aclnnQuantMatmulWeightNz,,,9.23,9.23,19.16,19.16,0,0
Event::record,,,69.28,81.08,0,0.2,0,0
record_event,,,11.8,11.8,0.2,0.2,0,0
Event::wait,,,44.56,54.45,0,0.02,0,0
wait_event,,,9.89,9.89,0.02,0.02,0,0
destroy_event,,,5.87,5.87,0,0,0,0
destroy_event,,,7.0,7.0,0,0,0,0
destroy_event,,,2.74,2.74,0,0,0,0
destroy_event,,,1.34,1.34,0,0,0,0
destroy_event,,,4.33,4.33,0,0,0,0
destroy_event,,,2.91,2.91,0,0,0,0
aten::add,,,23.18,44.09,0,7.6405,0,0
empty_tensor,,,11.51,11.51,0,0,0,0
aclnnAdd,,,9.4,9.4,7.6405,7.6405,0,0
vllm::maybe_all_reduce_tensor_model_parallel,,,26.13,26.13,0,0,0,0
aten::unsqueeze,,,4.92,9.06,0,0,0,0
aten::as_strided,,,4.14,4.14,0,0,0,0
aten::unsqueeze,,,2.31,4.27,0,0,0,0
aten::as_strided,,,1.96,1.96,0,0,0,0
aten::unsqueeze,,,2.06,3.52,0,0,0,0
aten::as_strided,,,1.46,1.46,0,0,0,0
aten::unsqueeze,,,1.87,3.3,0,0,0,0
aten::as_strided,,,1.43,1.43,0,0,0,0
_C_ascend::npu_hc_post,,,40.47,76.55,0,7.1805,0,0
aten::empty,,,2.96,12.48,0,0,0,0
empty_tensor,,,9.52,9.52,0,0,0,0
aten::empty,,,2.24,12.82,0,0,0,0
empty_tensor,,,10.58,10.58,0,0,0,0
aclnnHcPost,,,10.78,10.78,7.1805,7.1805,0,0
aten::squeeze,,,4.58,7.28,0,0,0,0
aten::as_strided,,,2.7,2.7,0,0,0,0
aten::mean,,,21.55,36.06,0,8.94,0,0
empty_tensor,,,6.48,6.48,0,0,0,0
aclnnMean,,,8.03,8.03,8.94,8.94,0,0
aten::reshape,,,4.72,8.95,0,0,0,0
aten::view,,,4.23,4.23,0,0,0,0
vllm::all_gather,,,141.67,261.21,0,26.621,0,0
aten::empty,,,2.64,13.09,0,0,0,0
empty_tensor,,,10.45,10.45,0,0,0,0
c10d::_allgather_base_,,,54.01,79.54,0,26.601,0,0
record_event,,,11.65,11.65,0.2,0.2,0,0
wait_event,,,3.2,3.2,0.02,0.02,0,0
HcclAllgatherBase,,,3.08,4.82,0,25.921,0,0
HcclAllGather,,,1.74,1.74,25.921,25.921,0,0
record_event,,,3.37,3.37,0.22,0.22,0,0
record_event,,,2.49,2.49,0.24,0.24,0,0
wait_event,,,3.35,3.35,0.02,0.02,0,0
destroy_event,,,1.67,1.67,0,0,0,0
aten::reshape,,,1.76,7.4,0,0,0,0
aten::view,,,5.64,5.64,0,0,0,0
aten::movedim,,,1.56,10.56,0,0,0,0
aten::movedim,,,2.58,9.0,0,0,0,0
aten::permute,,,2.73,6.42,0,0,0,0
aten::as_strided,,,3.69,3.69,0,0,0,0
aten::reshape,,,0.98,3.93,0,0,0,0
aten::view,,,2.95,2.95,0,0,0,0
aten::slice_scatter,,,23.59,156.32,0,389.74800000000005,0,0
aten::as_strided,,,9.3,9.3,0,0,0,0
aten::clone,,,5.31,53.57,0,381.588,0,0
aten::empty_strided,,,12.83,17.9,0,0,0,0
empty_tensor,,,5.07,5.07,0,0,0,0
aten::copy_,,,17.96,30.36,0,381.588,0,0
aclnnInplaceCopy,,,12.4,12.4,381.588,381.588,0,0
aten::as_strided,,,2.3,2.3,0,0,0,0
aten::slice,,,2.27,3.58,0,0,0,0
aten::as_strided,,,1.31,1.31,0,0,0,0
aten::copy_,,,55.54,63.98,0,8.16,0,0
aclnnInplaceCopy,,,8.44,8.44,8.16,8.16,0,0
aten::reshape,,,4.56,8.23,0,0,0,0
aten::view,,,3.67,3.67,0,0,0,0
aten::_to_copy,,,7.93,44.7,0,6.58,0,0
aten::empty_strided,,,10.35,15.81,0,0,0,0
empty_tensor,,,5.46,5.46,0,0,0,0
aten::copy_,,,12.02,20.96,0,6.58,0,0
aclnnInplaceCopy,,,8.94,8.94,6.58,6.58,0,0
aten::pow,,,22.08,39.66,0,11.3205,0,0
aten::result_type,,,3.26,3.26,0,0,0,0
empty_tensor,,,7.93,7.93,0,0,0,0
aclnnPowTensorScalar,,,6.39,6.39,11.3205,11.3205,0,0
aten::mean,,,18.89,31.66,0,10.46,0,0
empty_tensor,,,6.13,6.13,0,0,0,0
aclnnMean,,,6.64,6.64,10.46,10.46,0,0
aten::add,,,19.29,34.62,0,1.2005,0,0
empty_tensor,,,5.28,5.28,0,0,0,0
aten::item,,,1.99,3.34,0,0,0,0
aten::_local_scalar_dense,,,1.35,1.35,0,0,0,0
aclnnAdds,,,6.71,6.71,1.2005,1.2005,0,0
aten::rsqrt,,,12.02,24.04,0,1.06,0,0
empty_tensor,,,5.25,5.25,0,0,0,0
aclnnRsqrt,,,6.77,6.77,1.06,1.06,0,0
aten::t,,,7.31,17.24,0,0,0,0
aten::transpose,,,4.78,9.93,0,0,0,0
aten::as_strided,,,5.15,5.15,0,0,0,0
aten::matmul,,,24.13,37.42,0,30.1005,0,0
empty_tensor,,,5.84,5.84,0,0,0,0
aclnnMatmul,,,7.45,7.45,30.1005,30.1005,0,0
aten::mul,,,12.74,25.11,0,2.3,0,0
empty_tensor,,,5.32,5.32,0,0,0,0
aclnnMul,,,7.05,7.05,2.3,2.3,0,0
aten::mul,,,13.11,24.03,0,1.3,0,0
empty_tensor,,,4.62,4.62,0,0,0,0
aclnnMul,,,6.3,6.3,1.3,1.3,0,0
aten::add,,,12.03,22.62,0,2.6,0,0
empty_tensor,,,4.47,4.47,0,0,0,0
aclnnAdd,,,6.12,6.12,2.6,2.6,0,0
aten::sigmoid,,,12.3,23.03,0,1.14,0,0
empty_tensor,,,4.58,4.58,0,0,0,0
aclnnSigmoid,,,6.15,6.15,1.14,1.14,0,0
aten::add,,,13.91,28.19,0,1.2,0,0
empty_tensor,,,4.62,4.62,0,0,0,0
aten::item,,,1.54,2.67,0,0,0,0
aten::_local_scalar_dense,,,1.13,1.13,0,0,0,0
aclnnAdds,,,6.99,6.99,1.2,1.2,0,0
aten::unsqueeze,,,3.89,7.4,0,0,0,0
aten::as_strided,,,3.51,3.51,0,0,0,0
aten::reshape,,,4.24,7.68,0,0,0,0
aten::view,,,3.44,3.44,0,0,0,0
aten::mul,,,11.94,25.77,0,7.7,0,0
empty_tensor,,,6.36,6.36,0,0,0,0
aclnnMul,,,7.47,7.47,7.7,7.7,0,0
aten::sum,,,19.27,32.02,0,10.88,0,0
empty_tensor,,,5.62,5.62,0,0,0,0
aclnnReduceSum,,,7.13,7.13,10.88,10.88,0,0
aten::_to_copy,,,7.76,36.9,0,6.28,0,0
aten::empty_strided,,,7.49,11.05,0,0,0,0
empty_tensor,,,3.56,3.56,0,0,0,0
aten::copy_,,,11.15,18.09,0,6.28,0,0
aclnnInplaceCopy,,,6.94,6.94,6.28,6.28,0,0
npu::npu_rms_norm,,,53.72,70.57,0,6.1205,0,0
empty_tensor,,,5.43,5.43,0,0,0,0
empty_tensor,,,3.42,3.42,0,0,0,0
aclnnRmsNorm,,,8.0,8.0,6.1205,6.1205,0,0
aten::copy_,,,16.91,24.1,0,441.0485,0,0
aclnnInplaceCopy,,,7.19,7.19,441.0485,441.0485,0,0
vllm::all_gather,,,139.82,275.17,0,75.28200000000001,0,0
aten::empty,,,4.45,19.41,0,0,0,0
empty_tensor,,,14.96,14.96,0,0,0,0
c10d::_allgather_base_,,,58.7,86.84,0,75.262,0,0
record_event,,,14.38,14.38,0.02,0.02,0,0
wait_event,,,3.15,3.15,64.421,64.421,0,0
HcclAllgatherBase,,,2.81,4.54,0,10.561,0,0
HcclAllGather,,,1.73,1.73,10.561,10.561,0,0
record_event,,,3.62,3.62,0.24,0.24,0,0
record_event,,,2.45,2.45,0.02,0.02,0,0
wait_event,,,3.19,3.19,0.02,0.02,0,0
destroy_event,,,2.27,2.27,0,0,0,0
aten::reshape,,,1.84,8.25,0,0,0,0
aten::view,,,6.41,6.41,0,0,0,0
aten::movedim,,,1.65,11.48,0,0,0,0
aten::movedim,,,2.59,9.83,0,0,0,0
aten::permute,,,3.21,7.24,0,0,0,0
aten::as_strided,,,4.03,4.03,0,0,0,0
aten::reshape,,,0.95,3.91,0,0,0,0
aten::view,,,2.96,2.96,0,0,0,0
vllm::all_gather,,,117.02,239.16,0,13.941500000000001,0,0
aten::empty,,,3.02,15.37,0,0,0,0
empty_tensor,,,12.35,12.35,0,0,0,0
c10d::_allgather_base_,,,52.78,80.36,0,13.9215,0,0
record_event,,,13.54,13.54,0.02,0.02,0,0
wait_event,,,3.47,3.47,3.5605,3.5605,0,0
HcclAllgatherBase,,,2.9,4.87,0,10.121,0,0
HcclAllGather,,,1.97,1.97,10.121,10.121,0,0
record_event,,,3.33,3.33,0.02,0.02,0,0
record_event,,,2.37,2.37,0.2,0.2,0,0
wait_event,,,3.62,3.62,0.02,0.02,0,0
destroy_event,,,1.57,1.57,0,0,0,0
aten::reshape,,,1.65,6.88,0,0,0,0
aten::view,,,5.23,5.23,0,0,0,0
aten::movedim,,,1.45,10.77,0,0,0,0
aten::movedim,,,2.45,9.32,0,0,0,0
aten::permute,,,2.98,6.87,0,0,0,0
aten::as_strided,,,3.89,3.89,0,0,0,0
aten::reshape,,,0.87,3.57,0,0,0,0
aten::view,,,2.7,2.7,0,0,0,0
vllm::all_gather,,,113.26,233.27,0,14.540000000000001,0,0
aten::empty,,,2.93,15.37,0,0,0,0
empty_tensor,,,12.44,12.44,0,0,0,0
c10d::_allgather_base_,,,49.24,75.92,0,14.540000000000001,0,0
record_event,,,12.27,12.27,0.02,0.02,0,0
wait_event,,,4.29,4.29,3.64,3.64,0,0
HcclAllgatherBase,,,3.15,4.8,0,10.66,0,0
HcclAllGather,,,1.65,1.65,10.66,10.66,0,0
record_event,,,3.07,3.07,0.2,0.2,0,0
record_event,,,2.25,2.25,0.02,0.02,0,0
wait_event,,,3.07,3.07,0.0,0.0,0,0
destroy_event,,,1.43,1.43,0,0,0,0
aten::reshape,,,1.52,6.6,0,0,0,0
aten::view,,,5.08,5.08,0,0,0,0
aten::movedim,,,1.4,13.89,0,0,0,0
aten::movedim,,,2.33,12.49,0,0,0,0
aten::permute,,,2.94,10.16,0,0,0,0
aten::as_strided,,,7.22,7.22,0,0,0,0
aten::reshape,,,0.84,3.73,0,0,0,0
aten::view,,,2.89,2.89,0,0,0,0
vllm::all_gather,,,115.95,237.08,0,16.86,0,0
aten::empty,,,2.91,15.39,0,0,0,0
empty_tensor,,,12.48,12.48,0,0,0,0
c10d::_allgather_base_,,,50.82,79.68,0,16.86,0,0
record_event,,,12.49,12.49,0.02,0.02,0,0
wait_event,,,5.73,5.73,6.26,6.26,0,0
HcclAllgatherBase,,,3.12,4.93,0,10.3,0,0
HcclAllGather,,,1.81,1.81,10.3,10.3,0,0
record_event,,,3.35,3.35,0.02,0.02,0,0
record_event,,,2.36,2.36,0.26,0.26,0,0
wait_event,,,2.92,2.92,0.0,0.0,0,0
destroy_event,,,1.57,1.57,0,0,0,0
aten::reshape,,,1.71,7.13,0,0,0,0
aten::view,,,5.42,5.42,0,0,0,0
aten::movedim,,,1.54,10.65,0,0,0,0
aten::movedim,,,2.45,9.11,0,0,0,0
aten::permute,,,2.8,6.66,0,0,0,0
aten::as_strided,,,3.86,3.86,0,0,0,0
aten::reshape,,,0.86,3.79,0,0,0,0
aten::view,,,2.93,2.93,0,0,0,0
