3636001188033653,3636001203454724,3636001203971429,3636001224313277,3636001224534774,3636001224668493,3636001262000925,1,7,7,1,0
3636001367319966,3636001376900631,3636001377292257,3636001383533529,3636001383668887,3636001383770276,3636001409225048,1,7,7,0,0
3636001434856548,3636001436519830,3636001436884806,3636001442936060,3636001443060619,3636001443158308,3636001466743870,1,7,7,0,0
3636001490794008,3636001492472859,3636001492833025,3636001499031168,3636001499157816,3636001499254345,3636001523004156,1,7,7,0,0
3636001546604708,3636001548294580,3636001548652566,3636001554679840,3636001554806659,3636001554905798,3636001578273093,1,7,7,0,0
3636001600833656,3636001602463979,3636001602825185,3636001608857219,3636001608984487,3636001609080686,3636001632410782,1,7,7,0,0
3636001653891067,3636001655505490,3636001655863256,3636001661852270,3636001661979679,3636001662075878,3636001685468773,1,7,7,0,0
3636001712751106,3636001714541986,3636001714899152,3636001720907887,3636001721036666,3636001721133745,3636001744482180,1,7,7,0,0
3636001766378322,3636001767989334,3636001768369060,3636001774432804,3636001774560433,3636001774656322,3636001798092546,1,7,7,0,0
3636001819529413,3636001821169965,3636001821537511,3636001827586325,3636001827715874,3636001827811193,3636001851355036,1,7,7,0,0
3636002241325959,3636002243579774,3636002243954280,3636002250368800,3636002250499069,3636002250597198,3636002275042761,1,7,7,1,0
3636002296062182,3636002297695415,3636002298058721,3636002304126974,3636002304259643,3636002304356822,3636002327722647,1,7,7,0,0
3636002351762586,3636002353408638,3636002353766814,3636002359751769,3636002359877497,3636002359972506,3636002383372401,1,7,7,0,0
3636002406474680,3636002408121282,3636002408499438,3636002414467943,3636002414595551,3636002414690870,3636002438177924,1,7,7,0,0
3636002459886748,3636002461532500,3636002461898156,3636002467757732,3636002467879611,3636002467964750,3636002491300786,1,7,7,0,0
3636002526852038,3636002528650769,3636002529033885,3636002535135688,3636002535266047,3636002535362296,3636002559242416,1,7,7,0,0
3636002579569534,3636002581222046,3636002581583002,3636002587520408,3636002587652266,3636002587749095,3636002611268669,1,7,7,0,0
3636002631823895,3636002633465067,3636002633818973,3636002639832688,3636002639959526,3636002640074775,3636002663606369,1,7,7,0,0
3636002683624931,3636002685280343,3636002685637599,3636002691560625,3636002691688094,3636002691786143,3636002715266637,1,7,7,0,0
3636002735705005,3636002737343728,3636002737705834,3636002743713398,3636002743843897,3636002743938916,3636002767404591,1,7,7,0,0
3636002787371044,3636002789002916,3636002789364982,3636002795276888,3636002795402677,3636002795501136,3636002819109319,1,7,7,0,0
3636002839250650,3636002840895122,3636002841255168,3636002847191954,3636002847323222,3636002847419901,3636002871028155,1,7,7,0,0
3636002891732890,3636002893367262,3636002893731498,3636002899799702,3636002899929451,3636002900039329,3636002923683022,1,7,7,0,0
3636003309029665,3636003315930270,3636003316324615,3636003322842405,3636003322971413,3636003323069032,3636003348542975,1,7,7,1,0
3636003372372086,3636003374079228,3636003374466483,3636003380614087,3636003380749505,3636003380848324,3636003405305628,1,7,7,0,0
3636003428090441,3636003429809222,3636003430176948,3636003436315841,3636003436455240,3636003436586718,3636003460653777,1,7,7,0,0
3636003481240993,3636003482951874,3636003483329260,3636003489471644,3636003489607162,3636003489708331,3636003513910138,1,7,7,0,0
3636003537986556,3636003539645378,3636003540025984,3636003546074858,3636003546205537,3636003546306696,3636003570223236,1,7,7,0,0
3636003590487746,3636003592143648,3636003592510914,3636003598518689,3636003598647417,3636003598744606,3636003622522788,1,7,7,0,0
3636003642897836,3636003644601138,3636003644958174,3636003650942559,3636003651070367,3636003651166236,3636003674962388,1,7,7,0,0
3636003695688713,3636003697353265,3636003697726251,3636003703827925,3636003703959104,3636003704077692,3636003727985943,1,7,7,0,0
3636003749561259,3636003751201511,3636003751571067,3636003757694931,3636003757824860,3636003757922538,3636003781688851,1,7,7,0,0
3636003803919620,3636003805574472,3636003805935848,3636003812055341,3636003812189170,3636003812289799,3636003836148050,1,7,7,0,0
3636003858686786,3636003860363718,3636003860726524,3636003866905957,3636003867034435,3636003867133064,3636003891393781,1,7,7,0,0
3636003913242384,3636003914933016,3636003915308172,3636003921547944,3636003921679313,3636003921779792,3636003945903220,1,7,7,0,0
3636003967615555,3636003969276057,3636003969647833,3636003975761216,3636003975894265,3636003975990624,3636003999790876,1,7,7,0,0
3636005245589761,3636005248079224,3636005248466550,3636005254897421,3636005255026909,3636005255125458,3636005280087438,1,7,7,1,0
3636005656858222,3636005658583853,3636005658964449,3636005665429209,3636005665555868,3636005665651437,3636005689150493,1,7,7,1,0
3636006073621463,3636006075406424,3636006075799819,3636006082293679,3636006082421268,3636006082518237,3636006106174182,1,7,7,1,0
3636006466292314,3636006467917367,3636006468246823,3636006474006281,3636006474122980,3636006474203289,3636006499072110,1,7,7,1,0
3636006880386339,3636006890641359,3636006891026745,3636006904890306,3636006905073704,3636006905190092,3636006940777259,2,14,14,1,0
3636007726256861,3636007735398602,3636007735764508,3636007744224238,3636007744353796,3636007744451335,3636007768908992,2,14,14,1,0
3636008226235818,3636008228232886,3636008228720301,3636008240851431,3636008241071078,3636008241202447,3636008273594049,4,28,28,1,0
3636008707011092,3636008708962581,3636008709414647,3636008721499727,3636008721698835,3636008721828334,3636008757985866,6,42,42,1,0
3636009174445361,3636009176419219,3636009176890424,3636009183903959,3636009184126797,3636009184258875,3636009215639849,8,56,56,1,0
3636009654778830,3636009656753089,3636009657209394,3636009669283005,3636009669492023,3636009669624611,3636009702438240,10,70,70,1,0
3636010120496778,3636010122442547,3636010122896842,3636010130677169,3636010130877037,3636010131009386,3636010160756107,12,84,84,1,0
3636010603316223,3636010609968552,3636010610352558,3636010621185782,3636010621291991,3636010621405699,3636010647046995,12,84,84,1,0
3636010725502567,3636010727171910,3636010727543916,3636010733745769,3636010733841278,3636010733946017,3636010758243548,12,84,84,0,0
3636010805424394,3636010807262255,3636010807627881,3636010813766795,3636010813864444,3636010813971473,3636010837875098,12,84,84,0,0
3636010870131504,3636010871959894,3636010872359020,3636010878482104,3636010878574954,3636010878679522,3636010902581317,12,84,84,0,0
3636010934189380,3636010935812453,3636010936199828,3636010942361023,3636010942457062,3636010942560961,3636010966413006,12,84,84,0,0
3636010998359285,3636010999982548,3636011000361694,3636011006485038,3636011006580667,3636011006684026,3636011030204245,12,84,84,0,0
3636011062284433,3636011063850886,3636011064233512,3636011070312397,3636011070404316,3636011070507055,3636011093906095,12,84,84,0,0
3636011127031382,3636011128629954,3636011128993951,3636011135036286,3636011135130985,3636011135233104,3636011158855782,12,84,84,0,0
3636011191240226,3636011192913118,3636011193271245,3636011199351140,3636011199449609,3636011199552927,3636011223154346,12,84,84,0,0
3636011258034903,3636011259660716,3636011260042942,3636011266222556,3636011266317635,3636011266421674,3636011290221310,12,84,84,0,0
3636011320114811,3636011321716034,3636011322081380,3636011328214094,3636011328310503,3636011328420702,3636011351992990,12,84,84,0,0
3636011384328015,3636011385926948,3636011386293514,3636011392404069,3636011392499178,3636011392604607,3636011416266384,12,84,84,0,0
3636011448657129,3636011450256672,3636011450618318,3636011456756932,3636011456851091,3636011456956200,3636011480679197,12,84,84,0,0
3636011512841814,3636011514605065,3636011514974711,3636011521153925,3636011521248504,3636011521351693,3636011545079399,12,84,84,0,0
3636011576970249,3636011578891799,3636011579252385,3636011585407019,3636011585501138,3636011585604687,3636011609132096,12,84,84,0,0
3636011641336062,3636011642939085,3636011643305041,3636011649474605,3636011649568974,3636011649675973,3636011673373150,12,84,84,0,0
3636011706604756,3636011708465257,3636011708830683,3636011714932158,3636011715027817,3636011715132976,3636011738732904,12,84,84,0,0
3636011770529566,3636011772320197,3636011772711962,3636011778691669,3636011778781848,3636011778880227,3636011801949831,12,84,84,0,0
3636011836016648,3636011837732740,3636011838125546,3636011844055873,3636011844146412,3636011844247571,3636011867224446,12,84,84,0,0
3636011900274974,3636011902010565,3636011902402041,3636011908406327,3636011908497936,3636011908597055,3636011931696209,12,84,84,0,0
3636011965037424,3636011966732516,3636011967112292,3636011973135208,3636011973224147,3636011973323836,3636011996274621,12,84,84,0,0
3636012030346189,3636012031957901,3636012032335877,3636012038402833,3636012038491452,3636012038592341,3636012061754464,12,84,84,0,0
3636012094945281,3636012096677922,3636012097101658,3636012103050624,3636012103141653,3636012103241202,3636012126258787,12,84,84,0,0
3636012160493133,3636012162357103,3636012162700449,3636012168660306,3636012168750125,3636012168850404,3636012192048897,12,84,84,0,0
3636012225239993,3636012227047414,3636012227389810,3636012233452126,3636012233543685,3636012233643114,3636012256924226,12,84,84,0,0
3636012291251700,3636012292845243,3636012293201549,3636012299178736,3636012299271625,3636012299370674,3636012322569617,12,84,84,0,0
3636012355893862,3636012357560524,3636012357914830,3636012363914166,3636012364036745,3636012364145284,3636012387507885,12,84,84,0,0
3636012420413205,3636012422133246,3636012422484572,3636012428501438,3636012428595647,3636012428695676,3636012451959669,12,84,84,0,0
3636012485450492,3636012487187093,3636012487537790,3636012493557996,3636012493650285,3636012493750864,3636012521186971,12,84,84,0,0
3636012550343551,3636012552045113,3636012552404989,3636012558414095,3636012558508664,3636012558609163,3636012581919955,12,84,84,0,0
3636012615228990,3636012617005461,3636012617360487,3636012623359063,3636012623452482,3636012623552841,3636012646851453,12,84,84,0,0
3636012680564514,3636012682301626,3636012682700972,3636012688693228,3636012688784857,3636012688885416,3636012712217508,12,84,84,0,0
3636012745016170,3636012746875150,3636012747229266,3636012753259312,3636012753351351,3636012753453030,3636012776839841,12,84,84,0,0
3636012810190097,3636012811919509,3636012812285885,3636012818294621,3636012818386690,3636012818486369,3636012841799221,12,84,84,0,0
3636012875740311,3636012877334414,3636012877687700,3636012883681086,3636012883775405,3636012883877234,3636012907270455,12,84,84,0,0
3636012946198892,3636012947887564,3636012948300030,3636012954601903,3636012954700952,3636012954803020,3636012978959124,12,84,84,0,0
3636013005431982,3636013007029215,3636013007387002,3636013013420868,3636013013515227,3636013013618955,3636013037010137,12,84,84,0,0
3636013070651889,3636013072262682,3636013072619309,3636013078644245,3636013078735544,3636013078839232,3636013102239674,12,84,84,0,0
3636013135921086,3636013137564028,3636013137925615,3636013143957151,3636013144062429,3636013144168738,3636013167651259,12,84,84,0,0
3636013200872836,3636013202482099,3636013202834135,3636013208852951,3636013208945320,3636013209046439,3636013232525859,12,84,84,0,0
3636013265993104,3636013267575277,3636013267934673,3636013273980769,3636013274074288,3636013274175197,3636013297784656,12,84,84,0,0
3636013330708066,3636013332317699,3636013332690775,3636013338786260,3636013338879169,3636013338980698,3636013362866124,12,84,84,0,0
3636013395725525,3636013397377528,3636013397744074,3636013403918138,3636013404023847,3636013404133566,3636013428196310,12,84,84,0,0
3636013460871753,3636013462485356,3636013462853422,3636013469031236,3636013469127605,3636013469232764,3636013493254849,12,84,84,0,0
3636013525879762,3636013527498805,3636013527871481,3636013533976386,3636013534070865,3636013534178414,3636013558063750,12,84,84,0,0
3636013591246718,3636013592873050,3636013593232887,3636013599334272,3636013599429721,3636013599532960,3636013623318167,12,84,84,0,0
3636013655939760,3636013657574593,3636013657939359,3636013664077684,3636013664173913,3636013664279892,3636013688035990,12,84,84,0,0
3636013720865702,3636013722471005,3636013722827021,3636013728956926,3636013729054105,3636013729158574,3636013752940452,12,84,84,0,0
3636013787297118,3636013788911520,3636013789278097,3636013795432101,3636013795527840,3636013795630889,3636013819412757,12,84,84,0,0
3636013851776144,3636013853412177,3636013853774303,3636013859928608,3636013860032186,3636013860141685,3636013883951033,12,84,84,0,0
3636013916303220,3636013917902403,3636013918270069,3636013924415494,3636013924515043,3636013924621652,3636013948355820,12,84,84,0,0
3636013981236101,3636013982826155,3636013983193861,3636013989264076,3636013989360495,3636013989466534,3636014013146783,12,84,84,0,0
3636014046016755,3636014047605898,3636014047970724,3636014054036380,3636014054129089,3636014054230708,3636014077871857,12,84,84,0,0
3636014111178844,3636014112770247,3636014113133753,3636014119172299,3636014119267558,3636014119371227,3636014142919687,12,84,84,0,0
3636014176011417,3636014177601580,3636014177960866,3636014184013682,3636014184110501,3636014184216920,3636014207770400,12,84,84,0,0
3636014240809340,3636014242483432,3636014242845128,3636014248955343,3636014249050032,3636014249155361,3636014272688492,12,84,84,0,0
3636014305180927,3636014307037667,3636014307402794,3636014313525559,3636014313618158,3636014313722227,3636014337289627,12,84,84,0,0
3636014370826871,3636014372498243,3636014372864190,3636014378962175,3636014379058444,3636014379163193,3636014402798432,12,84,84,0,0
3636014435815982,3636014437605433,3636014437969779,3636014444022995,3636014444117604,3636014444222893,3636014467984621,12,84,84,0,0
3636014500790673,3636014502444216,3636014502771252,3636014508813308,3636014508907327,3636014509012756,3636014532751504,12,84,84,0,0
3636014565368719,3636014567097730,3636014567458846,3636014573572492,3636014573667871,3636014573771980,3636014597420529,12,84,84,0,0
3636014629918874,3636014631718925,3636014632098661,3636014638160657,3636014638251816,3636014638354535,3636014662100623,12,84,84,0,0
3636014694739348,3636014696700227,3636014697063023,3636014703216378,3636014703312747,3636014703418006,3636014727174485,12,84,84,0,0
3636014764084894,3636014765749377,3636014766122673,3636014772395746,3636014772488575,3636014772592084,3636014796667420,12,84,84,0,0
3636014824669753,3636014826294496,3636014826654032,3636014832784818,3636014832878887,3636014832980926,3636014856724664,12,84,84,0,0
3636014889588367,3636014891314128,3636014891735394,3636014897871179,3636014897967278,3636014898073157,3636014921881805,12,84,84,0,0
3636014954591859,3636014956322651,3636014956719067,3636014962867202,3636014962958971,3636014963063330,3636014986814278,12,84,84,0,0
3636015019459543,3636015021099526,3636015021459332,3636015027485028,3636015027579717,3636015027684046,3636015051110948,12,84,84,0,0
3636015085912490,3636015087694171,3636015088072817,3636015094186063,3636015094281662,3636015094386060,3636015118172929,12,84,84,0,0
3636015151814423,3636015153428546,3636015153795472,3636015159892418,3636015159986777,3636015160104995,3636015183785565,12,84,84,0,0
3636015216756216,3636015218355289,3636015218720055,3636015224858510,3636015224951819,3636015225055618,3636015248757128,12,84,84,0,0
3636015281862327,3636015283474440,3636015283837936,3636015289932042,3636015290024901,3636015290128170,3636015313895498,12,84,84,0,0
3636015346904119,3636015348512312,3636015348874468,3636015355009874,3636015355104923,3636015355210851,3636015378852801,12,84,84,0,0
3636015412070100,3636015413687163,3636015414054219,3636015420216814,3636015420313263,3636015420419222,3636015444209150,12,84,84,0,0
3636015476861055,3636015478470548,3636015478841784,3636015484988639,3636015485082748,3636015485187347,3636015509709177,12,84,84,0,0
3636015541298823,3636015542894376,3636015543258002,3636015549356718,3636015549452627,3636015549558276,3636015573305155,12,84,84,0,0
3636015605980759,3636015607748780,3636015608129276,3636015614224322,3636015614319651,3636015614424060,3636015638052440,12,84,84,0,0
3636015670751114,3636015672569755,3636015672929501,3636015679025007,3636015679118736,3636015679221515,3636015702963484,12,84,84,0,0
3636015735883337,3636015737515629,3636015737880395,3636015744011161,3636015744107980,3636015744213449,3636015768088887,12,84,84,0,0
3636015872975450,3636015875002578,3636015875407464,3636015883264351,3636015883476209,3636015883606407,3636015916655669,11,77,77,0,0
3636015939118052,3636015940743064,3636015941127290,3636015947287335,3636015947380604,3636015947482453,3636015971360721,11,77,77,0,0
3636016005339553,3636016006943526,3636016007307572,3636016013491097,3636016013586866,3636016013690165,3636016037411794,11,77,77,0,0
3636016438447442,3636016440751727,3636016441132123,3636016447552066,3636016447644515,3636016447752113,3636016472479672,12,84,84,1,0
3636016503683253,3636016505309206,3636016505677102,3636016511685829,3636016511800947,3636016511909726,3636016535812584,12,84,84,0,0
3636016571713415,3636016573521766,3636016573887672,3636016579874719,3636016579968038,3636016580090137,3636016603881626,12,84,84,0,0
3636016636219364,3636016638091875,3636016638451021,3636016644572766,3636016644666385,3636016644769574,3636016668566923,12,84,84,0,0
3636016700528347,3636016702273328,3636016702667624,3636016708708370,3636016708802969,3636016708904438,3636016732718978,12,84,84,0,0
3636016765512682,3636016767173775,3636016767538891,3636016773552278,3636016773647037,3636016773751555,3636016797536675,12,84,84,0,0
3636016829925654,3636016831517467,3636016831882523,3636016838008559,3636016838102328,3636016838206077,3636016861833978,12,84,84,0,0
3636016894155998,3636016895753181,3636016896125577,3636016902237372,3636016902330262,3636016902433110,3636016926073301,12,84,84,0,0
3636016958181643,3636016959815586,3636016960200732,3636016966390807,3636016966484296,3636016966588385,3636016990610112,11,77,77,0,0
3636017021351618,3636017022971691,3636017023331537,3636017029488682,3636017029587421,3636017029693150,3636017053593689,11,77,77,0,0
3636017152697055,3636017154783683,3636017155167799,3636017161395993,3636017161491412,3636017161599161,3636017187088053,10,70,70,0,0
3636017216828270,3636017218438333,3636017218800119,3636017225034363,3636017225131732,3636017225242271,3636017249067840,10,70,70,0,0
3636017658246382,3636017660740755,3636017661148511,3636017673668219,3636017673875757,3636017674008346,3636017707328686,9,63,63,1,0
3636017796678817,3636017798738725,3636017799105542,3636017805367816,3636017805462195,3636017805567084,3636017831108775,9,63,63,0,0
3636018230593158,3636018232277140,3636018232655086,3636018239052899,3636018239147738,3636018239252097,3636018263019587,11,77,77,1,0
3636018714966810,3636018717217487,3636018717591423,3636018724080945,3636018724175674,3636018724285273,3636018749069293,10,70,70,1,0
3636019145028502,3636019146692585,3636019147071061,3636019153526153,3636019153621752,3636019153728021,3636019177306814,12,84,84,1,0
3636019642524917,3636019644846043,3636019645214889,3636019651640931,3636019651737190,3636019651838009,3636019676361453,12,84,84,1,0
3636019699087945,3636019700718448,3636019701083494,3636019707281059,3636019707375888,3636019707479137,3636019731267638,11,77,77,0,0
3636020137921235,3636020140146722,3636020140529998,3636020146981190,3636020147073969,3636020147180228,3636020171709802,11,77,77,1,0
3636020208907103,3636020210519506,3636020210882072,3636020217015608,3636020217109467,3636020217214476,3636020240965567,11,77,77,0,0
3636020633868598,3636020635526361,3636020635892977,3636020642138941,3636020642231660,3636020642333719,3636020665900293,11,77,77,1,0
3636020703346602,3636020704984005,3636020705343181,3636020711441578,3636020711539337,3636020711643646,3636020735418578,10,70,70,0,0
3636021128560745,3636021130237457,3636021130612604,3636021137067336,3636021137160845,3636021137266684,3636021161123545,11,77,77,1,0
3636021556126873,3636021557800826,3636021558169932,3636021564646454,3636021564742433,3636021564848152,3636021588452286,11,77,77,1,0
3636021627644257,3636021629324659,3636021629689505,3636021635806052,3636021635907901,3636021636023469,3636021659927200,11,77,77,0,0
3636022053715040,3636022055415122,3636022055819408,3636022062224801,3636022062319520,3636022062422809,3636022086092133,12,84,84,1,0
3636022111317160,3636022112927223,3636022113287709,3636022119207698,3636022119300727,3636022119402506,3636022143101479,12,84,84,0,0
3636022182102483,3636022183693526,3636022184079342,3636022190029210,3636022190123359,3636022190227568,3636022213906722,12,84,84,0,0
3636022244316155,3636022246226915,3636022246583982,3636022252562139,3636022252660198,3636022252763527,3636022276493420,12,84,84,0,0
3636022308246570,3636022309849203,3636022310204779,3636022316199937,3636022316293926,3636022316397825,3636022339944040,12,84,84,0,0
3636022373763137,3636022375623648,3636022376103973,3636022382032101,3636022382134200,3636022382237409,3636022405998992,12,84,84,0,0
3636022437860710,3636022439444414,3636022439800620,3636022445977106,3636022446073155,3636022446176863,3636022469803197,12,84,84,0,0
3636022501664676,3636022503253529,3636022503616455,3636022509675122,3636022509771691,3636022509876470,3636022535343105,12,84,84,0,0
3636022565669609,3636022567260943,3636022567618129,3636022573595397,3636022573689836,3636022573793575,3636022597462588,12,84,84,0,0
3636022628092619,3636022630133228,3636022630493494,3636022636439383,3636022636534072,3636022636637900,3636022660428573,12,84,84,0,0
3636022691535180,3636022693125213,3636022693480909,3636022699434317,3636022699526017,3636022699627955,3636022723334779,12,84,84,0,0
3636022755808302,3636022757404715,3636022757764522,3636022763769019,3636022763861208,3636022763965687,3636022787536962,12,84,84,0,0
3636022819668848,3636022821267442,3636022821630718,3636022827782454,3636022827880343,3636022827985542,3636022851575117,12,84,84,0,0
3636022883569585,3636022885230757,3636022885583824,3636022891519822,3636022891613181,3636022891716790,3636022915455793,12,84,84,0,0
3636022946385732,3636022948115994,3636022948506940,3636022954710486,3636022954803375,3636022954905604,3636022978512878,12,84,84,0,0
3636023009687564,3636023011298278,3636023011677424,3636023017737571,3636023017833660,3636023017937839,3636023041738261,12,84,84,0,0
3636023073768659,3636023075368092,3636023075728698,3636023081898694,3636023081994443,3636023082097532,3636023105834546,12,84,84,0,0
3636023138496066,3636023140111910,3636023140487026,3636023146499003,3636023146593622,3636023146698151,3636023170442854,12,84,84,0,0
3636023202713359,3636023204318663,3636023204670969,3636023210813135,3636023210906834,3636023211012173,3636023234804146,12,84,84,0,0
3636023267043931,3636023268692084,3636023269051960,3636023275025838,3636023275118977,3636023275224136,3636023298950489,12,84,84,0,0
3636023331391502,3636023333187084,3636023333549930,3636023339671286,3636023339766725,3636023339873944,3636023363562248,12,84,84,0,0
3636023394485387,3636023396230929,3636023396618625,3636023402669382,3636023402763841,3636023402866560,3636023426790721,12,84,84,0,0
3636023458659680,3636023460264894,3636023460627040,3636023466581998,3636023466675927,3636023466778286,3636023490425610,12,84,84,0,0
3636023523916772,3636023525536646,3636023525910572,3636023531878620,3636023531971839,3636023532092688,3636023555780441,12,84,84,0,0
3636023588067826,3636023589670089,3636023590029366,3636023595970904,3636023596076243,3636023596183332,3636023619761267,12,84,84,0,0
3636023651837644,3636023653435877,3636023653789343,3636023659780011,3636023659873240,3636023659977189,3636023683640844,12,84,84,0,0
3636023717934808,3636023719522362,3636023719874738,3636023725881346,3636023725976075,3636023726079804,3636023749644150,12,84,84,0,0
3636023782502379,3636023784099592,3636023784457659,3636023790555956,3636023790647905,3636023790751423,3636023814272140,12,84,84,0,0
3636023846271058,3636023847880131,3636023848264357,3636023854256635,3636023854352134,3636023854454953,3636023878154258,12,84,84,0,0
3636023911539132,3636023913154965,3636023913514231,3636023919599448,3636023919694457,3636023919799266,3636023943727188,12,84,84,0,0
3636023975912234,3636023977543757,3636023977908644,3636023984050620,3636023984145379,3636023984251278,3636024008059091,12,84,84,0,0
3636024040474955,3636024042060459,3636024042417815,3636024048389183,3636024048486792,3636024048589821,3636024072181916,12,84,84,0,0
3636024104580061,3636024106362562,3636024106727798,3636024112701867,3636024112794496,3636024112897154,3636024136557239,12,84,84,0,0
3636024169208141,3636024170782925,3636024171151241,3636024177183078,3636024177278747,3636024177382716,3636024200965812,12,84,84,0,0
3636024233442145,3636024235034629,3636024235394365,3636024241481142,3636024241575921,3636024241678940,3636024265294475,12,84,84,0,0
3636024297823698,3636024299406641,3636024299766398,3636024305766125,3636024305858924,3636024305962923,3636024329612808,12,84,84,0,0
3636024361665486,3636024363244680,3636024363599686,3636024369537974,3636024369632353,3636024369736232,3636024393285208,12,84,84,0,0
3636024424905461,3636024426858380,3636024427292076,3636024433231244,3636024433325193,3636024433427602,3636024457015918,12,84,84,0,0
3636024489736319,3636024491320622,3636024491681918,3636024497775765,3636024497869754,3636024497974123,3636024521543739,12,84,84,0,0
3636024552877564,3636024554466658,3636024554826374,3636024560786102,3636024560879071,3636024560983070,3636024584657115,12,84,84,0,0
3636024616893931,3636024618492414,3636024618855170,3636024624978667,3636024625071306,3636024625175285,3636024648903719,12,84,84,0,0
3636024680884088,3636024682585610,3636024682946946,3636024688889445,3636024688983504,3636024689087283,3636024712649449,12,84,84,0,0
3636024744549839,3636024746230732,3636024746608888,3636024752517447,3636024752607496,3636024752704595,3636024775473890,12,84,84,0,0
3636024808839855,3636024810371359,3636024810719015,3636024816539115,3636024816630994,3636024816730553,3636024839672606,12,84,84,0,0
3636024873543845,3636024875070360,3636024875413496,3636024881351395,3636024881442894,3636024881542333,3636024904514945,12,84,84,0,0
3636024938120078,3636024939652162,3636024939992488,3636024945804558,3636024945895507,3636024945995286,3636024968937809,12,84,84,0,0
3636025001749230,3636025003287464,3636025003632400,3636025009566299,3636025009657438,3636025009757787,3636025032706419,12,84,84,0,0
3636025063920887,3636025065682388,3636025066082134,3636025071992953,3636025072095202,3636025072193941,3636025095004415,12,84,84,0,0
3636025128800376,3636025130317010,3636025130659416,3636025136533156,3636025136625265,3636025136723614,3636025159633057,12,84,84,0,0
3636025193970442,3636025195683224,3636025196082670,3636025202303136,3636025202398405,3636025202500774,3636025226464286,12,84,84,0,0
3636025258960820,3636025260603783,3636025260968949,3636025267048046,3636025267140335,3636025267244444,3636025291097867,12,84,84,0,0
3636025324089656,3636025325708139,3636025326070226,3636025332221542,3636025332322151,3636025332427880,3636025356302013,12,84,84,0,0
3636025388433171,3636025390025274,3636025390387371,3636025396331039,3636025396423388,3636025396526087,3636025420167423,12,84,84,0,0
3636025452847695,3636025454442088,3636025454806734,3636025460917261,3636025461011640,3636025461115989,3636025484950793,12,84,84,0,0
3636025517248969,3636025518871212,3636025519233838,3636025525270616,3636025525364185,3636025525467904,3636025553690742,12,84,84,0,0
3636025580968800,3636025582612013,3636025582977319,3636025589115575,3636025589207734,3636025589313733,3636025613175687,12,84,84,0,0
3636025645193915,3636025646809459,3636025647177665,3636025653248092,3636025653342291,3636025653447090,3636025677139345,12,84,84,0,0
3636025709104416,3636025710695039,3636025711063435,3636025717038884,3636025717131273,3636025717234242,3636025740837018,12,84,84,0,0
3636025772878898,3636025774537470,3636025774899567,3636025780988824,3636025781085133,3636025781187282,3636025804864168,12,84,84,0,0
3636025836665059,3636025838569770,3636025838943126,3636025844925954,3636025845020183,3636025845126782,3636025868740038,12,84,84,0,0
3636025902133534,3636025904010985,3636025904380711,3636025910506308,3636025910598937,3636025910701376,3636025934475790,12,84,84,0,0
3636025966569769,3636025968425330,3636025968839416,3636025974757085,3636025974850594,3636025974953213,3636025998585479,12,84,84,0,0
3636026030943855,3636026032675087,3636026033092673,3636026039156980,3636026039249969,3636026039353278,3636026063000974,12,84,84,0,0
3636026094082463,3636026095669637,3636026096038333,3636026101977762,3636026102075441,3636026102179840,3636026125495999,12,84,84,0,0
3636026157486049,3636026159043613,3636026159400409,3636026165264499,3636026165358068,3636026165462487,3636026188657708,12,84,84,0,0
3636026225120321,3636026226679665,3636026227038822,3636026233018060,3636026233110629,3636026233213828,3636026256546027,12,84,84,0,0
3636026287647656,3636026289228140,3636026289585196,3636026295453086,3636026295546825,3636026295649894,3636026318941133,12,84,84,0,0
3636026353183890,3636026354735704,3636026355090930,3636026360986199,3636026361077709,3636026361180327,3636026384434118,12,84,84,0,0
3636026417979601,3636026419530215,3636026419885572,3636026425986809,3636026426087958,3636026426193187,3636026450078110,12,84,84,0,0
3636026481704714,3636026483619664,3636026483976890,3636026489932839,3636026490024398,3636026490124577,3636026513631544,12,84,84,0,0
3636026546785402,3636026548608734,3636026548966840,3636026554992138,3636026555085417,3636026555189856,3636026578650904,12,84,84,0,0
3636026611045759,3636026613027019,3636026613384085,3636026619288244,3636026619384453,3636026619489132,3636026642947740,12,84,84,0,0
3636026675431635,3636026677103178,3636026677473154,3636026683429273,3636026683517322,3636026683615651,3636026706443396,12,84,84,0,0
3636026738812813,3636026740372537,3636026740714153,3636026746628042,3636026746717181,3636026746816990,3636026769764064,12,84,84,0,0
3636026802917943,3636026804511966,3636026804869583,3636026810742202,3636026810832781,3636026810932560,3636026834619357,12,84,84,0,0
3636026867627847,3636026869252000,3636026869607676,3636026875585565,3636026875680154,3636026875785803,3636026899407330,12,84,84,0,0
3636026934191341,3636026935778425,3636026936158291,3636026942151619,3636026942246439,3636026942349547,3636026966055943,12,84,84,0,0
3636026998579409,3636027000167932,3636027000524379,3636027006601276,3636027006692675,3636027006794814,3636027030458990,12,84,84,0,0
3636027062861767,3636027064460990,3636027064824257,3636027070903584,3636027070998683,3636027071102772,3636027094643980,11,77,77,0,0
3636027126419983,3636027128095145,3636027128466391,3636027134625048,3636027134719767,3636027134822366,3636027158599261,10,70,70,0,0
3636027188392085,3636027189984378,3636027190344144,3636027196483641,3636027196581350,3636027196685649,3636027220237717,10,70,70,0,0
3636027249938051,3636027251530835,3636027251891221,3636027258008918,3636027258102617,3636027258206916,3636027281802733,10,70,70,0,0
3636027312063901,3636027314011351,3636027314368798,3636027320491215,3636027320586854,3636027320693173,3636027344327139,10,70,70,0,0
3636027374524428,3636027376123812,3636027376483858,3636027382605735,3636027382703164,3636027382807913,3636027406447800,10,70,70,0,0
3636027435531100,3636027437219023,3636027437586619,3636027443711096,3636027443805745,3636027443908734,3636027467566711,10,70,70,0,0
3636027872312759,3636027874528846,3636027874905162,3636027881337426,3636027881430375,3636027881535034,3636027906034032,10,70,70,1,0
3636027938183652,3636027939813225,3636027940196791,3636027946276349,3636027946382218,3636027946487637,3636027970235833,10,70,70,0,0
3636028365045288,3636028366731210,3636028367101896,3636028373621230,3636028373714529,3636028373818748,3636028397867651,12,84,84,1,0
3636028844730325,3636028846382198,3636028846751354,3636028853191998,3636028853287217,3636028853393296,3636028876921075,12,84,84,1,0
3636028899067058,3636028900707721,3636028901071467,3636028907251594,3636028907345803,3636028907450722,3636028931484796,12,84,84,0,0
3636028968866803,3636028970445036,3636028970793603,3636028976757972,3636028976846301,3636028976944280,3636029000011653,11,77,77,0,0
3636029032094945,3636029033667769,3636029034014685,3636029039867505,3636029039959844,3636029040078193,3636029063238226,11,77,77,0,0
3636029095337387,3636029096925030,3636029097285747,3636029103264595,3636029103358204,3636029103459613,3636029126459288,9,63,63,0,0
3636029220524784,3636029222524973,3636029222881619,3636029228357433,3636029228450352,3636029228549641,3636029252807633,8,56,56,0,0
3636029338155468,3636029340427935,3636029340812151,3636029348147326,3636029348350284,3636029348480842,3636029378256647,7,49,49,0,0
3636029771190683,3636029773380500,3636029773741047,3636029779499418,3636029779591497,3636029779693936,3636029803348004,8,56,56,1,0
3636029857238393,3636029858826397,3636029859181583,3636029865202792,3636029865296051,3636029865400690,3636029888635822,7,49,49,0,0
3636030277775253,3636030279399626,3636030279768313,3636030285528464,3636030285620133,3636030285718902,3636030308514269,8,56,56,1,0
3636030796029417,3636030797698230,3636030798070136,3636030804494931,3636030804589060,3636030804690319,3636030828029761,10,70,70,1,0
3636031270446717,3636031272167170,3636031272551976,3636031279160408,3636031279258847,3636031279370116,3636031303485830,12,84,84,1,0
3636031760878496,3636031763123963,3636031763490020,3636031769904144,3636031769997583,3636031770100132,3636031794643672,12,84,84,1,0
3636031821721977,3636031823567078,3636031823925274,3636031829868814,3636031829961013,3636031830064372,3636031853843630,12,84,84,0,0
3636031891887723,3636031893501156,3636031893861563,3636031899851212,3636031899946401,3636031900063039,3636031923769168,12,84,84,0,0
3636031956224288,3636031957850391,3636031958207718,3636031964364175,3636031964457934,3636031964563733,3636031988470790,11,77,77,0,0
3636032019201397,3636032020823760,3636032021181627,3636032027309694,3636032027405273,3636032027509512,3636032051235971,11,77,77,0,0
3636032082013527,3636032083775559,3636032084150276,3636032090269543,3636032090365142,3636032090466731,3636032114054841,11,77,77,0,0
3636032144310563,3636032145900777,3636032146255454,3636032152329472,3636032152424531,3636032152526250,3636032176201899,10,70,70,0,0
3636032206186174,3636032207797977,3636032208172353,3636032214276511,3636032214371850,3636032214472809,3636032238080679,10,70,70,0,0
3636032268513049,3636032270269401,3636032270625568,3636032276668476,3636032276762325,3636032276867234,3636032300340565,10,70,70,0,0
3636032685923021,3636032687594274,3636032687957440,3636032694431645,3636032694523144,3636032694626423,3636032718162684,11,77,77,1,0
3636032756474664,3636032758081288,3636032758437685,3636032764516953,3636032764612012,3636032764714031,3636032788263482,11,77,77,0,0
3636033179450829,3636033181171801,3636033181551548,3636033188023062,3636033188120111,3636033188223570,3636033211868410,12,84,84,1,0
3636033233723028,3636033235318532,3636033235677958,3636033241653177,3636033241746956,3636033241849655,3636033265528975,12,84,84,0,0
3636033301235082,3636033302845426,3636033303204722,3636033309207741,3636033309302330,3636033309404949,3636033332929670,12,84,84,0,0
3636033364980335,3636033366587118,3636033366944165,3636033372953114,3636033373049413,3636033373150462,3636033396799692,12,84,84,0,0
3636033428518120,3636033430108773,3636033430463290,3636033436400649,3636033436491999,3636033436595987,3636033460195448,12,84,84,0,0
3636033491150373,3636033493127573,3636033493486630,3636033499503389,3636033499597058,3636033499700487,3636033523306947,12,84,84,0,0
3636033555165543,3636033557029184,3636033557385701,3636033563211552,3636033563307361,3636033563412270,3636033587086759,12,84,84,0,0
3636033617819677,3636033619404111,3636033619762037,3636033625714337,3636033625808456,3636033625911445,3636033649566125,12,84,84,0,0
3636033682501241,3636033684107704,3636033684477941,3636033690465390,3636033690559199,3636033690665628,3636033714401477,12,84,84,0,0
3636033745971407,3636033747820829,3636033748194365,3636033754269373,3636033754364332,3636033754466551,3636033778006003,12,84,84,0,0
3636033810097688,3636033811858030,3636033812272416,3636033818298385,3636033818391244,3636033818495763,3636033842007664,12,84,84,0,0
3636033874109619,3636033875691263,3636033876058479,3636033882159228,3636033882253927,3636033882356916,3636033905922567,12,84,84,0,0
3636033936755524,3636033938336538,3636033938694615,3636033944705694,3636033944797663,3636033944900952,3636033968644121,12,84,84,0,0
3636034000689097,3636034002351020,3636034002704856,3636034008666126,3636034008759165,3636034008862934,3636034032512784,12,84,84,0,0
3636034065359341,3636034066943135,3636034067302592,3636034073264651,3636034073356200,3636034073458779,3636034097147939,12,84,84,0,0
3636034129493441,3636034131076485,3636034131436382,3636034137372932,3636034137466021,3636034137568510,3636034161241950,12,84,84,0,0
3636034193589842,3636034195244985,3636034195601762,3636034201585361,3636034201679060,3636034201781879,3636034225456669,12,84,84,0,0
3636034257311406,3636034259167528,3636034259526384,3636034265531553,3636034265626102,3636034265729901,3636034289343422,12,84,84,0,0
3636034320600855,3636034322323578,3636034322704554,3636034328756432,3636034328850801,3636034328953990,3636034352627521,12,84,84,0,0
3636034384983683,3636034386582496,3636034386942863,3636034392917942,3636034393010521,3636034393113620,3636034416834230,12,84,84,0,0
3636034449825726,3636034451416110,3636034451778126,3636034457816775,3636034457912364,3636034458017783,3636034481791122,12,84,84,0,0
3636034514567780,3636034516176513,3636034516535300,3636034522485579,3636034522580268,3636034522682217,3636034546330008,12,84,84,0,0
3636034579129256,3636034580730909,3636034581087456,3636034587032325,3636034587126854,3636034587229173,3636034611062122,12,84,84,0,0
3636034643629342,3636034645248856,3636034645612862,3636034651548262,3636034651641371,3636034651743720,3636034675231072,12,84,84,0,0
3636034708765933,3636034710330837,3636034710679134,3636034716575544,3636034716666543,3636034716769002,3636034739913208,12,84,84,0,0
3636034772954154,3636034774526478,3636034774878255,3636034780774435,3636034780865924,3636034780967293,3636034804310187,12,84,84,0,0
3636034837484612,3636034839040496,3636034839398012,3636034845504061,3636034845597290,3636034845700339,3636034869065032,12,84,84,0,0
3636034902562054,3636034904203217,3636034904578123,3636034910643052,3636034910739421,3636034910842840,3636034934642949,12,84,84,0,0
3636034966630356,3636034968252900,3636034968607226,3636034974512916,3636034974606495,3636034974711764,3636034998169567,12,84,84,0,0
3636035029513590,3636035031381991,3636035031823067,3636035037827156,3636035037920415,3636035038023264,3636035061655895,12,84,84,0,0
3636035093385205,3636035094961599,3636035095313785,3636035101227125,3636035101321654,3636035101425313,3636035125028115,12,84,84,0,0
3636035157485717,3636035159061531,3636035159437907,3636035165388957,3636035165480796,3636035165582325,3636035188971008,12,84,84,0,0
3636035222383481,3636035223949175,3636035224315481,3636035230173522,3636035230264181,3636035230365220,3636035253729874,12,84,84,0,0
3636035287689650,3636035289280704,3636035289637121,3636035295560071,3636035295652890,3636035295756319,3636035319456779,12,84,84,0,0
3636035352492515,3636035354057909,3636035354408366,3636035360348376,3636035360443885,3636035360546104,3636035383939177,12,84,84,0,0
3636035416985453,3636035418564277,3636035418920854,3636035424859794,3636035424952063,3636035425054392,3636035448437455,12,84,84,0,0
3636035481213374,3636035482854597,3636035483207644,3636035489132514,3636035489226413,3636035489328282,3636035512674766,12,84,84,0,0
3636035545777621,3636035547572513,3636035547980819,3636035554022738,3636035554117287,3636035554220156,3636035579204763,12,84,84,0,0
3636035610709455,3636035612493727,3636035612991572,3636035618985191,3636035619079830,3636035619182469,3636035642589822,12,84,84,0,0
3636035675271402,3636035676998735,3636035677381781,3636035683383600,3636035683476260,3636035683582868,3636035707013242,12,84,84,0,0
3636035739868831,3636035741444695,3636035741803321,3636035747693962,3636035747786461,3636035747890180,3636035771422572,12,84,84,0,0
3636035804439319,3636035805992684,3636035806346040,3636035812282560,3636035812376789,3636035812481238,3636035835957732,12,84,84,0,0
3636035868728821,3636035870295475,3636035870646512,3636035876541622,3636035876634641,3636035876738990,3636035900077435,12,84,84,0,0
3636035932354379,3636035933929773,3636035934288300,3636035940189470,3636035940283829,3636035940387888,3636035963756202,12,84,84,0,0
3636035997180385,3636035998779259,3636035999138106,3636036005122715,3636036005218924,3636036005320753,3636036029029284,12,84,84,0,0
3636036061523586,3636036063148070,3636036063511206,3636036069600865,3636036069694284,3636036069798243,3636036093474054,12,84,84,0,0
3636036124804578,3636036126713189,3636036127070365,3636036132995735,3636036133087335,3636036133189133,3636036156592337,12,84,84,0,0
3636036189175549,3636036190986390,3636036191425866,3636036197350916,3636036197445915,3636036197547784,3636036221147596,12,84,84,0,0
3636036253657958,3636036255228693,3636036255589389,3636036261523489,3636036261615898,3636036261717837,3636036285304519,12,84,84,0,0
3636036318677343,3636036320274546,3636036320634343,3636036326600733,3636036326693122,3636036326796011,3636036350344653,12,84,84,0,0
3636036383317251,3636036384904335,3636036385261391,3636036391186271,3636036391279290,3636036391382899,3636036414826263,12,84,84,0,0
3636036446636182,3636036448236586,3636036448591822,3636036454820859,3636036454912678,3636036455015337,3636036478573800,12,84,84,0,0
3636036509093032,3636036511071032,3636036511433008,3636036517376698,3636036517469237,3636036517573836,3636036541243518,12,84,84,0,0
3636036572266115,3636036573895378,3636036574253905,3636036580242474,3636036580335043,3636036580438992,3636036604053444,12,84,84,0,0
3636036636605026,3636036638221069,3636036638582216,3636036644630745,3636036644727094,3636036644830613,3636036668442825,12,84,84,0,0
3636036705638710,3636036707219914,3636036707580291,3636036713488751,3636036713582710,3636036713684509,3636036737276162,12,84,84,0,0
3636036771226340,3636036772863734,3636036773223530,3636036779419718,3636036779515137,3636036779621286,3636036803430076,12,84,84,0,0
3636036834171387,3636036836086038,3636036836445364,3636036842392014,3636036842484693,3636036842586652,3636036866126855,12,84,84,0,0
3636036897984775,3636036899689967,3636036900089853,3636036906320721,3636036906412840,3636036906516229,3636036930096081,12,84,84,0,0
3636036960566775,3636036962183169,3636036962547955,3636036968605614,3636036968698993,3636036968802342,3636036992696792,12,84,84,0,0
3636037026022716,3636037027657680,3636037028034656,3636037034204104,3636037034297523,3636037034400552,3636037057948725,11,77,77,0,0
3636037088630936,3636037090223680,3636037090585276,3636037096675685,3636037096769014,3636037096874253,3636037120403936,11,77,77,0,0
3636037149625552,3636037151289485,3636037151660382,3636037157642522,3636037157731021,3636037157829240,3636037180754299,11,77,77,0,0
3636037212599398,3636037214151393,3636037214498399,3636037220472689,3636037220561818,3636037220663287,3636037243667286,11,77,77,0,0
3636037275613044,3636037277166599,3636037277510725,3636037283477705,3636037283569344,3636037283671713,3636037306636632,11,77,77,0,0
3636037691976045,3636037693630398,3636037693994325,3636037700301171,3636037700392380,3636037700493219,3636037723836435,12,84,84,1,0
3636037762181360,3636037763760124,3636037764134940,3636037770015851,3636037770108500,3636037770210009,3636037793716803,12,84,84,0,0
3636037828827261,3636037830444364,3636037830805721,3636037836825430,3636037836918179,3636037837019428,3636037860903509,12,84,84,0,0
3636037891992926,3636037893673270,3636037894035126,3636037899961926,3636037900092705,3636037900199604,3636037923876856,12,84,84,0,0
3636037954527949,3636037956181472,3636037956549088,3636037962539658,3636037962631687,3636037962733706,3636037986245290,12,84,84,0,0
3636038018281188,3636038019868792,3636038020244889,3636038026157949,3636038026251948,3636038026356777,3636038049879451,12,84,84,0,0
3636038082391245,3636038083974229,3636038084343235,3636038090256576,3636038090349265,3636038090450234,3636038113923578,12,84,84,0,0
3636038146806138,3636038148433822,3636038148790108,3636038154731798,3636038154824987,3636038154928166,3636038178662728,12,84,84,0,0
3636038210172212,3636038211761626,3636038212134922,3636038218077912,3636038218171631,3636038218274510,3636038241794534,12,84,84,0,0
3636038272887372,3636038274726713,3636038275246748,3636038281176859,3636038281270008,3636038281371167,3636038304856101,12,84,84,0,0
3636038336811070,3636038338393814,3636038338749051,3636038344680211,3636038344773040,3636038344874799,3636038368367613,12,84,84,0,0
3636038401476191,3636038403067555,3636038403426381,3636038409416681,3636038409509380,3636038409614769,3636038433192562,12,84,84,0,0
3636038465731866,3636038467310960,3636038467665196,3636038473717995,3636038473811105,3636038473914013,3636038497561296,12,84,84,0,0
3636038528670314,3636038530307677,3636038530667104,3636038536721853,3636038536815492,3636038536916961,3636038560698452,12,84,84,0,0
3636038594616952,3636038596224325,3636038596581092,3636038602503332,3636038602599731,3636038602702710,3636038626790408,12,84,84,0,0
3636038656999245,3636038658589869,3636038658948636,3636038665060654,3636038665155293,3636038665258592,3636038688863136,11,77,77,0,0
3636038718793816,3636038720451599,3636038720824676,3636038727020384,3636038727115243,3636038727218762,3636038751238391,11,77,77,0,0
3636038783288460,3636038784930643,3636038785288810,3636038791289310,3636038791382369,3636038791482798,3636038815098591,11,77,77,0,0
3636038846174820,3636038847851303,3636038848224959,3636038854209739,3636038854303678,3636038854408427,3636038877937312,11,77,77,0,0
3636038908056820,3636038909667204,3636038910025170,3636038915959691,3636038916064460,3636038916167469,3636038939768292,11,77,77,0,0
3636038970559134,3636038972186397,3636038972547534,3636038978734282,3636038978829711,3636038978934450,3636039002707932,10,70,70,0,0
3636039392384188,3636039394055811,3636039394432907,3636039400856213,3636039400947762,3636039401051141,3636039424677414,9,63,63,1,0
3636039462967851,3636039464632364,3636039465009040,3636039470600484,3636039470703113,3636039470808002,3636039494437135,8,56,56,0,0
3636039892341634,3636039894008618,3636039894375194,3636039900826700,3636039900921419,3636039901024908,3636039924539563,10,70,70,1,0
3636040382281127,3636040384603284,3636040384979000,3636040391434906,3636040391530745,3636040391634334,3636040416128919,10,70,70,1,0
3636040811107284,3636040812792708,3636040813158704,3636040819591480,3636040819683299,3636040819785548,3636040843526861,11,77,77,1,0
3636041238614501,3636041241026267,3636041241400883,3636041247863279,3636041247958468,3636041248074877,3636041272518773,11,77,77,1,0
3636041666846681,3636041668533444,3636041668902580,3636041675130178,3636041675226197,3636041675330726,3636041699059310,12,84,84,1,0
3636041750860205,3636041752488628,3636041752850085,3636041758873215,3636041758970624,3636041759074683,3636041782949275,12,84,84,0,0
3636041816930397,3636041818535521,3636041818899468,3636041824939668,3636041825033487,3636041825139526,3636041848921359,12,84,84,0,0
3636041880739842,3636041882337496,3636041882696873,3636041888653004,3636041888749513,3636041888853232,3636041912509016,12,84,84,0,0
3636041944640297,3636041946323390,3636041946684616,3636041952682387,3636041952777686,3636041952880195,3636041976528239,10,70,70,0,0
3636042007097225,3636042008713169,3636042009074265,3636042015046166,3636042015143265,3636042015249224,3636042038870389,10,70,70,0,0
3636042068215927,3636042069803581,3636042070166968,3636042076143328,3636042076239907,3636042076342876,3636042099934381,10,70,70,0,0
3636042129664686,3636042131260930,3636042131621496,3636042137717145,3636042137811025,3636042137912134,3636042161502169,9,63,63,0,0
3636042190651219,3636042192265043,3636042192630049,3636042198743868,3636042198839677,3636042198943266,3636042222606381,9,63,63,0,0
3636042617937337,3636042619641680,3636042620019327,3636042626352924,3636042626452083,3636042626558392,3636042650398944,10,70,70,1,0
3636042672503775,3636042674119849,3636042674483855,3636042680533445,3636042680631304,3636042680735973,3636042704558006,10,70,70,0,0
3636043101699094,3636043103364717,3636043103742104,3636043110026031,3636043110123620,3636043110226729,3636043133913354,12,84,84,1,0
3636043567803517,3636043569487360,3636043569858456,3636043576300522,3636043576395821,3636043576501100,3636043607706121,12,84,84,1,0
3636043630071259,3636043631686903,3636043632067209,3636043638064449,3636043638160458,3636043638263097,3636043662330598,12,84,84,0,0
3636043695648108,3636043697285352,3636043697645838,3636043703675919,3636043703770688,3636043703873347,3636043727765260,11,77,77,0,0
3636043758002411,3636043759604035,3636043759971961,3636043766193350,3636043766290419,3636043766397858,3636043790110313,11,77,77,0,0
3636043821141105,3636043823003347,3636043823363223,3636043829489933,3636043829587022,3636043829691161,3636043853455335,11,77,77,0,0
3636043885156011,3636043886892714,3636043887384819,3636043893343130,3636043893439769,3636043893542828,3636043917313673,11,77,77,0,0
3636043948398745,3636043950009829,3636043950370635,3636043956507935,3636043956601134,3636043956704773,3636043980451787,11,77,77,0,0
3636044372576094,3636044374286557,3636044374682323,3636044381271367,3636044381365616,3636044381470995,3636044405273540,12,84,84,1,0
3636044426920595,3636044428543289,3636044428910836,3636044434911586,3636044435008685,3636044435111524,3636044458834219,12,84,84,0,0
3636044491774283,3636044493380317,3636044493739793,3636044499689874,3636044499783414,3636044499887223,3636044523620707,12,84,84,0,0
3636044555526251,3636044557122676,3636044557492382,3636044563435413,3636044563530882,3636044563633761,3636044587294667,12,84,84,0,0
3636044621241381,3636044622842105,3636044623202681,3636044629170052,3636044629263151,3636044629366230,3636044653178474,12,84,84,0,0
3636044685798672,3636044687407096,3636044687770812,3636044693738923,3636044693834482,3636044693937641,3636044717730506,12,84,84,0,0
3636044749495272,3636044751433833,3636044751786360,3636044757735951,3636044757832640,3636044757935879,3636044781697814,12,84,84,0,0
3636044813644868,3636044815464120,3636044815871906,3636044821910987,3636044822005386,3636044822108145,3636044845603102,12,84,84,0,0
3636044878449418,3636044880098002,3636044880480648,3636044886472799,3636044886567468,3636044886669937,3636044910278943,12,84,84,0,0
3636044942714193,3636044944306887,3636044944666323,3636044950572015,3636044950668224,3636044950771363,3636044974374880,12,84,84,0,0
3636045006942948,3636045008536982,3636045008894939,3636045014809210,3636045014902729,3636045015005208,3636045038608915,12,84,84,0,0
3636045070393161,3636045071987725,3636045072356572,3636045078318213,3636045078413502,3636045078517861,3636045102030808,12,84,84,0,0
3636045134561027,3636045136165191,3636045136522708,3636045142432109,3636045142526948,3636045142630607,3636045166238524,12,84,84,0,0
3636045198320437,3636045200074679,3636045200437766,3636045206380387,3636045206474296,3636045206578675,3636045230323931,12,84,84,0,0
3636045262743320,3636045264662691,3636045265027338,3636045271010538,3636045271104048,3636045271209787,3636045294957552,12,84,84,0,0
3636045326824087,3636045328763968,3636045329127104,3636045335084675,3636045335178494,3636045335281983,3636045359135908,12,84,84,0,0
3636045390492128,3636045392077342,3636045392445518,3636045398418819,3636045398512458,3636045398614887,3636045422395002,12,84,84,0,0
3636045455043140,3636045456657544,3636045457027200,3636045463219199,3636045463316828,3636045463421517,3636045487185712,12,84,84,0,0
3636045519668911,3636045521299645,3636045521662951,3636045527710582,3636045527805521,3636045527909910,3636045551848253,12,84,84,0,0
3636045583569010,3636045585176964,3636045585538420,3636045591510741,3636045591603300,3636045591706309,3636045619885651,12,84,84,0,0
3636045647845195,3636045649462619,3636045649823305,3636045655801786,3636045655895025,3636045655999484,3636045679892068,12,84,84,0,0
3636045712455507,3636045714066071,3636045714426358,3636045720416239,3636045720510568,3636045720613247,3636045744471591,12,84,84,0,0
3636045777411747,3636045779012071,3636045779370177,3636045785353548,3636045785448067,3636045785551696,3636045809433791,12,84,84,0,0
3636045842138108,3636045843729453,3636045844102329,3636045850077400,3636045850173259,3636045850280098,3636045874145473,12,84,84,0,0
3636045906899840,3636045908518504,3636045908882200,3636045914931441,3636045915025930,3636045915129429,3636045940226821,12,84,84,0,0
3636045970668591,3636045972401644,3636045972768361,3636045978833311,3636045978927960,3636045979033269,3636046003169721,12,84,84,0,0
3636046035535902,3636046037357194,3636046037727720,3636046043751211,3636046043845500,3636046043951359,3636046068021271,12,84,84,0,0
3636046100190894,3636046102023126,3636046102392012,3636046108607541,3636046108701240,3636046108805389,3636046132399257,12,84,84,0,0
3636046165885736,3636046167468811,3636046167833047,3636046173947297,3636046174040426,3636046174143075,3636046197870941,12,84,84,0,0
3636046229762237,3636046231570339,3636046231935245,3636046237955396,3636046238050125,3636046238153934,3636046262083798,12,84,84,0,0
3636046294325140,3636046296230051,3636046296586208,3636046302515039,3636046302611188,3636046302715527,3636046326301405,12,84,84,0,0
3636046359160481,3636046361052042,3636046361408679,3636046367343860,3636046367436199,3636046367540978,3636046391079816,12,84,84,0,0
3636046424245199,3636046426107121,3636046426466307,3636046432414909,3636046432510458,3636046432614367,3636046456319643,12,84,84,0,0
3636046488198389,3636046490107610,3636046490471016,3636046496433077,3636046496527696,3636046496631465,3636046520324932,12,84,84,0,0
3636046552458065,3636046554271157,3636046554683753,3636046560634224,3636046560728213,3636046560831202,3636046584481439,12,84,84,0,0
3636046616302845,3636046617897170,3636046618253916,3636046624183058,3636046624277777,3636046624382106,3636046648444499,12,84,84,0,0
3636046680955608,3636046682571903,3636046682937599,3636046689009919,3636046689105228,3636046689208607,3636046713231661,12,84,84,0,0
3636046745513913,3636046747135027,3636046747500274,3636046753599654,3636046753694193,3636046753800772,3636046777811736,12,84,84,0,0
3636046810359995,3636046811998609,3636046812389795,3636046818454626,3636046818549725,3636046818655704,3636046842657868,12,84,84,0,0
3636046875163638,3636046876802142,3636046877165518,3636046883186589,3636046883278428,3636046883381647,3636046907435350,12,84,84,0,0
3636046939285517,3636046940900081,3636046941260728,3636046947234309,3636046947327738,3636046947430977,3636046971310192,12,84,84,0,0
3636047003133489,3636047004740113,3636047005097770,3636047011173290,3636047011267979,3636047011372358,3636047035309913,12,84,84,0,0
3636047065542295,3636047067159599,3636047067524026,3636047073627296,3636047073721915,3636047073827574,3636047097803438,12,84,84,0,0
3636047128204829,3636047130047431,3636047130461247,3636047136526267,3636047136620386,3636047136725615,3636047160587480,12,84,84,0,0
3636047192377657,3636047194013771,3636047194382988,3636047200549667,3636047200642726,3636047200748255,3636047224760859,11,77,77,0,0
3636047255790574,3636047257434857,3636047257809814,3636047264064802,3636047264163251,3636047264266980,3636047288091806,11,77,77,0,0
3636047318485187,3636047320117641,3636047320489927,3636047326666536,3636047326759536,3636047326865004,3636047350746870,11,77,77,0,0
3636047381981282,3636047383690045,3636047384066692,3636047390199471,3636047390326440,3636047390435299,3636047414513002,11,77,77,0,0
3636047444295149,3636047445962883,3636047446334149,3636047452655737,3636047452751916,3636047452860185,3636047477035857,11,77,77,0,0
3636047508917804,3636047510540638,3636047510912764,3636047516969434,3636047517064963,3636047517170852,3636047541086027,11,77,77,0,0
3636047572096172,3636047573720846,3636047574085293,3636047580108893,3636047580202682,3636047580309311,3636047605850590,11,77,77,0,0
3636047634385949,3636047636027763,3636047636405839,3636047642414650,3636047642510519,3636047642616428,3636047666499023,11,77,77,0,0
3636047698262742,3636047700071674,3636047700443230,3636047706453001,3636047706569370,3636047706693649,3636047730499215,11,77,77,0,0
3636047761252713,3636047762994766,3636047763381003,3636047769441253,3636047769538842,3636047769644341,3636047795604246,11,77,77,0,0
3636047825250155,3636047826920289,3636047827298155,3636047833537954,3636047833635773,3636047833741472,3636047857658887,11,77,77,0,0
3636047888423755,3636047890022020,3636047890381806,3636047896552996,3636047896647305,3636047896751034,3636047920519830,11,77,77,0,0
3636047951097650,3636047952707824,3636047953067721,3636047959225820,3636047959321269,3636047959425848,3636047983209205,11,77,77,0,0
3636048015256830,3636048016931134,3636048017292031,3636048023393921,3636048023488360,3636048023590659,3636048047279466,11,77,77,0,0
3636048078407631,3636048080270782,3636048080628169,3636048086734569,3636048086830268,3636048086934727,3636048110581115,11,77,77,0,0
3636048141711039,3636048143331063,3636048143689690,3636048149828620,3636048149923479,3636048150028148,3636048173763155,11,77,77,0,0
3636048204141407,3636048205736821,3636048206099797,3636048212103718,3636048212200058,3636048212307006,3636048236147692,11,77,77,0,0
3636048267804122,3636048269431316,3636048269795652,3636048275910162,3636048276016381,3636048276125220,3636048299826037,11,77,77,0,0
3636048331754774,3636048333373928,3636048333737245,3636048339725856,3636048339820655,3636048339922794,3636048363569632,11,77,77,0,0
3636048394937644,3636048396665387,3636048397029353,3636048403244722,3636048403338122,3636048403441791,3636048427254437,11,77,77,0,0
3636048458220583,3636048460085055,3636048460445671,3636048466458192,3636048466554611,3636048466659920,3636048490503646,11,77,77,0,0
3636048520837458,3636048522433413,3636048522789219,3636048528845020,3636048528939189,3636048529044748,3636048552695546,11,77,77,0,0
3636048584314675,3636048585917540,3636048586286926,3636048592399536,3636048592493485,3636048592599404,3636048621092044,11,77,77,0,0
3636048647842162,3636048649480096,3636048649840362,3636048656053791,3636048656149940,3636048656255429,3636048680011076,10,70,70,0,0
3636048709350159,3636048711201521,3636048711621607,3636048717855666,3636048717952135,3636048718057134,3636048741900990,10,70,70,0,0
3636048772401052,3636048773995166,3636048774359163,3636048780493412,3636048780588122,3636048780696270,3636048804348759,9,63,63,0,0
3636048831810780,3636048833691201,3636048834116777,3636048840270727,3636048840365126,3636048840471845,3636048864192343,9,63,63,0,0
3636048891736443,3636048893345907,3636048893705914,3636048899738945,3636048899832374,3636048899937963,3636048923681650,9,63,63,0,0
3636048952102892,3636048953697776,3636048954066433,3636048959611078,3636048959707587,3636048959812406,3636048983374466,8,56,56,0,0
3636049008220142,3636049009846996,3636049010217433,3636049016282983,3636049016377103,3636049016480822,3636049040342618,7,49,49,0,0
3636049064478412,3636049066094676,3636049066457722,3636049072613612,3636049072705811,3636049072809000,3636049096605727,7,49,49,0,0
3636049121738001,3636049123347765,3636049123707152,3636049129886391,3636049129981100,3636049130086719,3636049153734307,7,49,49,0,0
3636049248222742,3636049250289192,3636049250651838,3636049256874458,3636049256968007,3636049257072336,3636049282883343,6,42,42,0,0
3636049305430952,3636049307077846,3636049307439972,3636049313634282,3636049313729601,3636049313838920,3636049337734796,6,42,42,0,0
3636049364730101,3636049366384095,3636049366747542,3636049372944981,3636049373040360,3636049373148099,3636049396967956,6,42,42,0,0
3636049419037360,3636049420709783,3636049421081860,3636049427304309,3636049427401338,3636049427504727,3636049451208404,6,42,42,0,0
3636049538172523,3636049540512570,3636049540910306,3636049548584771,3636049548789269,3636049548922168,3636049582838316,5,35,35,0,0
3636049621001162,3636049623074872,3636049623441488,3636049629803316,3636049629903635,3636049630010634,3636049655296216,4,28,28,0,0
3636049723750697,3636049725432641,3636049725835847,3636049732123115,3636049732220104,3636049732329783,3636049756113741,4,28,28,0,0
3636049781147046,3636049782809110,3636049783177456,3636049789319856,3636049789416985,3636049789524444,3636049813206783,4,28,28,0,0
3636049834487145,3636049836158989,3636049836527675,3636049842671675,3636049842767524,3636049842871783,3636049866601851,4,28,28,0,0
3636049888016602,3636049889664356,3636049890029432,3636049896151343,3636049896247592,3636049896352521,3636049919818651,4,28,28,0,0
3636049941864586,3636049943502040,3636049943864126,3636049949993647,3636049950087326,3636049950190205,3636049973739315,4,28,28,0,0
3636050065514468,3636050067830595,3636050068249141,3636050075719118,3636050075917036,3636050076060785,3636050109545348,3,21,21,0,0
3636050132081008,3636050133807141,3636050134167567,3636050140326727,3636050140458256,3636050140554485,3636050164252673,3,21,21,0,0
3636050262742791,3636050264905600,3636050265275676,3636050271465096,3636050271595844,3636050271695113,3636050297083095,2,14,14,0,0
3636050319225649,3636050320924792,3636050321283489,3636050327406839,3636050327539548,3636050327637287,3636050351472934,2,14,14,0,0
3636050372532678,3636050374164322,3636050374523849,3636050380636699,3636050380767208,3636050380864767,3636050404321728,2,14,14,0,0
3636050426243114,3636050427877998,3636050428250964,3636050434371554,3636050434537222,3636050434640621,3636050458167192,2,14,14,0,0
3636050479972699,3636050481626612,3636050481990689,3636050488168379,3636050488298867,3636050488397456,3636050511924246,2,14,14,0,0
3636050532917571,3636050534554075,3636050534929962,3636050541083412,3636050541215750,3636050541310789,3636050564671551,2,14,14,0,0
3636050586524578,3636050588152482,3636050588517308,3636050594606259,3636050594735297,3636050594832226,3636050619891592,2,14,14,0,0
3636050640707318,3636050642321482,3636050642684289,3636050648791919,3636050648919538,3636050649016127,3636050672455398,2,14,14,0,0
3636050695497894,3636050697172567,3636050697528864,3636050703609545,3636050703739833,3636050703836812,3636050727657080,1,7,7,0,0
3636050749331189,3636050750971633,3636050751335559,3636050757430280,3636050757558979,3636050757669358,3636050781393656,1,7,7,0,0
3636051960377630,3636051962753547,3636051963129744,3636051969687580,3636051969819058,3636051969915738,3636051994586608,1,7,7,1,0
3636052016030929,3636052017685373,3636052018042439,3636052024168730,3636052024298309,3636052024394778,3636052048069047,1,7,7,0,0
3636052468923014,3636052471129423,3636052471511369,3636052477956857,3636052478051566,3636052478154675,3636052502800235,5,35,35,1,0
3636052536833534,3636052538510468,3636052538880454,3636052545057084,3636052545151013,3636052545256442,3636052568893722,5,35,35,0,0
3636053054964133,3636053057126162,3636053057502319,3636053063910757,3636053064018866,3636053064126235,3636053088476888,9,63,63,1,0
3636053110356416,3636053111956030,3636053112333707,3636053118394868,3636053118488757,3636053118591716,3636053142054408,9,63,63,0,0
3636053562820326,3636053565144113,3636053565531049,3636053571799118,3636053571893427,3636053571998576,3636053596678257,12,84,84,1,0
3636053632512079,3636053634139303,3636053634509480,3636053640515482,3636053640610811,3636053640716110,3636053664681457,12,84,84,0,0
3636053701303673,3636053702966316,3636053703337643,3636053709379364,3636053709475553,3636053709581182,3636053733511431,12,84,84,0,0
3636053764458821,3636053766067246,3636053766429222,3636053772406004,3636053772500503,3636053772603982,3636053796491571,12,84,84,0,0
3636053828390832,3636053829990707,3636053830353793,3636053836342645,3636053836435194,3636053836537333,3636053860345003,12,84,84,0,0
3636053891503741,3636053893438222,3636053893869118,3636053899893670,3636053899987229,3636053900103738,3636053923979737,12,84,84,0,0
3636053956397923,3636053957996337,3636053958360184,3636053964368796,3636053964461665,3636053964564984,3636053988334374,12,84,84,0,0
3636054020306164,3636054021952858,3636054022317595,3636054028322227,3636054028417086,3636054028522595,3636054052222985,12,84,84,0,0
3636054084226355,3636054085833090,3636054086194746,3636054092177968,3636054092273757,3636054092378196,3636054116306715,12,84,84,0,0
3636054147748570,3636054149364375,3636054149725011,3636054155694203,3636054155790793,3636054155896061,3636054179684931,12,84,84,0,0
3636054209952688,3636054211717971,3636054212124527,3636054218127499,3636054218224068,3636054218329247,3636054242090037,12,84,84,0,0
3636054273351294,3636054274940379,3636054275304675,3636054281289958,3636054281388167,3636054281492716,3636054305279595,12,84,84,0,0
3636054336886469,3636054338477104,3636054338836630,3636054345071580,3636054345165249,3636054345270028,3636054369096187,12,84,84,0,0
3636054401336075,3636054402957060,3636054403316476,3636054409298708,3636054409393277,3636054409498946,3636054433342435,12,84,84,0,0
3636054465335836,3636054467078259,3636054467437795,3636054473417187,3636054473510447,3636054473614706,3636054497416705,12,84,84,0,0
3636054528656013,3636054530408256,3636054530844402,3636054536806144,3636054536899093,3636054537003722,3636054560710952,12,84,84,0,0
3636054592142518,3636054593737653,3636054594099519,3636054600055611,3636054600153711,3636054600261159,3636054624093149,12,84,84,0,0
3636054656236838,3636054657851782,3636054658217828,3636054664219190,3636054664314599,3636054664418138,3636054688332767,12,84,84,0,0
3636054720685215,3636054722299069,3636054722662386,3636054728714447,3636054728809966,3636054728915395,3636054753015863,12,84,84,0,0
3636054785102663,3636054786712857,3636054787074314,3636054793098195,3636054793195074,3636054793301933,3636054817334041,12,84,84,0,0
3636054849262833,3636054850884237,3636054851254104,3636054857291325,3636054857384834,3636054857489103,3636054881632340,12,84,84,0,0
3636054913235385,3636054914942939,3636054915306545,3636054921463616,3636054921560495,3636054921666134,3636054945585623,12,84,84,0,0
3636054976921260,3636054978784712,3636054979150618,3636054985115691,3636054985213050,3636054985316899,3636055009211998,12,84,84,0,0
3636055040321307,3636055041937282,3636055042297838,3636055048318930,3636055048414469,3636055048520618,3636055072539096,12,84,84,0,0
3636055104338029,3636055105957293,3636055106318950,3636055112359902,3636055112454991,3636055112563620,3636055136496188,12,84,84,0,0
3636055168609998,3636055170216953,3636055170575419,3636055176668870,3636055176765820,3636055176869039,3636055200696268,12,84,84,0,0
3636055232498201,3636055234106066,3636055234464822,3636055240504674,3636055240600933,3636055240705132,3636055264637271,12,84,84,0,0
3636055296321835,3636055297946909,3636055298309745,3636055304389637,3636055304486176,3636055304592315,3636055328611773,12,84,84,0,0
3636055360587774,3636055362192528,3636055362552465,3636055368597577,3636055368692566,3636055368795665,3636055392821893,12,84,84,0,0
3636055424801014,3636055426594866,3636055426960863,3636055432981005,3636055433076374,3636055433180783,3636055457285580,12,84,84,0,0
3636055489306631,3636055491219892,3636055491580539,3636055497653530,3636055497751729,3636055497858968,3636055522057054,12,84,84,0,0
3636055553476471,3636055555364533,3636055555713679,3636055561751841,3636055561848750,3636055561954529,3636055586049396,12,84,84,0,0
3636055617729810,3636055619511443,3636055619911739,3636055625933331,3636055626021390,3636055626120689,3636055650112927,12,84,84,0,0
3636055683103799,3636055685036910,3636055685405817,3636055691399719,3636055691495408,3636055691598897,3636055715514587,12,84,84,0,0
3636055747471319,3636055749239202,3636055749628068,3636055755714579,3636055755810718,3636055755915847,3636055779843267,12,84,84,0,0
3636055811852378,3636055813477203,3636055813842989,3636055819800902,3636055819892811,3636055819997570,3636055843810670,12,84,84,0,0
3636055875562654,3636055877179159,3636055877543765,3636055883510028,3636055883604017,3636055883708206,3636055907430437,12,84,84,0,0
3636055938791825,3636055940406829,3636055940765806,3636055946731539,3636055946824938,3636055946929477,3636055970609568,12,84,84,0,0
3636056003087275,3636056004692950,3636056005054626,3636056011039189,3636056011133608,3636056011237007,3636056034935108,12,84,84,0,0
3636056067720533,3636056069352277,3636056069716683,3636056075712046,3636056075809295,3636056075915874,3636056099867503,12,84,84,0,0
3636056132298090,3636056133920295,3636056134291061,3636056140338093,3636056140431412,3636056140537211,3636056164616799,12,84,84,0,0
3636056196541031,3636056198145216,3636056198510692,3636056204518714,3636056204613633,3636056204718932,3636056228704081,12,84,84,0,0
3636056261411516,3636056263006651,3636056263369337,3636056269336380,3636056269430299,3636056269535668,3636056293351718,12,84,84,0,0
3636056325613757,3636056327216922,3636056327585278,3636056333805008,3636056333898287,3636056334002226,3636056357832007,12,84,84,0,0
3636056390101966,3636056391706610,3636056392082117,3636056398067039,3636056398163588,3636056398267397,3636056422158317,12,84,84,0,0
3636056454070399,3636056455660374,3636056456026920,3636056461970523,3636056462061792,3636056462164271,3636056485926362,12,84,84,0,0
3636056517905104,3636056519533598,3636056519898275,3636056525888927,3636056525984896,3636056526089415,3636056549866136,12,84,84,0,0
3636056580467731,3636056582396703,3636056582844418,3636056588843980,3636056588937459,3636056589041098,3636056612914938,12,84,84,0,0
3636056645574944,3636056647237418,3636056647621474,3636056653769645,3636056653862684,3636056653965663,3636056677756394,12,84,84,0,0
3636056710504949,3636056712115953,3636056712483020,3636056718402973,3636056718496582,3636056718601361,3636056742336813,12,84,84,0,0
3636056775639973,3636056777377756,3636056777772312,3636056783740885,3636056783834604,3636056783937723,3636056807654825,12,84,84,0,0
3636056840508079,3636056842096164,3636056842457790,3636056848376283,3636056848473712,3636056848585381,3636056872214694,12,84,84,0,0
3636056905243357,3636056906833251,3636056907196648,3636056913122851,3636056913218780,3636056913321989,3636056937083390,12,84,84,0,0
3636056970412260,3636056971999655,3636056972384801,3636056978272994,3636056978368113,3636056978472302,3636057002119845,12,84,84,0,0
3636057035407915,3636057037017309,3636057037378836,3636057043332399,3636057043425768,3636057043529377,3636057068980592,12,84,84,0,0
3636057100223022,3636057101827106,3636057102195063,3636057108188645,3636057108283754,3636057108389533,3636057132405092,12,84,84,0,0
3636057164622663,3636057166210507,3636057166567774,3636057172504017,3636057172599016,3636057172705175,3636057196390307,12,84,84,0,0
3636057229415810,3636057231010554,3636057231369851,3636057237350363,3636057237445682,3636057237555291,3636057261355372,12,84,84,0,0
3636057293845800,3636057295429745,3636057295787751,3636057301770524,3636057301863753,3636057301968062,3636057325765323,12,84,84,0,0
3636057358006333,3636057359594678,3636057359952554,3636057365933867,3636057366027806,3636057366129475,3636057389718518,12,84,84,0,0
3636057421440993,3636057423200706,3636057423558033,3636057429542695,3636057429638034,3636057429742593,3636057453547974,12,84,84,0,0
3636057484437817,3636057486106541,3636057486481888,3636057492505740,3636057492597299,3636057492696518,3636057515875565,12,84,84,0,0
3636057549186635,3636057550744460,3636057551099027,3636057556947740,3636057557041779,3636057557141778,3636057580376105,12,84,84,0,0
3636057613789184,3636057615357869,3636057615709795,3636057621592149,3636057621684368,3636057621785257,3636057649328012,12,84,84,0,0
3636057678506312,3636057680072627,3636057680420723,3636057686242378,3636057686335177,3636057686435816,3636057709686723,12,84,84,0,0
3636057743212431,3636057744833406,3636057745194522,3636057751178735,3636057751272204,3636057751375153,3636057775287623,12,84,84,0,0
3636057807731232,3636057809351577,3636057809709623,3636057815685776,3636057815776495,3636057815878984,3636057839667916,12,84,84,0,0
3636057872125784,3636057873711639,3636057874074116,3636057879980939,3636057880089628,3636057880198897,3636057903873390,12,84,84,0,0
3636057936888083,3636057938486448,3636057938843674,3636057944805847,3636057944897526,3636057944999815,3636057968646358,12,84,84,0,0
3636058001161787,3636058002758491,3636058003116768,3636058009092680,3636058009188960,3636058009293919,3636058033019341,12,84,84,0,0
3636058066005534,3636058067595019,3636058067954276,3636058073905499,3636058074000818,3636058074106027,3636058097779550,12,84,84,0,0
3636058129322327,3636058130900042,3636058131256789,3636058137215541,3636058137311510,3636058137415319,3636058160976773,12,84,84,0,0
3636058193264494,3636058194833339,3636058195195295,3636058201114568,3636058201206827,3636058201308896,3636058224938860,12,84,84,0,0
3636058256567966,3636058258525528,3636058258884774,3636058264806477,3636058264900036,3636058265004595,3636058288692068,12,84,84,0,0
3636058320477433,3636058322148287,3636058322519754,3636058328531086,3636058328630465,3636058328735924,3636058352719634,12,84,84,0,0
3636058385005574,3636058386559619,3636058386904436,3636058392816159,3636058392914128,3636058393019247,3636058417024527,12,84,84,0,0
3636058449913312,3636058451484827,3636058451845753,3636058457763866,3636058457860645,3636058457965004,3636058481499079,12,84,84,0,0
3636058514357703,3636058515923028,3636058516298775,3636058522206998,3636058522301027,3636058522406336,3636058546124729,12,84,84,0,0
3636058579118222,3636058580722537,3636058581084983,3636058587053676,3636058587149265,3636058587255384,3636058611009806,12,84,84,0,0
3636058642460374,3636058644080609,3636058644444495,3636058650393898,3636058650486497,3636058650590546,3636058674505247,12,84,84,0,0
3636058706890057,3636058708501072,3636058708861578,3636058714824631,3636058714918560,3636058715019700,3636058738825862,12,84,84,0,0
3636058771417120,3636058773253372,3636058773612999,3636058779556972,3636058779651211,3636058779757690,3636058803619112,12,84,84,0,0
3636058835949922,3636058837822544,3636058838190071,3636058844155054,3636058844251673,3636058844356692,3636058868109444,12,84,84,0,0
3636058900275916,3636058901866501,3636058902224818,3636058908182061,3636058908275490,3636058908377729,3636058935336221,12,84,84,0,0
3636058965133056,3636058966822409,3636058967190726,3636058973214068,3636058973305217,3636058973407776,3636058997262318,12,84,84,0,0
3636059029891146,3636059031534690,3636059031909586,3636059037921429,3636059038015308,3636059038118747,3636059061754081,12,84,84,0,0
3636059094771075,3636059096373440,3636059096736346,3636059102666119,3636059102759808,3636059102862557,3636059126602640,12,84,84,0,0
3636059158976160,3636059160556975,3636059160922122,3636059166820535,3636059166914924,3636059167020193,3636059190706557,12,84,84,0,0
3636059223478173,3636059225076138,3636059225430324,3636059231341788,3636059231438747,3636059231542046,3636059255201659,12,84,84,0,0
3636059288146964,3636059289721729,3636059290076496,3636059296016749,3636059296113968,3636059296219227,3636059319872270,12,84,84,0,0
3636059351620806,3636059353556858,3636059353915725,3636059359841098,3636059359934007,3636059360051856,3636059383729899,12,84,84,0,0
3636059415854942,3636059417449626,3636059417806853,3636059424019904,3636059424116803,3636059424221232,3636059447898425,12,84,84,0,0
3636059479752390,3636059481352655,3636059481713651,3636059487642035,3636059487738424,3636059487845693,3636059511547866,12,84,84,0,0
3636059544564360,3636059546143535,3636059546499311,3636059552397175,3636059552489234,3636059552595503,3636059576212677,12,84,84,0,0
3636059609193531,3636059610771996,3636059611133183,3636059617129955,3636059617226564,3636059617335953,3636059644281745,12,84,84,0,0
3636059673950782,3636059675555106,3636059675912923,3636059681891396,3636059681989125,3636059682092854,3636059706009285,12,84,84,0,0
3636059739157819,3636059740768144,3636059741128880,3636059747200412,3636059747295201,3636059747400130,3636059771233973,12,84,84,0,0
3636059804116979,3636059805710513,3636059806065690,3636059812172132,3636059812269811,3636059812374800,3636059836180322,12,84,84,0,0
3636059869006399,3636059870605864,3636059870963980,3636059877040642,3636059877138581,3636059877242600,3636059901069563,12,84,84,0,0
3636059933487873,3636059935088738,3636059935449384,3636059941519116,3636059941616136,3636059941720045,3636059965452738,12,84,84,0,0
3636059997777689,3636059999678571,3636060000047188,3636060006146039,3636060006239908,3636060006344357,3636060030189780,12,84,84,0,0
3636060062598050,3636060064335654,3636060064723960,3636060070851861,3636060070944201,3636060071049920,3636060094765413,12,84,84,0,0
3636060127595890,3636060129316613,3636060129809318,3636060135850851,3636060135943910,3636060136056169,3636060159713773,12,84,84,0,0
3636060192779667,3636060194352642,3636060194712289,3636060200815360,3636060200909769,3636060201016508,3636060224937130,12,84,84,0,0
3636060257722377,3636060259283332,3636060259634099,3636060265669751,3636060265765340,3636060265867249,3636060289279756,12,84,84,0,0
3636060322057253,3636060323628068,3636060323978554,3636060330004987,3636060330098496,3636060330201365,3636060353547372,12,84,84,0,0
3636060387063842,3636060388638117,3636060388992443,3636060394995756,3636060395090285,3636060395192814,3636060418593641,12,84,84,0,0
3636060451714514,3636060453302269,3636060453657276,3636060459633959,3636060459727818,3636060459830707,3636060483329423,12,84,84,0,0
3636060516533725,3636060518102091,3636060518456647,3636060524466370,3636060524558889,3636060524661378,3636060548068824,12,84,84,0,0
3636060581261857,3636060582832872,3636060583188159,3636060589220891,3636060589314070,3636060589418779,3636060612882465,12,84,84,0,0
3636060645860111,3636060647442665,3636060647803022,3636060653845764,3636060653938763,3636060654044102,3636060677652317,12,84,84,0,0
3636060711166078,3636060712753723,3636060713113309,3636060719181332,3636060719273541,3636060719375410,3636060742869556,12,84,84,0,0
3636060775237967,3636060776823752,3636060777176009,3636060783225091,3636060783319370,3636060783423030,3636060806951095,12,84,84,0,0
3636060840226258,3636060841787323,3636060842149920,3636060848184242,3636060848276902,3636060848379191,3636060871760818,12,84,84,0,0
3636060905197549,3636060906757894,3636060907118611,3636060913154303,3636060913246773,3636060913349242,3636060936788818,12,84,84,0,0
3636060969752834,3636060971312899,3636060971668366,3636060977692329,3636060977784448,3636060977889367,3636061001335783,12,84,84,0,0
3636061034037572,3636061035602377,3636061035958553,3636061042011626,3636061042104365,3636061042205644,3636061065559251,12,84,84,0,0
3636061099339440,3636061100919385,3636061101277551,3636061107329953,3636061107425063,3636061107528972,3636061131005278,12,84,84,0,0
3636061164475939,3636061166041004,3636061166397441,3636061172445233,3636061172540412,3636061172645161,3636061196132707,12,84,84,0,0
3636061229211762,3636061230776927,3636061231135954,3636061237168946,3636061237260986,3636061237362935,3636061260828641,12,84,84,0,0
3636061294349792,3636061295912697,3636061296277353,3636061302290956,3636061302387615,3636061302491724,3636061326051670,12,84,84,0,0
3636061359393882,3636061360987807,3636061361345123,3636061367461715,3636061367554594,3636061367658993,3636061391467656,12,84,84,0,0
3636061424424832,3636061426013497,3636061426369394,3636061432465466,3636061432561815,3636061432666634,3636061456447057,12,84,84,0,0
3636061488482782,3636061490232305,3636061490593712,3636061496654664,3636061496747083,3636061496850252,3636061520689605,12,84,84,0,0
3636061553685871,3636061555499024,3636061555860070,3636061561957322,3636061562049321,3636061562155150,3636061585901414,12,84,84,0,0
3636061618472814,3636061620234087,3636061620656003,3636061626753095,3636061626848444,3636061626953203,3636061652132273,12,84,84,0,0
3636061683690653,3636061685475376,3636061685906762,3636061692068063,3636061692164852,3636061692270061,3636061716147394,12,84,84,0,0
3636061748547716,3636061750147611,3636061750510817,3636061756659149,3636061756755898,3636061756860307,3636061780821389,12,84,84,0,0
3636061813099123,3636061814698067,3636061815054694,3636061821186926,3636061821284825,3636061821388234,3636061845379146,12,84,84,0,0
3636061877947486,3636061879543611,3636061879904287,3636061886017119,3636061886110139,3636061886213528,3636061910106720,12,84,84,0,0
3636061941940358,3636061943530963,3636061943891749,3636061949963662,3636061950057231,3636061950162500,3636061973913124,12,84,84,0,0
3636062006640753,3636062008239578,3636062008594804,3636062014698526,3636062014794135,3636062014898364,3636062038753558,12,84,84,0,0
3636062071487606,3636062073100531,3636062073460978,3636062079567390,3636062079663239,3636062079767138,3636062103545132,12,84,84,0,0
3636062136088002,3636062137674857,3636062138034774,3636062144121926,3636062144217015,3636062144321614,3636062168080658,12,84,84,0,0
3636062200530990,3636062202130405,3636062202492191,3636062208644873,3636062208740562,3636062208847131,3636062232740634,12,84,84,0,0
3636062265557792,3636062267174156,3636062267538893,3636062273691434,3636062273785713,3636062273889462,3636062297824965,12,84,84,0,0
3636062329868240,3636062331463195,3636062331825212,3636062338002123,3636062338099222,3636062338203731,3636062362162483,12,84,84,0,0
3636062395077070,3636062396683395,3636062397036942,3636062403115794,3636062403209943,3636062403313062,3636062427223385,12,84,84,0,0
3636062459899984,3636062461566558,3636062461926195,3636062468089216,3636062468190595,3636062468296494,3636062492121318,12,84,84,0,0
3636062524930206,3636062526571410,3636062526930727,3636062533037619,3636062533131908,3636062533235477,3636062556920062,12,84,84,0,0
3636062588931528,3636062590749890,3636062591105317,3636062597229069,3636062597321438,3636062597424317,3636062621249861,12,84,84,0,0
3636062653967949,3636062655896271,3636062656279708,3636062662409659,3636062662501178,3636062662603657,3636062686551400,12,84,84,0,0
3636062718911853,3636062720723206,3636062721147632,3636062727304594,3636062727399213,3636062727503232,3636062751485424,12,84,84,0,0
3636062783904087,3636062785832039,3636062786192325,3636062792364027,3636062792455856,3636062792558435,3636062816362879,12,84,84,0,0
3636062848735422,3636062850433786,3636062850820042,3636062856924464,3636062857017324,3636062857119523,3636062880656229,12,84,84,0,0
3636062913502978,3636062915086263,3636062915444419,3636062921542542,3636062921638291,3636062921741500,3636062945448635,12,84,84,0,0
3636062977588410,3636062979190385,3636062979547891,3636062985721203,3636062985816892,3636062985920651,3636063009889264,12,84,84,0,0
3636063042647663,3636063044260038,3636063044614644,3636063050723736,3636063050817696,3636063050919125,3636063074802308,12,84,84,0,0
3636063107572867,3636063109185772,3636063109544869,3636063115708630,3636063115802209,3636063115905658,3636063139856031,12,84,84,0,0
3636063172831928,3636063174443273,3636063174802980,3636063180998391,3636063181094020,3636063181199459,3636063205189602,12,84,84,0,0
3636063237218178,3636063238829122,3636063239190939,3636063245386000,3636063245480879,3636063245583898,3636063269599911,12,84,84,0,0
3636063302709377,3636063304335531,3636063304698048,3636063310819640,3636063310914559,3636063311017058,3636063334958891,12,84,84,0,0
3636063367822179,3636063369423314,3636063369783851,3636063375946762,3636063376054721,3636063376162420,3636063400077603,12,84,84,0,0
3636063432728364,3636063434325938,3636063434685605,3636063440852717,3636063440946736,3636063441051285,3636063464884249,12,84,84,0,0
3636063497809836,3636063499412571,3636063499776378,3636063505940559,3636063506033958,3636063506135977,3636063530016361,12,84,84,0,0
3636063562998268,3636063564597723,3636063564959739,3636063571078881,3636063571174831,3636063571277570,3636063595205413,12,84,84,0,0
3636063628058011,3636063629650836,3636063630008873,3636063636121335,3636063636218014,3636063636324273,3636063663795832,12,84,84,0,0
3636063692840747,3636063694560991,3636063694976487,3636063701114629,3636063701208568,3636063701312147,3636063725258181,12,84,84,0,0
3636063757213848,3636063758813783,3636063759170580,3636063765332731,3636063765431990,3636063765536949,3636063789525312,12,84,84,0,0
3636063822174694,3636063823767388,3636063824140315,3636063830239687,3636063830334416,3636063830439575,3636063854246960,12,84,84,0,0
3636063887005060,3636063888621535,3636063888977771,3636063895072494,3636063895167813,3636063895271182,3636063919007677,12,84,84,0,0
3636063952060125,3636063953648709,3636063954011516,3636063960095918,3636063960192218,3636063960297507,3636063983984602,12,84,84,0,0
3636064017621174,3636064019272069,3636064019644485,3636064025833256,3636064025930326,3636064026035385,3636064049915029,12,84,84,0,0
3636064082466731,3636064084216774,3636064084610380,3636064090785742,3636064090880771,3636064090986620,3636064114900074,12,84,84,0,0
3636064148340007,3636064150182530,3636064150541126,3636064156661239,3636064156757548,3636064156863967,3636064180708621,12,84,84,0,0
3636064213158574,3636064215113455,3636064215475652,3636064221616724,3636064221711543,3636064221817102,3636064245709976,12,84,84,0,0
3636064279263978,3636064280932293,3636064281292769,3636064287447811,3636064287542180,3636064287646949,3636064311594023,12,84,84,0,0
3636064344567981,3636064346158725,3636064346518552,3636064352644614,3636064352737443,3636064352840142,3636064376668917,12,84,84,0,0
3636064410057671,3636064411668086,3636064412046242,3636064418142504,3636064418236423,3636064418340312,3636064442214787,12,84,84,0,0
3636064475266794,3636064476889068,3636064477251175,3636064483360297,3636064483460476,3636064483563755,3636064507443189,12,84,84,0,0
3636064540624965,3636064542216210,3636064542586717,3636064548731049,3636064548825768,3636064548929977,3636064572877340,12,84,84,0,0
3636064605910888,3636064607521322,3636064607887449,3636064614083850,3636064614178229,3636064614281318,3636064638270161,12,84,84,0,0
3636064670985272,3636064672623747,3636064672984953,3636064679089046,3636064679186435,3636064679292194,3636064703285307,12,84,84,0,0
3636064735944159,3636064737587013,3636064737954000,3636064744114842,3636064744212691,3636064744319700,3636064768107625,12,84,84,0,0
3636064800859986,3636064802447351,3636064802805548,3636064808940740,3636064809038689,3636064809141998,3636064832985983,12,84,84,0,0
3636064865949562,3636064867572456,3636064867928083,3636064874057065,3636064874153954,3636064874257703,3636064898309026,12,84,84,0,0
3636064930983838,3636064932611222,3636064932968229,3636064939116241,3636064939210100,3636064939312529,3636064963286283,12,84,84,0,0
3636064996047403,3636064997653648,3636064998019445,3636065004133897,3636065004234596,3636065004340905,3636065028217590,12,84,84,0,0
3636065061560285,3636065063169600,3636065063536476,3636065069722598,3636065069817597,3636065069924396,3636065093827350,12,84,84,0,0
3636065126501282,3636065128120636,3636065128476933,3636065134568566,3636065134664055,3636065134766484,3636065158515700,12,84,84,0,0
3636065191632597,3636065193246832,3636065193603968,3636065199661101,3636065199754110,3636065199858219,3636065223685294,12,84,84,0,0
3636065256901671,3636065258491206,3636065258847872,3636065264950935,3636065265044164,3636065265147453,3636065288825279,12,84,84,0,0
3636065322067136,3636065323658740,3636065324024557,3636065330150339,3636065330242688,3636065330347327,3636065354129373,12,84,84,0,0
3636065386728975,3636065388327990,3636065388682257,3636065394767339,3636065394861138,3636065394964687,3636065418770763,12,84,84,0,0
3636065452400155,3636065453990980,3636065454356397,3636065460472129,3636065460565938,3636065460671107,3636065484524132,12,84,84,0,0
3636065516794267,3636065518378092,3636065518736409,3636065524902201,3636065524995590,3636065525099989,3636065548940904,12,84,84,0,0
3636065581964742,3636065583540117,3636065583898704,3636065590024676,3636065590120315,3636065590223754,3636065614021119,12,84,84,0,0
3636065646608992,3636065650600474,3636065650957771,3636065659057884,3636065659185033,3636065659328182,3636065683426994,12,84,84,0,0
3636065711183753,3636065712790588,3636065713148265,3636065719282457,3636065719376166,3636065719480685,3636065743433409,12,84,84,0,0
3636065775767095,3636065777394549,3636065777757556,3636065783913368,3636065784017017,3636065784125376,3636065808065781,12,84,84,0,0
3636065841151449,3636065842756884,3636065843117660,3636065849234533,3636065849328202,3636065849435331,3636065873273396,12,84,84,0,0
3636065906171066,3636065907751802,3636065908120948,3636065914225111,3636065914319990,3636065914426309,3636065938197155,12,84,84,0,0
3636065971144654,3636065972746329,3636065973107106,3636065979252628,3636065979344637,3636065979448356,3636066003245902,12,84,84,0,0
3636066036609538,3636066038186763,3636066038555560,3636066044652842,3636066044747581,3636066044852050,3636066068676846,12,84,84,0,0
3636066101766944,3636066103361929,3636066103719346,3636066110103386,3636066110195395,3636066110297934,3636066133848012,12,84,84,0,0
3636066167348656,3636066168927582,3636066169285668,3636066175318321,3636066175412351,3636066175515000,3636066199104777,12,84,84,0,0
3636066232304245,3636066233886030,3636066234245716,3636066240327069,3636066240420848,3636066240525517,3636066264140005,12,84,84,0,0
3636066297510121,3636066299099976,3636066299455412,3636066305534795,3636066305627744,3636066305731153,3636066329447260,12,84,84,0,0
3636066361368979,3636066362954974,3636066363312241,3636066369407243,3636066369500512,3636066369602431,3636066393258769,12,84,84,0,0
3636066426438506,3636066428035321,3636066428397178,3636066434550050,3636066434643069,3636066434746568,3636066458468234,12,84,84,0,0
3636066491632182,3636066493262427,3636066493624823,3636066499749636,3636066499842805,3636066499946174,3636066523821319,12,84,84,0,0
3636066556767349,3636066558358684,3636066558714570,3636066564840133,3636066564939302,3636066565044451,3636066588861836,12,84,84,0,0
3636066621415930,3636066622996985,3636066623358801,3636066629488004,3636066629583623,3636066629687712,3636066655276651,12,84,84,0,0
3636066685985352,3636066687582537,3636066687946264,3636066694100876,3636066694195495,3636066694299544,3636066718053021,12,84,84,0,0
3636066751454257,3636066753037992,3636066753402358,3636066759467691,3636066759561601,3636066759662790,3636066783028100,12,84,84,0,0
3636066816362867,3636066817930862,3636066818282289,3636066824282322,3636066824377921,3636066824479681,3636066847840991,12,84,84,0,0
3636066881323896,3636066882886292,3636066883238468,3636066889293291,3636066889384621,3636066889485350,3636066912996669,12,84,84,0,0
3636066945901399,3636066947447045,3636066947799422,3636066953815625,3636066953908474,3636066954010973,3636066977317274,12,84,84,0,0
3636067010986368,3636067012680462,3636067013029079,3636067018997703,3636067019089552,3636067019189901,3636067042588191,12,84,84,0,0
3636067075887848,3636067077458463,3636067077810290,3636067083817313,3636067083909193,3636067084019862,3636067107463901,12,84,84,0,0
3636067140797158,3636067142367173,3636067142717940,3636067148735593,3636067148826793,3636067148928632,3636067172401591,12,84,84,0,0
3636067205841017,3636067207421472,3636067207771899,3636067213871421,3636067213961930,3636067214061929,3636067237518939,12,84,84,0,0
3636067271121263,3636067272706768,3636067273057745,3636067279115808,3636067279205827,3636067279308156,3636067302911775,12,84,84,0,0
3636067336731047,3636067338283362,3636067338639769,3636067344735092,3636067344826351,3636067344926720,3636067368400629,12,84,84,0,0
3636067401287520,3636067402887285,3636067403236872,3636067409314145,3636067409405544,3636067409509023,3636067433104751,12,84,84,0,0
3636067466524187,3636067468150372,3636067468504528,3636067474526082,3636067474620971,3636067474721630,3636067498252739,12,84,84,0,0
3636067532039401,3636067533609017,3636067533959533,3636067539969237,3636067540071086,3636067540173445,3636067563687664,12,84,84,0,0
3636067597592885,3636067599175900,3636067599534577,3636067605650220,3636067605742619,3636067605844998,3636067629564075,12,84,84,0,0
3636067663092610,3636067664683285,3636067665036642,3636067671106485,3636067671199694,3636067671301913,3636067694938931,12,84,84,0,0
3636067728383098,3636067729949673,3636067730310730,3636067736336093,3636067736428502,3636067736528911,3636067760128900,12,84,84,0,0
3636067793407228,3636067794981203,3636067795333330,3636067801340214,3636067801431183,3636067801533222,3636067825132231,12,84,84,0,0
3636067858094341,3636067859662297,3636067860031433,3636067866086017,3636067866178296,3636067866280955,3636067889835184,12,84,84,0,0
3636067922930834,3636067924522409,3636067924874345,3636067930921869,3636067931013198,3636067931114387,3636067954645436,12,84,84,0,0
3636067987898394,3636067989479740,3636067989831206,3636067995872530,3636067995975019,3636067996091898,3636068019653687,12,84,84,0,0
3636068052446969,3636068054006575,3636068054360281,3636068060404445,3636068060496064,3636068060598423,3636068084052273,12,84,84,0,0
3636068117546739,3636068119115364,3636068119460671,3636068125574174,3636068125665903,3636068125767272,3636068149324401,12,84,84,0,0
3636068182303412,3636068183867247,3636068184239974,3636068190284987,3636068190377156,3636068190479435,3636068214064644,12,84,84,0,0
3636068247429141,3636068249005276,3636068249369283,3636068255389547,3636068255481086,3636068255582465,3636068279081504,12,84,84,0,0
3636068311735068,3636068313312893,3636068313664230,3636068319721283,3636068319813063,3636068319915122,3636068343451301,12,84,84,0,0
3636068376351332,3636068377928498,3636068378281234,3636068384361517,3636068384456556,3636068384559155,3636068408109015,12,84,84,0,0
3636068441224674,3636068442780610,3636068443131326,3636068449188000,3636068449279819,3636068449380818,3636068472951727,12,84,84,0,0
3636068505761849,3636068507352054,3636068507704991,3636068513824404,3636068513916643,3636068514018782,3636068537674700,12,84,84,0,0
3636068571017747,3636068572605072,3636068572957359,3636068579041062,3636068579134831,3636068579236790,3636068602872199,12,84,84,0,0
3636068636227806,3636068637795031,3636068638155178,3636068644191501,3636068644286160,3636068644388629,3636068670954660,12,84,84,0,0
3636068701287187,3636068702889382,3636068703241518,3636068709330921,3636068709424971,3636068709527920,3636068733228838,12,84,84,0,0
3636068765849853,3636068767444218,3636068767799195,3636068773936257,3636068774033116,3636068774135225,3636068798121481,12,84,84,0,0
3636068831544328,3636068833174913,3636068833540430,3636068839709182,3636068839804571,3636068839908230,3636068863919205,12,84,84,0,0
3636068896170214,3636068897787939,3636068898158295,3636068904333247,3636068904431026,3636068904537215,3636068928573771,12,84,84,0,0
3636068961703911,3636068963319166,3636068963692692,3636068969875304,3636068969969263,3636068970071712,3636068994109198,12,84,84,0,0
3636069026839071,3636069028445286,3636069028890672,3636069035075304,3636069035169753,3636069035273852,3636069059147559,12,84,84,0,0
3636069091848493,3636069093449958,3636069093808105,3636069099949857,3636069100054077,3636069100159416,3636069124067042,12,84,84,0,0
3636069156973344,3636069158577749,3636069158932206,3636069165028219,3636069165122398,3636069165224437,3636069189192003,12,84,84,0,0
3636069220975425,3636069222569080,3636069222933467,3636069229036350,3636069229130269,3636069229232338,3636069253045155,12,84,84,0,0
3636069286496842,3636069288095758,3636069288464054,3636069294542797,3636069294638446,3636069294741405,3636069318556813,12,84,84,0,0
3636069351190327,3636069352940581,3636069353293138,3636069359357541,3636069359449110,3636069359553329,3636069383254247,12,84,84,0,0
3636069416753204,3636069418400829,3636069418755645,3636069424867828,3636069424960917,3636069425063236,3636069448924313,12,84,84,0,0
3636069481846565,3636069483596169,3636069483952845,3636069490035259,3636069490128878,3636069490231357,3636069513999184,12,84,84,0,0
3636069547165534,3636069548825489,3636069549182385,3636069555265238,3636069555358147,3636069555461607,3636069579184155,12,84,84,0,0
3636069611935978,3636069613651982,3636069614014669,3636069620135672,3636069620235261,3636069620339420,3636069644277766,12,84,84,0,0
3636069675921570,3636069677584964,3636069677959381,3636069684177613,3636069684271812,3636069684375271,3636069708573785,12,84,84,0,0
3636069741283720,3636069742952784,3636069743322341,3636069749482493,3636069749575953,3636069749679322,3636069773653618,12,84,84,0,0
3636069807671030,3636069809467704,3636069809829600,3636069815938513,3636069816043402,3636069816150261,3636069840069918,12,84,84,0,0
3636069871835892,3636069873575225,3636069874062521,3636069880172114,3636069880268153,3636069880372772,3636069904377068,12,84,84,0,0
3636069936897214,3636069938630778,3636069939125134,3636069945278596,3636069945372975,3636069945475704,3636069969273962,12,84,84,0,0
3636070002021557,3636070003849369,3636070004225746,3636070010368069,3636070010461138,3636070010563117,3636070034342915,12,84,84,0,0
3636070067224928,3636070069062611,3636070069426377,3636070075524381,3636070075622500,3636070075728289,3636070099575896,12,84,84,0,0
3636070131772146,3636070133614758,3636070134030185,3636070140270386,3636070140366725,3636070140470224,3636070164257562,12,84,84,0,0
3636070197621651,3636070199208476,3636070199576383,3636070205780495,3636070205874974,3636070205978353,3636070230082378,12,84,84,0,0
3636070263266228,3636070265101081,3636070265462818,3636070271614741,3636070271709670,3636070271812699,3636070295865914,12,84,84,0,0
3636070328672818,3636070330471371,3636070330831718,3636070336933901,3636070337026500,3636070337132149,3636070360961257,12,84,84,0,0
3636070393753101,3636070395505044,3636070395907670,3636070402032463,3636070402128062,3636070402231731,3636070425984050,12,84,84,0,0
3636070458568996,3636070460380219,3636070460736485,3636070466799939,3636070466894398,3636070466999247,3636070490811525,12,84,84,0,0
3636070523783787,3636070525573760,3636070525929747,3636070532067390,3636070532168399,3636070532272688,3636070556099415,12,84,84,0,0
3636070589069978,3636070590707632,3636070591072319,3636070597155682,3636070597247961,3636070597352580,3636070621268627,12,84,84,0,0
3636070653405427,3636070655107931,3636070655469708,3636070661526572,3636070661620031,3636070661725180,3636070685727276,12,84,84,0,0
3636070718007356,3636070719814609,3636070720198215,3636070726307858,3636070726400897,3636070726505356,3636070750370234,12,84,84,0,0
3636070783375417,3636070785050141,3636070785417088,3636070791545651,3636070791638800,3636070791743259,3636070815707536,12,84,84,0,0
3636070848382612,3636070850216684,3636070850576381,3636070856677974,3636070856771443,3636070856874202,3636070880882759,12,84,84,0,0
3636070912826672,3636070914431227,3636070914790643,3636070920990245,3636070921082665,3636070921186154,3636070945084521,12,84,84,0,0
3636070977889876,3636070979482021,3636070979848517,3636070986038650,3636070986132049,3636070986236198,3636071010198485,12,84,84,0,0
3636071042047858,3636071043627864,3636071043985710,3636071050208992,3636071050304311,3636071050411130,3636071074256558,12,84,84,0,0
3636071107648077,3636071109247783,3636071109615379,3636071115738282,3636071115831531,3636071115935160,3636071139917347,12,84,84,0,0
3636071172706942,3636071174298507,3636071174658813,3636071180793836,3636071180888175,3636071180995414,3636071204931112,12,84,84,0,0
3636071237440549,3636071239025024,3636071239385011,3636071245500544,3636071245594103,3636071245696942,3636071269530370,12,84,84,0,0
3636071302234446,3636071303823071,3636071304202997,3636071310345270,3636071310437169,3636071310540798,3636071334548285,12,84,84,0,0
3636071367184851,3636071368799556,3636071369157402,3636071375251706,3636071375345835,3636071375451424,3636071399421881,12,84,84,0,0
3636071432697641,3636071434320616,3636071434680322,3636071440887725,3636071440979494,3636071441082723,3636071465063969,12,84,84,0,0
3636071497273509,3636071498888044,3636071499247721,3636071505497473,3636071505591822,3636071505694411,3636071529826156,12,84,84,0,0
3636071561849878,3636071563576082,3636071563941449,3636071570149211,3636071570245750,3636071570351159,3636071594415305,12,84,84,0,0
3636071627095291,3636071628830505,3636071629192441,3636071635401273,3636071635499972,3636071635602421,3636071659631108,12,84,84,0,0
3636071692740570,3636071694374835,3636071694736332,3636071700932414,3636071701027313,3636071701132102,3636071725255468,12,84,84,0,0
3636071757953504,3636071759750238,3636071760126014,3636071766254907,3636071766352356,3636071766456885,3636071790301584,12,84,84,0,0
3636071822472535,3636071824069340,3636071824428777,3636071830549780,3636071830644009,3636071830748468,3636071854655536,12,84,84,0,0
3636071888784729,3636071890404314,3636071890759750,3636071896961153,3636071897055382,3636071897157971,3636071921429086,12,84,84,0,0
3636071953472548,3636071955144832,3636071955507559,3636071961636302,3636071961730311,3636071961834490,3636071985666769,12,84,84,0,0
3636072018774931,3636072020373196,3636072020730913,3636072026841746,3636072026937155,3636072027041884,3636072051152050,12,84,84,0,0
3636072084203323,3636072085793669,3636072086153345,3636072092304208,3636072092399437,3636072092503096,3636072116309255,12,84,84,0,0
3636072148837373,3636072150407688,3636072150768655,3636072156902328,3636072156996347,3636072157100866,3636072180866325,12,84,84,0,0
3636072214041937,3636072215617563,3636072215970389,3636072222075623,3636072222172832,3636072222277241,3636072246246718,12,84,84,0,0
3636072278419029,3636072280041364,3636072280406261,3636072286542854,3636072286635983,3636072286739572,3636072310771269,12,84,84,0,0
3636072342397555,3636072344039769,3636072344405936,3636072350593009,3636072350687298,3636072350791317,3636072374647625,12,84,84,0,0
3636072406044303,3636072407662898,3636072408057155,3636072414159088,3636072414256677,3636072414361056,3636072438250984,12,84,84,0,0
3636072470243577,3636072471841082,3636072472214579,3636072478355352,3636072478447381,3636072478550260,3636072502516587,12,84,84,0,0
3636072535946327,3636072537567032,3636072537926198,3636072544040721,3636072544138881,3636072544243830,3636072568155797,12,84,84,0,0
3636072601006412,3636072602607737,3636072602960374,3636072609116957,3636072609228016,3636072609336065,3636072633220133,12,84,84,0,0
3636072667956690,3636072669583625,3636072670002361,3636072677787449,3636072677906188,3636072678067477,3636072702262552,12,84,84,0,0
3636072731070865,3636072732692900,3636072733057967,3636072739183200,3636072739277569,3636072739385528,3636072763383966,12,84,84,0,0
3636072796370390,3636072797979745,3636072798341032,3636072804549454,3636072804644143,3636072804750502,3636072828793670,12,84,84,0,0
3636072861433967,3636072863060052,3636072863423699,3636072869595931,3636072869690451,3636072869792610,3636072894001855,12,84,84,0,0
3636072926839461,3636072928461526,3636072928825902,3636072934963646,3636072935057005,3636072935158904,3636072959261440,12,84,84,0,0
3636072992507842,3636072994119787,3636072994482044,3636073000654937,3636073000748666,3636073000852545,3636073025092670,12,84,84,0,0
3636073057902126,3636073059506191,3636073059867688,3636073066165470,3636073066259359,3636073066364758,3636073090352325,12,84,84,0,0
3636073122994383,3636073124601888,3636073124959735,3636073131084288,3636073131180377,3636073131283976,3636073155213364,12,84,84,0,0
3636073188020780,3636073189631565,3636073189990922,3636073196159155,3636073196254124,3636073196361463,3636073220557119,12,84,84,0,0
3636073253506513,3636073255108548,3636073255459665,3636073261594808,3636073261690557,3636073261795566,3636073285735904,12,84,84,0,0
3636073318827528,3636073320452493,3636073320813819,3636073326968402,3636073327061481,3636073327165310,3636073351185818,12,84,84,0,0
3636073383770976,3636073385381841,3636073385741757,3636073391876901,3636073391970270,3636073392091979,3636073416120296,12,84,84,0,0
3636073449246519,3636073450838084,3636073451190771,3636073457324554,3636073457418113,3636073457521232,3636073481410981,12,84,84,0,0
3636073514278276,3636073515876641,3636073516249008,3636073522428811,3636073522522190,3636073522627239,3636073546628246,12,84,84,0,0
3636073579465612,3636073581077127,3636073581432754,3636073587591097,3636073587685366,3636073587789505,3636073611878321,12,84,84,0,0
3636073644157962,3636073645764657,3636073646120114,3636073652328227,3636073652423126,3636073652527015,3636073680664674,12,84,84,0,0
3636073709609007,3636073711199032,3636073711560609,3636073717714182,3636073717807431,3636073717912190,3636073741915668,12,84,84,0,0
3636073774506047,3636073776129432,3636073776488808,3636073782649391,3636073782747530,3636073782851209,3636073806864527,12,84,84,0,0
3636073839615034,3636073841236279,3636073841598396,3636073847768299,3636073847862738,3636073847966517,3636073871855316,12,84,84,0,0
3636073904477015,3636073906061540,3636073906425717,3636073912587890,3636073912682849,3636073912784938,3636073936690017,12,84,84,0,0
3636073969030778,3636073970645683,3636073971002599,3636073977217782,3636073977312171,3636073977415660,3636074001265020,12,84,84,0,0
3636074033771289,3636074035367204,3636074035723601,3636074041885474,3636074041979773,3636074042080662,3636074065992951,12,84,84,0,0
3636074098944806,3636074100557511,3636074100916148,3636074107069751,3636074107162320,3636074107266019,3636074131201038,12,84,84,0,0
3636074163739347,3636074165342832,3636074165697669,3636074171848682,3636074171943591,3636074172058480,3636074196042198,12,84,84,0,0
3636074229055113,3636074230649208,3636074231007235,3636074237180818,3636074237275897,3636074237382236,3636074261318125,12,84,84,0,0
3636074293329759,3636074294919324,3636074295280211,3636074301423534,3636074301517973,3636074301619622,3636074325667060,12,84,84,0,0
3636074358762004,3636074360364949,3636074360725496,3636074366815469,3636074366908938,3636074367012117,3636074390854877,12,84,84,0,0
3636074424427956,3636074426069181,3636074426424268,3636074432591411,3636074432684470,3636074432789449,3636074456808177,12,84,84,0,0
3636074489450105,3636074491036790,3636074491390337,3636074497534910,3636074497628170,3636074497731949,3636074521650407,12,84,84,0,0
3636074554273436,3636074555865511,3636074556247147,3636074562358141,3636074562452560,3636074562556139,3636074586475318,12,84,84,0,0
3636074619168226,3636074620936719,3636074621301026,3636074627475889,3636074627568218,3636074627671097,3636074651522526,12,84,84,0,0
3636074684981907,3636074686566323,3636074686922480,3636074693061073,3636074693153962,3636074693255671,3636074717105391,12,84,84,0,0
3636074750098307,3636074751679742,3636074752052459,3636074758141342,3636074758232502,3636074758333631,3636074782136211,12,84,84,0,0
3636074815774291,3636074817359646,3636074817709483,3636074823807057,3636074823897386,3636074823999755,3636074847846755,12,84,84,0,0
3636074881260657,3636074882833482,3636074883188999,3636074889335812,3636074889430881,3636074889534860,3636074913472379,12,84,84,0,0
3636074946757242,3636074948355358,3636074948712744,3636074954784878,3636074954878357,3636074954983396,3636074978701888,12,84,84,0,0
3636075011878161,3636075013469067,3636075013833793,3636075019902487,3636075019997077,3636075020111016,3636075043962085,12,84,84,0,0
3636075077470406,3636075079068132,3636075079430418,3636075085713060,3636075085806929,3636075085908908,3636075109816738,12,84,84,0,0
3636075141541565,3636075143123511,3636075143477447,3636075149605521,3636075149698100,3636075149799619,3636075173614619,12,84,84,0,0
3636075206199999,3636075207854553,3636075208229450,3636075214350823,3636075214446093,3636075214548932,3636075238431171,12,84,84,0,0
3636075271929732,3636075273624527,3636075273981663,3636075280081617,3636075280178966,3636075280282945,3636075304179405,12,84,84,0,0
3636075337220840,3636075338956964,3636075339315691,3636075345440204,3636075345536323,3636075345641342,3636075369299904,12,84,84,0,0
3636075403072512,3636075404745177,3636075405105774,3636075411177277,3636075411272987,3636075411377886,3636075435204386,12,84,84,0,0
3636075469098453,3636075470679819,3636075471042405,3636075477159439,3636075477254858,3636075477357077,3636075501253316,12,84,84,0,0
3636075534337821,3636075535922287,3636075536300933,3636075542418797,3636075542512516,3636075542615735,3636075566359506,12,84,84,0,0
3636075598578519,3636075600178784,3636075600539650,3636075606664064,3636075606759573,3636075606863062,3636075630758412,12,84,84,0,0
3636075663984995,3636075665597990,3636075665955367,3636075671891012,3636075671985861,3636075672103710,3636075695991670,12,84,84,0,0
3636075729464322,3636075731042278,3636075731393585,3636075737534228,3636075737628797,3636075737731166,3636075761598077,12,84,84,0,0
3636075794833801,3636075796429886,3636075796788253,3636075802887256,3636075802980436,3636075803084645,3636075826933525,12,84,84,0,0
3636075860286478,3636075861862434,3636075862224050,3636075868283805,3636075868379634,3636075868483723,3636075892149965,12,84,84,0,0
3636075925680326,3636075927281301,3636075927642888,3636075933736232,3636075933827511,3636075933931320,3636075957760431,12,84,84,0,0
3636075990873516,3636075992493911,3636075992852578,3636075998938932,3636075999035181,3636075999138610,3636076022669993,11,77,77,0,0
3636076054863957,3636076056483612,3636076056836309,3636076062919843,3636076063012492,3636076063116841,3636076086540335,11,77,77,0,0
3636076118953767,3636076120522273,3636076120874519,3636076126910674,3636076127008803,3636076127111832,3636076150114210,11,77,77,0,0
3636076181290513,3636076182989958,3636076183392244,3636076189653596,3636076189747295,3636076189850095,3636076213183120,10,70,70,0,0
3636076243365852,3636076244955647,3636076245314414,3636076251380808,3636076251477377,3636076251578296,3636076274907982,10,70,70,0,0
3636076306946817,3636076308546242,3636076308904699,3636076314987233,3636076315081012,3636076315185181,3636076338570516,10,70,70,0,0
3636076369960507,3636076371655681,3636076372015858,3636076378077282,3636076378172421,3636076378278300,3636076401671335,10,70,70,0,0
3636076432446891,3636076434059937,3636076434418313,3636076440562997,3636076440656826,3636076440761045,3636076464525296,9,63,63,0,0
3636076493118943,3636076494708668,3636076495072965,3636076501196709,3636076501290438,3636076501392687,3636076524942140,9,63,63,0,0
3636076553990263,3636076555558938,3636076555913745,3636076562020089,3636076562114088,3636076562216447,3636076585718801,9,63,63,0,0
3636076614790073,3636076616517477,3636076616870314,3636076622978378,3636076623071037,3636076623174706,3636076646797168,9,63,63,0,0
3636076678117730,3636076679876014,3636076680304850,3636076686968609,3636076687070448,3636076687182887,3636076710981829,9,63,63,0,0
3636076736473684,3636076738299258,3636076738707614,3636076744899187,3636076744991096,3636076745094525,3636076768509720,9,63,63,0,0
3636076796994929,3636076798597324,3636076798962811,3636076804555549,3636076804651438,3636076804754657,3636076828040114,8,56,56,0,0
3636076855057965,3636076856668401,3636076857025617,3636076863153751,3636076863245020,3636076863348049,3636076887048192,7,49,49,0,0
3636076912496728,3636076914094283,3636076914468500,3636076920631643,3636076920726202,3636076920828521,3636076944480594,7,49,49,0,0
3636076970018440,3636076971622525,3636076971984442,3636076978135565,3636076978227654,3636076978330823,3636077001991696,7,49,49,0,0
3636077026526871,3636077028127146,3636077028491483,3636077034652596,3636077034746485,3636077034850174,3636077058506647,7,49,49,0,0
3636077084049522,3636077085753057,3636077086121743,3636077092381476,3636077092474725,3636077092578194,3636077116342026,6,42,42,0,0
3636077139882930,3636077141549824,3636077141908571,3636077148164054,3636077148259233,3636077148364112,3636077171867046,6,42,42,0,0
3636077195360210,3636077197050225,3636077197410221,3636077203569295,3636077203665944,3636077203769893,3636077227386096,6,42,42,0,0
3636077250755201,3636077252411626,3636077252771883,3636077258912137,3636077259005256,3636077259109795,3636077282668328,6,42,42,0,0
3636077306390310,3636077308023925,3636077308389192,3636077314538936,3636077314633965,3636077314737604,3636077338304877,6,42,42,0,0
3636077362037489,3636077363668604,3636077364033781,3636077370197185,3636077370289994,3636077370391973,3636077393998876,6,42,42,0,0
3636077417784317,3636077419414363,3636077419769019,3636077425979242,3636077426074931,3636077426180430,3636077449904932,6,42,42,0,0
3636077473215168,3636077474830194,3636077475186540,3636077481341024,3636077481437883,3636077481540542,3636077505095746,6,42,42,0,0
3636077528834048,3636077530470073,3636077530824549,3636077536998273,3636077537092202,3636077537196071,3636077560748445,6,42,42,0,0
3636077584134410,3636077585758845,3636077586126341,3636077592262855,3636077592355714,3636077592458963,3636077615930548,6,42,42,0,0
3636077639951977,3636077641592882,3636077641947629,3636077648141552,3636077648237821,3636077648343490,3636077671861014,6,42,42,0,0
3636077694805684,3636077696458829,3636077696816636,3636077703035739,3636077703128578,3636077703231917,3636077726989879,6,42,42,0,0
3636077752512775,3636077754142800,3636077754503017,3636077760664651,3636077760756480,3636077760860039,3636077784415233,6,42,42,0,0
3636077808751390,3636077810377785,3636077810734642,3636077816867086,3636077816958505,3636077817062724,3636077840695977,6,42,42,0,0
3636077864212672,3636077865862467,3636077866222793,3636077872390097,3636077872483786,3636077872587935,3636077896111340,6,42,42,0,0
3636077919046889,3636077920694854,3636077921056121,3636077927221404,3636077927316274,3636077927419473,3636077950890658,5,35,35,0,0
3636077974106095,3636077975753890,3636077976128696,3636077982281560,3636077982375419,3636077982480208,3636078006195071,5,35,35,0,0
3636078029684986,3636078031303191,3636078031660268,3636078037820381,3636078037916750,3636078038021729,3636078061524984,5,35,35,0,0
3636078083822000,3636078085487644,3636078085850321,3636078092035974,3636078092131853,3636078092236893,3636078115884136,4,28,28,0,0
3636078138306920,3636078139951855,3636078140331352,3636078146506885,3636078146598684,3636078146701413,3636078170216468,4,28,28,0,0
3636078194122149,3636078195754744,3636078196127631,3636078202382403,3636078202478302,3636078202583061,3636078226143196,4,28,28,0,0
3636078248254793,3636078249863248,3636078250224155,3636078256430098,3636078256523807,3636078256627306,3636078279968952,4,28,28,0,0
3636078303709975,3636078305397419,3636078305758136,3636078311933730,3636078312038059,3636078312148588,3636078335464864,4,28,28,0,0
3636078357340683,3636078358965739,3636078359321035,3636078365459169,3636078365594278,3636078365689597,3636078389179892,3,21,21,0,0
3636078411279429,3636078412948024,3636078413309911,3636078419495314,3636078419626173,3636078419723222,3636078443314006,3,21,21,0,0
3636078466426534,3636078468067529,3636078468426776,3636078474577799,3636078474708178,3636078474806147,3636078498370411,2,14,14,0,0
3636078520494529,3636078522139464,3636078522498420,3636078528762933,3636078528893152,3636078528991791,3636078552734853,2,14,14,0,0
3636078574687782,3636078576338017,3636078576698054,3636078582830277,3636078582962466,3636078583059615,3636078606509120,2,14,14,0,0
3636078627899264,3636078629552369,3636078629908906,3636078636060790,3636078636195638,3636078636295668,3636078659706773,2,14,14,0,0
3636078682556924,3636078684368568,3636078684772174,3636078691135346,3636078691264394,3636078691362814,3636078714953738,2,14,14,0,0
3636078736060755,3636078737696030,3636078738053867,3636078744190071,3636078744323639,3636078744423269,3636078767814185,2,14,14,0,0
3636078788819363,3636078790439608,3636078790799805,3636078796945688,3636078797075087,3636078797174596,3636078820603642,2,14,14,0,0
3636078842147695,3636078843767660,3636078844145917,3636078850281161,3636078850411190,3636078850511609,3636078873886095,2,14,14,0,0
3636078895750485,3636078897389280,3636078897744847,3636078903879661,3636078904022050,3636078904124649,3636078927641974,2,14,14,0,0
3636078948858820,3636078950491755,3636078950847591,3636078956966226,3636078957093474,3636078957188674,3636078980672479,2,14,14,0,0
3636079002383260,3636079004031745,3636079004395592,3636079010583095,3636079010711224,3636079010805353,3636079034244749,2,14,14,0,0
3636079055874081,3636079057509366,3636079057864293,3636079064026387,3636079064158456,3636079064258645,3636079087714050,2,14,14,0,0
3636079109396472,3636079111126296,3636079111485813,3636079117601767,3636079117731616,3636079117827505,3636079141239591,2,14,14,0,0
3636079162382298,3636079163990453,3636079164364990,3636079170426074,3636079170557483,3636079170655762,3636079194031698,2,14,14,0,0
3636079215689520,3636079217330665,3636079217691602,3636079223814566,3636079223942995,3636079224050464,3636079247415940,2,14,14,0,0
3636079269176291,3636079270796347,3636079271158063,3636079277330247,3636079277460176,3636079277557555,3636079301165439,1,7,7,0,0
3636079322976550,3636079324641554,3636079325001411,3636079331127135,3636079331254084,3636079331352753,3636079355090186,1,7,7,0,0
3636079375914356,3636079377552121,3636079377907978,3636079384047181,3636079384176450,3636079384277539,3636079407824554,1,7,7,0,0
3636079430125750,3636079431751165,3636079432120212,3636079438226206,3636079438356295,3636079438451894,3636079462097908,1,7,7,0,0
3636079484605212,3636079486231087,3636079486591994,3636079492776407,3636079492904996,3636079492998855,3636079516666429,1,7,7,0,0
3636079538391070,3636079539998526,3636079540378592,3636079546468747,3636079546596905,3636079546693315,3636079570196430,1,7,7,0,0
3636079592122369,3636079593746774,3636079594108291,3636079600211795,3636079600337494,3636079600433253,3636079623943598,1,7,7,0,0
