3607668550096450,3607668556438099,3607668592358188,3607669165097248,1,16,128,4,model.layers.2.self_attn.indexer.k_cache
3607669165570189,3607669165580629,3607669165906100,3607669166487222,0,16,128,4,model.layers.2.self_attn.attn
3607669166902983,3607669166909263,3607669167124134,3607669167838386,0,16,128,128,model.layers.3.self_attn.attn
3607669168173897,3607669168178797,3607669168403188,3607669169080330,0,16,128,1,model.layers.0.self_attn.swa_cache
3607669169381471,3607669169386271,3607669169612651,3607669170028903,0,16,128,1,model.layers.1.self_attn.swa_cache
3607669170343244,3607669170347584,3607669170710385,3607669171115856,0,16,128,1,model.layers.2.self_attn.compressor.state_cache
3607669171271866,3607669171275656,3607669171508257,3607669171922798,0,16,128,1,model.layers.2.self_attn.indexer.compressor.state_cache
3607669172245079,3607669172249809,3607669172558130,3607669172979392,0,16,128,1,model.layers.3.self_attn.compressor.state_cache
3607670043588535,3607670044297278,3607670044516428,3607670372283044,1,16,128,4,model.layers.2.self_attn.indexer.k_cache
3607670372908416,3607670374743281,3607670375293203,3607670379323115,1,16,128,4,model.layers.2.self_attn.attn
3607670379681226,3607670380326888,3607670380530569,3607670381860743,1,16,128,128,model.layers.3.self_attn.attn
3607670382176074,3607670382796746,3607670383005006,3607670384331410,1,16,128,1,model.layers.0.self_attn.swa_cache
3607670384642391,3607670385272533,3607670385480544,3607670386771138,1,16,128,1,model.layers.1.self_attn.swa_cache
3607670387067959,3607670387687471,3607670387882271,3607670389185745,1,16,128,1,model.layers.2.self_attn.compressor.state_cache
3607670389350246,3607670390001568,3607670390201428,3607670391495052,1,16,128,1,model.layers.2.self_attn.indexer.compressor.state_cache
3607670391791113,3607670392459955,3607670392652606,3607670393918029,1,16,128,1,model.layers.3.self_attn.compressor.state_cache
3607671198494873,3607671199933197,3607671200531209,3607671209231316,1,15,120,4,model.layers.2.self_attn.indexer.k_cache
3607671209509767,3607671209548637,3607671209816017,3607671210378339,0,15,120,4,model.layers.2.self_attn.attn
3607671210799560,3607671210835091,3607671211062371,3607671211871654,0,15,120,128,model.layers.3.self_attn.attn
3607671212264665,3607671212300985,3607671212536516,3607671213337678,0,15,120,1,model.layers.0.self_attn.swa_cache
3607671213660739,3607671213705259,3607671213934310,3607671214378671,0,15,120,1,model.layers.1.self_attn.swa_cache
3607671214738022,3607671214771703,3607671215120654,3607671215586425,0,15,120,1,model.layers.2.self_attn.compressor.state_cache
3607671215781866,3607671215827086,3607671216089167,3607671216517558,0,15,120,1,model.layers.2.self_attn.indexer.compressor.state_cache
3607671216915549,3607671216959779,3607671217303340,3607671217789102,0,15,120,1,model.layers.3.self_attn.compressor.state_cache
3607671666981406,3607671667678768,3607671667909419,3607671719157005,1,15,120,4,model.layers.2.self_attn.indexer.k_cache
3607671719849727,3607671721640742,3607671721920523,3607671724720711,1,15,120,4,model.layers.2.self_attn.attn
3607671725186543,3607671726201446,3607671726465047,3607671728410423,1,15,120,128,model.layers.3.self_attn.attn
3607671728828764,3607671729695757,3607671729967877,3607671731418772,1,15,120,1,model.layers.0.self_attn.swa_cache
3607671731725923,3607671732476865,3607671732684166,3607671734041300,1,15,120,1,model.layers.1.self_attn.swa_cache
3607671734370911,3607671735031313,3607671735231413,3607671736538977,1,15,120,1,model.layers.2.self_attn.compressor.state_cache
3607671736709178,3607671737337620,3607671737531060,3607671738822484,1,15,120,1,model.layers.2.self_attn.indexer.compressor.state_cache
3607671739117985,3607671739770337,3607671739968228,3607671741252712,1,15,120,1,model.layers.3.self_attn.compressor.state_cache
3607672462814543,3607672464733159,3607672465632762,3607672474231458,1,14,112,4,model.layers.2.self_attn.indexer.k_cache
3607672474523489,3607672474560909,3607672474811360,3607672475397142,0,14,112,4,model.layers.2.self_attn.attn
3607672475760313,3607672475795953,3607672476143084,3607672476905076,0,14,112,128,model.layers.3.self_attn.attn
3607672477361958,3607672477399408,3607672477634768,3607672478408921,0,14,112,1,model.layers.0.self_attn.swa_cache
3607672478711372,3607672478744572,3607672478990463,3607672479465624,0,14,112,1,model.layers.1.self_attn.swa_cache
3607672479820705,3607672479874915,3607672480227966,3607672480681088,0,14,112,1,model.layers.2.self_attn.compressor.state_cache
3607672480845558,3607672480879438,3607672481114229,3607672481530840,0,14,112,1,model.layers.2.self_attn.indexer.compressor.state_cache
3607672481865581,3607672481903231,3607672482226172,3607672482646004,0,14,112,1,model.layers.3.self_attn.compressor.state_cache
3607672926695553,3607672927427295,3607672927694866,3607672930119333,1,14,112,4,model.layers.2.self_attn.indexer.k_cache
3607672930480054,3607672931214686,3607672931415807,3607672933488193,1,14,112,4,model.layers.2.self_attn.attn
3607672933868924,3607672934522346,3607672934727777,3607672936206961,1,14,112,128,model.layers.3.self_attn.attn
3607672936555472,3607672937211944,3607672937414795,3607672938899700,1,14,112,1,model.layers.0.self_attn.swa_cache
3607672939202041,3607672939849722,3607672940086853,3607672941536118,1,14,112,1,model.layers.1.self_attn.swa_cache
3607672941860279,3607672942524101,3607672942770851,3607672944204376,1,14,112,1,model.layers.2.self_attn.compressor.state_cache
3607672944372256,3607672945081798,3607672945282039,3607672946560873,1,14,112,1,model.layers.2.self_attn.indexer.compressor.state_cache
3607672946856464,3607672947509726,3607672947705176,3607672948992010,1,14,112,1,model.layers.3.self_attn.compressor.state_cache
3607673653387300,3607673654535614,3607673655000535,3607673658481056,1,13,104,4,model.layers.2.self_attn.indexer.k_cache
3607673658823847,3607673658868977,3607673659174468,3607673659771619,0,13,104,4,model.layers.2.self_attn.attn
3607673660217081,3607673660262711,3607673660536682,3607673661405544,0,13,104,128,model.layers.3.self_attn.attn
3607673661824606,3607673661869366,3607673662139747,3607673662993459,0,13,104,1,model.layers.0.self_attn.swa_cache
3607673663380020,3607673663422871,3607673663695071,3607673664240463,0,13,104,1,model.layers.1.self_attn.swa_cache
3607673664651504,3607673664690464,3607673665006125,3607673665413847,0,13,104,1,model.layers.2.self_attn.compressor.state_cache
3607673665574297,3607673665608547,3607673665840208,3607673666258329,0,13,104,1,model.layers.2.self_attn.indexer.compressor.state_cache
3607673666577560,3607673666615600,3607673666922381,3607673667337752,0,13,104,1,model.layers.3.self_attn.compressor.state_cache
3607674065348092,3607674066058364,3607674066293025,3607674146542188,1,13,104,4,model.layers.2.self_attn.indexer.k_cache
3607674147035680,3607674148136063,3607674148538304,3607674151885865,1,13,104,4,model.layers.2.self_attn.attn
3607674152379046,3607674153193489,3607674153448749,3607674155387705,1,13,104,128,model.layers.3.self_attn.attn
3607674155792766,3607674156624529,3607674156880210,3607674158561205,1,13,104,1,model.layers.0.self_attn.swa_cache
3607674159008156,3607674159850059,3607674160076659,3607674161494224,1,13,104,1,model.layers.1.self_attn.swa_cache
3607674161866485,3607674162555237,3607674162770688,3607674164214032,1,13,104,1,model.layers.2.self_attn.compressor.state_cache
3607674164391313,3607674165088015,3607674165303785,3607674166754110,1,13,104,1,model.layers.2.self_attn.indexer.compressor.state_cache
3607674167098691,3607674167812723,3607674168031334,3607674169524908,1,13,104,1,model.layers.3.self_attn.compressor.state_cache
3607674962654228,3607674964540864,3607674965418006,3607674969047287,1,12,96,4,model.layers.2.self_attn.indexer.k_cache
3607674969371748,3607674969411798,3607674969664719,3607674970166031,0,12,96,4,model.layers.2.self_attn.attn
3607674970517162,3607674970553592,3607674970776912,3607674971533065,0,12,96,128,model.layers.3.self_attn.attn
3607674971881666,3607674971918536,3607674972182927,3607674972938349,0,12,96,1,model.layers.0.self_attn.swa_cache
3607674973289840,3607674973326470,3607674973576661,3607674974044232,0,12,96,1,model.layers.1.self_attn.swa_cache
3607674974444224,3607674974491334,3607674974830945,3607674975352536,0,12,96,1,model.layers.2.self_attn.compressor.state_cache
3607674975532577,3607674975566067,3607674975934588,3607674976376960,0,12,96,1,model.layers.2.self_attn.indexer.compressor.state_cache
3607674976755791,3607674976793981,3607674977150502,3607674977577673,0,12,96,1,model.layers.3.self_attn.compressor.state_cache
3607675434801842,3607675435558775,3607675435826745,3607675438271783,1,12,96,4,model.layers.2.self_attn.indexer.k_cache
3607675438624094,3607675439270626,3607675439472417,3607675441573543,1,12,96,4,model.layers.2.self_attn.attn
3607675441920794,3607675442569656,3607675442800187,3607675444288851,1,12,96,128,model.layers.3.self_attn.attn
3607675444636352,3607675445311384,3607675445520435,3607675447014049,1,12,96,1,model.layers.0.self_attn.swa_cache
3607675447322240,3607675447982532,3607675448192553,3607675449674288,1,12,96,1,model.layers.1.self_attn.swa_cache
3607675449993148,3607675450669541,3607675450926141,3607675452370576,1,12,96,1,model.layers.2.self_attn.compressor.state_cache
3607675452538676,3607675453238518,3607675453483209,3607675454907603,1,12,96,1,model.layers.2.self_attn.indexer.compressor.state_cache
3607675455218854,3607675455910686,3607675456104497,3607675457363891,1,12,96,1,model.layers.3.self_attn.compressor.state_cache
3607676217577251,3607676219177376,3607676219755827,3607676223686369,1,11,88,4,model.layers.2.self_attn.indexer.k_cache
3607676224056841,3607676224109601,3607676224457092,3607676225126284,0,11,88,4,model.layers.2.self_attn.attn
3607676225602285,3607676225649485,3607676225998886,3607676226685409,0,11,88,128,model.layers.3.self_attn.attn
3607676227016630,3607676227053630,3607676227262760,3607676227978952,0,11,88,1,model.layers.0.self_attn.swa_cache
3607676228298943,3607676228332534,3607676228546594,3607676228965465,0,11,88,1,model.layers.1.self_attn.swa_cache
3607676229286756,3607676229325077,3607676229632037,3607676230039499,0,11,88,1,model.layers.2.self_attn.compressor.state_cache
3607676230201669,3607676230235749,3607676230469320,3607676230877981,0,11,88,1,model.layers.2.self_attn.indexer.compressor.state_cache
3607676231192982,3607676231233342,3607676231564883,3607676231989435,0,11,88,1,model.layers.3.self_attn.compressor.state_cache
3607676632278221,3607676632964803,3607676633188604,3607676698609913,1,11,88,4,model.layers.2.self_attn.indexer.k_cache
3607676699060934,3607676700282158,3607676700639739,3607676704137619,1,11,88,4,model.layers.2.self_attn.attn
3607676704712131,3607676705815474,3607676706165835,3607676707743840,1,11,88,128,model.layers.3.self_attn.attn
3607676708063341,3607676708683703,3607676708905184,3607676710190228,1,11,88,1,model.layers.0.self_attn.swa_cache
3607676710496689,3607676711111710,3607676711309391,3607676712619395,1,11,88,1,model.layers.1.self_attn.swa_cache
3607676712923476,3607676713527918,3607676713725208,3607676715020832,1,11,88,1,model.layers.2.self_attn.compressor.state_cache
3607676715186293,3607676715816115,3607676716027035,3607676717320129,1,11,88,1,model.layers.2.self_attn.indexer.compressor.state_cache
3607676717622790,3607676718270052,3607676718469163,3607676719752387,1,11,88,1,model.layers.3.self_attn.compressor.state_cache
3607677496086276,3607677497786781,3607677498460873,3607677503339688,1,10,80,4,model.layers.2.self_attn.indexer.k_cache
3607677503640799,3607677503678029,3607677503920010,3607677504407761,0,10,80,4,model.layers.2.self_attn.attn
3607677504747752,3607677504782832,3607677505002753,3607677505690915,0,10,80,128,model.layers.3.self_attn.attn
3607677506028426,3607677506065576,3607677506282127,3607677506945679,0,10,80,1,model.layers.0.self_attn.swa_cache
3607677507256480,3607677507292130,3607677507506081,3607677507920672,0,10,80,1,model.layers.1.self_attn.swa_cache
3607677508260723,3607677508301353,3607677508612424,3607677509024575,0,10,80,1,model.layers.2.self_attn.compressor.state_cache
3607677509188966,3607677509223826,3607677509456607,3607677509869078,0,10,80,1,model.layers.2.self_attn.indexer.compressor.state_cache
3607677510188499,3607677510225039,3607677510547840,3607677510965521,0,10,80,1,model.layers.3.self_attn.compressor.state_cache
3607677908175888,3607677908858700,3607677909082681,3607677972275053,1,10,80,4,model.layers.2.self_attn.indexer.k_cache
3607677972859195,3607677974455070,3607677974956871,3607677977943660,1,10,80,4,model.layers.2.self_attn.attn
3607677978409182,3607677979312364,3607677979594215,3607677981481591,1,10,80,128,model.layers.3.self_attn.attn
3607677981918332,3607677982816275,3607677983103616,3607677984497720,1,10,80,1,model.layers.0.self_attn.swa_cache
3607677984807391,3607677985441493,3607677985639654,3607677986931108,1,10,80,1,model.layers.1.self_attn.swa_cache
3607677987233039,3607677987855310,3607677988065211,3607677989357895,1,10,80,1,model.layers.2.self_attn.compressor.state_cache
3607677989527246,3607677990162877,3607677990358258,3607677991639412,1,10,80,1,model.layers.2.self_attn.indexer.compressor.state_cache
3607677991938423,3607677992600625,3607677992798845,3607677994077009,1,10,80,1,model.layers.3.self_attn.compressor.state_cache
3607678759865907,3607678761281471,3607678761882293,3607678765838215,1,9,72,4,model.layers.2.self_attn.indexer.k_cache
3607678766200486,3607678766253286,3607678766596507,3607678767276419,0,9,72,4,model.layers.2.self_attn.attn
3607678767785691,3607678767822311,3607678768052032,3607678768736774,0,9,72,128,model.layers.3.self_attn.attn
3607678769074205,3607678769117975,3607678769333335,3607678770021548,0,9,72,1,model.layers.0.self_attn.swa_cache
3607678770338509,3607678770371889,3607678770585579,3607678771008321,0,9,72,1,model.layers.1.self_attn.swa_cache
3607678771328962,3607678771363892,3607678771677993,3607678772114194,0,9,72,1,model.layers.2.self_attn.compressor.state_cache
3607678772277984,3607678772313405,3607678772545245,3607678772960036,0,9,72,1,model.layers.2.self_attn.indexer.compressor.state_cache
3607678773273787,3607678773312148,3607678773617378,3607678774025350,0,9,72,1,model.layers.3.self_attn.compressor.state_cache
3607679173915115,3607679174590867,3607679174819448,3607679194841669,1,9,72,4,model.layers.2.self_attn.indexer.k_cache
3607679195282800,3607679196419864,3607679196760355,3607679200058975,1,9,72,4,model.layers.2.self_attn.attn
3607679200582236,3607679201640119,3607679201973240,3607679204152167,1,9,72,128,model.layers.3.self_attn.attn
3607679204669299,3607679205700542,3607679206005373,3607679207293107,1,9,72,1,model.layers.0.self_attn.swa_cache
3607679207598797,3607679208228989,3607679208420210,3607679209708464,1,9,72,1,model.layers.1.self_attn.swa_cache
3607679210013075,3607679210625327,3607679210820167,3607679212120981,1,9,72,1,model.layers.2.self_attn.compressor.state_cache
3607679212289122,3607679212929084,3607679213126814,3607679214413128,1,9,72,1,model.layers.2.self_attn.indexer.compressor.state_cache
3607679214716209,3607679215366801,3607679215561192,3607679216853736,1,9,72,1,model.layers.3.self_attn.compressor.state_cache
3607679942314891,3607679944197306,3607679945032139,3607679953808706,1,8,64,4,model.layers.2.self_attn.indexer.k_cache
3607679954063396,3607679954099136,3607679954341767,3607679954827419,0,8,64,4,model.layers.2.self_attn.attn
3607679955164230,3607679955199630,3607679955416270,3607679956124973,0,8,64,128,model.layers.3.self_attn.attn
3607679956459604,3607679956494934,3607679956712114,3607679957389396,0,8,64,1,model.layers.0.self_attn.swa_cache
3607679957700987,3607679957735808,3607679957955358,3607679958372549,0,8,64,1,model.layers.1.self_attn.swa_cache
3607679958696640,3607679958736681,3607679959070992,3607679959474163,0,8,64,1,model.layers.2.self_attn.compressor.state_cache
3607679959638813,3607679959673683,3607679959908724,3607679960355075,0,8,64,1,model.layers.2.self_attn.indexer.compressor.state_cache
3607679960673336,3607679960711007,3607679961029978,3607679961444559,0,8,64,1,model.layers.3.self_attn.compressor.state_cache
3607680357341572,3607680358015014,3607680358238365,3607680374280544,1,8,64,4,model.layers.2.self_attn.indexer.k_cache
3607680374670015,3607680375656218,3607680375958739,3607680378889878,1,8,64,4,model.layers.2.self_attn.attn
3607680379401599,3607680380355052,3607680380653043,3607680382134378,1,8,64,128,model.layers.3.self_attn.attn
3607680382459609,3607680383099010,3607680383307741,3607680384651435,1,8,64,1,model.layers.0.self_attn.swa_cache
3607680384967676,3607680385616318,3607680385821509,3607680387165223,1,8,64,1,model.layers.1.self_attn.swa_cache
3607680387475464,3607680388122426,3607680388330036,3607680389682910,1,8,64,1,model.layers.2.self_attn.compressor.state_cache
3607680389850341,3607680390476633,3607680390669003,3607680391953187,1,8,64,1,model.layers.2.self_attn.indexer.compressor.state_cache
3607680392265828,3607680392911630,3607680393106351,3607680394417105,1,8,64,1,model.layers.3.self_attn.compressor.state_cache
3607681151345816,3607681152361579,3607681152785780,3607681160771884,1,7,56,4,model.layers.2.self_attn.indexer.k_cache
3607681161029925,3607681161074425,3607681161371276,3607681161946228,0,7,56,4,model.layers.2.self_attn.attn
3607681162340409,3607681162381689,3607681162640630,3607681163486813,0,7,56,128,model.layers.3.self_attn.attn
3607681163993194,3607681164038594,3607681164262385,3607681164941747,0,7,56,1,model.layers.0.self_attn.swa_cache
3607681165239058,3607681165273258,3607681165484729,3607681165901250,0,7,56,1,model.layers.1.self_attn.swa_cache
3607681166218141,3607681166258141,3607681166577042,3607681166980133,0,7,56,1,model.layers.2.self_attn.compressor.state_cache
3607681167137694,3607681167172414,3607681167407605,3607681167815236,0,7,56,1,model.layers.2.self_attn.indexer.compressor.state_cache
3607681168140767,3607681168177487,3607681168510468,3607681168929419,0,7,56,1,model.layers.3.self_attn.compressor.state_cache
3607681557622351,3607681558312153,3607681558539274,3607681605056005,1,7,56,4,model.layers.2.self_attn.indexer.k_cache
3607681605464016,3607681606551710,3607681606887001,3607681610122490,1,7,56,4,model.layers.2.self_attn.attn
3607681610644982,3607681611676355,3607681612026476,3607681613432961,1,7,56,128,model.layers.3.self_attn.attn
3607681613742611,3607681614357303,3607681614552504,3607681615840868,1,7,56,1,model.layers.0.self_attn.swa_cache
3607681616157989,3607681616771181,3607681616972621,3607681618261625,1,7,56,1,model.layers.1.self_attn.swa_cache
3607681618561716,3607681619199928,3607681619397369,3607681620700483,1,7,56,1,model.layers.2.self_attn.compressor.state_cache
3607681620867353,3607681621498915,3607681621694386,3607681622991860,1,7,56,1,model.layers.2.self_attn.indexer.compressor.state_cache
3607681623285640,3607681623941502,3607681624158063,3607681625435037,1,7,56,1,model.layers.3.self_attn.compressor.state_cache
3607682402745330,3607682404856927,3607682405477028,3607682408808449,1,6,48,4,model.layers.2.self_attn.indexer.k_cache
3607682409134940,3607682409177840,3607682409469811,3607682410042232,0,6,48,4,model.layers.2.self_attn.attn
3607682410447844,3607682410489674,3607682410751384,3607682411571677,0,6,48,128,model.layers.3.self_attn.attn
3607682411973988,3607682412031298,3607682412291269,3607682413124442,0,6,48,1,model.layers.0.self_attn.swa_cache
3607682413489223,3607682413531283,3607682413792534,3607682414216145,0,6,48,1,model.layers.1.self_attn.swa_cache
3607682414539576,3607682414574666,3607682414896067,3607682415313618,0,6,48,1,model.layers.2.self_attn.compressor.state_cache
3607682415476889,3607682415519919,3607682415750400,3607682416185701,0,6,48,1,model.layers.2.self_attn.indexer.compressor.state_cache
3607682416505982,3607682416542302,3607682416860993,3607682417269584,0,6,48,1,model.layers.3.self_attn.compressor.state_cache
3607682817046670,3607682817718392,3607682817940002,3607682859320128,1,6,48,4,model.layers.2.self_attn.indexer.k_cache
3607682859924760,3607682861659775,3607682862195677,3607682866772041,1,6,48,4,model.layers.2.self_attn.attn
3607682867098712,3607682867722284,3607682867922664,3607682869252558,1,6,48,128,model.layers.3.self_attn.attn
3607682869561179,3607682870187311,3607682870388242,3607682871707356,1,6,48,1,model.layers.0.self_attn.swa_cache
3607682872032137,3607682872663429,3607682872863599,3607682874173783,1,6,48,1,model.layers.1.self_attn.swa_cache
3607682874504204,3607682875138196,3607682875339607,3607682876660471,1,6,48,1,model.layers.2.self_attn.compressor.state_cache
3607682876826841,3607682877473993,3607682877673364,3607682878981168,1,6,48,1,model.layers.2.self_attn.indexer.compressor.state_cache
3607682879284939,3607682879944391,3607682880168942,3607682881456856,1,6,48,1,model.layers.3.self_attn.compressor.state_cache
3607683584188942,3607683585112415,3607683585497066,3607683588250104,1,5,40,4,model.layers.2.self_attn.indexer.k_cache
3607683588527125,3607683588565755,3607683588805096,3607683589278808,0,5,40,4,model.layers.2.self_attn.attn
3607683589607259,3607683589643879,3607683589856189,3607683590539591,0,5,40,128,model.layers.3.self_attn.attn
3607683590865282,3607683590901963,3607683591115113,3607683591795145,0,5,40,1,model.layers.0.self_attn.swa_cache
3607683592106976,3607683592143006,3607683592360137,3607683592778238,0,5,40,1,model.layers.1.self_attn.swa_cache
3607683593101569,3607683593141489,3607683593452810,3607683593860472,0,5,40,1,model.layers.2.self_attn.compressor.state_cache
3607683594029542,3607683594062682,3607683594294153,3607683594703724,0,5,40,1,model.layers.2.self_attn.indexer.compressor.state_cache
3607683595016395,3607683595054275,3607683595373316,3607683595788257,0,5,40,1,model.layers.3.self_attn.compressor.state_cache
3607683995607003,3607683996287905,3607683996782467,3607684040364299,1,5,40,4,model.layers.2.self_attn.indexer.k_cache
3607684040825461,3607684042008514,3607684042380475,3607684045726915,1,5,40,4,model.layers.2.self_attn.attn
3607684046153177,3607684046957519,3607684047215680,3607684048948215,1,5,40,128,model.layers.3.self_attn.attn
3607684049351567,3607684050161229,3607684050423680,3607684052147565,1,5,40,1,model.layers.0.self_attn.swa_cache
3607684052545966,3607684053297949,3607684053499469,3607684054807773,1,5,40,1,model.layers.1.self_attn.swa_cache
3607684055111314,3607684055731126,3607684055931257,3607684057232810,1,5,40,1,model.layers.2.self_attn.compressor.state_cache
3607684057400931,3607684058041063,3607684058243784,3607684059555158,1,5,40,1,model.layers.2.self_attn.indexer.compressor.state_cache
3607684059857898,3607684060531841,3607684060732601,3607684062017905,1,5,40,1,model.layers.3.self_attn.compressor.state_cache
3607684776878529,3607684778076062,3607684778550624,3607684786098147,1,4,32,4,model.layers.2.self_attn.indexer.k_cache
3607684786336467,3607684786372898,3607684786631068,3607684787109220,0,4,32,4,model.layers.2.self_attn.attn
3607684787458891,3607684787499091,3607684787714932,3607684788426084,0,4,32,128,model.layers.3.self_attn.attn
3607684788767015,3607684788805005,3607684789027596,3607684789713298,0,4,32,1,model.layers.0.self_attn.swa_cache
3607684790018069,3607684790059079,3607684790276389,3607684790687751,0,4,32,1,model.layers.1.self_attn.swa_cache
3607684791009442,3607684791045662,3607684791378643,3607684791792784,0,4,32,1,model.layers.2.self_attn.compressor.state_cache
3607684791956045,3607684791990115,3607684792237525,3607684792665737,0,4,32,1,model.layers.2.self_attn.indexer.compressor.state_cache
3607684792988928,3607684793025908,3607684793356209,3607684793762860,0,4,32,1,model.layers.3.self_attn.compressor.state_cache
3607685201666490,3607685202365853,3607685202591353,3607685246602557,1,4,32,4,model.layers.2.self_attn.indexer.k_cache
3607685247158799,3607685248792484,3607685249182485,3607685252384305,1,4,32,4,model.layers.2.self_attn.attn
3607685252901886,3607685253926029,3607685254256380,3607685256402237,1,4,32,128,model.layers.3.self_attn.attn
3607685256984269,3607685257605101,3607685257802021,3607685259089265,1,4,32,1,model.layers.0.self_attn.swa_cache
3607685259396596,3607685260017128,3607685260220579,3607685261494232,1,4,32,1,model.layers.1.self_attn.swa_cache
3607685261796553,3607685262426075,3607685262623996,3607685263898830,1,4,32,1,model.layers.2.self_attn.compressor.state_cache
3607685264077060,3607685264709102,3607685264910083,3607685266175797,1,4,32,1,model.layers.2.self_attn.indexer.compressor.state_cache
3607685266474658,3607685267117049,3607685267314400,3607685268593534,1,4,32,1,model.layers.3.self_attn.compressor.state_cache
3607685995987576,3607685997685001,3607685998365883,3607686007686272,1,3,24,4,model.layers.2.self_attn.indexer.k_cache
3607686007907782,3607686007946252,3607686008200513,3607686008681625,0,3,24,4,model.layers.2.self_attn.attn
3607686009015056,3607686009051316,3607686009261856,3607686009934578,0,3,24,128,model.layers.3.self_attn.attn
3607686010268659,3607686010305060,3607686010521100,3607686011200852,0,3,24,1,model.layers.0.self_attn.swa_cache
3607686011501023,3607686011536983,3607686011746994,3607686012172745,0,3,24,1,model.layers.1.self_attn.swa_cache
3607686012491286,3607686012530596,3607686012844987,3607686013254359,0,3,24,1,model.layers.2.self_attn.compressor.state_cache
3607686013413619,3607686013447749,3607686013682020,3607686014093081,0,3,24,1,model.layers.2.self_attn.indexer.compressor.state_cache
3607686014399392,3607686014436742,3607686014740183,3607686015152254,0,3,24,1,model.layers.3.self_attn.compressor.state_cache
3607686410929348,3607686411603380,3607686411828701,3607686469148085,1,3,24,4,model.layers.2.self_attn.indexer.k_cache
3607686469743457,3607686471363272,3607686471855733,3607686476550077,1,3,24,4,model.layers.2.self_attn.attn
3607686477305970,3607686478313613,3607686478513853,3607686479800067,1,3,24,128,model.layers.3.self_attn.attn
3607686480118388,3607686480744680,3607686480942601,3607686482229935,1,3,24,1,model.layers.0.self_attn.swa_cache
3607686482534096,3607686483115247,3607686483283018,3607686484561152,1,3,24,1,model.layers.1.self_attn.swa_cache
3607686484860683,3607686485487075,3607686485699525,3607686486973469,1,3,24,1,model.layers.2.self_attn.compressor.state_cache
3607686487136840,3607686487768682,3607686487966922,3607686489259906,1,3,24,1,model.layers.2.self_attn.indexer.compressor.state_cache
3607686489554457,3607686490201979,3607686490397420,3607686491655703,1,3,24,1,model.layers.3.self_attn.compressor.state_cache
3607687177631160,3607687178848033,3607687179340755,3607687188914024,1,2,16,4,model.layers.2.self_attn.indexer.k_cache
3607687189218655,3607687189328185,3607687189695636,3607687190242068,0,2,16,4,model.layers.2.self_attn.attn
3607687190591419,3607687190626909,3607687190879410,3607687191649112,0,2,16,128,model.layers.3.self_attn.attn
3607687192024444,3607687192075474,3607687192313584,3607687193048097,0,2,16,1,model.layers.0.self_attn.swa_cache
3607687193418478,3607687193454118,3607687193672189,3607687194141500,0,2,16,1,model.layers.1.self_attn.swa_cache
3607687194481911,3607687194517221,3607687194904532,3607687195328044,0,2,16,1,model.layers.2.self_attn.compressor.state_cache
3607687195519994,3607687195562414,3607687195859565,3607687196366197,0,2,16,1,model.layers.2.self_attn.indexer.compressor.state_cache
3607687196742708,3607687196780178,3607687197124449,3607687197620061,0,2,16,1,model.layers.3.self_attn.compressor.state_cache
3607687639928926,3607687640642468,3607687640889539,3607687643187396,1,2,16,4,model.layers.2.self_attn.indexer.k_cache
3607687643459827,3607687644119849,3607687644321209,3607687646513406,1,2,16,4,model.layers.2.self_attn.attn
3607687646830207,3607687647616099,3607687647832760,3607687649218144,1,2,16,128,model.layers.3.self_attn.attn
3607687649555695,3607687650320607,3607687650549428,3607687651907562,1,2,16,1,model.layers.0.self_attn.swa_cache
3607687652269163,3607687652984685,3607687653185936,3607687654604150,1,2,16,1,model.layers.1.self_attn.swa_cache
3607687654945981,3607687655611984,3607687655821314,3607687657223218,1,2,16,1,model.layers.2.self_attn.compressor.state_cache
3607687657436629,3607687658125611,3607687658340752,3607687659701366,1,2,16,1,model.layers.2.self_attn.indexer.compressor.state_cache
3607687659995057,3607687660656049,3607687660850349,3607687662119333,1,2,16,1,model.layers.3.self_attn.compressor.state_cache
3607688336159414,3607688337455447,3607688337877139,3607688349588434,1,1,8,4,model.layers.2.self_attn.indexer.k_cache
3607688349864365,3607688349905595,3607688350164776,3607688350631968,0,1,8,4,model.layers.2.self_attn.attn
3607688351002749,3607688351040859,3607688351290500,3607688351982452,0,1,8,128,model.layers.3.self_attn.attn
3607688352389433,3607688352427643,3607688352655834,3607688353385926,0,1,8,1,model.layers.0.self_attn.swa_cache
3607688353690527,3607688353725947,3607688353965508,3607688354462039,0,1,8,1,model.layers.1.self_attn.swa_cache
3607688354795600,3607688354835210,3607688355236992,3607688355697753,0,1,8,1,model.layers.2.self_attn.compressor.state_cache
3607688355875353,3607688355909174,3607688356153454,3607688356646306,0,1,8,1,model.layers.2.self_attn.indexer.compressor.state_cache
3607688356996487,3607688357043647,3607688357378928,3607688357876350,0,1,8,1,model.layers.3.self_attn.compressor.state_cache
3607688796051382,3607688796719594,3607688796945515,3607688807598148,1,1,8,4,model.layers.2.self_attn.indexer.k_cache
3607688808090139,3607688809517663,3607688809976455,3607688813330395,1,1,8,4,model.layers.2.self_attn.attn
3607688813796226,3607688814673319,3607688814939000,3607688816889766,1,1,8,128,model.layers.3.self_attn.attn
3607688817344057,3607688818268060,3607688818603021,3607688820302016,1,1,8,1,model.layers.0.self_attn.swa_cache
3607688820697227,3607688821390519,3607688821609150,3607688822954724,1,1,8,1,model.layers.1.self_attn.swa_cache
3607688823302085,3607688823999777,3607688824210408,3607688825608192,1,1,8,1,model.layers.2.self_attn.compressor.state_cache
3607688825798913,3607688826516635,3607688826708156,3607688828106910,1,1,8,1,model.layers.2.self_attn.indexer.compressor.state_cache
3607688828406161,3607688829045613,3607688829232633,3607688830484617,1,1,8,1,model.layers.3.self_attn.compressor.state_cache
3607796514845767,3607796515552479,3607796516078801,3607796522161350,1,1,96,4,model.layers.2.self_attn.indexer.k_cache
3607796522445610,3607796522511211,3607796522769081,3607796523276333,0,1,96,4,model.layers.2.self_attn.attn
3607796523627374,3607796523683344,3607796523930095,3607796524663957,0,1,96,128,model.layers.3.self_attn.attn
3607796525029118,3607796525081609,3607796525313839,3607796526026311,0,1,96,1,model.layers.0.self_attn.swa_cache
3607796526346792,3607796526394353,3607796526615303,3607796527092065,0,1,96,1,model.layers.1.self_attn.swa_cache
3607796527428836,3607796527475576,3607796527802627,3607796528244478,0,1,96,1,model.layers.2.self_attn.compressor.state_cache
3607796528422239,3607796528467219,3607796528709810,3607796529141671,0,1,96,1,model.layers.2.self_attn.indexer.compressor.state_cache
3607796529482432,3607796529536312,3607796529842813,3607796530285084,0,1,96,1,model.layers.3.self_attn.compressor.state_cache
3607797070670942,3607797071537744,3607797071909065,3607797074591224,1,1,8,4,model.layers.2.self_attn.indexer.k_cache
3607797074881405,3607797074885575,3607797075128785,3607797075619837,0,1,8,4,model.layers.2.self_attn.attn
3607797075938908,3607797075943328,3607797076174359,3607797076873641,0,1,8,128,model.layers.3.self_attn.attn
3607797077188892,3607797077193222,3607797077438312,3607797078120415,0,1,8,1,model.layers.0.self_attn.swa_cache
3607797078444416,3607797078449216,3607797078662976,3607797079091098,0,1,8,1,model.layers.1.self_attn.swa_cache
3607797079392258,3607797079396708,3607797079714079,3607797080151321,0,1,8,1,model.layers.2.self_attn.compressor.state_cache
3607797080323171,3607797080327391,3607797080567612,3607797080981803,0,1,8,1,model.layers.2.self_attn.indexer.compressor.state_cache
3607797081288814,3607797081337314,3607797081672215,3607797082089327,0,1,8,1,model.layers.3.self_attn.compressor.state_cache
3607797216887580,3607797217558942,3607797217779483,3607797220095830,1,1,8,4,model.layers.2.self_attn.indexer.k_cache
3607797220400741,3607797220405141,3607797220647862,3607797221134573,0,1,8,4,model.layers.2.self_attn.attn
3607797221462794,3607797221467744,3607797221691345,3607797222386677,0,1,8,128,model.layers.3.self_attn.attn
3607797222718528,3607797222723538,3607797222935069,3607797223622691,0,1,8,1,model.layers.0.self_attn.swa_cache
3607797223947252,3607797223951992,3607797224182512,3607797224605954,0,1,8,1,model.layers.1.self_attn.swa_cache
3607797224912655,3607797224916905,3607797225131035,3607797225559427,0,1,8,1,model.layers.2.self_attn.compressor.state_cache
3607797225763517,3607797225767687,3607797226007378,3607797226432829,0,1,8,1,model.layers.2.self_attn.indexer.compressor.state_cache
3607797226734150,3607797226774520,3607797226986501,3607797227413212,0,1,8,1,model.layers.3.self_attn.compressor.state_cache
3607797279125581,3607797279774273,3607797279988564,3607797282270191,1,1,8,4,model.layers.2.self_attn.indexer.k_cache
3607797282522341,3607797282526521,3607797282772012,3607797283252944,0,1,8,4,model.layers.2.self_attn.attn
3607797283571605,3607797283575965,3607797283792465,3607797284495937,0,1,8,128,model.layers.3.self_attn.attn
3607797284825978,3607797284830448,3607797285048949,3607797285745891,0,1,8,1,model.layers.0.self_attn.swa_cache
3607797286064482,3607797286069582,3607797286286033,3607797286711884,0,1,8,1,model.layers.1.self_attn.swa_cache
3607797287024195,3607797287028425,3607797287244046,3607797287659067,0,1,8,1,model.layers.2.self_attn.compressor.state_cache
3607797287835338,3607797287839178,3607797288091928,3607797288518550,0,1,8,1,model.layers.2.self_attn.indexer.compressor.state_cache
3607797288823311,3607797288860451,3607797289102372,3607797289530453,0,1,8,1,model.layers.3.self_attn.compressor.state_cache
3607797348664954,3607797349123476,3607797349497077,3607797351409543,1,1,88,4,model.layers.2.self_attn.indexer.k_cache
3607797351638353,3607797351642663,3607797351885944,3607797352377486,0,1,88,4,model.layers.2.self_attn.attn
3607797352691037,3607797352695647,3607797352905467,3607797353606479,0,1,88,128,model.layers.3.self_attn.attn
3607797353933090,3607797353937700,3607797354152571,3607797354840973,0,1,88,1,model.layers.0.self_attn.swa_cache
3607797355165124,3607797355169714,3607797355380665,3607797355797846,0,1,88,1,model.layers.1.self_attn.swa_cache
3607797356121157,3607797356125797,3607797356449788,3607797356870099,0,1,88,1,model.layers.2.self_attn.compressor.state_cache
3607797357044030,3607797357047920,3607797357287961,3607797357712592,0,1,88,1,model.layers.2.self_attn.indexer.compressor.state_cache
3607797358018203,3607797358057253,3607797358380744,3607797358797255,0,1,88,1,model.layers.3.self_attn.compressor.state_cache
3607797791667013,3607797792338375,3607797792548436,3607797794897173,1,1,8,4,model.layers.2.self_attn.indexer.k_cache
3607797795218084,3607797795222574,3607797795467394,3607797795957986,0,1,8,4,model.layers.2.self_attn.attn
3607797796296377,3607797796301257,3607797796517898,3607797797224420,0,1,8,128,model.layers.3.self_attn.attn
3607797797554971,3607797797559831,3607797797774582,3607797798475284,0,1,8,1,model.layers.0.self_attn.swa_cache
3607797798789155,3607797798793955,3607797799014965,3607797799435907,0,1,8,1,model.layers.1.self_attn.swa_cache
3607797799745778,3607797799750788,3607797799966908,3607797800413800,0,1,8,1,model.layers.2.self_attn.compressor.state_cache
3607797800583930,3607797800588110,3607797800828441,3607797801248082,0,1,8,1,model.layers.2.self_attn.indexer.compressor.state_cache
3607797801549003,3607797801591523,3607797801805734,3607797802226925,0,1,8,1,model.layers.3.self_attn.compressor.state_cache
3607797854251955,3607797854897357,3607797855107787,3607797857350194,1,1,8,4,model.layers.2.self_attn.indexer.k_cache
3607797857593875,3607797857598165,3607797857843066,3607797858336317,0,1,8,4,model.layers.2.self_attn.attn
3607797858656708,3607797858661418,3607797858877259,3607797859560081,0,1,8,128,model.layers.3.self_attn.attn
3607797859879192,3607797859883662,3607797860118983,3607797860813815,0,1,8,1,model.layers.0.self_attn.swa_cache
3607797861142336,3607797861147016,3607797861360357,3607797861785818,0,1,8,1,model.layers.1.self_attn.swa_cache
3607797862089569,3607797862094099,3607797862309919,3607797862738491,0,1,8,1,model.layers.2.self_attn.compressor.state_cache
3607797862909751,3607797862913671,3607797863156712,3607797863584703,0,1,8,1,model.layers.2.self_attn.indexer.compressor.state_cache
3607797863889144,3607797863926364,3607797864156965,3607797864581686,0,1,8,1,model.layers.3.self_attn.compressor.state_cache
3607797916301595,3607797916958307,3607797917166678,3607797919380025,1,1,8,4,model.layers.2.self_attn.indexer.k_cache
3607797919642015,3607797919646115,3607797919892696,3607797920441868,0,1,8,4,model.layers.2.self_attn.attn
3607797920763909,3607797920768419,3607797920984249,3607797921675342,0,1,8,128,model.layers.3.self_attn.attn
3607797922005153,3607797922009603,3607797922223693,3607797922920675,0,1,8,1,model.layers.0.self_attn.swa_cache
3607797923236736,3607797923241146,3607797923456947,3607797923878558,0,1,8,1,model.layers.1.self_attn.swa_cache
3607797924202809,3607797924207209,3607797924420600,3607797924846571,0,1,8,1,model.layers.2.self_attn.compressor.state_cache
3607797925024672,3607797925028752,3607797925272013,3607797925688444,0,1,8,1,model.layers.2.self_attn.indexer.compressor.state_cache
3607797925994785,3607797926030645,3607797926244596,3607797926664257,0,1,8,1,model.layers.3.self_attn.compressor.state_cache
3607797978313605,3607797978956467,3607797979162528,3607797981413775,1,1,8,4,model.layers.2.self_attn.indexer.k_cache
3607797981645575,3607797981649675,3607797981895596,3607797982380608,0,1,8,4,model.layers.2.self_attn.attn
3607797982701499,3607797982705789,3607797982918309,3607797983617172,0,1,8,128,model.layers.3.self_attn.attn
3607797983937012,3607797983941383,3607797984172053,3607797984867775,0,1,8,1,model.layers.0.self_attn.swa_cache
3607797985192666,3607797985197426,3607797985414427,3607797985849028,0,1,8,1,model.layers.1.self_attn.swa_cache
3607797986157289,3607797986161849,3607797986378950,3607797986800501,0,1,8,1,model.layers.2.self_attn.compressor.state_cache
3607797986971322,3607797986975162,3607797987211313,3607797987635644,0,1,8,1,model.layers.2.self_attn.indexer.compressor.state_cache
3607797987935245,3607797987972105,3607797988200136,3607797988628567,0,1,8,1,model.layers.3.self_attn.compressor.state_cache
3607798040067335,3607798040703727,3607798040905947,3607798042888513,1,1,8,4,model.layers.2.self_attn.indexer.k_cache
3607798043111324,3607798043115964,3607798043357445,3607798043825976,0,1,8,4,model.layers.2.self_attn.attn
3607798044159547,3607798044164037,3607798044380028,3607798044984760,0,1,8,128,model.layers.3.self_attn.attn
3607798045305681,3607798045310731,3607798045523051,3607798046127533,0,1,8,1,model.layers.0.self_attn.swa_cache
3607798046441584,3607798046446154,3607798046657985,3607798047088246,0,1,8,1,model.layers.1.self_attn.swa_cache
3607798047396717,3607798047401597,3607798047610578,3607798048037939,0,1,8,1,model.layers.2.self_attn.compressor.state_cache
3607798048210100,3607798048214000,3607798048453890,3607798048877462,0,1,8,1,model.layers.2.self_attn.indexer.compressor.state_cache
3607798049183023,3607798049219363,3607798049437573,3607798049859015,0,1,8,1,model.layers.3.self_attn.compressor.state_cache
3607798101409483,3607798102043045,3607798102247065,3607798104475812,1,1,8,4,model.layers.2.self_attn.indexer.k_cache
3607798104703233,3607798104707393,3607798104949254,3607798105428265,0,1,8,4,model.layers.2.self_attn.attn
3607798105749216,3607798105754166,3607798105969667,3607798106698209,0,1,8,128,model.layers.3.self_attn.attn
3607798107025600,3607798107030640,3607798107246071,3607798107946523,0,1,8,1,model.layers.0.self_attn.swa_cache
3607798108277514,3607798108282264,3607798108499775,3607798108933706,0,1,8,1,model.layers.1.self_attn.swa_cache
3607798109245997,3607798109250387,3607798109462507,3607798109885239,0,1,8,1,model.layers.2.self_attn.compressor.state_cache
3607798110058949,3607798110062849,3607798110300540,3607798110725391,0,1,8,1,model.layers.2.self_attn.indexer.compressor.state_cache
3607798111032342,3607798111068462,3607798111283563,3607798111707714,0,1,8,1,model.layers.3.self_attn.compressor.state_cache
3607798163494493,3607798164162555,3607798164373136,3607798166614563,1,1,8,4,model.layers.2.self_attn.indexer.k_cache
3607798166852674,3607798166857114,3607798167104224,3607798167592026,0,1,8,4,model.layers.2.self_attn.attn
3607798167912907,3607798167917417,3607798168164058,3607798168872250,0,1,8,128,model.layers.3.self_attn.attn
3607798169194491,3607798169199381,3607798169415631,3607798170108323,0,1,8,1,model.layers.0.self_attn.swa_cache
3607798170469065,3607798170473925,3607798170691955,3607798171125527,0,1,8,1,model.layers.1.self_attn.swa_cache
3607798171434308,3607798171438868,3607798171654258,3607798172103630,0,1,8,1,model.layers.2.self_attn.compressor.state_cache
3607798172280270,3607798172284320,3607798172527161,3607798172949052,0,1,8,1,model.layers.2.self_attn.indexer.compressor.state_cache
3607798173257493,3607798173292533,3607798173505674,3607798173925465,0,1,8,1,model.layers.3.self_attn.compressor.state_cache
3607798225765374,3607798226425506,3607798226636197,3607798228894734,1,1,8,4,model.layers.2.self_attn.indexer.k_cache
3607798229127184,3607798229131295,3607798229374405,3607798229860087,0,1,8,4,model.layers.2.self_attn.attn
3607798230182738,3607798230187398,3607798230406048,3607798231145041,0,1,8,128,model.layers.3.self_attn.attn
3607798231480792,3607798231485682,3607798231706432,3607798232425085,0,1,8,1,model.layers.0.self_attn.swa_cache
3607798232745626,3607798232750366,3607798232968886,3607798233399268,0,1,8,1,model.layers.1.self_attn.swa_cache
3607798233712619,3607798233717079,3607798233928439,3607798234354871,0,1,8,1,model.layers.2.self_attn.compressor.state_cache
3607798234525601,3607798234529691,3607798234767532,3607798235197423,0,1,8,1,model.layers.2.self_attn.indexer.compressor.state_cache
3607798235504164,3607798235539094,3607798235757635,3607798236197266,0,1,8,1,model.layers.3.self_attn.compressor.state_cache
3607798288118305,3607798288756567,3607798288963048,3607798291175485,1,1,8,4,model.layers.2.self_attn.indexer.k_cache
3607798291401325,3607798291405465,3607798291651166,3607798292161158,0,1,8,4,model.layers.2.self_attn.attn
3607798292487229,3607798292491969,3607798292707539,3607798293431232,0,1,8,128,model.layers.3.self_attn.attn
3607798293755273,3607798293759823,3607798293975603,3607798294681216,0,1,8,1,model.layers.0.self_attn.swa_cache
3607798295009987,3607798295014907,3607798295233507,3607798295660939,0,1,8,1,model.layers.1.self_attn.swa_cache
3607798295977280,3607798295981840,3607798296213020,3607798296629522,0,1,8,1,model.layers.2.self_attn.compressor.state_cache
3607798296802932,3607798296807022,3607798297043673,3607798297456274,0,1,8,1,model.layers.2.self_attn.indexer.compressor.state_cache
3607798297766925,3607798297802005,3607798298015676,3607798298440787,0,1,8,1,model.layers.3.self_attn.compressor.state_cache
3607798349042642,3607798349315953,3607798349534414,3607798351439960,1,1,96,4,model.layers.2.self_attn.indexer.k_cache
3607798351671720,3607798351676110,3607798351918621,3607798352419283,0,1,96,4,model.layers.2.self_attn.attn
3607798352737384,3607798352742014,3607798352956424,3607798353667126,0,1,96,128,model.layers.3.self_attn.attn
3607798354000057,3607798354005177,3607798354223978,3607798354913400,0,1,96,1,model.layers.0.self_attn.swa_cache
3607798355235951,3607798355240531,3607798355457422,3607798355890433,0,1,96,1,model.layers.1.self_attn.swa_cache
3607798356219824,3607798356224474,3607798356437765,3607798356859116,0,1,96,1,model.layers.2.self_attn.compressor.state_cache
3607798357033957,3607798357038127,3607798357277178,3607798357711979,0,1,96,1,model.layers.2.self_attn.indexer.compressor.state_cache
3607798358017780,3607798358056420,3607798358269941,3607798358690192,0,1,96,1,model.layers.3.self_attn.compressor.state_cache
3607798790393026,3607798791049058,3607798791259029,3607798793584696,1,1,8,4,model.layers.2.self_attn.indexer.k_cache
3607798793892897,3607798793897607,3607798794145287,3607798794623349,0,1,8,4,model.layers.2.self_attn.attn
3607798794941380,3607798794945980,3607798795159391,3607798795859963,0,1,8,128,model.layers.3.self_attn.attn
3607798796234714,3607798796239874,3607798796457714,3607798797162507,0,1,8,1,model.layers.0.self_attn.swa_cache
3607798797482818,3607798797487448,3607798797704218,3607798798130250,0,1,8,1,model.layers.1.self_attn.swa_cache
3607798798437831,3607798798442481,3607798798653671,3607798799074693,0,1,8,1,model.layers.2.self_attn.compressor.state_cache
3607798799248213,3607798799252273,3607798799492104,3607798799915095,0,1,8,1,model.layers.2.self_attn.indexer.compressor.state_cache
3607798800269016,3607798800309966,3607798800528867,3607798800956198,0,1,8,1,model.layers.3.self_attn.compressor.state_cache
3607798852710367,3607798853357359,3607798853573590,3607798855580256,1,1,8,4,model.layers.2.self_attn.indexer.k_cache
3607798855818517,3607798855823087,3607798856084607,3607798856568939,0,1,8,4,model.layers.2.self_attn.attn
3607798856887210,3607798856891780,3607798857106261,3607798857714892,0,1,8,128,model.layers.3.self_attn.attn
3607798858032503,3607798858037103,3607798858250254,3607798858847716,0,1,8,1,model.layers.0.self_attn.swa_cache
3607798859162377,3607798859166887,3607798859380007,3607798859808499,0,1,8,1,model.layers.1.self_attn.swa_cache
3607798860131160,3607798860135870,3607798860352540,3607798860770762,0,1,8,1,model.layers.2.self_attn.compressor.state_cache
3607798860947072,3607798860951682,3607798861190463,3607798861617804,0,1,8,1,model.layers.2.self_attn.indexer.compressor.state_cache
3607798861921825,3607798861957955,3607798862174676,3607798862599147,0,1,8,1,model.layers.3.self_attn.compressor.state_cache
3607798914136345,3607798914788097,3607798914998608,3607798917033714,1,1,8,4,model.layers.2.self_attn.indexer.k_cache
3607798917269755,3607798917273935,3607798917519546,3607798917996567,0,1,8,4,model.layers.2.self_attn.attn
3607798918318598,3607798918323408,3607798918536769,3607798919145391,0,1,8,128,model.layers.3.self_attn.attn
3607798919463032,3607798919467862,3607798919681792,3607798920306824,0,1,8,1,model.layers.0.self_attn.swa_cache
3607798920626375,3607798920631365,3607798920849526,3607798921278337,0,1,8,1,model.layers.1.self_attn.swa_cache
3607798921588728,3607798921593188,3607798921805459,3607798922217180,0,1,8,1,model.layers.2.self_attn.compressor.state_cache
3607798922391841,3607798922395891,3607798922635061,3607798923060713,0,1,8,1,model.layers.2.self_attn.indexer.compressor.state_cache
3607798923364894,3607798923401584,3607798923617335,3607798924056806,0,1,8,1,model.layers.3.self_attn.compressor.state_cache
3607798975797245,3607798976477767,3607798976687507,3607798978936154,1,1,8,4,model.layers.2.self_attn.indexer.k_cache
3607798979173355,3607798979177685,3607798979421476,3607798979904107,0,1,8,4,model.layers.2.self_attn.attn
3607798980246278,3607798980250828,3607798980466939,3607798981172941,0,1,8,128,model.layers.3.self_attn.attn
3607798981507722,3607798981512422,3607798981731893,3607798982426225,0,1,8,1,model.layers.0.self_attn.swa_cache
3607798982761426,3607798982766206,3607798982977677,3607798983396388,0,1,8,1,model.layers.1.self_attn.swa_cache
3607798983706769,3607798983711139,3607798983926499,3607798984357191,0,1,8,1,model.layers.2.self_attn.compressor.state_cache
3607798984530121,3607798984534321,3607798984771552,3607798985196793,0,1,8,1,model.layers.2.self_attn.indexer.compressor.state_cache
3607798985499624,3607798985535474,3607798985751465,3607798986169586,0,1,8,1,model.layers.3.self_attn.compressor.state_cache
3607799037940545,3607799038585927,3607799038787318,3607799041026385,1,1,8,4,model.layers.2.self_attn.indexer.k_cache
3607799041274575,3607799041278855,3607799041525826,3607799042010148,0,1,8,4,model.layers.2.self_attn.attn
3607799042330679,3607799042335539,3607799042549319,3607799043256021,0,1,8,128,model.layers.3.self_attn.attn
3607799043589722,3607799043594132,3607799043808493,3607799044532755,0,1,8,1,model.layers.0.self_attn.swa_cache
3607799044849976,3607799044854436,3607799045069297,3607799045497948,0,1,8,1,model.layers.1.self_attn.swa_cache
3607799045802299,3607799045806599,3607799046019300,3607799046447131,0,1,8,1,model.layers.2.self_attn.compressor.state_cache
3607799046619942,3607799046624012,3607799046860773,3607799047287424,0,1,8,1,model.layers.2.self_attn.indexer.compressor.state_cache
3607799047593745,3607799047629245,3607799047863796,3607799048306917,0,1,8,1,model.layers.3.self_attn.compressor.state_cache
3607799099861735,3607799100524487,3607799100732308,3607799102921274,1,1,8,4,model.layers.2.self_attn.indexer.k_cache
3607799103151335,3607799103155565,3607799103399226,3607799103882867,0,1,8,4,model.layers.2.self_attn.attn
3607799104250719,3607799104255299,3607799104471329,3607799105185291,0,1,8,128,model.layers.3.self_attn.attn
3607799105512642,3607799105517622,3607799105730583,3607799106416895,0,1,8,1,model.layers.0.self_attn.swa_cache
3607799106729386,3607799106734356,3607799106945767,3607799107380888,0,1,8,1,model.layers.1.self_attn.swa_cache
3607799107688389,3607799107692849,3607799107909790,3607799108353121,0,1,8,1,model.layers.2.self_attn.compressor.state_cache
3607799108525902,3607799108530182,3607799108768692,3607799109186104,0,1,8,1,model.layers.2.self_attn.indexer.compressor.state_cache
3607799109492865,3607799109529035,3607799109741555,3607799110166677,0,1,8,1,model.layers.3.self_attn.compressor.state_cache
3607799161578904,3607799162224306,3607799162426547,3607799164640814,1,1,8,4,model.layers.2.self_attn.indexer.k_cache
3607799164872754,3607799164876954,3607799165116975,3607799165587187,0,1,8,4,model.layers.2.self_attn.attn
3607799165916288,3607799165920938,3607799166134578,3607799166834250,0,1,8,128,model.layers.3.self_attn.attn
3607799167150931,3607799167155251,3607799167366702,3607799168069964,0,1,8,1,model.layers.0.self_attn.swa_cache
3607799168383515,3607799168388125,3607799168602326,3607799169031017,0,1,8,1,model.layers.1.self_attn.swa_cache
3607799169334518,3607799169338828,3607799169551569,3607799169974810,0,1,8,1,model.layers.2.self_attn.compressor.state_cache
3607799170141641,3607799170145431,3607799170380111,3607799170796573,0,1,8,1,model.layers.2.self_attn.indexer.compressor.state_cache
3607799171105544,3607799171141324,3607799171353514,3607799171769966,0,1,8,1,model.layers.3.self_attn.compressor.state_cache
3607800046672159,3607800047148801,3607800047603662,3607800049680958,1,1,8096,4,model.layers.2.self_attn.indexer.k_cache
3607800049966199,3607800049970569,3607800050216240,3607800050696532,0,1,8096,4,model.layers.2.self_attn.attn
3607800051013882,3607800051018742,3607800051233153,3607800051921695,0,1,8096,128,model.layers.3.self_attn.attn
3607800052247686,3607800052252076,3607800052469847,3607800053166269,0,1,8096,1,model.layers.0.self_attn.swa_cache
3607800053482360,3607800053486630,3607800053702561,3607800054117022,0,1,8096,1,model.layers.1.self_attn.swa_cache
3607800054423833,3607800054428003,3607800054747814,3607800055173985,0,1,8096,1,model.layers.2.self_attn.compressor.state_cache
3607800055343496,3607800055347526,3607800055587787,3607800056016118,0,1,8096,1,model.layers.2.self_attn.indexer.compressor.state_cache
3607800056322999,3607800056365259,3607800056691950,3607800057115211,0,1,8096,1,model.layers.3.self_attn.compressor.state_cache
3607800487884503,3607800488173883,3607800488387754,3607800490331790,1,1,8096,4,model.layers.2.self_attn.indexer.k_cache
3607800490643091,3607800490647451,3607800490894292,3607800491375403,0,1,8096,4,model.layers.2.self_attn.attn
3607800491698254,3607800491702754,3607800491919665,3607800492636047,0,1,8096,128,model.layers.3.self_attn.attn
3607800492951248,3607800492956098,3607800493169729,3607800493846571,0,1,8096,1,model.layers.0.self_attn.swa_cache
3607800494165432,3607800494170132,3607800494385962,3607800494808164,0,1,8096,1,model.layers.1.self_attn.swa_cache
3607800495124695,3607800495129415,3607800495344805,3607800495757007,0,1,8096,1,model.layers.2.self_attn.compressor.state_cache
3607800495927577,3607800495931497,3607800496182658,3607800496599159,0,1,8096,1,model.layers.2.self_attn.indexer.compressor.state_cache
3607800496904560,3607800496954290,3607800497174711,3607800497591952,0,1,8096,1,model.layers.3.self_attn.compressor.state_cache
3607800907864181,3607800908157142,3607800908372372,3607800910325438,1,1,8096,4,model.layers.2.self_attn.indexer.k_cache
3607800910629359,3607800910633949,3607800910877620,3607800911349951,0,1,8096,4,model.layers.2.self_attn.attn
3607800911669142,3607800911673402,3607800911891373,3607800912609095,0,1,8096,128,model.layers.3.self_attn.attn
3607800912927736,3607800912932046,3607800913152097,3607800913838029,0,1,8096,1,model.layers.0.self_attn.swa_cache
3607800914156580,3607800914161140,3607800914376221,3607800914801272,0,1,8096,1,model.layers.1.self_attn.swa_cache
3607800915136673,3607800915141043,3607800915358384,3607800915781095,0,1,8096,1,model.layers.2.self_attn.compressor.state_cache
3607800915951086,3607800915955086,3607800916206556,3607800916629678,0,1,8096,1,model.layers.2.self_attn.indexer.compressor.state_cache
3607800916933409,3607800916978049,3607800917195159,3607800917615141,0,1,8096,1,model.layers.3.self_attn.compressor.state_cache
3607801330419947,3607801330698678,3607801330909889,3607801332864725,1,1,8096,4,model.layers.2.self_attn.indexer.k_cache
3607801333168565,3607801333172965,3607801333415326,3607801333900278,0,1,8096,4,model.layers.2.self_attn.attn
3607801334214339,3607801334219009,3607801334435939,3607801335135241,0,1,8096,128,model.layers.3.self_attn.attn
3607801335449722,3607801335454152,3607801335672553,3607801336389355,0,1,8096,1,model.layers.0.self_attn.swa_cache
3607801336712666,3607801336717216,3607801336929627,3607801337351988,0,1,8096,1,model.layers.1.self_attn.swa_cache
3607801337658409,3607801337663489,3607801337881120,3607801338300101,0,1,8096,1,model.layers.2.self_attn.compressor.state_cache
3607801338473092,3607801338477132,3607801338714992,3607801339131764,0,1,8096,1,model.layers.2.self_attn.indexer.compressor.state_cache
3607801339437925,3607801339485715,3607801339704295,3607801340147557,0,1,8096,1,model.layers.3.self_attn.compressor.state_cache
3607801745271320,3607801745516120,3607801745712111,3607801747658767,1,2,8096,4,model.layers.2.self_attn.indexer.k_cache
3607801747976348,3607801747980538,3607801748210319,3607801748681880,0,2,8096,4,model.layers.2.self_attn.attn
3607801749007711,3607801749012421,3607801749197502,3607801749936984,0,2,8096,128,model.layers.3.self_attn.attn
3607801750261395,3607801750266375,3607801750452096,3607801751139528,0,2,8096,1,model.layers.0.self_attn.swa_cache
3607801751466919,3607801751471729,3607801751665919,3607801752114591,0,2,8096,1,model.layers.1.self_attn.swa_cache
3607801752436162,3607801752440902,3607801752631032,3607801753052593,0,2,8096,1,model.layers.2.self_attn.compressor.state_cache
3607801753225014,3607801753228804,3607801753435155,3607801753859596,0,2,8096,1,model.layers.2.self_attn.indexer.compressor.state_cache
3607801754174077,3607801754219987,3607801754401568,3607801754826029,0,2,8096,1,model.layers.3.self_attn.compressor.state_cache
3607802565033004,3607802565500106,3607802565756707,3607802567925973,1,2,8096,4,model.layers.2.self_attn.indexer.k_cache
3607802568253544,3607802568258104,3607802568505635,3607802568987587,0,2,8096,4,model.layers.2.self_attn.attn
3607802569303918,3607802569308648,3607802569523608,3607802570217840,0,2,8096,128,model.layers.3.self_attn.attn
3607802570547811,3607802570552121,3607802570764972,3607802571457434,0,2,8096,1,model.layers.0.self_attn.swa_cache
3607802571780175,3607802571784855,3607802571998096,3607802572446647,0,2,8096,1,model.layers.1.self_attn.swa_cache
3607802572748588,3607802572753118,3607802572967859,3607802573378480,0,2,8096,1,model.layers.2.self_attn.compressor.state_cache
3607802573552451,3607802573556461,3607802573790751,3607802574210983,0,2,8096,1,model.layers.2.self_attn.indexer.compressor.state_cache
3607802574517984,3607802574576474,3607802574801534,3607802575217986,0,2,8096,1,model.layers.3.self_attn.compressor.state_cache
3607803065938131,3607803066361432,3607803066596663,3607803068765730,1,4,8096,4,model.layers.2.self_attn.indexer.k_cache
3607803069080391,3607803069084591,3607803069336262,3607803069828013,0,4,8096,4,model.layers.2.self_attn.attn
3607803070180264,3607803070185134,3607803070400755,3607803071118357,0,4,8096,128,model.layers.3.self_attn.attn
3607803071462878,3607803071467458,3607803071690549,3607803072402101,0,4,8096,1,model.layers.0.self_attn.swa_cache
3607803072725772,3607803072730472,3607803072949823,3607803073373204,0,4,8096,1,model.layers.1.self_attn.swa_cache
3607803073712945,3607803073717655,3607803073934036,3607803074356777,0,4,8096,1,model.layers.2.self_attn.compressor.state_cache
3607803074534058,3607803074538048,3607803074778058,3607803075203450,0,4,8096,1,model.layers.2.self_attn.indexer.compressor.state_cache
3607803075580991,3607803075629581,3607803075848722,3607803076294263,0,4,8096,1,model.layers.3.self_attn.compressor.state_cache
3607803541199369,3607803541638791,3607803541882961,3607803544057358,1,6,8096,4,model.layers.2.self_attn.indexer.k_cache
3607803544380949,3607803544385429,3607803544623810,3607803545104401,0,6,8096,4,model.layers.2.self_attn.attn
3607803545451462,3607803545456902,3607803545673073,3607803546367545,0,6,8096,128,model.layers.3.self_attn.attn
3607803546708776,3607803546713846,3607803546944757,3607803547655369,0,6,8096,1,model.layers.0.self_attn.swa_cache
3607803547965690,3607803547970680,3607803548194391,3607803548616062,0,6,8096,1,model.layers.1.self_attn.swa_cache
3607803548945053,3607803548949693,3607803549165504,3607803549584785,0,6,8096,1,model.layers.2.self_attn.compressor.state_cache
3607803549755776,3607803549759856,3607803549993136,3607803550410218,0,6,8096,1,model.layers.2.self_attn.indexer.compressor.state_cache
3607803550750489,3607803550805929,3607803551031339,3607803551462251,0,6,8096,1,model.layers.3.self_attn.compressor.state_cache
3607804014193370,3607804014641422,3607804014885173,3607804017083079,1,8,8096,4,model.layers.2.self_attn.indexer.k_cache
3607804017399000,3607804017403420,3607804017650081,3607804018138003,0,8,8096,4,model.layers.2.self_attn.attn
3607804018484264,3607804018489334,3607804018705424,3607804019402266,0,8,8096,128,model.layers.3.self_attn.attn
3607804019746388,3607804019751608,3607804019974458,3607804020698530,0,8,8096,1,model.layers.0.self_attn.swa_cache
3607804021019511,3607804021024421,3607804021245352,3607804021664253,0,8,8096,1,model.layers.1.self_attn.swa_cache
3607804021998794,3607804022003954,3607804022223045,3607804022643556,0,8,8096,1,model.layers.2.self_attn.compressor.state_cache
3607804022816617,3607804022821017,3607804023065858,3607804023495919,0,8,8096,1,model.layers.2.self_attn.indexer.compressor.state_cache
3607804023849060,3607804023899990,3607804024158721,3607804024585152,0,8,8096,1,model.layers.3.self_attn.compressor.state_cache
3607804490438982,3607804490874353,3607804491113724,3607804493273560,1,10,8096,4,model.layers.2.self_attn.indexer.k_cache
3607804493580901,3607804493585391,3607804493831942,3607804494311154,0,10,8096,4,model.layers.2.self_attn.attn
3607804494654395,3607804494659175,3607804494876425,3607804495577337,0,10,8096,128,model.layers.3.self_attn.attn
3607804495920148,3607804495925059,3607804496170539,3607804496878551,0,10,8096,1,model.layers.0.self_attn.swa_cache
3607804497198102,3607804497202752,3607804497423503,3607804497845474,0,10,8096,1,model.layers.1.self_attn.swa_cache
3607804498182315,3607804498187065,3607804498403666,3607804498838097,0,10,8096,1,model.layers.2.self_attn.compressor.state_cache
3607804499013138,3607804499017528,3607804499255489,3607804499681740,0,10,8096,1,model.layers.2.self_attn.indexer.compressor.state_cache
3607804500028081,3607804500081671,3607804500313682,3607804500733863,0,10,8096,1,model.layers.3.self_attn.compressor.state_cache
3607804972632711,3607804973066153,3607804973307323,3607804975498780,1,12,8096,4,model.layers.2.self_attn.indexer.k_cache
3607804975815751,3607804975820531,3607804976090612,3607804976592323,0,12,8096,4,model.layers.2.self_attn.attn
3607804976944864,3607804976949914,3607804977166645,3607804977854157,0,12,8096,128,model.layers.3.self_attn.attn
3607804978200888,3607804978205868,3607804978426079,3607804979126761,0,12,8096,1,model.layers.0.self_attn.swa_cache
3607804979442822,3607804979447602,3607804979660933,3607804980097794,0,12,8096,1,model.layers.1.self_attn.swa_cache
3607804980440965,3607804980445875,3607804980662176,3607804981085587,0,12,8096,1,model.layers.2.self_attn.compressor.state_cache
3607804981261648,3607804981265488,3607804981510578,3607804981930110,0,12,8096,1,model.layers.2.self_attn.indexer.compressor.state_cache
3607804982269161,3607804982316841,3607804982542362,3607804982974413,0,12,8096,1,model.layers.3.self_attn.compressor.state_cache
3607805444399229,3607805445018361,3607805445414302,3607805447502668,1,12,2352,4,model.layers.2.self_attn.indexer.k_cache
3607805447850509,3607805447854919,3607805448122640,3607805448615122,0,12,2352,4,model.layers.2.self_attn.attn
3607805448947193,3607805448952053,3607805449176283,3607805449899206,0,12,2352,128,model.layers.3.self_attn.attn
3607805450216607,3607805450221747,3607805450440807,3607805451145509,0,12,2352,1,model.layers.0.self_attn.swa_cache
3607805451461510,3607805451466020,3607805451679251,3607805452131332,0,12,2352,1,model.layers.1.self_attn.swa_cache
3607805452442763,3607805452447333,3607805452767264,3607805453193916,0,12,2352,1,model.layers.2.self_attn.compressor.state_cache
3607805453377026,3607805453381546,3607805453622337,3607805454044418,0,12,2352,1,model.layers.2.self_attn.indexer.compressor.state_cache
3607805454349869,3607805454414759,3607805454759431,3607805455180702,0,12,2352,1,model.layers.3.self_attn.compressor.state_cache
3607805900526998,3607805901199350,3607805901419201,3607805904133349,1,12,96,4,model.layers.2.self_attn.indexer.k_cache
3607805904433340,3607805904438100,3607805904683991,3607805905173523,0,12,96,4,model.layers.2.self_attn.attn
3607805905491954,3607805905496774,3607805905705464,3607805906411676,0,12,96,128,model.layers.3.self_attn.attn
3607805906738297,3607805906742967,3607805906959958,3607805907663750,0,12,96,1,model.layers.0.self_attn.swa_cache
3607805907977541,3607805907982291,3607805908213232,3607805908641593,0,12,96,1,model.layers.1.self_attn.swa_cache
3607805908951204,3607805908956004,3607805909178945,3607805909608166,0,12,96,1,model.layers.2.self_attn.compressor.state_cache
3607805909782887,3607805909787117,3607805910026828,3607805910444199,0,12,96,1,model.layers.2.self_attn.indexer.compressor.state_cache
3607805910745800,3607805910789960,3607805911003941,3607805911422982,0,12,96,1,model.layers.3.self_attn.compressor.state_cache
3607806036166045,3607806036856497,3607806037076537,3607806039354814,1,12,96,4,model.layers.2.self_attn.indexer.k_cache
3607806039632345,3607806039636455,3607806039880906,3607806040384628,0,12,96,4,model.layers.2.self_attn.attn
3607806040708289,3607806040712549,3607806040925069,3607806041645241,0,12,96,128,model.layers.3.self_attn.attn
3607806041977242,3607806041981932,3607806042199083,3607806042902145,0,12,96,1,model.layers.0.self_attn.swa_cache
3607806043218976,3607806043223476,3607806043432547,3607806043858688,0,12,96,1,model.layers.1.self_attn.swa_cache
3607806044183999,3607806044188529,3607806044400860,3607806044826081,0,12,96,1,model.layers.2.self_attn.compressor.state_cache
3607806045002622,3607806045006582,3607806045244162,3607806045671204,0,12,96,1,model.layers.2.self_attn.indexer.compressor.state_cache
3607806045989355,3607806046027625,3607806046245466,3607806046667007,0,12,96,1,model.layers.3.self_attn.compressor.state_cache
3607806099799990,3607806100519082,3607806100762723,3607806103461811,1,12,96,4,model.layers.2.self_attn.indexer.k_cache
3607806103728912,3607806103733362,3607806103979083,3607806104496114,0,12,96,4,model.layers.2.self_attn.attn
3607806104825255,3607806104829885,3607806105046266,3607806105752458,0,12,96,128,model.layers.3.self_attn.attn
3607806106084199,3607806106089269,3607806106310310,3607806106998342,0,12,96,1,model.layers.0.self_attn.swa_cache
3607806107314423,3607806107318943,3607806107536374,3607806107963415,0,12,96,1,model.layers.1.self_attn.swa_cache
3607806108291856,3607806108296496,3607806108515147,3607806108941348,0,12,96,1,model.layers.2.self_attn.compressor.state_cache
3607806109117538,3607806109121708,3607806109358239,3607806109789050,0,12,96,1,model.layers.2.self_attn.indexer.compressor.state_cache
3607806110096131,3607806110133042,3607806110347022,3607806110773634,0,12,96,1,model.layers.3.self_attn.compressor.state_cache
3607806163532365,3607806164215508,3607806164434958,3607806169256643,1,12,96,4,model.layers.2.self_attn.indexer.k_cache
3607806169552384,3607806169557454,3607806169840395,3607806170397506,0,12,96,4,model.layers.2.self_attn.attn
3607806170768668,3607806170773918,3607806171020568,3607806171864931,0,12,96,128,model.layers.3.self_attn.attn
3607806172263122,3607806172268642,3607806172520463,3607806173337765,0,12,96,1,model.layers.0.self_attn.swa_cache
3607806173738407,3607806173743417,3607806173993508,3607806174488569,0,12,96,1,model.layers.1.self_attn.swa_cache
3607806174851860,3607806174856930,3607806175108351,3607806175604442,0,12,96,1,model.layers.2.self_attn.compressor.state_cache
3607806175838163,3607806175842463,3607806176118864,3607806176582625,0,12,96,1,model.layers.2.self_attn.indexer.compressor.state_cache
3607806176918466,3607806176959217,3607806177190547,3607806177644489,0,12,96,1,model.layers.3.self_attn.compressor.state_cache
3607806234095592,3607806234769254,3607806234987185,3607806237422932,1,12,96,4,model.layers.2.self_attn.indexer.k_cache
3607806237717823,3607806237722303,3607806237971394,3607806238462765,0,12,96,4,model.layers.2.self_attn.attn
3607806238783336,3607806238788126,3607806239012027,3607806239734949,0,12,96,128,model.layers.3.self_attn.attn
3607806240087820,3607806240092780,3607806240316571,3607806241011903,0,12,96,1,model.layers.0.self_attn.swa_cache
3607806241339604,3607806241344294,3607806241565455,3607806241993896,0,12,96,1,model.layers.1.self_attn.swa_cache
3607806242316267,3607806242320817,3607806242541748,3607806242971429,0,12,96,1,model.layers.2.self_attn.compressor.state_cache
3607806243152580,3607806243156670,3607806243397540,3607806243819552,0,12,96,1,model.layers.2.self_attn.indexer.compressor.state_cache
3607806244157853,3607806244200963,3607806244423954,3607806244849475,0,12,96,1,model.layers.3.self_attn.compressor.state_cache
3607806298220219,3607806298900031,3607806299119861,3607806301696179,1,12,96,4,model.layers.2.self_attn.indexer.k_cache
3607806301944510,3607806301948810,3607806302193511,3607806302682452,0,12,96,4,model.layers.2.self_attn.attn
3607806303007583,3607806303011773,3607806303231194,3607806303958706,0,12,96,128,model.layers.3.self_attn.attn
3607806304301507,3607806304305937,3607806304519158,3607806305217350,0,12,96,1,model.layers.0.self_attn.swa_cache
3607806305534431,3607806305538931,3607806305756162,3607806306183153,0,12,96,1,model.layers.1.self_attn.swa_cache
3607806306497724,3607806306502674,3607806306717945,3607806307148846,0,12,96,1,model.layers.2.self_attn.compressor.state_cache
3607806307328067,3607806307332087,3607806307570517,3607806307998719,0,12,96,1,model.layers.2.self_attn.indexer.compressor.state_cache
3607806308327510,3607806308364000,3607806308580240,3607806309002822,0,12,96,1,model.layers.3.self_attn.compressor.state_cache
3607806361768564,3607806362425716,3607806362637786,3607806368497614,1,12,96,4,model.layers.2.self_attn.indexer.k_cache
3607806368758025,3607806368762245,3607806369010416,3607806369489787,0,12,96,4,model.layers.2.self_attn.attn
3607806369811198,3607806369815878,3607806370034599,3607806371064002,0,12,96,128,model.layers.3.self_attn.attn
3607806371554074,3607806371561054,3607806371889615,3607806372974398,0,12,96,1,model.layers.0.self_attn.swa_cache
3607806373456270,3607806373463210,3607806373793611,3607806374436963,0,12,96,1,model.layers.1.self_attn.swa_cache
3607806374918724,3607806374925224,3607806375252175,3607806375891237,0,12,96,1,model.layers.2.self_attn.compressor.state_cache
3607806376177778,3607806376184068,3607806376550089,3607806377187571,0,12,96,1,model.layers.2.self_attn.indexer.compressor.state_cache
3607806377660542,3607806377715933,3607806378044084,3607806378562785,0,12,96,1,model.layers.3.self_attn.compressor.state_cache
3607806431421787,3607806432142680,3607806432375030,3607806435212069,1,12,96,4,model.layers.2.self_attn.indexer.k_cache
3607806437765597,3607806437770217,3607806438018168,3607806438497839,0,12,96,4,model.layers.2.self_attn.attn
3607806438832880,3607806438837690,3607806439058981,3607806439777183,0,12,96,128,model.layers.3.self_attn.attn
3607806440112634,3607806440117614,3607806440331225,3607806441038527,0,12,96,1,model.layers.0.self_attn.swa_cache
3607806441360108,3607806441364828,3607806441576919,3607806441996070,0,12,96,1,model.layers.1.self_attn.swa_cache
3607806442308481,3607806442313031,3607806442526912,3607806442957583,0,12,96,1,model.layers.2.self_attn.compressor.state_cache
3607806443160343,3607806443164743,3607806443406464,3607806443826176,0,12,96,1,model.layers.2.self_attn.indexer.compressor.state_cache
3607806444181237,3607806444219437,3607806444438257,3607806444860469,0,12,96,1,model.layers.3.self_attn.compressor.state_cache
3607806497635251,3607806498283963,3607806498493243,3607806503888390,1,12,96,4,model.layers.2.self_attn.indexer.k_cache
3607806504172001,3607806504176411,3607806504442552,3607806504970583,0,12,96,4,model.layers.2.self_attn.attn
3607806505314214,3607806505319404,3607806505549675,3607806506312787,0,12,96,128,model.layers.3.self_attn.attn
3607806506661088,3607806506666258,3607806506899059,3607806507659251,0,12,96,1,model.layers.0.self_attn.swa_cache
3607806508015403,3607806508021113,3607806508258783,3607806508717015,0,12,96,1,model.layers.1.self_attn.swa_cache
3607806509054546,3607806509081346,3607806509368327,3607806509901968,0,12,96,1,model.layers.2.self_attn.compressor.state_cache
3607806510124199,3607806510129479,3607806510429760,3607806510968982,0,12,96,1,model.layers.2.self_attn.indexer.compressor.state_cache
3607806511374523,3607806511420393,3607806511697664,3607806512253015,0,12,96,1,model.layers.3.self_attn.compressor.state_cache
3607806566135911,3607806566836633,3607806567066564,3607806569413201,1,12,96,4,model.layers.2.self_attn.indexer.k_cache
3607806569675462,3607806569679692,3607806569921222,3607806570408104,0,12,96,4,model.layers.2.self_attn.attn
3607806570733795,3607806570738765,3607806570957596,3607806571675018,0,12,96,128,model.layers.3.self_attn.attn
3607806571995089,3607806572000049,3607806572234200,3607806572950882,0,12,96,1,model.layers.0.self_attn.swa_cache
3607806573267763,3607806573272163,3607806573488723,3607806573922435,0,12,96,1,model.layers.1.self_attn.swa_cache
3607806574235016,3607806574239816,3607806574453596,3607806574865758,0,12,96,1,model.layers.2.self_attn.compressor.state_cache
3607806575039478,3607806575043588,3607806575279889,3607806575692430,0,12,96,1,model.layers.2.self_attn.indexer.compressor.state_cache
3607806576010821,3607806576052071,3607806576273952,3607806576706143,0,12,96,1,model.layers.3.self_attn.compressor.state_cache
3607806629214354,3607806629863076,3607806630083667,3607806634117429,1,12,96,4,model.layers.2.self_attn.indexer.k_cache
3607806634363510,3607806634367720,3607806634609781,3607806635095522,0,12,96,4,model.layers.2.self_attn.attn
3607806635425523,3607806635430113,3607806635646694,3607806636395286,0,12,96,128,model.layers.3.self_attn.attn
3607806636731867,3607806636736447,3607806636963508,3607806637671110,0,12,96,1,model.layers.0.self_attn.swa_cache
3607806637988031,3607806637992401,3607806638205682,3607806638627313,0,12,96,1,model.layers.1.self_attn.swa_cache
3607806638941664,3607806638946164,3607806639159415,3607806639679307,0,12,96,1,model.layers.2.self_attn.compressor.state_cache
3607806639889937,3607806639894917,3607806640199718,3607806640700830,0,12,96,1,model.layers.2.self_attn.indexer.compressor.state_cache
3607806641086041,3607806641129711,3607806641390942,3607806641904243,0,12,96,1,model.layers.3.self_attn.compressor.state_cache
3607806695288557,3607806695934619,3607806696154210,3607806702493239,1,12,96,4,model.layers.2.self_attn.indexer.k_cache
3607806702744210,3607806702748520,3607806702993021,3607806703484902,0,12,96,4,model.layers.2.self_attn.attn
3607806703807353,3607806703812143,3607806704171174,3607806705390548,0,12,96,128,model.layers.3.self_attn.attn
3607806705934830,3607806705942630,3607806706303461,3607806707473825,0,12,96,1,model.layers.0.self_attn.swa_cache
3607806708029746,3607806708038116,3607806708405677,3607806709110600,0,12,96,1,model.layers.1.self_attn.swa_cache
3607806709643171,3607806709650731,3607806710010972,3607806710723585,0,12,96,1,model.layers.2.self_attn.compressor.state_cache
3607806711015115,3607806711021745,3607806711417327,3607806712203189,0,12,96,1,model.layers.2.self_attn.indexer.compressor.state_cache
3607806712512260,3607806712548240,3607806712762271,3607806713180042,0,12,96,1,model.layers.3.self_attn.compressor.state_cache
3607806765895254,3607806766620866,3607806766869267,3607806769769206,1,12,96,4,model.layers.2.self_attn.indexer.k_cache
3607806770070897,3607806770075427,3607806770326117,3607806770809299,0,12,96,4,model.layers.2.self_attn.attn
3607806771132740,3607806771137270,3607806771351821,3607806772079523,0,12,96,128,model.layers.3.self_attn.attn
3607806772406684,3607806772411444,3607806772628945,3607806773312967,0,12,96,1,model.layers.0.self_attn.swa_cache
3607806773629968,3607806773634458,3607806773856118,3607806774284420,0,12,96,1,model.layers.1.self_attn.swa_cache
3607806774594881,3607806774599391,3607806774811041,3607806775236263,0,12,96,1,model.layers.2.self_attn.compressor.state_cache
3607806775413333,3607806775417353,3607806775655704,3607806776089135,0,12,96,1,model.layers.2.self_attn.indexer.compressor.state_cache
3607806776398736,3607806776436886,3607806776675677,3607806777098508,0,12,96,1,model.layers.3.self_attn.compressor.state_cache
3607806829714850,3607806830374612,3607806830592592,3607806836709211,1,12,96,4,model.layers.2.self_attn.indexer.k_cache
3607806836989872,3607806836994742,3607806837268023,3607806837795904,0,12,96,4,model.layers.2.self_attn.attn
3607806838146076,3607806838150856,3607806838382806,3607806839167449,0,12,96,128,model.layers.3.self_attn.attn
3607806839513250,3607806839518040,3607806839755760,3607806840537433,0,12,96,1,model.layers.0.self_attn.swa_cache
3607806840883114,3607806840887784,3607806841123575,3607806841640366,0,12,96,1,model.layers.1.self_attn.swa_cache
3607806842022857,3607806842028177,3607806842296838,3607806842820350,0,12,96,1,model.layers.2.self_attn.compressor.state_cache
3607806843032271,3607806843037111,3607806843332201,3607806843868473,0,12,96,1,model.layers.2.self_attn.indexer.compressor.state_cache
3607806844266074,3607806844315534,3607806844589175,3607806845112367,0,12,96,1,model.layers.3.self_attn.compressor.state_cache
3607806898013219,3607806898658131,3607806898893562,3607806902757844,1,12,96,4,model.layers.2.self_attn.indexer.k_cache
3607806903009145,3607806903013425,3607806903255625,3607806903743487,0,12,96,4,model.layers.2.self_attn.attn
3607806904078848,3607806904083348,3607806904300039,3607806905016261,0,12,96,128,model.layers.3.self_attn.attn
3607806905336802,3607806905341762,3607806905559602,3607806906325575,0,12,96,1,model.layers.0.self_attn.swa_cache
3607806906688706,3607806906693606,3607806906938877,3607806907418628,0,12,96,1,model.layers.1.self_attn.swa_cache
3607806907775639,3607806907780659,3607806908035020,3607806908524902,0,12,96,1,model.layers.2.self_attn.compressor.state_cache
3607806908729972,3607806908734452,3607806909011033,3607806909494575,0,12,96,1,model.layers.2.self_attn.indexer.compressor.state_cache
3607806909847296,3607806909890436,3607806910132066,3607806910608638,0,12,96,1,model.layers.3.self_attn.compressor.state_cache
3607806963395390,3607806964101162,3607806964307923,3607806969823280,1,12,96,4,model.layers.2.self_attn.indexer.k_cache
3607806970080740,3607806970085030,3607806970326161,3607806970812213,0,12,96,4,model.layers.2.self_attn.attn
3607806971132324,3607806971136754,3607806971351144,3607806972212897,0,12,96,128,model.layers.3.self_attn.attn
3607806972676828,3607806972683268,3607806972998599,3607806974007482,0,12,96,1,model.layers.0.self_attn.swa_cache
3607806974457254,3607806974463634,3607806974769185,3607806975377267,0,12,96,1,model.layers.1.self_attn.swa_cache
3607806975816928,3607806975823708,3607806976153019,3607806976756871,0,12,96,1,model.layers.2.self_attn.compressor.state_cache
3607806977006442,3607806977012142,3607806977354823,3607806977964745,0,12,96,1,model.layers.2.self_attn.indexer.compressor.state_cache
3607806978413336,3607806978464456,3607806978765307,3607806979366149,0,12,96,1,model.layers.3.self_attn.compressor.state_cache
3607807031819570,3607807032496382,3607807032735413,3607807036685145,1,12,96,4,model.layers.2.self_attn.indexer.k_cache
3607807036952906,3607807036957236,3607807037334057,3607807037894419,0,12,96,4,model.layers.2.self_attn.attn
3607807038258300,3607807038263750,3607807038515570,3607807039328903,0,12,96,128,model.layers.3.self_attn.attn
3607807039733184,3607807039738374,3607807039984045,3607807040813947,0,12,96,1,model.layers.0.self_attn.swa_cache
3607807041187299,3607807041192659,3607807041439959,3607807041926091,0,12,96,1,model.layers.1.self_attn.swa_cache
3607807042280262,3607807042285572,3607807042530873,3607807043021064,0,12,96,1,model.layers.2.self_attn.compressor.state_cache
3607807043219165,3607807043223975,3607807043495756,3607807043972857,0,12,96,1,model.layers.2.self_attn.indexer.compressor.state_cache
3607807044344788,3607807044388428,3607807044639289,3607807045225381,0,12,96,1,model.layers.3.self_attn.compressor.state_cache
3607807098275594,3607807098998316,3607807099246077,3607807102636187,1,12,96,4,model.layers.2.self_attn.indexer.k_cache
3607807102904778,3607807102909228,3607807103181079,3607807103727581,0,12,96,4,model.layers.2.self_attn.attn
3607807104101352,3607807104106302,3607807104349592,3607807105142155,0,12,96,128,model.layers.3.self_attn.attn
3607807105500516,3607807105505806,3607807105752687,3607807106542569,0,12,96,1,model.layers.0.self_attn.swa_cache
3607807106885860,3607807106890960,3607807107141631,3607807107616133,0,12,96,1,model.layers.1.self_attn.swa_cache
3607807107956094,3607807107961214,3607807108222604,3607807108695256,0,12,96,1,model.layers.2.self_attn.compressor.state_cache
3607807108885126,3607807108889596,3607807109164507,3607807109643539,0,12,96,1,model.layers.2.self_attn.indexer.compressor.state_cache
3607807109988780,3607807110033620,3607807110302901,3607807110742922,0,12,96,1,model.layers.3.self_attn.compressor.state_cache
3607807163223583,3607807163863405,3607807164082986,3607807168627360,1,12,96,4,model.layers.2.self_attn.indexer.k_cache
3607807168889711,3607807168894171,3607807169138391,3607807169644253,0,12,96,4,model.layers.2.self_attn.attn
3607807169977474,3607807169982164,3607807170202225,3607807170927967,0,12,96,128,model.layers.3.self_attn.attn
3607807171266228,3607807171271388,3607807171495379,3607807172227621,0,12,96,1,model.layers.0.self_attn.swa_cache
3607807172559282,3607807172564162,3607807172782182,3607807173235604,0,12,96,1,model.layers.1.self_attn.swa_cache
3607807173560055,3607807173564835,3607807173781966,3607807174223747,0,12,96,1,model.layers.2.self_attn.compressor.state_cache
3607807174411417,3607807174415648,3607807174694148,3607807175171300,0,12,96,1,model.layers.2.self_attn.indexer.compressor.state_cache
3607807175514631,3607807175555421,3607807175790982,3607807176286483,0,12,96,1,model.layers.3.self_attn.compressor.state_cache
3607807227735031,3607807228386153,3607807228588754,3607807234331151,1,12,96,4,model.layers.2.self_attn.indexer.k_cache
3607807234600222,3607807234604642,3607807234851713,3607807235358975,0,12,96,4,model.layers.2.self_attn.attn
3607807235696386,3607807235701206,3607807235923976,3607807236689219,0,12,96,128,model.layers.3.self_attn.attn
3607807237036070,3607807237041110,3607807237263010,3607807237996353,0,12,96,1,model.layers.0.self_attn.swa_cache
3607807238335774,3607807238340704,3607807238562674,3607807239052436,0,12,96,1,model.layers.1.self_attn.swa_cache
3607807239471077,3607807239477047,3607807239757538,3607807240332650,0,12,96,1,model.layers.2.self_attn.compressor.state_cache
3607807240570051,3607807240575231,3607807240876201,3607807241438953,0,12,96,1,model.layers.2.self_attn.indexer.compressor.state_cache
3607807241852114,3607807241903185,3607807242183565,3607807242738857,0,12,96,1,model.layers.3.self_attn.compressor.state_cache
3607807295204508,3607807295837250,3607807296053691,3607807300671285,1,12,96,4,model.layers.2.self_attn.indexer.k_cache
3607807300919746,3607807300923896,3607807301158296,3607807301631908,0,12,96,4,model.layers.2.self_attn.attn
3607807301944579,3607807301949059,3607807302158750,3607807302854212,0,12,96,128,model.layers.3.self_attn.attn
3607807303174343,3607807303179003,3607807303386483,3607807304175876,0,12,96,1,model.layers.0.self_attn.swa_cache
3607807304575877,3607807304581787,3607807304838628,3607807305355729,0,12,96,1,model.layers.1.self_attn.swa_cache
3607807305736040,3607807305741731,3607807305999521,3607807306518793,0,12,96,1,model.layers.2.self_attn.compressor.state_cache
3607807306771924,3607807306776834,3607807307061185,3607807307582996,0,12,96,1,model.layers.2.self_attn.indexer.compressor.state_cache
3607807307964717,3607807308020918,3607807308287918,3607807308802870,0,12,96,1,model.layers.3.self_attn.compressor.state_cache
3607807360623799,3607807361259641,3607807361462142,3607807366628167,1,12,96,4,model.layers.2.self_attn.indexer.k_cache
3607807366872278,3607807366876588,3607807367112629,3607807367603040,0,12,96,4,model.layers.2.self_attn.attn
3607807367918181,3607807367922791,3607807368152172,3607807368839734,0,12,96,128,model.layers.3.self_attn.attn
3607807369290406,3607807369297376,3607807369587136,3607807370527069,0,12,96,1,model.layers.0.self_attn.swa_cache
3607807370958131,3607807370964581,3607807371251162,3607807371805723,0,12,96,1,model.layers.1.self_attn.swa_cache
3607807372235605,3607807372241805,3607807372524265,3607807373107967,0,12,96,1,model.layers.2.self_attn.compressor.state_cache
3607807373351428,3607807373357078,3607807373683109,3607807374244951,0,12,96,1,model.layers.2.self_attn.indexer.compressor.state_cache
3607807374660772,3607807374710452,3607807374990533,3607807375553545,0,12,96,1,model.layers.3.self_attn.compressor.state_cache
3607807429504570,3607807430138752,3607807430341923,3607807437466365,1,12,96,4,model.layers.2.self_attn.indexer.k_cache
3607807437766976,3607807437772406,3607807438071047,3607807438679028,0,12,96,4,model.layers.2.self_attn.attn
3607807439078980,3607807439084760,3607807439353491,3607807440249733,0,12,96,128,model.layers.3.self_attn.attn
3607807440658285,3607807440664455,3607807440930595,3607807441792558,0,12,96,1,model.layers.0.self_attn.swa_cache
3607807442196749,3607807442202689,3607807442518660,3607807443047942,0,12,96,1,model.layers.1.self_attn.swa_cache
3607807443440763,3607807443446493,3607807443712354,3607807444267256,0,12,96,1,model.layers.2.self_attn.compressor.state_cache
3607807444493476,3607807444498776,3607807444793397,3607807445318449,0,12,96,1,model.layers.2.self_attn.indexer.compressor.state_cache
3607807445708010,3607807445754200,3607807446020691,3607807446553253,0,12,96,1,model.layers.3.self_attn.compressor.state_cache
3607807498901103,3607807499540595,3607807499753216,3607807505249653,1,12,96,4,model.layers.2.self_attn.indexer.k_cache
3607807505519084,3607807505523404,3607807505756474,3607807506222526,0,12,96,4,model.layers.2.self_attn.attn
3607807506539367,3607807506544087,3607807506751587,3607807507632600,0,12,96,128,model.layers.3.self_attn.attn
3607807508110932,3607807508117852,3607807508424763,3607807509407366,0,12,96,1,model.layers.0.self_attn.swa_cache
3607807509862867,3607807509869607,3607807510165508,3607807510760400,0,12,96,1,model.layers.1.self_attn.swa_cache
3607807511202071,3607807511208661,3607807511507802,3607807512122524,0,12,96,1,model.layers.2.self_attn.compressor.state_cache
3607807512373825,3607807512380115,3607807512706986,3607807513304517,0,12,96,1,model.layers.2.self_attn.indexer.compressor.state_cache
3607807513740669,3607807513792109,3607807514089050,3607807514689652,0,12,96,1,model.layers.3.self_attn.compressor.state_cache
3607807568422997,3607807569111309,3607807569340219,3607807572687920,1,12,96,4,model.layers.2.self_attn.indexer.k_cache
3607807572959771,3607807572964301,3607807573220501,3607807573745283,0,12,96,4,model.layers.2.self_attn.attn
3607807574086464,3607807574091594,3607807574320965,3607807575074877,0,12,96,128,model.layers.3.self_attn.attn
3607807575424618,3607807575429568,3607807575658109,3607807576418061,0,12,96,1,model.layers.0.self_attn.swa_cache
3607807576763902,3607807576768942,3607807576995113,3607807577439034,0,12,96,1,model.layers.1.self_attn.swa_cache
3607807577770155,3607807577775085,3607807577996496,3607807578451577,0,12,96,1,model.layers.2.self_attn.compressor.state_cache
3607807578642738,3607807578647258,3607807578893679,3607807579347640,0,12,96,1,model.layers.2.self_attn.indexer.compressor.state_cache
3607807579674741,3607807579715851,3607807579968082,3607807580398963,0,12,96,1,model.layers.3.self_attn.compressor.state_cache
3607807633443226,3607807634087968,3607807634295239,3607807641248700,1,12,96,4,model.layers.2.self_attn.indexer.k_cache
3607807641515051,3607807641519151,3607807641752532,3607807642226133,0,12,96,4,model.layers.2.self_attn.attn
3607807642542924,3607807642547844,3607807642756635,3607807643462117,0,12,96,128,model.layers.3.self_attn.attn
3607807643783628,3607807643788148,3607807643998059,3607807645346723,0,12,96,1,model.layers.0.self_attn.swa_cache
3607807645952605,3607807645961285,3607807646367906,3607807647179818,0,12,96,1,model.layers.1.self_attn.swa_cache
3607807647761680,3607807647770720,3607807648199111,3607807649005304,0,12,96,1,model.layers.2.self_attn.compressor.state_cache
3607807649343605,3607807649351685,3607807649809136,3607807650613609,0,12,96,1,model.layers.2.self_attn.indexer.compressor.state_cache
3607807651190271,3607807651261021,3607807651665602,3607807652397824,0,12,96,1,model.layers.3.self_attn.compressor.state_cache
3607807704149663,3607807704795775,3607807705002056,3607807710372682,1,12,96,4,model.layers.2.self_attn.indexer.k_cache
3607807710698163,3607807710703863,3607807711023414,3607807711667176,0,12,96,4,model.layers.2.self_attn.attn
3607807712111868,3607807712118068,3607807712404368,3607807713344111,0,12,96,128,model.layers.3.self_attn.attn
3607807713811103,3607807713817673,3607807714101984,3607807715030937,0,12,96,1,model.layers.0.self_attn.swa_cache
3607807715457108,3607807715463038,3607807715747659,3607807716345871,0,12,96,1,model.layers.1.self_attn.swa_cache
3607807716765922,3607807716772152,3607807717056743,3607807717619364,0,12,96,1,model.layers.2.self_attn.compressor.state_cache
3607807717796425,3607807717800585,3607807718029916,3607807718447127,0,12,96,1,model.layers.2.self_attn.indexer.compressor.state_cache
3607807718747908,3607807718785448,3607807718988669,3607807719399740,0,12,96,1,model.layers.3.self_attn.compressor.state_cache
3607807771212379,3607807771865571,3607807772088852,3607807778804182,1,12,96,4,model.layers.2.self_attn.indexer.k_cache
3607807779071233,3607807779075433,3607807779310144,3607807779778485,0,12,96,4,model.layers.2.self_attn.attn
3607807780106756,3607807780111516,3607807780318597,3607807780997289,0,12,96,128,model.layers.3.self_attn.attn
3607807781344610,3607807781349310,3607807781557261,3607807782488134,0,12,96,1,model.layers.0.self_attn.swa_cache
3607807783043095,3607807783051155,3607807783426726,3607807784180989,0,12,96,1,model.layers.1.self_attn.swa_cache
3607807784729200,3607807784736940,3607807785105382,3607807785855224,0,12,96,1,model.layers.2.self_attn.compressor.state_cache
3607807786164985,3607807786172255,3607807786580746,3607807787329948,0,12,96,1,model.layers.2.self_attn.indexer.compressor.state_cache
3607807787874200,3607807787938530,3607807788332582,3607807789065634,0,12,96,1,model.layers.3.self_attn.compressor.state_cache
3607807842780249,3607807843429711,3607807843671061,3607807847603853,1,11,88,4,model.layers.2.self_attn.indexer.k_cache
3607807847891954,3607807847896794,3607807848173425,3607807848696187,0,11,88,4,model.layers.2.self_attn.attn
3607807849071788,3607807849077258,3607807849303089,3607807850050541,0,11,88,128,model.layers.3.self_attn.attn
3607807850452902,3607807850458392,3607807850684343,3607807851420485,0,11,88,1,model.layers.0.self_attn.swa_cache
3607807851758496,3607807851763366,3607807851989467,3607807852458818,0,11,88,1,model.layers.1.self_attn.swa_cache
3607807852823019,3607807852827969,3607807853054790,3607807853499311,0,11,88,1,model.layers.2.self_attn.compressor.state_cache
3607807853689382,3607807853693902,3607807853940003,3607807854395844,0,11,88,1,model.layers.2.self_attn.indexer.compressor.state_cache
3607807854751935,3607807854792625,3607807855019726,3607807855462348,0,11,88,1,model.layers.3.self_attn.compressor.state_cache
3607807999588570,3607808000292132,3607808000512313,3607808002828950,1,11,88,4,model.layers.2.self_attn.indexer.k_cache
3607808003117571,3607808003121921,3607808003367161,3607808003848363,0,11,88,4,model.layers.2.self_attn.attn
3607808004186414,3607808004190984,3607808004412285,3607808005113817,0,11,88,128,model.layers.3.self_attn.attn
3607808005465698,3607808005470378,3607808005681609,3607808006368411,0,11,88,1,model.layers.0.self_attn.swa_cache
3607808006692832,3607808006697552,3607808006911692,3607808007329984,0,11,88,1,model.layers.1.self_attn.swa_cache
3607808007633305,3607808007637925,3607808007846805,3607808008276367,0,11,88,1,model.layers.2.self_attn.compressor.state_cache
3607808008451337,3607808008455487,3607808008688518,3607808009111929,0,11,88,1,model.layers.2.self_attn.indexer.compressor.state_cache
3607808009411310,3607808009450490,3607808009659061,3607808010069172,0,11,88,1,model.layers.3.self_attn.compressor.state_cache
3607808064508249,3607808065339172,3607808065841063,3607808068363861,1,10,80,4,model.layers.2.self_attn.indexer.k_cache
3607808068629742,3607808068633932,3607808068872502,3607808069361574,0,10,80,4,model.layers.2.self_attn.attn
3607808069686615,3607808069691355,3607808069908846,3607808070629618,0,10,80,128,model.layers.3.self_attn.attn
3607808070950239,3607808070955029,3607808071163790,3607808071843592,0,10,80,1,model.layers.0.self_attn.swa_cache
3607808072166743,3607808072171323,3607808072381833,3607808072794465,0,10,80,1,model.layers.1.self_attn.swa_cache
3607808073105835,3607808073110635,3607808073412796,3607808073826388,0,10,80,1,model.layers.2.self_attn.compressor.state_cache
3607808074001008,3607808074005178,3607808074239629,3607808074654180,0,10,80,1,model.layers.2.self_attn.indexer.compressor.state_cache
3607808074962571,3607808075000551,3607808075314612,3607808075737394,0,10,80,1,model.layers.3.self_attn.compressor.state_cache
3607808214882111,3607808215499412,3607808215935794,3607808218046980,1,10,4256,4,model.layers.2.self_attn.indexer.k_cache
3607808218358791,3607808218363461,3607808218608262,3607808219082173,0,10,4256,4,model.layers.2.self_attn.attn
3607808219398104,3607808219403064,3607808219624635,3607808220340347,0,10,4256,128,model.layers.3.self_attn.attn
3607808220658218,3607808220662908,3607808220879359,3607808221562971,0,10,4256,1,model.layers.0.self_attn.swa_cache
3607808221881772,3607808221887192,3607808222100883,3607808222514814,0,10,4256,1,model.layers.1.self_attn.swa_cache
3607808222821725,3607808222826845,3607808223140306,3607808223558727,0,10,4256,1,model.layers.2.self_attn.compressor.state_cache
3607808223735078,3607808223739068,3607808223973878,3607808224413930,0,10,4256,1,model.layers.2.self_attn.indexer.compressor.state_cache
3607808224717341,3607808224760601,3607808225072812,3607808225490993,0,10,4256,1,model.layers.3.self_attn.compressor.state_cache
3607808646912316,3607808647559578,3607808647774239,3607808651647571,1,10,80,4,model.layers.2.self_attn.indexer.k_cache
3607808652041442,3607808652047032,3607808652330673,3607808652880535,0,10,80,4,model.layers.2.self_attn.attn
3607808653243186,3607808653248916,3607808653490227,3607808654286669,0,10,80,128,model.layers.3.self_attn.attn
3607808654653870,3607808654659160,3607808654902751,3607808655692073,0,10,80,1,model.layers.0.self_attn.swa_cache
3607808656059795,3607808656065135,3607808656313795,3607808656782617,0,10,80,1,model.layers.1.self_attn.swa_cache
3607808657136978,3607808657142768,3607808657385319,3607808657865650,0,10,80,1,model.layers.2.self_attn.compressor.state_cache
3607808658063751,3607808658068291,3607808658339642,3607808658817583,0,10,80,1,model.layers.2.self_attn.indexer.compressor.state_cache
3607808659180784,3607808659227264,3607808659441525,3607808659858716,0,10,80,1,model.layers.3.self_attn.compressor.state_cache
3607808723686652,3607808724155734,3607808724387454,3607808726383480,1,12,8096,4,model.layers.2.self_attn.indexer.k_cache
3607808726665781,3607808726670121,3607808726911172,3607808727399403,0,12,8096,4,model.layers.2.self_attn.attn
3607808727720464,3607808727725184,3607808727939085,3607808728653487,0,12,8096,128,model.layers.3.self_attn.attn
3607808728978688,3607808728983328,3607808729194909,3607808729896261,0,12,8096,1,model.layers.0.self_attn.swa_cache
3607808730214052,3607808730219042,3607808730432383,3607808730850474,0,12,8096,1,model.layers.1.self_attn.swa_cache
3607808731189425,3607808731194375,3607808731407366,3607808731828337,0,12,8096,1,model.layers.2.self_attn.compressor.state_cache
3607808732016538,3607808732021038,3607808732258118,3607808732680470,0,12,8096,1,model.layers.2.self_attn.indexer.compressor.state_cache
3607808732985901,3607808733030091,3607808733244671,3607808733669653,0,12,8096,1,model.layers.3.self_attn.compressor.state_cache
3607809232096902,3607809232717284,3607809233132346,3607809235213632,1,11,424,4,model.layers.2.self_attn.indexer.k_cache
3607809235533983,3607809235537933,3607809235783974,3607809236285395,0,11,424,4,model.layers.2.self_attn.attn
3607809236606686,3607809236611606,3607809236826777,3607809237525679,0,11,424,128,model.layers.3.self_attn.attn
3607809237846470,3607809237851540,3607809238071381,3607809238760183,0,11,424,1,model.layers.0.self_attn.swa_cache
3607809239076964,3607809239081574,3607809239296305,3607809239717506,0,11,424,1,model.layers.1.self_attn.swa_cache
3607809240035067,3607809240039667,3607809240359848,3607809240783489,0,11,424,1,model.layers.2.self_attn.compressor.state_cache
3607809240957970,3607809240961990,3607809241202380,3607809241627092,0,11,424,1,model.layers.2.self_attn.indexer.compressor.state_cache
3607809241930623,3607809241981343,3607809242306484,3607809242718655,0,11,424,1,model.layers.3.self_attn.compressor.state_cache
3607809688388453,3607809688827814,3607809689067425,3607809690919901,1,10,4256,4,model.layers.2.self_attn.indexer.k_cache
3607809691242772,3607809691247352,3607809691492882,3607809691972594,0,10,4256,4,model.layers.2.self_attn.attn
3607809692299985,3607809692304715,3607809692520516,3607809693125697,0,10,4256,128,model.layers.3.self_attn.attn
3607809693436798,3607809693441318,3607809693658759,3607809694249011,0,10,4256,1,model.layers.0.self_attn.swa_cache
3607809694558672,3607809694563582,3607809694778553,3607809695204734,0,10,4256,1,model.layers.1.self_attn.swa_cache
3607809695511115,3607809695515935,3607809695730745,3607809696167067,0,10,4256,1,model.layers.2.self_attn.compressor.state_cache
3607809696340867,3607809696345037,3607809696585898,3607809697007599,0,10,4256,1,model.layers.2.self_attn.indexer.compressor.state_cache
3607809697315400,3607809697359860,3607809697582561,3607809698003562,0,10,4256,1,model.layers.3.self_attn.compressor.state_cache
3607810122111614,3607810122715856,3607810123124887,3607810125176874,1,11,4264,4,model.layers.2.self_attn.indexer.k_cache
3607810125492255,3607810125496715,3607810125748815,3607810126236577,0,11,4264,4,model.layers.2.self_attn.attn
3607810126553598,3607810126558858,3607810126778379,3607810127493161,0,11,4264,128,model.layers.3.self_attn.attn
3607810127817832,3607810127822842,3607810128053172,3607810128745075,0,11,4264,1,model.layers.0.self_attn.swa_cache
3607810129057876,3607810129062606,3607810129279716,3607810129695397,0,11,4264,1,model.layers.1.self_attn.swa_cache
3607810130000398,3607810130005358,3607810130321219,3607810130743271,0,11,4264,1,model.layers.2.self_attn.compressor.state_cache
3607810130915051,3607810130919321,3607810131160712,3607810131568563,0,11,4264,1,model.layers.2.self_attn.indexer.compressor.state_cache
3607810131869264,3607810131931344,3607810132275025,3607810132695417,0,11,4264,1,model.layers.3.self_attn.compressor.state_cache
3607810576363168,3607810576795880,3607810577028161,3607810578856896,1,11,4264,4,model.layers.2.self_attn.indexer.k_cache
3607810579180767,3607810579185287,3607810579433988,3607810579909859,0,11,4264,4,model.layers.2.self_attn.attn
3607810580241600,3607810580246250,3607810580468201,3607810581084263,0,11,4264,128,model.layers.3.self_attn.attn
3607810581400864,3607810581405534,3607810581621805,3607810582228236,0,11,4264,1,model.layers.0.self_attn.swa_cache
3607810582540597,3607810582545047,3607810582763178,3607810583186799,0,11,4264,1,model.layers.1.self_attn.swa_cache
3607810583499050,3607810583504050,3607810583720391,3607810584162482,0,11,4264,1,model.layers.2.self_attn.compressor.state_cache
3607810584339813,3607810584343733,3607810584583254,3607810585002375,0,11,4264,1,model.layers.2.self_attn.indexer.compressor.state_cache
3607810585343776,3607810585391416,3607810585611657,3607810586035358,0,11,4264,1,model.layers.3.self_attn.compressor.state_cache
3607811009495708,3607811010167430,3607811010380201,3607811016069408,1,11,88,4,model.layers.2.self_attn.indexer.k_cache
3607811016396199,3607811016400539,3607811016647910,3607811017130471,0,11,88,4,model.layers.2.self_attn.attn
3607811017449412,3607811017454262,3607811017664403,3607811018472856,0,11,88,128,model.layers.3.self_attn.attn
3607811018957027,3607811018963747,3607811019256198,3607811020227001,0,11,88,1,model.layers.0.self_attn.swa_cache
3607811020658972,3607811020665692,3607811020962933,3607811021544995,0,11,88,1,model.layers.1.self_attn.swa_cache
3607811021967526,3607811021974126,3607811022270757,3607811022851479,0,11,88,1,model.layers.2.self_attn.compressor.state_cache
3607811023083850,3607811023089770,3607811023418721,3607811024018283,0,11,88,1,model.layers.2.self_attn.indexer.compressor.state_cache
3607811024442784,3607811024517644,3607811024815825,3607811025503857,0,11,88,1,model.layers.3.self_attn.compressor.state_cache
3607811084802239,3607811085393321,3607811085853432,3607811088124489,1,12,4272,4,model.layers.2.self_attn.indexer.k_cache
3607811088546821,3607811088551411,3607811088812871,3607811089299783,0,12,4272,4,model.layers.2.self_attn.attn
3607811089629344,3607811089634144,3607811089854915,3607811090560537,0,12,4272,128,model.layers.3.self_attn.attn
3607811090916108,3607811090920808,3607811091148399,3607811091837071,0,12,4272,1,model.layers.0.self_attn.swa_cache
3607811092170732,3607811092175592,3607811092404382,3607811092850814,0,12,4272,1,model.layers.1.self_attn.swa_cache
3607811093178785,3607811093183475,3607811093506396,3607811093930887,0,12,4272,1,model.layers.2.self_attn.compressor.state_cache
3607811094107898,3607811094111958,3607811094358488,3607811094790610,0,12,4272,1,model.layers.2.self_attn.indexer.compressor.state_cache
3607811095100721,3607811095143931,3607811095477462,3607811095907893,0,12,4272,1,model.layers.3.self_attn.compressor.state_cache
3607811524302468,3607811525032120,3607811525251181,3607811531287100,1,12,96,4,model.layers.2.self_attn.indexer.k_cache
3607811531731371,3607811531737701,3607811532143972,3607811532904615,0,12,96,4,model.layers.2.self_attn.attn
3607811533396166,3607811533403316,3607811533727077,3607811534795630,0,12,96,128,model.layers.3.self_attn.attn
3607811535277392,3607811535284512,3607811535612283,3607811536696946,0,12,96,1,model.layers.0.self_attn.swa_cache
3607811537177068,3607811537183918,3607811537512599,3607811538160551,0,12,96,1,model.layers.1.self_attn.swa_cache
3607811538631482,3607811538638302,3607811538959233,3607811539621595,0,12,96,1,model.layers.2.self_attn.compressor.state_cache
3607811539795216,3607811539799196,3607811540051117,3607811540477968,0,12,96,1,model.layers.2.self_attn.indexer.compressor.state_cache
3607811540784699,3607811540832789,3607811541044610,3607811541471311,0,12,96,1,model.layers.3.self_attn.compressor.state_cache
3607811596362769,3607811597024421,3607811597234912,3607811603758652,1,11,88,4,model.layers.2.self_attn.indexer.k_cache
3607811604078983,3607811604083083,3607811604335844,3607811605062686,0,11,88,4,model.layers.2.self_attn.attn
3607811605633608,3607811605641818,3607811606025819,3607811607308043,0,11,88,128,model.layers.3.self_attn.attn
3607811607881255,3607811607889565,3607811608299966,3607811609548560,0,11,88,1,model.layers.0.self_attn.swa_cache
3607811610114062,3607811610122322,3607811610505543,3607811611266295,0,11,88,1,model.layers.1.self_attn.swa_cache
3607811611823047,3607811611831467,3607811612239378,3607811612884290,0,11,88,1,model.layers.2.self_attn.compressor.state_cache
3607811613062531,3607811613066991,3607811613309721,3607811613734973,0,11,88,1,model.layers.2.self_attn.indexer.compressor.state_cache
3607811614050844,3607811614090564,3607811614311505,3607811614730436,0,11,88,1,model.layers.3.self_attn.compressor.state_cache
3607811669354854,3607811670028826,3607811670249166,3607811672619694,1,10,80,4,model.layers.2.self_attn.indexer.k_cache
3607811672933455,3607811672938095,3607811673181095,3607811673671327,0,10,80,4,model.layers.2.self_attn.attn
3607811673996408,3607811674001088,3607811674218398,3607811674933871,0,10,80,128,model.layers.3.self_attn.attn
3607811675261462,3607811675266192,3607811675479402,3607811676208085,0,10,80,1,model.layers.0.self_attn.swa_cache
3607811676532466,3607811676537296,3607811676753696,3607811677181618,0,10,80,1,model.layers.1.self_attn.swa_cache
3607811677497639,3607811677502429,3607811677718099,3607811678144270,0,10,80,1,model.layers.2.self_attn.compressor.state_cache
3607811678325791,3607811678330221,3607811678572052,3607811679003763,0,10,80,1,model.layers.2.self_attn.indexer.compressor.state_cache
3607811679312844,3607811679351064,3607811679563965,3607811679987886,0,10,80,1,model.layers.3.self_attn.compressor.state_cache
3607811734615564,3607811735435536,3607811735804818,3607811738408286,1,9,72,4,model.layers.2.self_attn.indexer.k_cache
3607811738676006,3607811738680016,3607811738926877,3607811739416449,0,9,72,4,model.layers.2.self_attn.attn
3607811739768730,3607811739774090,3607811739993980,3607811740725683,0,9,72,128,model.layers.3.self_attn.attn
3607811741078394,3607811741083504,3607811741298754,3607811742000567,0,9,72,1,model.layers.0.self_attn.swa_cache
3607811742313457,3607811742318068,3607811742529778,3607811742955789,0,9,72,1,model.layers.1.self_attn.swa_cache
3607811743298011,3607811743303071,3607811743616641,3607811744048493,0,9,72,1,model.layers.2.self_attn.compressor.state_cache
3607811744226073,3607811744230333,3607811744474704,3607811744903855,0,9,72,1,model.layers.2.self_attn.indexer.compressor.state_cache
3607811745238926,3607811745274977,3607811745594258,3607811746020069,0,9,72,1,model.layers.3.self_attn.compressor.state_cache
3607811884578994,3607811885421967,3607811885758548,3607811888476986,1,7,56,4,model.layers.2.self_attn.indexer.k_cache
3607811888783787,3607811888788097,3607811889039748,3607811889522219,0,7,56,4,model.layers.2.self_attn.attn
3607811889874120,3607811889879180,3607811890097191,3607811890805633,0,7,56,128,model.layers.3.self_attn.attn
3607811891152574,3607811891157644,3607811891380965,3607811892098537,0,7,56,1,model.layers.0.self_attn.swa_cache
3607811892418508,3607811892423108,3607811892645689,3607811893071050,0,7,56,1,model.layers.1.self_attn.swa_cache
3607811893409151,3607811893413961,3607811893731612,3607811894155844,0,7,56,1,model.layers.2.self_attn.compressor.state_cache
3607811894330984,3607811894335084,3607811894572775,3607811895003336,0,7,56,1,model.layers.2.self_attn.indexer.compressor.state_cache
3607811895340527,3607811895382337,3607811895702558,3607811896145920,0,7,56,1,model.layers.3.self_attn.compressor.state_cache
3607812017403622,3607812018026134,3607812018410255,3607812020442611,1,8,4240,4,model.layers.2.self_attn.indexer.k_cache
3607812020738052,3607812020742562,3607812020995483,3607812021477514,0,8,4240,4,model.layers.2.self_attn.attn
3607812021798235,3607812021803155,3607812022023476,3607812022768208,0,8,4240,128,model.layers.3.self_attn.attn
3607812023104069,3607812023109099,3607812023334200,3607812024055072,0,8,4240,1,model.layers.0.self_attn.swa_cache
3607812024387093,3607812024391753,3607812024608304,3607812025026695,0,8,4240,1,model.layers.1.self_attn.swa_cache
3607812025340126,3607812025344786,3607812025679977,3607812026098819,0,8,4240,1,model.layers.2.self_attn.compressor.state_cache
3607812026276259,3607812026280809,3607812026523630,3607812026944751,0,8,4240,1,model.layers.2.self_attn.indexer.compressor.state_cache
3607812027252202,3607812027294902,3607812027627283,3607812028080895,0,8,4240,1,model.layers.3.self_attn.compressor.state_cache
3607812466173750,3607812466772441,3607812467147913,3607812469197559,1,9,4248,4,model.layers.2.self_attn.indexer.k_cache
3607812469509520,3607812469514400,3607812469767061,3607812470265172,0,9,4248,4,model.layers.2.self_attn.attn
3607812470586183,3607812470591313,3607812470814204,3607812471531626,0,9,4248,128,model.layers.3.self_attn.attn
3607812471853457,3607812471858597,3607812472092648,3607812472805510,0,9,4248,1,model.layers.0.self_attn.swa_cache
3607812473168471,3607812473173511,3607812473393372,3607812473823613,0,9,4248,1,model.layers.1.self_attn.swa_cache
3607812474132034,3607812474136704,3607812474476255,3607812474909526,0,9,4248,1,model.layers.2.self_attn.compressor.state_cache
3607812475080787,3607812475084987,3607812475335348,3607812475767739,0,9,4248,1,model.layers.2.self_attn.indexer.compressor.state_cache
3607812476090060,3607812476137970,3607812476463481,3607812476892893,0,9,4248,1,model.layers.3.self_attn.compressor.state_cache
3607812925683190,3607812926098422,3607812926326702,3607812928390399,1,11,8096,4,model.layers.2.self_attn.indexer.k_cache
3607812928708510,3607812928712880,3607812928960710,3607812929442742,0,11,8096,4,model.layers.2.self_attn.attn
3607812929756043,3607812929760953,3607812929977173,3607812930682756,0,11,8096,128,model.layers.3.self_attn.attn
3607812930998447,3607812931002957,3607812931219087,3607812931924659,0,11,8096,1,model.layers.0.self_attn.swa_cache
3607812932265800,3607812932270610,3607812932488031,3607812932920442,0,11,8096,1,model.layers.1.self_attn.swa_cache
3607812933227263,3607812933231993,3607812933448064,3607812933870875,0,11,8096,1,model.layers.2.self_attn.compressor.state_cache
3607812934043366,3607812934047466,3607812934290807,3607812934719268,0,11,8096,1,model.layers.2.self_attn.indexer.compressor.state_cache
3607812935025269,3607812935072959,3607812935297320,3607812935716831,0,11,8096,1,model.layers.3.self_attn.compressor.state_cache
3607813400033806,3607813400617388,3607813401008069,3607813402998776,1,12,4600,4,model.layers.2.self_attn.indexer.k_cache
3607813403298177,3607813403302657,3607813403554587,3607813404052299,0,12,4600,4,model.layers.2.self_attn.attn
3607813404376110,3607813404380760,3607813404598911,3607813405311503,0,12,4600,128,model.layers.3.self_attn.attn
3607813405631634,3607813405636394,3607813405854194,3607813406568787,0,12,4600,1,model.layers.0.self_attn.swa_cache
3607813406884188,3607813406888838,3607813407104718,3607813407535900,0,12,4600,1,model.layers.1.self_attn.swa_cache
3607813407844990,3607813407849730,3607813408194762,3607813408623163,0,12,4600,1,model.layers.2.self_attn.compressor.state_cache
3607813408799293,3607813408803223,3607813409045874,3607813409474015,0,12,4600,1,model.layers.2.self_attn.indexer.compressor.state_cache
3607813409779806,3607813409828717,3607813410161308,3607813410585809,0,12,4600,1,model.layers.3.self_attn.compressor.state_cache
3607813849007345,3607813849688217,3607813849898128,3607813852271135,1,12,96,4,model.layers.2.self_attn.indexer.k_cache
3607813852584256,3607813852588676,3607813852834867,3607813853327598,0,12,96,4,model.layers.2.self_attn.attn
3607813853650059,3607813853654919,3607813853869610,3607813854563052,0,12,96,128,model.layers.3.self_attn.attn
3607813854888163,3607813854892713,3607813855107204,3607813855806556,0,12,96,1,model.layers.0.self_attn.swa_cache
3607813856135017,3607813856139527,3607813856356067,3607813856780299,0,12,96,1,model.layers.1.self_attn.swa_cache
3607813857086920,3607813857091150,3607813857303540,3607813857735512,0,12,96,1,model.layers.2.self_attn.compressor.state_cache
3607813857907312,3607813857911502,3607813858146223,3607813858560614,0,12,96,1,model.layers.2.self_attn.indexer.compressor.state_cache
3607813858865085,3607813858913975,3607813859130606,3607813859551947,0,12,96,1,model.layers.3.self_attn.compressor.state_cache
3607813912463600,3607813913151832,3607813913427143,3607813916133341,1,12,96,4,model.layers.2.self_attn.indexer.k_cache
3607813916390882,3607813916395182,3607813916639253,3607813917127484,0,12,96,4,model.layers.2.self_attn.attn
3607813917444945,3607813917449865,3607813917710246,3607813918350688,0,12,96,128,model.layers.3.self_attn.attn
3607813918683509,3607813918688399,3607813918913029,3607813919542271,0,12,96,1,model.layers.0.self_attn.swa_cache
3607813919871272,3607813919876472,3607813920111433,3607813920551635,0,12,96,1,model.layers.1.self_attn.swa_cache
3607813920880076,3607813920885016,3607813921108066,3607813921550628,0,12,96,1,model.layers.2.self_attn.compressor.state_cache
3607813921766598,3607813921770968,3607813922025419,3607813922469560,0,12,96,1,model.layers.2.self_attn.indexer.compressor.state_cache
3607813922794501,3607813922834472,3607813923058402,3607813923510144,0,12,96,1,model.layers.3.self_attn.compressor.state_cache
3607813976621617,3607813977277329,3607813977484829,3607813982596465,1,12,96,4,model.layers.2.self_attn.indexer.k_cache
3607813982910556,3607813982916176,3607813983237197,3607813983877189,0,12,96,4,model.layers.2.self_attn.attn
3607813984335080,3607813984341370,3607813984622901,3607813985536074,0,12,96,128,model.layers.3.self_attn.attn
3607813985954085,3607813985960315,3607813986246906,3607813987154049,0,12,96,1,model.layers.0.self_attn.swa_cache
3607813987571250,3607813987577220,3607813987863201,3607813988444363,0,12,96,1,model.layers.1.self_attn.swa_cache
3607813988853424,3607813988859234,3607813989146615,3607813989693657,0,12,96,1,model.layers.2.self_attn.compressor.state_cache
3607813989920377,3607813989925548,3607813990242348,3607813990770370,0,12,96,1,model.layers.2.self_attn.indexer.compressor.state_cache
3607813991081411,3607813991118331,3607813991331432,3607813991746313,0,12,96,1,model.layers.3.self_attn.compressor.state_cache
3607814044930286,3607814045611498,3607814045835309,3607814048762228,1,12,96,4,model.layers.2.self_attn.indexer.k_cache
3607814049004679,3607814049009089,3607814049258290,3607814049744371,0,12,96,4,model.layers.2.self_attn.attn
3607814050067092,3607814050071902,3607814050288493,3607814050988165,0,12,96,128,model.layers.3.self_attn.attn
3607814051309596,3607814051314076,3607814051534287,3607814052247079,0,12,96,1,model.layers.0.self_attn.swa_cache
3607814052572480,3607814052577120,3607814052791531,3607814053207622,0,12,96,1,model.layers.1.self_attn.swa_cache
3607814053520223,3607814053525023,3607814053741433,3607814054167145,0,12,96,1,model.layers.2.self_attn.compressor.state_cache
3607814054344045,3607814054348005,3607814054585866,3607814055016937,0,12,96,1,model.layers.2.self_attn.indexer.compressor.state_cache
3607814055323448,3607814055360468,3607814055576689,3607814056018120,0,12,96,1,model.layers.3.self_attn.compressor.state_cache
3607814109009223,3607814109665015,3607814109878936,3607814114363670,1,12,96,4,model.layers.2.self_attn.indexer.k_cache
3607814114627740,3607814114632390,3607814114900871,3607814115431643,0,12,96,4,model.layers.2.self_attn.attn
3607814115780654,3607814115785574,3607814116043035,3607814116717237,0,12,96,128,model.layers.3.self_attn.attn
3607814117065668,3607814117070948,3607814117302729,3607814117964221,0,12,96,1,model.layers.0.self_attn.swa_cache
3607814118309882,3607814118315312,3607814118547202,3607814119011504,0,12,96,1,model.layers.1.self_attn.swa_cache
3607814119351035,3607814119355765,3607814119594416,3607814120063407,0,12,96,1,model.layers.2.self_attn.compressor.state_cache
3607814120314358,3607814120319378,3607814120610049,3607814121124980,0,12,96,1,model.layers.2.self_attn.indexer.compressor.state_cache
3607814121501951,3607814121546962,3607814121807152,3607814122320644,0,12,96,1,model.layers.3.self_attn.compressor.state_cache
3607814175538427,3607814176212329,3607814176450820,3607814180436882,1,12,96,4,model.layers.2.self_attn.indexer.k_cache
3607814180692913,3607814180697193,3607814180946204,3607814181438255,0,12,96,4,model.layers.2.self_attn.attn
3607814181763256,3607814181767757,3607814181984467,3607814182705559,0,12,96,128,model.layers.3.self_attn.attn
3607814183028500,3607814183033080,3607814183256371,3607814183959573,0,12,96,1,model.layers.0.self_attn.swa_cache
3607814184291444,3607814184296334,3607814184514095,3607814185048757,0,12,96,1,model.layers.1.self_attn.swa_cache
3607814185409908,3607814185415348,3607814185662678,3607814186149600,0,12,96,1,model.layers.2.self_attn.compressor.state_cache
3607814186352521,3607814186356941,3607814186633151,3607814187116293,0,12,96,1,model.layers.2.self_attn.indexer.compressor.state_cache
3607814187479814,3607814187523044,3607814187768615,3607814188286317,0,12,96,1,model.layers.3.self_attn.compressor.state_cache
3607814241767171,3607814242430113,3607814242656743,3607814246326315,1,12,96,4,model.layers.2.self_attn.indexer.k_cache
3607814246603326,3607814246607516,3607814246854336,3607814247336508,0,12,96,4,model.layers.2.self_attn.attn
3607814247660649,3607814247665309,3607814247879189,3607814248606402,0,12,96,128,model.layers.3.self_attn.attn
3607814248932723,3607814248937343,3607814249155003,3607814249933676,0,12,96,1,model.layers.0.self_attn.swa_cache
3607814250301337,3607814250306997,3607814250553498,3607814251047169,0,12,96,1,model.layers.1.self_attn.swa_cache
3607814251406430,3607814251411920,3607814251655321,3607814252160833,0,12,96,1,model.layers.2.self_attn.compressor.state_cache
3607814252367073,3607814252371823,3607814252653344,3607814253151326,0,12,96,1,model.layers.2.self_attn.indexer.compressor.state_cache
3607814253511257,3607814253554887,3607814253810728,3607814254297299,0,12,96,1,model.layers.3.self_attn.compressor.state_cache
3607814307412172,3607814308073494,3607814308307735,3607814312334707,1,12,96,4,model.layers.2.self_attn.indexer.k_cache
3607814312585128,3607814312589418,3607814312837449,3607814313318120,0,12,96,4,model.layers.2.self_attn.attn
3607814313646451,3607814313651161,3607814313870342,3607814314639474,0,12,96,128,model.layers.3.self_attn.attn
3607814315028476,3607814315034436,3607814315297486,3607814316172109,0,12,96,1,model.layers.0.self_attn.swa_cache
3607814316564610,3607814316570280,3607814316827611,3607814317343833,0,12,96,1,model.layers.1.self_attn.swa_cache
3607814317724194,3607814317729684,3607814317987375,3607814318508416,0,12,96,1,model.layers.2.self_attn.compressor.state_cache
3607814318720037,3607814318724977,3607814319013698,3607814319527999,0,12,96,1,model.layers.2.self_attn.indexer.compressor.state_cache
3607814319907341,3607814319950941,3607814320231132,3607814320752353,0,12,96,1,model.layers.3.self_attn.compressor.state_cache
3607814373744636,3607814374391198,3607814374612499,3607814378767821,1,12,96,4,model.layers.2.self_attn.indexer.k_cache
3607814379027562,3607814379031942,3607814379377143,3607814379963885,0,12,96,4,model.layers.2.self_attn.attn
3607814380377816,3607814380383906,3607814380645907,3607814381505670,0,12,96,128,model.layers.3.self_attn.attn
3607814381893781,3607814381899901,3607814382162072,3607814383005774,0,12,96,1,model.layers.0.self_attn.swa_cache
3607814383391096,3607814383396506,3607814383652936,3607814384173148,0,12,96,1,model.layers.1.self_attn.swa_cache
3607814384553979,3607814384559569,3607814384813820,3607814385321131,0,12,96,1,model.layers.2.self_attn.compressor.state_cache
3607814385533402,3607814385538442,3607814385825623,3607814386340355,0,12,96,1,model.layers.2.self_attn.indexer.compressor.state_cache
3607814386716186,3607814386760616,3607814387019077,3607814387583278,0,12,96,1,model.layers.3.self_attn.compressor.state_cache
3607814440245990,3607814440892492,3607814441102863,3607814445436666,1,12,96,4,model.layers.2.self_attn.indexer.k_cache
3607814445710677,3607814445715607,3607814446014898,3607814446595310,0,12,96,4,model.layers.2.self_attn.attn
3607814446980481,3607814446985721,3607814447247812,3607814447983394,0,12,96,128,model.layers.3.self_attn.attn
3607814448390665,3607814448396495,3607814448657296,3607814449390898,0,12,96,1,model.layers.0.self_attn.swa_cache
3607814449776929,3607814449782599,3607814450046850,3607814450558852,0,12,96,1,model.layers.1.self_attn.swa_cache
3607814450933973,3607814450939563,3607814451196804,3607814451703205,0,12,96,1,model.layers.2.self_attn.compressor.state_cache
3607814451912946,3607814451917966,3607814452231067,3607814452746608,0,12,96,1,model.layers.2.self_attn.indexer.compressor.state_cache
3607814453069379,3607814453105700,3607814453320090,3607814453750512,0,12,96,1,model.layers.3.self_attn.compressor.state_cache
3607814506419443,3607814507078265,3607814507301376,3607814511175068,1,12,96,4,model.layers.2.self_attn.indexer.k_cache
3607814511427149,3607814511431219,3607814511677119,3607814512202431,0,12,96,4,model.layers.2.self_attn.attn
3607814512520532,3607814512524982,3607814512741443,3607814513346115,0,12,96,128,model.layers.3.self_attn.attn
3607814513705086,3607814513709826,3607814513927126,3607814514532898,0,12,96,1,model.layers.0.self_attn.swa_cache
3607814514852479,3607814514857179,3607814515069380,3607814515497081,0,12,96,1,model.layers.1.self_attn.swa_cache
3607814515812962,3607814515817722,3607814516042543,3607814516473184,0,12,96,1,model.layers.2.self_attn.compressor.state_cache
3607814516648425,3607814516652055,3607814516890035,3607814517429767,0,12,96,1,model.layers.2.self_attn.indexer.compressor.state_cache
3607814517805458,3607814517849268,3607814518102729,3607814518607311,0,12,96,1,model.layers.3.self_attn.compressor.state_cache
3607814578173384,3607814578831066,3607814579048996,3607814581406343,1,12,96,4,model.layers.2.self_attn.indexer.k_cache
3607814581675804,3607814581680024,3607814581923695,3607814582406757,0,12,96,4,model.layers.2.self_attn.attn
3607814582727458,3607814582732248,3607814582946988,3607814583661440,0,12,96,128,model.layers.3.self_attn.attn
3607814583985801,3607814583990461,3607814584228002,3607814584933664,0,12,96,1,model.layers.0.self_attn.swa_cache
3607814585251915,3607814585256375,3607814585471036,3607814585902117,0,12,96,1,model.layers.1.self_attn.swa_cache
3607814586213148,3607814586217928,3607814586431479,3607814586857780,0,12,96,1,model.layers.2.self_attn.compressor.state_cache
3607814587033631,3607814587037531,3607814587273361,3607814587697583,0,12,96,1,model.layers.2.self_attn.indexer.compressor.state_cache
3607814588019564,3607814588059834,3607814588277825,3607814588701526,0,12,96,1,model.layers.3.self_attn.compressor.state_cache
3607814641407068,3607814642051790,3607814642262270,3607814647696727,1,12,96,4,model.layers.2.self_attn.indexer.k_cache
3607814648032628,3607814648038128,3607814648360139,3607814648980221,0,12,96,4,model.layers.2.self_attn.attn
3607814649393402,3607814649399052,3607814649675923,3607814650585506,0,12,96,128,model.layers.3.self_attn.attn
3607814650993647,3607814650999667,3607814651271898,3607814652228931,0,12,96,1,model.layers.0.self_attn.swa_cache
3607814652641592,3607814652647052,3607814652922313,3607814653463245,0,12,96,1,model.layers.1.self_attn.swa_cache
3607814653860426,3607814653866246,3607814654179357,3607814654640888,0,12,96,1,model.layers.2.self_attn.compressor.state_cache
3607814654833169,3607814654837609,3607814655094640,3607814655546261,0,12,96,1,model.layers.2.self_attn.indexer.compressor.state_cache
3607814655882382,3607814655921082,3607814656169123,3607814656618224,0,12,96,1,model.layers.3.self_attn.compressor.state_cache
3607814709888618,3607814710537580,3607814710744441,3607814716246837,1,12,96,4,model.layers.2.self_attn.indexer.k_cache
3607814716505248,3607814716509378,3607814716757309,3607814717231050,0,12,96,4,model.layers.2.self_attn.attn
3607814717550741,3607814717555321,3607814717767782,3607814718378084,0,12,96,128,model.layers.3.self_attn.attn
3607814718695885,3607814718700725,3607814718913456,3607814719668248,0,12,96,1,model.layers.0.self_attn.swa_cache
3607814720168460,3607814720175590,3607814720498791,3607814721159983,0,12,96,1,model.layers.1.self_attn.swa_cache
3607814721631074,3607814721637974,3607814721970605,3607814722616137,0,12,96,1,model.layers.2.self_attn.compressor.state_cache
3607814722882238,3607814722888728,3607814723254129,3607814723913401,0,12,96,1,model.layers.2.self_attn.indexer.compressor.state_cache
3607814724402263,3607814724460653,3607814724790734,3607814725436186,0,12,96,1,model.layers.3.self_attn.compressor.state_cache
3607814779310241,3607814780031653,3607814780316284,3607814783382074,1,12,96,4,model.layers.2.self_attn.indexer.k_cache
3607814783651264,3607814783655804,3607814783944065,3607814784499197,0,12,96,4,model.layers.2.self_attn.attn
3607814784845438,3607814784850538,3607814785085179,3607814785745621,0,12,96,128,model.layers.3.self_attn.attn
3607814786093802,3607814786098782,3607814786331563,3607814786985805,0,12,96,1,model.layers.0.self_attn.swa_cache
3607814787327726,3607814787332806,3607814787564276,3607814788033988,0,12,96,1,model.layers.1.self_attn.swa_cache
3607814788378209,3607814788382999,3607814788611400,3607814789059641,0,12,96,1,model.layers.2.self_attn.compressor.state_cache
3607814789287812,3607814789292112,3607814789550173,3607814790005934,0,12,96,1,model.layers.2.self_attn.indexer.compressor.state_cache
3607814790341935,3607814790382255,3607814790619496,3607814791079917,0,12,96,1,model.layers.3.self_attn.compressor.state_cache
3607814844068520,3607814844733092,3607814844942243,3607814851295742,1,12,96,4,model.layers.2.self_attn.indexer.k_cache
3607814851594603,3607814851600243,3607814851920034,3607814852582206,0,12,96,4,model.layers.2.self_attn.attn
3607814853006077,3607814853011927,3607814853291518,3607814854205051,0,12,96,128,model.layers.3.self_attn.attn
3607814854624192,3607814854630412,3607814854916633,3607814855829086,0,12,96,1,model.layers.0.self_attn.swa_cache
3607814856265957,3607814856271807,3607814856548748,3607814857202930,0,12,96,1,model.layers.1.self_attn.swa_cache
3607814857581651,3607814857587311,3607814857844372,3607814858352344,0,12,96,1,model.layers.2.self_attn.compressor.state_cache
3607814858569224,3607814858574234,3607814858860425,3607814859363677,0,12,96,1,model.layers.2.self_attn.indexer.compressor.state_cache
3607814859735808,3607814859777878,3607814860054209,3607814860563881,0,12,96,1,model.layers.3.self_attn.compressor.state_cache
3607814914043325,3607814914708967,3607814914943318,3607814918491968,1,12,96,4,model.layers.2.self_attn.indexer.k_cache
3607814918745159,3607814918749379,3607814918993130,3607814919473621,0,12,96,4,model.layers.2.self_attn.attn
3607814919795952,3607814919800372,3607814920031973,3607814920652585,0,12,96,128,model.layers.3.self_attn.attn
3607814920976206,3607814920980886,3607814921194557,3607814921794719,0,12,96,1,model.layers.0.self_attn.swa_cache
3607814922197620,3607814922203120,3607814922451951,3607814922948382,0,12,96,1,model.layers.1.self_attn.swa_cache
3607814923309133,3607814923314503,3607814923557644,3607814924060906,0,12,96,1,model.layers.2.self_attn.compressor.state_cache
3607814924269926,3607814924274366,3607814924552257,3607814925039329,0,12,96,1,model.layers.2.self_attn.indexer.compressor.state_cache
3607814925400580,3607814925443440,3607814925689461,3607814926176532,0,12,96,1,model.layers.3.self_attn.compressor.state_cache
3607814979754807,3607814980418479,3607814980632319,3607814986007226,1,12,96,4,model.layers.2.self_attn.indexer.k_cache
3607814986279077,3607814986283427,3607814986528477,3607814987210059,0,12,96,4,model.layers.2.self_attn.attn
3607814987702651,3607814987710121,3607814988068802,3607814989006855,0,12,96,128,model.layers.3.self_attn.attn
3607814989507246,3607814989514216,3607814989846338,3607814990774500,0,12,96,1,model.layers.0.self_attn.swa_cache
3607814991253252,3607814991260052,3607814991589903,3607814992256425,0,12,96,1,model.layers.1.self_attn.swa_cache
3607814992730516,3607814992737086,3607814993059727,3607814993705179,0,12,96,1,model.layers.2.self_attn.compressor.state_cache
3607814993970700,3607814993977030,3607814994344331,3607814994965353,0,12,96,1,model.layers.2.self_attn.indexer.compressor.state_cache
3607814995278114,3607814995314244,3607814995529665,3607814995951446,0,12,96,1,model.layers.3.self_attn.compressor.state_cache
3607815049894072,3607815050585194,3607815050822245,3607815053533333,1,11,88,4,model.layers.2.self_attn.indexer.k_cache
3607815053795594,3607815053799884,3607815054044095,3607815054522746,0,11,88,4,model.layers.2.self_attn.attn
3607815054845587,3607815054849967,3607815055069268,3607815055789030,0,11,88,128,model.layers.3.self_attn.attn
3607815056136831,3607815056141751,3607815056361492,3607815057067674,0,11,88,1,model.layers.0.self_attn.swa_cache
3607815057390605,3607815057395095,3607815057608726,3607815058030467,0,11,88,1,model.layers.1.self_attn.swa_cache
3607815058343408,3607815058348098,3607815058673939,3607815059099960,0,11,88,1,model.layers.2.self_attn.compressor.state_cache
3607815059278901,3607815059282881,3607815059523701,3607815059944563,0,11,88,1,model.layers.2.self_attn.indexer.compressor.state_cache
3607815060274994,3607815060313024,3607815060530025,3607815060941606,0,11,88,1,model.layers.3.self_attn.compressor.state_cache
3607815113559157,3607815114204729,3607815114412530,3607815118549863,1,11,88,4,model.layers.2.self_attn.indexer.k_cache
3607815118789503,3607815118794003,3607815119041124,3607815119524986,0,11,88,4,model.layers.2.self_attn.attn
3607815119852887,3607815119857467,3607815120098567,3607815120826620,0,11,88,128,model.layers.3.self_attn.attn
3607815121153171,3607815121157731,3607815121374991,3607815122078504,0,11,88,1,model.layers.0.self_attn.swa_cache
3607815122393994,3607815122398675,3607815122611755,3607815123031606,0,11,88,1,model.layers.1.self_attn.swa_cache
3607815123341777,3607815123346337,3607815123560218,3607815123976599,0,11,88,1,model.layers.2.self_attn.compressor.state_cache
3607815124165270,3607815124170050,3607815124429271,3607815124857222,0,11,88,1,model.layers.2.self_attn.indexer.compressor.state_cache
3607815125251263,3607815125293853,3607815125545594,3607815126032956,0,11,88,1,model.layers.3.self_attn.compressor.state_cache
3607815179768781,3607815180505113,3607815180743814,3607815183222411,1,11,88,4,model.layers.2.self_attn.indexer.k_cache
3607815183518062,3607815183522332,3607815183767323,3607815184284475,0,11,88,4,model.layers.2.self_attn.attn
3607815184609486,3607815184614356,3607815184828636,3607815185537638,0,11,88,128,model.layers.3.self_attn.attn
3607815185861629,3607815185866609,3607815186087770,3607815186803162,0,11,88,1,model.layers.0.self_attn.swa_cache
3607815187124903,3607815187129743,3607815187347074,3607815187771895,0,11,88,1,model.layers.1.self_attn.swa_cache
3607815188100546,3607815188105116,3607815188316727,3607815188735858,0,11,88,1,model.layers.2.self_attn.compressor.state_cache
3607815188913079,3607815188916999,3607815189153489,3607815189577981,0,11,88,1,model.layers.2.self_attn.indexer.compressor.state_cache
3607815189888582,3607815189926832,3607815190140833,3607815190576544,0,11,88,1,model.layers.3.self_attn.compressor.state_cache
3607815243160775,3607815243809317,3607815244019398,3607815248958103,1,11,88,4,model.layers.2.self_attn.indexer.k_cache
3607815249234684,3607815249239564,3607815249522905,3607815250079377,0,11,88,4,model.layers.2.self_attn.attn
3607815250455768,3607815250461078,3607815250713918,3607815251575001,0,11,88,128,model.layers.3.self_attn.attn
3607815251949802,3607815251955172,3607815252229843,3607815253072376,0,11,88,1,model.layers.0.self_attn.swa_cache
3607815253445117,3607815253450767,3607815253694278,3607815254181849,0,11,88,1,model.layers.1.self_attn.swa_cache
3607815254542900,3607815254548220,3607815254795531,3607815255319603,0,11,88,1,model.layers.2.self_attn.compressor.state_cache
3607815255524943,3607815255529693,3607815255807294,3607815256315156,0,11,88,1,model.layers.2.self_attn.indexer.compressor.state_cache
3607815256673897,3607815256716087,3607815256962818,3607815257456959,0,11,88,1,model.layers.3.self_attn.compressor.state_cache
3607815317049262,3607815317465373,3607815317695584,3607815319468520,1,12,4272,4,model.layers.2.self_attn.indexer.k_cache
3607815319739680,3607815319743790,3607815319990961,3607815320497563,0,12,4272,4,model.layers.2.self_attn.attn
3607815320819614,3607815320824284,3607815321042024,3607815321646396,0,12,4272,128,model.layers.3.self_attn.attn
3607815321969827,3607815321974507,3607815322190578,3607815322795540,0,12,4272,1,model.layers.0.self_attn.swa_cache
3607815323114461,3607815323119011,3607815323336141,3607815323760173,0,12,4272,1,model.layers.1.self_attn.swa_cache
3607815324084724,3607815324089424,3607815324311134,3607815324733386,0,12,4272,1,model.layers.2.self_attn.compressor.state_cache
3607815324912646,3607815324917126,3607815325156587,3607815325575458,0,12,4272,1,model.layers.2.self_attn.indexer.compressor.state_cache
3607815325885609,3607815325926379,3607815326144560,3607815326574021,0,12,4272,1,model.layers.3.self_attn.compressor.state_cache
3607815749659020,3607815750314232,3607815750523493,3607815752877800,1,12,96,4,model.layers.2.self_attn.indexer.k_cache
3607815753203181,3607815753207481,3607815753452832,3607815753932674,0,12,96,4,model.layers.2.self_attn.attn
3607815754249725,3607815754254305,3607815754472905,3607815755193697,0,12,96,128,model.layers.3.self_attn.attn
3607815755548089,3607815755552789,3607815755770229,3607815756468661,0,12,96,1,model.layers.0.self_attn.swa_cache
3607815756783532,3607815756788382,3607815757004933,3607815757426604,0,12,96,1,model.layers.1.self_attn.swa_cache
3607815757731815,3607815757736235,3607815757946876,3607815758365937,0,12,96,1,model.layers.2.self_attn.compressor.state_cache
3607815758534968,3607815758539098,3607815758777548,3607815759200970,0,12,96,1,model.layers.2.self_attn.indexer.compressor.state_cache
3607815759507051,3607815759552391,3607815759768232,3607815760232053,0,12,96,1,model.layers.3.self_attn.compressor.state_cache
3607815813812057,3607815814459429,3607815814663810,3607815821394341,1,12,96,4,model.layers.2.self_attn.indexer.k_cache
3607815821644121,3607815821648342,3607815821895642,3607815822377894,0,12,96,4,model.layers.2.self_attn.attn
3607815822698125,3607815822702845,3607815822920725,3607815823529427,0,12,96,128,model.layers.3.self_attn.attn
3607815823849068,3607815823853668,3607815824093209,3607815825239213,0,12,96,1,model.layers.0.self_attn.swa_cache
3607815825839774,3607815825848364,3607815826267346,3607815827085978,0,12,96,1,model.layers.1.self_attn.swa_cache
3607815827673430,3607815827682310,3607815828112521,3607815828948934,0,12,96,1,model.layers.2.self_attn.compressor.state_cache
3607815829284695,3607815829292565,3607815829749946,3607815830587539,0,12,96,1,model.layers.2.self_attn.indexer.compressor.state_cache
3607815831178051,3607815831247681,3607815831670682,3607815832405995,0,12,96,1,model.layers.3.self_attn.compressor.state_cache
3607815889823001,3607815890517093,3607815890753944,3607815893173511,1,11,88,4,model.layers.2.self_attn.indexer.k_cache
3607815893459952,3607815893464612,3607815893712593,3607815894209594,0,11,88,4,model.layers.2.self_attn.attn
3607815894535575,3607815894540235,3607815894756646,3607815895470288,0,11,88,128,model.layers.3.self_attn.attn
3607815895794679,3607815895799589,3607815896030120,3607815896736942,0,11,88,1,model.layers.0.self_attn.swa_cache
3607815897056013,3607815897060463,3607815897276034,3607815897700455,0,11,88,1,model.layers.1.self_attn.swa_cache
3607815898010176,3607815898014706,3607815898230157,3607815898654068,0,11,88,1,model.layers.2.self_attn.compressor.state_cache
3607815898830818,3607815898834919,3607815899074269,3607815899497001,0,11,88,1,model.layers.2.self_attn.indexer.compressor.state_cache
3607815899806721,3607815899847842,3607815900078022,3607815900503844,0,11,88,1,model.layers.3.self_attn.compressor.state_cache
3607815956631246,3607815957305378,3607815957525379,3607815959843886,1,9,72,4,model.layers.2.self_attn.indexer.k_cache
3607815960141407,3607815960145917,3607815960396208,3607815960877049,0,9,72,4,model.layers.2.self_attn.attn
3607815961199470,3607815961204270,3607815961418521,3607815962126943,0,9,72,128,model.layers.3.self_attn.attn
3607815962455564,3607815962460464,3607815962676565,3607815963381017,0,9,72,1,model.layers.0.self_attn.swa_cache
3607815963705168,3607815963710278,3607815963927878,3607815964377180,0,9,72,1,model.layers.1.self_attn.swa_cache
3607815964696411,3607815964700761,3607815964914511,3607815965346033,0,9,72,1,model.layers.2.self_attn.compressor.state_cache
3607815965527023,3607815965531113,3607815965771574,3607815966194805,0,9,72,1,model.layers.2.self_attn.indexer.compressor.state_cache
3607815966505036,3607815966545806,3607815966761347,3607815967176318,0,9,72,1,model.layers.3.self_attn.compressor.state_cache
3607816020325642,3607816020970724,3607816021172724,3607816023399541,1,9,72,4,model.layers.2.self_attn.indexer.k_cache
3607816023644652,3607816023649022,3607816023889982,3607816024391094,0,9,72,4,model.layers.2.self_attn.attn
3607816024708335,3607816024713095,3607816024928986,3607816025639558,0,9,72,128,model.layers.3.self_attn.attn
3607816025960499,3607816025965399,3607816026180320,3607816026882212,0,9,72,1,model.layers.0.self_attn.swa_cache
3607816027201263,3607816027206043,3607816027420993,3607816027838875,0,9,72,1,model.layers.1.self_attn.swa_cache
3607816028179256,3607816028184416,3607816028412356,3607816028839808,0,9,72,1,model.layers.2.self_attn.compressor.state_cache
3607816029047568,3607816029051748,3607816029294379,3607816029719170,0,9,72,1,model.layers.2.self_attn.indexer.compressor.state_cache
3607816030030341,3607816030067341,3607816030276432,3607816030701743,0,9,72,1,model.layers.3.self_attn.compressor.state_cache
3607816083385635,3607816084073777,3607816084289858,3607816086521245,1,9,72,4,model.layers.2.self_attn.indexer.k_cache
3607816086762706,3607816086766866,3607816087010696,3607816087495648,0,9,72,4,model.layers.2.self_attn.attn
3607816087815369,3607816087820319,3607816088061760,3607816088782392,0,9,72,128,model.layers.3.self_attn.attn
3607816089111323,3607816089116353,3607816089330723,3607816090022876,0,9,72,1,model.layers.0.self_attn.swa_cache
3607816090345017,3607816090349907,3607816090567017,3607816090994849,0,9,72,1,model.layers.1.self_attn.swa_cache
3607816091311690,3607816091316470,3607816091529860,3607816091947371,0,9,72,1,model.layers.2.self_attn.compressor.state_cache
3607816092150572,3607816092154552,3607816092399483,3607816092813294,0,9,72,1,model.layers.2.self_attn.indexer.compressor.state_cache
3607816093124065,3607816093162925,3607816093380066,3607816093802007,0,9,72,1,model.layers.3.self_attn.compressor.state_cache
3607816158964257,3607816159407859,3607816159648869,3607816161489965,1,9,4248,4,model.layers.2.self_attn.indexer.k_cache
3607816161805396,3607816161809726,3607816162057757,3607816162544598,0,9,4248,4,model.layers.2.self_attn.attn
3607816162866909,3607816162871399,3607816163088280,3607816163704972,0,9,4248,128,model.layers.3.self_attn.attn
3607816164048233,3607816164052873,3607816164278494,3607816164884115,0,9,4248,1,model.layers.0.self_attn.swa_cache
3607816165203836,3607816165208476,3607816165427397,3607816165856738,0,9,4248,1,model.layers.1.self_attn.swa_cache
3607816166170729,3607816166175289,3607816166391460,3607816166807911,0,9,4248,1,model.layers.2.self_attn.compressor.state_cache
3607816166982592,3607816166986772,3607816167229093,3607816167647834,0,9,4248,1,model.layers.2.self_attn.indexer.compressor.state_cache
3607816167957035,3607816168014705,3607816168228076,3607816168659827,0,9,4248,1,model.layers.3.self_attn.compressor.state_cache
3607816589178818,3607816589848230,3607816590061811,3607816592461248,1,9,72,4,model.layers.2.self_attn.indexer.k_cache
3607816592780789,3607816592785049,3607816593025600,3607816593510432,0,9,72,4,model.layers.2.self_attn.attn
3607816593834993,3607816593840163,3607816594054043,3607816594757155,0,9,72,128,model.layers.3.self_attn.attn
3607816595078686,3607816595083716,3607816595301017,3607816596017539,0,9,72,1,model.layers.0.self_attn.swa_cache
3607816596340620,3607816596345040,3607816596556001,3607816596984362,0,9,72,1,model.layers.1.self_attn.swa_cache
3607816597292083,3607816597296833,3607816597509604,3607816597934385,0,9,72,1,model.layers.2.self_attn.compressor.state_cache
3607816598109156,3607816598113116,3607816598357646,3607816598770558,0,9,72,1,model.layers.2.self_attn.indexer.compressor.state_cache
3607816599076829,3607816599123849,3607816599340409,3607816599761051,0,9,72,1,model.layers.3.self_attn.compressor.state_cache
3607816665763533,3607816666183665,3607816666414745,3607816668192431,1,11,8096,4,model.layers.2.self_attn.indexer.k_cache
3607816668584142,3607816668588682,3607816668846033,3607816669338784,0,11,8096,4,model.layers.2.self_attn.attn
3607816669668435,3607816669672925,3607816669890146,3607816670507698,0,11,8096,128,model.layers.3.self_attn.attn
3607816670828159,3607816670832579,3607816671053740,3607816671653692,0,11,8096,1,model.layers.0.self_attn.swa_cache
3607816671970882,3607816671975703,3607816672207263,3607816672637805,0,11,8096,1,model.layers.1.self_attn.swa_cache
3607816672952646,3607816672957846,3607816673173356,3607816673599157,0,11,8096,1,model.layers.2.self_attn.compressor.state_cache
3607816673776458,3607816673780458,3607816674019449,3607816674438350,0,11,8096,1,model.layers.2.self_attn.indexer.compressor.state_cache
3607816674745881,3607816674788191,3607816675005772,3607816675469443,0,11,8096,1,model.layers.3.self_attn.compressor.state_cache
3607817140701482,3607817141099143,3607817141317284,3607817143037769,1,12,4600,4,model.layers.2.self_attn.indexer.k_cache
3607817143323800,3607817143328050,3607817143573541,3607817144054512,0,12,4600,4,model.layers.2.self_attn.attn
3607817144369293,3607817144373973,3607817144588874,3607817145195736,0,12,4600,128,model.layers.3.self_attn.attn
3607817145506487,3607817145511757,3607817145724507,3607817146324469,0,12,4600,1,model.layers.0.self_attn.swa_cache
3607817146634340,3607817146638930,3607817146856891,3607817147275212,0,12,4600,1,model.layers.1.self_attn.swa_cache
3607817147578133,3607817147583163,3607817147800574,3607817148229165,0,12,4600,1,model.layers.2.self_attn.compressor.state_cache
3607817148401536,3607817148405686,3607817148648016,3607817149062548,0,12,4600,1,model.layers.2.self_attn.indexer.compressor.state_cache
3607817149367278,3607817149417339,3607817149630179,3607817150048511,0,12,4600,1,model.layers.3.self_attn.compressor.state_cache
3607817562729668,3607817563385800,3607817563594980,3607817567636433,1,12,96,4,model.layers.2.self_attn.indexer.k_cache
3607817567987244,3607817567992094,3607817568331385,3607817568836147,0,12,96,4,model.layers.2.self_attn.attn
3607817569192618,3607817569198158,3607817569418708,3607817570066910,0,12,96,128,model.layers.3.self_attn.attn
3607817570416131,3607817570421331,3607817570656852,3607817571313444,0,12,96,1,model.layers.0.self_attn.swa_cache
3607817571664705,3607817571670025,3607817571901296,3607817572400038,0,12,96,1,model.layers.1.self_attn.swa_cache
3607817572740369,3607817572745559,3607817572977709,3607817573432561,0,12,96,1,model.layers.2.self_attn.compressor.state_cache
3607817573627751,3607817573632311,3607817573889002,3607817574355874,0,12,96,1,model.layers.2.self_attn.indexer.compressor.state_cache
3607817574720015,3607817574771265,3607817574989485,3607817575423307,0,12,96,1,model.layers.3.self_attn.compressor.state_cache
3607817636909446,3607817637587208,3607817637816798,3607817644182048,1,12,96,4,model.layers.2.self_attn.indexer.k_cache
3607817644476889,3607817644481239,3607817644713070,3607817645182021,0,12,96,4,model.layers.2.self_attn.attn
3607817645497832,3607817645502722,3607817645718593,3607817646297874,0,12,96,128,model.layers.3.self_attn.attn
3607817646607215,3607817646611785,3607817646821776,3607817647404548,0,12,96,1,model.layers.0.self_attn.swa_cache
3607817647708249,3607817647713149,3607817648033310,3607817648722982,0,12,96,1,model.layers.1.self_attn.swa_cache
3607817649225713,3607817649232743,3607817649576165,3607817650264827,0,12,96,1,model.layers.2.self_attn.compressor.state_cache
3607817650552588,3607817650559498,3607817650934389,3607817651632141,0,12,96,1,model.layers.2.self_attn.indexer.compressor.state_cache
3607817652148342,3607817652219363,3607817652565804,3607817653255186,0,12,96,1,model.layers.3.self_attn.compressor.state_cache
3607817706981581,3607817707642523,3607817707858263,3607817710468042,1,11,88,4,model.layers.2.self_attn.indexer.k_cache
3607817710725082,3607817710729302,3607817710958623,3607817711426264,0,11,88,4,model.layers.2.self_attn.attn
3607817711737255,3607817711741535,3607817711944266,3607817712551128,0,11,88,128,model.layers.3.self_attn.attn
3607817712857499,3607817712862179,3607817713062689,3607817713636841,0,11,88,1,model.layers.0.self_attn.swa_cache
3607817713943152,3607817713947792,3607817714153743,3607817714558694,0,11,88,1,model.layers.1.self_attn.swa_cache
3607817714862895,3607817714867305,3607817715071296,3607817715478047,0,11,88,1,model.layers.2.self_attn.compressor.state_cache
3607817715652357,3607817715656767,3607817715880798,3607817716300189,0,11,88,1,model.layers.2.self_attn.indexer.compressor.state_cache
3607817716603000,3607817716639700,3607817716852441,3607817717258762,0,11,88,1,model.layers.3.self_attn.compressor.state_cache
3607817769646863,3607817770284975,3607817770491856,3607817775786982,1,11,88,4,model.layers.2.self_attn.indexer.k_cache
3607817776099823,3607817776104143,3607817776341824,3607817776810235,0,11,88,4,model.layers.2.self_attn.attn
3607817777161726,3607817777166286,3607817777433557,3607817778363770,0,11,88,128,model.layers.3.self_attn.attn
3607817778793171,3607817778799871,3607817779093352,3607817780042205,0,11,88,1,model.layers.0.self_attn.swa_cache
3607817780470716,3607817780477297,3607817780759417,3607817781326049,0,11,88,1,model.layers.1.self_attn.swa_cache
3607817781745530,3607817781752060,3607817782032371,3607817782597443,0,11,88,1,model.layers.2.self_attn.compressor.state_cache
3607817782833634,3607817782839204,3607817783150845,3607817783706136,0,11,88,1,model.layers.2.self_attn.indexer.compressor.state_cache
3607817784135568,3607817784189818,3607817784498689,3607817785081701,0,11,88,1,model.layers.3.self_attn.compressor.state_cache
3607817837803823,3607817838436014,3607817838636845,3607817845023305,1,10,80,4,model.layers.2.self_attn.indexer.k_cache
3607817845322436,3607817845327426,3607817845614867,3607817846194718,0,10,80,4,model.layers.2.self_attn.attn
3607817846574849,3607817846580330,3607817846827760,3607817847659133,0,10,80,128,model.layers.3.self_attn.attn
3607817848062624,3607817848068534,3607817848321555,3607817849149087,0,10,80,1,model.layers.0.self_attn.swa_cache
3607817849531149,3607817849536549,3607817849793889,3607817850357201,0,10,80,1,model.layers.1.self_attn.swa_cache
3607817850758352,3607817850764562,3607817851035513,3607817851569465,0,10,80,1,model.layers.2.self_attn.compressor.state_cache
3607817851800856,3607817851805836,3607817852119977,3607817852665288,0,10,80,1,model.layers.2.self_attn.indexer.compressor.state_cache
3607817853068409,3607817853115360,3607817853383140,3607817853929522,0,10,80,1,model.layers.3.self_attn.compressor.state_cache
3607817908518820,3607817909397912,3607817909795384,3607817912370222,1,8,64,4,model.layers.2.self_attn.indexer.k_cache
3607817912653602,3607817912657902,3607817912893563,3607817913364125,0,8,64,4,model.layers.2.self_attn.attn
3607817913678876,3607817913683256,3607817913893026,3607817914578508,0,8,64,128,model.layers.3.self_attn.attn
3607817914892459,3607817914897299,3607817915102780,3607817915783472,0,8,64,1,model.layers.0.self_attn.swa_cache
3607817916106503,3607817916111263,3607817916320484,3607817916727875,0,8,64,1,model.layers.1.self_attn.swa_cache
3607817917038436,3607817917042886,3607817917350407,3607817917773408,0,8,64,1,model.layers.2.self_attn.compressor.state_cache
3607817917949769,3607817917954029,3607817918183299,3607817918598391,0,8,64,1,model.layers.2.self_attn.indexer.compressor.state_cache
3607817918906172,3607817918946412,3607817919257433,3607817919663824,0,8,64,1,model.layers.3.self_attn.compressor.state_cache
3607818043518504,3607818044238047,3607818044467037,3607818046925145,1,7,56,4,model.layers.2.self_attn.indexer.k_cache
3607818047233316,3607818047237806,3607818047480196,3607818047968608,0,7,56,4,model.layers.2.self_attn.attn
3607818048313699,3607818048318359,3607818048536410,3607818049256502,0,7,56,128,model.layers.3.self_attn.attn
3607818049583933,3607818049588563,3607818049799594,3607818050491106,0,7,56,1,model.layers.0.self_attn.swa_cache
3607818050809167,3607818050813707,3607818051029507,3607818051450219,0,7,56,1,model.layers.1.self_attn.swa_cache
3607818051762540,3607818051766980,3607818051976080,3607818052414272,0,7,56,1,model.layers.2.self_attn.compressor.state_cache
3607818052590122,3607818052594302,3607818052827043,3607818053249254,0,7,56,1,model.layers.2.self_attn.indexer.compressor.state_cache
3607818053558625,3607818053598625,3607818053808046,3607818054223087,0,7,56,1,model.layers.3.self_attn.compressor.state_cache
3607818114211381,3607818114640163,3607818114875603,3607818116730009,1,8,4240,4,model.layers.2.self_attn.indexer.k_cache
3607818117040960,3607818117045380,3607818117297571,3607818117779912,0,8,4240,4,model.layers.2.self_attn.attn
3607818118111073,3607818118116193,3607818118342434,3607818118979306,0,8,4240,128,model.layers.3.self_attn.attn
3607818119306067,3607818119310727,3607818119535998,3607818120166560,0,8,4240,1,model.layers.0.self_attn.swa_cache
3607818120484461,3607818120489331,3607818120708161,3607818121134673,0,8,4240,1,model.layers.1.self_attn.swa_cache
3607818121485874,3607818121490644,3607818121707644,3607818122128666,0,8,4240,1,model.layers.2.self_attn.compressor.state_cache
3607818122299826,3607818122304166,3607818122546027,3607818122957738,0,8,4240,1,model.layers.2.self_attn.indexer.compressor.state_cache
3607818123255439,3607818123301999,3607818123516840,3607818123924561,0,8,4240,1,model.layers.3.self_attn.compressor.state_cache
3607818541756594,3607818542158586,3607818542379156,3607818544168772,1,9,4248,4,model.layers.2.self_attn.indexer.k_cache
3607818544470533,3607818544475043,3607818544721023,3607818545199215,0,9,4248,4,model.layers.2.self_attn.attn
3607818545517556,3607818545522226,3607818545740537,3607818546345418,0,9,4248,128,model.layers.3.self_attn.attn
3607818546661159,3607818546665709,3607818546884430,3607818547488802,0,9,4248,1,model.layers.0.self_attn.swa_cache
3607818547799043,3607818547803903,3607818548028184,3607818548453655,0,9,4248,1,model.layers.1.self_attn.swa_cache
3607818548761116,3607818548765986,3607818548983207,3607818549396528,0,9,4248,1,model.layers.2.self_attn.compressor.state_cache
3607818549569488,3607818549573538,3607818549814829,3607818550234390,0,9,4248,1,model.layers.2.self_attn.indexer.compressor.state_cache
3607818550543231,3607818550592771,3607818550814772,3607818551241273,0,9,4248,1,model.layers.3.self_attn.compressor.state_cache
3607818980845933,3607818981259424,3607818981487215,3607818983251680,1,11,8096,4,model.layers.2.self_attn.indexer.k_cache
3607818983568911,3607818983573121,3607818983821062,3607818984311444,0,11,8096,4,model.layers.2.self_attn.attn
3607818984630655,3607818984635385,3607818984850945,3607818985449087,0,11,8096,128,model.layers.3.self_attn.attn
3607818985764528,3607818985769118,3607818985983679,3607818986581160,0,11,8096,1,model.layers.0.self_attn.swa_cache
3607818986892831,3607818986897401,3607818987113392,3607818987535803,0,11,8096,1,model.layers.1.self_attn.swa_cache
3607818987843854,3607818987848374,3607818988076075,3607818988498766,0,11,8096,1,model.layers.2.self_attn.compressor.state_cache
3607818988672797,3607818988676867,3607818988916088,3607818989329219,0,11,8096,1,model.layers.2.self_attn.indexer.compressor.state_cache
3607818989634720,3607818989680510,3607818989896251,3607818990306732,0,11,8096,1,model.layers.3.self_attn.compressor.state_cache
3607819465371111,3607819465782602,3607819466021943,3607819467826628,1,12,4600,4,model.layers.2.self_attn.indexer.k_cache
3607819468145819,3607819468150749,3607819468400690,3607819468896942,0,12,4600,4,model.layers.2.self_attn.attn
3607819469214253,3607819469219233,3607819469437073,3607819470039795,0,12,4600,128,model.layers.3.self_attn.attn
3607819470351156,3607819470355826,3607819470570007,3607819471183309,0,12,4600,1,model.layers.0.self_attn.swa_cache
3607819471491820,3607819471496630,3607819471714270,3607819472156042,0,12,4600,1,model.layers.1.self_attn.swa_cache
3607819472470193,3607819472474883,3607819472692023,3607819473116465,0,12,4600,1,model.layers.2.self_attn.compressor.state_cache
3607819473298635,3607819473302915,3607819473546496,3607819473977227,0,12,4600,1,model.layers.2.self_attn.indexer.compressor.state_cache
3607819474278648,3607819474326948,3607819474548189,3607819474963380,0,12,4600,1,model.layers.3.self_attn.compressor.state_cache
3607819899444324,3607819900123046,3607819900332497,3607819902445733,1,12,96,4,model.layers.2.self_attn.indexer.k_cache
3607819902758014,3607819902762604,3607819903010345,3607819903488897,0,12,96,4,model.layers.2.self_attn.attn
3607819903808887,3607819903813468,3607819904048818,3607819904667620,0,12,96,128,model.layers.3.self_attn.attn
3607819904983661,3607819904988321,3607819905201672,3607819905804364,0,12,96,1,model.layers.0.self_attn.swa_cache
3607819906117875,3607819906122675,3607819906337785,3607819906764167,0,12,96,1,model.layers.1.self_attn.swa_cache
3607819907068938,3607819907073598,3607819907284078,3607819907703589,0,12,96,1,model.layers.2.self_attn.compressor.state_cache
3607819907876700,3607819907880880,3607819908133371,3607819908558222,0,12,96,1,model.layers.2.self_attn.indexer.compressor.state_cache
3607819908900983,3607819908946633,3607819909165254,3607819909584445,0,12,96,1,model.layers.3.self_attn.compressor.state_cache
3607819963582571,3607819964256053,3607819964493584,3607819968207855,1,11,88,4,model.layers.2.self_attn.indexer.k_cache
3607819968475676,3607819968479926,3607819968735367,3607819969233978,0,11,88,4,model.layers.2.self_attn.attn
3607819969554559,3607819969559599,3607819969775050,3607819970394152,0,11,88,128,model.layers.3.self_attn.attn
3607819970713813,3607819970718353,3607819970940494,3607819971644446,0,11,88,1,model.layers.0.self_attn.swa_cache
3607819972027277,3607819972032917,3607819972286218,3607819972771079,0,11,88,1,model.layers.1.self_attn.swa_cache
3607819973135700,3607819973141310,3607819973388111,3607819973884983,0,11,88,1,model.layers.2.self_attn.compressor.state_cache
3607819974089163,3607819974094223,3607819974372834,3607819974865186,0,11,88,1,model.layers.2.self_attn.indexer.compressor.state_cache
3607819975223957,3607819975268447,3607819975514448,3607819975997449,0,11,88,1,model.layers.3.self_attn.compressor.state_cache
3607820029842295,3607820030556917,3607820030792498,3607820034066718,1,11,88,4,model.layers.2.self_attn.indexer.k_cache
3607820034327518,3607820034331818,3607820034576869,3607820035063801,0,11,88,4,model.layers.2.self_attn.attn
3607820035385112,3607820035389872,3607820035604322,3607820036416945,0,11,88,128,model.layers.3.self_attn.attn
3607820036767476,3607820036772506,3607820037011947,3607820037767499,0,11,88,1,model.layers.0.self_attn.swa_cache
3607820038113880,3607820038118750,3607820038353901,3607820038811312,0,11,88,1,model.layers.1.self_attn.swa_cache
3607820039153893,3607820039158723,3607820039393114,3607820039859145,0,11,88,1,model.layers.2.self_attn.compressor.state_cache
3607820040062416,3607820040066866,3607820040326407,3607820040780678,0,11,88,1,model.layers.2.self_attn.indexer.compressor.state_cache
3607820041118709,3607820041164019,3607820041399660,3607820041849461,0,11,88,1,model.layers.3.self_attn.compressor.state_cache
3607820094939095,3607820095653097,3607820095897257,3607820098432115,1,11,88,4,model.layers.2.self_attn.indexer.k_cache
3607820098724916,3607820098729546,3607820098973767,3607820099450568,0,11,88,4,model.layers.2.self_attn.attn
3607820099769009,3607820099773259,3607820099986660,3607820100632392,0,11,88,128,model.layers.3.self_attn.attn
3607820100955773,3607820100960413,3607820101174254,3607820101775796,0,11,88,1,model.layers.0.self_attn.swa_cache
3607820102091467,3607820102095897,3607820102308827,3607820102733338,0,11,88,1,model.layers.1.self_attn.swa_cache
3607820103045029,3607820103049449,3607820103262520,3607820103683121,0,11,88,1,model.layers.2.self_attn.compressor.state_cache
3607820103857182,3607820103861252,3607820104117173,3607820104543884,0,11,88,1,model.layers.2.self_attn.indexer.compressor.state_cache
3607820104858075,3607820104895225,3607820105111416,3607820105532987,0,11,88,1,model.layers.3.self_attn.compressor.state_cache
3607820158469710,3607820159138202,3607820159376522,3607820163164254,1,11,88,4,model.layers.2.self_attn.indexer.k_cache
3607820163429605,3607820163433855,3607820163678386,3607820164194437,0,11,88,4,model.layers.2.self_attn.attn
3607820164516208,3607820164520798,3607820164739819,3607820165480831,0,11,88,128,model.layers.3.self_attn.attn
3607820165863892,3607820165869412,3607820166131083,3607820166864775,0,11,88,1,model.layers.0.self_attn.swa_cache
3607820167248017,3607820167253307,3607820167516007,3607820168040569,0,11,88,1,model.layers.1.self_attn.swa_cache
3607820168422040,3607820168427380,3607820168686691,3607820169193063,0,11,88,1,model.layers.2.self_attn.compressor.state_cache
3607820169410853,3607820169415843,3607820169699024,3607820170211866,0,11,88,1,model.layers.2.self_attn.indexer.compressor.state_cache
3607820170585827,3607820170629727,3607820170889258,3607820171399969,0,11,88,1,model.layers.3.self_attn.compressor.state_cache
3607820225847887,3607820226565569,3607820226788769,3607820229159287,1,10,80,4,model.layers.2.self_attn.indexer.k_cache
3607820229443148,3607820229447428,3607820229687198,3607820230179560,0,10,80,4,model.layers.2.self_attn.attn
3607820230533341,3607820230538031,3607820230756112,3607820231466784,0,10,80,128,model.layers.3.self_attn.attn
3607820231789935,3607820231794435,3607820232026386,3607820232736768,0,10,80,1,model.layers.0.self_attn.swa_cache
3607820233058489,3607820233063309,3607820233278229,3607820233699341,0,10,80,1,model.layers.1.self_attn.swa_cache
3607820234018322,3607820234023142,3607820234238932,3607820234664694,0,10,80,1,model.layers.2.self_attn.compressor.state_cache
3607820234839784,3607820234843874,3607820235084145,3607820235499076,0,10,80,1,model.layers.2.self_attn.indexer.compressor.state_cache
3607820235810097,3607820235849537,3607820236078138,3607820236498729,0,10,80,1,model.layers.3.self_attn.compressor.state_cache
3607820295641571,3607820296066642,3607820296296903,3607820298086688,1,11,4264,4,model.layers.2.self_attn.indexer.k_cache
3607820298373769,3607820298378039,3607820298628590,3607820299115632,0,11,4264,4,model.layers.2.self_attn.attn
3607820299444573,3607820299449463,3607820299672533,3607820300303175,0,11,4264,128,model.layers.3.self_attn.attn
3607820300624376,3607820300628896,3607820300847137,3607820301467979,0,11,4264,1,model.layers.0.self_attn.swa_cache
3607820301788960,3607820301793540,3607820302012121,3607820302437312,0,11,4264,1,model.layers.1.self_attn.swa_cache
3607820302748683,3607820302753073,3607820302971763,3607820303396505,0,11,4264,1,model.layers.2.self_attn.compressor.state_cache
3607820303572855,3607820303576865,3607820303820436,3607820304253567,0,11,4264,1,model.layers.2.self_attn.indexer.compressor.state_cache
3607820304569558,3607820304610269,3607820304826549,3607820305259091,0,11,4264,1,model.layers.3.self_attn.compressor.state_cache
3607820732077531,3607820732757404,3607820732977124,3607820735416672,1,11,88,4,model.layers.2.self_attn.indexer.k_cache
3607820735729243,3607820735733363,3607820735980883,3607820736496145,0,11,88,4,model.layers.2.self_attn.attn
3607820736816376,3607820736820786,3607820737034477,3607820737735839,0,11,88,128,model.layers.3.self_attn.attn
3607820738055410,3607820738060290,3607820738279910,3607820738978423,0,11,88,1,model.layers.0.self_attn.swa_cache
3607820739292914,3607820739297454,3607820739512964,3607820739932906,0,11,88,1,model.layers.1.self_attn.swa_cache
3607820740257117,3607820740262307,3607820740475607,3607820740907099,0,11,88,1,model.layers.2.self_attn.compressor.state_cache
3607820741081499,3607820741085539,3607820741327330,3607820741750211,0,11,88,1,model.layers.2.self_attn.indexer.compressor.state_cache
3607820742050742,3607820742097412,3607820742317573,3607820742746354,0,11,88,1,model.layers.3.self_attn.compressor.state_cache
3607820802227187,3607820802645388,3607820802873439,3607820804677344,1,12,4272,4,model.layers.2.self_attn.indexer.k_cache
3607820804964375,3607820804968895,3607820805218986,3607820805728268,0,12,4272,4,model.layers.2.self_attn.attn
3607820806048839,3607820806053939,3607820806274209,3607820806891211,0,12,4272,128,model.layers.3.self_attn.attn
3607820807211532,3607820807216672,3607820807438383,3607820808045625,0,12,4272,1,model.layers.0.self_attn.swa_cache
3607820808363686,3607820808368236,3607820808591346,3607820809029728,0,12,4272,1,model.layers.1.self_attn.swa_cache
3607820809341399,3607820809345839,3607820809561829,3607820809991011,0,12,4272,1,model.layers.2.self_attn.compressor.state_cache
3607820810164941,3607820810169701,3607820810411442,3607820810827553,0,12,4272,1,model.layers.2.self_attn.indexer.compressor.state_cache
3607820811134334,3607820811177694,3607820811395695,3607820811821616,0,12,4272,1,model.layers.3.self_attn.compressor.state_cache
3607821229401649,3607821230067711,3607821230281962,3607821232377628,1,12,96,4,model.layers.2.self_attn.indexer.k_cache
3607821232689809,3607821232694049,3607821232941010,3607821233434321,0,12,96,4,model.layers.2.self_attn.attn
3607821233766512,3607821233771842,3607821233990673,3607821234596645,0,12,96,128,model.layers.3.self_attn.attn
3607821234916036,3607821234920716,3607821235136987,3607821235749369,0,12,96,1,model.layers.0.self_attn.swa_cache
3607821236118150,3607821236123290,3607821236341240,3607821236762402,0,12,96,1,model.layers.1.self_attn.swa_cache
3607821237068073,3607821237072783,3607821237286723,3607821237713015,0,12,96,1,model.layers.2.self_attn.compressor.state_cache
3607821237881645,3607821237885965,3607821238123096,3607821238540507,0,12,96,1,model.layers.2.self_attn.indexer.compressor.state_cache
3607821238845288,3607821238891298,3607821239107359,3607821239530280,0,12,96,1,model.layers.3.self_attn.compressor.state_cache
3607821298758262,3607821299427504,3607821299649965,3607821302096202,1,11,88,4,model.layers.2.self_attn.indexer.k_cache
3607821302458393,3607821302463033,3607821302710014,3607821303197176,0,11,88,4,model.layers.2.self_attn.attn
3607821303519277,3607821303523927,3607821303739897,3607821304484390,0,11,88,128,model.layers.3.self_attn.attn
3607821304809271,3607821304813741,3607821305029801,3607821305734423,0,11,88,1,model.layers.0.self_attn.swa_cache
3607821306053544,3607821306058124,3607821306274175,3607821306703596,0,11,88,1,model.layers.1.self_attn.swa_cache
3607821307016927,3607821307021207,3607821307233598,3607821307657439,0,11,88,1,model.layers.2.self_attn.compressor.state_cache
3607821307837160,3607821307841140,3607821308094671,3607821308533832,0,11,88,1,model.layers.2.self_attn.indexer.compressor.state_cache
3607821308842093,3607821308881583,3607821309100484,3607821309522235,0,11,88,1,model.layers.3.self_attn.compressor.state_cache
3607821363037559,3607821363729022,3607821363959452,3607821366268419,1,11,88,4,model.layers.2.self_attn.indexer.k_cache
3607821366538890,3607821366543030,3607821366789121,3607821367273362,0,11,88,4,model.layers.2.self_attn.attn
3607821367588873,3607821367593383,3607821367808524,3607821368546146,0,11,88,128,model.layers.3.self_attn.attn
3607821368889217,3607821368893787,3607821369123438,3607821369833430,0,11,88,1,model.layers.0.self_attn.swa_cache
3607821370156831,3607821370161401,3607821370381532,3607821370805263,0,11,88,1,model.layers.1.self_attn.swa_cache
3607821371133944,3607821371138444,3607821371359245,3607821371779296,0,11,88,1,model.layers.2.self_attn.compressor.state_cache
3607821371956217,3607821371960007,3607821372211968,3607821372631459,0,11,88,1,model.layers.2.self_attn.indexer.compressor.state_cache
3607821372943170,3607821372981250,3607821373196771,3607821373614772,0,11,88,1,model.layers.3.self_attn.compressor.state_cache
3607821426884026,3607821427583158,3607821427820308,3607821430137596,1,11,88,4,model.layers.2.self_attn.indexer.k_cache
3607821430405926,3607821430410076,3607821430654827,3607821431144329,0,11,88,4,model.layers.2.self_attn.attn
3607821431468500,3607821431473120,3607821431690700,3607821432422533,0,11,88,128,model.layers.3.self_attn.attn
3607821432750504,3607821432755454,3607821432971344,3607821433675926,0,11,88,1,model.layers.0.self_attn.swa_cache
3607821433993667,3607821433998607,3607821434216538,3607821434639189,0,11,88,1,model.layers.1.self_attn.swa_cache
3607821434959010,3607821434963950,3607821435180711,3607821435600932,0,11,88,1,model.layers.2.self_attn.compressor.state_cache
3607821435777413,3607821435781483,3607821436028214,3607821436455155,0,11,88,1,model.layers.2.self_attn.indexer.compressor.state_cache
3607821436765216,3607821436804096,3607821437017437,3607821437436488,0,11,88,1,model.layers.3.self_attn.compressor.state_cache
3607821490633491,3607821491338964,3607821491557404,3607821493886641,1,11,88,4,model.layers.2.self_attn.indexer.k_cache
3607821494153332,3607821494157462,3607821494400143,3607821494883154,0,11,88,4,model.layers.2.self_attn.attn
3607821495203555,3607821495208325,3607821495426866,3607821496158078,0,11,88,128,model.layers.3.self_attn.attn
3607821496486009,3607821496490959,3607821496710150,3607821497421962,0,11,88,1,model.layers.0.self_attn.swa_cache
3607821497741953,3607821497746883,3607821497959584,3607821498389125,0,11,88,1,model.layers.1.self_attn.swa_cache
3607821498703136,3607821498707736,3607821498921657,3607821499349108,0,11,88,1,model.layers.2.self_attn.compressor.state_cache
3607821499526389,3607821499530669,3607821499775529,3607821500217571,0,11,88,1,model.layers.2.self_attn.indexer.compressor.state_cache
3607821500564612,3607821500602342,3607821500817813,3607821501235574,0,11,88,1,model.layers.3.self_attn.compressor.state_cache
3607821560063285,3607821560482606,3607821560715147,3607821562462072,1,12,4272,4,model.layers.2.self_attn.indexer.k_cache
3607821562732553,3607821562736843,3607821562983004,3607821563457535,0,12,4272,4,model.layers.2.self_attn.attn
3607821563778246,3607821563782896,3607821564014047,3607821564642229,0,12,4272,128,model.layers.3.self_attn.attn
3607821564966650,3607821564971420,3607821565190630,3607821565803112,0,12,4272,1,model.layers.0.self_attn.swa_cache
3607821566122603,3607821566127173,3607821566342394,3607821566762255,0,12,4272,1,model.layers.1.self_attn.swa_cache
3607821567074796,3607821567079506,3607821567295137,3607821567711188,0,12,4272,1,model.layers.2.self_attn.compressor.state_cache
3607821567887839,3607821567891949,3607821568152710,3607821568587211,0,12,4272,1,model.layers.2.self_attn.indexer.compressor.state_cache
3607821568899192,3607821568943042,3607821569161733,3607821569582904,0,12,4272,1,model.layers.3.self_attn.compressor.state_cache
3607821995910133,3607821996606266,3607821996832576,3607821999236214,1,12,96,4,model.layers.2.self_attn.indexer.k_cache
3607821999554435,3607821999558855,3607821999804615,3607822000324527,0,12,96,4,model.layers.2.self_attn.attn
3607822000643718,3607822000648858,3607822000865569,3607822001576841,0,12,96,128,model.layers.3.self_attn.attn
3607822001893462,3607822001898222,3607822002114243,3607822002813205,0,12,96,1,model.layers.0.self_attn.swa_cache
3607822003132096,3607822003137006,3607822003356516,3607822003780308,0,12,96,1,model.layers.1.self_attn.swa_cache
3607822004100059,3607822004105239,3607822004324889,3607822004744911,0,12,96,1,model.layers.2.self_attn.compressor.state_cache
3607822004913861,3607822004917971,3607822005153392,3607822005570263,0,12,96,1,model.layers.2.self_attn.indexer.compressor.state_cache
3607822005875794,3607822005921674,3607822006133915,3607822006559456,0,12,96,1,model.layers.3.self_attn.compressor.state_cache
3607822059204488,3607822059894750,3607822060142241,3607822063354491,1,12,96,4,model.layers.2.self_attn.indexer.k_cache
3607822063613001,3607822063617381,3607822063857182,3607822064359774,0,12,96,4,model.layers.2.self_attn.attn
3607822064681585,3607822064686035,3607822064899405,3607822065611268,0,12,96,128,model.layers.3.self_attn.attn
3607822065935039,3607822065939709,3607822066159109,3607822066869201,0,12,96,1,model.layers.0.self_attn.swa_cache
3607822067189202,3607822067193702,3607822067412583,3607822067902235,0,12,96,1,model.layers.1.self_attn.swa_cache
3607822068258126,3607822068263216,3607822068491666,3607822068952198,0,12,96,1,model.layers.2.self_attn.compressor.state_cache
3607822069141728,3607822069146008,3607822069404009,3607822069855921,0,12,96,1,model.layers.2.self_attn.indexer.compressor.state_cache
3607822070191092,3607822070231442,3607822070457412,3607822070911304,0,12,96,1,model.layers.3.self_attn.compressor.state_cache
3607822123768206,3607822124455538,3607822124657489,3607822131405470,1,12,96,4,model.layers.2.self_attn.indexer.k_cache
3607822131659080,3607822131663490,3607822131904591,3607822132895594,0,12,96,4,model.layers.2.self_attn.attn
3607822133493686,3607822133502766,3607822133914037,3607822135055151,0,12,96,128,model.layers.3.self_attn.attn
3607822135655203,3607822135663853,3607822136089414,3607822137237648,0,12,96,1,model.layers.0.self_attn.swa_cache
3607822137829019,3607822137838159,3607822138249791,3607822139053433,0,12,96,1,model.layers.1.self_attn.swa_cache
3607822139639385,3607822139648115,3607822140088416,3607822140567128,0,12,96,1,model.layers.2.self_attn.compressor.state_cache
3607822140743598,3607822140747758,3607822140981839,3607822141409310,0,12,96,1,model.layers.2.self_attn.indexer.compressor.state_cache
3607822141709501,3607822141745471,3607822141959062,3607822142372613,0,12,96,1,model.layers.3.self_attn.compressor.state_cache
3607822195608707,3607822196373799,3607822196629980,3607822199144938,1,12,96,4,model.layers.2.self_attn.indexer.k_cache
3607822199461829,3607822199466149,3607822199722930,3607822200238451,0,12,96,4,model.layers.2.self_attn.attn
3607822200564942,3607822200569622,3607822200786723,3607822201404705,0,12,96,128,model.layers.3.self_attn.attn
3607822201733776,3607822201738746,3607822201956016,3607822202579748,0,12,96,1,model.layers.0.self_attn.swa_cache
3607822202896079,3607822202900579,3607822203119360,3607822203540991,0,12,96,1,model.layers.1.self_attn.swa_cache
3607822203854102,3607822203858972,3607822204086803,3607822204504524,0,12,96,1,model.layers.2.self_attn.compressor.state_cache
3607822204678945,3607822204683095,3607822204915625,3607822205344187,0,12,96,1,model.layers.2.self_attn.indexer.compressor.state_cache
3607822205652438,3607822205690498,3607822205903209,3607822206324680,0,12,96,1,model.layers.3.self_attn.compressor.state_cache
3607822259736034,3607822260418286,3607822260634147,3607822267254977,1,12,96,4,model.layers.2.self_attn.indexer.k_cache
3607822267531138,3607822267535558,3607822267782949,3607822268291230,0,12,96,4,model.layers.2.self_attn.attn
3607822268616761,3607822268621591,3607822268838472,3607822269699304,0,12,96,128,model.layers.3.self_attn.attn
3607822270228546,3607822270235946,3607822270594187,3607822271601570,0,12,96,1,model.layers.0.self_attn.swa_cache
3607822272143732,3607822272151532,3607822272505193,3607822273219515,0,12,96,1,model.layers.1.self_attn.swa_cache
3607822273747717,3607822273755467,3607822274113978,3607822274820710,0,12,96,1,model.layers.2.self_attn.compressor.state_cache
3607822275110071,3607822275117101,3607822275511682,3607822276241005,0,12,96,1,model.layers.2.self_attn.indexer.compressor.state_cache
3607822276764226,3607822276826076,3607822277179007,3607822277677769,0,12,96,1,model.layers.3.self_attn.compressor.state_cache
3607822330945663,3607822331650225,3607822331895136,3607822335317956,1,12,96,4,model.layers.2.self_attn.indexer.k_cache
3607822335597467,3607822335601787,3607822335846378,3607822336365029,0,12,96,4,model.layers.2.self_attn.attn
3607822336687330,3607822336691730,3607822336909211,3607822337623453,0,12,96,128,model.layers.3.self_attn.attn
3607822337945424,3607822337950074,3607822338167515,3607822338869347,0,12,96,1,model.layers.0.self_attn.swa_cache
3607822339186878,3607822339191368,3607822339407889,3607822339834540,0,12,96,1,model.layers.1.self_attn.swa_cache
3607822340158631,3607822340163071,3607822340377502,3607822340800083,0,12,96,1,model.layers.2.self_attn.compressor.state_cache
3607822340977083,3607822340981213,3607822341220774,3607822341635825,0,12,96,1,model.layers.2.self_attn.indexer.compressor.state_cache
3607822341949646,3607822341987027,3607822342204497,3607822342675809,0,12,96,1,model.layers.3.self_attn.compressor.state_cache
3607822396114203,3607822396775055,3607822396987225,3607822402376282,1,12,96,4,model.layers.2.self_attn.indexer.k_cache
3607822402649493,3607822402653653,3607822402901484,3607822403383915,0,12,96,4,model.layers.2.self_attn.attn
3607822403707526,3607822403712116,3607822403932017,3607822404569339,0,12,96,128,model.layers.3.self_attn.attn
3607822404892610,3607822404897360,3607822405114560,3607822405718392,0,12,96,1,model.layers.0.self_attn.swa_cache
3607822406033193,3607822406038073,3607822406249424,3607822406726985,0,12,96,1,model.layers.1.self_attn.swa_cache
3607822407151247,3607822407157587,3607822407445128,3607822408035219,0,12,96,1,model.layers.2.self_attn.compressor.state_cache
3607822408277160,3607822408282260,3607822408609031,3607822409177763,0,12,96,1,model.layers.2.self_attn.indexer.compressor.state_cache
3607822409596014,3607822409646374,3607822409940975,3607822410505347,0,12,96,1,model.layers.3.self_attn.compressor.state_cache
3607822464794874,3607822465470196,3607822465705757,3607822469083737,1,12,96,4,model.layers.2.self_attn.indexer.k_cache
3607822469340558,3607822469344548,3607822469587308,3607822470070060,0,12,96,4,model.layers.2.self_attn.attn
3607822470392781,3607822470397551,3607822470615582,3607822471231974,0,12,96,128,model.layers.3.self_attn.attn
3607822471585705,3607822471590275,3607822471851715,3607822472545208,0,12,96,1,model.layers.0.self_attn.swa_cache
3607822472896349,3607822472901419,3607822473139839,3607822473607081,0,12,96,1,model.layers.1.self_attn.swa_cache
3607822473954272,3607822473959182,3607822474189493,3607822474653564,0,12,96,1,model.layers.2.self_attn.compressor.state_cache
3607822474847805,3607822474852365,3607822475113685,3607822475587987,0,12,96,1,model.layers.2.self_attn.indexer.compressor.state_cache
3607822475933008,3607822475973238,3607822476227329,3607822476702170,0,12,96,1,model.layers.3.self_attn.compressor.state_cache
3607822529853584,3607822530514506,3607822530724896,3607822536687875,1,12,96,4,model.layers.2.self_attn.indexer.k_cache
3607822537056186,3607822537063356,3607822537469637,3607822538279499,0,12,96,4,model.layers.2.self_attn.attn
3607822538810721,3607822538818631,3607822539177842,3607822540248026,0,12,96,128,model.layers.3.self_attn.attn
3607822540785457,3607822540793447,3607822541155448,3607822542157401,0,12,96,1,model.layers.0.self_attn.swa_cache
3607822542677953,3607822542685753,3607822543043464,3607822543752336,0,12,96,1,model.layers.1.self_attn.swa_cache
3607822544285298,3607822544293148,3607822544647019,3607822545212091,0,12,96,1,model.layers.2.self_attn.compressor.state_cache
3607822545394771,3607822545399151,3607822545635342,3607822546052113,0,12,96,1,model.layers.2.self_attn.indexer.compressor.state_cache
3607822546363234,3607822546400184,3607822546612915,3607822547031576,0,12,96,1,model.layers.3.self_attn.compressor.state_cache
3607822605770787,3607822606436189,3607822606659120,3607822609070827,1,12,96,4,model.layers.2.self_attn.indexer.k_cache
3607822609360728,3607822609365018,3607822609647829,3607822610132000,0,12,96,4,model.layers.2.self_attn.attn
3607822610456221,3607822610460951,3607822610678302,3607822611381954,0,12,96,128,model.layers.3.self_attn.attn
3607822611704145,3607822611709235,3607822611930436,3607822612659078,0,12,96,1,model.layers.0.self_attn.swa_cache
3607822612978129,3607822612983109,3607822613194860,3607822613626191,0,12,96,1,model.layers.1.self_attn.swa_cache
3607822613941122,3607822613946122,3607822614157973,3607822614591954,0,12,96,1,model.layers.2.self_attn.compressor.state_cache
3607822614761224,3607822614765734,3607822615005085,3607822615425306,0,12,96,1,model.layers.2.self_attn.indexer.compressor.state_cache
3607822615728497,3607822615768538,3607822615980898,3607822616414200,0,12,96,1,model.layers.3.self_attn.compressor.state_cache
3607822669819244,3607822670526356,3607822670791827,3607822673808646,1,12,96,4,model.layers.2.self_attn.indexer.k_cache
3607822674078347,3607822674082807,3607822674368248,3607822674853459,0,12,96,4,model.layers.2.self_attn.attn
3607822675177080,3607822675182120,3607822675399721,3607822676142313,0,12,96,128,model.layers.3.self_attn.attn
3607822676469224,3607822676474084,3607822676694205,3607822677391957,0,12,96,1,model.layers.0.self_attn.swa_cache
3607822677711768,3607822677716488,3607822677932158,3607822678353800,0,12,96,1,model.layers.1.self_attn.swa_cache
3607822678667571,3607822678672271,3607822678888381,3607822679316513,0,12,96,1,model.layers.2.self_attn.compressor.state_cache
3607822679493223,3607822679497363,3607822679739714,3607822680188135,0,12,96,1,model.layers.2.self_attn.indexer.compressor.state_cache
3607822680501146,3607822680539696,3607822680752017,3607822681172048,0,12,96,1,model.layers.3.self_attn.compressor.state_cache
3607822734781563,3607822735434375,3607822735647896,3607822742492327,1,12,96,4,model.layers.2.self_attn.indexer.k_cache
3607822742806598,3607822742812238,3607822743128709,3607822743753341,0,12,96,4,model.layers.2.self_attn.attn
3607822744191602,3607822744197532,3607822744484373,3607822745278925,0,12,96,128,model.layers.3.self_attn.attn
3607822745694167,3607822745700287,3607822745979548,3607822746783470,0,12,96,1,model.layers.0.self_attn.swa_cache
3607822747197921,3607822747203761,3607822747485082,3607822748133184,0,12,96,1,model.layers.1.self_attn.swa_cache
3607822748538825,3607822748545105,3607822748828016,3607822749376428,0,12,96,1,model.layers.2.self_attn.compressor.state_cache
3607822749643869,3607822749649129,3607822749962780,3607822750528761,0,12,96,1,model.layers.2.self_attn.indexer.compressor.state_cache
3607822750930173,3607822750978363,3607822751252844,3607822751802115,0,12,96,1,model.layers.3.self_attn.compressor.state_cache
3607822805884642,3607822806598404,3607822806843854,3607822809771723,1,12,96,4,model.layers.2.self_attn.indexer.k_cache
3607822810045964,3607822810050064,3607822810288375,3607822810770627,0,12,96,4,model.layers.2.self_attn.attn
3607822811090118,3607822811094728,3607822811308718,3607822812033390,0,12,96,128,model.layers.3.self_attn.attn
3607822812363931,3607822812368541,3607822812586662,3607822813284414,0,12,96,1,model.layers.0.self_attn.swa_cache
3607822813604565,3607822813609055,3607822813827866,3607822814256497,0,12,96,1,model.layers.1.self_attn.swa_cache
3607822814569958,3607822814574798,3607822814789409,3607822815206840,0,12,96,1,model.layers.2.self_attn.compressor.state_cache
3607822815384771,3607822815388971,3607822815628631,3607822816061713,0,12,96,1,model.layers.2.self_attn.indexer.compressor.state_cache
3607822816378694,3607822816416714,3607822816631455,3607822817050146,0,12,96,1,model.layers.3.self_attn.compressor.state_cache
3607822870158949,3607822870808721,3607822871020012,3607822877543732,1,12,96,4,model.layers.2.self_attn.indexer.k_cache
3607822877807782,3607822877812072,3607822878057803,3607822878908956,0,12,96,4,model.layers.2.self_attn.attn
3607822879477518,3607822879485448,3607822879869199,3607822881180813,0,12,96,128,model.layers.3.self_attn.attn
3607822881752325,3607822881761025,3607822882146206,3607822883381580,0,12,96,1,model.layers.0.self_attn.swa_cache
3607822883950931,3607822883959221,3607822884368743,3607822885140705,0,12,96,1,model.layers.1.self_attn.swa_cache
3607822885699367,3607822885707417,3607822886089358,3607822886587809,0,12,96,1,model.layers.2.self_attn.compressor.state_cache
3607822886761280,3607822886765490,3607822887002391,3607822887419782,0,12,96,1,model.layers.2.self_attn.indexer.compressor.state_cache
3607822887725023,3607822887762553,3607822887979194,3607822888424165,0,12,96,1,model.layers.3.self_attn.compressor.state_cache
3607822941440398,3607822942096060,3607822942326521,3607822946026992,1,12,96,4,model.layers.2.self_attn.indexer.k_cache
3607822946288173,3607822946292133,3607822946538854,3607822947019175,0,12,96,4,model.layers.2.self_attn.attn
3607822947342526,3607822947346966,3607822947565947,3607822948192439,0,12,96,128,model.layers.3.self_attn.attn
3607822948515170,3607822948519880,3607822948737540,3607822949344902,0,12,96,1,model.layers.0.self_attn.swa_cache
3607822949670403,3607822949674863,3607822949887694,3607822950312055,0,12,96,1,model.layers.1.self_attn.swa_cache
3607822950627086,3607822950631416,3607822950843247,3607822951269968,0,12,96,1,model.layers.2.self_attn.compressor.state_cache
3607822951445859,3607822951450099,3607822951740510,3607822952235911,0,12,96,1,model.layers.2.self_attn.indexer.compressor.state_cache
3607822952595042,3607822952637772,3607822952882063,3607822953373565,0,12,96,1,model.layers.3.self_attn.compressor.state_cache
3607823007164340,3607823007819582,3607823008047343,3607823014549523,1,12,96,4,model.layers.2.self_attn.indexer.k_cache
3607823014825903,3607823014830333,3607823015074244,3607823015555986,0,12,96,4,model.layers.2.self_attn.attn
3607823015874807,3607823015879317,3607823016113997,3607823017235501,0,12,96,128,model.layers.3.self_attn.attn
3607823017819703,3607823017827983,3607823018228784,3607823019338927,0,12,96,1,model.layers.0.self_attn.swa_cache
3607823019919329,3607823019927819,3607823020344980,3607823021131763,0,12,96,1,model.layers.1.self_attn.swa_cache
3607823021702655,3607823021710905,3607823022107046,3607823022882078,0,12,96,1,model.layers.2.self_attn.compressor.state_cache
3607823023202599,3607823023209849,3607823023656641,3607823024390993,0,12,96,1,model.layers.2.self_attn.indexer.compressor.state_cache
3607823024700424,3607823024738724,3607823024951874,3607823025372156,0,12,96,1,model.layers.3.self_attn.compressor.state_cache
3607823078503929,3607823079188181,3607823079434352,3607823082375201,1,11,88,4,model.layers.2.self_attn.indexer.k_cache
3607823082640722,3607823082645172,3607823082889282,3607823083365244,0,11,88,4,model.layers.2.self_attn.attn
3607823083686045,3607823083690565,3607823083910956,3607823084654068,0,11,88,128,model.layers.3.self_attn.attn
3607823084977599,3607823084982549,3607823085197870,3607823085896042,0,11,88,1,model.layers.0.self_attn.swa_cache
3607823086213563,3607823086218413,3607823086432153,3607823086855035,0,11,88,1,model.layers.1.self_attn.swa_cache
3607823087163826,3607823087168646,3607823087386056,3607823087812188,0,11,88,1,model.layers.2.self_attn.compressor.state_cache
3607823087986248,3607823087990498,3607823088240139,3607823088659900,0,11,88,1,model.layers.2.self_attn.indexer.compressor.state_cache
3607823088968031,3607823089005321,3607823089219082,3607823089640643,0,11,88,1,model.layers.3.self_attn.compressor.state_cache
3607823143226458,3607823143882070,3607823144139521,3607823147771702,1,11,88,4,model.layers.2.self_attn.indexer.k_cache
3607823148085363,3607823148089793,3607823148358444,3607823148883785,0,11,88,4,model.layers.2.self_attn.attn
3607823149234496,3607823149239566,3607823149472497,3607823150242969,0,11,88,128,model.layers.3.self_attn.attn
3607823150596920,3607823150602061,3607823150836711,3607823151604444,0,11,88,1,model.layers.0.self_attn.swa_cache
3607823151949775,3607823151955005,3607823152205445,3607823152661637,0,11,88,1,model.layers.1.self_attn.swa_cache
3607823153009608,3607823153014528,3607823153248429,3607823153712780,0,11,88,1,model.layers.2.self_attn.compressor.state_cache
3607823153903951,3607823153908331,3607823154168751,3607823154626283,0,11,88,1,model.layers.2.self_attn.indexer.compressor.state_cache
3607823154992234,3607823155032964,3607823155245595,3607823155669486,0,11,88,1,model.layers.3.self_attn.compressor.state_cache
3607823208593169,3607823209242351,3607823209449801,3607823214974338,1,11,88,4,model.layers.2.self_attn.indexer.k_cache
3607823215236089,3607823215240389,3607823215485320,3607823215965481,0,11,88,4,model.layers.2.self_attn.attn
3607823216308712,3607823216313392,3607823216529923,3607823217253025,0,11,88,128,model.layers.3.self_attn.attn
3607823217575726,3607823217580446,3607823217792427,3607823218496509,0,11,88,1,model.layers.0.self_attn.swa_cache
3607823218816310,3607823218821020,3607823219036571,3607823219529952,0,11,88,1,model.layers.1.self_attn.swa_cache
3607823219974804,3607823219981584,3607823220306915,3607823220928007,0,11,88,1,model.layers.2.self_attn.compressor.state_cache
3607823221183107,3607823221189177,3607823221534168,3607823222149720,0,11,88,1,model.layers.2.self_attn.indexer.compressor.state_cache
3607823222592362,3607823222649592,3607823222961323,3607823223559535,0,11,88,1,model.layers.3.self_attn.compressor.state_cache
3607823277555080,3607823278215923,3607823278469803,3607823282217995,1,11,88,4,model.layers.2.self_attn.indexer.k_cache
3607823282512716,3607823282516736,3607823282762526,3607823283251738,0,11,88,4,model.layers.2.self_attn.attn
3607823283576289,3607823283581209,3607823283798580,3607823284655582,0,11,88,128,model.layers.3.self_attn.attn
3607823285017443,3607823285022663,3607823285258394,3607823286033417,0,11,88,1,model.layers.0.self_attn.swa_cache
3607823286382848,3607823286387798,3607823286623478,3607823287095840,0,11,88,1,model.layers.1.self_attn.swa_cache
3607823287444291,3607823287449451,3607823287684162,3607823288167913,0,11,88,1,model.layers.2.self_attn.compressor.state_cache
3607823288365524,3607823288370184,3607823288633855,3607823289104426,0,11,88,1,model.layers.2.self_attn.indexer.compressor.state_cache
3607823289449697,3607823289490107,3607823289723558,3607823290189719,0,11,88,1,model.layers.3.self_attn.compressor.state_cache
3607823343154732,3607823343810954,3607823344067125,3607823347667286,1,11,88,4,model.layers.2.self_attn.indexer.k_cache
3607823347930737,3607823347934807,3607823348209468,3607823348692099,0,11,88,4,model.layers.2.self_attn.attn
3607823349083110,3607823349088280,3607823349330341,3607823350125083,0,11,88,128,model.layers.3.self_attn.attn
3607823350519455,3607823350524685,3607823350764415,3607823351574018,0,11,88,1,model.layers.0.self_attn.swa_cache
3607823351930089,3607823351934999,3607823352188100,3607823352663941,0,11,88,1,model.layers.1.self_attn.swa_cache
3607823353008762,3607823353013902,3607823353249313,3607823353709854,0,11,88,1,model.layers.2.self_attn.compressor.state_cache
3607823353908715,3607823353913095,3607823354177956,3607823354644947,0,11,88,1,model.layers.2.self_attn.indexer.compressor.state_cache
3607823354997788,3607823355038429,3607823355280299,3607823355740171,0,11,88,1,model.layers.3.self_attn.compressor.state_cache
3607823422638976,3607823423078448,3607823423319568,3607823425184614,1,10,4256,4,model.layers.2.self_attn.indexer.k_cache
3607823425500645,3607823425504805,3607823425748076,3607823426228517,0,10,4256,4,model.layers.2.self_attn.attn
3607823426548398,3607823426552898,3607823426769379,3607823427375131,0,10,4256,128,model.layers.3.self_attn.attn
3607823427692462,3607823427697052,3607823427911582,3607823428532184,0,10,4256,1,model.layers.0.self_attn.swa_cache
3607823428847225,3607823428851765,3607823429066186,3607823429488077,0,10,4256,1,model.layers.1.self_attn.swa_cache
3607823429798738,3607823429804318,3607823430017759,3607823430442030,0,10,4256,1,model.layers.2.self_attn.compressor.state_cache
3607823430618801,3607823430622951,3607823430863061,3607823431284093,0,10,4256,1,model.layers.2.self_attn.indexer.compressor.state_cache
3607823431589004,3607823431631584,3607823431844174,3607823432284076,0,10,4256,1,model.layers.3.self_attn.compressor.state_cache
3607823848242624,3607823848913176,3607823849126116,3607823863717071,1,9,72,4,model.layers.2.self_attn.indexer.k_cache
3607823864378683,3607823864389173,3607823864990215,3607823866208199,0,9,72,4,model.layers.2.self_attn.attn
3607823867003841,3607823867015841,3607823867539433,3607823868809207,0,9,72,128,model.layers.3.self_attn.attn
3607823869212568,3607823869218628,3607823869474709,3607823870317781,0,9,72,1,model.layers.0.self_attn.swa_cache
3607823870698243,3607823870704203,3607823870961103,3607823871477895,0,9,72,1,model.layers.1.self_attn.swa_cache
3607823871853516,3607823871859336,3607823872123967,3607823872643239,0,9,72,1,model.layers.2.self_attn.compressor.state_cache
3607823872860929,3607823872866129,3607823873143060,3607823873659952,0,9,72,1,model.layers.2.self_attn.indexer.compressor.state_cache
3607823874031933,3607823874090643,3607823874352804,3607823874878125,0,9,72,1,model.layers.3.self_attn.compressor.state_cache
3607823944142098,3607823944574420,3607823944805890,3607823946952427,1,10,8096,4,model.layers.2.self_attn.indexer.k_cache
3607823947262808,3607823947267778,3607823947516229,3607823947995320,0,10,8096,4,model.layers.2.self_attn.attn
3607823948339951,3607823948344751,3607823948561542,3607823949269734,0,10,8096,128,model.layers.3.self_attn.attn
3607823949593985,3607823949598705,3607823949824236,3607823950523238,0,10,8096,1,model.layers.0.self_attn.swa_cache
3607823950838219,3607823950842819,3607823951058370,3607823951486201,0,10,8096,1,model.layers.1.self_attn.swa_cache
3607823951790812,3607823951795532,3607823952020302,3607823952451724,0,10,8096,1,model.layers.2.self_attn.compressor.state_cache
3607823952624864,3607823952629324,3607823952864155,3607823953286496,0,10,8096,1,model.layers.2.self_attn.indexer.compressor.state_cache
3607823953585747,3607823953632117,3607823953845188,3607823954257339,0,10,8096,1,model.layers.3.self_attn.compressor.state_cache
3607824422438998,3607824423035010,3607824423455391,3607824425488677,1,11,4584,4,model.layers.2.self_attn.indexer.k_cache
3607824425793488,3607824425797818,3607824426046899,3607824426528950,0,11,4584,4,model.layers.2.self_attn.attn
3607824426846371,3607824426851111,3607824427064802,3607824427807894,0,11,4584,128,model.layers.3.self_attn.attn
3607824428139215,3607824428144205,3607824428361156,3607824429068488,0,11,4584,1,model.layers.0.self_attn.swa_cache
3607824429379959,3607824429384659,3607824429601910,3607824430024321,0,11,4584,1,model.layers.1.self_attn.swa_cache
3607824430365172,3607824430370232,3607824430688863,3607824431099634,0,11,4584,1,model.layers.2.self_attn.compressor.state_cache
3607824431272995,3607824431276965,3607824431515576,3607824431938477,0,11,4584,1,model.layers.2.self_attn.indexer.compressor.state_cache
3607824432251528,3607824432303168,3607824432629579,3607824433062340,0,11,4584,1,model.layers.3.self_attn.compressor.state_cache
3607824868309608,3607824868716039,3607824868936939,3607824870695095,1,12,4272,4,model.layers.2.self_attn.indexer.k_cache
3607824871049696,3607824871054246,3607824871304557,3607824871797118,0,12,4272,4,model.layers.2.self_attn.attn
3607824872138139,3607824872142849,3607824872363090,3607824872969512,0,12,4272,128,model.layers.3.self_attn.attn
3607824873285003,3607824873289643,3607824873501203,3607824874094095,0,12,4272,1,model.layers.0.self_attn.swa_cache
3607824874403476,3607824874408076,3607824874619107,3607824875036098,0,12,4272,1,model.layers.1.self_attn.swa_cache
3607824875343179,3607824875347879,3607824875563060,3607824875986121,0,12,4272,1,model.layers.2.self_attn.compressor.state_cache
3607824876169132,3607824876173292,3607824876414982,3607824876835734,0,12,4272,1,model.layers.2.self_attn.indexer.compressor.state_cache
3607824877137265,3607824877186755,3607824877405615,3607824877828707,0,12,4272,1,model.layers.3.self_attn.compressor.state_cache
3607825294759938,3607825295414190,3607825295626710,3607825307331936,1,11,88,4,model.layers.2.self_attn.indexer.k_cache
3607825307944008,3607825307955178,3607825308587850,3607825309804124,0,11,88,4,model.layers.2.self_attn.attn
3607825310600176,3607825310612536,3607825311146518,3607825312978354,0,11,88,128,model.layers.3.self_attn.attn
3607825313472085,3607825313476665,3607825313682696,3607825314360478,0,11,88,1,model.layers.0.self_attn.swa_cache
3607825314668409,3607825314673199,3607825314876640,3607825315286831,0,11,88,1,model.layers.1.self_attn.swa_cache
3607825315592462,3607825315597052,3607825315801792,3607825316241134,0,11,88,1,model.layers.2.self_attn.compressor.state_cache
3607825316415784,3607825316419804,3607825316641325,3607825317045266,0,11,88,1,model.layers.2.self_attn.indexer.compressor.state_cache
3607825317340657,3607825317387177,3607825317589398,3607825318000219,0,11,88,1,model.layers.3.self_attn.compressor.state_cache
3607825381655505,3607825382091126,3607825382327817,3607825384470993,1,11,4264,4,model.layers.2.self_attn.indexer.k_cache
3607825384775744,3607825384780204,3607825385028135,3607825385521627,0,11,4264,4,model.layers.2.self_attn.attn
3607825385842648,3607825385847598,3607825386069648,3607825386793090,0,11,4264,128,model.layers.3.self_attn.attn
3607825387112831,3607825387117931,3607825387341412,3607825388061694,0,11,4264,1,model.layers.0.self_attn.swa_cache
3607825388381595,3607825388386575,3607825388602216,3607825389031157,0,11,4264,1,model.layers.1.self_attn.swa_cache
3607825389340898,3607825389345388,3607825389557859,3607825389980050,0,11,4264,1,model.layers.2.self_attn.compressor.state_cache
3607825390153231,3607825390157191,3607825390394432,3607825390849803,0,11,4264,1,model.layers.2.self_attn.indexer.compressor.state_cache
3607825391153104,3607825391197004,3607825391410215,3607825391832936,0,11,4264,1,model.layers.3.self_attn.compressor.state_cache
3607825816256860,3607825816908982,3607825817118823,3607825828842679,1,11,88,4,model.layers.2.self_attn.indexer.k_cache
3607825829382040,3607825829390980,3607825829895432,3607825830890735,0,11,88,4,model.layers.2.self_attn.attn
3607825831541227,3607825831551147,3607825832023858,3607825833140892,0,11,88,128,model.layers.3.self_attn.attn
3607825833631363,3607825833639273,3607825833966074,3607825835044408,0,11,88,1,model.layers.0.self_attn.swa_cache
3607825835522679,3607825835529929,3607825835860460,3607825836524982,0,11,88,1,model.layers.1.self_attn.swa_cache
3607825836995304,3607825837002404,3607825837326145,3607825837967517,0,11,88,1,model.layers.2.self_attn.compressor.state_cache
3607825838232287,3607825838238898,3607825838596209,3607825839224621,0,11,88,1,model.layers.2.self_attn.indexer.compressor.state_cache
3607825839732042,3607825839802922,3607825840120663,3607825840541755,0,11,88,1,model.layers.3.self_attn.compressor.state_cache
3607825904017070,3607825904467321,3607825904723532,3607825906600688,1,11,4264,4,model.layers.2.self_attn.indexer.k_cache
3607825906915949,3607825906920229,3607825907168309,3607825907640611,0,11,4264,4,model.layers.2.self_attn.attn
3607825907956482,3607825907961592,3607825908191662,3607825908810764,0,11,4264,128,model.layers.3.self_attn.attn
3607825909130865,3607825909135415,3607825909354866,3607825909961468,0,11,4264,1,model.layers.0.self_attn.swa_cache
3607825910274779,3607825910279509,3607825910497560,3607825910924111,0,11,4264,1,model.layers.1.self_attn.swa_cache
3607825911229842,3607825911234432,3607825911449892,3607825911874174,0,11,4264,1,model.layers.2.self_attn.compressor.state_cache
3607825912059364,3607825912063654,3607825912304255,3607825912728536,0,11,4264,1,model.layers.2.self_attn.indexer.compressor.state_cache
3607825913033427,3607825913078967,3607825913299578,3607825913712449,0,11,4264,1,model.layers.3.self_attn.compressor.state_cache
3607826324400761,3607826325047873,3607826325256154,3607826332786167,1,11,88,4,model.layers.2.self_attn.indexer.k_cache
3607826333104128,3607826333108378,3607826333351349,3607826334096641,0,11,88,4,model.layers.2.self_attn.attn
3607826334741773,3607826334751843,3607826335193894,3607826336684789,0,11,88,128,model.layers.3.self_attn.attn
3607826337344261,3607826337354301,3607826337808012,3607826339258747,0,11,88,1,model.layers.0.self_attn.swa_cache
3607826339896939,3607826339906889,3607826340384530,3607826341266283,0,11,88,1,model.layers.1.self_attn.swa_cache
3607826341907585,3607826341912265,3607826342125696,3607826342541767,0,11,88,1,model.layers.2.self_attn.compressor.state_cache
3607826342713038,3607826342717358,3607826342951168,3607826343370050,0,11,88,1,model.layers.2.self_attn.indexer.compressor.state_cache
3607826343674260,3607826343719191,3607826343929641,3607826344357043,0,11,88,1,model.layers.3.self_attn.compressor.state_cache
3607826402058480,3607826402535491,3607826402798722,3607826404602028,1,12,4272,4,model.layers.2.self_attn.indexer.k_cache
3607826404890019,3607826404893979,3607826405142169,3607826405608681,0,12,4272,4,model.layers.2.self_attn.attn
3607826405920492,3607826405925202,3607826406141982,3607826406743704,0,12,4272,128,model.layers.3.self_attn.attn
3607826407052475,3607826407057545,3607826407277806,3607826407873378,0,12,4272,1,model.layers.0.self_attn.swa_cache
3607826408197389,3607826408202259,3607826408419539,3607826408831601,0,12,4272,1,model.layers.1.self_attn.swa_cache
3607826409134692,3607826409139162,3607826409353012,3607826409774284,0,12,4272,1,model.layers.2.self_attn.compressor.state_cache
3607826409943374,3607826409947654,3607826410184455,3607826410592166,0,12,4272,1,model.layers.2.self_attn.indexer.compressor.state_cache
3607826410889637,3607826410932257,3607826411146028,3607826411555229,0,12,4272,1,model.layers.3.self_attn.compressor.state_cache
3607826828801021,3607826829460323,3607826829674064,3607826839072413,1,12,96,4,model.layers.2.self_attn.indexer.k_cache
3607826839492344,3607826839498624,3607826839856965,3607826840590167,0,12,96,4,model.layers.2.self_attn.attn
3607826841046719,3607826841053569,3607826841365270,3607826842251772,0,12,96,128,model.layers.3.self_attn.attn
3607826842699884,3607826842706274,3607826843027725,3607826843914448,0,12,96,1,model.layers.0.self_attn.swa_cache
3607826844356899,3607826844362739,3607826844634260,3607826845156441,0,12,96,1,model.layers.1.self_attn.swa_cache
3607826845531363,3607826845537253,3607826845804023,3607826846328425,0,12,96,1,model.layers.2.self_attn.compressor.state_cache
3607826846536406,3607826846541186,3607826846831596,3607826847350548,0,12,96,1,model.layers.2.self_attn.indexer.compressor.state_cache
3607826847715319,3607826847772689,3607826848047980,3607826848576272,0,12,96,1,model.layers.3.self_attn.compressor.state_cache
3607826903364710,3607826903990702,3607826904207213,3607826911262044,1,12,96,4,model.layers.2.self_attn.indexer.k_cache
3607826911634186,3607826911640286,3607826912020287,3607826912763909,0,12,96,4,model.layers.2.self_attn.attn
3607826913292411,3607826913300071,3607826913631612,3607826914548395,0,12,96,128,model.layers.3.self_attn.attn
3607826915004126,3607826915010586,3607826915326107,3607826916236610,0,12,96,1,model.layers.0.self_attn.swa_cache
3607826916690751,3607826916697801,3607826917010022,3607826917554814,0,12,96,1,model.layers.1.self_attn.swa_cache
3607826917913295,3607826917918695,3607826918163906,3607826918651537,0,12,96,1,model.layers.2.self_attn.compressor.state_cache
3607826918849158,3607826918853948,3607826919130059,3607826919627200,0,12,96,1,model.layers.2.self_attn.indexer.compressor.state_cache
3607826919985631,3607826920042171,3607826920298482,3607826920798224,0,12,96,1,model.layers.3.self_attn.compressor.state_cache
3607826974266418,3607826974934460,3607826975205001,3607826978733272,1,11,88,4,model.layers.2.self_attn.indexer.k_cache
3607826979007543,3607826979012183,3607826979254803,3607826979727925,0,11,88,4,model.layers.2.self_attn.attn
3607826980058066,3607826980062876,3607826980272177,3607826980982409,0,11,88,128,model.layers.3.self_attn.attn
3607826981296080,3607826981300400,3607826981510860,3607826982201182,0,11,88,1,model.layers.0.self_attn.swa_cache
3607826982507523,3607826982512183,3607826982723494,3607826983138985,0,11,88,1,model.layers.1.self_attn.swa_cache
3607826983440566,3607826983445176,3607826983658607,3607826984089888,0,11,88,1,model.layers.2.self_attn.compressor.state_cache
3607826984263309,3607826984267479,3607826984498520,3607826984913721,0,11,88,1,model.layers.2.self_attn.indexer.compressor.state_cache
3607826985212032,3607826985252272,3607826985460172,3607826985875484,0,11,88,1,model.layers.3.self_attn.compressor.state_cache
3607827039593249,3607827040329321,3607827040564912,3607827042903229,1,10,80,4,model.layers.2.self_attn.indexer.k_cache
3607827043194860,3607827043198930,3607827043437801,3607827043911622,0,10,80,4,model.layers.2.self_attn.attn
3607827044241633,3607827044246073,3607827044453854,3607827045142906,0,10,80,128,model.layers.3.self_attn.attn
3607827045453317,3607827045458297,3607827045668807,3607827046356660,0,10,80,1,model.layers.0.self_attn.swa_cache
3607827046663611,3607827046668141,3607827046880731,3607827047299682,0,10,80,1,model.layers.1.self_attn.swa_cache
3607827047606203,3607827047610803,3607827047820554,3607827048254345,0,10,80,1,model.layers.2.self_attn.compressor.state_cache
3607827048426986,3607827048431296,3607827048663287,3607827049080508,0,10,80,1,model.layers.2.self_attn.indexer.compressor.state_cache
3607827049381199,3607827049419439,3607827049624190,3607827050048931,0,10,80,1,model.layers.3.self_attn.compressor.state_cache
3607827103709976,3607827104363838,3607827104607559,3607827110712467,1,10,80,4,model.layers.2.self_attn.indexer.k_cache
3607827110983888,3607827110987998,3607827111232989,3607827111706570,0,10,80,4,model.layers.2.self_attn.attn
3607827112033321,3607827112037721,3607827112255772,3607827113154525,0,10,80,128,model.layers.3.self_attn.attn
3607827113652246,3607827113659476,3607827113996547,3607827115089921,0,10,80,1,model.layers.0.self_attn.swa_cache
3607827115575992,3607827115583002,3607827115918903,3607827116601475,0,10,80,1,model.layers.1.self_attn.swa_cache
3607827117077327,3607827117084727,3607827117419608,3607827118073990,0,10,80,1,model.layers.2.self_attn.compressor.state_cache
3607827118343951,3607827118350161,3607827118710392,3607827119360144,0,10,80,1,model.layers.2.self_attn.indexer.compressor.state_cache
3607827119830265,3607827119887916,3607827120239117,3607827120921129,0,10,80,1,model.layers.3.self_attn.compressor.state_cache
3607827172417307,3607827173063799,3607827173269030,3607827177300542,1,10,80,4,model.layers.2.self_attn.indexer.k_cache
3607827177556913,3607827177561153,3607827177899154,3607827178462276,0,10,80,4,model.layers.2.self_attn.attn
3607827178824357,3607827178829667,3607827179076977,3607827179901490,0,10,80,128,model.layers.3.self_attn.attn
3607827180272511,3607827180278361,3607827180522502,3607827181317734,0,10,80,1,model.layers.0.self_attn.swa_cache
3607827181713076,3607827181718446,3607827181959126,3607827182442978,0,10,80,1,model.layers.1.self_attn.swa_cache
3607827182792089,3607827182797139,3607827183038110,3607827183512801,0,10,80,1,model.layers.2.self_attn.compressor.state_cache
3607827183710202,3607827183714872,3607827183979072,3607827184487184,0,10,80,1,model.layers.2.self_attn.indexer.compressor.state_cache
3607827184838735,3607827184881105,3607827185125836,3607827185596667,0,10,80,1,model.layers.3.self_attn.compressor.state_cache
3607827248977492,3607827249420694,3607827249661154,3607827251503600,1,10,4256,4,model.layers.2.self_attn.indexer.k_cache
3607827251824561,3607827251828501,3607827252093062,3607827252561223,0,10,4256,4,model.layers.2.self_attn.attn
3607827252871894,3607827252876654,3607827253091615,3607827253705607,0,10,4256,128,model.layers.3.self_attn.attn
3607827254016838,3607827254021698,3607827254234168,3607827254824900,0,10,4256,1,model.layers.0.self_attn.swa_cache
3607827255124111,3607827255128881,3607827255338152,3607827255751023,0,10,4256,1,model.layers.1.self_attn.swa_cache
3607827256065714,3607827256069884,3607827256279985,3607827256693436,0,10,4256,1,model.layers.2.self_attn.compressor.state_cache
3607827256861776,3607827256865666,3607827257097987,3607827257505108,0,10,4256,1,model.layers.2.self_attn.indexer.compressor.state_cache
3607827257802089,3607827257847039,3607827258057520,3607827258468581,0,10,4256,1,model.layers.3.self_attn.compressor.state_cache
3607827670955319,3607827671366380,3607827671591931,3607827673395906,1,11,4264,4,model.layers.2.self_attn.indexer.k_cache
3607827673698537,3607827673702687,3607827673946638,3607827674428639,0,11,4264,4,model.layers.2.self_attn.attn
3607827674739570,3607827674744430,3607827674960141,3607827675552573,0,11,4264,128,model.layers.3.self_attn.attn
3607827675867574,3607827675872344,3607827676106365,3607827676714827,0,11,4264,1,model.layers.0.self_attn.swa_cache
3607827677032057,3607827677036528,3607827677253468,3607827677680639,0,11,4264,1,model.layers.1.self_attn.swa_cache
3607827677983240,3607827677987630,3607827678200371,3607827678614992,0,11,4264,1,model.layers.2.self_attn.compressor.state_cache
3607827678787433,3607827678791443,3607827679025994,3607827679441055,0,11,4264,1,model.layers.2.self_attn.indexer.compressor.state_cache
3607827679741086,3607827679787756,3607827680010277,3607827680438798,0,11,4264,1,model.layers.3.self_attn.compressor.state_cache
3607828099079064,3607828099500636,3607828099735846,3607828101594762,1,12,4272,4,model.layers.2.self_attn.indexer.k_cache
3607828101920463,3607828101924753,3607828102172694,3607828102654365,0,12,4272,4,model.layers.2.self_attn.attn
3607828102983646,3607828102988676,3607828103209267,3607828103826099,0,12,4272,128,model.layers.3.self_attn.attn
3607828104155600,3607828104160170,3607828104386891,3607828104996743,0,12,4272,1,model.layers.0.self_attn.swa_cache
3607828105310034,3607828105314944,3607828105531694,3607828105952116,0,12,4272,1,model.layers.1.self_attn.swa_cache
3607828106260246,3607828106264956,3607828106483157,3607828106916508,0,12,4272,1,model.layers.2.self_attn.compressor.state_cache
3607828107089569,3607828107093879,3607828107339560,3607828107772271,0,12,4272,1,model.layers.2.self_attn.indexer.compressor.state_cache
3607828108093152,3607828108147682,3607828108384053,3607828108815794,0,12,4272,1,model.layers.3.self_attn.compressor.state_cache
3607828522813717,3607828523473599,3607828523685479,3607828559650660,1,11,88,4,model.layers.2.self_attn.indexer.k_cache
3607828560330702,3607828560342452,3607828560984584,3607828562248168,0,11,88,4,model.layers.2.self_attn.attn
3607828563058490,3607828563070480,3607828563627982,3607828564780095,0,11,88,128,model.layers.3.self_attn.attn
3607828565162697,3607828565168717,3607828565431777,3607828566156160,0,11,88,1,model.layers.0.self_attn.swa_cache
3607828566528901,3607828566534761,3607828566796132,3607828567309493,0,11,88,1,model.layers.1.self_attn.swa_cache
3607828567681534,3607828567687344,3607828567951785,3607828568490827,0,11,88,1,model.layers.2.self_attn.compressor.state_cache
3607828568736538,3607828568741708,3607828569035719,3607828569541710,0,11,88,1,model.layers.2.self_attn.indexer.compressor.state_cache
3607828569912841,3607828569973351,3607828570232902,3607828570748354,0,11,88,1,model.layers.3.self_attn.compressor.state_cache
3607828628969703,3607828629696045,3607828629951006,3607828632774034,1,11,88,4,model.layers.2.self_attn.indexer.k_cache
3607828633047775,3607828633051625,3607828633295206,3607828633780858,0,11,88,4,model.layers.2.self_attn.attn
3607828634101179,3607828634105569,3607828634323299,3607828634943181,0,11,88,128,model.layers.3.self_attn.attn
3607828635260142,3607828635264802,3607828635480583,3607828636093685,0,11,88,1,model.layers.0.self_attn.swa_cache
3607828636408436,3607828636413006,3607828636627226,3607828637050408,0,11,88,1,model.layers.1.self_attn.swa_cache
3607828637359909,3607828637364079,3607828637577699,3607828638038321,0,11,88,1,model.layers.2.self_attn.compressor.state_cache
3607828638216881,3607828638221471,3607828638469472,3607828638909443,0,11,88,1,model.layers.2.self_attn.indexer.compressor.state_cache
3607828639229954,3607828639271734,3607828639500245,3607828639941536,0,11,88,1,model.layers.3.self_attn.compressor.state_cache
3607828692614078,3607828693259080,3607828693471251,3607828698839907,1,11,88,4,model.layers.2.self_attn.indexer.k_cache
3607828699102478,3607828699107068,3607828699356679,3607828699848201,0,11,88,4,model.layers.2.self_attn.attn
3607828700190852,3607828700195512,3607828700411132,3607828701123044,0,11,88,128,model.layers.3.self_attn.attn
3607828701443075,3607828701447545,3607828701662696,3607828702357368,0,11,88,1,model.layers.0.self_attn.swa_cache
3607828702768970,3607828702775840,3607828703084071,3607828703694972,0,11,88,1,model.layers.1.self_attn.swa_cache
3607828704156414,3607828704163154,3607828704468625,3607828705064827,0,11,88,1,model.layers.2.self_attn.compressor.state_cache
3607828705321057,3607828705327157,3607828705668558,3607828706273780,0,11,88,1,model.layers.2.self_attn.indexer.compressor.state_cache
3607828706713332,3607828706766282,3607828707079733,3607828707688435,0,11,88,1,model.layers.3.self_attn.compressor.state_cache
3607828762258292,3607828762901074,3607828763108985,3607828769757295,1,11,88,4,model.layers.2.self_attn.indexer.k_cache
3607828770075166,3607828770080946,3607828770410977,3607828771076889,0,11,88,4,model.layers.2.self_attn.attn
3607828771507331,3607828771513381,3607828771806722,3607828772671734,0,11,88,128,model.layers.3.self_attn.attn
3607828773112576,3607828773118896,3607828773410607,3607828774242309,0,11,88,1,model.layers.0.self_attn.swa_cache
3607828774671771,3607828774677941,3607828774970441,3607828775552053,0,11,88,1,model.layers.1.self_attn.swa_cache
3607828775925124,3607828775931014,3607828776204285,3607828776712757,0,11,88,1,model.layers.2.self_attn.compressor.state_cache
3607828776925007,3607828776930167,3607828777214368,3607828777724390,0,11,88,1,model.layers.2.self_attn.indexer.compressor.state_cache
3607828778092081,3607828778136741,3607828778399302,3607828778907804,0,11,88,1,model.layers.3.self_attn.compressor.state_cache
3607828831816456,3607828832478338,3607828832688979,3607828837496724,1,11,88,4,model.layers.2.self_attn.indexer.k_cache
3607828837746794,3607828837751184,3607828838002385,3607828838484517,0,11,88,4,model.layers.2.self_attn.attn
3607828838806078,3607828838810878,3607828839026798,3607828839731400,0,11,88,128,model.layers.3.self_attn.attn
3607828840202552,3607828840208822,3607828840486473,3607828841376375,0,11,88,1,model.layers.0.self_attn.swa_cache
3607828841785767,3607828841791437,3607828842066818,3607828842610829,0,11,88,1,model.layers.1.self_attn.swa_cache
3607828843004950,3607828843010621,3607828843281421,3607828843807793,0,11,88,1,model.layers.2.self_attn.compressor.state_cache
3607828844042954,3607828844048414,3607828844351635,3607828844877546,0,11,88,1,model.layers.2.self_attn.indexer.compressor.state_cache
3607828845267977,3607828845314938,3607828845579968,3607828846102600,0,11,88,1,model.layers.3.self_attn.compressor.state_cache
3607828898568741,3607828899212743,3607828899423774,3607828903831037,1,11,88,4,model.layers.2.self_attn.indexer.k_cache
3607828904129838,3607828904134148,3607828904383159,3607828904885951,0,11,88,4,model.layers.2.self_attn.attn
3607828905226702,3607828905231882,3607828905453492,3607828906206255,0,11,88,128,model.layers.3.self_attn.attn
3607828906602576,3607828906608286,3607828906882067,3607828907644569,0,11,88,1,model.layers.0.self_attn.swa_cache
3607828908077790,3607828908083961,3607828908356411,3607828908889903,0,11,88,1,model.layers.1.self_attn.swa_cache
3607828909283484,3607828909289274,3607828909553375,3607828910092257,0,11,88,1,model.layers.2.self_attn.compressor.state_cache
3607828910312577,3607828910317687,3607828910613188,3607828911138170,0,11,88,1,model.layers.2.self_attn.indexer.compressor.state_cache
3607828911526191,3607828911570601,3607828911837252,3607828912386054,0,11,88,1,model.layers.3.self_attn.compressor.state_cache
3607828965159766,3607828965804128,3607828966029019,3607828969643370,1,11,88,4,model.layers.2.self_attn.indexer.k_cache
3607828969890450,3607828969894730,3607828970139681,3607828970612293,0,11,88,4,model.layers.2.self_attn.attn
3607828970932924,3607828970937644,3607828971153644,3607828971935287,0,11,88,128,model.layers.3.self_attn.attn
3607828972333178,3607828972338488,3607828972595219,3607828973410591,0,11,88,1,model.layers.0.self_attn.swa_cache
3607828973774362,3607828973779902,3607828974025913,3607828974510665,0,11,88,1,model.layers.1.self_attn.swa_cache
3607828974872406,3607828974877566,3607828975124227,3607828975606438,0,11,88,1,model.layers.2.self_attn.compressor.state_cache
3607828975807319,3607828975812269,3607828976099060,3607828976582671,0,11,88,1,model.layers.2.self_attn.indexer.compressor.state_cache
3607828976938882,3607828976980602,3607828977224563,3607828977710484,0,11,88,1,model.layers.3.self_attn.compressor.state_cache
3607829030340626,3607829030988988,3607829031195719,3607829035811303,1,11,88,4,model.layers.2.self_attn.indexer.k_cache
3607829036129204,3607829036134754,3607829036443275,3607829037058427,0,11,88,4,model.layers.2.self_attn.attn
3607829037462668,3607829037468398,3607829037742749,3607829038643002,0,11,88,128,model.layers.3.self_attn.attn
3607829039047573,3607829039053503,3607829039324884,3607829040231997,0,11,88,1,model.layers.0.self_attn.swa_cache
3607829040631088,3607829040637228,3607829040907279,3607829041437820,0,11,88,1,model.layers.1.self_attn.swa_cache
3607829041831262,3607829041837182,3607829042105632,3607829042645944,0,11,88,1,model.layers.2.self_attn.compressor.state_cache
3607829042864715,3607829042870035,3607829043174396,3607829043693957,0,11,88,1,model.layers.2.self_attn.indexer.compressor.state_cache
3607829044188829,3607829044226889,3607829044454040,3607829044876601,0,11,88,1,model.layers.3.self_attn.compressor.state_cache
3607829096980181,3607829097607633,3607829097809984,3607829102391508,1,11,88,4,model.layers.2.self_attn.indexer.k_cache
3607829102667178,3607829102671998,3607829102931549,3607829103458641,0,11,88,4,model.layers.2.self_attn.attn
3607829103814342,3607829103819622,3607829104115973,3607829104793095,0,11,88,128,model.layers.3.self_attn.attn
3607829105144996,3607829105150556,3607829105380737,3607829106041049,0,11,88,1,model.layers.0.self_attn.swa_cache
3607829106389420,3607829106394850,3607829106627661,3607829107100272,0,11,88,1,model.layers.1.self_attn.swa_cache
3607829107438993,3607829107444173,3607829107675544,3607829108159145,0,11,88,1,model.layers.2.self_attn.compressor.state_cache
3607829108359206,3607829108363656,3607829108613197,3607829109105928,0,11,88,1,model.layers.2.self_attn.indexer.compressor.state_cache
3607829109431079,3607829109469179,3607829109690580,3607829110134591,0,11,88,1,model.layers.3.self_attn.compressor.state_cache
3607829161478449,3607829162104291,3607829162305332,3607829168970392,1,11,88,4,model.layers.2.self_attn.indexer.k_cache
3607829169264823,3607829169270263,3607829169557714,3607829170138766,0,11,88,4,model.layers.2.self_attn.attn
3607829170525037,3607829170530877,3607829170790988,3607829171528070,0,11,88,128,model.layers.3.self_attn.attn
3607829171955671,3607829171961691,3607829172231032,3607829172962094,0,11,88,1,model.layers.0.self_attn.swa_cache
3607829173355876,3607829173361566,3607829173655067,3607829174208318,0,11,88,1,model.layers.1.self_attn.swa_cache
3607829174613660,3607829174619540,3607829174893660,3607829175449882,0,11,88,1,model.layers.2.self_attn.compressor.state_cache
3607829175681213,3607829175686703,3607829175985264,3607829176564086,0,11,88,1,model.layers.2.self_attn.indexer.compressor.state_cache
3607829176970227,3607829177018307,3607829177294718,3607829177852680,0,11,88,1,model.layers.3.self_attn.compressor.state_cache
3607829229484208,3607829230102670,3607829230302201,3607829235236816,1,11,88,4,model.layers.2.self_attn.indexer.k_cache
3607829235480927,3607829235485047,3607829235711917,3607829236201749,0,11,88,4,model.layers.2.self_attn.attn
3607829236512600,3607829236517110,3607829236734510,3607829237324132,0,11,88,128,model.layers.3.self_attn.attn
3607829237633333,3607829237637893,3607829237846594,3607829238419716,0,11,88,1,model.layers.0.self_attn.swa_cache
3607829238725987,3607829238730527,3607829238934537,3607829239467529,0,11,88,1,model.layers.1.self_attn.swa_cache
3607829239875680,3607829239881940,3607829240175121,3607829240737803,0,11,88,1,model.layers.2.self_attn.compressor.state_cache
3607829240972193,3607829240977864,3607829241283854,3607829241846646,0,11,88,1,model.layers.2.self_attn.indexer.compressor.state_cache
3607829242245267,3607829242292088,3607829242573858,3607829243123950,0,11,88,1,model.layers.3.self_attn.compressor.state_cache
3607829295049620,3607829295670332,3607829295868002,3607829300856458,1,11,88,4,model.layers.2.self_attn.indexer.k_cache
3607829301099688,3607829301103808,3607829301333129,3607829301804450,0,11,88,4,model.layers.2.self_attn.attn
3607829302114571,3607829302118901,3607829302326322,3607829303019574,0,11,88,128,model.layers.3.self_attn.attn
3607829303329415,3607829303334185,3607829303538476,3607829304455689,0,11,88,1,model.layers.0.self_attn.swa_cache
3607829304876430,3607829304882710,3607829305162591,3607829305730593,0,11,88,1,model.layers.1.self_attn.swa_cache
3607829306145584,3607829306151704,3607829306439475,3607829307003816,0,11,88,1,model.layers.2.self_attn.compressor.state_cache
3607829307237427,3607829307242687,3607829307554718,3607829308139780,0,11,88,1,model.layers.2.self_attn.indexer.compressor.state_cache
3607829308550311,3607829308599251,3607829308879052,3607829309445414,0,11,88,1,model.layers.3.self_attn.compressor.state_cache
3607829362320156,3607829363000169,3607829363253919,3607829366279809,1,10,80,4,model.layers.2.self_attn.indexer.k_cache
3607829366540319,3607829366544549,3607829366776540,3607829367249162,0,10,80,4,model.layers.2.self_attn.attn
3607829367560853,3607829367565573,3607829367772893,3607829368510535,0,10,80,128,model.layers.3.self_attn.attn
3607829368824026,3607829368829066,3607829369035957,3607829369727639,0,10,80,1,model.layers.0.self_attn.swa_cache
3607829370037960,3607829370042490,3607829370247751,3607829370653742,0,10,80,1,model.layers.1.self_attn.swa_cache
3607829370953723,3607829370958093,3607829371166194,3607829371589845,0,10,80,1,model.layers.2.self_attn.compressor.state_cache
3607829371763245,3607829371767165,3607829371995736,3607829372418537,0,10,80,1,model.layers.2.self_attn.indexer.compressor.state_cache
3607829372724798,3607829372764789,3607829372968429,3607829373380680,0,10,80,1,model.layers.3.self_attn.compressor.state_cache
3607829424561478,3607829425189460,3607829425385400,3607829429631943,1,10,80,4,model.layers.2.self_attn.indexer.k_cache
3607829429869734,3607829429873954,3607829430104125,3607829430566506,0,10,80,4,model.layers.2.self_attn.attn
3607829430885037,3607829430889157,3607829431097318,3607829431801130,0,10,80,128,model.layers.3.self_attn.attn
3607829432130761,3607829432135651,3607829432342232,3607829433028574,0,10,80,1,model.layers.0.self_attn.swa_cache
3607829433466365,3607829433472595,3607829433742176,3607829434266658,0,10,80,1,model.layers.1.self_attn.swa_cache
3607829434655339,3607829434661019,3607829434923180,3607829435436911,0,10,80,1,model.layers.2.self_attn.compressor.state_cache
3607829435694172,3607829435699242,3607829435996313,3607829436540075,0,10,80,1,model.layers.2.self_attn.indexer.compressor.state_cache
3607829436923646,3607829436968056,3607829437233617,3607829437758128,0,10,80,1,model.layers.3.self_attn.compressor.state_cache
3607829489587138,3607829490212489,3607829490424900,3607829494060161,1,10,80,4,model.layers.2.self_attn.indexer.k_cache
3607829494296412,3607829494300782,3607829494534563,3607829494999984,0,10,80,4,model.layers.2.self_attn.attn
3607829495312585,3607829495317555,3607829495528316,3607829496246038,0,10,80,128,model.layers.3.self_attn.attn
3607829496562149,3607829496566979,3607829496771450,3607829497459842,0,10,80,1,model.layers.0.self_attn.swa_cache
3607829497774483,3607829497779193,3607829497986873,3607829498398125,0,10,80,1,model.layers.1.self_attn.swa_cache
3607829498704506,3607829498709076,3607829498914306,3607829499386338,0,10,80,1,model.layers.2.self_attn.compressor.state_cache
3607829499586608,3607829499591278,3607829499854949,3607829500353691,0,10,80,1,model.layers.2.self_attn.indexer.compressor.state_cache
3607829500707542,3607829500747572,3607829500985943,3607829501466684,0,10,80,1,model.layers.3.self_attn.compressor.state_cache
3607829553553524,3607829554179796,3607829554386187,3607829557698407,1,10,80,4,model.layers.2.self_attn.indexer.k_cache
3607829557941038,3607829557945168,3607829558176348,3607829558642680,0,10,80,4,model.layers.2.self_attn.attn
3607829558957601,3607829558962041,3607829559170711,3607829559761803,0,10,80,128,model.layers.3.self_attn.attn
3607829560097124,3607829560102004,3607829560310325,3607829560909237,0,10,80,1,model.layers.0.self_attn.swa_cache
3607829561224088,3607829561228468,3607829561437728,3607829561854850,0,10,80,1,model.layers.1.self_attn.swa_cache
3607829562164541,3607829562168931,3607829562378241,3607829562788502,0,10,80,1,model.layers.2.self_attn.compressor.state_cache
3607829562962303,3607829562966393,3607829563194154,3607829563606855,0,10,80,1,model.layers.2.self_attn.indexer.compressor.state_cache
3607829563910556,3607829563946136,3607829564294577,3607829564781699,0,10,80,1,model.layers.3.self_attn.compressor.state_cache
3607829616896259,3607829617534131,3607829617746061,3607829622740157,1,10,80,4,model.layers.2.self_attn.indexer.k_cache
3607829623058278,3607829623063568,3607829623369909,3607829623972771,0,10,80,4,model.layers.2.self_attn.attn
3607829624417832,3607829624424432,3607829624694373,3607829625599946,0,10,80,128,model.layers.3.self_attn.attn
3607829626017257,3607829626023437,3607829626296898,3607829627201790,0,10,80,1,model.layers.0.self_attn.swa_cache
3607829627608742,3607829627614812,3607829627884023,3607829628448274,0,10,80,1,model.layers.1.self_attn.swa_cache
3607829628852476,3607829628858026,3607829629128866,3607829629666948,0,10,80,1,model.layers.2.self_attn.compressor.state_cache
3607829629893239,3607829629898469,3607829630179000,3607829630592481,0,10,80,1,model.layers.2.self_attn.indexer.compressor.state_cache
3607829630899142,3607829630938592,3607829631144193,3607829631550294,0,10,80,1,model.layers.3.self_attn.compressor.state_cache
3607829683124682,3607829683767624,3607829683969785,3607829689142391,1,10,80,4,model.layers.2.self_attn.indexer.k_cache
3607829689447172,3607829689452102,3607829689739563,3607829690305394,0,10,80,4,model.layers.2.self_attn.attn
3607829690688346,3607829690693896,3607829690947546,3607829691791639,0,10,80,128,model.layers.3.self_attn.attn
3607829692190220,3607829692196030,3607829692451301,3607829693286854,0,10,80,1,model.layers.0.self_attn.swa_cache
3607829693668065,3607829693673705,3607829693923195,3607829694430397,0,10,80,1,model.layers.1.self_attn.swa_cache
3607829694800158,3607829694805638,3607829695059909,3607829695660821,0,10,80,1,model.layers.2.self_attn.compressor.state_cache
3607829695848591,3607829695853101,3607829696107432,3607829696547754,0,10,80,1,model.layers.2.self_attn.indexer.compressor.state_cache
3607829696876585,3607829696915215,3607829697137645,3607829697583537,0,10,80,1,model.layers.3.self_attn.compressor.state_cache
3607829749843667,3607829750503499,3607829750728660,3607829753785459,1,10,80,4,model.layers.2.self_attn.indexer.k_cache
3607829754040300,3607829754044530,3607829754278721,3607829754752122,0,10,80,4,model.layers.2.self_attn.attn
3607829755069643,3607829755074383,3607829755282894,3607829755976416,0,10,80,128,model.layers.3.self_attn.attn
3607829756315757,3607829756320277,3607829756531508,3607829757243000,0,10,80,1,model.layers.0.self_attn.swa_cache
3607829757559981,3607829757564571,3607829757775532,3607829758197143,0,10,80,1,model.layers.1.self_attn.swa_cache
3607829758511304,3607829758515924,3607829758722315,3607829759135586,0,10,80,1,model.layers.2.self_attn.compressor.state_cache
3607829759312606,3607829759316606,3607829759544307,3607829759964838,0,10,80,1,model.layers.2.self_attn.indexer.compressor.state_cache
3607829760340790,3607829760378670,3607829760595910,3607829761019352,0,10,80,1,model.layers.3.self_attn.compressor.state_cache
3607829813073122,3607829813706194,3607829813921924,3607829817595426,1,10,80,4,model.layers.2.self_attn.indexer.k_cache
3607829817864656,3607829817869546,3607829818140977,3607829818697599,0,10,80,4,model.layers.2.self_attn.attn
3607829819061620,3607829819066970,3607829819307221,3607829820145243,0,10,80,128,model.layers.3.self_attn.attn
3607829820520485,3607829820525825,3607829820763795,3607829821572998,0,10,80,1,model.layers.0.self_attn.swa_cache
3607829821937019,3607829821942509,3607829822185330,3607829822671731,0,10,80,1,model.layers.1.self_attn.swa_cache
3607829823026822,3607829823032312,3607829823276303,3607829823759035,0,10,80,1,model.layers.2.self_attn.compressor.state_cache
3607829823961435,3607829823965875,3607829824246156,3607829824730537,0,10,80,1,model.layers.2.self_attn.indexer.compressor.state_cache
3607829825102349,3607829825137669,3607829825344239,3607829825758781,0,10,80,1,model.layers.3.self_attn.compressor.state_cache
3607829878614973,3607829879326965,3607829879577336,3607829881927383,1,8,64,4,model.layers.2.self_attn.indexer.k_cache
3607829882211824,3607829882216274,3607829882453235,3607829882921726,0,8,64,4,model.layers.2.self_attn.attn
3607829883241497,3607829883246397,3607829883456158,3607829884185000,0,8,64,128,model.layers.3.self_attn.attn
3607829884508501,3607829884513731,3607829884725522,3607829885422504,0,8,64,1,model.layers.0.self_attn.swa_cache
3607829885737965,3607829885742835,3607829885949526,3607829886366097,0,8,64,1,model.layers.1.self_attn.swa_cache
3607829886677758,3607829886682408,3607829886888449,3607829887300670,0,8,64,1,model.layers.2.self_attn.compressor.state_cache
3607829887477300,3607829887481180,3607829887712751,3607829888142172,0,8,64,1,model.layers.2.self_attn.indexer.compressor.state_cache
3607829888447643,3607829888486233,3607829888695724,3607829889101265,0,8,64,1,model.layers.3.self_attn.compressor.state_cache
3607829941256796,3607829941938118,3607829942156428,3607829944501236,1,7,56,4,model.layers.2.self_attn.indexer.k_cache
3607829944768626,3607829944772846,3607829945015947,3607829945497379,0,7,56,4,model.layers.2.self_attn.attn
3607829945815620,3607829945820270,3607829946038220,3607829946769013,0,7,56,128,model.layers.3.self_attn.attn
3607829947094574,3607829947099484,3607829947313064,3607829948050477,0,7,56,1,model.layers.0.self_attn.swa_cache
3607829948373728,3607829948378168,3607829948594638,3607829949018439,0,7,56,1,model.layers.1.self_attn.swa_cache
3607829949335430,3607829949339960,3607829949558481,3607829949978972,0,7,56,1,model.layers.2.self_attn.compressor.state_cache
3607829950155363,3607829950159493,3607829950398894,3607829950827805,0,7,56,1,model.layers.2.self_attn.indexer.compressor.state_cache
3607829951138816,3607829951178446,3607829951393257,3607829951813088,0,7,56,1,model.layers.3.self_attn.compressor.state_cache
3607830005521553,3607830006189045,3607830006403056,3607830008762893,1,7,56,4,model.layers.2.self_attn.indexer.k_cache
3607830009033394,3607830009037434,3607830009282135,3607830009764676,0,7,56,4,model.layers.2.self_attn.attn
3607830010088807,3607830010093537,3607830010310388,3607830011031390,0,7,56,128,model.layers.3.self_attn.attn
3607830011390251,3607830011394911,3607830011609782,3607830012340174,0,7,56,1,model.layers.0.self_attn.swa_cache
3607830012659905,3607830012664745,3607830012881966,3607830013312087,0,7,56,1,model.layers.1.self_attn.swa_cache
3607830013624728,3607830013629468,3607830013840939,3607830014267530,0,7,56,1,model.layers.2.self_attn.compressor.state_cache
3607830014440231,3607830014444201,3607830014681821,3607830015102433,0,7,56,1,model.layers.2.self_attn.indexer.compressor.state_cache
3607830015413304,3607830015452604,3607830015667214,3607830016105636,0,7,56,1,model.layers.3.self_attn.compressor.state_cache
3607830068723497,3607830069382399,3607830069595540,3607830071893717,1,7,56,4,model.layers.2.self_attn.indexer.k_cache
3607830072161548,3607830072165878,3607830072415439,3607830072898410,0,7,56,4,model.layers.2.self_attn.attn
3607830073222881,3607830073227551,3607830073447082,3607830074179254,0,7,56,128,model.layers.3.self_attn.attn
3607830074501875,3607830074506555,3607830074720346,3607830075442958,0,7,56,1,model.layers.0.self_attn.swa_cache
3607830075763199,3607830075767949,3607830075981990,3607830076428341,0,7,56,1,model.layers.1.self_attn.swa_cache
3607830076743552,3607830076748102,3607830076957903,3607830077368754,0,7,56,1,model.layers.2.self_attn.compressor.state_cache
3607830077552835,3607830077557135,3607830077795175,3607830078208997,0,7,56,1,model.layers.2.self_attn.indexer.compressor.state_cache
3607830078518257,3607830078554178,3607830078770778,3607830079196680,0,7,56,1,model.layers.3.self_attn.compressor.state_cache
3607830131738811,3607830132436693,3607830132645174,3607830134937821,1,7,56,4,model.layers.2.self_attn.indexer.k_cache
3607830135187882,3607830135192102,3607830135438482,3607830135919354,0,7,56,4,model.layers.2.self_attn.attn
3607830136259465,3607830136264215,3607830136481896,3607830137204348,0,7,56,128,model.layers.3.self_attn.attn
3607830137521759,3607830137526479,3607830137740659,3607830138450852,0,7,56,1,model.layers.0.self_attn.swa_cache
3607830138764053,3607830138768653,3607830138984083,3607830139404485,0,7,56,1,model.layers.1.self_attn.swa_cache
3607830139714006,3607830139718756,3607830139931946,3607830140366138,0,7,56,1,model.layers.2.self_attn.compressor.state_cache
3607830140544668,3607830140549048,3607830140787319,3607830141218540,0,7,56,1,model.layers.2.self_attn.indexer.compressor.state_cache
3607830141526721,3607830141564251,3607830141778352,3607830142201253,0,7,56,1,model.layers.3.self_attn.compressor.state_cache
3607830194524954,3607830195177276,3607830195387787,3607830197698314,1,7,56,4,model.layers.2.self_attn.indexer.k_cache
3607830197943735,3607830197948145,3607830198192595,3607830198677037,0,7,56,4,model.layers.2.self_attn.attn
3607830198997948,3607830199002348,3607830199218138,3607830199943091,0,7,56,128,model.layers.3.self_attn.attn
3607830200283152,3607830200287852,3607830200504622,3607830201212855,0,7,56,1,model.layers.0.self_attn.swa_cache
3607830201540106,3607830201544906,3607830201767936,3607830202201368,0,7,56,1,model.layers.1.self_attn.swa_cache
3607830202514609,3607830202519199,3607830202734699,3607830203161691,0,7,56,1,model.layers.2.self_attn.compressor.state_cache
3607830203338711,3607830203343051,3607830203578332,3607830203996313,0,7,56,1,model.layers.2.self_attn.indexer.compressor.state_cache
3607830204318974,3607830204354574,3607830204568175,3607830204983806,0,7,56,1,model.layers.3.self_attn.compressor.state_cache
3607830258004649,3607830258816502,3607830259190903,3607830261776371,1,6,48,4,model.layers.2.self_attn.indexer.k_cache
3607830262028031,3607830262032301,3607830262273222,3607830262746224,0,6,48,4,model.layers.2.self_attn.attn
3607830263065955,3607830263070415,3607830263283935,3607830264028658,0,6,48,128,model.layers.3.self_attn.attn
3607830264353409,3607830264358149,3607830264575949,3607830265307562,0,6,48,1,model.layers.0.self_attn.swa_cache
3607830265624423,3607830265629053,3607830265843753,3607830266265964,0,6,48,1,model.layers.1.self_attn.swa_cache
3607830266578665,3607830266583245,3607830266901136,3607830267326958,0,6,48,1,model.layers.2.self_attn.compressor.state_cache
3607830267539388,3607830267543708,3607830267786949,3607830268228711,0,6,48,1,model.layers.2.self_attn.indexer.compressor.state_cache
3607830268543271,3607830268579832,3607830268903543,3607830269332564,0,6,48,1,model.layers.3.self_attn.compressor.state_cache
3607830391741700,3607830392403452,3607830392609203,3607830394887410,1,6,48,4,model.layers.2.self_attn.indexer.k_cache
3607830395162581,3607830395166901,3607830395405671,3607830395888823,0,6,48,4,model.layers.2.self_attn.attn
3607830396239274,3607830396243884,3607830396461975,3607830397195667,0,6,48,128,model.layers.3.self_attn.attn
3607830397518088,3607830397522548,3607830397738999,3607830398464031,0,6,48,1,model.layers.0.self_attn.swa_cache
3607830398781592,3607830398786552,3607830399002412,3607830399426934,0,6,48,1,model.layers.1.self_attn.swa_cache
3607830399737345,3607830399742245,3607830399957085,3607830400404627,0,6,48,1,model.layers.2.self_attn.compressor.state_cache
3607830400581377,3607830400585367,3607830400820508,3607830401246639,0,6,48,1,model.layers.2.self_attn.indexer.compressor.state_cache
3607830401556640,3607830401595530,3607830401808901,3607830402229462,0,6,48,1,model.layers.3.self_attn.compressor.state_cache
3607830454155972,3607830454799034,3607830455007355,3607830457322712,1,6,48,4,model.layers.2.self_attn.indexer.k_cache
3607830457564062,3607830457568212,3607830457813673,3607830458295725,0,6,48,4,model.layers.2.self_attn.attn
3607830458614996,3607830458619546,3607830458835406,3607830459551219,0,6,48,128,model.layers.3.self_attn.attn
3607830459872239,3607830459876740,3607830460100060,3607830460807282,0,6,48,1,model.layers.0.self_attn.swa_cache
3607830461123583,3607830461128283,3607830461339204,3607830461756105,0,6,48,1,model.layers.1.self_attn.swa_cache
3607830462069336,3607830462074136,3607830462286127,3607830462700008,0,6,48,1,model.layers.2.self_attn.compressor.state_cache
3607830462873569,3607830462877959,3607830463112879,3607830463530141,0,6,48,1,model.layers.2.self_attn.indexer.compressor.state_cache
3607830463837352,3607830463873522,3607830464122383,3607830464543434,0,6,48,1,model.layers.3.self_attn.compressor.state_cache
3607830516375723,3607830517024625,3607830517246616,3607830519824274,1,6,48,4,model.layers.2.self_attn.indexer.k_cache
3607830520092215,3607830520096565,3607830520342925,3607830520825897,0,6,48,4,model.layers.2.self_attn.attn
3607830521146598,3607830521151368,3607830521367808,3607830522089091,0,6,48,128,model.layers.3.self_attn.attn
3607830522406012,3607830522410682,3607830522630092,3607830523342085,0,6,48,1,model.layers.0.self_attn.swa_cache
3607830523662196,3607830523666666,3607830523879106,3607830524323168,0,6,48,1,model.layers.1.self_attn.swa_cache
3607830524635819,3607830524640619,3607830524850969,3607830525265960,0,6,48,1,model.layers.2.self_attn.compressor.state_cache
3607830525437331,3607830525441481,3607830525676652,3607830526099703,0,6,48,1,model.layers.2.self_attn.indexer.compressor.state_cache
3607830526410634,3607830526446924,3607830526659135,3607830527087546,0,6,48,1,model.layers.3.self_attn.compressor.state_cache
3607830578630394,3607830579274636,3607830579483467,3607830582916598,1,6,48,4,model.layers.2.self_attn.indexer.k_cache
3607830583159168,3607830583163378,3607830583405309,3607830583891871,0,6,48,4,model.layers.2.self_attn.attn
3607830584254542,3607830584259032,3607830584486252,3607830585220585,0,6,48,128,model.layers.3.self_attn.attn
3607830585539216,3607830585543876,3607830585881617,3607830586678689,0,6,48,1,model.layers.0.self_attn.swa_cache
3607830587019320,3607830587024210,3607830587255741,3607830587717222,0,6,48,1,model.layers.1.self_attn.swa_cache
3607830588066543,3607830588071383,3607830588304784,3607830588759736,0,6,48,1,model.layers.2.self_attn.compressor.state_cache
3607830588947626,3607830588952096,3607830589207227,3607830589661428,0,6,48,1,model.layers.2.self_attn.indexer.compressor.state_cache
3607830589995649,3607830590035230,3607830590267330,3607830590718402,0,6,48,1,model.layers.3.self_attn.compressor.state_cache
3607830648569609,3607830649225201,3607830649442192,3607830651753909,1,6,48,4,model.layers.2.self_attn.indexer.k_cache
3607830652065740,3607830652070030,3607830652318701,3607830652800332,0,6,48,4,model.layers.2.self_attn.attn
3607830653120833,3607830653125343,3607830653338664,3607830654050186,0,6,48,128,model.layers.3.self_attn.attn
3607830654366047,3607830654370717,3607830654586108,3607830655288360,0,6,48,1,model.layers.0.self_attn.swa_cache
3607830655601471,3607830655605951,3607830655818932,3607830656258703,0,6,48,1,model.layers.1.self_attn.swa_cache
3607830656572594,3607830656577154,3607830656789525,3607830657203906,0,6,48,1,model.layers.2.self_attn.compressor.state_cache
3607830657374946,3607830657379127,3607830657609977,3607830658022868,0,6,48,1,model.layers.2.self_attn.indexer.compressor.state_cache
3607830658323949,3607830658359590,3607830658572750,3607830658987341,0,6,48,1,model.layers.3.self_attn.compressor.state_cache
3607830712868027,3607830713707980,3607830714076401,3607830716707509,1,5,40,4,model.layers.2.self_attn.indexer.k_cache
3607830716970730,3607830716975090,3607830717219260,3607830717692122,0,5,40,4,model.layers.2.self_attn.attn
3607830718036023,3607830718041313,3607830718256074,3607830718975116,0,5,40,128,model.layers.3.self_attn.attn
3607830719321917,3607830719327167,3607830719543348,3607830720272940,0,5,40,1,model.layers.0.self_attn.swa_cache
3607830720590971,3607830720595881,3607830720811091,3607830721233153,0,5,40,1,model.layers.1.self_attn.swa_cache
3607830721573334,3607830721578604,3607830721887985,3607830722304756,0,5,40,1,model.layers.2.self_attn.compressor.state_cache
3607830722480137,3607830722484297,3607830722720437,3607830723137589,0,5,40,1,model.layers.2.self_attn.indexer.compressor.state_cache
3607830723471730,3607830723510670,3607830723828661,3607830724270822,0,5,40,1,model.layers.3.self_attn.compressor.state_cache
3607830851656054,3607830852369506,3607830852586576,3607830854945204,1,5,40,4,model.layers.2.self_attn.indexer.k_cache
3607830855230815,3607830855235025,3607830855476765,3607830855959217,0,5,40,4,model.layers.2.self_attn.attn
3607830856303468,3607830856308048,3607830856520429,3607830857238441,0,5,40,128,model.layers.3.self_attn.attn
3607830857562472,3607830857567062,3607830857782402,3607830858489195,0,5,40,1,model.layers.0.self_attn.swa_cache
3607830858802586,3607830858807276,3607830859021186,3607830859447278,0,5,40,1,model.layers.1.self_attn.swa_cache
3607830859758639,3607830859763339,3607830859974599,3607830860421181,0,5,40,1,model.layers.2.self_attn.compressor.state_cache
3607830860597001,3607830860601131,3607830860837452,3607830861255373,0,5,40,1,model.layers.2.self_attn.indexer.compressor.state_cache
3607830861561244,3607830861599554,3607830861813725,3607830862231676,0,5,40,1,model.layers.3.self_attn.compressor.state_cache
3607830914220836,3607830914867348,3607830915079499,3607830917387406,1,5,40,4,model.layers.2.self_attn.indexer.k_cache
3607830917632266,3607830917636556,3607830917882117,3607830918368759,0,5,40,4,model.layers.2.self_attn.attn
3607830918689870,3607830918694590,3607830918911300,3607830919638683,0,5,40,128,model.layers.3.self_attn.attn
3607830919962134,3607830919966864,3607830920201354,3607830920918257,0,5,40,1,model.layers.0.self_attn.swa_cache
3607830921235917,3607830921240387,3607830921459108,3607830921887099,0,5,40,1,model.layers.1.self_attn.swa_cache
3607830922197330,3607830922202130,3607830922415931,3607830922833812,0,5,40,1,model.layers.2.self_attn.compressor.state_cache
3607830923008523,3607830923012443,3607830923254844,3607830923676175,0,5,40,1,model.layers.2.self_attn.indexer.compressor.state_cache
3607830923986086,3607830924032416,3607830924247117,3607830924661098,0,5,40,1,model.layers.3.self_attn.compressor.state_cache
3607830976406207,3607830977075009,3607830977290240,3607830979526407,1,5,40,4,model.layers.2.self_attn.indexer.k_cache
3607830979767117,3607830979771587,3607830980028788,3607830980513840,0,5,40,4,model.layers.2.self_attn.attn
3607830980833811,3607830980838441,3607830981056811,3607830981768634,0,5,40,128,model.layers.3.self_attn.attn
3607830982089615,3607830982094435,3607830982304815,3607830983014117,0,5,40,1,model.layers.0.self_attn.swa_cache
3607830983366628,3607830983371398,3607830983587079,3607830984020260,0,5,40,1,model.layers.1.self_attn.swa_cache
3607830984334901,3607830984339741,3607830984553832,3607830984969783,0,5,40,1,model.layers.2.self_attn.compressor.state_cache
3607830985144924,3607830985149084,3607830985385765,3607830985814996,0,5,40,1,model.layers.2.self_attn.indexer.compressor.state_cache
3607830986124397,3607830986160057,3607830986374448,3607830986795949,0,5,40,1,model.layers.3.self_attn.compressor.state_cache
3607831039767482,3607831040631424,3607831040991246,3607831043534123,1,4,32,4,model.layers.2.self_attn.indexer.k_cache
3607831043797704,3607831043801794,3607831044061885,3607831044535816,0,4,32,4,model.layers.2.self_attn.attn
3607831044859097,3607831044864017,3607831045079338,3607831045793190,0,4,32,128,model.layers.3.self_attn.attn
3607831046111661,3607831046116721,3607831046329332,3607831047035984,0,4,32,1,model.layers.0.self_attn.swa_cache
3607831047351045,3607831047355865,3607831047567666,3607831047996797,0,4,32,1,model.layers.1.self_attn.swa_cache
3607831048329448,3607831048334218,3607831048650249,3607831049075270,0,4,32,1,model.layers.2.self_attn.compressor.state_cache
3607831049249491,3607831049253621,3607831049492112,3607831049909563,0,4,32,1,model.layers.2.self_attn.indexer.compressor.state_cache
3607831050219344,3607831050256784,3607831050579745,3607831051002696,0,4,32,1,model.layers.3.self_attn.compressor.state_cache
3607831175545409,3607831176222571,3607831176432282,3607831178742679,1,4,32,4,model.layers.2.self_attn.indexer.k_cache
3607831179024550,3607831179028780,3607831179267941,3607831179753722,0,4,32,4,model.layers.2.self_attn.attn
3607831180089363,3607831180094113,3607831180311634,3607831181027246,0,4,32,128,model.layers.3.self_attn.attn
3607831181346967,3607831181351737,3607831181562258,3607831182287480,0,4,32,1,model.layers.0.self_attn.swa_cache
3607831182601091,3607831182605771,3607831182816071,3607831183227343,0,4,32,1,model.layers.1.self_attn.swa_cache
3607831183535974,3607831183540434,3607831183749474,3607831184182326,0,4,32,1,model.layers.2.self_attn.compressor.state_cache
3607831184358866,3607831184363056,3607831184602677,3607831185021328,0,4,32,1,model.layers.2.self_attn.indexer.compressor.state_cache
3607831185327929,3607831185367079,3607831185581600,3607831186000301,0,4,32,1,model.layers.3.self_attn.compressor.state_cache
3607831237979941,3607831238651173,3607831238859934,3607831241140381,1,4,32,4,model.layers.2.self_attn.indexer.k_cache
3607831241393001,3607831241397241,3607831241638982,3607831242129724,0,4,32,4,model.layers.2.self_attn.attn
3607831242452015,3607831242456595,3607831242672695,3607831243397078,0,4,32,128,model.layers.3.self_attn.attn
3607831243724189,3607831243728869,3607831243944489,3607831244681172,0,4,32,1,model.layers.0.self_attn.swa_cache
3607831245001913,3607831245006633,3607831245226413,3607831245655445,0,4,32,1,model.layers.1.self_attn.swa_cache
3607831245969856,3607831245974586,3607831246185756,3607831246607468,0,4,32,1,model.layers.2.self_attn.compressor.state_cache
3607831246783048,3607831246787388,3607831247025479,3607831247445220,0,4,32,1,model.layers.2.self_attn.indexer.compressor.state_cache
3607831247759961,3607831247795811,3607831248027942,3607831248456933,0,4,32,1,model.layers.3.self_attn.compressor.state_cache
3607831301213045,3607831302070358,3607831302431299,3607831305036717,1,3,24,4,model.layers.2.self_attn.indexer.k_cache
3607831305285888,3607831305290498,3607831305533129,3607831306020470,0,3,24,4,model.layers.2.self_attn.attn
3607831306374571,3607831306379591,3607831306598352,3607831307324904,0,3,24,128,model.layers.3.self_attn.attn
3607831307672885,3607831307677935,3607831307897606,3607831308636068,0,3,24,1,model.layers.0.self_attn.swa_cache
3607831308955719,3607831308960889,3607831309173710,3607831309600581,0,3,24,1,model.layers.1.self_attn.swa_cache
3607831309942162,3607831309947142,3607831310266043,3607831310689844,0,3,24,1,model.layers.2.self_attn.compressor.state_cache
3607831310898455,3607831310902765,3607831311145556,3607831311566697,0,3,24,1,model.layers.2.self_attn.indexer.compressor.state_cache
3607831311899608,3607831311939208,3607831312282839,3607831312705971,0,3,24,1,model.layers.3.self_attn.compressor.state_cache
3607831454023795,3607831454858438,3607831455224719,3607831457883277,1,2,16,4,model.layers.2.self_attn.indexer.k_cache
3607831458173548,3607831458177768,3607831458456649,3607831458935590,0,2,16,4,model.layers.2.self_attn.attn
3607831459254111,3607831459259091,3607831459475412,3607831460200644,0,2,16,128,model.layers.3.self_attn.attn
3607831460518895,3607831460523735,3607831460737616,3607831461439478,0,2,16,1,model.layers.0.self_attn.swa_cache
3607831461755259,3607831461759909,3607831461974099,3607831462393801,0,2,16,1,model.layers.1.self_attn.swa_cache
3607831462702082,3607831462706482,3607831463023973,3607831463450024,0,2,16,1,model.layers.2.self_attn.compressor.state_cache
3607831463624025,3607831463628225,3607831463863875,3607831464298137,0,2,16,1,model.layers.2.self_attn.indexer.compressor.state_cache
3607831464603238,3607831464643628,3607831464953809,3607831465376970,0,2,16,1,model.layers.3.self_attn.compressor.state_cache
3607831570032602,3607831570680704,3607831570897264,3607831573214711,1,2,16,4,model.layers.2.self_attn.indexer.k_cache
3607831573485152,3607831573489372,3607831573734593,3607831574217534,0,2,16,4,model.layers.2.self_attn.attn
3607831574549675,3607831574554475,3607831574773026,3607831575501708,0,2,16,128,model.layers.3.self_attn.attn
3607831575857159,3607831575861989,3607831576102910,3607831576869133,0,2,16,1,model.layers.0.self_attn.swa_cache
3607831577187764,3607831577192624,3607831577409154,3607831577833486,0,2,16,1,model.layers.1.self_attn.swa_cache
3607831578147167,3607831578151877,3607831578365407,3607831578783718,0,2,16,1,model.layers.2.self_attn.compressor.state_cache
3607831578961449,3607831578965629,3607831579201870,3607831579614181,0,2,16,1,model.layers.2.self_attn.indexer.compressor.state_cache
3607831579925442,3607831579964292,3607831580195383,3607831580629094,0,2,16,1,model.layers.3.self_attn.compressor.state_cache
3607831634990631,3607831635649563,3607831635866004,3607831638165731,1,2,16,4,model.layers.2.self_attn.indexer.k_cache
3607831638415312,3607831638419602,3607831638667173,3607831639157684,0,2,16,4,model.layers.2.self_attn.attn
3607831639480395,3607831639485455,3607831639702776,3607831640449218,0,2,16,128,model.layers.3.self_attn.attn
3607831640792499,3607831640797509,3607831641011460,3607831641724362,0,2,16,1,model.layers.0.self_attn.swa_cache
3607831642041703,3607831642046423,3607831642260574,3607831642685845,0,2,16,1,model.layers.1.self_attn.swa_cache
3607831642998106,3607831643002716,3607831643216917,3607831643635198,0,2,16,1,model.layers.2.self_attn.compressor.state_cache
3607831643811318,3607831643815428,3607831644068569,3607831644497420,0,2,16,1,model.layers.2.self_attn.indexer.compressor.state_cache
3607831644807881,3607831644845812,3607831645060452,3607831645482653,0,2,16,1,model.layers.3.self_attn.compressor.state_cache
3607831697456413,3607831698106685,3607831698311256,3607831700594763,1,2,16,4,model.layers.2.self_attn.indexer.k_cache
3607831700843424,3607831700847794,3607831701086894,3607831701564766,0,2,16,4,model.layers.2.self_attn.attn
3607831701890457,3607831701895267,3607831702110678,3607831702838310,0,2,16,128,model.layers.3.self_attn.attn
3607831703158011,3607831703162381,3607831703375721,3607831704113714,0,2,16,1,model.layers.0.self_attn.swa_cache
3607831704443735,3607831704448175,3607831704670195,3607831705102657,0,2,16,1,model.layers.1.self_attn.swa_cache
3607831705420568,3607831705424938,3607831705640328,3607831706059530,0,2,16,1,model.layers.2.self_attn.compressor.state_cache
3607831706242050,3607831706246820,3607831706492841,3607831706925062,0,2,16,1,model.layers.2.self_attn.indexer.compressor.state_cache
3607831707237133,3607831707274443,3607831707488914,3607831707910095,0,2,16,1,model.layers.3.self_attn.compressor.state_cache
3607831759767035,3607831760430507,3607831760644207,3607831762910004,1,2,16,4,model.layers.2.self_attn.indexer.k_cache
3607831763178775,3607831763183025,3607831763429856,3607831763904767,0,2,16,4,model.layers.2.self_attn.attn
3607831764246599,3607831764251269,3607831764467109,3607831765191671,0,2,16,128,model.layers.3.self_attn.attn
3607831765516822,3607831765522042,3607831765737923,3607831766456495,0,2,16,1,model.layers.0.self_attn.swa_cache
3607831766774966,3607831766779596,3607831766990997,3607831767412108,0,2,16,1,model.layers.1.self_attn.swa_cache
3607831767723989,3607831767728529,3607831767937280,3607831768383651,0,2,16,1,model.layers.2.self_attn.compressor.state_cache
3607831768563742,3607831768568012,3607831768814663,3607831769262594,0,2,16,1,model.layers.2.self_attn.indexer.compressor.state_cache
3607831769583765,3607831769620575,3607831769835296,3607831770271537,0,2,16,1,model.layers.3.self_attn.compressor.state_cache
3607831821929456,3607831822578748,3607831822783928,3607831825049185,1,2,16,4,model.layers.2.self_attn.indexer.k_cache
3607831825293796,3607831825298276,3607831825542477,3607831826023188,0,2,16,4,model.layers.2.self_attn.attn
3607831826344339,3607831826349229,3607831826571990,3607831827285242,0,2,16,128,model.layers.3.self_attn.attn
3607831827645803,3607831827650373,3607831827865744,3607831828594516,0,2,16,1,model.layers.0.self_attn.swa_cache
3607831828918077,3607831828922767,3607831829136678,3607831829553429,0,2,16,1,model.layers.1.self_attn.swa_cache
3607831829864680,3607831829869470,3607831830082421,3607831830502482,0,2,16,1,model.layers.2.self_attn.compressor.state_cache
3607831830676063,3607831830680253,3607831830917663,3607831831335745,0,2,16,1,model.layers.2.self_attn.indexer.compressor.state_cache
3607831831648226,3607831831685446,3607831831905746,3607831832339818,0,2,16,1,model.layers.3.self_attn.compressor.state_cache
3607831883972417,3607831884630469,3607831884840599,3607831887110016,1,2,16,4,model.layers.2.self_attn.indexer.k_cache
3607831887350507,3607831887354727,3607831887595498,3607831888099979,0,2,16,4,model.layers.2.self_attn.attn
3607831888423430,3607831888427970,3607831888642571,3607831889364263,0,2,16,128,model.layers.3.self_attn.attn
3607831889684604,3607831889689354,3607831889901775,3607831890632557,0,2,16,1,model.layers.0.self_attn.swa_cache
3607831890979778,3607831890984358,3607831891201929,3607831891623730,0,2,16,1,model.layers.1.self_attn.swa_cache
3607831891936191,3607831891941201,3607831892163542,3607831892582393,0,2,16,1,model.layers.2.self_attn.compressor.state_cache
3607831892758734,3607831892762534,3607831892994594,3607831893412596,0,2,16,1,model.layers.2.self_attn.indexer.compressor.state_cache
3607831893717926,3607831893753017,3607831893969837,3607831894396799,0,2,16,1,model.layers.3.self_attn.compressor.state_cache
3607831946156808,3607831946799350,3607831947004010,3607831949263887,1,2,16,4,model.layers.2.self_attn.indexer.k_cache
3607831949509998,3607831949514148,3607831949757199,3607831950240940,0,2,16,4,model.layers.2.self_attn.attn
3607831950557401,3607831950561991,3607831950775892,3607831951506074,0,2,16,128,model.layers.3.self_attn.attn
3607831951871425,3607831951876095,3607831952106606,3607831952820908,0,2,16,1,model.layers.0.self_attn.swa_cache
3607831953144479,3607831953149059,3607831953362870,3607831953798341,0,2,16,1,model.layers.1.self_attn.swa_cache
3607831954106252,3607831954110712,3607831954323113,3607831954741714,0,2,16,1,model.layers.2.self_attn.compressor.state_cache
3607831954913565,3607831954917715,3607831955159015,3607831955581607,0,2,16,1,model.layers.2.self_attn.indexer.compressor.state_cache
3607831955888558,3607831955924488,3607831956150928,3607831956554570,0,2,16,1,model.layers.3.self_attn.compressor.state_cache
3607832007899487,3607832008564949,3607832008780730,3607832011067277,1,2,16,4,model.layers.2.self_attn.indexer.k_cache
3607832011307348,3607832011311958,3607832011553779,3607832012055960,0,2,16,4,model.layers.2.self_attn.attn
3607832012381171,3607832012385951,3607832012600992,3607832013320554,0,2,16,128,model.layers.3.self_attn.attn
3607832013641685,3607832013646485,3607832013860886,3607832014575098,0,2,16,1,model.layers.0.self_attn.swa_cache
3607832014930729,3607832014935329,3607832015149450,3607832015580071,0,2,16,1,model.layers.1.self_attn.swa_cache
3607832015896312,3607832015900872,3607832016132933,3607832016553154,0,2,16,1,model.layers.2.self_attn.compressor.state_cache
3607832016737945,3607832016741995,3607832016985195,3607832017404167,0,2,16,1,model.layers.2.self_attn.indexer.compressor.state_cache
3607832017717458,3607832017752628,3607832017963728,3607832018382130,0,2,16,1,model.layers.3.self_attn.compressor.state_cache
3607832070821531,3607832071491023,3607832071699564,3607832074007121,1,1,8,4,model.layers.2.self_attn.indexer.k_cache
3607832074265651,3607832074269921,3607832074510002,3607832074991094,0,1,8,4,model.layers.2.self_attn.attn
3607832075314045,3607832075318825,3607832075536795,3607832076283468,0,1,8,128,model.layers.3.self_attn.attn
3607832076609839,3607832076614579,3607832076830889,3607832077540541,0,1,8,1,model.layers.0.self_attn.swa_cache
3607832077866832,3607832077871362,3607832078086503,3607832078507194,0,1,8,1,model.layers.1.self_attn.swa_cache
3607832078823825,3607832078828335,3607832079044246,3607832079467457,0,1,8,1,model.layers.2.self_attn.compressor.state_cache
3607832079643998,3607832079648358,3607832079882769,3607832080318720,0,1,8,1,model.layers.2.self_attn.indexer.compressor.state_cache
3607832080637391,3607832080675281,3607832080889812,3607832081310313,0,1,8,1,model.layers.3.self_attn.compressor.state_cache
3607832133423253,3607832134063055,3607832134268066,3607832138689039,1,1,8,4,model.layers.2.self_attn.indexer.k_cache
3607832138928270,3607832138932630,3607832139180101,3607832139666252,0,1,8,4,model.layers.2.self_attn.attn
3607832140135044,3607832140141954,3607832140416215,3607832141325718,0,1,8,128,model.layers.3.self_attn.attn
3607832141730429,3607832141736279,3607832142010240,3607832142929882,0,1,8,1,model.layers.0.self_attn.swa_cache
3607832143331104,3607832143337034,3607832143609525,3607832144158096,0,1,8,1,model.layers.1.self_attn.swa_cache
3607832144552737,3607832144558407,3607832144828648,3607832145365750,0,1,8,1,model.layers.2.self_attn.compressor.state_cache
3607832145587771,3607832145593321,3607832145893842,3607832146427993,0,1,8,1,model.layers.2.self_attn.indexer.compressor.state_cache
3607832146815954,3607832146861685,3607832147126595,3607832147654107,0,1,8,1,model.layers.3.self_attn.compressor.state_cache
3607832198851574,3607832199490326,3607832199693007,3607832201968374,1,1,8,4,model.layers.2.self_attn.indexer.k_cache
3607832202203085,3607832202207115,3607832202450305,3607832202929707,0,1,8,4,model.layers.2.self_attn.attn
3607832203247548,3607832203252258,3607832203468859,3607832204203811,0,1,8,128,model.layers.3.self_attn.attn
3607832204524662,3607832204529342,3607832204741202,3607832205453855,0,1,8,1,model.layers.0.self_attn.swa_cache
3607832205775246,3607832205780056,3607832205995286,3607832206410528,0,1,8,1,model.layers.1.self_attn.swa_cache
3607832206721939,3607832206726729,3607832206942219,3607832207359500,0,1,8,1,model.layers.2.self_attn.compressor.state_cache
3607832207533471,3607832207537641,3607832207774482,3607832208211073,0,1,8,1,model.layers.2.self_attn.indexer.compressor.state_cache
3607832208524484,3607832208559574,3607832208776675,3607832209188886,0,1,8,1,model.layers.3.self_attn.compressor.state_cache
3607832260477654,3607832261112596,3607832261313976,3607832264807027,1,1,8,4,model.layers.2.self_attn.indexer.k_cache
3607832265031968,3607832265036188,3607832265279339,3607832265758160,0,1,8,4,model.layers.2.self_attn.attn
3607832266073071,3607832266077751,3607832266289522,3607832267004494,0,1,8,128,model.layers.3.self_attn.attn
3607832267326215,3607832267330885,3607832267544725,3607832268276458,0,1,8,1,model.layers.0.self_attn.swa_cache
3607832268594279,3607832268598879,3607832268809149,3607832269261161,0,1,8,1,model.layers.1.self_attn.swa_cache
3607832269618562,3607832269624122,3607832269869463,3607832270345814,0,1,8,1,model.layers.2.self_attn.compressor.state_cache
3607832270544515,3607832270549295,3607832270823516,3607832271303977,0,1,8,1,model.layers.2.self_attn.indexer.compressor.state_cache
3607832271694558,3607832271737618,3607832271983239,3607832272490081,0,1,8,1,model.layers.3.self_attn.compressor.state_cache
3607832324404790,3607832325049282,3607832325256173,3607832327831881,1,1,8,4,model.layers.2.self_attn.indexer.k_cache
3607832328088612,3607832328092912,3607832328336892,3607832328814004,0,1,8,4,model.layers.2.self_attn.attn
3607832329136995,3607832329141535,3607832329355105,3607832330071708,0,1,8,128,model.layers.3.self_attn.attn
3607832330393049,3607832330397809,3607832330610389,3607832331319122,0,1,8,1,model.layers.0.self_attn.swa_cache
3607832331639052,3607832331643913,3607832331857113,3607832332299825,0,1,8,1,model.layers.1.self_attn.swa_cache
3607832332619606,3607832332624416,3607832332837576,3607832333259217,0,1,8,1,model.layers.2.self_attn.compressor.state_cache
3607832333436668,3607832333440918,3607832333682319,3607832334108730,0,1,8,1,model.layers.2.self_attn.indexer.compressor.state_cache
3607832334424421,3607832334458951,3607832334677992,3607832335093303,0,1,8,1,model.layers.3.self_attn.compressor.state_cache
3607832386266220,3607832386901352,3607832387104203,3607832390711144,1,1,8,4,model.layers.2.self_attn.indexer.k_cache
3607832390933155,3607832390937385,3607832391187236,3607832391663937,0,1,8,4,model.layers.2.self_attn.attn
3607832391988828,3607832391993458,3607832392370069,3607832393198552,0,1,8,128,model.layers.3.self_attn.attn
3607832393575743,3607832393580943,3607832393827564,3607832394649586,0,1,8,1,model.layers.0.self_attn.swa_cache
3607832395016557,3607832395021887,3607832395268048,3607832395752750,0,1,8,1,model.layers.1.self_attn.swa_cache
3607832396125521,3607832396130811,3607832396380251,3607832396861283,0,1,8,1,model.layers.2.self_attn.compressor.state_cache
3607832397065234,3607832397070024,3607832397343154,3607832397824346,0,1,8,1,model.layers.2.self_attn.indexer.compressor.state_cache
3607832398182557,3607832398223737,3607832398467568,3607832398956219,0,1,8,1,model.layers.3.self_attn.compressor.state_cache
3607832450544498,3607832451186210,3607832451391561,3607832454204639,1,1,8,4,model.layers.2.self_attn.indexer.k_cache
3607832454430160,3607832454434330,3607832454679081,3607832455158472,0,1,8,4,model.layers.2.self_attn.attn
3607832455480593,3607832455485193,3607832455697864,3607832456442696,0,1,8,128,model.layers.3.self_attn.attn
3607832456769017,3607832456773677,3607832456989868,3607832457711110,0,1,8,1,model.layers.0.self_attn.swa_cache
3607832458039191,3607832458043811,3607832458255622,3607832458684323,0,1,8,1,model.layers.1.self_attn.swa_cache
3607832458995764,3607832459000524,3607832459214565,3607832459642346,0,1,8,1,model.layers.2.self_attn.compressor.state_cache
3607832459821436,3607832459825597,3607832460085147,3607832460497009,0,1,8,1,model.layers.2.self_attn.indexer.compressor.state_cache
3607832460810690,3607832460846290,3607832461054350,3607832461470862,0,1,8,1,model.layers.3.self_attn.compressor.state_cache
3607832512623929,3607832513256291,3607832513459221,3607832517344283,1,1,8,4,model.layers.2.self_attn.indexer.k_cache
3607832517578194,3607832517582464,3607832517824325,3607832518305986,0,1,8,4,model.layers.2.self_attn.attn
3607832518625067,3607832518629807,3607832518841908,3607832519597680,0,1,8,128,model.layers.3.self_attn.attn
3607832519921441,3607832519926131,3607832520161052,3607832520880004,0,1,8,1,model.layers.0.self_attn.swa_cache
3607832521200775,3607832521205525,3607832521422506,3607832521861277,0,1,8,1,model.layers.1.self_attn.swa_cache
3607832522274648,3607832522280378,3607832522531909,3607832523032421,0,1,8,1,model.layers.2.self_attn.compressor.state_cache
3607832523243011,3607832523247861,3607832523535132,3607832524060334,0,1,8,1,model.layers.2.self_attn.indexer.compressor.state_cache
3607832524443095,3607832524485545,3607832524743906,3607832525240828,0,1,8,1,model.layers.3.self_attn.compressor.state_cache
3607833433899201,3607833434189962,3607833434420402,3607833436572659,1,1,88,4,model.layers.2.self_attn.indexer.k_cache
3607833436871620,3607833436875920,3607833437123461,3607833437598642,0,1,88,4,model.layers.2.self_attn.attn
3607833437955553,3607833437960533,3607833438180074,3607833438900806,0,1,88,128,model.layers.3.self_attn.attn
3607833439223077,3607833439227857,3607833439445808,3607833440171800,0,1,88,1,model.layers.0.self_attn.swa_cache
3607833440490731,3607833440495461,3607833440715752,3607833441136783,0,1,88,1,model.layers.1.self_attn.swa_cache
3607833441446354,3607833441451004,3607833441667145,3607833442079716,0,1,88,1,model.layers.2.self_attn.compressor.state_cache
3607833442249906,3607833442253896,3607833442491637,3607833442904148,0,1,88,1,model.layers.2.self_attn.indexer.compressor.state_cache
3607833443213089,3607833443255209,3607833443465430,3607833443875281,0,1,88,1,model.layers.3.self_attn.compressor.state_cache
3607833858048845,3607833858716317,3607833858938577,3607833873584902,1,1,8,4,model.layers.2.self_attn.indexer.k_cache
3607833874208124,3607833874219674,3607833874851326,3607833876185680,0,1,8,4,model.layers.2.self_attn.attn
3607833877076483,3607833877089503,3607833877665645,3607833878982089,0,1,8,128,model.layers.3.self_attn.attn
3607833879361030,3607833879366460,3607833879617431,3607833880448553,0,1,8,1,model.layers.0.self_attn.swa_cache
3607833880816615,3607833880821925,3607833881067455,3607833881556967,0,1,8,1,model.layers.1.self_attn.swa_cache
3607833881915798,3607833881921138,3607833882176719,3607833882664360,0,1,8,1,model.layers.2.self_attn.compressor.state_cache
3607833882862571,3607833882867391,3607833883143052,3607833883640433,0,1,8,1,model.layers.2.self_attn.indexer.compressor.state_cache
3607833883999854,3607833884063384,3607833884312865,3607833884802067,0,1,8,1,model.layers.3.self_attn.compressor.state_cache
3607833954378331,3607833954975942,3607833955370544,3607833957473120,1,4,264,4,model.layers.2.self_attn.indexer.k_cache
3607833957760621,3607833957765261,3607833958013242,3607833958492743,0,4,264,4,model.layers.2.self_attn.attn
3607833958817254,3607833958821904,3607833959037865,3607833959762727,0,4,264,128,model.layers.3.self_attn.attn
3607833960130738,3607833960135768,3607833960353889,3607833961065121,0,4,264,1,model.layers.0.self_attn.swa_cache
3607833961380772,3607833961385382,3607833961599873,3607833962024324,0,4,264,1,model.layers.1.self_attn.swa_cache
3607833962331645,3607833962336065,3607833962658806,3607833963086247,0,4,264,1,model.layers.2.self_attn.compressor.state_cache
3607833963255298,3607833963259148,3607833963497049,3607833963913780,0,4,264,1,model.layers.2.self_attn.indexer.compressor.state_cache
3607833964233061,3607833964277001,3607833964607782,3607833965034933,0,4,264,1,model.layers.3.self_attn.compressor.state_cache
3607834394485894,3607834395187886,3607834395406056,3607834397810294,1,4,32,4,model.layers.2.self_attn.indexer.k_cache
3607834398125255,3607834398129825,3607834398372606,3607834398865267,0,4,32,4,model.layers.2.self_attn.attn
3607834399181688,3607834399186618,3607834399399989,3607834400134551,0,4,32,128,model.layers.3.self_attn.attn
3607834400455552,3607834400460362,3607834400680573,3607834401392865,0,4,32,1,model.layers.0.self_attn.swa_cache
3607834401705936,3607834401710436,3607834401922286,3607834402349748,0,4,32,1,model.layers.1.self_attn.swa_cache
3607834402654489,3607834402659639,3607834402880699,3607834403305631,0,4,32,1,model.layers.2.self_attn.compressor.state_cache
3607834403478271,3607834403482441,3607834403718792,3607834404158793,0,4,32,1,model.layers.2.self_attn.indexer.compressor.state_cache
3607834404465394,3607834404508654,3607834404731125,3607834405146276,0,4,32,1,model.layers.3.self_attn.compressor.state_cache
3607834526580720,3607834527187922,3607834527635113,3607834529810980,1,9,456,4,model.layers.2.self_attn.indexer.k_cache
3607834530122311,3607834530126621,3607834530371751,3607834530856813,0,9,456,4,model.layers.2.self_attn.attn
3607834531173884,3607834531178604,3607834531392944,3607834532141117,0,9,456,128,model.layers.3.self_attn.attn
3607834532464318,3607834532468808,3607834532690838,3607834533409281,0,9,456,1,model.layers.0.self_attn.swa_cache
3607834533734392,3607834533738932,3607834533960732,3607834534379094,0,9,456,1,model.layers.1.self_attn.swa_cache
3607834534731555,3607834534736385,3607834535056496,3607834535478727,0,9,456,1,model.layers.2.self_attn.compressor.state_cache
3607834535652508,3607834535656468,3607834535896888,3607834536340660,0,9,456,1,model.layers.2.self_attn.indexer.compressor.state_cache
3607834536647841,3607834536692961,3607834537009742,3607834537427733,0,9,456,1,model.layers.3.self_attn.compressor.state_cache
3607834975861371,3607834976551093,3607834976761934,3607834979242241,1,9,72,4,model.layers.2.self_attn.indexer.k_cache
3607834979554242,3607834979558372,3607834979801743,3607834980314375,0,9,72,4,model.layers.2.self_attn.attn
3607834980638136,3607834980643166,3607834980862596,3607834981581988,0,9,72,128,model.layers.3.self_attn.attn
3607834981916409,3607834981921369,3607834982141390,3607834982865652,0,9,72,1,model.layers.0.self_attn.swa_cache
3607834983188263,3607834983193233,3607834983410094,3607834983832315,0,9,72,1,model.layers.1.self_attn.swa_cache
3607834984163076,3607834984167946,3607834984381597,3607834984797308,0,9,72,1,model.layers.2.self_attn.compressor.state_cache
3607834984967159,3607834984971289,3607834985209400,3607834985638141,0,9,72,1,model.layers.2.self_attn.indexer.compressor.state_cache
3607834985940872,3607834985984962,3607834986208273,3607834986629104,0,9,72,1,model.layers.3.self_attn.compressor.state_cache
3607835063931812,3607835064545013,3607835064938765,3607835067015191,1,12,328,4,model.layers.2.self_attn.indexer.k_cache
3607835067296282,3607835067300642,3607835067547533,3607835068036824,0,12,328,4,model.layers.2.self_attn.attn
3607835068369485,3607835068374475,3607835068591636,3607835069315168,0,12,328,128,model.layers.3.self_attn.attn
3607835069648099,3607835069652869,3607835069879000,3607835070610332,0,12,328,1,model.layers.0.self_attn.swa_cache
3607835070939323,3607835070943923,3607835071160174,3607835071579945,0,12,328,1,model.layers.1.self_attn.swa_cache
3607835071896486,3607835071901486,3607835072242367,3607835072677878,0,12,328,1,model.layers.2.self_attn.compressor.state_cache
3607835072856029,3607835072859929,3607835073110010,3607835073533771,0,12,328,1,model.layers.2.self_attn.indexer.compressor.state_cache
3607835073838262,3607835073886182,3607835074212553,3607835074636835,0,12,328,1,model.layers.3.self_attn.compressor.state_cache
3607835504670877,3607835505339549,3607835505551499,3607835507676946,1,12,96,4,model.layers.2.self_attn.indexer.k_cache
3607835508022557,3607835508027257,3607835508275978,3607835508754369,0,12,96,4,model.layers.2.self_attn.attn
3607835509076110,3607835509080900,3607835509293631,3607835509900873,0,12,96,128,model.layers.3.self_attn.attn
3607835510216234,3607835510220854,3607835510435744,3607835511043386,0,12,96,1,model.layers.0.self_attn.swa_cache
3607835511355917,3607835511361347,3607835511576148,3607835511998959,0,12,96,1,model.layers.1.self_attn.swa_cache
3607835512321150,3607835512325690,3607835512536541,3607835512954592,0,12,96,1,model.layers.2.self_attn.compressor.state_cache
3607835513129193,3607835513133313,3607835513370353,3607835513783665,0,12,96,1,model.layers.2.self_attn.indexer.compressor.state_cache
3607835514092306,3607835514135626,3607835514350496,3607835514776258,0,12,96,1,model.layers.3.self_attn.compressor.state_cache
3607835572496645,3607835573156257,3607835573372698,3607835579995398,1,12,96,4,model.layers.2.self_attn.indexer.k_cache
3607835580293169,3607835580297589,3607835580543520,3607835581028631,0,12,96,4,model.layers.2.self_attn.attn
3607835581352902,3607835581357712,3607835581571373,3607835582351575,0,12,96,128,model.layers.3.self_attn.attn
3607835582788487,3607835582795257,3607835583087668,3607835583940530,0,12,96,1,model.layers.0.self_attn.swa_cache
3607835584390512,3607835584397182,3607835584687933,3607835585269384,0,12,96,1,model.layers.1.self_attn.swa_cache
3607835585695966,3607835585702136,3607835585995207,3607835586571848,0,12,96,1,model.layers.2.self_attn.compressor.state_cache
3607835586809839,3607835586815589,3607835587138870,3607835587717872,0,12,96,1,model.layers.2.self_attn.indexer.compressor.state_cache
3607835588158773,3607835588211103,3607835588501944,3607835589071626,0,12,96,1,model.layers.3.self_attn.compressor.state_cache
3607835647669606,3607835648388568,3607835648610679,3607835651050917,1,12,96,4,model.layers.2.self_attn.indexer.k_cache
3607835651343147,3607835651347967,3607835651594568,3607835652096970,0,12,96,4,model.layers.2.self_attn.attn
3607835652423621,3607835652428221,3607835652648981,3607835653378164,0,12,96,128,model.layers.3.self_attn.attn
3607835653699455,3607835653704275,3607835653920555,3607835654624958,0,12,96,1,model.layers.0.self_attn.swa_cache
3607835654957759,3607835654962279,3607835655177249,3607835655607661,0,12,96,1,model.layers.1.self_attn.swa_cache
3607835655922722,3607835655927272,3607835656153142,3607835656571604,0,12,96,1,model.layers.2.self_attn.compressor.state_cache
3607835656743484,3607835656747514,3607835656987105,3607835657401766,0,12,96,1,model.layers.2.self_attn.indexer.compressor.state_cache
3607835657706077,3607835657745127,3607835657960408,3607835658376999,0,12,96,1,model.layers.3.self_attn.compressor.state_cache
3607835711490922,3607835712167784,3607835712379935,3607835717532041,1,12,96,4,model.layers.2.self_attn.indexer.k_cache
3607835717790062,3607835717794412,3607835718037493,3607835718536224,0,12,96,4,model.layers.2.self_attn.attn
3607835718855935,3607835718860625,3607835719074356,3607835719678668,0,12,96,128,model.layers.3.self_attn.attn
3607835720113189,3607835720120219,3607835720434010,3607835721307773,0,12,96,1,model.layers.0.self_attn.swa_cache
3607835721770084,3607835721776774,3607835722093685,3607835722717367,0,12,96,1,model.layers.1.self_attn.swa_cache
3607835723174268,3607835723180978,3607835723490019,3607835724122231,0,12,96,1,model.layers.2.self_attn.compressor.state_cache
3607835724376632,3607835724382592,3607835724726363,3607835725334435,0,12,96,1,model.layers.2.self_attn.indexer.compressor.state_cache
3607835725782196,3607835725834156,3607835726154247,3607835726764349,0,12,96,1,model.layers.3.self_attn.compressor.state_cache
3607835781659198,3607835782409450,3607835782668401,3607835784922068,1,12,96,4,model.layers.2.self_attn.indexer.k_cache
3607835785206299,3607835785210549,3607835785456700,3607835785939631,0,12,96,4,model.layers.2.self_attn.attn
3607835786257052,3607835786261512,3607835786478023,3607835787095785,0,12,96,128,model.layers.3.self_attn.attn
3607835787422626,3607835787427336,3607835787647057,3607835788297609,0,12,96,1,model.layers.0.self_attn.swa_cache
3607835788628840,3607835788633310,3607835788851320,3607835789292792,0,12,96,1,model.layers.1.self_attn.swa_cache
3607835789613313,3607835789617833,3607835789832633,3607835790251845,0,12,96,1,model.layers.2.self_attn.compressor.state_cache
3607835790432315,3607835790436695,3607835790686336,3607835791113697,0,12,96,1,model.layers.2.self_attn.indexer.compressor.state_cache
3607835791430808,3607835791474778,3607835791691459,3607835792126990,0,12,96,1,model.layers.3.self_attn.compressor.state_cache
3607835845631115,3607835846285657,3607835846516298,3607835850531320,1,12,96,4,model.layers.2.self_attn.indexer.k_cache
3607835850808661,3607835850812981,3607835851069932,3607835851567013,0,12,96,4,model.layers.2.self_attn.attn
3607835851901724,3607835851906874,3607835852152195,3607835852800557,0,12,96,128,model.layers.3.self_attn.attn
3607835853142068,3607835853147078,3607835853379319,3607835854014621,0,12,96,1,model.layers.0.self_attn.swa_cache
3607835854346672,3607835854351572,3607835854577672,3607835855032604,0,12,96,1,model.layers.1.self_attn.swa_cache
3607835855360205,3607835855365225,3607835855589035,3607835856047957,0,12,96,1,model.layers.2.self_attn.compressor.state_cache
3607835856234537,3607835856238787,3607835856489078,3607835857040960,0,12,96,1,model.layers.2.self_attn.indexer.compressor.state_cache
3607835857398511,3607835857441421,3607835857688772,3607835858178563,0,12,96,1,model.layers.3.self_attn.compressor.state_cache
3607835911974199,3607835912661571,3607835912887092,3607835916461723,1,12,96,4,model.layers.2.self_attn.indexer.k_cache
3607835916717703,3607835916721893,3607835916967734,3607835917456656,0,12,96,4,model.layers.2.self_attn.attn
3607835917815527,3607835917820407,3607835918037337,3607835918649669,0,12,96,128,model.layers.3.self_attn.attn
3607835918969150,3607835918973960,3607835919190641,3607835919812553,0,12,96,1,model.layers.0.self_attn.swa_cache
3607835920145394,3607835920149984,3607835920367625,3607835920805286,0,12,96,1,model.layers.1.self_attn.swa_cache
3607835921126647,3607835921131207,3607835921344518,3607835921778839,0,12,96,1,model.layers.2.self_attn.compressor.state_cache
3607835921999900,3607835922004840,3607835922284300,3607835922772402,0,12,96,1,model.layers.2.self_attn.indexer.compressor.state_cache
3607835923126173,3607835923166753,3607835923417104,3607835923902655,0,12,96,1,model.layers.3.self_attn.compressor.state_cache
3607835977726821,3607835978422693,3607835978664814,3607835981394892,1,12,96,4,model.layers.2.self_attn.indexer.k_cache
3607835981659033,3607835981663493,3607835981911774,3607835982396135,0,12,96,4,model.layers.2.self_attn.attn
3607835982718736,3607835982723516,3607835982944187,3607835983560139,0,12,96,128,model.layers.3.self_attn.attn
3607835983883940,3607835983888580,3607835984123841,3607835984741342,0,12,96,1,model.layers.0.self_attn.swa_cache
3607835985055253,3607835985060093,3607835985279584,3607835985706535,0,12,96,1,model.layers.1.self_attn.swa_cache
3607835986014826,3607835986019406,3607835986234117,3607835986657138,0,12,96,1,model.layers.2.self_attn.compressor.state_cache
3607835986824489,3607835986828529,3607835987071080,3607835987480281,0,12,96,1,model.layers.2.self_attn.indexer.compressor.state_cache
3607835987788722,3607835987825622,3607835988066723,3607835988488224,0,12,96,1,model.layers.3.self_attn.compressor.state_cache
3607836042614390,3607836043406893,3607836043669674,3607836046786643,1,12,96,4,model.layers.2.self_attn.indexer.k_cache
3607836047070244,3607836047074584,3607836047323005,3607836047812796,0,12,96,4,model.layers.2.self_attn.attn
3607836048147857,3607836048153017,3607836048378228,3607836049020900,0,12,96,128,model.layers.3.self_attn.attn
3607836049337031,3607836049341641,3607836049558012,3607836050168414,0,12,96,1,model.layers.0.self_attn.swa_cache
3607836050476045,3607836050480585,3607836050696315,3607836051122007,0,12,96,1,model.layers.1.self_attn.swa_cache
3607836051434988,3607836051440068,3607836051651238,3607836052094600,0,12,96,1,model.layers.2.self_attn.compressor.state_cache
3607836052265890,3607836052269750,3607836052514911,3607836052937722,0,12,96,1,model.layers.2.self_attn.indexer.compressor.state_cache
3607836053242733,3607836053282963,3607836053504564,3607836053935235,0,12,96,1,model.layers.3.self_attn.compressor.state_cache
3607836107919221,3607836108685984,3607836108953624,3607836111591692,1,12,96,4,model.layers.2.self_attn.indexer.k_cache
3607836111870013,3607836111874423,3607836112137974,3607836112630736,0,12,96,4,model.layers.2.self_attn.attn
3607836112946417,3607836112950957,3607836113165497,3607836113776699,0,12,96,128,model.layers.3.self_attn.attn
3607836114089580,3607836114094200,3607836114310831,3607836114911583,0,12,96,1,model.layers.0.self_attn.swa_cache
3607836115220144,3607836115224724,3607836115437954,3607836115866306,0,12,96,1,model.layers.1.self_attn.swa_cache
3607836116186937,3607836116192147,3607836116404297,3607836116825469,0,12,96,1,model.layers.2.self_attn.compressor.state_cache
3607836116994399,3607836116998739,3607836117238460,3607836117652901,0,12,96,1,model.layers.2.self_attn.indexer.compressor.state_cache
3607836117970722,3607836118011852,3607836118229463,3607836118648324,0,12,96,1,model.layers.3.self_attn.compressor.state_cache
3607836172412049,3607836173080822,3607836173299412,3607836177570165,1,12,96,4,model.layers.2.self_attn.indexer.k_cache
3607836177869226,3607836177873456,3607836178120787,3607836178599519,0,12,96,4,model.layers.2.self_attn.attn
3607836178919209,3607836178924279,3607836179141860,3607836179755722,0,12,96,128,model.layers.3.self_attn.attn
3607836180078553,3607836180083673,3607836180301824,3607836180904396,0,12,96,1,model.layers.0.self_attn.swa_cache
3607836181216267,3607836181221097,3607836181432667,3607836181859769,0,12,96,1,model.layers.1.self_attn.swa_cache
3607836182203110,3607836182207810,3607836182420090,3607836182844372,0,12,96,1,model.layers.2.self_attn.compressor.state_cache
3607836183018832,3607836183022582,3607836183262733,3607836183676494,0,12,96,1,model.layers.2.self_attn.indexer.compressor.state_cache
3607836183983755,3607836184034905,3607836184250816,3607836184665577,0,12,96,1,model.layers.3.self_attn.compressor.state_cache
3607836238549103,3607836239230295,3607836239450736,3607836244316961,1,12,96,4,model.layers.2.self_attn.indexer.k_cache
3607836244599021,3607836244603471,3607836244856372,3607836245337894,0,12,96,4,model.layers.2.self_attn.attn
3607836245658625,3607836245663295,3607836245886025,3607836246630008,0,12,96,128,model.layers.3.self_attn.attn
3607836246990449,3607836246995479,3607836247242110,3607836247940952,0,12,96,1,model.layers.0.self_attn.swa_cache
3607836248326123,3607836248331523,3607836248582004,3607836249071465,0,12,96,1,model.layers.1.self_attn.swa_cache
3607836249424116,3607836249429576,3607836249674917,3607836250163289,0,12,96,1,model.layers.2.self_attn.compressor.state_cache
3607836250355929,3607836250360439,3607836250636860,3607836251113181,0,12,96,1,model.layers.2.self_attn.indexer.compressor.state_cache
3607836251464163,3607836251511343,3607836251758383,3607836252253165,0,12,96,1,model.layers.3.self_attn.compressor.state_cache
3607836305869720,3607836306535352,3607836306784683,3607836310371924,1,12,96,4,model.layers.2.self_attn.indexer.k_cache
3607836310651074,3607836310655285,3607836310906755,3607836311397567,0,12,96,4,model.layers.2.self_attn.attn
3607836311719848,3607836311724488,3607836311941258,3607836312717181,0,12,96,128,model.layers.3.self_attn.attn
3607836313086922,3607836313092412,3607836313340003,3607836314050395,0,12,96,1,model.layers.0.self_attn.swa_cache
3607836314418536,3607836314424006,3607836314673357,3607836315165468,0,12,96,1,model.layers.1.self_attn.swa_cache
3607836315523589,3607836315528949,3607836315777660,3607836316276002,0,12,96,1,model.layers.2.self_attn.compressor.state_cache
3607836316486122,3607836316490782,3607836316777103,3607836317279015,0,12,96,1,model.layers.2.self_attn.indexer.compressor.state_cache
3607836317642336,3607836317684546,3607836317930207,3607836318410638,0,12,96,1,model.layers.3.self_attn.compressor.state_cache
3607836371965823,3607836372697285,3607836372976556,3607836375975915,1,12,96,4,model.layers.2.self_attn.indexer.k_cache
3607836376263256,3607836376267516,3607836376555997,3607836377075389,0,12,96,4,model.layers.2.self_attn.attn
3607836377427540,3607836377432740,3607836377670561,3607836378339943,0,12,96,128,model.layers.3.self_attn.attn
3607836378686164,3607836378691074,3607836378929684,3607836379584596,0,12,96,1,model.layers.0.self_attn.swa_cache
3607836379930177,3607836379935128,3607836380181618,3607836380638070,0,12,96,1,model.layers.1.self_attn.swa_cache
3607836380978271,3607836380983721,3607836381216421,3607836381674213,0,12,96,1,model.layers.2.self_attn.compressor.state_cache
3607836381868213,3607836381872953,3607836382130564,3607836382583246,0,12,96,1,model.layers.2.self_attn.indexer.compressor.state_cache
3607836382921317,3607836382961817,3607836383196688,3607836383649079,0,12,96,1,model.layers.3.self_attn.compressor.state_cache
3607836436949283,3607836437603425,3607836437813035,3607836442489420,1,12,96,4,model.layers.2.self_attn.indexer.k_cache
3607836442819171,3607836442824741,3607836443145642,3607836443755144,0,12,96,4,model.layers.2.self_attn.attn
3607836444186235,3607836444192385,3607836444470166,3607836445253328,0,12,96,128,model.layers.3.self_attn.attn
3607836445659620,3607836445665440,3607836445936750,3607836446730343,0,12,96,1,model.layers.0.self_attn.swa_cache
3607836447132294,3607836447138024,3607836447412975,3607836447951437,0,12,96,1,model.layers.1.self_attn.swa_cache
3607836448365338,3607836448371018,3607836448641889,3607836449179480,0,12,96,1,model.layers.2.self_attn.compressor.state_cache
3607836449401101,3607836449406671,3607836449707442,3607836450212684,0,12,96,1,model.layers.2.self_attn.indexer.compressor.state_cache
3607836450561935,3607836450599035,3607836450814245,3607836451230367,0,12,96,1,model.layers.3.self_attn.compressor.state_cache
3607836504349750,3607836505053932,3607836505296293,3607836508470073,1,12,96,4,model.layers.2.self_attn.indexer.k_cache
3607836508734793,3607836508739154,3607836508983394,3607836509457316,0,12,96,4,model.layers.2.self_attn.attn
3607836509779327,3607836509783937,3607836510001787,3607836510618269,0,12,96,128,model.layers.3.self_attn.attn
3607836510937650,3607836510942190,3607836511162011,3607836511766333,0,12,96,1,model.layers.0.self_attn.swa_cache
3607836512101404,3607836512106274,3607836512321605,3607836512752626,0,12,96,1,model.layers.1.self_attn.swa_cache
3607836513068487,3607836513073147,3607836513285957,3607836513714759,0,12,96,1,model.layers.2.self_attn.compressor.state_cache
3607836513890029,3607836513894059,3607836514129850,3607836514554931,0,12,96,1,model.layers.2.self_attn.indexer.compressor.state_cache
3607836514933763,3607836514974353,3607836515211513,3607836515669525,0,12,96,1,model.layers.3.self_attn.compressor.state_cache
3607836569093039,3607836569740941,3607836569945242,3607836574913327,1,12,96,4,model.layers.2.self_attn.indexer.k_cache
3607836575165858,3607836575170238,3607836575425129,3607836575931370,0,12,96,4,model.layers.2.self_attn.attn
3607836576288191,3607836576292921,3607836576517022,3607836577158224,0,12,96,128,model.layers.3.self_attn.attn
3607836577492355,3607836577496865,3607836577720106,3607836578343908,0,12,96,1,model.layers.0.self_attn.swa_cache
3607836578672019,3607836578676869,3607836578899589,3607836579335131,0,12,96,1,model.layers.1.self_attn.swa_cache
3607836579662972,3607836579667602,3607836579886602,3607836580534094,0,12,96,1,model.layers.2.self_attn.compressor.state_cache
3607836580763925,3607836580769505,3607836581081056,3607836581628618,0,12,96,1,model.layers.2.self_attn.indexer.compressor.state_cache
3607836582044839,3607836582091409,3607836582372300,3607836582917692,0,12,96,1,model.layers.3.self_attn.compressor.state_cache
3607836637247329,3607836638008301,3607836638273962,3607836641077220,1,12,96,4,model.layers.2.self_attn.indexer.k_cache
3607836641353891,3607836641358391,3607836641603482,3607836642088073,0,12,96,4,model.layers.2.self_attn.attn
3607836642413684,3607836642418725,3607836642633005,3607836643245757,0,12,96,128,model.layers.3.self_attn.attn
3607836643567608,3607836643572318,3607836643785989,3607836644402391,0,12,96,1,model.layers.0.self_attn.swa_cache
3607836644720562,3607836644725042,3607836644936682,3607836645356634,0,12,96,1,model.layers.1.self_attn.swa_cache
3607836645669425,3607836645673745,3607836645885555,3607836646303566,0,12,96,1,model.layers.2.self_attn.compressor.state_cache
3607836646480747,3607836646484777,3607836646722058,3607836647143609,0,12,96,1,model.layers.2.self_attn.indexer.compressor.state_cache
3607836647449680,3607836647489140,3607836647704831,3607836648139062,0,12,96,1,model.layers.3.self_attn.compressor.state_cache
3607836701835177,3607836702502279,3607836702722060,3607836709571261,1,12,96,4,model.layers.2.self_attn.indexer.k_cache
3607836709849752,3607836709854082,3607836710200733,3607836711010755,0,12,96,4,model.layers.2.self_attn.attn
3607836711548957,3607836711556767,3607836711919318,3607836713187592,0,12,96,128,model.layers.3.self_attn.attn
3607836713735314,3607836713743134,3607836714108345,3607836715318449,0,12,96,1,model.layers.0.self_attn.swa_cache
3607836715870390,3607836715878310,3607836716269622,3607836716987894,0,12,96,1,model.layers.1.self_attn.swa_cache
3607836717520465,3607836717528025,3607836717890567,3607836718607559,0,12,96,1,model.layers.2.self_attn.compressor.state_cache
3607836718844709,3607836718848930,3607836719086730,3607836719508572,0,12,96,1,model.layers.2.self_attn.indexer.compressor.state_cache
3607836719824543,3607836719863293,3607836720094283,3607836720509505,0,12,96,1,model.layers.3.self_attn.compressor.state_cache
3607836775143283,3607836775830705,3607836776066535,3607836778159732,1,12,96,4,model.layers.2.self_attn.indexer.k_cache
3607836778416923,3607836778421133,3607836778675243,3607836779172585,0,12,96,4,model.layers.2.self_attn.attn
3607836779543536,3607836779548186,3607836779767277,3607836780402919,0,12,96,128,model.layers.3.self_attn.attn
3607836780723190,3607836780728010,3607836780945460,3607836781559232,0,12,96,1,model.layers.0.self_attn.swa_cache
3607836781878593,3607836781883263,3607836782093454,3607836782511745,0,12,96,1,model.layers.1.self_attn.swa_cache
3607836782830026,3607836782834666,3607836783048087,3607836783471848,0,12,96,1,model.layers.2.self_attn.compressor.state_cache
3607836783658849,3607836783662949,3607836783904220,3607836784340181,0,12,96,1,model.layers.2.self_attn.indexer.compressor.state_cache
3607836784651102,3607836784692572,3607836784909223,3607836785332414,0,12,96,1,model.layers.3.self_attn.compressor.state_cache
3607836838447117,3607836839108309,3607836839326000,3607836845264018,1,12,96,4,model.layers.2.self_attn.indexer.k_cache
3607836845528359,3607836845532589,3607836845777440,3607836846256811,0,12,96,4,model.layers.2.self_attn.attn
3607836846578052,3607836846582852,3607836846795313,3607836847411475,0,12,96,128,model.layers.3.self_attn.attn
3607836847745706,3607836847750366,3607836847970007,3607836848674199,0,12,96,1,model.layers.0.self_attn.swa_cache
3607836849139780,3607836849146610,3607836849459211,3607836850062383,0,12,96,1,model.layers.1.self_attn.swa_cache
3607836850509674,3607836850516524,3607836850819265,3607836851438047,0,12,96,1,model.layers.2.self_attn.compressor.state_cache
3607836851692898,3607836851698408,3607836852056409,3607836852678591,0,12,96,1,model.layers.2.self_attn.indexer.compressor.state_cache
3607836853126422,3607836853180163,3607836853485343,3607836854084515,0,12,96,1,model.layers.3.self_attn.compressor.state_cache
3607836907894761,3607836908590503,3607836908814044,3607836912137864,1,12,96,4,model.layers.2.self_attn.indexer.k_cache
3607836912380835,3607836912385275,3607836912638365,3607836913119497,0,12,96,4,model.layers.2.self_attn.attn
3607836913438558,3607836913443388,3607836913717549,3607836914432221,0,12,96,128,model.layers.3.self_attn.attn
3607836914809262,3607836914814912,3607836915059803,3607836915767155,0,12,96,1,model.layers.0.self_attn.swa_cache
3607836916149036,3607836916154506,3607836916404687,3607836916897648,0,12,96,1,model.layers.1.self_attn.swa_cache
3607836917259240,3607836917264300,3607836917514260,3607836917998312,0,12,96,1,model.layers.2.self_attn.compressor.state_cache
3607836918201932,3607836918206642,3607836918487893,3607836918984345,0,12,96,1,model.layers.2.self_attn.indexer.compressor.state_cache
3607836919342176,3607836919382276,3607836919631877,3607836920128698,0,12,96,1,model.layers.3.self_attn.compressor.state_cache
3607836972852510,3607836973499722,3607836973709993,3607836979796732,1,12,96,4,model.layers.2.self_attn.indexer.k_cache
3607836980276053,3607836980282803,3607836980656974,3607836981399317,0,12,96,4,model.layers.2.self_attn.attn
3607836981884608,3607836981891838,3607836982215609,3607836983133352,0,12,96,128,model.layers.3.self_attn.attn
3607836983614054,3607836983621174,3607836983946835,3607836984888037,0,12,96,1,model.layers.0.self_attn.swa_cache
3607836985361199,3607836985368029,3607836985684570,3607836986331272,0,12,96,1,model.layers.1.self_attn.swa_cache
3607836986798803,3607836986805903,3607836987086404,3607836987503266,0,12,96,1,model.layers.2.self_attn.compressor.state_cache
3607836987675986,3607836987680086,3607836987913627,3607836988360488,0,12,96,1,model.layers.2.self_attn.indexer.compressor.state_cache
3607836988663499,3607836988702379,3607836988912080,3607836989329621,0,12,96,1,model.layers.3.self_attn.compressor.state_cache
3607837041095240,3607837041731832,3607837041940583,3607837047465000,1,12,96,4,model.layers.2.self_attn.indexer.k_cache
3607837047726261,3607837047730741,3607837047982911,3607837048510923,0,12,96,4,model.layers.2.self_attn.attn
3607837048838594,3607837048843734,3607837049067925,3607837049697527,0,12,96,128,model.layers.3.self_attn.attn
3607837050021578,3607837050026228,3607837050244738,3607837050861330,0,12,96,1,model.layers.0.self_attn.swa_cache
3607837051227001,3607837051231861,3607837051453912,3607837051888673,0,12,96,1,model.layers.1.self_attn.swa_cache
3607837052395395,3607837052401595,3607837052690096,3607837053262558,0,12,96,1,model.layers.2.self_attn.compressor.state_cache
3607837053499928,3607837053505758,3607837053824399,3607837054384141,0,12,96,1,model.layers.2.self_attn.indexer.compressor.state_cache
3607837054795782,3607837054846913,3607837055134083,3607837055701255,0,12,96,1,model.layers.3.self_attn.compressor.state_cache
3607837108401347,3607837109050689,3607837109257340,3607837114852867,1,12,96,4,model.layers.2.self_attn.indexer.k_cache
3607837115107438,3607837115111568,3607837115354319,3607837115823370,0,12,96,4,model.layers.2.self_attn.attn
3607837116154771,3607837116159361,3607837116378972,3607837116989494,0,12,96,128,model.layers.3.self_attn.attn
3607837117365705,3607837117372975,3607837117701526,3607837118602349,0,12,96,1,model.layers.0.self_attn.swa_cache
3607837119070170,3607837119077050,3607837119394551,3607837120054483,0,12,96,1,model.layers.1.self_attn.swa_cache
3607837120524265,3607837120530995,3607837120846496,3607837121486257,0,12,96,1,model.layers.2.self_attn.compressor.state_cache
3607837121742948,3607837121749078,3607837122108649,3607837122746891,0,12,96,1,model.layers.2.self_attn.indexer.compressor.state_cache
3607837123205053,3607837123260073,3607837123589494,3607837124244476,0,12,96,1,model.layers.3.self_attn.compressor.state_cache
3607837176398866,3607837177037058,3607837177242679,3607837183313088,1,12,96,4,model.layers.2.self_attn.indexer.k_cache
3607837183675419,3607837183682149,3607837184085570,3607837184839942,0,12,96,4,model.layers.2.self_attn.attn
3607837185334574,3607837185341604,3607837185673895,3607837186613298,0,12,96,128,model.layers.3.self_attn.attn
3607837187094909,3607837187102139,3607837187431610,3607837188370353,0,12,96,1,model.layers.0.self_attn.swa_cache
3607837188862185,3607837188869295,3607837189197836,3607837189850338,0,12,96,1,model.layers.1.self_attn.swa_cache
3607837190317829,3607837190322469,3607837190547980,3607837190969211,0,12,96,1,model.layers.2.self_attn.compressor.state_cache
3607837191144832,3607837191149012,3607837191388062,3607837191813834,0,12,96,1,model.layers.2.self_attn.indexer.compressor.state_cache
3607837192139875,3607837192179095,3607837192394415,3607837192821007,0,12,96,1,model.layers.3.self_attn.compressor.state_cache
3607837245364868,3607837246007940,3607837246208611,3607837251851118,1,12,96,4,model.layers.2.self_attn.indexer.k_cache
3607837252108839,3607837252113059,3607837252362830,3607837252860681,0,12,96,4,model.layers.2.self_attn.attn
3607837253185542,3607837253190242,3607837253410873,3607837254146865,0,12,96,128,model.layers.3.self_attn.attn
3607837254480176,3607837254484816,3607837254703527,3607837255456699,0,12,96,1,model.layers.0.self_attn.swa_cache
3607837255962821,3607837255970351,3607837256327022,3607837256980994,0,12,96,1,model.layers.1.self_attn.swa_cache
3607837257464966,3607837257472146,3607837257799227,3607837258436569,0,12,96,1,model.layers.2.self_attn.compressor.state_cache
3607837258699699,3607837258706059,3607837259075331,3607837259732813,0,12,96,1,model.layers.2.self_attn.indexer.compressor.state_cache
3607837260228214,3607837260283424,3607837260613665,3607837261257317,0,12,96,1,model.layers.3.self_attn.compressor.state_cache
3607837315140173,3607837315806635,3607837316052566,3607837320346229,1,12,96,4,model.layers.2.self_attn.indexer.k_cache
3607837320654440,3607837320659660,3607837320957731,3607837321539363,0,12,96,4,model.layers.2.self_attn.attn
3607837321928694,3607837321934214,3607837322196335,3607837323065367,0,12,96,128,model.layers.3.self_attn.attn
3607837323471649,3607837323477269,3607837323734009,3607837324628142,0,12,96,1,model.layers.0.self_attn.swa_cache
3607837325013623,3607837325019153,3607837325276234,3607837325789376,0,12,96,1,model.layers.1.self_attn.swa_cache
3607837326172157,3607837326177647,3607837326431048,3607837326929849,0,12,96,1,model.layers.2.self_attn.compressor.state_cache
3607837327140200,3607837327145400,3607837327440391,3607837327950122,0,12,96,1,model.layers.2.self_attn.indexer.compressor.state_cache
3607837328360374,3607837328398104,3607837328616334,3607837329033006,0,12,96,1,model.layers.3.self_attn.compressor.state_cache
3607837382346750,3607837383008782,3607837383221602,3607837388164187,1,12,96,4,model.layers.2.self_attn.indexer.k_cache
3607837388441998,3607837388446428,3607837388695989,3607837389188461,0,12,96,4,model.layers.2.self_attn.attn
3607837389514312,3607837389519392,3607837389735562,3607837390477725,0,12,96,128,model.layers.3.self_attn.attn
3607837390811836,3607837390817056,3607837391032856,3607837391759038,0,12,96,1,model.layers.0.self_attn.swa_cache
3607837392093610,3607837392098890,3607837392322710,3607837392883662,0,12,96,1,model.layers.1.self_attn.swa_cache
3607837393299813,3607837393305863,3607837393575064,3607837394114736,0,12,96,1,model.layers.2.self_attn.compressor.state_cache
3607837394350736,3607837394356116,3607837394658357,3607837395188129,0,12,96,1,model.layers.2.self_attn.indexer.compressor.state_cache
3607837395579400,3607837395628220,3607837395900291,3607837396462863,0,12,96,1,model.layers.3.self_attn.compressor.state_cache
3607837450388319,3607837451030001,3607837451234281,3607837455909476,1,12,96,4,model.layers.2.self_attn.indexer.k_cache
3607837456192347,3607837456196847,3607837456447217,3607837456927259,0,12,96,4,model.layers.2.self_attn.attn
3607837457250650,3607837457255520,3607837457472651,3607837458354753,0,12,96,128,model.layers.3.self_attn.attn
3607837458778925,3607837458785065,3607837459053915,3607837459971358,0,12,96,1,model.layers.0.self_attn.swa_cache
3607837460384349,3607837460389999,3607837460658730,3607837461197622,0,12,96,1,model.layers.1.self_attn.swa_cache
3607837461589773,3607837461595733,3607837461861304,3607837462399036,0,12,96,1,model.layers.2.self_attn.compressor.state_cache
3607837462617446,3607837462622856,3607837462926717,3607837463462659,0,12,96,1,model.layers.2.self_attn.indexer.compressor.state_cache
3607837463855500,3607837463901070,3607837464187511,3607837464725423,0,12,96,1,model.layers.3.self_attn.compressor.state_cache
3607837517705206,3607837518344368,3607837518549168,3607837523531174,1,12,96,4,model.layers.2.self_attn.indexer.k_cache
3607837523855815,3607837523861105,3607837524200896,3607837524815498,0,12,96,4,model.layers.2.self_attn.attn
3607837525225209,3607837525231629,3607837525506720,3607837526439453,0,12,96,128,model.layers.3.self_attn.attn
3607837526864214,3607837526869904,3607837527139535,3607837528046058,0,12,96,1,model.layers.0.self_attn.swa_cache
3607837528450989,3607837528457029,3607837528731160,3607837529262041,0,12,96,1,model.layers.1.self_attn.swa_cache
3607837529654692,3607837529660632,3607837529934243,3607837530468475,0,12,96,1,model.layers.2.self_attn.compressor.state_cache
3607837530690076,3607837530695096,3607837530980507,3607837531397278,0,12,96,1,model.layers.2.self_attn.indexer.compressor.state_cache
3607837531712859,3607837531748639,3607837531961820,3607837532396291,0,12,96,1,model.layers.3.self_attn.compressor.state_cache
3607837585080053,3607837585740815,3607837585954506,3607837592033114,1,12,96,4,model.layers.2.self_attn.indexer.k_cache
3607837592314145,3607837592318575,3607837592564026,3607837593046617,0,12,96,4,model.layers.2.self_attn.attn
3607837593368278,3607837593373188,3607837593591609,3607837594314021,0,12,96,128,model.layers.3.self_attn.attn
3607837594653672,3607837594658302,3607837594875033,3607837595793146,0,12,96,1,model.layers.0.self_attn.swa_cache
3607837596305907,3607837596313307,3607837596648178,3607837597315781,0,12,96,1,model.layers.1.self_attn.swa_cache
3607837597801072,3607837597808542,3607837598142793,3607837598804875,0,12,96,1,model.layers.2.self_attn.compressor.state_cache
3607837599075596,3607837599081856,3607837599456337,3607837600112039,0,12,96,1,model.layers.2.self_attn.indexer.compressor.state_cache
3607837600596931,3607837600654031,3607837600997772,3607837601655204,0,12,96,1,model.layers.3.self_attn.compressor.state_cache
3607837658638829,3607837659292781,3607837659510962,3607837661819769,1,12,96,4,model.layers.2.self_attn.indexer.k_cache
3607837662118800,3607837662123290,3607837662370851,3607837662845772,0,12,96,4,model.layers.2.self_attn.attn
3607837663166653,3607837663171643,3607837663385674,3607837664137706,0,12,96,128,model.layers.3.self_attn.attn
3607837664463267,3607837664467947,3607837664680238,3607837665384400,0,12,96,1,model.layers.0.self_attn.swa_cache
3607837665711161,3607837665715571,3607837665931871,3607837666362133,0,12,96,1,model.layers.1.self_attn.swa_cache
3607837666674804,3607837666679314,3607837666892324,3607837667323566,0,12,96,1,model.layers.2.self_attn.compressor.state_cache
3607837667499406,3607837667503736,3607837667742007,3607837668180728,0,12,96,1,model.layers.2.self_attn.indexer.compressor.state_cache
3607837668490999,3607837668527379,3607837668742770,3607837669194191,0,12,96,1,model.layers.3.self_attn.compressor.state_cache
3607837721929364,3607837722566796,3607837722775846,3607837728442954,1,12,96,4,model.layers.2.self_attn.indexer.k_cache
3607837728742025,3607837728747115,3607837729042956,3607837729625697,0,12,96,4,model.layers.2.self_attn.attn
3607837730010318,3607837730015829,3607837730270839,3607837731130432,0,12,96,128,model.layers.3.self_attn.attn
3607837731515553,3607837731521393,3607837731790304,3607837733642930,0,12,96,1,model.layers.0.self_attn.swa_cache
3607837734077971,3607837734083501,3607837734340032,3607837734851653,0,12,96,1,model.layers.1.self_attn.swa_cache
3607837735241915,3607837735247245,3607837735505155,3607837736024547,0,12,96,1,model.layers.2.self_attn.compressor.state_cache
3607837736250048,3607837736255288,3607837736549919,3607837737069810,0,12,96,1,model.layers.2.self_attn.indexer.compressor.state_cache
3607837737441221,3607837737487211,3607837737748582,3607837738257014,0,12,96,1,model.layers.3.self_attn.compressor.state_cache
3607837792082009,3607837792750271,3607837792980222,3607837797035375,1,12,96,4,model.layers.2.self_attn.indexer.k_cache
3607837797293805,3607837797298465,3607837797542436,3607837798019518,0,12,96,4,model.layers.2.self_attn.attn
3607837798343689,3607837798348539,3607837798565889,3607837799348572,0,12,96,128,model.layers.3.self_attn.attn
3607837799747293,3607837799752883,3607837800042064,3607837800909787,0,12,96,1,model.layers.0.self_attn.swa_cache
3607837801306668,3607837801312458,3607837801572619,3607837802086980,0,12,96,1,model.layers.1.self_attn.swa_cache
3607837802461871,3607837802467481,3607837802727172,3607837803235044,0,12,96,1,model.layers.2.self_attn.compressor.state_cache
3607837803445474,3607837803450294,3607837803738455,3607837804258227,0,12,96,1,model.layers.2.self_attn.indexer.compressor.state_cache
3607837804630508,3607837804673048,3607837804934769,3607837805435340,0,12,96,1,model.layers.3.self_attn.compressor.state_cache
3607837861024791,3607837861654393,3607837861862144,3607837868922256,1,12,96,4,model.layers.2.self_attn.indexer.k_cache
3607837869173996,3607837869178756,3607837869441507,3607837869956629,0,12,96,4,model.layers.2.self_attn.attn
3607837870304390,3607837870309420,3607837870542711,3607837871318293,0,12,96,128,model.layers.3.self_attn.attn
3607837871678814,3607837871683654,3607837871915495,3607837873198859,0,12,96,1,model.layers.0.self_attn.swa_cache
3607837873763391,3607837873771391,3607837874160612,3607837874912744,0,12,96,1,model.layers.1.self_attn.swa_cache
3607837875467026,3607837875475016,3607837875857117,3607837876636569,0,12,96,1,model.layers.2.self_attn.compressor.state_cache
3607837876947000,3607837876954010,3607837877380412,3607837878128604,0,12,96,1,model.layers.2.self_attn.indexer.compressor.state_cache
3607837878672106,3607837878736836,3607837879117537,3607837879868499,0,12,96,1,model.layers.3.self_attn.compressor.state_cache
3607837933249833,3607837933914035,3607837934126966,3607837941120788,1,12,96,4,model.layers.2.self_attn.indexer.k_cache
3607837941434929,3607837941439949,3607837941727030,3607837942283461,0,12,96,4,model.layers.2.self_attn.attn
3607837942671672,3607837942677212,3607837942926903,3607837943773066,0,12,96,128,model.layers.3.self_attn.attn
3607837944156847,3607837944162387,3607837944410458,3607837945339931,0,12,96,1,model.layers.0.self_attn.swa_cache
3607837945881772,3607837945888692,3607837946217323,3607837946854915,0,12,96,1,model.layers.1.self_attn.swa_cache
3607837947324107,3607837947331067,3607837947657528,3607837948328130,0,12,96,1,model.layers.2.self_attn.compressor.state_cache
3607837948597411,3607837948603731,3607837948986752,3607837949640204,0,12,96,1,model.layers.2.self_attn.indexer.compressor.state_cache
3607837950111605,3607837950166575,3607837950490996,3607837951136178,0,12,96,1,model.layers.3.self_attn.compressor.state_cache
3607838006465069,3607838007110271,3607838007314551,3607838014361393,1,12,96,4,model.layers.2.self_attn.indexer.k_cache
3607838014637044,3607838014641614,3607838014914325,3607838015449696,0,12,96,4,model.layers.2.self_attn.attn
3607838015825657,3607838015830927,3607838016091978,3607838016889671,0,12,96,128,model.layers.3.self_attn.attn
3607838017271302,3607838017276392,3607838017518073,3607838018355165,0,12,96,1,model.layers.0.self_attn.swa_cache
3607838018683496,3607838018688206,3607838018908747,3607838019341958,0,12,96,1,model.layers.1.self_attn.swa_cache
3607838019665479,3607838019669959,3607838019885440,3607838020334091,0,12,96,1,model.layers.2.self_attn.compressor.state_cache
3607838020516742,3607838020520842,3607838020764003,3607838021187854,0,12,96,1,model.layers.2.self_attn.indexer.compressor.state_cache
3607838021508645,3607838021547765,3607838021765876,3607838022197637,0,12,96,1,model.layers.3.self_attn.compressor.state_cache
3607838076694175,3607838077362827,3607838077582387,3607838082888924,1,12,96,4,model.layers.2.self_attn.indexer.k_cache
3607838083188824,3607838083193084,3607838083450705,3607838083952727,0,12,96,4,model.layers.2.self_attn.attn
3607838084327858,3607838084332848,3607838084565079,3607838085332791,0,12,96,128,model.layers.3.self_attn.attn
3607838085681352,3607838085686372,3607838085908683,3607838086641605,0,12,96,1,model.layers.0.self_attn.swa_cache
3607838086969456,3607838086974336,3607838087198347,3607838087630888,0,12,96,1,model.layers.1.self_attn.swa_cache
3607838087954459,3607838087959129,3607838088196820,3607838088633931,0,12,96,1,model.layers.2.self_attn.compressor.state_cache
3607838088815272,3607838088819392,3607838089065313,3607838089509564,0,12,96,1,model.layers.2.self_attn.indexer.compressor.state_cache
3607838089837515,3607838089878195,3607838090099276,3607838090543497,0,12,96,1,model.layers.3.self_attn.compressor.state_cache
3607838145283165,3607838145950337,3607838146161338,3607838151356194,1,12,96,4,model.layers.2.self_attn.indexer.k_cache
3607838151629225,3607838151633625,3607838151880746,3607838152368927,0,12,96,4,model.layers.2.self_attn.attn
3607838152688078,3607838152692838,3607838152910789,3607838153657471,0,12,96,128,model.layers.3.self_attn.attn
3607838153992282,3607838153997212,3607838154213893,3607838154949205,0,12,96,1,model.layers.0.self_attn.swa_cache
3607838155269416,3607838155274316,3607838155489197,3607838155912528,0,12,96,1,model.layers.1.self_attn.swa_cache
3607838156348259,3607838156354829,3607838156647590,3607838157227162,0,12,96,1,model.layers.2.self_attn.compressor.state_cache
3607838157463523,3607838157469253,3607838157799494,3607838158382836,0,12,96,1,model.layers.2.self_attn.indexer.compressor.state_cache
3607838158806867,3607838158858517,3607838159145328,3607838159714050,0,12,96,1,model.layers.3.self_attn.compressor.state_cache
3607838213835306,3607838214483748,3607838214693779,3607838220075055,1,12,96,4,model.layers.2.self_attn.indexer.k_cache
3607838220329016,3607838220333186,3607838220682197,3607838221344079,0,12,96,4,model.layers.2.self_attn.attn
3607838221785531,3607838221791991,3607838222093042,3607838223103765,0,12,96,128,model.layers.3.self_attn.attn
3607838223533076,3607838223539136,3607838223830667,3607838224820550,0,12,96,1,model.layers.0.self_attn.swa_cache
3607838225252521,3607838225258961,3607838225552592,3607838226137584,0,12,96,1,model.layers.1.self_attn.swa_cache
3607838226556345,3607838226562655,3607838226850976,3607838227424778,0,12,96,1,model.layers.2.self_attn.compressor.state_cache
3607838227699379,3607838227705109,3607838228049070,3607838228644522,0,12,96,1,model.layers.2.self_attn.indexer.compressor.state_cache
3607838229001863,3607838229038543,3607838229255134,3607838229673485,0,12,96,1,model.layers.3.self_attn.compressor.state_cache
3607838282599738,3607838283252350,3607838283466120,3607838287897264,1,12,96,4,model.layers.2.self_attn.indexer.k_cache
3607838288173385,3607838288177765,3607838288423596,3607838288913297,0,12,96,4,model.layers.2.self_attn.attn
3607838289242108,3607838289246548,3607838289463039,3607838290190981,0,12,96,128,model.layers.3.self_attn.attn
3607838290513882,3607838290518662,3607838290738343,3607838291468835,0,12,96,1,model.layers.0.self_attn.swa_cache
3607838291793776,3607838291798576,3607838292030237,3607838292467558,0,12,96,1,model.layers.1.self_attn.swa_cache
3607838292786159,3607838292790859,3607838293007410,3607838293429911,0,12,96,1,model.layers.2.self_attn.compressor.state_cache
3607838293608141,3607838293612171,3607838293911792,3607838294430634,0,12,96,1,model.layers.2.self_attn.indexer.compressor.state_cache
3607838294808935,3607838294853365,3607838295122126,3607838295639708,0,12,96,1,model.layers.3.self_attn.compressor.state_cache
3607838349849344,3607838350499586,3607838350703627,3607838355592152,1,12,96,4,model.layers.2.self_attn.indexer.k_cache
3607838355852593,3607838355856913,3607838356126094,3607838356604345,0,12,96,4,model.layers.2.self_attn.attn
3607838356928126,3607838356932546,3607838357147487,3607838357899529,0,12,96,128,model.layers.3.self_attn.attn
3607838358222940,3607838358227440,3607838358440491,3607838359183103,0,12,96,1,model.layers.0.self_attn.swa_cache
3607838359634965,3607838359641345,3607838359920775,3607838360500257,0,12,96,1,model.layers.1.self_attn.swa_cache
3607838360912838,3607838360918658,3607838361197209,3607838361749771,0,12,96,1,model.layers.2.self_attn.compressor.state_cache
3607838361976102,3607838361981552,3607838362288693,3607838362835354,0,12,96,1,model.layers.2.self_attn.indexer.compressor.state_cache
3607838363242106,3607838363289856,3607838363569507,3607838364146458,0,12,96,1,model.layers.3.self_attn.compressor.state_cache
3607838417633833,3607838418281055,3607838418486615,3607838424371874,1,12,96,4,model.layers.2.self_attn.indexer.k_cache
3607838424721595,3607838424728515,3607838425105526,3607838425847628,0,12,96,4,model.layers.2.self_attn.attn
3607838426339860,3607838426347560,3607838426681961,3607838427807284,0,12,96,128,model.layers.3.self_attn.attn
3607838428318416,3607838428325776,3607838428664007,3607838429786750,0,12,96,1,model.layers.0.self_attn.swa_cache
3607838430281282,3607838430288372,3607838430618223,3607838431264235,0,12,96,1,model.layers.1.self_attn.swa_cache
3607838431739626,3607838431746896,3607838432180598,3607838432618479,0,12,96,1,model.layers.2.self_attn.compressor.state_cache
3607838432798089,3607838432802209,3607838433040170,3607838433461532,0,12,96,1,model.layers.2.self_attn.indexer.compressor.state_cache
3607838433779483,3607838433816893,3607838434032723,3607838434457275,0,12,96,1,model.layers.3.self_attn.compressor.state_cache
3607838487121087,3607838487770249,3607838487979419,3607838492869554,1,12,96,4,model.layers.2.self_attn.indexer.k_cache
3607838493126495,3607838493130815,3607838493375746,3607838493861257,0,12,96,4,model.layers.2.self_attn.attn
3607838494182298,3607838494186998,3607838494402439,3607838495143151,0,12,96,128,model.layers.3.self_attn.attn
3607838495463032,3607838495467682,3607838495688083,3607838496422445,0,12,96,1,model.layers.0.self_attn.swa_cache
3607838496744576,3607838496749096,3607838496964647,3607838497469528,0,12,96,1,model.layers.1.self_attn.swa_cache
3607838497872150,3607838497878090,3607838498150610,3607838498698582,0,12,96,1,model.layers.2.self_attn.compressor.state_cache
3607838498927133,3607838498932083,3607838499243764,3607838499784105,0,12,96,1,model.layers.2.self_attn.indexer.compressor.state_cache
3607838500206407,3607838500253147,3607838500536658,3607838501086449,0,12,96,1,model.layers.3.self_attn.compressor.state_cache
3607838554926445,3607838555580647,3607838555789278,3607838563025790,1,12,96,4,model.layers.2.self_attn.indexer.k_cache
3607838563473421,3607838563481281,3607838563928013,3607838564840225,0,12,96,4,model.layers.2.self_attn.attn
3607838565422227,3607838565430747,3607838565818899,3607838567147373,0,12,96,128,model.layers.3.self_attn.attn
3607838567726754,3607838567735554,3607838568147446,3607838569484270,0,12,96,1,model.layers.0.self_attn.swa_cache
3607838570094182,3607838570098912,3607838570316612,3607838570740084,0,12,96,1,model.layers.1.self_attn.swa_cache
3607838571056785,3607838571061525,3607838571273615,3607838571700337,0,12,96,1,model.layers.2.self_attn.compressor.state_cache
3607838571883667,3607838571887837,3607838572140338,3607838572567349,0,12,96,1,model.layers.2.self_attn.indexer.compressor.state_cache
3607838572879550,3607838572915600,3607838573130111,3607838573553282,0,12,96,1,model.layers.3.self_attn.compressor.state_cache
3607838626804646,3607838627465118,3607838627708569,3607838631917082,1,12,96,4,model.layers.2.self_attn.indexer.k_cache
3607838632217393,3607838632221813,3607838632468843,3607838632953635,0,12,96,4,model.layers.2.self_attn.attn
3607838633278026,3607838633282826,3607838633502527,3607838634243479,0,12,96,128,model.layers.3.self_attn.attn
3607838634600980,3607838634606670,3607838634843791,3607838635668023,0,12,96,1,model.layers.0.self_attn.swa_cache
3607838636065925,3607838636071435,3607838636303895,3607838636790567,0,12,96,1,model.layers.1.self_attn.swa_cache
3607838637180208,3607838637185558,3607838637446399,3607838637956990,0,12,96,1,model.layers.2.self_attn.compressor.state_cache
3607838638167861,3607838638172731,3607838638467302,3607838638984143,0,12,96,1,model.layers.2.self_attn.indexer.compressor.state_cache
3607838639361265,3607838639404505,3607838639663856,3607838640188607,0,12,96,1,model.layers.3.self_attn.compressor.state_cache
3607838693893892,3607838694552954,3607838694765865,3607838701891477,1,12,96,4,model.layers.2.self_attn.indexer.k_cache
3607838702245578,3607838702251558,3607838702589779,3607838703260521,0,12,96,4,model.layers.2.self_attn.attn
3607838703702772,3607838703709343,3607838704032483,3607838705035567,0,12,96,128,model.layers.3.self_attn.attn
3607838705475048,3607838705481628,3607838705794739,3607838706800762,0,12,96,1,model.layers.0.self_attn.swa_cache
3607838707253833,3607838707259753,3607838707532724,3607838708087826,0,12,96,1,model.layers.1.self_attn.swa_cache
3607838708490737,3607838708496727,3607838708769168,3607838709303780,0,12,96,1,model.layers.2.self_attn.compressor.state_cache
3607838709535670,3607838709540680,3607838709843341,3607838710387913,0,12,96,1,model.layers.2.self_attn.indexer.compressor.state_cache
3607838710780524,3607838710826954,3607838711101035,3607838711628627,0,12,96,1,model.layers.3.self_attn.compressor.state_cache
3607838767452219,3607838768212211,3607838768482822,3607838771574781,1,12,96,4,model.layers.2.self_attn.indexer.k_cache
3607838771851222,3607838771855672,3607838772125973,3607838772628864,0,12,96,4,model.layers.2.self_attn.attn
3607838772951125,3607838772955855,3607838773170966,3607838773919468,0,12,96,128,model.layers.3.self_attn.attn
3607838774241969,3607838774246519,3607838774463870,3607838775172642,0,12,96,1,model.layers.0.self_attn.swa_cache
3607838775491843,3607838775496443,3607838775709884,3607838776146565,0,12,96,1,model.layers.1.self_attn.swa_cache
3607838776462686,3607838776466746,3607838776679477,3607838777093018,0,12,96,1,model.layers.2.self_attn.compressor.state_cache
3607838777267389,3607838777271329,3607838777511989,3607838777932151,0,12,96,1,model.layers.2.self_attn.indexer.compressor.state_cache
3607838778247582,3607838778287102,3607838778505402,3607838778929724,0,12,96,1,model.layers.3.self_attn.compressor.state_cache
3607838833605822,3607838834263844,3607838834474855,3607838841353656,1,12,96,4,model.layers.2.self_attn.indexer.k_cache
3607838841607117,3607838841611737,3607838841854107,3607838842343459,0,12,96,4,model.layers.2.self_attn.attn
3607838842672380,3607838842676810,3607838842890610,3607838843641243,0,12,96,128,model.layers.3.self_attn.attn
3607838844016964,3607838844022034,3607838844352735,3607838845468988,0,12,96,1,model.layers.0.self_attn.swa_cache
3607838845958420,3607838845965500,3607838846294331,3607838846942253,0,12,96,1,model.layers.1.self_attn.swa_cache
3607838847419574,3607838847426694,3607838847755535,3607838848414397,0,12,96,1,model.layers.2.self_attn.compressor.state_cache
3607838848683418,3607838848689828,3607838849051909,3607838849698931,0,12,96,1,model.layers.2.self_attn.indexer.compressor.state_cache
3607838850164933,3607838850219393,3607838850544954,3607838851190526,0,12,96,1,model.layers.3.self_attn.compressor.state_cache
3607838904514260,3607838905169892,3607838905385743,3607838911269221,1,12,96,4,model.layers.2.self_attn.indexer.k_cache
3607838911570652,3607838911575702,3607838911872553,3607838912497995,0,12,96,4,model.layers.2.self_attn.attn
3607838912881696,3607838912887046,3607838913142927,3607838914017509,0,12,96,128,model.layers.3.self_attn.attn
3607838914407190,3607838914412790,3607838914671601,3607838915553144,0,12,96,1,model.layers.0.self_attn.swa_cache
3607838915940605,3607838915946305,3607838916224686,3607838916726528,0,12,96,1,model.layers.1.self_attn.swa_cache
3607838917101119,3607838917106809,3607838917395590,3607838917872231,0,12,96,1,model.layers.2.self_attn.compressor.state_cache
3607838918072922,3607838918077752,3607838918349773,3607838918825194,0,12,96,1,model.layers.2.self_attn.indexer.compressor.state_cache
3607838919181365,3607838919222075,3607838919468266,3607838919941657,0,12,96,1,model.layers.3.self_attn.compressor.state_cache
3607838973277831,3607838973927763,3607838974134294,3607838980834055,1,12,96,4,model.layers.2.self_attn.indexer.k_cache
3607838981083545,3607838981087805,3607838981333076,3607838981814798,0,12,96,4,model.layers.2.self_attn.attn
3607838982135039,3607838982139579,3607838982506360,3607838983648093,0,12,96,128,model.layers.3.self_attn.attn
3607838984158285,3607838984165745,3607838984496726,3607838985601479,0,12,96,1,model.layers.0.self_attn.swa_cache
3607838986084901,3607838986092271,3607838986427062,3607838987065614,0,12,96,1,model.layers.1.self_attn.swa_cache
3607838987541055,3607838987548015,3607838987871166,3607838988544328,0,12,96,1,model.layers.2.self_attn.compressor.state_cache
3607838988814559,3607838988821019,3607838989187890,3607838989839722,0,12,96,1,model.layers.2.self_attn.indexer.compressor.state_cache
3607838990316074,3607838990352094,3607838990569205,3607838990980916,0,12,96,1,model.layers.3.self_attn.compressor.state_cache
3607839043688938,3607839044353070,3607839044564781,3607839050299928,1,12,96,4,model.layers.2.self_attn.indexer.k_cache
3607839050561439,3607839050565929,3607839050815130,3607839051308381,0,12,96,4,model.layers.2.self_attn.attn
3607839051656142,3607839051660682,3607839051882033,3607839052652466,0,12,96,128,model.layers.3.self_attn.attn
3607839052983687,3607839052988567,3607839053210647,3607839053990280,0,12,96,1,model.layers.0.self_attn.swa_cache
3607839054321981,3607839054326901,3607839054547431,3607839054985033,0,12,96,1,model.layers.1.self_attn.swa_cache
3607839055424224,3607839055430604,3607839055719235,3607839056314697,0,12,96,1,model.layers.2.self_attn.compressor.state_cache
3607839056559438,3607839056565218,3607839056887419,3607839057465070,0,12,96,1,model.layers.2.self_attn.indexer.compressor.state_cache
3607839057891032,3607839057940952,3607839058239393,3607839058820624,0,12,96,1,model.layers.3.self_attn.compressor.state_cache
3607839112679020,3607839113331402,3607839113538503,3607839119565331,1,12,96,4,model.layers.2.self_attn.indexer.k_cache
3607839119899542,3607839119906282,3607839120315614,3607839121083036,0,12,96,4,model.layers.2.self_attn.attn
3607839121586587,3607839121594238,3607839121933319,3607839123106632,0,12,96,128,model.layers.3.self_attn.attn
3607839123614344,3607839123622244,3607839123960215,3607839125128458,0,12,96,1,model.layers.0.self_attn.swa_cache
3607839125624510,3607839125632270,3607839125964921,3607839126622043,0,12,96,1,model.layers.1.self_attn.swa_cache
3607839127107884,3607839127115164,3607839127447566,3607839128096548,0,12,96,1,model.layers.2.self_attn.compressor.state_cache
3607839128303568,3607839128307648,3607839128533799,3607839128962620,0,12,96,1,model.layers.2.self_attn.indexer.compressor.state_cache
3607839129269411,3607839129307791,3607839129520622,3607839129941333,0,12,96,1,model.layers.3.self_attn.compressor.state_cache
3607839182616755,3607839183250617,3607839183453028,3607839188286023,1,12,96,4,model.layers.2.self_attn.indexer.k_cache
3607839188523743,3607839188528003,3607839188771544,3607839189245246,0,12,96,4,model.layers.2.self_attn.attn
3607839189561837,3607839189566537,3607839189776237,3607839190513439,0,12,96,128,model.layers.3.self_attn.attn
3607839190833680,3607839190838240,3607839191050381,3607839191787253,0,12,96,1,model.layers.0.self_attn.swa_cache
3607839192125834,3607839192130634,3607839192341655,3607839192930557,0,12,96,1,model.layers.1.self_attn.swa_cache
3607839193336998,3607839193343128,3607839193616529,3607839194163361,0,12,96,1,model.layers.2.self_attn.compressor.state_cache
3607839194389881,3607839194394971,3607839194703992,3607839195250954,0,12,96,1,model.layers.2.self_attn.indexer.compressor.state_cache
3607839195653725,3607839195699025,3607839195974086,3607839196549708,0,12,96,1,model.layers.3.self_attn.compressor.state_cache
3607839250305523,3607839250952515,3607839251163526,3607839256808733,1,12,96,4,model.layers.2.self_attn.indexer.k_cache
3607839257063834,3607839257068314,3607839257382345,3607839258131527,0,12,96,4,model.layers.2.self_attn.attn
3607839258621569,3607839258628889,3607839258957520,3607839260130984,0,12,96,128,model.layers.3.self_attn.attn
3607839260631055,3607839260638265,3607839260962266,3607839262080740,0,12,96,1,model.layers.0.self_attn.swa_cache
3607839262573511,3607839262581261,3607839262915402,3607839263564974,0,12,96,1,model.layers.1.self_attn.swa_cache
3607839264065776,3607839264073526,3607839264405097,3607839265057479,0,12,96,1,model.layers.2.self_attn.compressor.state_cache
3607839265322909,3607839265343980,3607839265609220,3607839266037582,0,12,96,1,model.layers.2.self_attn.indexer.compressor.state_cache
3607839266348743,3607839266384663,3607839266598613,3607839267020445,0,12,96,1,model.layers.3.self_attn.compressor.state_cache
3607839320294089,3607839320947761,3607839321175931,3607839325515755,1,12,96,4,model.layers.2.self_attn.indexer.k_cache
3607839325772395,3607839325776685,3607839326024536,3607839326516948,0,12,96,4,model.layers.2.self_attn.attn
3607839326836209,3607839326841289,3607839327058809,3607839327809372,0,12,96,128,model.layers.3.self_attn.attn
3607839328147243,3607839328152153,3607839328372513,3607839329117846,0,12,96,1,model.layers.0.self_attn.swa_cache
3607839329442097,3607839329446897,3607839329658897,3607839330087749,0,12,96,1,model.layers.1.self_attn.swa_cache
3607839330490740,3607839330496730,3607839330749961,3607839331264542,0,12,96,1,model.layers.2.self_attn.compressor.state_cache
3607839331476703,3607839331481623,3607839331768054,3607839332295365,0,12,96,1,model.layers.2.self_attn.indexer.compressor.state_cache
3607839332670607,3607839332715017,3607839332972188,3607839333484759,0,12,96,1,model.layers.3.self_attn.compressor.state_cache
3607839387368695,3607839388028767,3607839388239847,3607839394437767,1,12,96,4,model.layers.2.self_attn.indexer.k_cache
3607839394704637,3607839394708927,3607839395084579,3607839395896801,0,12,96,4,model.layers.2.self_attn.attn
3607839396460923,3607839396468883,3607839396835714,3607839398103088,0,12,96,128,model.layers.3.self_attn.attn
3607839398649189,3607839398657059,3607839399016211,3607839400238784,0,12,96,1,model.layers.0.self_attn.swa_cache
3607839400775366,3607839400783036,3607839401149347,3607839401856909,0,12,96,1,model.layers.1.self_attn.swa_cache
3607839402382831,3607839402390571,3607839402747642,3607839403286244,0,12,96,1,model.layers.2.self_attn.compressor.state_cache
3607839403463274,3607839403467054,3607839403709605,3607839404143736,0,12,96,1,model.layers.2.self_attn.indexer.compressor.state_cache
3607839404459507,3607839404494837,3607839404707698,3607839405122899,0,12,96,1,model.layers.3.self_attn.compressor.state_cache
3607839458264373,3607839458924415,3607839459139995,3607839463481639,1,12,96,4,model.layers.2.self_attn.indexer.k_cache
3607839463743010,3607839463747220,3607839463990550,3607839464508492,0,12,96,4,model.layers.2.self_attn.attn
3607839464834513,3607839464839223,3607839465056064,3607839465812776,0,12,96,128,model.layers.3.self_attn.attn
3607839466137787,3607839466142527,3607839466359718,3607839467081800,0,12,96,1,model.layers.0.self_attn.swa_cache
3607839467402851,3607839467407721,3607839467693572,3607839468248434,0,12,96,1,model.layers.1.self_attn.swa_cache
3607839468635025,3607839468641125,3607839468902886,3607839469416107,0,12,96,1,model.layers.2.self_attn.compressor.state_cache
3607839469627448,3607839469632688,3607839469918589,3607839470432520,0,12,96,1,model.layers.2.self_attn.indexer.compressor.state_cache
3607839470807551,3607839470853472,3607839471114742,3607839471625244,0,12,96,1,model.layers.3.self_attn.compressor.state_cache
3607839525473939,3607839526126431,3607839526335042,3607839533120943,1,12,96,4,model.layers.2.self_attn.indexer.k_cache
3607839533512714,3607839533519954,3607839533927165,3607839534728408,0,12,96,4,model.layers.2.self_attn.attn
3607839535260980,3607839535268440,3607839535626951,3607839536899275,0,12,96,128,model.layers.3.self_attn.attn
3607839537440536,3607839537448466,3607839537805187,3607839539012011,0,12,96,1,model.layers.0.self_attn.swa_cache
3607839539546713,3607839539554613,3607839539930764,3607839540374145,0,12,96,1,model.layers.1.self_attn.swa_cache
3607839540689316,3607839540693806,3607839540904467,3607839541331048,0,12,96,1,model.layers.2.self_attn.compressor.state_cache
3607839541510329,3607839541514329,3607839541757170,3607839542188131,0,12,96,1,model.layers.2.self_attn.indexer.compressor.state_cache
3607839542506162,3607839542544662,3607839542758903,3607839543188674,0,12,96,1,model.layers.3.self_attn.compressor.state_cache
3607839596359707,3607839597006249,3607839597215090,3607839601732034,1,12,96,4,model.layers.2.self_attn.indexer.k_cache
3607839602004245,3607839602008435,3607839602250386,3607839602734357,0,12,96,4,model.layers.2.self_attn.attn
3607839603053498,3607839603058128,3607839603276359,3607839604031841,0,12,96,128,model.layers.3.self_attn.attn
3607839604356922,3607839604361512,3607839604633903,3607839605545706,0,12,96,1,model.layers.0.self_attn.swa_cache
3607839605950417,3607839605956447,3607839606231448,3607839606777939,0,12,96,1,model.layers.1.self_attn.swa_cache
3607839607171511,3607839607178081,3607839607451902,3607839607985973,0,12,96,1,model.layers.2.self_attn.compressor.state_cache
3607839608227524,3607839608232724,3607839608542665,3607839609079467,0,12,96,1,model.layers.2.self_attn.indexer.compressor.state_cache
3607839609471258,3607839609515698,3607839609786919,3607839610322590,0,12,96,1,model.layers.3.self_attn.compressor.state_cache
3607839667818377,3607839668552949,3607839668788640,3607839671177698,1,12,96,4,model.layers.2.self_attn.indexer.k_cache
3607839671456698,3607839671460878,3607839671712709,3607839672242331,0,12,96,4,model.layers.2.self_attn.attn
3607839672570622,3607839672575332,3607839672791392,3607839673533605,0,12,96,128,model.layers.3.self_attn.attn
3607839673859016,3607839673863876,3607839674086296,3607839674825989,0,12,96,1,model.layers.0.self_attn.swa_cache
3607839675149320,3607839675154280,3607839675372750,3607839675804172,0,12,96,1,model.layers.1.self_attn.swa_cache
3607839676131873,3607839676136923,3607839676357933,3607839676781055,0,12,96,1,model.layers.2.self_attn.compressor.state_cache
3607839676957055,3607839676961075,3607839677201826,3607839677632857,0,12,96,1,model.layers.2.self_attn.indexer.compressor.state_cache
3607839677976418,3607839678015629,3607839678231609,3607839678654541,0,12,96,1,model.layers.3.self_attn.compressor.state_cache
3607839733880910,3607839734550382,3607839734794433,3607839738548465,1,12,96,4,model.layers.2.self_attn.indexer.k_cache
3607839738820246,3607839738824726,3607839739075356,3607839739566938,0,12,96,4,model.layers.2.self_attn.attn
3607839739890769,3607839739895609,3607839740136540,3607839740895362,0,12,96,128,model.layers.3.self_attn.attn
3607839741262753,3607839741267573,3607839741485584,3607839742217846,0,12,96,1,model.layers.0.self_attn.swa_cache
3607839742622447,3607839742627827,3607839742876208,3607839743365570,0,12,96,1,model.layers.1.self_attn.swa_cache
3607839743730281,3607839743735721,3607839743983371,3607839744498703,0,12,96,1,model.layers.2.self_attn.compressor.state_cache
3607839744701584,3607839744706254,3607839744985454,3607839745477566,0,12,96,1,model.layers.2.self_attn.indexer.compressor.state_cache
3607839745838557,3607839745884297,3607839746133078,3607839746614620,0,12,96,1,model.layers.3.self_attn.compressor.state_cache
3607839800870656,3607839801536508,3607839801754289,3607839807716747,1,12,96,4,model.layers.2.self_attn.indexer.k_cache
3607839808087489,3607839808093699,3607839808452460,3607839809175202,0,12,96,4,model.layers.2.self_attn.attn
3607839809655403,3607839809662293,3607839809990194,3607839811080028,0,12,96,128,model.layers.3.self_attn.attn
3607839811543699,3607839811550999,3607839811859760,3607839812940073,0,12,96,1,model.layers.0.self_attn.swa_cache
3607839813405245,3607839813412135,3607839813720396,3607839814332688,0,12,96,1,model.layers.1.self_attn.swa_cache
3607839814782909,3607839814789499,3607839815079080,3607839815506041,0,12,96,1,model.layers.2.self_attn.compressor.state_cache
3607839815685322,3607839815689562,3607839815925813,3607839816367514,0,12,96,1,model.layers.2.self_attn.indexer.compressor.state_cache
3607839816682505,3607839816720965,3607839816937656,3607839817377787,0,12,96,1,model.layers.3.self_attn.compressor.state_cache
3607839870710911,3607839871360943,3607839871572104,3607839876756370,1,12,96,4,model.layers.2.self_attn.indexer.k_cache
3607839877020341,3607839877024711,3607839877268661,3607839877751903,0,12,96,4,model.layers.2.self_attn.attn
3607839878075874,3607839878080774,3607839878295404,3607839879036937,0,12,96,128,model.layers.3.self_attn.attn
3607839879361378,3607839879366128,3607839879580758,3607839880606462,0,12,96,1,model.layers.0.self_attn.swa_cache
3607839881048103,3607839881054413,3607839881347914,3607839881920646,0,12,96,1,model.layers.1.self_attn.swa_cache
3607839882342077,3607839882348337,3607839882634078,3607839883199740,0,12,96,1,model.layers.2.self_attn.compressor.state_cache
3607839883438770,3607839883444370,3607839883763211,3607839884359353,0,12,96,1,model.layers.2.self_attn.indexer.compressor.state_cache
3607839884780294,3607839884829935,3607839885119835,3607839885701177,0,12,96,1,model.layers.3.self_attn.compressor.state_cache
3607839939703253,3607839940372435,3607839940587746,3607839945202300,1,12,96,4,model.layers.2.self_attn.indexer.k_cache
3607839945514651,3607839945519911,3607839945816452,3607839946399314,0,12,96,4,model.layers.2.self_attn.attn
3607839946792255,3607839946797815,3607839947053456,3607839947965659,0,12,96,128,model.layers.3.self_attn.attn
3607839948392390,3607839948398220,3607839948659081,3607839949544054,0,12,96,1,model.layers.0.self_attn.swa_cache
3607839949928505,3607839949934435,3607839950189116,3607839950695307,0,12,96,1,model.layers.1.self_attn.swa_cache
3607839951072678,3607839951078428,3607839951333099,3607839951844931,0,12,96,1,model.layers.2.self_attn.compressor.state_cache
3607839952072071,3607839952076661,3607839952366282,3607839952877774,0,12,96,1,model.layers.2.self_attn.indexer.compressor.state_cache
3607839953188815,3607839953225515,3607839953436946,3607839953860457,0,12,96,1,model.layers.3.self_attn.compressor.state_cache
3607840006938050,3607840007589212,3607840007801373,3607840014099662,1,12,96,4,model.layers.2.self_attn.indexer.k_cache
3607840014392343,3607840014396453,3607840014646244,3607840015125775,0,12,96,4,model.layers.2.self_attn.attn
3607840015445196,3607840015449996,3607840015666187,3607840016440029,0,12,96,128,model.layers.3.self_attn.attn
3607840016770640,3607840016775340,3607840016993291,3607840018022514,0,12,96,1,model.layers.0.self_attn.swa_cache
3607840018553016,3607840018560676,3607840018915737,3607840019623099,0,12,96,1,model.layers.1.self_attn.swa_cache
3607840020161331,3607840020169231,3607840020526642,3607840021236124,0,12,96,1,model.layers.2.self_attn.compressor.state_cache
3607840021567155,3607840021574135,3607840021978036,3607840022672038,0,12,96,1,model.layers.2.self_attn.indexer.compressor.state_cache
3607840023189510,3607840023249930,3607840023603701,3607840024336724,0,12,96,1,model.layers.3.self_attn.compressor.state_cache
3607840077928528,3607840078571710,3607840078776821,3607840083401465,1,12,96,4,model.layers.2.self_attn.indexer.k_cache
3607840083696786,3607840083702226,3607840084036777,3607840084670699,0,12,96,4,model.layers.2.self_attn.attn
3607840085083900,3607840085089730,3607840085365331,3607840086328214,0,12,96,128,model.layers.3.self_attn.attn
3607840086734935,3607840086741415,3607840087012876,3607840087922019,0,12,96,1,model.layers.0.self_attn.swa_cache
3607840088344750,3607840088351280,3607840088621881,3607840089165013,0,12,96,1,model.layers.1.self_attn.swa_cache
3607840089567504,3607840089573664,3607840089845585,3607840090390567,0,12,96,1,model.layers.2.self_attn.compressor.state_cache
3607840090611537,3607840090616547,3607840090918688,3607840091414130,0,12,96,1,model.layers.2.self_attn.indexer.compressor.state_cache
3607840091723551,3607840091760201,3607840091970222,3607840092407803,0,12,96,1,model.layers.3.self_attn.compressor.state_cache
3607840145417646,3607840146066668,3607840146272239,3607840151221224,1,12,96,4,model.layers.2.self_attn.indexer.k_cache
3607840151465835,3607840151470025,3607840151713785,3607840152217537,0,12,96,4,model.layers.2.self_attn.attn
3607840152544828,3607840152549748,3607840152766639,3607840153499491,0,12,96,128,model.layers.3.self_attn.attn
3607840153824142,3607840153829012,3607840154043612,3607840154788915,0,12,96,1,model.layers.0.self_attn.swa_cache
3607840155109476,3607840155114186,3607840155331036,3607840155753118,0,12,96,1,model.layers.1.self_attn.swa_cache
3607840156079759,3607840156084559,3607840156372340,3607840156941841,0,12,96,1,model.layers.2.self_attn.compressor.state_cache
3607840157181362,3607840157186852,3607840157512003,3607840158077275,0,12,96,1,model.layers.2.self_attn.indexer.compressor.state_cache
3607840158502986,3607840158552566,3607840158846667,3607840159414109,0,12,96,1,model.layers.3.self_attn.compressor.state_cache
3607840213671406,3607840214318408,3607840214526528,3607840219027042,1,12,96,4,model.layers.2.self_attn.indexer.k_cache
3607840219275913,3607840219280113,3607840219526114,3607840220030445,0,12,96,4,model.layers.2.self_attn.attn
3607840220383076,3607840220387716,3607840220603207,3607840221336389,0,12,96,128,model.layers.3.self_attn.attn
3607840221657630,3607840221662320,3607840221934691,3607840222865204,0,12,96,1,model.layers.0.self_attn.swa_cache
3607840223264145,3607840223269955,3607840223538526,3607840224095218,0,12,96,1,model.layers.1.self_attn.swa_cache
3607840224495429,3607840224501399,3607840224771200,3607840225299522,0,12,96,1,model.layers.2.self_attn.compressor.state_cache
3607840225528332,3607840225533612,3607840225828853,3607840226360615,0,12,96,1,model.layers.2.self_attn.indexer.compressor.state_cache
3607840226755336,3607840226800906,3607840227069947,3607840227616059,0,12,96,1,model.layers.3.self_attn.compressor.state_cache
3607840280984033,3607840281627335,3607840281831535,3607840287886874,1,12,96,4,model.layers.2.self_attn.indexer.k_cache
3607840288250595,3607840288256585,3607840288609706,3607840289306868,0,12,96,4,model.layers.2.self_attn.attn
3607840289765850,3607840289772710,3607840290079121,3607840291150184,0,12,96,128,model.layers.3.self_attn.attn
3607840291617146,3607840291624526,3607840291935496,3607840293030620,0,12,96,1,model.layers.0.self_attn.swa_cache
3607840293490381,3607840293497211,3607840293810342,3607840294426404,0,12,96,1,model.layers.1.self_attn.swa_cache
3607840294800525,3607840294805645,3607840295027886,3607840295466307,0,12,96,1,model.layers.2.self_attn.compressor.state_cache
3607840295651978,3607840295655968,3607840295901439,3607840296366080,0,12,96,1,model.layers.2.self_attn.indexer.compressor.state_cache
3607840296694221,3607840296731901,3607840296951912,3607840297388943,0,12,96,1,model.layers.3.self_attn.compressor.state_cache
3607840350647677,3607840351304389,3607840351514750,3607840356288734,1,12,96,4,model.layers.2.self_attn.indexer.k_cache
3607840356551905,3607840356556075,3607840356800086,3607840357279167,0,12,96,4,model.layers.2.self_attn.attn
3607840357601948,3607840357606348,3607840357822099,3607840358571131,0,12,96,128,model.layers.3.self_attn.attn
3607840358941583,3607840358947553,3607840359225583,3607840360159876,0,12,96,1,model.layers.0.self_attn.swa_cache
3607840360564128,3607840360569728,3607840360840228,3607840361372950,0,12,96,1,model.layers.1.self_attn.swa_cache
3607840361770301,3607840361776231,3607840362045682,3607840362581294,0,12,96,1,model.layers.2.self_attn.compressor.state_cache
3607840362801704,3607840362806984,3607840363112595,3607840363652207,0,12,96,1,model.layers.2.self_attn.indexer.compressor.state_cache
3607840364063158,3607840364108728,3607840364381389,3607840364922801,0,12,96,1,model.layers.3.self_attn.compressor.state_cache
3607840418565776,3607840419225008,3607840419439639,3607840424673335,1,12,96,4,model.layers.2.self_attn.indexer.k_cache
3607840425006686,3607840425012206,3607840425327827,3607840425949339,0,12,96,4,model.layers.2.self_attn.attn
3607840426359760,3607840426365750,3607840426648151,3607840427636724,0,12,96,128,model.layers.3.self_attn.attn
3607840428070445,3607840428076675,3607840428357956,3607840429303409,0,12,96,1,model.layers.0.self_attn.swa_cache
3607840429717510,3607840429723670,3607840430001911,3607840430558503,0,12,96,1,model.layers.1.self_attn.swa_cache
3607840430963294,3607840430969684,3607840431244545,3607840431795107,0,12,96,1,model.layers.2.self_attn.compressor.state_cache
3607840431971577,3607840431975727,3607840432227428,3607840432650469,0,12,96,1,model.layers.2.self_attn.indexer.compressor.state_cache
3607840432966890,3607840433004750,3607840433219681,3607840433638652,0,12,96,1,model.layers.3.self_attn.compressor.state_cache
3607840487038496,3607840487688548,3607840487902409,3607840492713284,1,12,96,4,model.layers.2.self_attn.indexer.k_cache
3607840492988715,3607840492992805,3607840493237356,3607840493716237,0,12,96,4,model.layers.2.self_attn.attn
3607840494040948,3607840494045788,3607840494261539,3607840494999451,0,12,96,128,model.layers.3.self_attn.attn
3607840495321542,3607840495326292,3607840495540333,3607840496461545,0,12,96,1,model.layers.0.self_attn.swa_cache
3607840496864647,3607840496870667,3607840497146438,3607840497684279,0,12,96,1,model.layers.1.self_attn.swa_cache
3607840498079210,3607840498084980,3607840498353691,3607840498877763,0,12,96,1,model.layers.2.self_attn.compressor.state_cache
3607840499099204,3607840499104264,3607840499405815,3607840499931926,0,12,96,1,model.layers.2.self_attn.indexer.compressor.state_cache
3607840500339577,3607840500386338,3607840500655118,3607840501191950,0,12,96,1,model.layers.3.self_attn.compressor.state_cache
3607840554851895,3607840555500817,3607840555709458,3607840560425132,1,12,96,4,model.layers.2.self_attn.indexer.k_cache
3607840560675393,3607840560679523,3607840560989464,3607840561620086,0,12,96,4,model.layers.2.self_attn.attn
3607840562034277,3607840562040247,3607840562317308,3607840563265791,0,12,96,128,model.layers.3.self_attn.attn
3607840563682842,3607840563688492,3607840563969193,3607840564947176,0,12,96,1,model.layers.0.self_attn.swa_cache
3607840565364777,3607840565370577,3607840565654348,3607840566202990,0,12,96,1,model.layers.1.self_attn.swa_cache
3607840566610761,3607840566616401,3607840566891302,3607840567438044,0,12,96,1,model.layers.2.self_attn.compressor.state_cache
3607840567663564,3607840567668514,3607840567976785,3607840568551267,0,12,96,1,model.layers.2.self_attn.indexer.compressor.state_cache
3607840568952538,3607840568999229,3607840569294559,3607840569711751,0,12,96,1,model.layers.3.self_attn.compressor.state_cache
3607840622625973,3607840623274315,3607840623485566,3607840628305161,1,12,96,4,model.layers.2.self_attn.indexer.k_cache
3607840628583182,3607840628587952,3607840628850353,3607840629373664,0,12,96,4,model.layers.2.self_attn.attn
3607840629720365,3607840629725695,3607840629959576,3607840630775559,0,12,96,128,model.layers.3.self_attn.attn
3607840631158570,3607840631163540,3607840631397680,3607840632192993,0,12,96,1,model.layers.0.self_attn.swa_cache
3607840632537004,3607840632542304,3607840632777555,3607840633236366,0,12,96,1,model.layers.1.self_attn.swa_cache
3607840633571407,3607840633576367,3607840633807028,3607840634332449,0,12,96,1,model.layers.2.self_attn.compressor.state_cache
3607840634543060,3607840634547930,3607840634829621,3607840635332803,0,12,96,1,model.layers.2.self_attn.indexer.compressor.state_cache
3607840635714244,3607840635756634,3607840636035365,3607840636552816,0,12,96,1,model.layers.3.self_attn.compressor.state_cache
3607840690617353,3607840691278385,3607840691486615,3607840696637551,1,12,96,4,model.layers.2.self_attn.indexer.k_cache
3607840696904592,3607840696908792,3607840697153213,3607840697633264,0,12,96,4,model.layers.2.self_attn.attn
3607840697955105,3607840697960025,3607840698177536,3607840699177319,0,12,96,128,model.layers.3.self_attn.attn
3607840699613520,3607840699620070,3607840699910501,3607840700938064,0,12,96,1,model.layers.0.self_attn.swa_cache
3607840701375016,3607840701381366,3607840701670267,3607840702248738,0,12,96,1,model.layers.1.self_attn.swa_cache
3607840702673040,3607840702679320,3607840702971271,3607840703547882,0,12,96,1,model.layers.2.self_attn.compressor.state_cache
3607840703787193,3607840703792993,3607840704137674,3607840704713106,0,12,96,1,model.layers.2.self_attn.indexer.compressor.state_cache
3607840705135237,3607840705186507,3607840705475778,3607840706051060,0,12,96,1,model.layers.3.self_attn.compressor.state_cache
3607840762617554,3607840763365026,3607840763605997,3607840766012484,1,12,96,4,model.layers.2.self_attn.indexer.k_cache
3607840766313895,3607840766318115,3607840766572726,3607840767063598,0,12,96,4,model.layers.2.self_attn.attn
3607840767381639,3607840767386119,3607840767596559,3607840768351552,0,12,96,128,model.layers.3.self_attn.attn
3607840768679563,3607840768684343,3607840768908083,3607840769661606,0,12,96,1,model.layers.0.self_attn.swa_cache
3607840769985437,3607840769990057,3607840770210137,3607840770636899,0,12,96,1,model.layers.1.self_attn.swa_cache
3607840770949690,3607840770954520,3607840771175610,3607840771601332,0,12,96,1,model.layers.2.self_attn.compressor.state_cache
3607840771780462,3607840771784662,3607840772036843,3607840772479604,0,12,96,1,model.layers.2.self_attn.indexer.compressor.state_cache
3607840772791615,3607840772829905,3607840773047706,3607840773470657,0,12,96,1,model.layers.3.self_attn.compressor.state_cache
3607840827284663,3607840827944855,3607840828173306,3607840834041524,1,12,96,4,model.layers.2.self_attn.indexer.k_cache
3607840834301734,3607840834306014,3607840834548405,3607840835040207,0,12,96,4,model.layers.2.self_attn.attn
3607840835362068,3607840835366828,3607840835586528,3607840836569471,0,12,96,128,model.layers.3.self_attn.attn
3607840837062383,3607840837069373,3607840837402584,3607840838538467,0,12,96,1,model.layers.0.self_attn.swa_cache
3607840839041329,3607840839048849,3607840839379310,3607840840054382,0,12,96,1,model.layers.1.self_attn.swa_cache
3607840840530824,3607840840538204,3607840840874255,3607840841533477,0,12,96,1,model.layers.2.self_attn.compressor.state_cache
3607840841799157,3607840841804858,3607840842179429,3607840842840591,0,12,96,1,model.layers.2.self_attn.indexer.compressor.state_cache
3607840843315522,3607840843371912,3607840843695933,3607840844327505,0,12,96,1,model.layers.3.self_attn.compressor.state_cache
3607840898171531,3607840898849723,3607840899101254,3607840902983746,1,12,96,4,model.layers.2.self_attn.indexer.k_cache
3607840903255166,3607840903259447,3607840903503677,3607840903995939,0,12,96,4,model.layers.2.self_attn.attn
3607840904332900,3607840904337770,3607840904555640,3607840905297603,0,12,96,128,model.layers.3.self_attn.attn
3607840905623714,3607840905628344,3607840905853384,3607840906586607,0,12,96,1,model.layers.0.self_attn.swa_cache
3607840906907838,3607840906912698,3607840907135898,3607840907567040,0,12,96,1,model.layers.1.self_attn.swa_cache
3607840907918531,3607840907923341,3607840908156442,3607840908594793,0,12,96,1,model.layers.2.self_attn.compressor.state_cache
3607840908782153,3607840908786284,3607840909028714,3607840909521726,0,12,96,1,model.layers.2.self_attn.indexer.compressor.state_cache
3607840909868407,3607840909909937,3607840910155038,3607840910622649,0,12,96,1,model.layers.3.self_attn.compressor.state_cache
3607840967732185,3607840968411117,3607840968623048,3607840976046810,1,12,96,4,model.layers.2.self_attn.indexer.k_cache
3607840976477082,3607840976485012,3607840976949673,3607840977850686,0,12,96,4,model.layers.2.self_attn.attn
3607840978443018,3607840978451648,3607840978850639,3607840980269013,0,12,96,128,model.layers.3.self_attn.attn
3607840980870455,3607840980879065,3607840981287546,3607840982645441,0,12,96,1,model.layers.0.self_attn.swa_cache
3607840983073212,3607840983078102,3607840983298773,3607840983719854,0,12,96,1,model.layers.1.self_attn.swa_cache
3607840984045725,3607840984050555,3607840984278386,3607840984703357,0,12,96,1,model.layers.2.self_attn.compressor.state_cache
3607840984882048,3607840984886138,3607840985125048,3607840985546040,0,12,96,1,model.layers.2.self_attn.indexer.compressor.state_cache
3607840985859841,3607840985897081,3607840986116021,3607840986543733,0,12,96,1,model.layers.3.self_attn.compressor.state_cache
3607841040555399,3607841041212031,3607841041448662,3607841045173653,1,12,96,4,model.layers.2.self_attn.indexer.k_cache
3607841045439464,3607841045443714,3607841045689325,3607841046175176,0,12,96,4,model.layers.2.self_attn.attn
3607841046498097,3607841046502837,3607841046717108,3607841047564600,0,12,96,128,model.layers.3.self_attn.attn
3607841047939441,3607841047945181,3607841048220122,3607841049069115,0,12,96,1,model.layers.0.self_attn.swa_cache
3607841049438236,3607841049443966,3607841049696567,3607841050189688,0,12,96,1,model.layers.1.self_attn.swa_cache
3607841050552570,3607841050557880,3607841050803770,3607841051298132,0,12,96,1,model.layers.2.self_attn.compressor.state_cache
3607841051505512,3607841051510712,3607841051785823,3607841052291915,0,12,96,1,model.layers.2.self_attn.indexer.compressor.state_cache
3607841052657306,3607841052700236,3607841052946677,3607841053444118,0,12,96,1,model.layers.3.self_attn.compressor.state_cache
3607841107068813,3607841107723695,3607841107930976,3607841114603256,1,12,96,4,model.layers.2.self_attn.indexer.k_cache
3607841114935047,3607841114940738,3607841115264429,3607841115916481,0,12,96,4,model.layers.2.self_attn.attn
3607841116372432,3607841116378822,3607841116679933,3607841117683696,0,12,96,128,model.layers.3.self_attn.attn
3607841118106127,3607841118112917,3607841118403048,3607841119391981,0,12,96,1,model.layers.0.self_attn.swa_cache
3607841119817293,3607841119823923,3607841120216294,3607841120696565,0,12,96,1,model.layers.1.self_attn.swa_cache
3607841121054706,3607841121059856,3607841121301797,3607841121782229,0,12,96,1,model.layers.2.self_attn.compressor.state_cache
3607841121976179,3607841121981049,3607841122247500,3607841122731081,0,12,96,1,model.layers.2.self_attn.indexer.compressor.state_cache
3607841123077193,3607841123119673,3607841123360743,3607841123842165,0,12,96,1,model.layers.3.self_attn.compressor.state_cache
3607841176223896,3607841176873838,3607841177086469,3607841182437935,1,12,96,4,model.layers.2.self_attn.indexer.k_cache
3607841182695146,3607841182699616,3607841182942857,3607841183415868,0,12,96,4,model.layers.2.self_attn.attn
3607841183736659,3607841183741189,3607841183954390,3607841184698782,0,12,96,128,model.layers.3.self_attn.attn
3607841185015773,3607841185020353,3607841185323324,3607841186312157,0,12,96,1,model.layers.0.self_attn.swa_cache
3607841186734778,3607841186741038,3607841187035149,3607841187608931,0,12,96,1,model.layers.1.self_attn.swa_cache
3607841188037202,3607841188043642,3607841188335803,3607841188904175,0,12,96,1,model.layers.2.self_attn.compressor.state_cache
3607841189136646,3607841189142246,3607841189462597,3607841190023838,0,12,96,1,model.layers.2.self_attn.indexer.compressor.state_cache
3607841190436120,3607841190487410,3607841190778541,3607841191349263,0,12,96,1,model.layers.3.self_attn.compressor.state_cache
3607841247384045,3607841248035597,3607841248239687,3607841255180259,1,12,96,4,model.layers.2.self_attn.indexer.k_cache
3607841255425970,3607841255429950,3607841255666750,3607841256167812,0,12,96,4,model.layers.2.self_attn.attn
3607841256486253,3607841256491023,3607841256701054,3607841257439936,0,12,96,128,model.layers.3.self_attn.attn
3607841257760317,3607841257765057,3607841257974467,3607841259088611,0,12,96,1,model.layers.0.self_attn.swa_cache
3607841259640963,3607841259649303,3607841260046404,3607841260806926,0,12,96,1,model.layers.1.self_attn.swa_cache
3607841261350098,3607841261357868,3607841261733999,3607841262483211,0,12,96,1,model.layers.2.self_attn.compressor.state_cache
3607841262783452,3607841262790832,3607841263202953,3607841263941996,0,12,96,1,model.layers.2.self_attn.indexer.compressor.state_cache
3607841264506057,3607841264571978,3607841264943569,3607841265687701,0,12,96,1,model.layers.3.self_attn.compressor.state_cache
3607841319435116,3607841320105768,3607841320312979,3607841327378761,1,12,96,4,model.layers.2.self_attn.indexer.k_cache
3607841327669762,3607841327673882,3607841327938623,3607841328497604,0,12,96,4,model.layers.2.self_attn.attn
3607841328841705,3607841328846425,3607841329078376,3607841329877509,0,12,96,128,model.layers.3.self_attn.attn
3607841330222590,3607841330227690,3607841330456310,3607841331394883,0,12,96,1,model.layers.0.self_attn.swa_cache
3607841331885165,3607841331891955,3607841332242186,3607841332899488,0,12,96,1,model.layers.1.self_attn.swa_cache
3607841333373409,3607841333380239,3607841333708940,3607841334363142,0,12,96,1,model.layers.2.self_attn.compressor.state_cache
3607841334628613,3607841334635083,3607841335005394,3607841335663656,0,12,96,1,model.layers.2.self_attn.indexer.compressor.state_cache
3607841336150008,3607841336207718,3607841336536259,3607841337192461,0,12,96,1,model.layers.3.self_attn.compressor.state_cache
3607841390028174,3607841390679196,3607841390885486,3607841397045995,1,12,96,4,model.layers.2.self_attn.indexer.k_cache
3607841397384446,3607841397390126,3607841397714907,3607841398371309,0,12,96,4,model.layers.2.self_attn.attn
3607841398799681,3607841398805781,3607841399091421,3607841400113705,0,12,96,128,model.layers.3.self_attn.attn
3607841400544416,3607841400550706,3607841400843187,3607841401832130,0,12,96,1,model.layers.0.self_attn.swa_cache
3607841402256481,3607841402262821,3607841402552682,3607841403118664,0,12,96,1,model.layers.1.self_attn.swa_cache
3607841403516425,3607841403521125,3607841403745746,3607841404229887,0,12,96,1,model.layers.2.self_attn.compressor.state_cache
3607841404430588,3607841404435248,3607841404692709,3607841405155020,0,12,96,1,model.layers.2.self_attn.indexer.compressor.state_cache
3607841405488811,3607841405531381,3607841405763042,3607841406244693,0,12,96,1,model.layers.3.self_attn.compressor.state_cache
3607841463176208,3607841463828330,3607841464054131,3607841471168953,1,12,96,4,model.layers.2.self_attn.indexer.k_cache
3607841471503224,3607841471508884,3607841471832935,3607841472506617,0,12,96,4,model.layers.2.self_attn.attn
3607841472929748,3607841472936019,3607841473225659,3607841474241703,0,12,96,128,model.layers.3.self_attn.attn
3607841474667444,3607841474674294,3607841474960095,3607841475952938,0,12,96,1,model.layers.0.self_attn.swa_cache
3607841476393539,3607841476399839,3607841476700920,3607841477216082,0,12,96,1,model.layers.1.self_attn.swa_cache
3607841477585433,3607841477591073,3607841477843324,3607841478340775,0,12,96,1,model.layers.2.self_attn.compressor.state_cache
3607841478543506,3607841478548386,3607841478829347,3607841479343218,0,12,96,1,model.layers.2.self_attn.indexer.compressor.state_cache
3607841479707979,3607841479753279,3607841480018750,3607841480530202,0,12,96,1,model.layers.3.self_attn.compressor.state_cache
3607841535283640,3607841535937312,3607841536160643,3607841543379015,1,12,96,4,model.layers.2.self_attn.indexer.k_cache
3607841543728846,3607841543735036,3607841544104007,3607841544793570,0,12,96,4,model.layers.2.self_attn.attn
3607841545289951,3607841545296361,3607841545618782,3607841546702835,0,12,96,128,model.layers.3.self_attn.attn
3607841547157647,3607841547164307,3607841547467188,3607841548530271,0,12,96,1,model.layers.0.self_attn.swa_cache
3607841549011022,3607841549016573,3607841549269013,3607841549770185,0,12,96,1,model.layers.1.self_attn.swa_cache
3607841550142386,3607841550147996,3607841550400907,3607841550908158,0,12,96,1,model.layers.2.self_attn.compressor.state_cache
3607841551115219,3607841551120089,3607841551403640,3607841551901581,0,12,96,1,model.layers.2.self_attn.indexer.compressor.state_cache
3607841552285293,3607841552332423,3607841552585753,3607841553085295,0,12,96,1,model.layers.3.self_attn.compressor.state_cache
3607841609049227,3607841609695939,3607841609903990,3607841616986952,1,12,96,4,model.layers.2.self_attn.indexer.k_cache
3607841617307483,3607841617313093,3607841617623313,3607841618236185,0,12,96,4,model.layers.2.self_attn.attn
3607841618638507,3607841618644097,3607841618919857,3607841619879920,0,12,96,128,model.layers.3.self_attn.attn
3607841620323422,3607841620329442,3607841620602323,3607841621542776,0,12,96,1,model.layers.0.self_attn.swa_cache
3607841621941027,3607841621947117,3607841622267898,3607841622817319,0,12,96,1,model.layers.1.self_attn.swa_cache
3607841623212601,3607841623218501,3607841623490482,3607841624040483,0,12,96,1,model.layers.2.self_attn.compressor.state_cache
3607841624269054,3607841624274654,3607841624578085,3607841625113347,0,12,96,1,model.layers.2.self_attn.indexer.compressor.state_cache
3607841625510558,3607841625558318,3607841625828749,3607841626361770,0,12,96,1,model.layers.3.self_attn.compressor.state_cache
3607841680356726,3607841681030999,3607841681247679,3607841685762873,1,11,88,4,model.layers.2.self_attn.indexer.k_cache
3607841686030144,3607841686034464,3607841686278255,3607841686761796,0,11,88,4,model.layers.2.self_attn.attn
3607841687210138,3607841687216198,3607841687474678,3607841688373741,0,11,88,128,model.layers.3.self_attn.attn
3607841688752502,3607841688758122,3607841689014453,3607841689877616,0,11,88,1,model.layers.0.self_attn.swa_cache
3607841690257457,3607841690263137,3607841690519188,3607841691029039,0,11,88,1,model.layers.1.self_attn.swa_cache
3607841691395530,3607841691400890,3607841691654151,3607841692175203,0,11,88,1,model.layers.2.self_attn.compressor.state_cache
3607841692383553,3607841692388333,3607841692669444,3607841693175436,0,11,88,1,model.layers.2.self_attn.indexer.compressor.state_cache
3607841693541657,3607841693590027,3607841693839858,3607841694343269,0,11,88,1,model.layers.3.self_attn.compressor.state_cache
3607841747412003,3607841748079485,3607841748293085,3607841753909763,1,10,80,4,model.layers.2.self_attn.indexer.k_cache
3607841754232054,3607841754237474,3607841754552935,3607841755177477,0,10,80,4,model.layers.2.self_attn.attn
3607841755590588,3607841755596978,3607841755867699,3607841756848552,0,10,80,128,model.layers.3.self_attn.attn
3607841757259543,3607841757265533,3607841757543124,3607841758471387,0,10,80,1,model.layers.0.self_attn.swa_cache
3607841758879548,3607841758885668,3607841759158299,3607841759691970,0,10,80,1,model.layers.1.self_attn.swa_cache
3607841760222042,3607841760227802,3607841760462303,3607841760899044,0,10,80,1,model.layers.2.self_attn.compressor.state_cache
3607841761089035,3607841761093535,3607841761343016,3607841761786657,0,10,80,1,model.layers.2.self_attn.indexer.compressor.state_cache
3607841762112708,3607841762152928,3607841762372949,3607841762810730,0,10,80,1,model.layers.3.self_attn.compressor.state_cache
3607841817531798,3607841818235321,3607841818477641,3607841820917959,1,10,80,4,model.layers.2.self_attn.indexer.k_cache
3607841821195980,3607841821200620,3607841821444510,3607841821933562,0,10,80,4,model.layers.2.self_attn.attn
3607841822258533,3607841822263073,3607841822476524,3607841823217536,0,10,80,128,model.layers.3.self_attn.attn
3607841823543147,3607841823547587,3607841823758627,3607841824522370,0,10,80,1,model.layers.0.self_attn.swa_cache
3607841824847081,3607841824851661,3607841825066782,3607841825492403,0,10,80,1,model.layers.1.self_attn.swa_cache
3607841825841154,3607841825845654,3607841826061085,3607841826483186,0,10,80,1,model.layers.2.self_attn.compressor.state_cache
3607841826661256,3607841826665516,3607841826909007,3607841827322578,0,10,80,1,model.layers.2.self_attn.indexer.compressor.state_cache
3607841827632329,3607841827669090,3607841827875450,3607841828316702,0,10,80,1,model.layers.3.self_attn.compressor.state_cache
3607841881302794,3607841881955876,3607841882163757,3607841887604004,1,10,80,4,model.layers.2.self_attn.indexer.k_cache
3607841887851635,3607841887855775,3607841888115895,3607841888603367,0,10,80,4,model.layers.2.self_attn.attn
3607841888931388,3607841888936168,3607841889151329,3607841889898131,0,10,80,128,model.layers.3.self_attn.attn
3607841890220672,3607841890225592,3607841890442403,3607841891337925,0,10,80,1,model.layers.0.self_attn.swa_cache
3607841891794917,3607841891801457,3607841892135988,3607841892750500,0,10,80,1,model.layers.1.self_attn.swa_cache
3607841893205761,3607841893212521,3607841893518932,3607841894126124,0,10,80,1,model.layers.2.self_attn.compressor.state_cache
3607841894378175,3607841894384255,3607841894718596,3607841895312278,0,10,80,1,model.layers.2.self_attn.indexer.compressor.state_cache
3607841895756059,3607841895807959,3607841896135020,3607841896731282,0,10,80,1,model.layers.3.self_attn.compressor.state_cache
3607841950130556,3607841950790768,3607841951005329,3607841956845557,1,10,80,4,model.layers.2.self_attn.indexer.k_cache
3607841957197068,3607841957203298,3607841957557109,3607841958266461,0,10,80,4,model.layers.2.self_attn.attn
3607841958728463,3607841958735373,3607841959042694,3607841960134087,0,10,80,128,model.layers.3.self_attn.attn
3607841960598458,3607841960604848,3607841960912209,3607841961977443,0,10,80,1,model.layers.0.self_attn.swa_cache
3607841962434194,3607841962440554,3607841962749835,3607841963355327,0,10,80,1,model.layers.1.self_attn.swa_cache
3607841963801818,3607841963808458,3607841964113069,3607841964538490,0,10,80,1,model.layers.2.self_attn.compressor.state_cache
3607841964715951,3607841964720071,3607841964957902,3607841965377813,0,10,80,1,model.layers.2.self_attn.indexer.compressor.state_cache
3607841965685494,3607841965725524,3607841965941515,3607841966361166,0,10,80,1,model.layers.3.self_attn.compressor.state_cache
3607842019094248,3607842019738380,3607842019942371,3607842024570825,1,10,80,4,model.layers.2.self_attn.indexer.k_cache
3607842024828456,3607842024832566,3607842025076047,3607842025553368,0,10,80,4,model.layers.2.self_attn.attn
3607842025877029,3607842025881789,3607842026094680,3607842026846382,0,10,80,128,model.layers.3.self_attn.attn
3607842027171003,3607842027175763,3607842027387884,3607842028146966,0,10,80,1,model.layers.0.self_attn.swa_cache
3607842028469677,3607842028474297,3607842028687008,3607842029311320,0,10,80,1,model.layers.1.self_attn.swa_cache
3607842029708001,3607842029714031,3607842029984952,3607842030520453,0,10,80,1,model.layers.2.self_attn.compressor.state_cache
3607842030743894,3607842030749234,3607842031049475,3607842031589117,0,10,80,1,model.layers.2.self_attn.indexer.compressor.state_cache
3607842031983808,3607842032045038,3607842032324739,3607842032869691,0,10,80,1,model.layers.3.self_attn.compressor.state_cache
3607842086851007,3607842087514159,3607842087720819,3607842094437280,1,10,80,4,model.layers.2.self_attn.indexer.k_cache
3607842094812801,3607842094820061,3607842095227042,3607842096042085,0,10,80,4,model.layers.2.self_attn.attn
3607842096581907,3607842096589737,3607842096947678,3607842098170581,0,10,80,128,model.layers.3.self_attn.attn
3607842098709213,3607842098717063,3607842099072824,3607842100338468,0,10,80,1,model.layers.0.self_attn.swa_cache
3607842100875900,3607842100883690,3607842101357411,3607842101794093,0,10,80,1,model.layers.1.self_attn.swa_cache
3607842102109214,3607842102113684,3607842102329434,3607842102766076,0,10,80,1,model.layers.2.self_attn.compressor.state_cache
3607842102948626,3607842102952876,3607842103193707,3607842103613978,0,10,80,1,model.layers.2.self_attn.indexer.compressor.state_cache
3607842103970379,3607842104019749,3607842104236510,3607842104660431,0,10,80,1,model.layers.3.self_attn.compressor.state_cache
3607842157034853,3607842157679925,3607842157894295,3607842161628697,1,10,80,4,model.layers.2.self_attn.indexer.k_cache
3607842161886647,3607842161890957,3607842162142378,3607842162623160,0,10,80,4,model.layers.2.self_attn.attn
3607842162939731,3607842162944371,3607842163160691,3607842163906474,0,10,80,128,model.layers.3.self_attn.attn
3607842164246705,3607842164251435,3607842164468865,3607842165186808,0,10,80,1,model.layers.0.self_attn.swa_cache
3607842165503879,3607842165508579,3607842165719279,3607842166229361,0,10,80,1,model.layers.1.self_attn.swa_cache
3607842166584772,3607842166590432,3607842166836813,3607842167328184,0,10,80,1,model.layers.2.self_attn.compressor.state_cache
3607842167525005,3607842167529745,3607842167802676,3607842168300417,0,10,80,1,model.layers.2.self_attn.indexer.compressor.state_cache
3607842168656778,3607842168700238,3607842168946969,3607842169423841,0,10,80,1,model.layers.3.self_attn.compressor.state_cache
3607842222282013,3607842222939745,3607842223150836,3607842229076434,1,10,80,4,model.layers.2.self_attn.indexer.k_cache
3607842229346555,3607842229350725,3607842229593146,3607842230072217,0,10,80,4,model.layers.2.self_attn.attn
3607842230511609,3607842230519069,3607842230857900,3607842232029193,0,10,80,128,model.layers.3.self_attn.attn
3607842232530755,3607842232538285,3607842232876296,3607842234038639,0,10,80,1,model.layers.0.self_attn.swa_cache
3607842234542541,3607842234550161,3607842234883592,3607842235547294,0,10,80,1,model.layers.1.self_attn.swa_cache
3607842236054366,3607842236061526,3607842236404137,3607842237070499,0,10,80,1,model.layers.2.self_attn.compressor.state_cache
3607842237345910,3607842237352530,3607842237719571,3607842238401073,0,10,80,1,model.layers.2.self_attn.indexer.compressor.state_cache
3607842238715104,3607842238752634,3607842238967095,3607842239384816,0,10,80,1,model.layers.3.self_attn.compressor.state_cache
3607842292725070,3607842293450862,3607842293700733,3607842296189421,1,9,72,4,model.layers.2.self_attn.indexer.k_cache
3607842296465881,3607842296470061,3607842296715762,3607842297198724,0,9,72,4,model.layers.2.self_attn.attn
3607842297522375,3607842297527205,3607842297742195,3607842298487998,0,9,72,128,model.layers.3.self_attn.attn
3607842298806179,3607842298811069,3607842299027899,3607842299766772,0,9,72,1,model.layers.0.self_attn.swa_cache
3607842300101393,3607842300105883,3607842300322823,3607842300740935,0,9,72,1,model.layers.1.self_attn.swa_cache
3607842301053955,3607842301058495,3607842301272506,3607842301692527,0,9,72,1,model.layers.2.self_attn.compressor.state_cache
3607842301867178,3607842301871278,3607842302109209,3607842302526350,0,9,72,1,model.layers.2.self_attn.indexer.compressor.state_cache
3607842302838701,3607842302878381,3607842303103032,3607842303523783,0,9,72,1,model.layers.3.self_attn.compressor.state_cache
3607842358896093,3607842359552205,3607842359758446,3607842365563504,1,9,72,4,model.layers.2.self_attn.indexer.k_cache
3607842365850595,3607842365854785,3607842366098656,3607842366578307,0,9,72,4,model.layers.2.self_attn.attn
3607842366900798,3607842366905218,3607842367121549,3607842367909561,0,9,72,128,model.layers.3.self_attn.attn
3607842368432573,3607842368439863,3607842368774734,3607842369907707,0,9,72,1,model.layers.0.self_attn.swa_cache
3607842370391499,3607842370398579,3607842370725510,3607842371358772,0,9,72,1,model.layers.1.self_attn.swa_cache
3607842371832013,3607842371838993,3607842372190524,3607842372836746,0,9,72,1,model.layers.2.self_attn.compressor.state_cache
3607842373103597,3607842373109557,3607842373472908,3607842374105020,0,9,72,1,model.layers.2.self_attn.indexer.compressor.state_cache
3607842374576732,3607842374634032,3607842374958783,3607842375595135,0,9,72,1,model.layers.3.self_attn.compressor.state_cache
3607842429780051,3607842430445063,3607842430663084,3607842433098452,1,8,64,4,model.layers.2.self_attn.indexer.k_cache
3607842433376072,3607842433380602,3607842433621963,3607842434097675,0,8,64,4,model.layers.2.self_attn.attn
3607842434457556,3607842434462156,3607842434679606,3607842435436979,0,8,64,128,model.layers.3.self_attn.attn
3607842435760420,3607842435764900,3607842435980730,3607842436740103,0,8,64,1,model.layers.0.self_attn.swa_cache
3607842437062574,3607842437067434,3607842437285284,3607842437704666,0,8,64,1,model.layers.1.self_attn.swa_cache
3607842438032077,3607842438036827,3607842438249987,3607842438673219,0,8,64,1,model.layers.2.self_attn.compressor.state_cache
3607842438849859,3607842438853929,3607842439092930,3607842439508531,0,8,64,1,model.layers.2.self_attn.indexer.compressor.state_cache
3607842439823192,3607842439863322,3607842440088833,3607842440507934,0,8,64,1,model.layers.3.self_attn.compressor.state_cache
3607842492797205,3607842493455317,3607842493666638,3607842496037325,1,8,64,4,model.layers.2.self_attn.indexer.k_cache
3607842496300946,3607842496305116,3607842496553587,3607842497035208,0,8,64,4,model.layers.2.self_attn.attn
3607842497358229,3607842497362979,3607842497577600,3607842498336002,0,8,64,128,model.layers.3.self_attn.attn
3607842498666023,3607842498670643,3607842498882774,3607842499629246,0,8,64,1,model.layers.0.self_attn.swa_cache
3607842499950687,3607842499955707,3607842500187108,3607842500613219,0,8,64,1,model.layers.1.self_attn.swa_cache
3607842500930180,3607842500934850,3607842501150881,3607842501569132,0,8,64,1,model.layers.2.self_attn.compressor.state_cache
3607842501748083,3607842501752333,3607842501993383,3607842502414235,0,8,64,1,model.layers.2.self_attn.indexer.compressor.state_cache
3607842502724206,3607842502762876,3607842502974037,3607842503398208,0,8,64,1,model.layers.3.self_attn.compressor.state_cache
3607842554897816,3607842555606138,3607842555818669,3607842558185266,1,8,64,4,model.layers.2.self_attn.indexer.k_cache
3607842558466977,3607842558471147,3607842558718338,3607842559205239,0,8,64,4,model.layers.2.self_attn.attn
3607842559527490,3607842559531990,3607842559748461,3607842560497953,0,8,64,128,model.layers.3.self_attn.attn
3607842560822104,3607842560826844,3607842561041495,3607842561784747,0,8,64,1,model.layers.0.self_attn.swa_cache
3607842562104298,3607842562108908,3607842562326929,3607842562753610,0,8,64,1,model.layers.1.self_attn.swa_cache
3607842563064441,3607842563069041,3607842563281962,3607842563697723,0,8,64,1,model.layers.2.self_attn.compressor.state_cache
3607842563873534,3607842563877684,3607842564130575,3607842564553796,0,8,64,1,model.layers.2.self_attn.indexer.compressor.state_cache
3607842564864767,3607842564901907,3607842565111458,3607842565522429,0,8,64,1,model.layers.3.self_attn.compressor.state_cache
3607842616988567,3607842617694919,3607842617910070,3607842620257067,1,8,64,4,model.layers.2.self_attn.indexer.k_cache
3607842620518808,3607842620523338,3607842620763399,3607842621235460,0,8,64,4,model.layers.2.self_attn.attn
3607842621560561,3607842621565221,3607842621781972,3607842622535544,0,8,64,128,model.layers.3.self_attn.attn
3607842622865255,3607842622870045,3607842623085416,3607842623814088,0,8,64,1,model.layers.0.self_attn.swa_cache
3607842624149789,3607842624154379,3607842624377080,3607842624801831,0,8,64,1,model.layers.1.self_attn.swa_cache
3607842625115392,3607842625119972,3607842625333203,3607842625750734,0,8,64,1,model.layers.2.self_attn.compressor.state_cache
3607842625928985,3607842625933005,3607842626171725,3607842626592997,0,8,64,1,model.layers.2.self_attn.indexer.compressor.state_cache
3607842626905988,3607842626941348,3607842627156368,3607842627575070,0,8,64,1,model.layers.3.self_attn.compressor.state_cache
3607842683393581,3607842684088534,3607842684306184,3607842686647571,1,8,64,4,model.layers.2.self_attn.indexer.k_cache
3607842686921282,3607842686925832,3607842687170583,3607842687648784,0,8,64,4,model.layers.2.self_attn.attn
3607842687970645,3607842687975095,3607842688205006,3607842688939478,0,8,64,128,model.layers.3.self_attn.attn
3607842689256459,3607842689261069,3607842689478760,3607842690217162,0,8,64,1,model.layers.0.self_attn.swa_cache
3607842690537573,3607842690542033,3607842690755844,3607842691174455,0,8,64,1,model.layers.1.self_attn.swa_cache
3607842691551326,3607842691556057,3607842691773067,3607842692201938,0,8,64,1,model.layers.2.self_attn.compressor.state_cache
3607842692375689,3607842692379669,3607842692612710,3607842693028471,0,8,64,1,model.layers.2.self_attn.indexer.compressor.state_cache
3607842693331912,3607842693369082,3607842693591653,3607842694005774,0,8,64,1,model.layers.3.self_attn.compressor.state_cache
3607842745577963,3607842746276905,3607842746486545,3607842748824593,1,8,64,4,model.layers.2.self_attn.indexer.k_cache
3607842749091943,3607842749096024,3607842749339764,3607842749822196,0,8,64,4,model.layers.2.self_attn.attn
3607842750143567,3607842750148227,3607842750361517,3607842751098140,0,8,64,128,model.layers.3.self_attn.attn
3607842751419011,3607842751423481,3607842751640651,3607842752394564,0,8,64,1,model.layers.0.self_attn.swa_cache
3607842752717885,3607842752722885,3607842752936255,3607842753360257,0,8,64,1,model.layers.1.self_attn.swa_cache
3607842753677908,3607842753682668,3607842753898548,3607842754311820,0,8,64,1,model.layers.2.self_attn.compressor.state_cache
3607842754485980,3607842754490010,3607842754728581,3607842755149142,0,8,64,1,model.layers.2.self_attn.indexer.compressor.state_cache
3607842755460083,3607842755496523,3607842755711534,3607842756141155,0,8,64,1,model.layers.3.self_attn.compressor.state_cache
3607842807233232,3607842807903104,3607842808146325,3607842810438222,1,8,64,4,model.layers.2.self_attn.indexer.k_cache
3607842810682533,3607842810686613,3607842810932464,3607842811409205,0,8,64,4,model.layers.2.self_attn.attn
3607842811728776,3607842811733586,3607842811943737,3607842812702039,0,8,64,128,model.layers.3.self_attn.attn
3607842813020240,3607842813024810,3607842813244841,3607842813967593,0,8,64,1,model.layers.0.self_attn.swa_cache
3607842814318054,3607842814322784,3607842814541535,3607842814966986,0,8,64,1,model.layers.1.self_attn.swa_cache
3607842815281617,3607842815286337,3607842815498488,3607842815916639,0,8,64,1,model.layers.2.self_attn.compressor.state_cache
3607842816101720,3607842816105940,3607842816349810,3607842816776432,0,8,64,1,model.layers.2.self_attn.indexer.compressor.state_cache
3607842817081253,3607842817117593,3607842817330953,3607842817755835,0,8,64,1,model.layers.3.self_attn.compressor.state_cache
3607842869119253,3607842869813055,3607842870043916,3607842872446593,1,8,64,4,model.layers.2.self_attn.indexer.k_cache
3607842872718574,3607842872722974,3607842872964954,3607842873448686,0,8,64,4,model.layers.2.self_attn.attn
3607842873769647,3607842873774257,3607842873990148,3607842874718790,0,8,64,128,model.layers.3.self_attn.attn
3607842875039441,3607842875043991,3607842875259232,3607842875983184,0,8,64,1,model.layers.0.self_attn.swa_cache
3607842876315925,3607842876320715,3607842876535375,3607842876959577,0,8,64,1,model.layers.1.self_attn.swa_cache
3607842877269988,3607842877274458,3607842877485928,3607842877895830,0,8,64,1,model.layers.2.self_attn.compressor.state_cache
3607842878072480,3607842878076620,3607842878312041,3607842878729442,0,8,64,1,model.layers.2.self_attn.indexer.compressor.state_cache
3607842879038703,3607842879077903,3607842879295694,3607842879713695,0,8,64,1,model.layers.3.self_attn.compressor.state_cache
3607842931105023,3607842931812585,3607842932037176,3607842934373643,1,8,64,4,model.layers.2.self_attn.indexer.k_cache
3607842934641594,3607842934645864,3607842934891495,3607842935371726,0,8,64,4,model.layers.2.self_attn.attn
3607842935695787,3607842935700467,3607842935917998,3607842936673270,0,8,64,128,model.layers.3.self_attn.attn
3607842936993721,3607842936998281,3607842937215562,3607842937934934,0,8,64,1,model.layers.0.self_attn.swa_cache
3607842938251565,3607842938256615,3607842938471976,3607842938895967,0,8,64,1,model.layers.1.self_attn.swa_cache
3607842939210008,3607842939214668,3607842939427629,3607842939842880,0,8,64,1,model.layers.2.self_attn.compressor.state_cache
3607842940069291,3607842940073751,3607842940317452,3607842940744823,0,8,64,1,model.layers.2.self_attn.indexer.compressor.state_cache
3607842941092074,3607842941128584,3607842941339675,3607842941759406,0,8,64,1,model.layers.3.self_attn.compressor.state_cache
3607842993089544,3607842993764296,3607842993977437,3607842996239634,1,8,64,4,model.layers.2.self_attn.indexer.k_cache
3607842996474504,3607842996478414,3607842996718485,3607842997195197,0,8,64,4,model.layers.2.self_attn.attn
3607842997514178,3607842997518838,3607842997729908,3607842998469711,0,8,64,128,model.layers.3.self_attn.attn
3607842998789292,3607842998794082,3607842999009132,3607842999746824,0,8,64,1,model.layers.0.self_attn.swa_cache
3607843000108696,3607843000113606,3607843000336426,3607843000759548,0,8,64,1,model.layers.1.self_attn.swa_cache
3607843001076869,3607843001081369,3607843001293459,3607843001710530,0,8,64,1,model.layers.2.self_attn.compressor.state_cache
3607843001887471,3607843001891131,3607843002129612,3607843002551163,0,8,64,1,model.layers.2.self_attn.indexer.compressor.state_cache
3607843002860804,3607843002896254,3607843003108255,3607843003522656,0,8,64,1,model.layers.3.self_attn.compressor.state_cache
3607843054677293,3607843055342115,3607843055560456,3607843057842293,1,8,64,4,model.layers.2.self_attn.indexer.k_cache
3607843058100044,3607843058104584,3607843058347755,3607843058830166,0,8,64,4,model.layers.2.self_attn.attn
3607843059152417,3607843059157507,3607843059372298,3607843060128400,0,8,64,128,model.layers.3.self_attn.attn
3607843060453621,3607843060458501,3607843060671312,3607843061392834,0,8,64,1,model.layers.0.self_attn.swa_cache
3607843061709835,3607843061714295,3607843061927976,3607843062351447,0,8,64,1,model.layers.1.self_attn.swa_cache
3607843062661988,3607843062666848,3607843062878589,3607843063290680,0,8,64,1,model.layers.2.self_attn.compressor.state_cache
3607843063465370,3607843063469510,3607843063702251,3607843064141793,0,8,64,1,model.layers.2.self_attn.indexer.compressor.state_cache
3607843064449433,3607843064486684,3607843064696234,3607843065121046,0,8,64,1,model.layers.3.self_attn.compressor.state_cache
3607843116086142,3607843116772784,3607843116978335,3607843119277862,1,8,64,4,model.layers.2.self_attn.indexer.k_cache
3607843119520353,3607843119524713,3607843119764554,3607843120264745,0,8,64,4,model.layers.2.self_attn.attn
3607843120582556,3607843120587316,3607843120800407,3607843121527489,0,8,64,128,model.layers.3.self_attn.attn
3607843121844160,3607843121848350,3607843122061891,3607843122778223,0,8,64,1,model.layers.0.self_attn.swa_cache
3607843123095004,3607843123099844,3607843123316985,3607843123730626,0,8,64,1,model.layers.1.self_attn.swa_cache
3607843124049107,3607843124053887,3607843124266757,3607843124679489,0,8,64,1,model.layers.2.self_attn.compressor.state_cache
3607843124852819,3607843124857189,3607843125092390,3607843125521921,0,8,64,1,model.layers.2.self_attn.indexer.compressor.state_cache
3607843125825042,3607843125861712,3607843126070723,3607843126483924,0,8,64,1,model.layers.3.self_attn.compressor.state_cache
3607843177152560,3607843177827422,3607843178051703,3607843180349610,1,8,64,4,model.layers.2.self_attn.indexer.k_cache
3607843180591971,3607843180596371,3607843180837931,3607843181312183,0,8,64,4,model.layers.2.self_attn.attn
3607843181634364,3607843181638924,3607843181850585,3607843182582737,0,8,64,128,model.layers.3.self_attn.attn
3607843182904748,3607843182909068,3607843183125138,3607843183855371,0,8,64,1,model.layers.0.self_attn.swa_cache
3607843184188412,3607843184192702,3607843184409122,3607843184835184,0,8,64,1,model.layers.1.self_attn.swa_cache
3607843185152125,3607843185156695,3607843185370755,3607843185789607,0,8,64,1,model.layers.2.self_attn.compressor.state_cache
3607843185965977,3607843185969837,3607843186206758,3607843186631669,0,8,64,1,model.layers.2.self_attn.indexer.compressor.state_cache
3607843186941760,3607843186977900,3607843187191101,3607843187639312,0,8,64,1,model.layers.3.self_attn.compressor.state_cache
3607843238924320,3607843239594802,3607843239803503,3607843242080100,1,8,64,4,model.layers.2.self_attn.indexer.k_cache
3607843242323021,3607843242327241,3607843242567501,3607843243045933,0,8,64,4,model.layers.2.self_attn.attn
3607843243397984,3607843243402544,3607843243616765,3607843244366367,0,8,64,128,model.layers.3.self_attn.attn
3607843244689298,3607843244694018,3607843244907279,3607843245629501,0,8,64,1,model.layers.0.self_attn.swa_cache
3607843245950202,3607843245954922,3607843246166422,3607843246586474,0,8,64,1,model.layers.1.self_attn.swa_cache
3607843246900125,3607843246904725,3607843247120255,3607843247539147,0,8,64,1,model.layers.2.self_attn.compressor.state_cache
3607843247715357,3607843247719417,3607843247955248,3607843248401499,0,8,64,1,model.layers.2.self_attn.indexer.compressor.state_cache
3607843248712170,3607843248749570,3607843248960431,3607843249374982,0,8,64,1,model.layers.3.self_attn.compressor.state_cache
3607843300198899,3607843300871131,3607843301089901,3607843303366478,1,8,64,4,model.layers.2.self_attn.indexer.k_cache
3607843303612179,3607843303616549,3607843303860550,3607843304373731,0,8,64,4,model.layers.2.self_attn.attn
3607843304692252,3607843304696882,3607843304910933,3607843305651475,0,8,64,128,model.layers.3.self_attn.attn
3607843305976616,3607843305981206,3607843306198667,3607843306931529,0,8,64,1,model.layers.0.self_attn.swa_cache
3607843307251600,3607843307256160,3607843307470911,3607843307899932,0,8,64,1,model.layers.1.self_attn.swa_cache
3607843308225903,3607843308230593,3607843308445344,3607843308858165,0,8,64,1,model.layers.2.self_attn.compressor.state_cache
3607843309034306,3607843309038466,3607843309275907,3607843309697018,0,8,64,1,model.layers.2.self_attn.indexer.compressor.state_cache
3607843310007859,3607843310043559,3607843310258230,3607843310679051,0,8,64,1,model.layers.3.self_attn.compressor.state_cache
3607843361869658,3607843362561980,3607843362777951,3607843365059968,1,8,64,4,model.layers.2.self_attn.indexer.k_cache
3607843365302439,3607843365306689,3607843365549410,3607843366026471,0,8,64,4,model.layers.2.self_attn.attn
3607843366343662,3607843366348482,3607843366559423,3607843367300505,0,8,64,128,model.layers.3.self_attn.attn
3607843367625756,3607843367630146,3607843367842517,3607843368590589,0,8,64,1,model.layers.0.self_attn.swa_cache
3607843368902510,3607843368907100,3607843369120241,3607843369535582,0,8,64,1,model.layers.1.self_attn.swa_cache
3607843369845453,3607843369850233,3607843370057223,3607843370470835,0,8,64,1,model.layers.2.self_attn.compressor.state_cache
3607843370645825,3607843370649695,3607843370882016,3607843371305417,0,8,64,1,model.layers.2.self_attn.indexer.compressor.state_cache
3607843371612258,3607843371648598,3607843371857859,3607843372301890,0,8,64,1,model.layers.3.self_attn.compressor.state_cache
3607843423497218,3607843424222690,3607843424452131,3607843426724908,1,8,64,4,model.layers.2.self_attn.indexer.k_cache
3607843426970529,3607843426974759,3607843427218849,3607843427694431,0,8,64,4,model.layers.2.self_attn.attn
3607843428020432,3607843428025442,3607843428243902,3607843428980125,0,8,64,128,model.layers.3.self_attn.attn
3607843429304816,3607843429309496,3607843429522316,3607843430259859,0,8,64,1,model.layers.0.self_attn.swa_cache
3607843430575880,3607843430580420,3607843430794760,3607843431216992,0,8,64,1,model.layers.1.self_attn.swa_cache
3607843431528403,3607843431533113,3607843431744223,3607843432180715,0,8,64,1,model.layers.2.self_attn.compressor.state_cache
3607843432358315,3607843432362405,3607843432596186,3607843433021557,0,8,64,1,model.layers.2.self_attn.indexer.compressor.state_cache
3607843433330628,3607843433367788,3607843433581309,3607843433999060,0,8,64,1,model.layers.3.self_attn.compressor.state_cache
3607843485010527,3607843485650979,3607843485858210,3607843489518281,1,8,64,4,model.layers.2.self_attn.indexer.k_cache
3607843489771222,3607843489775692,3607843490023172,3607843490503174,0,8,64,4,model.layers.2.self_attn.attn
3607843490828805,3607843490833585,3607843491049466,3607843491803318,0,8,64,128,model.layers.3.self_attn.attn
3607843492142659,3607843492147599,3607843492361870,3607843493092532,0,8,64,1,model.layers.0.self_attn.swa_cache
3607843493418803,3607843493423543,3607843493637804,3607843494063295,0,8,64,1,model.layers.1.self_attn.swa_cache
3607843494472856,3607843494477876,3607843494711577,3607843495175658,0,8,64,1,model.layers.2.self_attn.compressor.state_cache
3607843495369819,3607843495374659,3607843495636790,3607843496116251,0,8,64,1,model.layers.2.self_attn.indexer.compressor.state_cache
3607843496462262,3607843496506452,3607843496744293,3607843497212715,0,8,64,1,model.layers.3.self_attn.compressor.state_cache
3607843549056794,3607843549714846,3607843549921527,3607843553363757,1,8,64,4,model.layers.2.self_attn.indexer.k_cache
3607843553618518,3607843553622848,3607843553869589,3607843554346190,0,8,64,4,model.layers.2.self_attn.attn
3607843554667271,3607843554672011,3607843554886032,3607843555634654,0,8,64,128,model.layers.3.self_attn.attn
3607843555959105,3607843555963935,3607843556196666,3607843556926838,0,8,64,1,model.layers.0.self_attn.swa_cache
3607843557248909,3607843557253699,3607843557469950,3607843557890851,0,8,64,1,model.layers.1.self_attn.swa_cache
3607843558205192,3607843558209792,3607843558420933,3607843558842834,0,8,64,1,model.layers.2.self_attn.compressor.state_cache
3607843559020995,3607843559025155,3607843559309456,3607843559781057,0,8,64,1,model.layers.2.self_attn.indexer.compressor.state_cache
3607843560137588,3607843560177318,3607843560412969,3607843560873900,0,8,64,1,model.layers.3.self_attn.compressor.state_cache
3607843614685126,3607843615353698,3607843615574719,3607843617982586,1,7,56,4,model.layers.2.self_attn.indexer.k_cache
3607843618265547,3607843618269927,3607843618513768,3607843619001709,0,7,56,4,model.layers.2.self_attn.attn
3607843619325890,3607843619330610,3607843619542131,3607843620312143,0,7,56,128,model.layers.3.self_attn.attn
3607843620636344,3607843620641244,3607843620850165,3607843621619427,0,7,56,1,model.layers.0.self_attn.swa_cache
3607843621936268,3607843621940908,3607843622160119,3607843622588830,0,7,56,1,model.layers.1.self_attn.swa_cache
3607843622903521,3607843622908111,3607843623120252,3607843623538263,0,7,56,1,model.layers.2.self_attn.compressor.state_cache
3607843623714924,3607843623718974,3607843623957814,3607843624400386,0,7,56,1,model.layers.2.self_attn.indexer.compressor.state_cache
3607843624708557,3607843624748177,3607843624961227,3607843625384649,0,7,56,1,model.layers.3.self_attn.compressor.state_cache
3607843681735582,3607843682395284,3607843682603595,3607843684961492,1,7,56,4,model.layers.2.self_attn.indexer.k_cache
3607843685235603,3607843685239623,3607843685480584,3607843685964235,0,7,56,4,model.layers.2.self_attn.attn
3607843686286076,3607843686290526,3607843686504797,3607843687288649,0,7,56,128,model.layers.3.self_attn.attn
3607843687607440,3607843687612020,3607843687828501,3607843688600883,0,7,56,1,model.layers.0.self_attn.swa_cache
3607843688922454,3607843688927154,3607843689135285,3607843689556086,0,7,56,1,model.layers.1.self_attn.swa_cache
3607843689868267,3607843689872897,3607843690085238,3607843690502869,0,7,56,1,model.layers.2.self_attn.compressor.state_cache
3607843690676420,3607843690680570,3607843690914280,3607843691333872,0,7,56,1,model.layers.2.self_attn.indexer.compressor.state_cache
3607843691644103,3607843691683033,3607843691897013,3607843692332935,0,7,56,1,model.layers.3.self_attn.compressor.state_cache
3607843744535085,3607843745186437,3607843745394408,3607843747696065,1,7,56,4,model.layers.2.self_attn.indexer.k_cache
3607843747943836,3607843747947956,3607843748211937,3607843748696798,0,7,56,4,model.layers.2.self_attn.attn
3607843749015479,3607843749019929,3607843749231110,3607843749991472,0,7,56,128,model.layers.3.self_attn.attn
3607843750314973,3607843750319533,3607843750528864,3607843751259386,0,7,56,1,model.layers.0.self_attn.swa_cache
3607843751577667,3607843751582237,3607843751802788,3607843752250669,0,7,56,1,model.layers.1.self_attn.swa_cache
3607843752565020,3607843752569510,3607843752782921,3607843753207672,0,7,56,1,model.layers.2.self_attn.compressor.state_cache
3607843753385273,3607843753389433,3607843753627303,3607843754051575,0,7,56,1,model.layers.2.self_attn.indexer.compressor.state_cache
3607843754360506,3607843754397936,3607843754607276,3607843755026318,0,7,56,1,model.layers.3.self_attn.compressor.state_cache
3607843808076311,3607843808754353,3607843808968873,3607843811318711,1,6,48,4,model.layers.2.self_attn.indexer.k_cache
3607843811585292,3607843811589552,3607843811830592,3607843812339084,0,6,48,4,model.layers.2.self_attn.attn
3607843812672495,3607843812677335,3607843812893726,3607843813640128,0,6,48,128,model.layers.3.self_attn.attn
3607843813965019,3607843813969729,3607843814183930,3607843814919912,0,6,48,1,model.layers.0.self_attn.swa_cache
3607843815240523,3607843815245263,3607843815459943,3607843815884625,0,6,48,1,model.layers.1.self_attn.swa_cache
3607843816213436,3607843816217996,3607843816431076,3607843816861278,0,6,48,1,model.layers.2.self_attn.compressor.state_cache
3607843817040278,3607843817044318,3607843817282609,3607843817710780,0,6,48,1,model.layers.2.self_attn.indexer.compressor.state_cache
3607843818026051,3607843818065661,3607843818280022,3607843818699913,0,6,48,1,model.layers.3.self_attn.compressor.state_cache
3607843871641116,3607843872314438,3607843872526089,3607843874854476,1,6,48,4,model.layers.2.self_attn.indexer.k_cache
3607843875105047,3607843875109347,3607843875349688,3607843875830079,0,6,48,4,model.layers.2.self_attn.attn
3607843876164710,3607843876169290,3607843876382271,3607843877131783,0,6,48,128,model.layers.3.self_attn.attn
3607843877458974,3607843877463684,3607843877680225,3607843878415447,0,6,48,1,model.layers.0.self_attn.swa_cache
3607843878736148,3607843878740928,3607843878954409,3607843879372980,0,6,48,1,model.layers.1.self_attn.swa_cache
3607843879687591,3607843879692241,3607843879902952,3607843880349513,0,6,48,1,model.layers.2.self_attn.compressor.state_cache
3607843880527964,3607843880531984,3607843880771804,3607843881192876,0,6,48,1,model.layers.2.self_attn.indexer.compressor.state_cache
3607843881502057,3607843881540727,3607843881753387,3607843882173399,0,6,48,1,model.layers.3.self_attn.compressor.state_cache
3607843934363519,3607843935014301,3607843935230032,3607843937574669,1,6,48,4,model.layers.2.self_attn.indexer.k_cache
3607843937827100,3607843937831520,3607843938076521,3607843938553922,0,6,48,4,model.layers.2.self_attn.attn
3607843938875483,3607843938880033,3607843939092364,3607843939830226,0,6,48,128,model.layers.3.self_attn.attn
3607843940168257,3607843940173037,3607843940388778,3607843941126410,0,6,48,1,model.layers.0.self_attn.swa_cache
3607843941451001,3607843941455901,3607843941669092,3607843942096563,0,6,48,1,model.layers.1.self_attn.swa_cache
3607843942411624,3607843942415994,3607843942626315,3607843943042066,0,6,48,1,model.layers.2.self_attn.compressor.state_cache
3607843943222276,3607843943226356,3607843943465507,3607843943888139,0,6,48,1,model.layers.2.self_attn.indexer.compressor.state_cache
3607843944212770,3607843944248190,3607843944460980,3607843944903262,0,6,48,1,model.layers.3.self_attn.compressor.state_cache
3607843998094775,3607843998758897,3607843998982478,3607844001376545,1,5,40,4,model.layers.2.self_attn.indexer.k_cache
3607844001643046,3607844001647416,3607844001892867,3607844002376458,0,5,40,4,model.layers.2.self_attn.attn
3607844002696629,3607844002701439,3607844002916710,3607844003673472,0,5,40,128,model.layers.3.self_attn.attn
3607844003993553,3607844003998253,3607844004228994,3607844004960466,0,5,40,1,model.layers.0.self_attn.swa_cache
3607844005281487,3607844005286287,3607844005501268,3607844005926089,0,5,40,1,model.layers.1.self_attn.swa_cache
3607844006241430,3607844006245980,3607844006461321,3607844006884152,0,5,40,1,model.layers.2.self_attn.compressor.state_cache
3607844007060173,3607844007064213,3607844007298474,3607844007714045,0,5,40,1,model.layers.2.self_attn.indexer.compressor.state_cache
3607844008037676,3607844008078016,3607844008296397,3607844008715348,0,5,40,1,model.layers.3.self_attn.compressor.state_cache
3607844061339530,3607844061987712,3607844062234893,3607844064577490,1,5,40,4,model.layers.2.self_attn.indexer.k_cache
3607844064826211,3607844064830421,3607844065070681,3607844065551393,0,5,40,4,model.layers.2.self_attn.attn
3607844065870664,3607844065875324,3607844066091044,3607844066836787,0,5,40,128,model.layers.3.self_attn.attn
3607844067207258,3607844067211908,3607844067426109,3607844068171971,0,5,40,1,model.layers.0.self_attn.swa_cache
3607844068489842,3607844068494392,3607844068710482,3607844069128684,0,5,40,1,model.layers.1.self_attn.swa_cache
3607844069442005,3607844069446805,3607844069660035,3607844070080127,0,5,40,1,model.layers.2.self_attn.compressor.state_cache
3607844070256577,3607844070260887,3607844070499498,3607844070916749,0,5,40,1,model.layers.2.self_attn.indexer.compressor.state_cache
3607844071225090,3607844071260510,3607844071471121,3607844071892242,0,5,40,1,model.layers.3.self_attn.compressor.state_cache
3607844123686072,3607844124358314,3607844124570824,3607844126870501,1,5,40,4,model.layers.2.self_attn.indexer.k_cache
3607844127116312,3607844127120432,3607844127362263,3607844127829794,0,5,40,4,model.layers.2.self_attn.attn
3607844128168365,3607844128173025,3607844128390326,3607844129129088,0,5,40,128,model.layers.3.self_attn.attn
3607844129449149,3607844129453669,3607844129668750,3607844130396222,0,5,40,1,model.layers.0.self_attn.swa_cache
3607844130710883,3607844130715323,3607844130928444,3607844131351665,0,5,40,1,model.layers.1.self_attn.swa_cache
3607844131663246,3607844131667706,3607844131879147,3607844132312368,0,5,40,1,model.layers.2.self_attn.compressor.state_cache
3607844132485049,3607844132489179,3607844132724099,3607844133145531,0,5,40,1,model.layers.2.self_attn.indexer.compressor.state_cache
3607844133452022,3607844133487752,3607844133699512,3607844134120874,0,5,40,1,model.layers.3.self_attn.compressor.state_cache
3607844185759952,3607844186396704,3607844186612895,3607844189013483,1,5,40,4,model.layers.2.self_attn.indexer.k_cache
3607844189258303,3607844189262373,3607844189503534,3607844189983415,0,5,40,4,model.layers.2.self_attn.attn
3607844190306076,3607844190310996,3607844190523657,3607844191272859,0,5,40,128,model.layers.3.self_attn.attn
3607844191594590,3607844191599540,3607844191813671,3607844192585463,0,5,40,1,model.layers.0.self_attn.swa_cache
3607844192907004,3607844192911754,3607844193125535,3607844193546076,0,5,40,1,model.layers.1.self_attn.swa_cache
3607844193858817,3607844193863487,3607844194074918,3607844194496719,0,5,40,1,model.layers.2.self_attn.compressor.state_cache
3607844194674060,3607844194678110,3607844194912681,3607844195337582,0,5,40,1,model.layers.2.self_attn.indexer.compressor.state_cache
3607844195647223,3607844195683113,3607844195896084,3607844196357795,0,5,40,1,model.layers.3.self_attn.compressor.state_cache
3607844248145724,3607844248784366,3607844248994337,3607844251283364,1,5,40,4,model.layers.2.self_attn.indexer.k_cache
3607844251518875,3607844251523175,3607844251761966,3607844252249057,0,5,40,4,model.layers.2.self_attn.attn
3607844252572228,3607844252577338,3607844252792009,3607844253522461,0,5,40,128,model.layers.3.self_attn.attn
3607844253846092,3607844253850492,3607844254065573,3607844254818405,0,5,40,1,model.layers.0.self_attn.swa_cache
3607844255139136,3607844255143636,3607844255357317,3607844255782948,0,5,40,1,model.layers.1.self_attn.swa_cache
3607844256106349,3607844256111059,3607844256322230,3607844256742051,0,5,40,1,model.layers.2.self_attn.compressor.state_cache
3607844256920301,3607844256924351,3607844257158712,3607844257581763,0,5,40,1,model.layers.2.self_attn.indexer.compressor.state_cache
3607844257891724,3607844257927554,3607844258139115,3607844258552306,0,5,40,1,model.layers.3.self_attn.compressor.state_cache
3607844310323946,3607844310979798,3607844311184588,3607844313509405,1,5,40,4,model.layers.2.self_attn.indexer.k_cache
3607844313760156,3607844313764436,3607844314006367,3607844314483688,0,5,40,4,model.layers.2.self_attn.attn
3607844314803379,3607844314807879,3607844315019530,3607844315760092,0,5,40,128,model.layers.3.self_attn.attn
3607844316107863,3607844316112853,3607844316327334,3607844317058176,0,5,40,1,model.layers.0.self_attn.swa_cache
3607844317379227,3607844317384007,3607844317591768,3607844318010189,0,5,40,1,model.layers.1.self_attn.swa_cache
3607844318325830,3607844318330580,3607844318536611,3607844318962712,0,5,40,1,model.layers.2.self_attn.compressor.state_cache
3607844319171723,3607844319175813,3607844319413644,3607844319829785,0,5,40,1,model.layers.2.self_attn.indexer.compressor.state_cache
3607844320155556,3607844320191846,3607844320405107,3607844320819878,0,5,40,1,model.layers.3.self_attn.compressor.state_cache
3607844372729718,3607844373373200,3607844373583600,3607844375890287,1,4,32,4,model.layers.2.self_attn.indexer.k_cache
3607844376161198,3607844376165408,3607844376409739,3607844376888490,0,4,32,4,model.layers.2.self_attn.attn
3607844377213061,3607844377217681,3607844377436112,3607844378184094,0,4,32,128,model.layers.3.self_attn.attn
3607844378507865,3607844378512775,3607844378723916,3607844379450408,0,4,32,1,model.layers.0.self_attn.swa_cache
3607844379770369,3607844379775219,3607844379990790,3607844380437351,0,4,32,1,model.layers.1.self_attn.swa_cache
3607844380751052,3607844380755742,3607844380968673,3607844381394334,0,4,32,1,model.layers.2.self_attn.compressor.state_cache
3607844381570745,3607844381574835,3607844381813636,3607844382233517,0,4,32,1,model.layers.2.self_attn.indexer.compressor.state_cache
3607844382544908,3607844382581888,3607844382794969,3607844383213970,0,4,32,1,model.layers.3.self_attn.compressor.state_cache
3607844436281393,3607844436933965,3607844437152866,3607844439490413,1,3,24,4,model.layers.2.self_attn.indexer.k_cache
3607844439753464,3607844439757854,3607844440017995,3607844440508876,0,3,24,4,model.layers.2.self_attn.attn
3607844440831797,3607844440836417,3607844441051228,3607844441799740,0,3,24,128,model.layers.3.self_attn.attn
3607844442123441,3607844442128181,3607844442342952,3607844443084474,0,3,24,1,model.layers.0.self_attn.swa_cache
3607844443403325,3607844443408355,3607844443619706,3607844444061167,0,3,24,1,model.layers.1.self_attn.swa_cache
3607844444375648,3607844444380198,3607844444591799,3607844445027740,0,3,24,1,model.layers.2.self_attn.compressor.state_cache
3607844445204391,3607844445208761,3607844445445261,3607844445856653,0,3,24,1,model.layers.2.self_attn.indexer.compressor.state_cache
3607844446172294,3607844446211084,3607844446432894,3607844446860116,0,3,24,1,model.layers.3.self_attn.compressor.state_cache
3607844500318460,3607844500972952,3607844501178173,3607844503486670,1,3,24,4,model.layers.2.self_attn.indexer.k_cache
3607844503743701,3607844503748061,3607844503987501,3607844504493273,0,3,24,4,model.layers.2.self_attn.attn
3607844504819914,3607844504824644,3607844505041845,3607844505780497,0,3,24,128,model.layers.3.self_attn.attn
3607844506102128,3607844506106828,3607844506320629,3607844507050871,0,3,24,1,model.layers.0.self_attn.swa_cache
3607844507366892,3607844507371392,3607844507584592,3607844508066614,0,3,24,1,model.layers.1.self_attn.swa_cache
3607844508380075,3607844508384375,3607844508596226,3607844509020067,0,3,24,1,model.layers.2.self_attn.compressor.state_cache
3607844509195747,3607844509199787,3607844509435158,3607844509860869,0,3,24,1,model.layers.2.self_attn.indexer.compressor.state_cache
3607844510172110,3607844510210131,3607844510424101,3607844510848172,0,3,24,1,model.layers.3.self_attn.compressor.state_cache
3607844562580302,3607844563218214,3607844563424994,3607844565711511,1,3,24,4,model.layers.2.self_attn.indexer.k_cache
3607844565947672,3607844565951752,3607844566192663,3607844566664934,0,3,24,4,model.layers.2.self_attn.attn
3607844566982995,3607844566987655,3607844567200186,3607844567948018,0,3,24,128,model.layers.3.self_attn.attn
3607844568285829,3607844568290219,3607844568505650,3607844569230962,0,3,24,1,model.layers.0.self_attn.swa_cache
3607844569546113,3607844569550673,3607844569765774,3607844570196565,0,3,24,1,model.layers.1.self_attn.swa_cache
3607844570507816,3607844570512576,3607844570727557,3607844571147298,0,3,24,1,model.layers.2.self_attn.compressor.state_cache
3607844571321508,3607844571325699,3607844571561259,3607844571976301,0,3,24,1,model.layers.2.self_attn.indexer.compressor.state_cache
3607844572304902,3607844572339552,3607844572551322,3607844572961574,0,3,24,1,model.layers.3.self_attn.compressor.state_cache
3607844624278531,3607844624924213,3607844625133974,3607844627382521,1,3,24,4,model.layers.2.self_attn.indexer.k_cache
3607844627618642,3607844627622822,3607844627862632,3607844628369904,0,3,24,4,model.layers.2.self_attn.attn
3607844628697065,3607844628701605,3607844628914266,3607844629654378,0,3,24,128,model.layers.3.self_attn.attn
3607844629973859,3607844629978459,3607844630193160,3607844630922232,0,3,24,1,model.layers.0.self_attn.swa_cache
3607844631243603,3607844631248193,3607844631461193,3607844631878715,0,3,24,1,model.layers.1.self_attn.swa_cache
3607844632204636,3607844632209206,3607844632421266,3607844632845388,0,3,24,1,model.layers.2.self_attn.compressor.state_cache
3607844633021958,3607844633026448,3607844633260599,3607844633682530,0,3,24,1,model.layers.2.self_attn.indexer.compressor.state_cache
3607844633991101,3607844634028581,3607844634243362,3607844634657003,0,3,24,1,model.layers.3.self_attn.compressor.state_cache
3607844686100292,3607844686769304,3607844686983344,3607844689293581,1,3,24,4,model.layers.2.self_attn.indexer.k_cache
3607844689545542,3607844689549812,3607844689794323,3607844690274634,0,3,24,4,model.layers.2.self_attn.attn
3607844690594745,3607844690599485,3607844690814436,3607844691546038,0,3,24,128,model.layers.3.self_attn.attn
3607844691865849,3607844691870669,3607844692099120,3607844692838552,0,3,24,1,model.layers.0.self_attn.swa_cache
3607844693155853,3607844693160573,3607844693378404,3607844693798775,0,3,24,1,model.layers.1.self_attn.swa_cache
3607844694109416,3607844694114126,3607844694325277,3607844694742048,0,3,24,1,model.layers.2.self_attn.compressor.state_cache
3607844694916459,3607844694920829,3607844695155279,3607844695576151,0,3,24,1,model.layers.2.self_attn.indexer.compressor.state_cache
3607844695887172,3607844695921732,3607844696146912,3607844696568294,0,3,24,1,model.layers.3.self_attn.compressor.state_cache
3607844748127112,3607844748774834,3607844748981765,3607844751245172,1,3,24,4,model.layers.2.self_attn.indexer.k_cache
3607844751485993,3607844751490253,3607844751732493,3607844752238905,0,3,24,4,model.layers.2.self_attn.attn
3607844752560246,3607844752564986,3607844752781457,3607844753533949,0,3,24,128,model.layers.3.self_attn.attn
3607844753855230,3607844753859800,3607844754075311,3607844754803823,0,3,24,1,model.layers.0.self_attn.swa_cache
3607844755122034,3607844755126724,3607844755338835,3607844755761276,0,3,24,1,model.layers.1.self_attn.swa_cache
3607844756085047,3607844756089727,3607844756302508,3607844756715199,0,3,24,1,model.layers.2.self_attn.compressor.state_cache
3607844756891689,3607844756895809,3607844757131030,3607844757551021,0,3,24,1,model.layers.2.self_attn.indexer.compressor.state_cache
3607844757858412,3607844757894222,3607844758109113,3607844758550944,0,3,24,1,model.layers.3.self_attn.compressor.state_cache
3607844809846182,3607844810502554,3607844810724165,3607844813009492,1,3,24,4,model.layers.2.self_attn.indexer.k_cache
3607844813246703,3607844813250913,3607844813490163,3607844813972435,0,3,24,4,model.layers.2.self_attn.attn
3607844814295596,3607844814300406,3607844814514027,3607844815287969,0,3,24,128,model.layers.3.self_attn.attn
3607844815609100,3607844815613690,3607844815826731,3607844816590343,0,3,24,1,model.layers.0.self_attn.swa_cache
3607844816908914,3607844816913454,3607844817130855,3607844817550516,0,3,24,1,model.layers.1.self_attn.swa_cache
3607844817861047,3607844817865547,3607844818083538,3607844818500169,0,3,24,1,model.layers.2.self_attn.compressor.state_cache
3607844818677609,3607844818681999,3607844818921370,3607844819334631,0,3,24,1,model.layers.2.self_attn.indexer.compressor.state_cache
3607844819641632,3607844819678332,3607844819890403,3607844820329404,0,3,24,1,model.layers.3.self_attn.compressor.state_cache
3607844871949543,3607844872617515,3607844872823136,3607844875238573,1,3,24,4,model.layers.2.self_attn.indexer.k_cache
3607844875486074,3607844875490334,3607844875733005,3607844876235716,0,3,24,4,model.layers.2.self_attn.attn
3607844876555107,3607844876559957,3607844876770948,3607844877505860,0,3,24,128,model.layers.3.self_attn.attn
3607844877859661,3607844877864341,3607844878080112,3607844878808484,0,3,24,1,model.layers.0.self_attn.swa_cache
3607844879128575,3607844879133195,3607844879348616,3607844879768977,0,3,24,1,model.layers.1.self_attn.swa_cache
3607844880096988,3607844880101588,3607844880314729,3607844880734610,0,3,24,1,model.layers.2.self_attn.compressor.state_cache
3607844880912781,3607844880916711,3607844881158512,3607844881576413,0,3,24,1,model.layers.2.self_attn.indexer.compressor.state_cache
3607844881889474,3607844881925484,3607844882143225,3607844882562796,0,3,24,1,model.layers.3.self_attn.compressor.state_cache
3607844934151725,3607844934795307,3607844935003337,3607844937498745,1,3,24,4,model.layers.2.self_attn.indexer.k_cache
3607844937743666,3607844937747926,3607844937993446,3607844938470268,0,3,24,4,model.layers.2.self_attn.attn
3607844938795439,3607844938799929,3607844939015240,3607844939756832,0,3,24,128,model.layers.3.self_attn.attn
3607844940095743,3607844940100583,3607844940319254,3607844941050176,0,3,24,1,model.layers.0.self_attn.swa_cache
3607844941368877,3607844941373647,3607844941587967,3607844942010469,0,3,24,1,model.layers.1.self_attn.swa_cache
3607844942323110,3607844942327840,3607844942538010,3607844942958412,0,3,24,1,model.layers.2.self_attn.compressor.state_cache
3607844943134022,3607844943138322,3607844943372503,3607844943790344,0,3,24,1,model.layers.2.self_attn.indexer.compressor.state_cache
3607844944113365,3607844944150515,3607844944358776,3607844944780827,0,3,24,1,model.layers.3.self_attn.compressor.state_cache
3607844996187725,3607844996837837,3607844997043578,3607844999351855,1,3,24,4,model.layers.2.self_attn.indexer.k_cache
3607844999587756,3607844999592056,3607844999836607,3607845000337728,0,3,24,4,model.layers.2.self_attn.attn
3607845000664309,3607845000669129,3607845000885170,3607845001629792,0,3,24,128,model.layers.3.self_attn.attn
3607845001951823,3607845001956583,3607845002167594,3607845002899376,0,3,24,1,model.layers.0.self_attn.swa_cache
3607845003218267,3607845003223117,3607845003434948,3607845003855239,0,3,24,1,model.layers.1.self_attn.swa_cache
3607845004190470,3607845004195200,3607845004418931,3607845004860502,0,3,24,1,model.layers.2.self_attn.compressor.state_cache
3607845005048853,3607845005052823,3607845005293463,3607845005721905,0,3,24,1,model.layers.2.self_attn.indexer.compressor.state_cache
3607845006039696,3607845006080316,3607845006294547,3607845006712578,0,3,24,1,model.layers.3.self_attn.compressor.state_cache
3607845059728721,3607845060455133,3607845060672304,3607845063019811,1,2,16,4,model.layers.2.self_attn.indexer.k_cache
3607845063282642,3607845063287112,3607845063526573,3607845064029004,0,2,16,4,model.layers.2.self_attn.attn
3607845064362525,3607845064367115,3607845064583426,3607845065326218,0,2,16,128,model.layers.3.self_attn.attn
3607845065647949,3607845065652499,3607845065864970,3607845066633532,0,2,16,1,model.layers.0.self_attn.swa_cache
3607845066946023,3607845066950523,3607845067162094,3607845067577215,0,2,16,1,model.layers.1.self_attn.swa_cache
3607845067889626,3607845067894246,3607845068127427,3607845068551228,0,2,16,1,model.layers.2.self_attn.compressor.state_cache
3607845068728439,3607845068732469,3607845068968869,3607845069391591,0,2,16,1,model.layers.2.self_attn.indexer.compressor.state_cache
3607845069707332,3607845069745472,3607845069958762,3607845070374494,0,2,16,1,model.layers.3.self_attn.compressor.state_cache
3607845122319183,3607845122969295,3607845123180436,3607845125479053,1,2,16,4,model.layers.2.self_attn.indexer.k_cache
3607845125708394,3607845125712644,3607845125954785,3607845126438236,0,2,16,4,model.layers.2.self_attn.attn
3607845126757827,3607845126762527,3607845126976668,3607845127741000,0,2,16,128,model.layers.3.self_attn.attn
3607845128078521,3607845128083311,3607845128299242,3607845129052394,0,2,16,1,model.layers.0.self_attn.swa_cache
3607845129366625,3607845129371205,3607845129590136,3607845130002827,0,2,16,1,model.layers.1.self_attn.swa_cache
3607845130312128,3607845130316978,3607845130529329,3607845130945380,0,2,16,1,model.layers.2.self_attn.compressor.state_cache
3607845131150931,3607845131155021,3607845131389721,3607845131811543,0,2,16,1,model.layers.2.self_attn.indexer.compressor.state_cache
3607845132126264,3607845132162784,3607845132376794,3607845132787756,0,2,16,1,model.layers.3.self_attn.compressor.state_cache
3607845183665232,3607845184331564,3607845184542005,3607845186826062,1,2,16,4,model.layers.2.self_attn.indexer.k_cache
3607845187063463,3607845187067693,3607845187312813,3607845187780945,0,2,16,4,model.layers.2.self_attn.attn
3607845188119136,3607845188123956,3607845188337037,3607845189103509,0,2,16,128,model.layers.3.self_attn.attn
3607845189429270,3607845189433980,3607845189646691,3607845190384863,0,2,16,1,model.layers.0.self_attn.swa_cache
3607845190701904,3607845190706744,3607845190916704,3607845191331906,0,2,16,1,model.layers.1.self_attn.swa_cache
3607845191643317,3607845191647837,3607845191861247,3607845192301919,0,2,16,1,model.layers.2.self_attn.compressor.state_cache
3607845192479769,3607845192483859,3607845192718830,3607845193146971,0,2,16,1,model.layers.2.self_attn.indexer.compressor.state_cache
3607845193458422,3607845193495352,3607845193709223,3607845194124914,0,2,16,1,model.layers.3.self_attn.compressor.state_cache
3607845245671713,3607845246311385,3607845246525616,3607845248847743,1,2,16,4,model.layers.2.self_attn.indexer.k_cache
3607845249089313,3607845249093433,3607845249337894,3607845249811456,0,2,16,4,model.layers.2.self_attn.attn
3607845250133247,3607845250137837,3607845250358337,3607845251102730,0,2,16,128,model.layers.3.self_attn.attn
3607845251427011,3607845251431601,3607845251646661,3607845252398024,0,2,16,1,model.layers.0.self_attn.swa_cache
3607845252719935,3607845252724505,3607845252940305,3607845253363727,0,2,16,1,model.layers.1.self_attn.swa_cache
3607845253678688,3607845253683278,3607845253893808,3607845254319929,0,2,16,1,model.layers.2.self_attn.compressor.state_cache
3607845254494960,3607845254498830,3607845254736781,3607845255155492,0,2,16,1,model.layers.2.self_attn.indexer.compressor.state_cache
3607845255469133,3607845255504643,3607845255718644,3607845256152805,0,2,16,1,model.layers.3.self_attn.compressor.state_cache
3607845307451933,3607845308143105,3607845308362066,3607845310703783,1,2,16,4,model.layers.2.self_attn.indexer.k_cache
3607845310941384,3607845310945704,3607845311186954,3607845311669656,0,2,16,4,model.layers.2.self_attn.attn
3607845311992617,3607845311997367,3607845312233118,3607845312977410,0,2,16,128,model.layers.3.self_attn.attn
3607845313303411,3607845313308211,3607845313518732,3607845314257154,0,2,16,1,model.layers.0.self_attn.swa_cache
3607845314576875,3607845314581605,3607845314795266,3607845315225167,0,2,16,1,model.layers.1.self_attn.swa_cache
3607845315537978,3607845315542508,3607845315752628,3607845316189490,0,2,16,1,model.layers.2.self_attn.compressor.state_cache
3607845316369190,3607845316372990,3607845316609131,3607845317031382,0,2,16,1,model.layers.2.self_attn.indexer.compressor.state_cache
3607845317345783,3607845317381343,3607845317590774,3607845318005785,0,2,16,1,model.layers.3.self_attn.compressor.state_cache
3607845369370853,3607845370006005,3607845370215946,3607845372581253,1,2,16,4,model.layers.2.self_attn.indexer.k_cache
3607845372812934,3607845372817634,3607845373066935,3607845373544036,0,2,16,4,model.layers.2.self_attn.attn
3607845373862487,3607845373866947,3607845374083928,3607845374848950,0,2,16,128,model.layers.3.self_attn.attn
3607845375170831,3607845375175461,3607845375389642,3607845376145434,0,2,16,1,model.layers.0.self_attn.swa_cache
3607845376464895,3607845376469325,3607845376683726,3607845377106557,0,2,16,1,model.layers.1.self_attn.swa_cache
3607845377418588,3607845377423018,3607845377635319,3607845378056040,0,2,16,1,model.layers.2.self_attn.compressor.state_cache
3607845378231831,3607845378236031,3607845378473581,3607845378890743,0,2,16,1,model.layers.2.self_attn.indexer.compressor.state_cache
3607845379204344,3607845379239754,3607845379455564,3607845379872706,0,2,16,1,model.layers.3.self_attn.compressor.state_cache
3607845432236447,3607845432881609,3607845433090179,3607845435423917,1,1,8,4,model.layers.2.self_attn.indexer.k_cache
3607845435700057,3607845435704427,3607845435950358,3607845436460540,0,1,8,4,model.layers.2.self_attn.attn
3607845436780811,3607845436785161,3607845436999641,3607845437741384,0,1,8,128,model.layers.3.self_attn.attn
3607845438062445,3607845438066975,3607845438278975,3607845439019588,0,1,8,1,model.layers.0.self_attn.swa_cache
3607845439338229,3607845439342799,3607845439553349,3607845439976981,0,1,8,1,model.layers.1.self_attn.swa_cache
3607845440302902,3607845440307602,3607845440519192,3607845440945644,0,1,8,1,model.layers.2.self_attn.compressor.state_cache
3607845441121814,3607845441126134,3607845441369685,3607845441788106,0,1,8,1,model.layers.2.self_attn.indexer.compressor.state_cache
3607845442097797,3607845442134477,3607845442349468,3607845442759819,0,1,8,1,model.layers.3.self_attn.compressor.state_cache
3607845494189767,3607845494841029,3607845495040550,3607845499020342,1,1,8,4,model.layers.2.self_attn.indexer.k_cache
3607845499256823,3607845499260743,3607845499506054,3607845499984515,0,1,8,4,model.layers.2.self_attn.attn
3607845500326296,3607845500331186,3607845500545817,3607845501287869,0,1,8,128,model.layers.3.self_attn.attn
3607845501609360,3607845501614300,3607845501828741,3607845502556213,0,1,8,1,model.layers.0.self_attn.swa_cache
3607845502874434,3607845502879244,3607845503090865,3607845503516566,0,1,8,1,model.layers.1.self_attn.swa_cache
3607845503828947,3607845503833747,3607845504058508,3607845504480159,0,1,8,1,model.layers.2.self_attn.compressor.state_cache
3607845504712060,3607845504716850,3607845505000111,3607845505501272,0,1,8,1,model.layers.2.self_attn.indexer.compressor.state_cache
3607845505869963,3607845505913413,3607845506168424,3607845506683066,0,1,8,1,model.layers.3.self_attn.compressor.state_cache
3607845558837246,3607845559473188,3607845559676209,3607845561961736,1,1,8,4,model.layers.2.self_attn.indexer.k_cache
3607845562189987,3607845562194027,3607845562437757,3607845562914909,0,1,8,4,model.layers.2.self_attn.attn
3607845563231880,3607845563236480,3607845563453120,3607845564213973,0,1,8,128,model.layers.3.self_attn.attn
3607845564533954,3607845564538384,3607845564750794,3607845565483767,0,1,8,1,model.layers.0.self_attn.swa_cache
3607845565802198,3607845565806828,3607845566024418,3607845566448200,0,1,8,1,model.layers.1.self_attn.swa_cache
3607845566755781,3607845566760191,3607845566966361,3607845567375073,0,1,8,1,model.layers.2.self_attn.compressor.state_cache
3607845567548463,3607845567552523,3607845567786134,3607845568217325,0,1,8,1,model.layers.2.self_attn.indexer.compressor.state_cache
3607845568525426,3607845568560046,3607845568766347,3607845569192038,0,1,8,1,model.layers.3.self_attn.compressor.state_cache
3607845620287995,3607845620930417,3607845621135368,3607845625082060,1,1,8,4,model.layers.2.self_attn.indexer.k_cache
3607845625310131,3607845625314491,3607845625554491,3607845626033173,0,1,8,4,model.layers.2.self_attn.attn
3607845626354514,3607845626359114,3607845626614585,3607845627514758,0,1,8,128,model.layers.3.self_attn.attn
3607845627905589,3607845627911169,3607845628200250,3607845629099212,0,1,8,1,model.layers.0.self_attn.swa_cache
3607845629479264,3607845629485074,3607845629742994,3607845630252246,0,1,8,1,model.layers.1.self_attn.swa_cache
3607845630630277,3607845630635947,3607845630891898,3607845631391919,0,1,8,1,model.layers.2.self_attn.compressor.state_cache
3607845631600820,3607845631605760,3607845631891251,3607845632424403,0,1,8,1,model.layers.2.self_attn.indexer.compressor.state_cache
3607845632796394,3607845632840994,3607845633102725,3607845633614146,0,1,8,1,model.layers.3.self_attn.compressor.state_cache
3607845686898520,3607845687565582,3607845687774403,3607845690066260,1,1,8,4,model.layers.2.self_attn.indexer.k_cache
3607845690314461,3607845690318821,3607845690563401,3607845691039213,0,1,8,4,model.layers.2.self_attn.attn
3607845691358354,3607845691362944,3607845691575325,3607845692331317,0,1,8,128,model.layers.3.self_attn.attn
3607845692654768,3607845692659428,3607845692874809,3607845693603471,0,1,8,1,model.layers.0.self_attn.swa_cache
3607845693960482,3607845693965092,3607845694182503,3607845694611274,0,1,8,1,model.layers.1.self_attn.swa_cache
3607845694925745,3607845694930355,3607845695143246,3607845695566217,0,1,8,1,model.layers.2.self_attn.compressor.state_cache
3607845695742457,3607845695746717,3607845695983928,3607845696428350,0,1,8,1,model.layers.2.self_attn.indexer.compressor.state_cache
3607845696739380,3607845696775561,3607845696989981,3607845697405693,0,1,8,1,model.layers.3.self_attn.compressor.state_cache
3607845748690390,3607845749328092,3607845749526533,3607845751761720,1,1,8,4,model.layers.2.self_attn.indexer.k_cache
3607845751993500,3607845751997890,3607845752261481,3607845752739423,0,1,8,4,model.layers.2.self_attn.attn
3607845753055404,3607845753059894,3607845753274324,3607845754011047,0,1,8,128,model.layers.3.self_attn.attn
3607845754328518,3607845754333188,3607845754549148,3607845755275551,0,1,8,1,model.layers.0.self_attn.swa_cache
3607845755594112,3607845755598572,3607845755812172,3607845756245964,0,1,8,1,model.layers.1.self_attn.swa_cache
3607845756558274,3607845756562945,3607845756774325,3607845757189756,0,1,8,1,model.layers.2.self_attn.compressor.state_cache
3607845757365297,3607845757369377,3607845757606908,3607845758022249,0,1,8,1,model.layers.2.self_attn.indexer.compressor.state_cache
3607845758334510,3607845758369390,3607845758577981,3607845759003662,0,1,8,1,model.layers.3.self_attn.compressor.state_cache
3607845810190409,3607845810828851,3607845811034922,3607845813287959,1,1,8,4,model.layers.2.self_attn.indexer.k_cache
3607845813520380,3607845813524510,3607845813767760,3607845814245552,0,1,8,4,model.layers.2.self_attn.attn
3607845814561823,3607845814566693,3607845814779354,3607845815516006,0,1,8,128,model.layers.3.self_attn.attn
3607845815830177,3607845815834657,3607845816064668,3607845816798830,0,1,8,1,model.layers.0.self_attn.swa_cache
3607845817118001,3607845817122631,3607845817334251,3607845817761143,0,1,8,1,model.layers.1.self_attn.swa_cache
3607845818072814,3607845818077414,3607845818291014,3607845818720376,0,1,8,1,model.layers.2.self_attn.compressor.state_cache
3607845818896496,3607845818900606,3607845819135727,3607845819554288,0,1,8,1,model.layers.2.self_attn.indexer.compressor.state_cache
3607845819860019,3607845819895929,3607845820124820,3607845820541241,0,1,8,1,model.layers.3.self_attn.compressor.state_cache
3607845871738699,3607845872392021,3607845872600291,3607845874872478,1,1,8,4,model.layers.2.self_attn.indexer.k_cache
3607845875107419,3607845875111619,3607845875357400,3607845875842331,0,1,8,4,model.layers.2.self_attn.attn
3607845876188103,3607845876192633,3607845876406503,3607845877161566,0,1,8,128,model.layers.3.self_attn.attn
3607845877482746,3607845877487657,3607845877699227,3607845878434439,0,1,8,1,model.layers.0.self_attn.swa_cache
3607845878752750,3607845878757070,3607845878970431,3607845879394872,0,1,8,1,model.layers.1.self_attn.swa_cache
3607845879705993,3607845879711063,3607845879926014,3607845880371725,0,1,8,1,model.layers.2.self_attn.compressor.state_cache
3607845880547946,3607845880552156,3607845880793717,3607845881210668,0,1,8,1,model.layers.2.self_attn.indexer.compressor.state_cache
3607845881520609,3607845881557559,3607845881771450,3607845882184931,0,1,8,1,model.layers.3.self_attn.compressor.state_cache
3607845933475819,3607845934114171,3607845934319661,3607845936664819,1,1,8,4,model.layers.2.self_attn.indexer.k_cache
3607845936900239,3607845936904299,3607845937145660,3607845937624202,0,1,8,4,model.layers.2.self_attn.attn
3607845937942892,3607845937947753,3607845938156033,3607845938891805,0,1,8,128,model.layers.3.self_attn.attn
3607845939213176,3607845939217666,3607845939433947,3607845940197759,0,1,8,1,model.layers.0.self_attn.swa_cache
3607845940516440,3607845940520960,3607845940733351,3607845941146132,0,1,8,1,model.layers.1.self_attn.swa_cache
3607845941456083,3607845941460773,3607845941672184,3607845942096835,0,1,8,1,model.layers.2.self_attn.compressor.state_cache
3607845942274376,3607845942278546,3607845942516307,3607845942940248,0,1,8,1,model.layers.2.self_attn.indexer.compressor.state_cache
3607845943280419,3607845943315789,3607845943532010,3607845943956821,0,1,8,1,model.layers.3.self_attn.compressor.state_cache
3607845994898558,3607845995535550,3607845995738190,3607845999477652,1,1,8,4,model.layers.2.self_attn.indexer.k_cache
3607845999771663,3607845999776653,3607846000079034,3607846000640735,0,1,8,4,model.layers.2.self_attn.attn
3607846001011187,3607846001016817,3607846001263757,3607846002128220,0,1,8,128,model.layers.3.self_attn.attn
3607846002498371,3607846002503881,3607846002751662,3607846003600414,0,1,8,1,model.layers.0.self_attn.swa_cache
3607846003964776,3607846003970046,3607846004234496,3607846004726368,0,1,8,1,model.layers.1.self_attn.swa_cache
3607846005084689,3607846005090149,3607846005331020,3607846005822251,0,1,8,1,model.layers.2.self_attn.compressor.state_cache
3607846006020242,3607846006025052,3607846006299423,3607846006787314,0,1,8,1,model.layers.2.self_attn.indexer.compressor.state_cache
3607846007145675,3607846007190656,3607846007440296,3607846007924398,0,1,8,1,model.layers.3.self_attn.compressor.state_cache
3607846059093465,3607846059719587,3607846059922078,3607846062203285,1,1,8,4,model.layers.2.self_attn.indexer.k_cache
3607846062433945,3607846062438265,3607846062676486,3607846063153588,0,1,8,4,model.layers.2.self_attn.attn
3607846063473639,3607846063478429,3607846063692219,3607846064466612,0,1,8,128,model.layers.3.self_attn.attn
3607846064788363,3607846064792763,3607846065004803,3607846065734806,0,1,8,1,model.layers.0.self_attn.swa_cache
3607846066053927,3607846066058377,3607846066268757,3607846066691779,0,1,8,1,model.layers.1.self_attn.swa_cache
3607846066999960,3607846067004570,3607846067212130,3607846067623581,0,1,8,1,model.layers.2.self_attn.compressor.state_cache
3607846067796012,3607846067799862,3607846068047253,3607846068471294,0,1,8,1,model.layers.2.self_attn.indexer.compressor.state_cache
3607846068783385,3607846068818995,3607846069031066,3607846069445897,0,1,8,1,model.layers.3.self_attn.compressor.state_cache
3607846120566684,3607846121196946,3607846121414957,3607846123655904,1,1,8,4,model.layers.2.self_attn.indexer.k_cache
3607846123902755,3607846123906915,3607846124166725,3607846124658817,0,1,8,4,model.layers.2.self_attn.attn
3607846124979078,3607846124983788,3607846125197699,3607846125933391,0,1,8,128,model.layers.3.self_attn.attn
3607846126249792,3607846126254282,3607846126468362,3607846127193475,0,1,8,1,model.layers.0.self_attn.swa_cache
3607846127508176,3607846127512866,3607846127724436,3607846128159008,0,1,8,1,model.layers.1.self_attn.swa_cache
3607846128468789,3607846128473339,3607846128681039,3607846129099041,0,1,8,1,model.layers.2.self_attn.compressor.state_cache
3607846129272251,3607846129276131,3607846129510882,3607846129923903,0,1,8,1,model.layers.2.self_attn.indexer.compressor.state_cache
3607846130231354,3607846130266594,3607846130479065,3607846130893296,0,1,8,1,model.layers.3.self_attn.compressor.state_cache
3607846181871983,3607846182555035,3607846182761066,3607846185039923,1,1,8,4,model.layers.2.self_attn.indexer.k_cache
3607846185273603,3607846185277813,3607846185517254,3607846185983766,0,1,8,4,model.layers.2.self_attn.attn
3607846186298857,3607846186303317,3607846186514767,3607846187255359,0,1,8,128,model.layers.3.self_attn.attn
3607846187571260,3607846187575920,3607846187790091,3607846188561833,0,1,8,1,model.layers.0.self_attn.swa_cache
3607846188883394,3607846188887914,3607846189099105,3607846189518186,0,1,8,1,model.layers.1.self_attn.swa_cache
3607846189831337,3607846189835957,3607846190045358,3607846190458689,0,1,8,1,model.layers.2.self_attn.compressor.state_cache
3607846190633500,3607846190637300,3607846190874661,3607846191291092,0,1,8,1,model.layers.2.self_attn.indexer.compressor.state_cache
3607846191599113,3607846191634023,3607846191850024,3607846192275715,0,1,8,1,model.layers.3.self_attn.compressor.state_cache
3607846243320982,3607846243965244,3607846244181425,3607846246435212,1,1,8,4,model.layers.2.self_attn.indexer.k_cache
3607846246668602,3607846246672582,3607846246915393,3607846247398684,0,1,8,4,model.layers.2.self_attn.attn
3607846247751756,3607846247756206,3607846247970486,3607846248760089,0,1,8,128,model.layers.3.self_attn.attn
3607846249082260,3607846249086990,3607846249297490,3607846250027303,0,1,8,1,model.layers.0.self_attn.swa_cache
3607846250346084,3607846250350724,3607846250562624,3607846250993496,0,1,8,1,model.layers.1.self_attn.swa_cache
3607846251301596,3607846251306137,3607846251512027,3607846251934658,0,1,8,1,model.layers.2.self_attn.compressor.state_cache
3607846252135479,3607846252139859,3607846252378940,3607846252792351,0,1,8,1,model.layers.2.self_attn.indexer.compressor.state_cache
3607846253102672,3607846253138532,3607846253353383,3607846253771574,0,1,8,1,model.layers.3.self_attn.compressor.state_cache
3607846304931601,3607846305573973,3607846305779524,3607846308071631,1,1,8,4,model.layers.2.self_attn.indexer.k_cache
3607846308305792,3607846308310012,3607846308548483,3607846309025704,0,1,8,4,model.layers.2.self_attn.attn
3607846309360135,3607846309364595,3607846309580136,3607846310320458,0,1,8,128,model.layers.3.self_attn.attn
3607846310639939,3607846310644439,3607846310858480,3607846311592982,0,1,8,1,model.layers.0.self_attn.swa_cache
3607846311912963,3607846311917663,3607846312143104,3607846312569745,0,1,8,1,model.layers.1.self_attn.swa_cache
3607846312883526,3607846312887726,3607846313099817,3607846313526898,0,1,8,1,model.layers.2.self_attn.compressor.state_cache
3607846313699778,3607846313703888,3607846313940399,3607846314351530,0,1,8,1,model.layers.2.self_attn.indexer.compressor.state_cache
3607846314662771,3607846314698242,3607846314910712,3607846315332483,0,1,8,1,model.layers.3.self_attn.compressor.state_cache
3607846366667311,3607846367322983,3607846367527384,3607846369825441,1,1,8,4,model.layers.2.self_attn.indexer.k_cache
3607846370058682,3607846370062942,3607846370305853,3607846370786684,0,1,8,4,model.layers.2.self_attn.attn
3607846371107685,3607846371112435,3607846371324206,3607846372099978,0,1,8,128,model.layers.3.self_attn.attn
3607846372422339,3607846372426969,3607846372641690,3607846373376742,0,1,8,1,model.layers.0.self_attn.swa_cache
3607846373694473,3607846373699383,3607846373912904,3607846374335175,0,1,8,1,model.layers.1.self_attn.swa_cache
3607846374649006,3607846374653546,3607846374868387,3607846375292358,0,1,8,1,model.layers.2.self_attn.compressor.state_cache
3607846375468688,3607846375472789,3607846375708949,3607846376144791,0,1,8,1,model.layers.2.self_attn.indexer.compressor.state_cache
3607846376455632,3607846376491982,3607846376706832,3607846377117274,0,1,8,1,model.layers.3.self_attn.compressor.state_cache
3607846428303721,3607846428936583,3607846429137144,3607846434232819,1,1,8,4,model.layers.2.self_attn.indexer.k_cache
3607846434460590,3607846434464800,3607846434706261,3607846435180952,0,1,8,4,model.layers.2.self_attn.attn
3607846435507143,3607846435511793,3607846435727064,3607846436498456,0,1,8,128,model.layers.3.self_attn.attn
3607846436821117,3607846436825777,3607846437149228,3607846438178931,0,1,8,1,model.layers.0.self_attn.swa_cache
3607846438612013,3607846438618223,3607846438910244,3607846439496075,0,1,8,1,model.layers.1.self_attn.swa_cache
3607846439917607,3607846439923827,3607846440238028,3607846440807100,0,1,8,1,model.layers.2.self_attn.compressor.state_cache
3607846441046920,3607846441052340,3607846441376781,3607846441952703,0,1,8,1,model.layers.2.self_attn.indexer.compressor.state_cache
3607846442377944,3607846442426364,3607846442716395,3607846443299157,0,1,8,1,model.layers.3.self_attn.compressor.state_cache
3607846495009056,3607846495648818,3607846495861849,3607846498097236,1,1,8,4,model.layers.2.self_attn.indexer.k_cache
3607846498352607,3607846498356747,3607846498596817,3607846499071109,0,1,8,4,model.layers.2.self_attn.attn
3607846499387770,3607846499392390,3607846499600880,3607846500360653,0,1,8,128,model.layers.3.self_attn.attn
3607846500682554,3607846500687374,3607846500895954,3607846501654637,0,1,8,1,model.layers.0.self_attn.swa_cache
3607846501970738,3607846501975438,3607846502193168,3607846502612100,0,1,8,1,model.layers.1.self_attn.swa_cache
3607846502922891,3607846502927451,3607846503138111,3607846503551383,0,1,8,1,model.layers.2.self_attn.compressor.state_cache
3607846503757353,3607846503761543,3607846503998214,3607846504435185,0,1,8,1,model.layers.2.self_attn.indexer.compressor.state_cache
3607846504750106,3607846504788946,3607846505002107,3607846505418088,0,1,8,1,model.layers.3.self_attn.compressor.state_cache
3607846556713176,3607846557360568,3607846557562539,3607846559862296,1,1,8,4,model.layers.2.self_attn.indexer.k_cache
3607846560111377,3607846560115647,3607846560357757,3607846560842189,0,1,8,4,model.layers.2.self_attn.attn
3607846561161410,3607846561165840,3607846561377870,3607846562124363,0,1,8,128,model.layers.3.self_attn.attn
3607846562447154,3607846562452074,3607846562664684,3607846563394687,0,1,8,1,model.layers.0.self_attn.swa_cache
3607846563715198,3607846563720258,3607846563929058,3607846564389370,0,1,8,1,model.layers.1.self_attn.swa_cache
3607846564702161,3607846564706841,3607846564914841,3607846565332563,0,1,8,1,model.layers.2.self_attn.compressor.state_cache
3607846565508353,3607846565512253,3607846565748374,3607846566157765,0,1,8,1,model.layers.2.self_attn.indexer.compressor.state_cache
3607846566467246,3607846566502736,3607846566713547,3607846567132558,0,1,8,1,model.layers.3.self_attn.compressor.state_cache
3607846618344376,3607846618980668,3607846619189288,3607846621468925,1,1,8,4,model.layers.2.self_attn.indexer.k_cache
3607846621697436,3607846621701416,3607846621944977,3607846622426538,0,1,8,4,model.layers.2.self_attn.attn
3607846622748839,3607846622753459,3607846622964440,3607846623709552,0,1,8,128,model.layers.3.self_attn.attn
3607846624074643,3607846624079463,3607846624301534,3607846625046046,0,1,8,1,model.layers.0.self_attn.swa_cache
3607846625369287,3607846625373947,3607846625588498,3607846626019009,0,1,8,1,model.layers.1.self_attn.swa_cache
3607846626332030,3607846626336340,3607846626546441,3607846626964002,0,1,8,1,model.layers.2.self_attn.compressor.state_cache
3607846627139143,3607846627143023,3607846627385043,3607846627802615,0,1,8,1,model.layers.2.self_attn.indexer.compressor.state_cache
3607846628126186,3607846628161976,3607846628376147,3607846628796638,0,1,8,1,model.layers.3.self_attn.compressor.state_cache
3607846681903511,3607846682569133,3607846682804754,3607846685272662,1,1,8,4,model.layers.2.self_attn.indexer.k_cache
3607846685548642,3607846685552862,3607846685801023,3607846686284495,0,1,8,4,model.layers.2.self_attn.attn
3607846686603006,3607846686607436,3607846686825076,3607846687571909,0,1,8,128,model.layers.3.self_attn.attn
3607846687892230,3607846687897130,3607846688139960,3607846688880873,0,1,8,1,model.layers.0.self_attn.swa_cache
3607846689194784,3607846689199174,3607846689410154,3607846689832476,0,1,8,1,model.layers.1.self_attn.swa_cache
3607846690138947,3607846690143647,3607846690354697,3607846690772248,0,1,8,1,model.layers.2.self_attn.compressor.state_cache
3607846690942069,3607846690946109,3607846691187740,3607846691609631,0,1,8,1,model.layers.2.self_attn.indexer.compressor.state_cache
3607846691913902,3607846691952752,3607846692192263,3607846692602954,0,1,8,1,model.layers.3.self_attn.compressor.state_cache
