3607668563959282,3607668570387422,3607668607178993,3607669163632893,1,16,128,4,model.layers.2.self_attn.indexer.k_cache
3607669164129415,3607669164141355,3607669164493116,3607669165168658,0,16,128,4,model.layers.2.self_attn.attn
3607669165696879,3607669165703619,3607669165970910,3607669166835673,0,16,128,128,model.layers.3.self_attn.attn
3607669167222794,3607669167227894,3607669167505715,3607669168363988,0,16,128,1,model.layers.0.self_attn.swa_cache
3607669168723669,3607669168729379,3607669168994869,3607669169497451,0,16,128,1,model.layers.1.self_attn.swa_cache
3607669169862852,3607669169868362,3607669170271973,3607669170777845,0,16,128,1,model.layers.2.self_attn.compressor.state_cache
3607669170962535,3607669170967095,3607669171262266,3607669171681348,0,16,128,1,model.layers.2.self_attn.indexer.compressor.state_cache
3607669171982329,3607669171986659,3607669172294499,3607669172721531,0,16,128,1,model.layers.3.self_attn.compressor.state_cache
3607670026434553,3607670027074205,3607670027274016,3607670371816672,1,16,128,4,model.layers.2.self_attn.indexer.k_cache
3607670372378634,3607670373931179,3607670374418640,3607670377610390,1,16,128,4,model.layers.2.self_attn.attn
3607670378117131,3607670379074434,3607670379380635,3607670381406761,1,16,128,128,model.layers.3.self_attn.attn
3607670381884923,3607670382786576,3607670382995466,3607670384336690,1,16,128,1,model.layers.0.self_attn.swa_cache
3607670384645951,3607670385280413,3607670385493004,3607670386799428,1,16,128,1,model.layers.1.self_attn.swa_cache
3607670387095599,3607670387730731,3607670387939101,3607670389278705,1,16,128,1,model.layers.2.self_attn.compressor.state_cache
3607670389442646,3607670390084578,3607670390291328,3607670391637843,1,16,128,1,model.layers.2.self_attn.indexer.compressor.state_cache
3607670391935793,3607670392623986,3607670392826116,3607670394130400,1,16,128,1,model.layers.3.self_attn.compressor.state_cache
3607671198985255,3607671200643590,3607671201297142,3607671210067318,1,15,120,4,model.layers.2.self_attn.indexer.k_cache
3607671210284959,3607671210320119,3607671210560970,3607671211032711,0,15,120,4,model.layers.2.self_attn.attn
3607671211359422,3607671211396042,3607671211611133,3607671212315215,0,15,120,128,model.layers.3.self_attn.attn
3607671212637726,3607671212672436,3607671212891177,3607671213556619,0,15,120,1,model.layers.0.self_attn.swa_cache
3607671213861200,3607671213895240,3607671214108471,3607671214525012,0,15,120,1,model.layers.1.self_attn.swa_cache
3607671214838463,3607671214871563,3607671215175194,3607671215589355,0,15,120,1,model.layers.2.self_attn.compressor.state_cache
3607671215748295,3607671215785256,3607671216029346,3607671216451488,0,15,120,1,model.layers.2.self_attn.indexer.compressor.state_cache
3607671216763879,3607671216802099,3607671217107670,3607671217518511,0,15,120,1,model.layers.3.self_attn.compressor.state_cache
3607671619325581,3607671619985503,3607671620218934,3607671718703453,1,15,120,4,model.layers.2.self_attn.indexer.k_cache
3607671719279145,3607671720994570,3607671721522542,3607671724629411,1,15,120,4,model.layers.2.self_attn.attn
3607671725062082,3607671725925945,3607671726200586,3607671727973871,1,15,120,128,model.layers.3.self_attn.attn
3607671728414533,3607671729258215,3607671729532706,3607671731149011,1,15,120,1,model.layers.0.self_attn.swa_cache
3607671731452992,3607671732082244,3607671732284674,3607671733576198,1,15,120,1,model.layers.1.self_attn.swa_cache
3607671733879329,3607671734494191,3607671734692012,3607671735982906,1,15,120,1,model.layers.2.self_attn.compressor.state_cache
3607671736163096,3607671736805608,3607671737001279,3607671738289043,1,15,120,1,model.layers.2.self_attn.indexer.compressor.state_cache
3607671738590664,3607671739246296,3607671739444776,3607671740741800,1,15,120,1,model.layers.3.self_attn.compressor.state_cache
3607672463654636,3607672465475931,3607672466029213,3607672469776115,1,14,112,4,model.layers.2.self_attn.indexer.k_cache
3607672470144266,3607672470192996,3607672470526247,3607672471197269,0,14,112,4,model.layers.2.self_attn.attn
3607672471648490,3607672471693910,3607672471997301,3607672472826184,0,14,112,128,model.layers.3.self_attn.attn
3607672473185795,3607672473219165,3607672473443286,3607672474136978,0,14,112,1,model.layers.0.self_attn.swa_cache
3607672474440449,3607672474472649,3607672474699320,3607672475121831,0,14,112,1,model.layers.1.self_attn.swa_cache
3607672475469302,3607672475508582,3607672475837273,3607672476294434,0,14,112,1,model.layers.2.self_attn.compressor.state_cache
3607672476463045,3607672476497035,3607672476738226,3607672477180457,0,14,112,1,model.layers.2.self_attn.indexer.compressor.state_cache
3607672477497298,3607672477539858,3607672477853759,3607672478281150,0,14,112,1,model.layers.3.self_attn.compressor.state_cache
3607672894271454,3607672894964546,3607672895197027,3607672924302725,1,14,112,4,model.layers.2.self_attn.indexer.k_cache
3607672924910027,3607672926621722,3607672927152224,3607672931345237,1,14,112,4,model.layers.2.self_attn.attn
3607672931668858,3607672932321910,3607672932527850,3607672933837454,1,14,112,128,model.layers.3.self_attn.attn
3607672934148955,3607672934785077,3607672934990198,3607672936349772,1,14,112,1,model.layers.0.self_attn.swa_cache
3607672936658603,3607672937291195,3607672937500495,3607672938841559,1,14,112,1,model.layers.1.self_attn.swa_cache
3607672939146720,3607672939776272,3607672939976453,3607672941286887,1,14,112,1,model.layers.2.self_attn.compressor.state_cache
3607672941457007,3607672942109009,3607672942311980,3607672943620904,1,14,112,1,model.layers.2.self_attn.indexer.compressor.state_cache
3607672943916775,3607672944611767,3607672944817768,3607672946142402,1,14,112,1,model.layers.3.self_attn.compressor.state_cache
3607673655349546,3607673657675983,3607673658497116,3607673661577495,1,13,104,4,model.layers.2.self_attn.indexer.k_cache
3607673661926386,3607673661965066,3607673662226427,3607673662739318,0,13,104,4,model.layers.2.self_attn.attn
3607673663102260,3607673663140190,3607673663377110,3607673664139133,0,13,104,128,model.layers.3.self_attn.attn
3607673664494014,3607673664532834,3607673664765315,3607673665502917,0,13,104,1,model.layers.0.self_attn.swa_cache
3607673665835588,3607673665874558,3607673666102949,3607673666655750,0,13,104,1,model.layers.1.self_attn.swa_cache
3607673666974881,3607673667011271,3607673667320542,3607673667741394,0,13,104,1,model.layers.2.self_attn.compressor.state_cache
3607673667932184,3607673667964644,3607673668205225,3607673668635476,0,13,104,1,model.layers.2.self_attn.indexer.compressor.state_cache
3607673668947517,3607673668988777,3607673669302808,3607673669724290,0,13,104,1,model.layers.3.self_attn.compressor.state_cache
3607674066144924,3607674066823576,3607674067049017,3607674146949270,1,13,104,4,model.layers.2.self_attn.indexer.k_cache
3607674147512861,3607674149223716,3607674149749658,3607674154705153,1,13,104,4,model.layers.2.self_attn.attn
3607674155027984,3607674155644866,3607674155840817,3607674157154551,1,13,104,128,model.layers.3.self_attn.attn
3607674157459671,3607674158082723,3607674158283554,3607674159579548,1,13,104,1,model.layers.0.self_attn.swa_cache
3607674159885169,3607674160524081,3607674160723241,3607674162013245,1,13,104,1,model.layers.1.self_attn.swa_cache
3607674162317406,3607674162935808,3607674163132859,3607674164424623,1,13,104,1,model.layers.2.self_attn.compressor.state_cache
3607674164588523,3607674165222465,3607674165427046,3607674166711610,1,13,104,1,model.layers.2.self_attn.indexer.compressor.state_cache
3607674167006050,3607674167654312,3607674167853473,3607674169154427,1,13,104,1,model.layers.3.self_attn.compressor.state_cache
3607674963315070,3607674965656077,3607674966433589,3607674970340991,1,12,96,4,model.layers.2.self_attn.indexer.k_cache
3607674970613592,3607674970649332,3607674970886753,3607674971372234,0,12,96,4,model.layers.2.self_attn.attn
3607674971707305,3607674971742745,3607674971962056,3607674972677688,0,12,96,128,model.layers.3.self_attn.attn
3607674973012309,3607674973046999,3607674973269080,3607674973956472,0,12,96,1,model.layers.0.self_attn.swa_cache
3607674974265133,3607674974299783,3607674974519254,3607674974958595,0,12,96,1,model.layers.1.self_attn.swa_cache
3607674975299756,3607674975332986,3607674975644607,3607674976087329,0,12,96,1,model.layers.2.self_attn.compressor.state_cache
3607674976245549,3607674976283369,3607674976525060,3607674976944481,0,12,96,1,model.layers.2.self_attn.indexer.compressor.state_cache
3607674977255062,3607674977294932,3607674977602413,3607674978028405,0,12,96,1,model.layers.3.self_attn.compressor.state_cache
3607675375010661,3607675375682183,3607675375906853,3607675431797093,1,12,96,4,model.layers.2.self_attn.indexer.k_cache
3607675432380125,3607675433994480,3607675434494281,3607675438028762,1,12,96,4,model.layers.2.self_attn.attn
3607675438404453,3607675439123165,3607675439354366,3607675440890391,1,12,96,128,model.layers.3.self_attn.attn
3607675441253212,3607675441993994,3607675442237985,3607675443734199,1,12,96,1,model.layers.0.self_attn.swa_cache
3607675444103711,3607675444865953,3607675445062634,3607675446360857,1,12,96,1,model.layers.1.self_attn.swa_cache
3607675446665248,3607675447281460,3607675447482291,3607675448759465,1,12,96,1,model.layers.2.self_attn.compressor.state_cache
3607675448928165,3607675449513637,3607675449697718,3607675450992372,1,12,96,1,model.layers.2.self_attn.indexer.compressor.state_cache
3607675451296702,3607675451954724,3607675452167325,3607675453463489,1,12,96,1,model.layers.3.self_attn.compressor.state_cache
3607676217483111,3607676219300956,3607676219861678,3607676223668899,1,11,88,4,model.layers.2.self_attn.indexer.k_cache
3607676224051961,3607676224102551,3607676224453792,3607676225190304,0,11,88,4,model.layers.2.self_attn.attn
3607676225663115,3607676225708686,3607676226053437,3607676226837749,0,11,88,128,model.layers.3.self_attn.attn
3607676227166160,3607676227231510,3607676227510791,3607676228255753,0,11,88,1,model.layers.0.self_attn.swa_cache
3607676228614014,3607676228654084,3607676228907095,3607676229360117,0,11,88,1,model.layers.1.self_attn.swa_cache
3607676229742548,3607676229792678,3607676230152079,3607676230612790,0,11,88,1,model.layers.2.self_attn.compressor.state_cache
3607676230813101,3607676230846591,3607676231095372,3607676231524233,0,11,88,1,model.layers.2.self_attn.indexer.compressor.state_cache
3607676231915844,3607676231963435,3607676232297116,3607676232746567,0,11,88,1,model.layers.3.self_attn.compressor.state_cache
3607676691475921,3607676692182433,3607676692407014,3607676697538939,1,11,88,4,model.layers.2.self_attn.indexer.k_cache
3607676697832900,3607676698475112,3607676698675243,3607676701249251,1,11,88,4,model.layers.2.self_attn.attn
3607676701863152,3607676703185686,3607676703649178,3607676706692407,1,11,88,128,model.layers.3.self_attn.attn
3607676707436409,3607676708757153,3607676709064154,3607676711335421,1,11,88,1,model.layers.0.self_attn.swa_cache
3607676711928333,3607676713005716,3607676713311057,3607676715583414,1,11,88,1,model.layers.1.self_attn.swa_cache
3607676716220386,3607676717116839,3607676717438480,3607676719349646,1,11,88,1,model.layers.2.self_attn.compressor.state_cache
3607676719641276,3607676720414199,3607676720636179,3607676722069064,1,11,88,1,model.layers.2.self_attn.indexer.compressor.state_cache
3607676722409445,3607676723062087,3607676723261727,3607676724550471,1,11,88,1,model.layers.3.self_attn.compressor.state_cache
3607677495262623,3607677496617668,3607677498092502,3607677502026604,1,10,80,4,model.layers.2.self_attn.indexer.k_cache
3607677502396185,3607677502451015,3607677502817296,3607677503543169,0,10,80,4,model.layers.2.self_attn.attn
3607677504049580,3607677504100100,3607677504431151,3607677505340834,0,10,80,128,model.layers.3.self_attn.attn
3607677505662735,3607677505697575,3607677505912606,3607677506578278,0,10,80,1,model.layers.0.self_attn.swa_cache
3607677506876699,3607677506929599,3607677507142860,3607677507556111,0,10,80,1,model.layers.1.self_attn.swa_cache
3607677507872712,3607677507907742,3607677508243363,3607677508664434,0,10,80,1,model.layers.2.self_attn.compressor.state_cache
3607677508823965,3607677508857605,3607677509088895,3607677509511297,0,10,80,1,model.layers.2.self_attn.indexer.compressor.state_cache
3607677509821958,3607677509857638,3607677510186229,3607677510630450,0,10,80,1,model.layers.3.self_attn.compressor.state_cache
3607677910737426,3607677911462938,3607677911691499,3607677972523234,1,10,80,4,model.layers.2.self_attn.indexer.k_cache
3607677973134386,3607677974897991,3607677975489903,3607677979323084,1,10,80,4,model.layers.2.self_attn.attn
3607677979664786,3607677980362268,3607677980572858,3607677982008963,1,10,80,128,model.layers.3.self_attn.attn
3607677982351404,3607677983019446,3607677983226386,3607677984706581,1,10,80,1,model.layers.0.self_attn.swa_cache
3607677985010302,3607677985703314,3607677985907034,3607677987406939,1,10,80,1,model.layers.1.self_attn.swa_cache
3607677987735940,3607677988466482,3607677988732903,3607677990114737,1,10,80,1,model.layers.2.self_attn.compressor.state_cache
3607677990279428,3607677991015220,3607677991242371,3607677992645865,1,10,80,1,model.layers.2.self_attn.indexer.compressor.state_cache
3607677992966276,3607677993655338,3607677993853789,3607677995123493,1,10,80,1,model.layers.3.self_attn.compressor.state_cache
3607678760293378,3607678762314304,3607678763107297,3607678766256356,1,9,72,4,model.layers.2.self_attn.indexer.k_cache
3607678766570817,3607678766612117,3607678766895578,3607678767440500,0,9,72,4,model.layers.2.self_attn.attn
3607678767843591,3607678767886571,3607678768150572,3607678768945964,0,9,72,128,model.layers.3.self_attn.attn
3607678769330065,3607678769369546,3607678769620376,3607678770399209,0,9,72,1,model.layers.0.self_attn.swa_cache
3607678770757770,3607678770798220,3607678771040351,3607678771537762,0,9,72,1,model.layers.1.self_attn.swa_cache
3607678771857193,3607678771897373,3607678772230934,3607678772651956,0,9,72,1,model.layers.2.self_attn.compressor.state_cache
3607678772816836,3607678772850506,3607678773081047,3607678773488698,0,9,72,1,model.layers.2.self_attn.indexer.compressor.state_cache
3607678773801669,3607678773839569,3607678774148890,3607678774560931,0,9,72,1,model.layers.3.self_attn.compressor.state_cache
3607679184185026,3607679184864588,3607679185103589,3607679194681328,1,9,72,4,model.layers.2.self_attn.indexer.k_cache
3607679195239260,3607679196906095,3607679197412247,3607679202176061,1,9,72,4,model.layers.2.self_attn.attn
3607679202785043,3607679203410215,3607679203611705,3607679204918539,1,9,72,128,model.layers.3.self_attn.attn
3607679205231750,3607679205861142,3607679206063813,3607679207355257,1,9,72,1,model.layers.0.self_attn.swa_cache
3607679207656518,3607679208301360,3607679208507870,3607679209822224,1,9,72,1,model.layers.1.self_attn.swa_cache
3607679210122565,3607679210752307,3607679210955248,3607679212268152,1,9,72,1,model.layers.2.self_attn.compressor.state_cache
3607679212435612,3607679213092094,3607679213292275,3607679214611209,1,9,72,1,model.layers.2.self_attn.indexer.compressor.state_cache
3607679214907960,3607679215576162,3607679215779502,3607679217096856,1,9,72,1,model.layers.3.self_attn.compressor.state_cache
3607679942469401,3607679944725888,3607679945271470,3607679953828186,1,8,64,4,model.layers.2.self_attn.indexer.k_cache
3607679954062056,3607679954104146,3607679954349957,3607679954829129,0,8,64,4,model.layers.2.self_attn.attn
3607679955176010,3607679955214010,3607679955429201,3607679956141593,0,8,64,128,model.layers.3.self_attn.attn
3607679956483364,3607679956517834,3607679956738864,3607679957422857,0,8,64,1,model.layers.0.self_attn.swa_cache
3607679957736008,3607679957784578,3607679958001608,3607679958424980,0,8,64,1,model.layers.1.self_attn.swa_cache
3607679958749371,3607679958785991,3607679959107982,3607679959529403,0,8,64,1,model.layers.2.self_attn.compressor.state_cache
3607679959696623,3607679959731834,3607679959968314,3607679960429646,0,8,64,1,model.layers.2.self_attn.indexer.compressor.state_cache
3607679960758607,3607679960796267,3607679961111418,3607679961531239,0,8,64,1,model.layers.3.self_attn.compressor.state_cache
3607680382595629,3607680383834693,3607680384293004,3607680387867845,1,8,64,4,model.layers.2.self_attn.indexer.k_cache
3607680388239976,3607680389247449,3607680389557640,3607680392446809,1,8,64,4,model.layers.2.self_attn.attn
3607680392935920,3607680393898003,3607680394257584,3607680395628409,1,8,64,128,model.layers.3.self_attn.attn
3607680395955750,3607680396614912,3607680396818922,3607680398097416,1,8,64,1,model.layers.0.self_attn.swa_cache
3607680398400557,3607680399019339,3607680399216459,3607680400515773,1,8,64,1,model.layers.1.self_attn.swa_cache
3607680400808504,3607680401412086,3607680401608197,3607680402886801,1,8,64,1,model.layers.2.self_attn.compressor.state_cache
3607680403048611,3607680403684273,3607680403884854,3607680405177278,1,8,64,1,model.layers.2.self_attn.indexer.compressor.state_cache
3607680405472128,3607680406114560,3607680406313711,3607680407580265,1,8,64,1,model.layers.3.self_attn.compressor.state_cache
3607681153515552,3607681154523465,3607681154959877,3607681161980778,1,7,56,4,model.layers.2.self_attn.indexer.k_cache
3607681162194849,3607681162231809,3607681162475560,3607681162999171,0,7,56,4,model.layers.2.self_attn.attn
3607681163329822,3607681163364882,3607681163581803,3607681164325125,0,7,56,128,model.layers.3.self_attn.attn
3607681164685646,3607681164721406,3607681164966857,3607681165663049,0,7,56,1,model.layers.0.self_attn.swa_cache
3607681166036860,3607681166070831,3607681166310001,3607681166744403,0,7,56,1,model.layers.1.self_attn.swa_cache
3607681167111754,3607681167160864,3607681167501015,3607681167949596,0,7,56,1,model.layers.2.self_attn.compressor.state_cache
3607681168119847,3607681168155077,3607681168436388,3607681168910199,0,7,56,1,model.layers.2.self_attn.indexer.compressor.state_cache
3607681169234180,3607681169272050,3607681169623591,3607681170117603,0,7,56,1,model.layers.3.self_attn.compressor.state_cache
3607681608655206,3607681609395108,3607681609644659,3607681612034106,1,7,56,4,model.layers.2.self_attn.indexer.k_cache
3607681612314747,3607681612989309,3607681613219170,3607681615250146,1,7,56,4,model.layers.2.self_attn.attn
3607681615586967,3607681616236949,3607681616464090,3607681617881784,1,7,56,128,model.layers.3.self_attn.attn
3607681618183845,3607681618843267,3607681619042988,3607681620503052,1,7,56,1,model.layers.0.self_attn.swa_cache
3607681620811533,3607681621472625,3607681621676326,3607681623112970,1,7,56,1,model.layers.1.self_attn.swa_cache
3607681623425691,3607681624084413,3607681624284633,3607681625746988,1,7,56,1,model.layers.2.self_attn.compressor.state_cache
3607681625912448,3607681626591651,3607681626793011,3607681628246746,1,7,56,1,model.layers.2.self_attn.indexer.compressor.state_cache
3607681628543576,3607681629234249,3607681629459519,3607681630775673,1,7,56,1,model.layers.3.self_attn.compressor.state_cache
3607682403948834,3607682404871407,3607682405260168,3607682408051716,1,6,48,4,model.layers.2.self_attn.indexer.k_cache
3607682408377177,3607682408420297,3607682408663858,3607682409180780,0,6,48,4,model.layers.2.self_attn.attn
3607682409533061,3607682409568341,3607682409789022,3607682410520864,0,6,48,128,model.layers.3.self_attn.attn
3607682410881235,3607682410917125,3607682411149456,3607682411875178,0,6,48,1,model.layers.0.self_attn.swa_cache
3607682412182819,3607682412219599,3607682412468500,3607682412982471,0,6,48,1,model.layers.1.self_attn.swa_cache
3607682413304912,3607682413343242,3607682413721384,3607682414183865,0,6,48,1,model.layers.2.self_attn.compressor.state_cache
3607682414362395,3607682414397936,3607682414634176,3607682415114868,0,6,48,1,model.layers.2.self_attn.indexer.compressor.state_cache
3607682415449099,3607682415485559,3607682415828610,3607682416324831,0,6,48,1,model.layers.3.self_attn.compressor.state_cache
3607682863109090,3607682863831682,3607682864075263,3607682866395850,1,6,48,4,model.layers.2.self_attn.indexer.k_cache
3607682866694001,3607682867342683,3607682867545673,3607682869744880,1,6,48,4,model.layers.2.self_attn.attn
3607682870068741,3607682870847553,3607682871077704,3607682872495188,1,6,48,128,model.layers.3.self_attn.attn
3607682872822719,3607682873609492,3607682873840132,3607682875215477,1,6,48,1,model.layers.0.self_attn.swa_cache
3607682875577088,3607682876324330,3607682876561681,3607682877951425,1,6,48,1,model.layers.1.self_attn.swa_cache
3607682878324176,3607682879018118,3607682879231449,3607682880648283,1,6,48,1,model.layers.2.self_attn.compressor.state_cache
3607682880853954,3607682881563696,3607682881782907,3607682883157411,1,6,48,1,model.layers.2.self_attn.indexer.compressor.state_cache
3607682883456992,3607682884133024,3607682884336454,3607682885633568,1,6,48,1,model.layers.3.self_attn.compressor.state_cache
3607683581572804,3607683582661517,3607683583158229,3607683586146088,1,5,40,4,model.layers.2.self_attn.indexer.k_cache
3607683586438449,3607683586476749,3607683586751320,3607683587323282,0,5,40,4,model.layers.2.self_attn.attn
3607683587656613,3607683587692773,3607683587967134,3607683588762146,0,5,40,128,model.layers.3.self_attn.attn
3607683589098397,3607683589139957,3607683589399758,3607683590119940,0,5,40,1,model.layers.0.self_attn.swa_cache
3607683590429511,3607683590477091,3607683590729882,3607683591194873,0,5,40,1,model.layers.1.self_attn.swa_cache
3607683591517804,3607683591569865,3607683591992656,3607683592488187,0,5,40,1,model.layers.2.self_attn.compressor.state_cache
3607683592659018,3607683592711018,3607683592985979,3607683593414150,0,5,40,1,model.layers.2.self_attn.indexer.compressor.state_cache
3607683593792081,3607683593839551,3607683594206103,3607683594663924,0,5,40,1,model.layers.3.self_attn.compressor.state_cache
3607684044481172,3607684045233884,3607684045474985,3607684047780772,1,5,40,4,model.layers.2.self_attn.indexer.k_cache
3607684048112243,3607684048817555,3607684049049816,3607684051047502,1,5,40,4,model.layers.2.self_attn.attn
3607684051416903,3607684052146485,3607684052376436,3607684053733920,1,5,40,128,model.layers.3.self_attn.attn
3607684054098001,3607684054807173,3607684055041594,3607684056399168,1,5,40,1,model.layers.0.self_attn.swa_cache
3607684056745829,3607684057455641,3607684057663212,3607684059063586,1,5,40,1,model.layers.1.self_attn.swa_cache
3607684059394917,3607684060071719,3607684060295000,3607684061702354,1,5,40,1,model.layers.2.self_attn.compressor.state_cache
3607684061917275,3607684062610267,3607684062827897,3607684064192012,1,5,40,1,model.layers.2.self_attn.indexer.compressor.state_cache
3607684064490393,3607684065152145,3607684065351585,3607684066630299,1,5,40,1,model.layers.3.self_attn.compressor.state_cache
3607684778023192,3607684779584887,3607684780230859,3607684789625537,1,4,32,4,model.layers.2.self_attn.indexer.k_cache
3607684789865778,3607684789903478,3607684790148909,3607684790630361,0,4,32,4,model.layers.2.self_attn.attn
3607684790964532,3607684791004922,3607684791222162,3607684791902224,0,4,32,128,model.layers.3.self_attn.attn
3607684792249695,3607684792286936,3607684792511816,3607684793193128,0,4,32,1,model.layers.0.self_attn.swa_cache
3607684793491389,3607684793532019,3607684793748400,3607684794200881,0,4,32,1,model.layers.1.self_attn.swa_cache
3607684794513082,3607684794547842,3607684794867423,3607684795292715,0,4,32,1,model.layers.2.self_attn.compressor.state_cache
3607684795449285,3607684795484505,3607684795719226,3607684796157357,0,4,32,1,model.layers.2.self_attn.indexer.compressor.state_cache
3607684796467238,3607684796510408,3607684796820219,3607684797240911,0,4,32,1,model.layers.3.self_attn.compressor.state_cache
3607685199363563,3607685200058496,3607685200312636,3607685246451297,1,4,32,4,model.layers.2.self_attn.indexer.k_cache
3607685246867458,3607685247836841,3607685248143092,3607685250949550,1,4,32,4,model.layers.2.self_attn.attn
3607685251359182,3607685252445225,3607685252685036,3607685254196210,1,4,32,128,model.layers.3.self_attn.attn
3607685254556001,3607685255277553,3607685255598684,3607685256936799,1,4,32,1,model.layers.0.self_attn.swa_cache
3607685257265580,3607685257891531,3607685258093072,3607685259404036,1,4,32,1,model.layers.1.self_attn.swa_cache
3607685259710217,3607685260357409,3607685260562150,3607685261858053,1,4,32,1,model.layers.2.self_attn.compressor.state_cache
3607685262028104,3607685262694906,3607685262895517,3607685264239001,1,4,32,1,model.layers.2.self_attn.indexer.compressor.state_cache
3607685264551942,3607685265218514,3607685265421544,3607685266718428,1,4,32,1,model.layers.3.self_attn.compressor.state_cache
3607685996032846,3607685997132870,3607685997594541,3607686000645350,1,3,24,4,model.layers.2.self_attn.indexer.k_cache
3607686001000331,3607686001041391,3607686001290462,3607686001768084,0,3,24,4,model.layers.2.self_attn.attn
3607686002103635,3607686002140575,3607686002356535,3607686003044007,0,3,24,128,model.layers.3.self_attn.attn
3607686003368458,3607686003411079,3607686003631919,3607686004334911,0,3,24,1,model.layers.0.self_attn.swa_cache
3607686004637072,3607686004672332,3607686004892003,3607686005312794,0,3,24,1,model.layers.1.self_attn.swa_cache
3607686005627295,3607686005668075,3607686005999346,3607686006421818,0,3,24,1,model.layers.2.self_attn.compressor.state_cache
3607686006580998,3607686006615168,3607686006846289,3607686007271650,0,3,24,1,model.layers.2.self_attn.indexer.compressor.state_cache
3607686007584261,3607686007620141,3607686007928102,3607686008391194,0,3,24,1,model.layers.3.self_attn.compressor.state_cache
3607686416675535,3607686417398678,3607686417637878,3607686468537863,1,3,24,4,model.layers.2.self_attn.indexer.k_cache
3607686468870884,3607686469605246,3607686469853047,3607686472027374,1,3,24,4,model.layers.2.self_attn.attn
3607686472393585,3607686473062687,3607686473278548,3607686474650412,1,3,24,128,model.layers.3.self_attn.attn
3607686474982823,3607686475619825,3607686475826155,3607686477185469,1,3,24,1,model.layers.0.self_attn.swa_cache
3607686477504930,3607686478159642,3607686478372043,3607686479715807,1,3,24,1,model.layers.1.self_attn.swa_cache
3607686480529940,3607686481190432,3607686481398502,3607686482773966,1,3,24,1,model.layers.2.self_attn.compressor.state_cache
3607686482958167,3607686483625469,3607686483835200,3607686485216684,1,3,24,1,model.layers.2.self_attn.indexer.compressor.state_cache
3607686485540965,3607686486213377,3607686486420638,3607686487777552,1,3,24,1,model.layers.3.self_attn.compressor.state_cache
3607687177561410,3607687178676063,3607687179116054,3607687186593417,1,2,16,4,model.layers.2.self_attn.indexer.k_cache
3607687186834358,3607687186876098,3607687187144259,3607687187652180,0,2,16,4,model.layers.2.self_attn.attn
3607687188579183,3607687188638793,3607687188915524,3607687189703856,0,2,16,128,model.layers.3.self_attn.attn
3607687190092838,3607687190146798,3607687190386309,3607687191125631,0,2,16,1,model.layers.0.self_attn.swa_cache
3607687191459822,3607687191514472,3607687191756233,3607687192214684,0,2,16,1,model.layers.1.self_attn.swa_cache
3607687192570555,3607687192617665,3607687192993686,3607687193433918,0,2,16,1,model.layers.2.self_attn.compressor.state_cache
3607687193614378,3607687193654038,3607687193902469,3607687194343121,0,2,16,1,model.layers.2.self_attn.indexer.compressor.state_cache
3607687194678112,3607687194725472,3607687195068203,3607687195521934,0,2,16,1,model.layers.3.self_attn.compressor.state_cache
3607687613210475,3607687613924857,3607687614158487,3607687635442372,1,2,16,4,model.layers.2.self_attn.indexer.k_cache
3607687635950624,3607687637477628,3607687637956020,3607687642372663,1,2,16,4,model.layers.2.self_attn.attn
3607687642700674,3607687643338896,3607687643545977,3607687644883071,1,2,16,128,model.layers.3.self_attn.attn
3607687645193552,3607687645826934,3607687646031884,3607687647364068,1,2,16,1,model.layers.0.self_attn.swa_cache
3607687647673969,3607687648410612,3607687648609602,3607687649941376,1,2,16,1,model.layers.1.self_attn.swa_cache
3607687650250137,3607687650907439,3607687651113420,3607687652439704,1,2,16,1,model.layers.2.self_attn.compressor.state_cache
3607687652628174,3607687653298196,3607687653512027,3607687654840401,1,2,16,1,model.layers.2.self_attn.indexer.compressor.state_cache
3607687655143602,3607687655811874,3607687656029455,3607687657340919,1,2,16,1,model.layers.3.self_attn.compressor.state_cache
3607688337518058,3607688339628774,3607688340162236,3607688352307863,1,1,8,4,model.layers.2.self_attn.indexer.k_cache
3607688352549433,3607688352584923,3607688352836194,3607688353330806,0,1,8,4,model.layers.2.self_attn.attn
3607688353677167,3607688353711607,3607688353931828,3607688354621200,0,1,8,128,model.layers.3.self_attn.attn
3607688354990271,3607688355024881,3607688355244022,3607688355925594,0,1,8,1,model.layers.0.self_attn.swa_cache
3607688356251285,3607688356287785,3607688356507135,3607688356929867,0,1,8,1,model.layers.1.self_attn.swa_cache
3607688357249108,3607688357289088,3607688357610749,3607688358030270,0,1,8,1,model.layers.2.self_attn.compressor.state_cache
3607688358191521,3607688358224761,3607688358458721,3607688358876813,0,1,8,1,model.layers.2.self_attn.indexer.compressor.state_cache
3607688359205394,3607688359242924,3607688359564645,3607688359990866,0,1,8,1,model.layers.3.self_attn.compressor.state_cache
3607688767278475,3607688768012757,3607688768247778,3607688807667708,1,1,8,4,model.layers.2.self_attn.indexer.k_cache
3607688808157609,3607688809492433,3607688809907135,3607688813909167,1,1,8,4,model.layers.2.self_attn.attn
3607688814404728,3607688815040180,3607688815240781,3607688816525485,1,1,8,128,model.layers.3.self_attn.attn
3607688816831516,3607688817448117,3607688817648938,3607688818930072,1,1,8,1,model.layers.0.self_attn.swa_cache
3607688819243503,3607688819858935,3607688820071035,3607688821359389,1,1,8,1,model.layers.1.self_attn.swa_cache
3607688821656930,3607688822278352,3607688822514733,3607688823788107,1,1,8,1,model.layers.2.self_attn.compressor.state_cache
3607688823954857,3607688824609619,3607688824810390,3607688826106704,1,1,8,1,model.layers.2.self_attn.indexer.compressor.state_cache
3607688826401855,3607688827052197,3607688827251737,3607688828549071,1,1,8,1,model.layers.3.self_attn.compressor.state_cache
3607796518131537,3607796518872629,3607796519421461,3607796522142210,1,1,96,4,model.layers.2.self_attn.indexer.k_cache
3607796522436570,3607796522505491,3607796522758381,3607796523291603,0,1,96,4,model.layers.2.self_attn.attn
3607796523650414,3607796523703554,3607796523938285,3607796524683477,0,1,96,128,model.layers.3.self_attn.attn
3607796525038878,3607796525091059,3607796525317879,3607796526027571,0,1,96,1,model.layers.0.self_attn.swa_cache
3607796526350142,3607796526402763,3607796526622303,3607796527074615,0,1,96,1,model.layers.1.self_attn.swa_cache
3607796527401836,3607796527451656,3607796527783367,3607796528222368,0,1,96,1,model.layers.2.self_attn.compressor.state_cache
3607796528399209,3607796528447019,3607796528689440,3607796529126311,0,1,96,1,model.layers.2.self_attn.indexer.compressor.state_cache
3607796529467102,3607796529521242,3607796529865133,3607796530300855,0,1,96,1,model.layers.3.self_attn.compressor.state_cache
3607797071983136,3607797072907349,3607797073290890,3607797075963038,1,1,8,4,model.layers.2.self_attn.indexer.k_cache
3607797076253119,3607797076257209,3607797076509660,3607797077010441,0,1,8,4,model.layers.2.self_attn.attn
3607797077326002,3607797077330692,3607797077553223,3607797078275055,0,1,8,128,model.layers.3.self_attn.attn
3607797078625106,3607797078629766,3607797078844917,3607797079545469,0,1,8,1,model.layers.0.self_attn.swa_cache
3607797079868070,3607797079872560,3607797080104611,3607797080527862,0,1,8,1,model.layers.1.self_attn.swa_cache
3607797080836173,3607797080840603,3607797081165924,3607797081592075,0,1,8,1,model.layers.2.self_attn.compressor.state_cache
3607797081764816,3607797081768726,3607797082008916,3607797082439438,0,1,8,1,model.layers.2.self_attn.indexer.compressor.state_cache
3607797082746829,3607797082792659,3607797083118400,3607797083543131,0,1,8,1,model.layers.3.self_attn.compressor.state_cache
3607797222365357,3607797223206109,3607797223449220,3607797226152419,1,1,8,4,model.layers.2.self_attn.indexer.k_cache
3607797226491730,3607797226495930,3607797226740440,3607797227227812,0,1,8,4,model.layers.2.self_attn.attn
3607797227554003,3607797227558813,3607797227775003,3607797228492676,0,1,8,128,model.layers.3.self_attn.attn
3607797228831167,3607797228836227,3607797229049737,3607797229764610,0,1,8,1,model.layers.0.self_attn.swa_cache
3607797230087361,3607797230091861,3607797230309371,3607797230740733,0,1,8,1,model.layers.1.self_attn.swa_cache
3607797231060934,3607797231065894,3607797231280014,3607797231706496,0,1,8,1,model.layers.2.self_attn.compressor.state_cache
3607797231902716,3607797231906446,3607797232159797,3607797232591208,0,1,8,1,model.layers.2.self_attn.indexer.compressor.state_cache
3607797232896629,3607797232947529,3607797233162930,3607797233590841,0,1,8,1,model.layers.3.self_attn.compressor.state_cache
3607797287986548,3607797288661280,3607797288867461,3607797291148788,1,1,8,4,model.layers.2.self_attn.indexer.k_cache
3607797291376599,3607797291380729,3607797291620869,3607797292129381,0,1,8,4,model.layers.2.self_attn.attn
3607797292444642,3607797292449122,3607797292661622,3607797293360815,0,1,8,128,model.layers.3.self_attn.attn
3607797293672146,3607797293676666,3607797293892826,3607797294582378,0,1,8,1,model.layers.0.self_attn.swa_cache
3607797294902279,3607797294906839,3607797295119220,3607797295545981,0,1,8,1,model.layers.1.self_attn.swa_cache
3607797295852932,3607797295857162,3607797296086923,3607797296522414,0,1,8,1,model.layers.2.self_attn.compressor.state_cache
3607797296691375,3607797296695205,3607797296936266,3607797297357167,0,1,8,1,model.layers.2.self_attn.indexer.compressor.state_cache
3607797297660028,3607797297697968,3607797297915579,3607797298338350,0,1,8,1,model.layers.3.self_attn.compressor.state_cache
3607797349406497,3607797349868928,3607797350256309,3607797352177465,1,1,88,4,model.layers.2.self_attn.indexer.k_cache
3607797352393186,3607797352397166,3607797352637576,3607797353121648,0,1,88,4,model.layers.2.self_attn.attn
3607797353433149,3607797353437229,3607797353652800,3607797354352272,0,1,88,128,model.layers.3.self_attn.attn
3607797354674823,3607797354679223,3607797354894183,3607797355584845,0,1,88,1,model.layers.0.self_attn.swa_cache
3607797355905796,3607797355910296,3607797356139307,3607797356565708,0,1,88,1,model.layers.1.self_attn.swa_cache
3607797356871529,3607797356875799,3607797357192220,3607797357621672,0,1,88,1,model.layers.2.self_attn.compressor.state_cache
3607797357797882,3607797357801812,3607797358039393,3607797358472944,0,1,88,1,model.layers.2.self_attn.indexer.compressor.state_cache
3607797358774235,3607797358814285,3607797359153746,3607797359593318,0,1,88,1,model.layers.3.self_attn.compressor.state_cache
3607797782474025,3607797783141367,3607797783353817,3607797785669834,1,1,8,4,model.layers.2.self_attn.indexer.k_cache
3607797785959345,3607797785963645,3607797786205396,3607797786692338,0,1,8,4,model.layers.2.self_attn.attn
3607797787004329,3607797787008909,3607797787224229,3607797787922361,0,1,8,128,model.layers.3.self_attn.attn
3607797788262552,3607797788267232,3607797788482993,3607797789181755,0,1,8,1,model.layers.0.self_attn.swa_cache
3607797789501196,3607797789505596,3607797789719337,3607797790149408,0,1,8,1,model.layers.1.self_attn.swa_cache
3607797790449889,3607797790454419,3607797790672310,3607797791092061,0,1,8,1,model.layers.2.self_attn.compressor.state_cache
3607797791261162,3607797791265132,3607797791499152,3607797791922784,0,1,8,1,model.layers.2.self_attn.indexer.compressor.state_cache
3607797792238715,3607797792280965,3607797792495095,3607797792924087,0,1,8,1,model.layers.3.self_attn.compressor.state_cache
3607797844841536,3607797845485918,3607797845695679,3607797847837925,1,1,8,4,model.layers.2.self_attn.indexer.k_cache
3607797848068816,3607797848072786,3607797848319617,3607797848803868,0,1,8,4,model.layers.2.self_attn.attn
3607797849115489,3607797849119839,3607797849330010,3607797850046012,0,1,8,128,model.layers.3.self_attn.attn
3607797850367733,3607797850372173,3607797850587714,3607797851275066,0,1,8,1,model.layers.0.self_attn.swa_cache
3607797851586957,3607797851591617,3607797851806437,3607797852263919,0,1,8,1,model.layers.1.self_attn.swa_cache
3607797852568130,3607797852572550,3607797852785590,3607797853206292,0,1,8,1,model.layers.2.self_attn.compressor.state_cache
3607797853376702,3607797853380572,3607797853616433,3607797854051234,0,1,8,1,model.layers.2.self_attn.indexer.compressor.state_cache
3607797854350685,3607797854388415,3607797854603026,3607797855026047,0,1,8,1,model.layers.3.self_attn.compressor.state_cache
3607797910102876,3607797910792918,3607797911035769,3607797913370596,1,1,8,4,model.layers.2.self_attn.indexer.k_cache
3607797913692637,3607797913696627,3607797913946678,3607797914435499,0,1,8,4,model.layers.2.self_attn.attn
3607797914751050,3607797914755530,3607797914965921,3607797915667473,0,1,8,128,model.layers.3.self_attn.attn
3607797915987754,3607797915992054,3607797916225195,3607797916937147,0,1,8,1,model.layers.0.self_attn.swa_cache
3607797917250398,3607797917254678,3607797917473169,3607797917901540,0,1,8,1,model.layers.1.self_attn.swa_cache
3607797918202411,3607797918206731,3607797918418252,3607797918837763,0,1,8,1,model.layers.2.self_attn.compressor.state_cache
3607797919008243,3607797919012153,3607797919246974,3607797919671005,0,1,8,1,model.layers.2.self_attn.indexer.compressor.state_cache
3607797919971186,3607797920020286,3607797920235677,3607797920657078,0,1,8,1,model.layers.3.self_attn.compressor.state_cache
3607797972414167,3607797973047709,3607797973250870,3607797975427776,1,1,8,4,model.layers.2.self_attn.indexer.k_cache
3607797975631317,3607797975635427,3607797975876468,3607797976421509,0,1,8,4,model.layers.2.self_attn.attn
3607797976736300,3607797976740750,3607797976952031,3607797977653573,0,1,8,128,model.layers.3.self_attn.attn
3607797977977824,3607797977982164,3607797978198145,3607797978885287,0,1,8,1,model.layers.0.self_attn.swa_cache
3607797979195108,3607797979199428,3607797979414209,3607797979835970,0,1,8,1,model.layers.1.self_attn.swa_cache
3607797980152481,3607797980156741,3607797980371122,3607797980787923,0,1,8,1,model.layers.2.self_attn.compressor.state_cache
3607797980958753,3607797980962563,3607797981196064,3607797981609915,0,1,8,1,model.layers.2.self_attn.indexer.compressor.state_cache
3607797981908036,3607797981944936,3607797982159087,3607797982582428,0,1,8,1,model.layers.3.self_attn.compressor.state_cache
3607798033818875,3607798034456087,3607798034659758,3607798036673454,1,1,8,4,model.layers.2.self_attn.indexer.k_cache
3607798036885825,3607798036890075,3607798037136546,3607798037635497,0,1,8,4,model.layers.2.self_attn.attn
3607798037950608,3607798037955038,3607798038170279,3607798038780381,0,1,8,128,model.layers.3.self_attn.attn
3607798039092692,3607798039096962,3607798039309662,3607798039913294,0,1,8,1,model.layers.0.self_attn.swa_cache
3607798040244155,3607798040248495,3607798040463646,3607798040899627,0,1,8,1,model.layers.1.self_attn.swa_cache
3607798041205548,3607798041210138,3607798041426089,3607798041846920,0,1,8,1,model.layers.2.self_attn.compressor.state_cache
3607798042017591,3607798042021601,3607798042258471,3607798042681083,0,1,8,1,model.layers.2.self_attn.indexer.compressor.state_cache
3607798042982014,3607798043017774,3607798043228664,3607798043650156,0,1,8,1,model.layers.3.self_attn.compressor.state_cache
3607798094984963,3607798095631635,3607798095835496,3607798098047302,1,1,8,4,model.layers.2.self_attn.indexer.k_cache
3607798098258583,3607798098262703,3607798098507024,3607798099024635,0,1,8,4,model.layers.2.self_attn.attn
3607798099337056,3607798099341166,3607798099556547,3607798100324329,0,1,8,128,model.layers.3.self_attn.attn
3607798100652020,3607798100656510,3607798100872571,3607798101570713,0,1,8,1,model.layers.0.self_attn.swa_cache
3607798101891554,3607798101895914,3607798102109815,3607798102538256,0,1,8,1,model.layers.1.self_attn.swa_cache
3607798102846427,3607798102850727,3607798103065328,3607798103488059,0,1,8,1,model.layers.2.self_attn.compressor.state_cache
3607798103659750,3607798103663720,3607798103898850,3607798104351572,0,1,8,1,model.layers.2.self_attn.indexer.compressor.state_cache
3607798104655653,3607798104692323,3607798104906054,3607798105321655,0,1,8,1,model.layers.3.self_attn.compressor.state_cache
3607798157345954,3607798158014766,3607798158228967,3607798160506544,1,1,8,4,model.layers.2.self_attn.indexer.k_cache
3607798160750235,3607798160754275,3607798160996756,3607798161480507,0,1,8,4,model.layers.2.self_attn.attn
3607798161799668,3607798161804178,3607798162020519,3607798162727781,0,1,8,128,model.layers.3.self_attn.attn
3607798163059902,3607798163064562,3607798163283713,3607798163968185,0,1,8,1,model.layers.0.self_attn.swa_cache
3607798164332016,3607798164336886,3607798164554606,3607798164992878,0,1,8,1,model.layers.1.self_attn.swa_cache
3607798165303649,3607798165307819,3607798165523879,3607798165951011,0,1,8,1,model.layers.2.self_attn.compressor.state_cache
3607798166123941,3607798166128061,3607798166368202,3607798166795943,0,1,8,1,model.layers.2.self_attn.indexer.compressor.state_cache
3607798167112294,3607798167150424,3607798167365355,3607798167793046,0,1,8,1,model.layers.3.self_attn.compressor.state_cache
3607798220058767,3607798220723009,3607798220933859,3607798223236406,1,1,8,4,model.layers.2.self_attn.indexer.k_cache
3607798223480507,3607798223484577,3607798223730798,3607798224259920,0,1,8,4,model.layers.2.self_attn.attn
3607798224577571,3607798224581721,3607798224797121,3607798225500913,0,1,8,128,model.layers.3.self_attn.attn
3607798225818544,3607798225822694,3607798226041685,3607798226737947,0,1,8,1,model.layers.0.self_attn.swa_cache
3607798227066478,3607798227070708,3607798227287929,3607798227720810,0,1,8,1,model.layers.1.self_attn.swa_cache
3607798228037851,3607798228042371,3607798228262482,3607798228692683,0,1,8,1,model.layers.2.self_attn.compressor.state_cache
3607798228870434,3607798228874184,3607798229111484,3607798229540426,0,1,8,1,model.layers.2.self_attn.indexer.compressor.state_cache
3607798229846657,3607798229884227,3607798230100297,3607798230544239,0,1,8,1,model.layers.3.self_attn.compressor.state_cache
3607798282849609,3607798283512831,3607798283726172,3607798286009139,1,1,8,4,model.layers.2.self_attn.indexer.k_cache
3607798286241830,3607798286245790,3607798286493820,3607798286987772,0,1,8,4,model.layers.2.self_attn.attn
3607798287304053,3607798287308283,3607798287525654,3607798288253886,0,1,8,128,model.layers.3.self_attn.attn
3607798288572227,3607798288576877,3607798288793687,3607798289483580,0,1,8,1,model.layers.0.self_attn.swa_cache
3607798289808471,3607798289812691,3607798290031401,3607798290462563,0,1,8,1,model.layers.1.self_attn.swa_cache
3607798290773844,3607798290778264,3607798290991194,3607798291412086,0,1,8,1,model.layers.2.self_attn.compressor.state_cache
3607798291588436,3607798291592096,3607798291831277,3607798292265788,0,1,8,1,model.layers.2.self_attn.indexer.compressor.state_cache
3607798292572979,3607798292611179,3607798292826680,3607798293247951,0,1,8,1,model.layers.3.self_attn.compressor.state_cache
3607798348154690,3607798348433670,3607798348641911,3607798350335806,1,1,96,4,model.layers.2.self_attn.indexer.k_cache
3607798350545707,3607798350549617,3607798350794108,3607798351281609,0,1,96,4,model.layers.2.self_attn.attn
3607798351599420,3607798351604200,3607798351820011,3607798352457953,0,1,96,128,model.layers.3.self_attn.attn
3607798352771484,3607798352776124,3607798352990264,3607798353593306,0,1,96,1,model.layers.0.self_attn.swa_cache
3607798353904267,3607798353908737,3607798354125148,3607798354549389,0,1,96,1,model.layers.1.self_attn.swa_cache
3607798354857790,3607798354862230,3607798355073271,3607798355494712,0,1,96,1,model.layers.2.self_attn.compressor.state_cache
3607798355665813,3607798355669723,3607798355906963,3607798356350595,0,1,96,1,model.layers.2.self_attn.indexer.compressor.state_cache
3607798356655296,3607798356694116,3607798356910736,3607798357335558,0,1,96,1,model.layers.3.self_attn.compressor.state_cache
3607798783348004,3607798784015156,3607798784233057,3607798786465424,1,1,8,4,model.layers.2.self_attn.indexer.k_cache
3607798786735115,3607798786739395,3607798786983145,3607798787462277,0,1,8,4,model.layers.2.self_attn.attn
3607798787775408,3607798787779888,3607798787993229,3607798788697151,0,1,8,128,model.layers.3.self_attn.attn
3607798789031492,3607798789036072,3607798789249232,3607798789942625,0,1,8,1,model.layers.0.self_attn.swa_cache
3607798790248595,3607798790252785,3607798790464676,3607798790897287,0,1,8,1,model.layers.1.self_attn.swa_cache
3607798791199008,3607798791203378,3607798791418009,3607798791843760,0,1,8,1,model.layers.2.self_attn.compressor.state_cache
3607798792021951,3607798792025981,3607798792263432,3607798792684833,0,1,8,1,model.layers.2.self_attn.indexer.compressor.state_cache
3607798793014674,3607798793055444,3607798793266505,3607798793688896,0,1,8,1,model.layers.3.self_attn.compressor.state_cache
3607798845278174,3607798845929006,3607798846135357,3607798848201993,1,1,8,4,model.layers.2.self_attn.indexer.k_cache
3607798848433314,3607798848437264,3607798848677795,3607798849165586,0,1,8,4,model.layers.2.self_attn.attn
3607798849478777,3607798849482887,3607798849694028,3607798850306920,0,1,8,128,model.layers.3.self_attn.attn
3607798850622381,3607798850626571,3607798850839101,3607798851438853,0,1,8,1,model.layers.0.self_attn.swa_cache
3607798851746094,3607798851750284,3607798851964515,3607798852415836,0,1,8,1,model.layers.1.self_attn.swa_cache
3607798852719877,3607798852724077,3607798852936698,3607798853359259,0,1,8,1,model.layers.2.self_attn.compressor.state_cache
3607798853536480,3607798853540120,3607798853779480,3607798854209502,0,1,8,1,model.layers.2.self_attn.indexer.compressor.state_cache
3607798854511053,3607798854547083,3607798854760583,3607798855188885,0,1,8,1,model.layers.3.self_attn.compressor.state_cache
3607798906620722,3607798907267234,3607798907469055,3607798909510891,1,1,8,4,model.layers.2.self_attn.indexer.k_cache
3607798909735942,3607798909740362,3607798909981203,3607798910466424,0,1,8,4,model.layers.2.self_attn.attn
3607798910779545,3607798910784215,3607798910996916,3607798911594538,0,1,8,128,model.layers.3.self_attn.attn
3607798911904489,3607798911909279,3607798912144009,3607798912750461,0,1,8,1,model.layers.0.self_attn.swa_cache
3607798913063582,3607798913068272,3607798913283583,3607798913704774,0,1,8,1,model.layers.1.self_attn.swa_cache
3607798914009285,3607798914013815,3607798914226536,3607798914642337,0,1,8,1,model.layers.2.self_attn.compressor.state_cache
3607798914813318,3607798914817188,3607798915054078,3607798915477410,0,1,8,1,model.layers.2.self_attn.indexer.compressor.state_cache
3607798915778510,3607798915814631,3607798916040581,3607798916469183,0,1,8,1,model.layers.3.self_attn.compressor.state_cache
3607798967562999,3607798968210821,3607798968409102,3607798970601809,1,1,8,4,model.layers.2.self_attn.indexer.k_cache
3607798970816239,3607798970820189,3607798971059730,3607798971539961,0,1,8,4,model.layers.2.self_attn.attn
3607798971843962,3607798971848402,3607798972083093,3607798972784555,0,1,8,128,model.layers.3.self_attn.attn
3607798973101256,3607798973105886,3607798973319477,3607798973996749,0,1,8,1,model.layers.0.self_attn.swa_cache
3607798974305600,3607798974310100,3607798974523471,3607798974945622,0,1,8,1,model.layers.1.self_attn.swa_cache
3607798975243973,3607798975248373,3607798975459844,3607798975878755,0,1,8,1,model.layers.2.self_attn.compressor.state_cache
3607798976058515,3607798976062475,3607798976299136,3607798976721747,0,1,8,1,model.layers.2.self_attn.indexer.compressor.state_cache
3607798977017318,3607798977052198,3607798977262409,3607798977689110,0,1,8,1,model.layers.3.self_attn.compressor.state_cache
3607799028744197,3607799029415649,3607799029631190,3607799031931347,1,1,8,4,model.layers.2.self_attn.indexer.k_cache
3607799032217158,3607799032221178,3607799032466648,3607799032952980,0,1,8,4,model.layers.2.self_attn.attn
3607799033264141,3607799033268331,3607799033480661,3607799034159524,0,1,8,128,model.layers.3.self_attn.attn
3607799034469124,3607799034473285,3607799034686595,3607799035376837,0,1,8,1,model.layers.0.self_attn.swa_cache
3607799035684188,3607799035688198,3607799035900439,3607799036352000,0,1,8,1,model.layers.1.self_attn.swa_cache
3607799036650761,3607799036655181,3607799036863482,3607799037285493,0,1,8,1,model.layers.2.self_attn.compressor.state_cache
3607799037452054,3607799037456054,3607799037689134,3607799038113496,0,1,8,1,model.layers.2.self_attn.indexer.compressor.state_cache
3607799038414057,3607799038451537,3607799038662427,3607799039078819,0,1,8,1,model.layers.3.self_attn.compressor.state_cache
3607799090827377,3607799091472299,3607799091678910,3607799093922017,1,1,8,4,model.layers.2.self_attn.indexer.k_cache
3607799094156438,3607799094160538,3607799094400738,3607799094887980,0,1,8,4,model.layers.2.self_attn.attn
3607799095230841,3607799095235101,3607799095446292,3607799096165184,0,1,8,128,model.layers.3.self_attn.attn
3607799096481445,3607799096485855,3607799096695795,3607799097372007,0,1,8,1,model.layers.0.self_attn.swa_cache
3607799097682928,3607799097687218,3607799097896839,3607799098328720,0,1,8,1,model.layers.1.self_attn.swa_cache
3607799098630781,3607799098634961,3607799098844992,3607799099259743,0,1,8,1,model.layers.2.self_attn.compressor.state_cache
3607799099428384,3607799099432074,3607799099662094,3607799100084506,0,1,8,1,model.layers.2.self_attn.indexer.compressor.state_cache
3607799100391737,3607799100427707,3607799100640207,3607799101056729,0,1,8,1,model.layers.3.self_attn.compressor.state_cache
3607799152366756,3607799153001248,3607799153210879,3607799155410765,1,1,8,4,model.layers.2.self_attn.indexer.k_cache
3607799155637726,3607799155641736,3607799155882417,3607799156387498,0,1,8,4,model.layers.2.self_attn.attn
3607799156705569,3607799156709899,3607799156922410,3607799157625092,0,1,8,128,model.layers.3.self_attn.attn
3607799157941413,3607799157945953,3607799158159054,3607799158853686,0,1,8,1,model.layers.0.self_attn.swa_cache
3607799159163037,3607799159167437,3607799159382138,3607799159813829,0,1,8,1,model.layers.1.self_attn.swa_cache
3607799160130930,3607799160135730,3607799160347351,3607799160770842,0,1,8,1,model.layers.2.self_attn.compressor.state_cache
3607799160943332,3607799160947182,3607799161181893,3607799161598174,0,1,8,1,model.layers.2.self_attn.indexer.compressor.state_cache
3607799161900285,3607799161936715,3607799162150656,3607799162573237,0,1,8,1,model.layers.3.self_attn.compressor.state_cache
3607800047052710,3607800047537582,3607800047983003,3607800050065030,1,1,8096,4,model.layers.2.self_attn.indexer.k_cache
3607800050333150,3607800050337100,3607800050578271,3607800051059923,0,1,8096,4,model.layers.2.self_attn.attn
3607800051369644,3607800051374274,3607800051585994,3607800052286536,0,1,8096,128,model.layers.3.self_attn.attn
3607800052590947,3607800052595247,3607800052808478,3607800053485380,0,1,8096,1,model.layers.0.self_attn.swa_cache
3607800053783331,3607800053787611,3607800054001882,3607800054421373,0,1,8096,1,model.layers.1.self_attn.swa_cache
3607800054716314,3607800054720574,3607800055035095,3607800055451836,0,1,8096,1,model.layers.2.self_attn.compressor.state_cache
3607800055615187,3607800055618957,3607800055852907,3607800056287569,0,1,8096,1,model.layers.2.self_attn.indexer.compressor.state_cache
3607800056583890,3607800056629030,3607800056949451,3607800057368012,0,1,8096,1,model.layers.3.self_attn.compressor.state_cache
3607800488698575,3607800488977276,3607800489192407,3607800491159113,1,1,8096,4,model.layers.2.self_attn.indexer.k_cache
3607800491457913,3607800491462073,3607800491706434,3607800492217756,0,1,8096,4,model.layers.2.self_attn.attn
3607800492531467,3607800492535817,3607800492751137,3607800493452960,0,1,8096,128,model.layers.3.self_attn.attn
3607800493771851,3607800493776381,3607800493992271,3607800494678313,0,1,8096,1,model.layers.0.self_attn.swa_cache
3607800494985674,3607800494990214,3607800495183285,3607800495569456,0,1,8096,1,model.layers.1.self_attn.swa_cache
3607800495859917,3607800495864557,3607800496090588,3607800496520199,0,1,8096,1,model.layers.2.self_attn.compressor.state_cache
3607800496687160,3607800496690920,3607800496926740,3607800497353782,0,1,8096,1,model.layers.2.self_attn.indexer.compressor.state_cache
3607800497650132,3607800497698333,3607800497914773,3607800498343735,0,1,8096,1,model.layers.3.self_attn.compressor.state_cache
3607800913722549,3607800913999250,3607800914209220,3607800916145106,1,1,8096,4,model.layers.2.self_attn.indexer.k_cache
3607800916436207,3607800916440337,3607800916686788,3607800917172709,0,1,8096,4,model.layers.2.self_attn.attn
3607800917483770,3607800917488060,3607800917704061,3607800918412133,0,1,8096,128,model.layers.3.self_attn.attn
3607800918730094,3607800918734934,3607800918951325,3607800919635737,0,1,8096,1,model.layers.0.self_attn.swa_cache
3607800919946748,3607800919951618,3607800920181309,3607800920604810,0,1,8096,1,model.layers.1.self_attn.swa_cache
3607800920933831,3607800920938631,3607800921152352,3607800921571563,0,1,8096,1,model.layers.2.self_attn.compressor.state_cache
3607800921737233,3607800921740973,3607800921977494,3607800922403575,0,1,8096,1,model.layers.2.self_attn.indexer.compressor.state_cache
3607800922701966,3607800922750216,3607800922967317,3607800923392778,0,1,8096,1,model.layers.3.self_attn.compressor.state_cache
3607801334888891,3607801335164622,3607801335381102,3607801337366278,1,1,8096,4,model.layers.2.self_attn.indexer.k_cache
3607801337655289,3607801337659449,3607801337907190,3607801338395381,0,1,8096,4,model.layers.2.self_attn.attn
3607801338712752,3607801338717152,3607801338935743,3607801339642855,0,1,8096,128,model.layers.3.self_attn.attn
3607801339966416,3607801339971446,3607801340199877,3607801340890929,0,1,8096,1,model.layers.0.self_attn.swa_cache
3607801341201200,3607801341206120,3607801341421201,3607801341846222,0,1,8096,1,model.layers.1.self_attn.swa_cache
3607801342150923,3607801342155523,3607801342372274,3607801342804315,0,1,8096,1,model.layers.2.self_attn.compressor.state_cache
3607801342973686,3607801342977276,3607801343215046,3607801343635628,0,1,8096,1,model.layers.2.self_attn.indexer.compressor.state_cache
3607801343944468,3607801343993359,3607801344227019,3607801344657561,0,1,8096,1,model.layers.3.self_attn.compressor.state_cache
3607801753926016,3607801754197637,3607801754403178,3607801756461374,1,2,8096,4,model.layers.2.self_attn.indexer.k_cache
3607801756754645,3607801756758925,3607801756974286,3607801757446047,0,2,8096,4,model.layers.2.self_attn.attn
3607801757782788,3607801757787438,3607801757974619,3607801758706231,0,2,8096,128,model.layers.3.self_attn.attn
3607801759035182,3607801759039952,3607801759239862,3607801759925805,0,2,8096,1,model.layers.0.self_attn.swa_cache
3607801760260816,3607801760265666,3607801760454356,3607801760864917,0,2,8096,1,model.layers.1.self_attn.swa_cache
3607801761180828,3607801761185018,3607801761382089,3607801761799700,0,2,8096,1,model.layers.2.self_attn.compressor.state_cache
3607801761972611,3607801761976411,3607801762181701,3607801762594473,0,2,8096,1,model.layers.2.self_attn.indexer.compressor.state_cache
3607801762908034,3607801762960954,3607801763156754,3607801763575856,0,2,8096,1,model.layers.3.self_attn.compressor.state_cache
3607802565123305,3607802565617546,3607802565886567,3607802568063164,1,2,8096,4,model.layers.2.self_attn.indexer.k_cache
3607802568359245,3607802568363405,3607802568611095,3607802569089317,0,2,8096,4,model.layers.2.self_attn.attn
3607802569408498,3607802569412948,3607802569626109,3607802570330211,0,2,8096,128,model.layers.3.self_attn.attn
3607802570647252,3607802570651572,3607802570864052,3607802571551184,0,2,8096,1,model.layers.0.self_attn.swa_cache
3607802571873015,3607802571877655,3607802572102896,3607802572521227,0,2,8096,1,model.layers.1.self_attn.swa_cache
3607802572822308,3607802572826688,3607802573036639,3607802573451660,0,2,8096,1,model.layers.2.self_attn.compressor.state_cache
3607802573622351,3607802573626331,3607802573855892,3607802574270583,0,2,8096,1,model.layers.2.self_attn.indexer.compressor.state_cache
3607802574577884,3607802574664044,3607802574882175,3607802575310836,0,2,8096,1,model.layers.3.self_attn.compressor.state_cache
3607803065836071,3607803066262232,3607803066490843,3607803068588509,1,4,8096,4,model.layers.2.self_attn.indexer.k_cache
3607803068874670,3607803068878470,3607803069123821,3607803069607442,0,4,8096,4,model.layers.2.self_attn.attn
3607803069945793,3607803069950593,3607803070167654,3607803070862816,0,4,8096,128,model.layers.3.self_attn.attn
3607803071210837,3607803071215797,3607803071430608,3607803072123070,0,4,8096,1,model.layers.0.self_attn.swa_cache
3607803072432511,3607803072437301,3607803072655742,3607803073074743,0,4,8096,1,model.layers.1.self_attn.swa_cache
3607803073399744,3607803073404574,3607803073620585,3607803074041686,0,4,8096,1,model.layers.2.self_attn.compressor.state_cache
3607803074214147,3607803074218027,3607803074457177,3607803074878499,0,4,8096,1,model.layers.2.self_attn.indexer.compressor.state_cache
3607803075240330,3607803075291160,3607803075510191,3607803075931722,0,4,8096,1,model.layers.3.self_attn.compressor.state_cache
3607803541134839,3607803541560980,3607803541781071,3607803543972468,1,6,8096,4,model.layers.2.self_attn.indexer.k_cache
3607803544262739,3607803544267089,3607803544521209,3607803545018501,0,6,8096,4,model.layers.2.self_attn.attn
3607803545364362,3607803545369552,3607803545586773,3607803546309085,0,6,8096,128,model.layers.3.self_attn.attn
3607803546655126,3607803546659926,3607803546882107,3607803547602219,0,6,8096,1,model.layers.0.self_attn.swa_cache
3607803547916030,3607803547920570,3607803548153341,3607803548589412,0,6,8096,1,model.layers.1.self_attn.swa_cache
3607803548919073,3607803548923833,3607803549143704,3607803549572755,0,6,8096,1,model.layers.2.self_attn.compressor.state_cache
3607803549740475,3607803549744485,3607803549983256,3607803550418128,0,6,8096,1,model.layers.2.self_attn.indexer.compressor.state_cache
3607803550770329,3607803550840119,3607803551072460,3607803551506891,0,6,8096,1,model.layers.3.self_attn.compressor.state_cache
3607804014123560,3607804014556142,3607804014800052,3607804016990149,1,8,8096,4,model.layers.2.self_attn.indexer.k_cache
3607804017261900,3607804017266500,3607804017514431,3607804018002602,0,8,8096,4,model.layers.2.self_attn.attn
3607804018341663,3607804018346443,3607804018564954,3607804019269416,0,8,8096,128,model.layers.3.self_attn.attn
3607804019609617,3607804019614277,3607804019832288,3607804020526180,0,8,8096,1,model.layers.0.self_attn.swa_cache
3607804020837051,3607804020841991,3607804021058592,3607804021484313,0,8,8096,1,model.layers.1.self_attn.swa_cache
3607804021813054,3607804021817884,3607804022034895,3607804022464346,0,8,8096,1,model.layers.2.self_attn.compressor.state_cache
3607804022634516,3607804022639086,3607804022878107,3607804023312068,0,8,8096,1,model.layers.2.self_attn.indexer.compressor.state_cache
3607804023643269,3607804023701220,3607804023937310,3607804024406702,0,8,8096,1,model.layers.3.self_attn.compressor.state_cache
3607804490341841,3607804490752303,3607804490974033,3607804493006390,1,10,8096,4,model.layers.2.self_attn.indexer.k_cache
3607804493294370,3607804493298890,3607804493548721,3607804494037723,0,10,8096,4,model.layers.2.self_attn.attn
3607804494377274,3607804494382574,3607804494597264,3607804495297727,0,10,8096,128,model.layers.3.self_attn.attn
3607804495633448,3607804495638088,3607804495859298,3607804496581081,0,10,8096,1,model.layers.0.self_attn.swa_cache
3607804496889791,3607804496894611,3607804497111652,3607804497536613,0,10,8096,1,model.layers.1.self_attn.swa_cache
3607804497862494,3607804497867274,3607804498082915,3607804498511756,0,10,8096,1,model.layers.2.self_attn.compressor.state_cache
3607804498679937,3607804498683707,3607804498919528,3607804499342749,0,10,8096,1,model.layers.2.self_attn.indexer.compressor.state_cache
3607804499666540,3607804499716570,3607804499933391,3607804500394962,0,10,8096,1,model.layers.3.self_attn.compressor.state_cache
3607804972495791,3607804972939402,3607804973164823,3607804975292759,1,12,8096,4,model.layers.2.self_attn.indexer.k_cache
3607804975571540,3607804975575920,3607804975825871,3607804976340433,0,12,8096,4,model.layers.2.self_attn.attn
3607804976681524,3607804976686394,3607804976903844,3607804977617476,0,12,8096,128,model.layers.3.self_attn.attn
3607804977951558,3607804977956518,3607804978176608,3607804978865000,0,12,8096,1,model.layers.0.self_attn.swa_cache
3607804979173461,3607804979178161,3607804979392712,3607804979818043,0,12,8096,1,model.layers.1.self_attn.swa_cache
3607804980184784,3607804980189934,3607804980411465,3607804980828606,0,12,8096,1,model.layers.2.self_attn.compressor.state_cache
3607804980998447,3607804981002417,3607804981247068,3607804981670269,0,12,8096,1,model.layers.2.self_attn.indexer.compressor.state_cache
3607804981992120,3607804982040560,3607804982257501,3607804982684362,0,12,8096,1,model.layers.3.self_attn.compressor.state_cache
3607805444322309,3607805444908500,3607805445282241,3607805447307668,1,12,2352,4,model.layers.2.self_attn.indexer.k_cache
3607805447641929,3607805447646389,3607805447896869,3607805448423111,0,12,2352,4,model.layers.2.self_attn.attn
3607805448737972,3607805448743112,3607805448959913,3607805449662395,0,12,2352,128,model.layers.3.self_attn.attn
3607805449972936,3607805449977526,3607805450191167,3607805450888229,0,12,2352,1,model.layers.0.self_attn.swa_cache
3607805451193740,3607805451198530,3607805451415030,3607805451842152,0,12,2352,1,model.layers.1.self_attn.swa_cache
3607805452157363,3607805452162093,3607805452479874,3607805452906615,0,12,2352,1,model.layers.2.self_attn.compressor.state_cache
3607805453077165,3607805453081225,3607805453320446,3607805453747597,0,12,2352,1,model.layers.2.self_attn.indexer.compressor.state_cache
3607805454047218,3607805454094708,3607805454412819,3607805454851971,0,12,2352,1,model.layers.3.self_attn.compressor.state_cache
3607805907963421,3607805908718764,3607805908939754,3607805911587992,1,12,96,4,model.layers.2.self_attn.indexer.k_cache
3607805911910473,3607805911914913,3607805912182184,3607805912668336,0,12,96,4,model.layers.2.self_attn.attn
3607805912979667,3607805912984247,3607805913197247,3607805913916989,0,12,96,128,model.layers.3.self_attn.attn
3607805914233080,3607805914237880,3607805914460881,3607805915142183,0,12,96,1,model.layers.0.self_attn.swa_cache
3607805915444874,3607805915449864,3607805915666255,3607805916634678,0,12,96,1,model.layers.1.self_attn.swa_cache
3607805916936189,3607805916940879,3607805917156409,3607805917585031,0,12,96,1,model.layers.2.self_attn.compressor.state_cache
3607805917745251,3607805917749521,3607805917991262,3607805918409883,0,12,96,1,model.layers.2.self_attn.indexer.compressor.state_cache
3607805918699864,3607805918742524,3607805918964475,3607805919383996,0,12,96,1,model.layers.3.self_attn.compressor.state_cache
3607806035029421,3607806035726573,3607806035949294,3607806038274511,1,12,96,4,model.layers.2.self_attn.indexer.k_cache
3607806038528442,3607806038532762,3607806038782173,3607806039265264,0,12,96,4,model.layers.2.self_attn.attn
3607806039578895,3607806039583285,3607806039798456,3607806040515368,0,12,96,128,model.layers.3.self_attn.attn
3607806040841729,3607806040846089,3607806041064350,3607806041768422,0,12,96,1,model.layers.0.self_attn.swa_cache
3607806042080933,3607806042085603,3607806042296023,3607806042722455,0,12,96,1,model.layers.1.self_attn.swa_cache
3607806043023976,3607806043028406,3607806043242446,3607806043660938,0,12,96,1,model.layers.2.self_attn.compressor.state_cache
3607806043828508,3607806043832418,3607806044084219,3607806044522650,0,12,96,1,model.layers.2.self_attn.indexer.compressor.state_cache
3607806044821071,3607806044859211,3607806045073252,3607806045500403,0,12,96,1,model.layers.3.self_attn.compressor.state_cache
3607806098191225,3607806098841857,3607806099051238,3607806103420571,1,12,96,4,model.layers.2.self_attn.indexer.k_cache
3607806103650662,3607806103654632,3607806103902112,3607806104645965,0,12,96,4,model.layers.2.self_attn.attn
3607806105043426,3607806105049086,3607806105320477,3607806106216950,0,12,96,128,model.layers.3.self_attn.attn
3607806106622851,3607806106628671,3607806106905412,3607806107775334,0,12,96,1,model.layers.0.self_attn.swa_cache
3607806108181576,3607806108187376,3607806108454226,3607806108993758,0,12,96,1,model.layers.1.self_attn.swa_cache
3607806109379999,3607806109385629,3607806109663100,3607806110198642,0,12,96,1,model.layers.2.self_attn.compressor.state_cache
3607806110415782,3607806110420862,3607806110719493,3607806111258775,0,12,96,1,model.layers.2.self_attn.indexer.compressor.state_cache
3607806111638766,3607806111686066,3607806111956607,3607806112527489,0,12,96,1,model.layers.3.self_attn.compressor.state_cache
3607806165470171,3607806166152423,3607806166377374,3607806169054622,1,12,96,4,model.layers.2.self_attn.indexer.k_cache
3607806169282853,3607806169286903,3607806169529364,3607806170024175,0,12,96,4,model.layers.2.self_attn.attn
3607806170340326,3607806170344876,3607806170557467,3607806171256819,0,12,96,128,model.layers.3.self_attn.attn
3607806171584580,3607806171588930,3607806171806021,3607806172521303,0,12,96,1,model.layers.0.self_attn.swa_cache
3607806172874574,3607806172879274,3607806173094185,3607806173518316,0,12,96,1,model.layers.1.self_attn.swa_cache
3607806173825217,3607806173829727,3607806174041078,3607806174470629,0,12,96,1,model.layers.2.self_attn.compressor.state_cache
3607806174644750,3607806174648690,3607806174887340,3607806175310332,0,12,96,1,model.layers.2.self_attn.indexer.compressor.state_cache
3607806175630403,3607806175666423,3607806175882993,3607806176329965,0,12,96,1,model.layers.3.self_attn.compressor.state_cache
3607806229026186,3607806229675348,3607806229895989,3607806234045632,1,12,96,4,model.layers.2.self_attn.indexer.k_cache
3607806234263592,3607806234267712,3607806234514863,3607806235005915,0,12,96,4,model.layers.2.self_attn.attn
3607806235387066,3607806235392096,3607806235654217,3607806236530489,0,12,96,128,model.layers.3.self_attn.attn
3607806236927421,3607806236933041,3607806237193191,3607806238019884,0,12,96,1,model.layers.0.self_attn.swa_cache
3607806238393715,3607806238399275,3607806238661546,3607806239166078,0,12,96,1,model.layers.1.self_attn.swa_cache
3607806239531729,3607806239536719,3607806239795119,3607806240342581,0,12,96,1,model.layers.2.self_attn.compressor.state_cache
3607806240549142,3607806240553932,3607806240840743,3607806241350784,0,12,96,1,model.layers.2.self_attn.indexer.compressor.state_cache
3607806241718455,3607806241762045,3607806242018826,3607806242525748,0,12,96,1,model.layers.3.self_attn.compressor.state_cache
3607806295660061,3607806296331623,3607806296540734,3607806301926830,1,12,96,4,model.layers.2.self_attn.indexer.k_cache
3607806302232021,3607806302237931,3607806302574142,3607806303247004,0,12,96,4,model.layers.2.self_attn.attn
3607806303674445,3607806303680865,3607806303981316,3607806304964109,0,12,96,128,model.layers.3.self_attn.attn
3607806305398001,3607806305404181,3607806305701062,3607806306656585,0,12,96,1,model.layers.0.self_attn.swa_cache
3607806307092796,3607806307098966,3607806307393887,3607806307983709,0,12,96,1,model.layers.1.self_attn.swa_cache
3607806308415680,3607806308421940,3607806308718111,3607806309309143,0,12,96,1,model.layers.2.self_attn.compressor.state_cache
3607806309480213,3607806309484053,3607806309721064,3607806310145235,0,12,96,1,model.layers.2.self_attn.indexer.compressor.state_cache
3607806310450966,3607806310489366,3607806310699087,3607806311128418,0,12,96,1,model.layers.3.self_attn.compressor.state_cache
3607806365930206,3607806366625689,3607806366853859,3607806369200667,1,12,96,4,model.layers.2.self_attn.indexer.k_cache
3607806369438197,3607806369442677,3607806369685908,3607806370171940,0,12,96,4,model.layers.2.self_attn.attn
3607806370492911,3607806370497181,3607806370714861,3607806371442633,0,12,96,128,model.layers.3.self_attn.attn
3607806371758064,3607806371763034,3607806371979045,3607806372711207,0,12,96,1,model.layers.0.self_attn.swa_cache
3607806373036938,3607806373041468,3607806373260369,3607806373688720,0,12,96,1,model.layers.1.self_attn.swa_cache
3607806373994371,3607806373998581,3607806374246192,3607806374672393,0,12,96,1,model.layers.2.self_attn.compressor.state_cache
3607806374844694,3607806374848764,3607806375085695,3607806375515046,0,12,96,1,model.layers.2.self_attn.indexer.compressor.state_cache
3607806375818667,3607806375857687,3607806376084738,3607806376509639,0,12,96,1,model.layers.3.self_attn.compressor.state_cache
3607806429518632,3607806430161484,3607806430365534,3607806435198749,1,12,96,4,model.layers.2.self_attn.indexer.k_cache
3607806437761907,3607806437765997,3607806438013018,3607806438502509,0,12,96,4,model.layers.2.self_attn.attn
3607806438871000,3607806438877140,3607806439175151,3607806440135894,0,12,96,128,model.layers.3.self_attn.attn
3607806440571246,3607806440577586,3607806440875346,3607806441837619,0,12,96,1,model.layers.0.self_attn.swa_cache
3607806442258591,3607806442264651,3607806442558362,3607806443136523,0,12,96,1,model.layers.1.self_attn.swa_cache
3607806443555585,3607806443561795,3607806443853386,3607806444467087,0,12,96,1,model.layers.2.self_attn.compressor.state_cache
3607806444734488,3607806444739818,3607806445066849,3607806445640021,0,12,96,1,model.layers.2.self_attn.indexer.compressor.state_cache
3607806446057322,3607806446107443,3607806446401343,3607806446986835,0,12,96,1,model.layers.3.self_attn.compressor.state_cache
3607806499688477,3607806500415889,3607806500645590,3607806503832560,1,12,96,4,model.layers.2.self_attn.indexer.k_cache
3607806504080520,3607806504084490,3607806504330731,3607806504816103,0,12,96,4,model.layers.2.self_attn.attn
3607806505202434,3607806505207414,3607806505442545,3607806506226927,0,12,96,128,model.layers.3.self_attn.attn
3607806506569268,3607806506574148,3607806506803659,3607806507568561,0,12,96,1,model.layers.0.self_attn.swa_cache
3607806507905682,3607806507910812,3607806508162453,3607806508624064,0,12,96,1,model.layers.1.self_attn.swa_cache
3607806508954915,3607806508959535,3607806509191276,3607806509659238,0,12,96,1,model.layers.2.self_attn.compressor.state_cache
3607806509845838,3607806509849918,3607806510109359,3607806510567000,0,12,96,1,model.layers.2.self_attn.indexer.compressor.state_cache
3607806510900251,3607806510941751,3607806511175942,3607806511631274,0,12,96,1,model.layers.3.self_attn.compressor.state_cache
3607806565050298,3607806565726920,3607806565939200,3607806569158510,1,12,96,4,model.layers.2.self_attn.indexer.k_cache
3607806569387611,3607806569391901,3607806569636652,3607806570128583,0,12,96,4,model.layers.2.self_attn.attn
3607806570494504,3607806570499454,3607806570728705,3607806571481007,0,12,96,128,model.layers.3.self_attn.attn
3607806571822408,3607806571827528,3607806572077399,3607806572835251,0,12,96,1,model.layers.0.self_attn.swa_cache
3607806573173092,3607806573178252,3607806573413653,3607806573872465,0,12,96,1,model.layers.1.self_attn.swa_cache
3607806574202366,3607806574207396,3607806574434366,3607806574888028,0,12,96,1,model.layers.2.self_attn.compressor.state_cache
3607806575072348,3607806575076768,3607806575339679,3607806575795980,0,12,96,1,model.layers.2.self_attn.indexer.compressor.state_cache
3607806576134032,3607806576175452,3607806576411852,3607806576877744,0,12,96,1,model.layers.3.self_attn.compressor.state_cache
3607806634088989,3607806634756211,3607806634962182,3607806637227249,1,12,96,4,model.layers.2.self_attn.indexer.k_cache
3607806637521730,3607806637526140,3607806637773271,3607806638265472,0,12,96,4,model.layers.2.self_attn.attn
3607806638580193,3607806638584573,3607806638801384,3607806639514136,0,12,96,128,model.layers.3.self_attn.attn
3607806639825487,3607806639829797,3607806640070468,3607806640797600,0,12,96,1,model.layers.0.self_attn.swa_cache
3607806641110891,3607806641115271,3607806641332532,3607806641753333,0,12,96,1,model.layers.1.self_attn.swa_cache
3607806642059214,3607806642063594,3607806642276004,3607806642702366,0,12,96,1,model.layers.2.self_attn.compressor.state_cache
3607806642871716,3607806642875556,3607806643113447,3607806643533508,0,12,96,1,model.layers.2.self_attn.indexer.compressor.state_cache
3607806643832869,3607806643869739,3607806644098820,3607806644514291,0,12,96,1,model.layers.3.self_attn.compressor.state_cache
3607806697095443,3607806697755535,3607806697960765,3607806702577330,1,12,96,4,model.layers.2.self_attn.indexer.k_cache
3607806702825050,3607806702829510,3607806703110671,3607806703674623,0,12,96,4,model.layers.2.self_attn.attn
3607806704057194,3607806704062794,3607806704314615,3607806705115847,0,12,96,128,model.layers.3.self_attn.attn
3607806705479688,3607806705485348,3607806705736759,3607806706546832,0,12,96,1,model.layers.0.self_attn.swa_cache
3607806706909153,3607806706914143,3607806707161694,3607806707652335,0,12,96,1,model.layers.1.self_attn.swa_cache
3607806708018086,3607806708023626,3607806708273897,3607806708765749,0,12,96,1,model.layers.2.self_attn.compressor.state_cache
3607806708969089,3607806708973779,3607806709245400,3607806709747452,0,12,96,1,model.layers.2.self_attn.indexer.compressor.state_cache
3607806710076793,3607806710116853,3607806710347953,3607806710800705,0,12,96,1,model.layers.3.self_attn.compressor.state_cache
3607806764056218,3607806764722290,3607806764927591,3607806769740986,1,12,96,4,model.layers.2.self_attn.indexer.k_cache
3607806770001396,3607806770005716,3607806770253577,3607806770748999,0,12,96,4,model.layers.2.self_attn.attn
3607806771071230,3607806771075830,3607806771289890,3607806771996773,0,12,96,128,model.layers.3.self_attn.attn
3607806772348994,3607806772353494,3607806772570464,3607806773260726,0,12,96,1,model.layers.0.self_attn.swa_cache
3607806773575637,3607806773580347,3607806773801348,3607806774227549,0,12,96,1,model.layers.1.self_attn.swa_cache
3607806774660341,3607806774666291,3607806774945212,3607806775495633,0,12,96,1,model.layers.2.self_attn.compressor.state_cache
3607806775722614,3607806775727444,3607806776052325,3607806776612957,0,12,96,1,model.layers.2.self_attn.indexer.compressor.state_cache
3607806777012198,3607806777058648,3607806777337459,3607806777891561,0,12,96,1,model.layers.3.self_attn.compressor.state_cache
3607806832364568,3607806833152590,3607806833424801,3607806836292740,1,12,96,4,model.layers.2.self_attn.indexer.k_cache
3607806836559071,3607806836563191,3607806836821762,3607806837318793,0,12,96,4,model.layers.2.self_attn.attn
3607806837647524,3607806837651614,3607806837876915,3607806838601107,0,12,96,128,model.layers.3.self_attn.attn
3607806838921638,3607806838925908,3607806839136659,3607806839845031,0,12,96,1,model.layers.0.self_attn.swa_cache
3607806840175162,3607806840179602,3607806840396052,3607806840831234,0,12,96,1,model.layers.1.self_attn.swa_cache
3607806841147665,3607806841152115,3607806841366975,3607806841800937,0,12,96,1,model.layers.2.self_attn.compressor.state_cache
3607806841974727,3607806841978547,3607806842213448,3607806842638819,0,12,96,1,model.layers.2.self_attn.indexer.compressor.state_cache
3607806842956950,3607806842996480,3607806843212521,3607806843640952,0,12,96,1,model.layers.3.self_attn.compressor.state_cache
3607806897317727,3607806897966189,3607806898178910,3607806902740594,1,12,96,4,model.layers.2.self_attn.indexer.k_cache
3607806902984695,3607806902988705,3607806903235475,3607806903845267,0,12,96,4,model.layers.2.self_attn.attn
3607806904269438,3607806904275098,3607806904555879,3607806905489702,0,12,96,128,model.layers.3.self_attn.attn
3607806905897693,3607806905903633,3607806906188924,3607806907074807,0,12,96,1,model.layers.0.self_attn.swa_cache
3607806907473858,3607806907479558,3607806907753849,3607806908439281,0,12,96,1,model.layers.1.self_attn.swa_cache
3607806908835422,3607806908841223,3607806909113093,3607806909651615,0,12,96,1,model.layers.2.self_attn.compressor.state_cache
3607806909870276,3607806909875326,3607806910179457,3607806910715548,0,12,96,1,model.layers.2.self_attn.indexer.compressor.state_cache
3607806911100959,3607806911148720,3607806911419640,3607806911926542,0,12,96,1,model.layers.3.self_attn.compressor.state_cache
3607806965131825,3607806965793297,3607806966018578,3607806969838900,1,12,96,4,model.layers.2.self_attn.indexer.k_cache
3607806970077090,3607806970081270,3607806970332021,3607806970831413,0,12,96,4,model.layers.2.self_attn.attn
3607806971158024,3607806971162354,3607806971375434,3607806972107217,0,12,96,128,model.layers.3.self_attn.attn
3607806972425198,3607806972429878,3607806972645038,3607806973354120,0,12,96,1,model.layers.0.self_attn.swa_cache
3607806973666131,3607806973670941,3607806973887962,3607806974308933,0,12,96,1,model.layers.1.self_attn.swa_cache
3607806974611934,3607806974616374,3607806974828235,3607806975253706,0,12,96,1,model.layers.2.self_attn.compressor.state_cache
3607806975424037,3607806975428097,3607806975665128,3607806976215629,0,12,96,1,model.layers.2.self_attn.indexer.compressor.state_cache
3607806976576580,3607806976623211,3607806976872061,3607806977363123,0,12,96,1,model.layers.3.self_attn.compressor.state_cache
3607807031075888,3607807031717540,3607807031921590,3607807036661765,1,12,96,4,model.layers.2.self_attn.indexer.k_cache
3607807036898995,3607807036902946,3607807037148976,3607807037634808,0,12,96,4,model.layers.2.self_attn.attn
3607807037950049,3607807037954439,3607807038168599,3607807038878952,0,12,96,128,model.layers.3.self_attn.attn
3607807039225693,3607807039230153,3607807039444823,3607807040152445,0,12,96,1,model.layers.0.self_attn.swa_cache
3607807040465906,3607807040470496,3607807040687257,3607807041117898,0,12,96,1,model.layers.1.self_attn.swa_cache
3607807041420579,3607807041425419,3607807041636900,3607807042062751,0,12,96,1,model.layers.2.self_attn.compressor.state_cache
3607807042232212,3607807042235942,3607807042471403,3607807042893074,0,12,96,1,model.layers.2.self_attn.indexer.compressor.state_cache
3607807043197175,3607807043234845,3607807043448246,3607807043868827,0,12,96,1,model.layers.3.self_attn.compressor.state_cache
3607807096446998,3607807097100800,3607807097307861,3607807102505357,1,12,96,4,model.layers.2.self_attn.indexer.k_cache
3607807102739618,3607807102743428,3607807102988178,3607807103466130,0,12,96,4,model.layers.2.self_attn.attn
3607807103779771,3607807103783901,3607807104017641,3607807104732554,0,12,96,128,model.layers.3.self_attn.attn
3607807105047485,3607807105052095,3607807105267825,3607807105960317,0,12,96,1,model.layers.0.self_attn.swa_cache
3607807106274248,3607807106278658,3607807106494159,3607807106927600,0,12,96,1,model.layers.1.self_attn.swa_cache
3607807107368482,3607807107374772,3607807107676963,3607807108276115,0,12,96,1,model.layers.2.self_attn.compressor.state_cache
3607807108510895,3607807108516195,3607807108837166,3607807109418318,0,12,96,1,model.layers.2.self_attn.indexer.compressor.state_cache
3607807109832069,3607807109879319,3607807110175640,3607807110749452,0,12,96,1,model.layers.3.self_attn.compressor.state_cache
3607807164786288,3607807165503420,3607807165746231,3607807168483149,1,12,96,4,model.layers.2.self_attn.indexer.k_cache
3607807168720780,3607807168724830,3607807168970131,3607807169460032,0,12,96,4,model.layers.2.self_attn.attn
3607807169773643,3607807169778093,3607807169995154,3607807170714366,0,12,96,128,model.layers.3.self_attn.attn
3607807171029837,3607807171034377,3607807171248738,3607807171933290,0,12,96,1,model.layers.0.self_attn.swa_cache
3607807172263771,3607807172268331,3607807172486002,3607807172913493,0,12,96,1,model.layers.1.self_attn.swa_cache
3607807173224364,3607807173228644,3607807173441835,3607807173875736,0,12,96,1,model.layers.2.self_attn.compressor.state_cache
3607807174046666,3607807174050626,3607807174291367,3607807174719198,0,12,96,1,model.layers.2.self_attn.indexer.compressor.state_cache
3607807175027839,3607807175065120,3607807175283890,3607807175701661,0,12,96,1,model.layers.3.self_attn.compressor.state_cache
3607807228915895,3607807229564697,3607807229772177,3607807234228361,1,12,96,4,model.layers.2.self_attn.indexer.k_cache
3607807234466922,3607807234470892,3607807234713123,3607807235211524,0,12,96,4,model.layers.2.self_attn.attn
3607807235531765,3607807235536005,3607807235762576,3607807236500008,0,12,96,128,model.layers.3.self_attn.attn
3607807236824009,3607807236828269,3607807237046540,3607807237750552,0,12,96,1,model.layers.0.self_attn.swa_cache
3607807238067503,3607807238072053,3607807238287133,3607807238823605,0,12,96,1,model.layers.1.self_attn.swa_cache
3607807239217386,3607807239222746,3607807239494357,3607807240060789,0,12,96,1,model.layers.2.self_attn.compressor.state_cache
3607807240283030,3607807240288210,3607807240598691,3607807241150542,0,12,96,1,model.layers.2.self_attn.indexer.compressor.state_cache
3607807241542573,3607807241590604,3607807241872805,3607807242422606,0,12,96,1,model.layers.3.self_attn.compressor.state_cache
3607807297238794,3607807297948727,3607807298164257,3607807300667045,1,12,96,4,model.layers.2.self_attn.indexer.k_cache
3607807300915746,3607807300919656,3607807301166076,3607807301661498,0,12,96,4,model.layers.2.self_attn.attn
3607807301988459,3607807301992849,3607807302212420,3607807302936082,0,12,96,128,model.layers.3.self_attn.attn
3607807303257433,3607807303261893,3607807303481314,3607807304214966,0,12,96,1,model.layers.0.self_attn.swa_cache
3607807304538717,3607807304543057,3607807304762318,3607807305197229,0,12,96,1,model.layers.1.self_attn.swa_cache
3607807305508650,3607807305513020,3607807305727640,3607807306162422,0,12,96,1,model.layers.2.self_attn.compressor.state_cache
3607807306368002,3607807306371812,3607807306614573,3607807307048955,0,12,96,1,model.layers.2.self_attn.indexer.compressor.state_cache
3607807307358695,3607807307396586,3607807307614426,3607807308053508,0,12,96,1,model.layers.3.self_attn.compressor.state_cache
3607807360985570,3607807361622552,3607807361827973,3607807366590697,1,12,96,4,model.layers.2.self_attn.indexer.k_cache
3607807366813988,3607807366818018,3607807367066019,3607807367560470,0,12,96,4,model.layers.2.self_attn.attn
3607807367945831,3607807367951701,3607807368255532,3607807369180595,0,12,96,128,model.layers.3.self_attn.attn
3607807369596176,3607807369601946,3607807369882577,3607807370798900,0,12,96,1,model.layers.0.self_attn.swa_cache
3607807371207641,3607807371213561,3607807371496862,3607807372069174,0,12,96,1,model.layers.1.self_attn.swa_cache
3607807372477365,3607807372482935,3607807372771156,3607807373341138,0,12,96,1,model.layers.2.self_attn.compressor.state_cache
3607807373575989,3607807373581009,3607807373904620,3607807374457001,0,12,96,1,model.layers.2.self_attn.indexer.compressor.state_cache
3607807374855213,3607807374903503,3607807375182324,3607807375736175,0,12,96,1,model.layers.3.self_attn.compressor.state_cache
3607807429586551,3607807430251243,3607807430465043,3607807437413615,1,12,96,4,model.layers.2.self_attn.indexer.k_cache
3607807437695515,3607807437700585,3607807438000306,3607807438600768,0,12,96,4,model.layers.2.self_attn.attn
3607807438981529,3607807438986729,3607807439251380,3607807440102773,0,12,96,128,model.layers.3.self_attn.attn
3607807440488124,3607807440493404,3607807440756805,3607807441610677,0,12,96,1,model.layers.0.self_attn.swa_cache
3607807442103119,3607807442109219,3607807442426730,3607807443043622,0,12,96,1,model.layers.1.self_attn.swa_cache
3607807443489773,3607807443496093,3607807443807964,3607807444448386,0,12,96,1,model.layers.2.self_attn.compressor.state_cache
3607807444700287,3607807444705787,3607807445047478,3607807445661890,0,12,96,1,model.layers.2.self_attn.indexer.compressor.state_cache
3607807446107261,3607807446161051,3607807446474822,3607807447085664,0,12,96,1,model.layers.3.self_attn.compressor.state_cache
3607807501867302,3607807502563275,3607807502797195,3607807505245423,1,12,96,4,model.layers.2.self_attn.indexer.k_cache
3607807505514844,3607807505518974,3607807505762004,3607807506248716,0,12,96,4,model.layers.2.self_attn.attn
3607807506566497,3607807506570897,3607807506787897,3607807507504770,0,12,96,128,model.layers.3.self_attn.attn
3607807507825221,3607807507829621,3607807508064881,3607807508763314,0,12,96,1,model.layers.0.self_attn.swa_cache
3607807509079655,3607807509084195,3607807509303845,3607807509733307,0,12,96,1,model.layers.1.self_attn.swa_cache
3607807510044287,3607807510048387,3607807510260818,3607807510694079,0,12,96,1,model.layers.2.self_attn.compressor.state_cache
3607807510867270,3607807510871010,3607807511109841,3607807511537222,0,12,96,1,model.layers.2.self_attn.indexer.compressor.state_cache
3607807511845303,3607807511884553,3607807512169674,3607807512600245,0,12,96,1,model.layers.3.self_attn.compressor.state_cache
3607807570549863,3607807571309845,3607807571534326,3607807574015364,1,12,96,4,model.layers.2.self_attn.indexer.k_cache
3607807574288865,3607807574293055,3607807574544345,3607807575040507,0,12,96,4,model.layers.2.self_attn.attn
3607807575354728,3607807575359448,3607807575577499,3607807576298201,0,12,96,128,model.layers.3.self_attn.attn
3607807576614002,3607807576618272,3607807576837602,3607807577542615,0,12,96,1,model.layers.0.self_attn.swa_cache
3607807577853796,3607807577858246,3607807578073696,3607807578506758,0,12,96,1,model.layers.1.self_attn.swa_cache
3607807578813159,3607807578817269,3607807579030979,3607807579458340,0,12,96,1,model.layers.2.self_attn.compressor.state_cache
3607807579631301,3607807579635021,3607807579875372,3607807580290603,0,12,96,1,model.layers.2.self_attn.indexer.compressor.state_cache
3607807580599934,3607807580640454,3607807580854215,3607807581273266,0,12,96,1,model.layers.3.self_attn.compressor.state_cache
3607807634811520,3607807635475472,3607807635689213,3607807641229160,1,12,96,4,model.layers.2.self_attn.indexer.k_cache
3607807641488461,3607807641492281,3607807641741682,3607807642239063,0,12,96,4,model.layers.2.self_attn.attn
3607807642551434,3607807642555324,3607807642774365,3607807643500617,0,12,96,128,model.layers.3.self_attn.attn
3607807643814768,3607807643818588,3607807644054789,3607807644756951,0,12,96,1,model.layers.0.self_attn.swa_cache
3607807645218442,3607807645225512,3607807645539433,3607807646147565,0,12,96,1,model.layers.1.self_attn.swa_cache
3607807646582706,3607807646588756,3607807646899907,3607807647510899,0,12,96,1,model.layers.2.self_attn.compressor.state_cache
3607807647753210,3607807647758570,3607807648111351,3607807648723503,0,12,96,1,model.layers.2.self_attn.indexer.compressor.state_cache
3607807649157324,3607807649212195,3607807649524946,3607807650142127,0,12,96,1,model.layers.3.self_attn.compressor.state_cache
3607807704329044,3607807704991486,3607807705203736,3607807710224002,1,12,96,4,model.layers.2.self_attn.indexer.k_cache
3607807710523873,3607807710529173,3607807710846314,3607807711485696,0,12,96,4,model.layers.2.self_attn.attn
3607807711892567,3607807711898217,3607807712193538,3607807713098711,0,12,96,128,model.layers.3.self_attn.attn
3607807713509382,3607807713515432,3607807713795323,3607807714701576,0,12,96,1,model.layers.0.self_attn.swa_cache
3607807715102137,3607807715107797,3607807715393278,3607807715953489,0,12,96,1,model.layers.1.self_attn.swa_cache
3607807716371391,3607807716376921,3607807716654092,3607807717210063,0,12,96,1,model.layers.2.self_attn.compressor.state_cache
3607807717433164,3607807717438174,3607807717747925,3607807718222646,0,12,96,1,model.layers.2.self_attn.indexer.compressor.state_cache
3607807718530447,3607807718569657,3607807718783608,3607807719203179,0,12,96,1,model.layers.3.self_attn.compressor.state_cache
3607807772339822,3607807773000954,3607807773212065,3607807778810132,1,12,96,4,model.layers.2.self_attn.indexer.k_cache
3607807779054933,3607807779058993,3607807779304234,3607807779798525,0,12,96,4,model.layers.2.self_attn.attn
3607807780129646,3607807780134226,3607807780350397,3607807781056709,0,12,96,128,model.layers.3.self_attn.attn
3607807781374580,3607807781379470,3607807781594281,3607807782306893,0,12,96,1,model.layers.0.self_attn.swa_cache
3607807782760534,3607807782767304,3607807783081895,3607807783691167,0,12,96,1,model.layers.1.self_attn.swa_cache
3607807784146099,3607807784152659,3607807784462250,3607807785077952,0,12,96,1,model.layers.2.self_attn.compressor.state_cache
3607807785323192,3607807785329002,3607807785676243,3607807786301935,0,12,96,1,model.layers.2.self_attn.indexer.compressor.state_cache
3607807786738677,3607807786792187,3607807787103328,3607807787720940,0,12,96,1,model.layers.3.self_attn.compressor.state_cache
3607807843206840,3607807843903712,3607807844162473,3607807847546613,1,11,88,4,model.layers.2.self_attn.indexer.k_cache
3607807847811764,3607807847815894,3607807848093585,3607807848605576,0,11,88,4,model.layers.2.self_attn.attn
3607807848964548,3607807848969508,3607807849196198,3607807849932421,0,11,88,128,model.layers.3.self_attn.attn
3607807850294752,3607807850299712,3607807850528912,3607807851272825,0,11,88,1,model.layers.0.self_attn.swa_cache
3607807851596436,3607807851600716,3607807851825566,3607807852283118,0,11,88,1,model.layers.1.self_attn.swa_cache
3607807852633189,3607807852638059,3607807852860710,3607807853309411,0,11,88,1,model.layers.2.self_attn.compressor.state_cache
3607807853486821,3607807853490781,3607807853799092,3607807854242014,0,11,88,1,model.layers.2.self_attn.indexer.compressor.state_cache
3607807854586865,3607807854625895,3607807854850046,3607807855291187,0,11,88,1,model.layers.3.self_attn.compressor.state_cache
3607807993081480,3607807993807872,3607807994039133,3607807996484150,1,11,88,4,model.layers.2.self_attn.indexer.k_cache
3607807996780681,3607807996784921,3607807997040292,3607807997532304,0,11,88,4,model.layers.2.self_attn.attn
3607807997846974,3607807997851285,3607807998070575,3607807998773247,0,11,88,128,model.layers.3.self_attn.attn
3607807999119928,3607807999124958,3607807999341239,3607808000060071,0,11,88,1,model.layers.0.self_attn.swa_cache
3607808000377802,3607808000382162,3607808000603653,3607808001028444,0,11,88,1,model.layers.1.self_attn.swa_cache
3607808001339495,3607808001343745,3607808001563046,3607808001994007,0,11,88,1,model.layers.2.self_attn.compressor.state_cache
3607808002165998,3607808002169648,3607808002407898,3607808002833620,0,11,88,1,model.layers.2.self_attn.indexer.compressor.state_cache
3607808003145101,3607808003184801,3607808003404352,3607808003829133,0,11,88,1,model.layers.3.self_attn.compressor.state_cache
3607808060295816,3607808061140219,3607808061526650,3607808067373568,1,10,80,4,model.layers.2.self_attn.indexer.k_cache
3607808067693429,3607808067698529,3607808068031660,3607808068660662,0,10,80,4,model.layers.2.self_attn.attn
3607808069076143,3607808069081903,3607808069364934,3607808070279797,0,10,80,128,model.layers.3.self_attn.attn
3607808070683998,3607808070689808,3607808070963989,3607808071857392,0,10,80,1,model.layers.0.self_attn.swa_cache
3607808072297903,3607808072303813,3607808072578564,3607808073126356,0,10,80,1,model.layers.1.self_attn.swa_cache
3607808073515437,3607808073520717,3607808073926688,3607808074486670,0,10,80,1,model.layers.2.self_attn.compressor.state_cache
3607808074704120,3607808074707860,3607808074948171,3607808075369802,0,10,80,1,model.layers.2.self_attn.indexer.compressor.state_cache
3607808075677003,3607808075718083,3607808076060595,3607808076492446,0,10,80,1,model.layers.3.self_attn.compressor.state_cache
3607808214145658,3607808214766870,3607808215194802,3607808217302968,1,10,4256,4,model.layers.2.self_attn.indexer.k_cache
3607808217602969,3607808217607089,3607808217856270,3607808218343541,0,10,4256,4,model.layers.2.self_attn.attn
3607808218664662,3607808218668952,3607808218887563,3607808219577205,0,10,4256,128,model.layers.3.self_attn.attn
3607808219917596,3607808219922366,3607808220208437,3607808220917639,0,10,4256,1,model.layers.0.self_attn.swa_cache
3607808221230970,3607808221235460,3607808221456961,3607808221886332,0,10,4256,1,model.layers.1.self_attn.swa_cache
3607808222190543,3607808222194983,3607808222525274,3607808222952965,0,10,4256,1,model.layers.2.self_attn.compressor.state_cache
3607808223125186,3607808223128916,3607808223375757,3607808223793208,0,10,4256,1,model.layers.2.self_attn.indexer.compressor.state_cache
3607808224106819,3607808224151399,3607808224479980,3607808224918991,0,10,4256,1,model.layers.3.self_attn.compressor.state_cache
3607808653204986,3607808653891618,3607808654112079,3607808656495156,1,10,80,4,model.layers.2.self_attn.indexer.k_cache
3607808656788987,3607808656792937,3607808657040558,3607808657530219,0,10,80,4,model.layers.2.self_attn.attn
3607808657841590,3607808657846240,3607808658062701,3607808658754263,0,10,80,128,model.layers.3.self_attn.attn
3607808659064144,3607808659068754,3607808659283144,3607808659970157,0,10,80,1,model.layers.0.self_attn.swa_cache
3607808660290158,3607808660294528,3607808660509458,3607808660933129,0,10,80,1,model.layers.1.self_attn.swa_cache
3607808661232420,3607808661236820,3607808661450151,3607808661867052,0,10,80,1,model.layers.2.self_attn.compressor.state_cache
3607808662036403,3607808662040273,3607808662276294,3607808662692505,0,10,80,1,model.layers.2.self_attn.indexer.compressor.state_cache
3607808662986936,3607808663034526,3607808663243617,3607808663661218,0,10,80,1,model.layers.3.self_attn.compressor.state_cache
3607808728632547,3607808729051639,3607808729275669,3607808731250815,1,12,8096,4,model.layers.2.self_attn.indexer.k_cache
3607808731515476,3607808731520106,3607808731766027,3607808732246738,0,12,8096,4,model.layers.2.self_attn.attn
3607808732566969,3607808732571469,3607808732787710,3607808733491362,0,12,8096,128,model.layers.3.self_attn.attn
3607808733804673,3607808733809123,3607808734028844,3607808734723356,0,12,8096,1,model.layers.0.self_attn.swa_cache
3607808735038397,3607808735042867,3607808735263298,3607808735695019,0,12,8096,1,model.layers.1.self_attn.swa_cache
3607808736043370,3607808736048200,3607808736264301,3607808736691632,0,12,8096,1,model.layers.2.self_attn.compressor.state_cache
3607808736867433,3607808736871443,3607808737111653,3607808737539345,0,12,8096,1,model.layers.2.self_attn.indexer.compressor.state_cache
3607808737842316,3607808737885346,3607808738103786,3607808738530448,0,12,8096,1,model.layers.3.self_attn.compressor.state_cache
3607809232097962,3607809232714324,3607809233133176,3607809235195142,1,11,424,4,model.layers.2.self_attn.indexer.k_cache
3607809235485563,3607809235490263,3607809235736184,3607809236249705,0,11,424,4,model.layers.2.self_attn.attn
3607809236572796,3607809236577046,3607809236793537,3607809237502439,0,11,424,128,model.layers.3.self_attn.attn
3607809237818060,3607809237822920,3607809238043681,3607809238737083,0,11,424,1,model.layers.0.self_attn.swa_cache
3607809239045184,3607809239050144,3607809239264284,3607809239694766,0,11,424,1,model.layers.1.self_attn.swa_cache
3607809240014357,3607809240019947,3607809240341648,3607809240776359,0,11,424,1,model.layers.2.self_attn.compressor.state_cache
3607809240948410,3607809240952440,3607809241192830,3607809241613862,0,11,424,1,model.layers.2.self_attn.indexer.compressor.state_cache
3607809241915883,3607809241966733,3607809242294154,3607809242728505,0,11,424,1,model.layers.3.self_attn.compressor.state_cache
3607809690941421,3607809691372092,3607809691603013,3607809693461699,1,10,4256,4,model.layers.2.self_attn.indexer.k_cache
3607809693762979,3607809693767019,3607809694008570,3607809694493662,0,10,4256,4,model.layers.2.self_attn.attn
3607809694803533,3607809694807983,3607809695020733,3607809695618935,0,10,4256,128,model.layers.3.self_attn.attn
3607809695927166,3607809695931466,3607809696161987,3607809696758089,0,10,4256,1,model.layers.0.self_attn.swa_cache
3607809697067180,3607809697071620,3607809697288980,3607809697705942,0,10,4256,1,model.layers.1.self_attn.swa_cache
3607809698010052,3607809698014192,3607809698233173,3607809698652864,0,10,4256,1,model.layers.2.self_attn.compressor.state_cache
3607809698820925,3607809698825035,3607809699060336,3607809699476687,0,10,4256,1,model.layers.2.self_attn.indexer.compressor.state_cache
3607809699771748,3607809699815298,3607809700047869,3607809700482560,0,10,4256,1,model.layers.3.self_attn.compressor.state_cache
3607810122096144,3607810122680846,3607810123068917,3607810125078703,1,11,4264,4,model.layers.2.self_attn.indexer.k_cache
3607810125374664,3607810125378894,3607810125631185,3607810126123207,0,11,4264,4,model.layers.2.self_attn.attn
3607810126438928,3607810126443198,3607810126662178,3607810127363860,0,11,4264,128,model.layers.3.self_attn.attn
3607810127678451,3607810127683121,3607810127904172,3607810128614414,0,11,4264,1,model.layers.0.self_attn.swa_cache
3607810128927535,3607810128931735,3607810129149376,3607810129577397,0,11,4264,1,model.layers.1.self_attn.swa_cache
3607810129880158,3607810129884508,3607810130206869,3607810130639090,0,11,4264,1,model.layers.2.self_attn.compressor.state_cache
3607810130812411,3607810130816401,3607810131054692,3607810131484243,0,11,4264,1,model.layers.2.self_attn.indexer.compressor.state_cache
3607810131787314,3607810131834204,3607810132210575,3607810132639807,0,11,4264,1,model.layers.3.self_attn.compressor.state_cache
3607810577913443,3607810578347335,3607810578581615,3607810580404631,1,11,4264,4,model.layers.2.self_attn.indexer.k_cache
3607810580714442,3607810580718552,3607810580965483,3607810581447664,0,11,4264,4,model.layers.2.self_attn.attn
3607810581768995,3607810581773295,3607810581990336,3607810582602548,0,11,4264,128,model.layers.3.self_attn.attn
3607810582912459,3607810582917049,3607810583136959,3607810583737531,0,11,4264,1,model.layers.0.self_attn.swa_cache
3607810584062282,3607810584067062,3607810584289763,3607810584720704,0,11,4264,1,model.layers.1.self_attn.swa_cache
3607810585025365,3607810585030075,3607810585246096,3607810585671167,0,11,4264,1,model.layers.2.self_attn.compressor.state_cache
3607810585842638,3607810585846598,3607810586082788,3607810586505940,0,11,4264,1,model.layers.2.self_attn.indexer.compressor.state_cache
3607810586840591,3607810586889641,3607810587111431,3607810587546343,0,11,4264,1,model.layers.3.self_attn.compressor.state_cache
3607811003876461,3607811004557923,3607811004772513,3607811016177909,1,11,88,4,model.layers.2.self_attn.indexer.k_cache
3607811016488259,3607811016493139,3607811016762090,3607811017284922,0,11,88,4,model.layers.2.self_attn.attn
3607811017613103,3607811017617523,3607811017830704,3607811018541706,0,11,88,128,model.layers.3.self_attn.attn
3607811018855887,3607811018860487,3607811019077557,3607811019767940,0,11,88,1,model.layers.0.self_attn.swa_cache
3607811020091861,3607811020096631,3607811020321831,3607811020747743,0,11,88,1,model.layers.1.self_attn.swa_cache
3607811021058393,3607811021063164,3607811021278704,3607811021703365,0,11,88,1,model.layers.2.self_attn.compressor.state_cache
3607811021872196,3607811021876276,3607811022111677,3607811022530598,0,11,88,1,model.layers.2.self_attn.indexer.compressor.state_cache
3607811022829909,3607811022885129,3607811023148990,3607811023586791,0,11,88,1,model.layers.3.self_attn.compressor.state_cache
3607811083463855,3607811084062827,3607811084455658,3607811086570725,1,12,4272,4,model.layers.2.self_attn.indexer.k_cache
3607811086972606,3607811086977046,3607811087235237,3607811087734378,0,12,4272,4,model.layers.2.self_attn.attn
3607811088077069,3607811088082029,3607811088309830,3607811089028732,0,12,4272,128,model.layers.3.self_attn.attn
3607811089351423,3607811089356083,3607811089580644,3607811090294886,0,12,4272,1,model.layers.0.self_attn.swa_cache
3607811090607787,3607811090612227,3607811090836118,3607811091260759,0,12,4272,1,model.layers.1.self_attn.swa_cache
3607811091568290,3607811091572890,3607811091898171,3607811092356902,0,12,4272,1,model.layers.2.self_attn.compressor.state_cache
3607811092533273,3607811092537383,3607811092793574,3607811093245065,0,12,4272,1,model.layers.2.self_attn.indexer.compressor.state_cache
3607811093548496,3607811093593506,3607811093921847,3607811094346898,0,12,4272,1,model.layers.3.self_attn.compressor.state_cache
3607811525125991,3607811525801023,3607811526017384,3607811531255220,1,12,96,4,model.layers.2.self_attn.indexer.k_cache
3607811531554880,3607811531559421,3607811531815301,3607811532299503,0,12,96,4,model.layers.2.self_attn.attn
3607811532616034,3607811532620694,3607811532814704,3607811533507596,0,12,96,128,model.layers.3.self_attn.attn
3607811533820467,3607811533825107,3607811534032598,3607811534704180,0,12,96,1,model.layers.0.self_attn.swa_cache
3607811535012751,3607811535017621,3607811535211752,3607811535639753,0,12,96,1,model.layers.1.self_attn.swa_cache
3607811535952814,3607811535957304,3607811536192785,3607811536794157,0,12,96,1,model.layers.2.self_attn.compressor.state_cache
3607811537010907,3607811537016127,3607811537306738,3607811537840510,0,12,96,1,model.layers.2.self_attn.indexer.compressor.state_cache
3607811538212001,3607811538269811,3607811538541942,3607811539068214,0,12,96,1,model.layers.3.self_attn.compressor.state_cache
3607811596332749,3607811597004841,3607811597230362,3607811603926603,1,11,88,4,model.layers.2.self_attn.indexer.k_cache
3607811604271104,3607811604276254,3607811604585515,3607811605217947,0,11,88,4,model.layers.2.self_attn.attn
3607811605616228,3607811605622138,3607811605894879,3607811606788261,0,11,88,128,model.layers.3.self_attn.attn
3607811607184733,3607811607190383,3607811607462134,3607811608352556,0,11,88,1,model.layers.0.self_attn.swa_cache
3607811608749747,3607811608754937,3607811609024648,3607811609564320,0,11,88,1,model.layers.1.self_attn.swa_cache
3607811609948231,3607811609953701,3607811610221152,3607811610752824,0,11,88,1,model.layers.2.self_attn.compressor.state_cache
3607811610968244,3607811610973234,3607811611277285,3607811611809397,0,11,88,1,model.layers.2.self_attn.indexer.compressor.state_cache
3607811612208548,3607811612256748,3607811612532119,3607811613069541,0,11,88,1,model.layers.3.self_attn.compressor.state_cache
3607811667776699,3607811668487341,3607811668721822,3607811671010719,1,10,80,4,model.layers.2.self_attn.indexer.k_cache
3607811671282699,3607811671286889,3607811671532080,3607811672042182,0,10,80,4,model.layers.2.self_attn.attn
3607811672361133,3607811672365563,3607811672579453,3607811673288556,0,10,80,128,model.layers.3.self_attn.attn
3607811673604437,3607811673609087,3607811673824687,3607811674517389,0,10,80,1,model.layers.0.self_attn.swa_cache
3607811674864340,3607811674869050,3607811675087691,3607811675516802,0,10,80,1,model.layers.1.self_attn.swa_cache
3607811675823043,3607811675827583,3607811676062654,3607811676498905,0,10,80,1,model.layers.2.self_attn.compressor.state_cache
3607811676674776,3607811676678746,3607811676917887,3607811677342438,0,10,80,1,model.layers.2.self_attn.indexer.compressor.state_cache
3607811677650469,3607811677689639,3607811677902680,3607811678325291,0,10,80,1,model.layers.3.self_attn.compressor.state_cache
3607811732426877,3607811733278410,3607811733652031,3607811736194059,1,9,72,4,model.layers.2.self_attn.indexer.k_cache
3607811736437679,3607811736442079,3607811736685840,3607811737176432,0,9,72,4,model.layers.2.self_attn.attn
3607811737519473,3607811737523793,3607811737740883,3607811738443376,0,9,72,128,model.layers.3.self_attn.attn
3607811738786257,3607811738790857,3607811739008417,3607811739698469,0,9,72,1,model.layers.0.self_attn.swa_cache
3607811740022720,3607811740027440,3607811740246391,3607811740679492,0,9,72,1,model.layers.1.self_attn.swa_cache
3607811741020864,3607811741025994,3607811741339665,3607811741752946,0,9,72,1,model.layers.2.self_attn.compressor.state_cache
3607811741926566,3607811741930446,3607811742164797,3607811742589408,0,9,72,1,model.layers.2.self_attn.indexer.compressor.state_cache
3607811742920459,3607811742956019,3607811743273670,3607811743701472,0,9,72,1,model.layers.3.self_attn.compressor.state_cache
3607811885853158,3607811886700151,3607811887044182,3607811889700160,1,7,56,4,model.layers.2.self_attn.indexer.k_cache
3607811889984061,3607811889988381,3607811890235912,3607811890723543,0,7,56,4,model.layers.2.self_attn.attn
3607811891067084,3607811891071914,3607811891288595,3607811891992707,0,7,56,128,model.layers.3.self_attn.attn
3607811892354518,3607811892359438,3607811892581229,3607811893273141,0,7,56,1,model.layers.0.self_attn.swa_cache
3607811893582792,3607811893587212,3607811893802003,3607811894224164,0,7,56,1,model.layers.1.self_attn.swa_cache
3607811894552365,3607811894557215,3607811894875806,3607811895298397,0,7,56,1,model.layers.2.self_attn.compressor.state_cache
3607811895468558,3607811895472388,3607811895707298,3607811896145020,0,7,56,1,model.layers.2.self_attn.indexer.compressor.state_cache
3607811896476671,3607811896518711,3607811896829742,3607811897247093,0,7,56,1,model.layers.3.self_attn.compressor.state_cache
3607812014986635,3607812015598376,3607812015969988,3607812018022084,1,8,4240,4,model.layers.2.self_attn.indexer.k_cache
3607812018286145,3607812018290085,3607812018533865,3607812019019437,0,8,4240,4,model.layers.2.self_attn.attn
3607812019335098,3607812019339748,3607812019555129,3607812020304291,0,8,4240,128,model.layers.3.self_attn.attn
3607812020623492,3607812020627982,3607812020844813,3607812021559155,0,8,4240,1,model.layers.0.self_attn.swa_cache
3607812021873486,3607812021878286,3607812022097906,3607812022538948,0,8,4240,1,model.layers.1.self_attn.swa_cache
3607812022857609,3607812022862029,3607812023200080,3607812023630001,0,8,4240,1,model.layers.2.self_attn.compressor.state_cache
3607812023800862,3607812023804912,3607812024062232,3607812024517084,0,8,4240,1,model.layers.2.self_attn.indexer.compressor.state_cache
3607812024825025,3607812024866845,3607812025184836,3607812025616397,0,8,4240,1,model.layers.3.self_attn.compressor.state_cache
3607812462174997,3607812462761209,3607812463156820,3607812465144836,1,9,4248,4,model.layers.2.self_attn.indexer.k_cache
3607812465430747,3607812465435117,3607812465682898,3607812466169190,0,9,4248,4,model.layers.2.self_attn.attn
3607812466482661,3607812466487521,3607812466706471,3607812467415023,0,9,4248,128,model.layers.3.self_attn.attn
3607812467728094,3607812467732924,3607812467956755,3607812468685287,0,9,4248,1,model.layers.0.self_attn.swa_cache
3607812469029368,3607812469033818,3607812469251959,3607812469675020,0,9,4248,1,model.layers.1.self_attn.swa_cache
3607812469985101,3607812469989641,3607812470311012,3607812470736714,0,9,4248,1,model.layers.2.self_attn.compressor.state_cache
3607812470907694,3607812470911844,3607812471150975,3607812471584836,0,9,4248,1,model.layers.2.self_attn.indexer.compressor.state_cache
3607812471889617,3607812471939937,3607812472284878,3607812472716710,0,9,4248,1,model.layers.3.self_attn.compressor.state_cache
3607812918118687,3607812918538158,3607812918760899,3607812920838125,1,11,8096,4,model.layers.2.self_attn.indexer.k_cache
3607812921129746,3607812921133986,3607812921381007,3607812921865699,0,11,8096,4,model.layers.2.self_attn.attn
3607812922179119,3607812922183750,3607812922402600,3607812923105782,0,11,8096,128,model.layers.3.self_attn.attn
3607812923421683,3607812923426263,3607812923646134,3607812924355636,0,11,8096,1,model.layers.0.self_attn.swa_cache
3607812924666727,3607812924671657,3607812924888678,3607812925313949,0,11,8096,1,model.layers.1.self_attn.swa_cache
3607812925616740,3607812925621310,3607812925870781,3607812926296192,0,11,8096,1,model.layers.2.self_attn.compressor.state_cache
3607812926469083,3607812926473153,3607812926710253,3607812927139875,0,11,8096,1,model.layers.2.self_attn.indexer.compressor.state_cache
3607812927440056,3607812927488886,3607812927706406,3607812928148398,0,11,8096,1,model.layers.3.self_attn.compressor.state_cache
3607813400068977,3607813400670668,3607813401060760,3607813403061406,1,12,4600,4,model.layers.2.self_attn.indexer.k_cache
3607813403339537,3607813403343817,3607813403591537,3607813404098339,0,12,4600,4,model.layers.2.self_attn.attn
3607813404414760,3607813404419640,3607813404644271,3607813405347653,0,12,4600,128,model.layers.3.self_attn.attn
3607813405656674,3607813405660994,3607813405879904,3607813406573377,0,12,4600,1,model.layers.0.self_attn.swa_cache
3607813406885588,3607813406890198,3607813407108858,3607813407536130,0,12,4600,1,model.layers.1.self_attn.swa_cache
3607813407835730,3607813407840070,3607813408178001,3607813408610223,0,12,4600,1,model.layers.2.self_attn.compressor.state_cache
3607813408779723,3607813408783713,3607813409022314,3607813409451435,0,12,4600,1,model.layers.2.self_attn.indexer.compressor.state_cache
3607813409749626,3607813409800036,3607813410130197,3607813410554979,0,12,4600,1,model.layers.3.self_attn.compressor.state_cache
3607813848063252,3607813848763994,3607813848982125,3607813851108181,1,12,96,4,model.layers.2.self_attn.indexer.k_cache
3607813851378522,3607813851382612,3607813851624913,3607813852129134,0,12,96,4,model.layers.2.self_attn.attn
3607813852436385,3607813852441035,3607813852655626,3607813853256078,0,12,96,128,model.layers.3.self_attn.attn
3607813853563649,3607813853568339,3607813853785050,3607813854389871,0,12,96,1,model.layers.0.self_attn.swa_cache
3607813854692062,3607813854696462,3607813854909623,3607813855334404,0,12,96,1,model.layers.1.self_attn.swa_cache
3607813855628925,3607813855633265,3607813855845866,3607813856283187,0,12,96,1,model.layers.2.self_attn.compressor.state_cache
3607813856448768,3607813856452558,3607813856684648,3607813857145350,0,12,96,1,model.layers.2.self_attn.indexer.compressor.state_cache
3607813857448371,3607813857500191,3607813857718272,3607813858145153,0,12,96,1,model.layers.3.self_attn.compressor.state_cache
3607813911446617,3607813912117879,3607813912363789,3607813916243451,1,12,96,4,model.layers.2.self_attn.indexer.k_cache
3607813916482692,3607813916486872,3607813916733833,3607813917226554,0,12,96,4,model.layers.2.self_attn.attn
3607813917540065,3607813917544435,3607813917759976,3607813918472388,0,12,96,128,model.layers.3.self_attn.attn
3607813918799449,3607813918804009,3607813919022880,3607813919720592,0,12,96,1,model.layers.0.self_attn.swa_cache
3607813920040463,3607813920045243,3607813920264684,3607813920686075,0,12,96,1,model.layers.1.self_attn.swa_cache
3607813920993036,3607813920997566,3607813921209327,3607813921702808,0,12,96,1,model.layers.2.self_attn.compressor.state_cache
3607813921931679,3607813921936329,3607813922216850,3607813922708091,0,12,96,1,model.layers.2.self_attn.indexer.compressor.state_cache
3607813923057252,3607813923100352,3607813923349673,3607813923847425,0,12,96,1,model.layers.3.self_attn.compressor.state_cache
3607813977377939,3607813978031571,3607813978243012,3607813982496865,1,12,96,4,model.layers.2.self_attn.indexer.k_cache
3607813982716385,3607813982720655,3607813982963656,3607813983455038,0,12,96,4,model.layers.2.self_attn.attn
3607813983770109,3607813983774379,3607813983988379,3607813984736682,0,12,96,128,model.layers.3.self_attn.attn
3607813985059943,3607813985064463,3607813985278433,3607813985981875,0,12,96,1,model.layers.0.self_attn.swa_cache
3607813986370397,3607813986375677,3607813986634097,3607813987147069,0,12,96,1,model.layers.1.self_attn.swa_cache
3607813987511800,3607813987517020,3607813987781931,3607813988311213,0,12,96,1,model.layers.2.self_attn.compressor.state_cache
3607813988517703,3607813988522463,3607813988810114,3607813989326916,0,12,96,1,model.layers.2.self_attn.indexer.compressor.state_cache
3607813989698457,3607813989742197,3607813990002248,3607813990506179,0,12,96,1,model.layers.3.self_attn.compressor.state_cache
3607814045586918,3607814046301681,3607814046530371,3607814048676228,1,12,96,4,model.layers.2.self_attn.indexer.k_cache
3607814048908249,3607814048912329,3607814049158009,3607814049663701,0,12,96,4,model.layers.2.self_attn.attn
3607814049984882,3607814049989462,3607814050205943,3607814050816944,0,12,96,128,model.layers.3.self_attn.attn
3607814051137325,3607814051142015,3607814051357506,3607814051972778,0,12,96,1,model.layers.0.self_attn.swa_cache
3607814052335389,3607814052339889,3607814052558290,3607814052996071,0,12,96,1,model.layers.1.self_attn.swa_cache
3607814053310902,3607814053315142,3607814053527913,3607814053953504,0,12,96,1,model.layers.2.self_attn.compressor.state_cache
3607814054125655,3607814054129495,3607814054363435,3607814054793657,0,12,96,1,model.layers.2.self_attn.indexer.compressor.state_cache
3607814055096848,3607814055139628,3607814055363518,3607814055791500,0,12,96,1,model.layers.3.self_attn.compressor.state_cache
3607814108755782,3607814109411204,3607814109630905,3607814114283909,1,12,96,4,model.layers.2.self_attn.indexer.k_cache
3607814114494610,3607814114498560,3607814114744691,3607814115235832,0,12,96,4,model.layers.2.self_attn.attn
3607814115551753,3607814115556233,3607814115775854,3607814116412686,0,12,96,128,model.layers.3.self_attn.attn
3607814116729417,3607814116733987,3607814116950787,3607814117557959,0,12,96,1,model.layers.0.self_attn.swa_cache
3607814117864710,3607814117869010,3607814118246821,3607814118829913,0,12,96,1,model.layers.1.self_attn.swa_cache
3607814119242675,3607814119248355,3607814119542865,3607814120158467,0,12,96,1,model.layers.2.self_attn.compressor.state_cache
3607814120388808,3607814120394268,3607814120718479,3607814121304611,0,12,96,1,model.layers.2.self_attn.indexer.compressor.state_cache
3607814121712452,3607814121761592,3607814122051243,3607814122625055,0,12,96,1,model.layers.3.self_attn.compressor.state_cache
3607814176683201,3607814177346223,3607814177567024,3607814180192282,1,12,96,4,model.layers.2.self_attn.indexer.k_cache
3607814180408712,3607814180412952,3607814180655623,3607814181144885,0,12,96,4,model.layers.2.self_attn.attn
3607814181454386,3607814181459096,3607814181675086,3607814182286378,0,12,96,128,model.layers.3.self_attn.attn
3607814182598979,3607814182603039,3607814182819500,3607814183486972,0,12,96,1,model.layers.0.self_attn.swa_cache
3607814183809433,3607814183814033,3607814184052474,3607814184509325,0,12,96,1,model.layers.1.self_attn.swa_cache
3607814184827426,3607814184831906,3607814185057377,3607814185497328,0,12,96,1,model.layers.2.self_attn.compressor.state_cache
3607814185673528,3607814185677559,3607814185927029,3607814186372031,0,12,96,1,model.layers.2.self_attn.indexer.compressor.state_cache
3607814186696672,3607814186736282,3607814186958972,3607814187399884,0,12,96,1,model.layers.3.self_attn.compressor.state_cache
3607814241049349,3607814241713531,3607814241929651,3607814246323105,1,12,96,4,model.layers.2.self_attn.indexer.k_cache
3607814246602336,3607814246606366,3607814246858906,3607814247350898,0,12,96,4,model.layers.2.self_attn.attn
3607814247668359,3607814247672679,3607814247890820,3607814248683892,0,12,96,128,model.layers.3.self_attn.attn
3607814249067693,3607814249073123,3607814249333374,3607814250210777,0,12,96,1,model.layers.0.self_attn.swa_cache
3607814250588988,3607814250594468,3607814250856169,3607814251368700,0,12,96,1,model.layers.1.self_attn.swa_cache
3607814251741351,3607814251746801,3607814252015062,3607814252544394,0,12,96,1,model.layers.2.self_attn.compressor.state_cache
3607814252750174,3607814252754874,3607814253045975,3607814253567877,0,12,96,1,model.layers.2.self_attn.indexer.compressor.state_cache
3607814253939348,3607814253985918,3607814254250739,3607814254774361,0,12,96,1,model.layers.3.self_attn.compressor.state_cache
3607814311343654,3607814312021376,3607814312238067,3607814314355434,1,12,96,4,model.layers.2.self_attn.indexer.k_cache
3607814314618434,3607814314622444,3607814314874365,3607814315374147,0,12,96,4,model.layers.2.self_attn.attn
3607814315693538,3607814315698068,3607814315923088,3607814316572450,0,12,96,128,model.layers.3.self_attn.attn
3607814316892961,3607814316897671,3607814317114522,3607814317728384,0,12,96,1,model.layers.0.self_attn.swa_cache
3607814318049985,3607814318054585,3607814318277986,3607814318701007,0,12,96,1,model.layers.1.self_attn.swa_cache
3607814319009218,3607814319013668,3607814319228379,3607814319655360,0,12,96,1,model.layers.2.self_attn.compressor.state_cache
3607814319831870,3607814319835970,3607814320086751,3607814320513052,0,12,96,1,model.layers.2.self_attn.indexer.compressor.state_cache
3607814320828113,3607814320871404,3607814321094234,3607814321525006,0,12,96,1,model.layers.3.self_attn.compressor.state_cache
3607814374579038,3607814375265831,3607814375483431,3607814378744681,1,12,96,4,model.layers.2.self_attn.indexer.k_cache
3607814378960892,3607814378965122,3607814379211813,3607814379777404,0,12,96,4,model.layers.2.self_attn.attn
3607814380135266,3607814380140286,3607814380380506,3607814381144649,0,12,96,128,model.layers.3.self_attn.attn
3607814381492850,3607814381497970,3607814381733390,3607814382491143,0,12,96,1,model.layers.0.self_attn.swa_cache
3607814382831984,3607814382836854,3607814383067295,3607814383532406,0,12,96,1,model.layers.1.self_attn.swa_cache
3607814383858887,3607814383863727,3607814384102328,3607814384544599,0,12,96,1,model.layers.2.self_attn.compressor.state_cache
3607814384730430,3607814384734720,3607814384991940,3607814385448942,0,12,96,1,model.layers.2.self_attn.indexer.compressor.state_cache
3607814385779243,3607814385820453,3607814386050884,3607814386511715,0,12,96,1,model.layers.3.self_attn.compressor.state_cache
3607814439450548,3607814440112460,3607814440325050,3607814445572376,1,12,96,4,model.layers.2.self_attn.indexer.k_cache
3607814445858097,3607814445863657,3607814446185598,3607814446823480,0,12,96,4,model.layers.2.self_attn.attn
3607814447235152,3607814447241112,3607814447524632,3607814448468015,0,12,96,128,model.layers.3.self_attn.attn
3607814448892947,3607814448898847,3607814449181478,3607814450093460,0,12,96,1,model.layers.0.self_attn.swa_cache
3607814450507972,3607814450513862,3607814450794982,3607814451349864,0,12,96,1,model.layers.1.self_attn.swa_cache
3607814451747605,3607814451753355,3607814452043866,3607814452547898,0,12,96,1,model.layers.2.self_attn.compressor.state_cache
3607814452725708,3607814452729878,3607814452972099,3607814453410000,0,12,96,1,model.layers.2.self_attn.indexer.compressor.state_cache
3607814453718711,3607814453755922,3607814453968872,3607814454394134,0,12,96,1,model.layers.3.self_attn.compressor.state_cache
3607814507627507,3607814508344669,3607814508570250,3607814511180068,1,12,96,4,model.layers.2.self_attn.indexer.k_cache
3607814511418079,3607814511422209,3607814511670499,3607814512185881,0,12,96,4,model.layers.2.self_attn.attn
3607814512504862,3607814512509602,3607814512727143,3607814513348835,0,12,96,128,model.layers.3.self_attn.attn
3607814513696076,3607814513700456,3607814513917116,3607814514523818,0,12,96,1,model.layers.0.self_attn.swa_cache
3607814514837569,3607814514842169,3607814515055980,3607814515483061,0,12,96,1,model.layers.1.self_attn.swa_cache
3607814515791452,3607814515796042,3607814516020763,3607814516450604,0,12,96,1,model.layers.2.self_attn.compressor.state_cache
3607814516625605,3607814516629465,3607814516867515,3607814517289177,0,12,96,1,model.layers.2.self_attn.indexer.compressor.state_cache
3607814517626168,3607814517663088,3607814517879808,3607814518301580,0,12,96,1,model.layers.3.self_attn.compressor.state_cache
3607814579246617,3607814579931459,3607814580173970,3607814582514107,1,12,96,4,model.layers.2.self_attn.indexer.k_cache
3607814582777948,3607814582782018,3607814583033098,3607814583531380,0,12,96,4,model.layers.2.self_attn.attn
3607814583852981,3607814583857641,3607814584091842,3607814584813124,0,12,96,128,model.layers.3.self_attn.attn
3607814585152555,3607814585157175,3607814585372816,3607814586103788,0,12,96,1,model.layers.0.self_attn.swa_cache
3607814586419419,3607814586424329,3607814586638150,3607814587064671,0,12,96,1,model.layers.1.self_attn.swa_cache
3607814587373522,3607814587378192,3607814587587882,3607814588028624,0,12,96,1,model.layers.2.self_attn.compressor.state_cache
3607814588203174,3607814588207034,3607814588442625,3607814588875066,0,12,96,1,model.layers.2.self_attn.indexer.compressor.state_cache
3607814589182247,3607814589220577,3607814589440478,3607814589867069,0,12,96,1,model.layers.3.self_attn.compressor.state_cache
3607814642687382,3607814643329174,3607814643539694,3607814647473296,1,12,96,4,model.layers.2.self_attn.indexer.k_cache
3607814647763937,3607814647768897,3607814648085168,3607814648682190,0,12,96,4,model.layers.2.self_attn.attn
3607814649062981,3607814649068251,3607814649325632,3607814650182945,0,12,96,128,model.layers.3.self_attn.attn
3607814650563226,3607814650568846,3607814650830287,3607814651687659,0,12,96,1,model.layers.0.self_attn.swa_cache
3607814652091310,3607814652096921,3607814652359601,3607814652878353,0,12,96,1,model.layers.1.self_attn.swa_cache
3607814653244964,3607814653249924,3607814653508095,3607814654032956,0,12,96,1,model.layers.2.self_attn.compressor.state_cache
3607814654243847,3607814654248307,3607814654531998,3607814655044000,0,12,96,1,model.layers.2.self_attn.indexer.compressor.state_cache
3607814655430191,3607814655473661,3607814655750842,3607814656186993,0,12,96,1,model.layers.3.self_attn.compressor.state_cache
3607814708574594,3607814709209846,3607814709411776,3607814716268128,1,12,96,4,model.layers.2.self_attn.indexer.k_cache
3607814716531398,3607814716536238,3607814716812499,3607814717376711,0,12,96,4,model.layers.2.self_attn.attn
3607814717744442,3607814717749412,3607814717995313,3607814718713485,0,12,96,128,model.layers.3.self_attn.attn
3607814719082376,3607814719087876,3607814719334927,3607814720046009,0,12,96,1,model.layers.0.self_attn.swa_cache
3607814720409590,3607814720415260,3607814720661221,3607814721317813,0,12,96,1,model.layers.1.self_attn.swa_cache
3607814721721844,3607814721727844,3607814722011475,3607814722582477,0,12,96,1,model.layers.2.self_attn.compressor.state_cache
3607814722815698,3607814722820968,3607814723132059,3607814723692270,0,12,96,1,model.layers.2.self_attn.indexer.compressor.state_cache
3607814724113452,3607814724161012,3607814724443783,3607814725018124,0,12,96,1,model.layers.3.self_attn.compressor.state_cache
3607814776888154,3607814777519886,3607814777720766,3607814783427994,1,12,96,4,model.layers.2.self_attn.indexer.k_cache
3607814783648394,3607814783652694,3607814783880765,3607814784363957,0,12,96,4,model.layers.2.self_attn.attn
3607814784672838,3607814784677048,3607814784882468,3607814785565780,0,12,96,128,model.layers.3.self_attn.attn
3607814786043812,3607814786050992,3607814786364083,3607814787432556,0,12,96,1,model.layers.0.self_attn.swa_cache
3607814787906237,3607814787912828,3607814788245149,3607814788879640,0,12,96,1,model.layers.1.self_attn.swa_cache
3607814789335062,3607814789341482,3607814789650343,3607814790275755,0,12,96,1,model.layers.2.self_attn.compressor.state_cache
3607814790581986,3607814790587986,3607814790932067,3607814791553799,0,12,96,1,model.layers.2.self_attn.indexer.compressor.state_cache
3607814792018110,3607814792072510,3607814792395111,3607814793019213,0,12,96,1,model.layers.3.self_attn.compressor.state_cache
3607814845547364,3607814846204486,3607814846407247,3607814851214852,1,12,96,4,model.layers.2.self_attn.indexer.k_cache
3607814851498463,3607814851503443,3607814851798184,3607814852420396,0,12,96,4,model.layers.2.self_attn.attn
3607814852815107,3607814852820777,3607814853078958,3607814853949920,0,12,96,128,model.layers.3.self_attn.attn
3607814854340911,3607814854347021,3607814854609722,3607814855481785,0,12,96,1,model.layers.0.self_attn.swa_cache
3607814855879276,3607814855884846,3607814856170547,3607814856697439,0,12,96,1,model.layers.1.self_attn.swa_cache
3607814857081780,3607814857087330,3607814857346711,3607814857861232,0,12,96,1,model.layers.2.self_attn.compressor.state_cache
3607814858077143,3607814858081953,3607814858364514,3607814858825095,0,12,96,1,model.layers.2.self_attn.indexer.compressor.state_cache
3607814859129946,3607814859169976,3607814859378447,3607814859794138,0,12,96,1,model.layers.3.self_attn.compressor.state_cache
3607814912211239,3607814912849021,3607814913053252,3607814918740499,1,12,96,4,model.layers.2.self_attn.indexer.k_cache
3607814919053680,3607814919058720,3607814919336231,3607814919900623,0,12,96,4,model.layers.2.self_attn.attn
3607814920304354,3607814920309854,3607814920559625,3607814921394217,0,12,96,128,model.layers.3.self_attn.attn
3607814921764388,3607814921769418,3607814922020199,3607814922830332,0,12,96,1,model.layers.0.self_attn.swa_cache
3607814923204863,3607814923210603,3607814923457804,3607814923952885,0,12,96,1,model.layers.1.self_attn.swa_cache
3607814924327496,3607814924333016,3607814924582177,3607814925113959,0,12,96,1,model.layers.2.self_attn.compressor.state_cache
3607814925310279,3607814925314739,3607814925574930,3607814926059712,0,12,96,1,model.layers.2.self_attn.indexer.compressor.state_cache
3607814926403243,3607814926445523,3607814926682814,3607814927153015,0,12,96,1,model.layers.3.self_attn.compressor.state_cache
3607814978860454,3607814979478246,3607814979677886,3607814986038256,1,12,96,4,model.layers.2.self_attn.indexer.k_cache
3607814986246946,3607814986251336,3607814986483997,3607814986955599,0,12,96,4,model.layers.2.self_attn.attn
3607814987260960,3607814987265830,3607814987478480,3607814988175212,0,12,96,128,model.layers.3.self_attn.attn
3607814988488273,3607814988492853,3607814988701504,3607814989387686,0,12,96,1,model.layers.0.self_attn.swa_cache
3607814989799597,3607814989807307,3607814990152558,3607814990849451,0,12,96,1,model.layers.1.self_attn.swa_cache
3607814991340852,3607814991348062,3607814991696633,3607814992410345,0,12,96,1,model.layers.2.self_attn.compressor.state_cache
3607814992695426,3607814992701966,3607814993078317,3607814993769740,0,12,96,1,model.layers.2.self_attn.indexer.compressor.state_cache
3607814994262931,3607814994320751,3607814994666622,3607814995361134,0,12,96,1,model.layers.3.self_attn.compressor.state_cache
3607815048903709,3607815049537951,3607815049780022,3607815053494073,1,11,88,4,model.layers.2.self_attn.indexer.k_cache
3607815053748874,3607815053752924,3607815053990644,3607815054468296,0,11,88,4,model.layers.2.self_attn.attn
3607815054821717,3607815054827037,3607815055072328,3607815055878880,0,11,88,128,model.layers.3.self_attn.attn
3607815056264581,3607815056270111,3607815056517482,3607815057321255,0,11,88,1,model.layers.0.self_attn.swa_cache
3607815057675236,3607815057680576,3607815057922107,3607815058396508,0,11,88,1,model.layers.1.self_attn.swa_cache
3607815058741029,3607815058746129,3607815058996790,3607815059475101,0,11,88,1,model.layers.2.self_attn.compressor.state_cache
3607815059679292,3607815059683982,3607815059949303,3607815060467624,0,11,88,1,model.layers.2.self_attn.indexer.compressor.state_cache
3607815060821615,3607815060864166,3607815061108376,3607815061593178,0,11,88,1,model.layers.3.self_attn.compressor.state_cache
3607815113798938,3607815114432340,3607815114653131,3607815118462482,1,11,88,4,model.layers.2.self_attn.indexer.k_cache
3607815118682393,3607815118686353,3607815118924984,3607815119409355,0,11,88,4,model.layers.2.self_attn.attn
3607815119771906,3607815119776926,3607815120047597,3607815120845440,0,11,88,128,model.layers.3.self_attn.attn
3607815121208791,3607815121214271,3607815121460492,3607815122261764,0,11,88,1,model.layers.0.self_attn.swa_cache
3607815122618235,3607815122623665,3607815122865006,3607815123349677,0,11,88,1,model.layers.1.self_attn.swa_cache
3607815123699509,3607815123704919,3607815123945589,3607815124484531,0,11,88,1,model.layers.2.self_attn.compressor.state_cache
3607815124687892,3607815124692352,3607815124958902,3607815125437204,0,11,88,1,model.layers.2.self_attn.indexer.compressor.state_cache
3607815125778315,3607815125819955,3607815126063686,3607815126547997,0,11,88,1,model.layers.3.self_attn.compressor.state_cache
3607815178381316,3607815179010468,3607815179221369,3607815183162201,1,11,88,4,model.layers.2.self_attn.indexer.k_cache
3607815183381622,3607815183386072,3607815183625973,3607815184131444,0,11,88,4,model.layers.2.self_attn.attn
3607815184448645,3607815184453005,3607815184667546,3607815185487028,0,11,88,128,model.layers.3.self_attn.attn
3607815185873279,3607815185878519,3607815186143210,3607815186978423,0,11,88,1,model.layers.0.self_attn.swa_cache
3607815187352864,3607815187358194,3607815187614515,3607815188138166,0,11,88,1,model.layers.1.self_attn.swa_cache
3607815188508357,3607815188513428,3607815188770008,3607815189280240,0,11,88,1,model.layers.2.self_attn.compressor.state_cache
3607815189484780,3607815189489361,3607815189777971,3607815190279853,0,11,88,1,model.layers.2.self_attn.indexer.compressor.state_cache
3607815190647614,3607815190691714,3607815190947545,3607815191450997,0,11,88,1,model.layers.3.self_attn.compressor.state_cache
3607815243729367,3607815244380719,3607815244590330,3607815248812903,1,11,88,4,model.layers.2.self_attn.indexer.k_cache
3607815249056023,3607815249060253,3607815249298614,3607815249778266,0,11,88,4,model.layers.2.self_attn.attn
3607815250156797,3607815250162417,3607815250419158,3607815251275340,0,11,88,128,model.layers.3.self_attn.attn
3607815251662371,3607815251667831,3607815251926482,3607815252802965,0,11,88,1,model.layers.0.self_attn.swa_cache
3607815253182886,3607815253188296,3607815253445837,3607815253960618,0,11,88,1,model.layers.1.self_attn.swa_cache
3607815254330950,3607815254336470,3607815254590400,3607815255094802,0,11,88,1,model.layers.2.self_attn.compressor.state_cache
3607815255302473,3607815255307103,3607815255604304,3607815256125135,0,11,88,1,model.layers.2.self_attn.indexer.compressor.state_cache
3607815256497246,3607815256541246,3607815256796837,3607815257316559,0,11,88,1,model.layers.3.self_attn.compressor.state_cache
3607815316656861,3607815317094382,3607815317335393,3607815319118089,1,12,4272,4,model.layers.2.self_attn.indexer.k_cache
3607815319368579,3607815319372779,3607815319616710,3607815320122092,0,12,4272,4,model.layers.2.self_attn.attn
3607815320439093,3607815320444033,3607815320660833,3607815321265015,0,12,4272,128,model.layers.3.self_attn.attn
3607815321576706,3607815321581466,3607815321797137,3607815322399019,0,12,4272,1,model.layers.0.self_attn.swa_cache
3607815322714180,3607815322718930,3607815322934710,3607815323357702,0,12,4272,1,model.layers.1.self_attn.swa_cache
3607815323665062,3607815323669682,3607815323884623,3607815324322264,0,12,4272,1,model.layers.2.self_attn.compressor.state_cache
3607815324497635,3607815324501525,3607815324740576,3607815325162067,0,12,4272,1,model.layers.2.self_attn.indexer.compressor.state_cache
3607815325465668,3607815325506278,3607815325723799,3607815326151600,0,12,4272,1,model.layers.3.self_attn.compressor.state_cache
3607815752982681,3607815753644123,3607815753854383,3607815756182740,1,12,96,4,model.layers.2.self_attn.indexer.k_cache
3607815756465191,3607815756469351,3607815756709212,3607815757194054,0,12,96,4,model.layers.2.self_attn.attn
3607815757504115,3607815757508545,3607815757721805,3607815758423077,0,12,96,128,model.layers.3.self_attn.attn
3607815758773338,3607815758777878,3607815758992859,3607815759692721,0,12,96,1,model.layers.0.self_attn.swa_cache
3607815760011462,3607815760016122,3607815760236073,3607815760655834,0,12,96,1,model.layers.1.self_attn.swa_cache
3607815760961685,3607815760966175,3607815761176226,3607815761602487,0,12,96,1,model.layers.2.self_attn.compressor.state_cache
3607815761770428,3607815761774218,3607815762006508,3607815762431290,0,12,96,1,model.layers.2.self_attn.indexer.compressor.state_cache
3607815762727091,3607815762780061,3607815762991931,3607815763415323,0,12,96,1,model.layers.3.self_attn.compressor.state_cache
3607815815966614,3607815816628786,3607815816833977,3607815821612331,1,12,96,4,model.layers.2.self_attn.indexer.k_cache
3607815821875002,3607815821880112,3607815822173943,3607815822761745,0,12,96,4,model.layers.2.self_attn.attn
3607815823141426,3607815823146796,3607815823404607,3607815824283810,0,12,96,128,model.layers.3.self_attn.attn
3607815824697071,3607815824702971,3607815824960212,3607815825811004,0,12,96,1,model.layers.0.self_attn.swa_cache
3607815826187305,3607815826192855,3607815826452506,3607815826967478,0,12,96,1,model.layers.1.self_attn.swa_cache
3607815827334999,3607815827340479,3607815827597030,3607815828120361,0,12,96,1,model.layers.2.self_attn.compressor.state_cache
3607815828326662,3607815828331432,3607815828616403,3607815829114104,0,12,96,1,model.layers.2.self_attn.indexer.compressor.state_cache
3607815829423835,3607815829462995,3607815829687236,3607815830123608,0,12,96,1,model.layers.3.self_attn.compressor.state_cache
3607815884442764,3607815885096466,3607815885305287,3607815890280482,1,11,88,4,model.layers.2.self_attn.indexer.k_cache
3607815890537483,3607815890541573,3607815890785124,3607815891269265,0,11,88,4,model.layers.2.self_attn.attn
3607815891591376,3607815891595666,3607815891811537,3607815892548789,0,11,88,128,model.layers.3.self_attn.attn
3607815892894910,3607815892899800,3607815893120381,3607815893808943,0,11,88,1,model.layers.0.self_attn.swa_cache
3607815894241354,3607815894247374,3607815894523585,3607815895066787,0,11,88,1,model.layers.1.self_attn.swa_cache
3607815895457588,3607815895463098,3607815895739279,3607815896296561,0,11,88,1,model.layers.2.self_attn.compressor.state_cache
3607815896518641,3607815896523711,3607815896824472,3607815897371494,0,11,88,1,model.layers.2.self_attn.indexer.compressor.state_cache
3607815897759125,3607815897809955,3607815898088936,3607815898621498,0,11,88,1,model.layers.3.self_attn.compressor.state_cache
3607815954806440,3607815955507083,3607815955728113,3607815958051110,1,9,72,4,model.layers.2.self_attn.indexer.k_cache
3607815958308941,3607815958313171,3607815958556822,3607815959044493,0,9,72,4,model.layers.2.self_attn.attn
3607815959360984,3607815959365564,3607815959579995,3607815960300967,0,9,72,128,model.layers.3.self_attn.attn
3607815960650708,3607815960655378,3607815960874229,3607815961576601,0,9,72,1,model.layers.0.self_attn.swa_cache
3607815961893992,3607815961898482,3607815962113513,3607815962538404,0,9,72,1,model.layers.1.self_attn.swa_cache
3607815962845995,3607815962850605,3607815963063866,3607815963488947,0,9,72,1,model.layers.2.self_attn.compressor.state_cache
3607815963661048,3607815963665028,3607815963898118,3607815964347310,0,9,72,1,model.layers.2.self_attn.indexer.compressor.state_cache
3607815964657391,3607815964696211,3607815964915181,3607815965347853,0,9,72,1,model.layers.3.self_attn.compressor.state_cache
3607816018406626,3607816019079608,3607816019288888,3607816021534015,1,9,72,4,model.layers.2.self_attn.indexer.k_cache
3607816021751336,3607816021755426,3607816022000757,3607816022483388,0,9,72,4,model.layers.2.self_attn.attn
3607816022797789,3607816022802089,3607816023019490,3607816023735902,0,9,72,128,model.layers.3.self_attn.attn
3607816024075103,3607816024079613,3607816024295084,3607816025002796,0,9,72,1,model.layers.0.self_attn.swa_cache
3607816025335947,3607816025340337,3607816025556058,3607816025980379,0,9,72,1,model.layers.1.self_attn.swa_cache
3607816026286690,3607816026290630,3607816026502431,3607816026925472,0,9,72,1,model.layers.2.self_attn.compressor.state_cache
3607816027133072,3607816027137142,3607816027375133,3607816027794334,0,9,72,1,model.layers.2.self_attn.indexer.compressor.state_cache
3607816028228536,3607816028266496,3607816028490667,3607816028912768,0,9,72,1,model.layers.3.self_attn.compressor.state_cache
3607816081127368,3607816081776130,3607816081995471,3607816085141191,1,9,72,4,model.layers.2.self_attn.indexer.k_cache
3607816085362671,3607816085366861,3607816085607032,3607816086092024,0,9,72,4,model.layers.2.self_attn.attn
3607816086406904,3607816086411314,3607816086625165,3607816087341587,0,9,72,128,model.layers.3.self_attn.attn
3607816087661238,3607816087666028,3607816087883249,3607816088609161,0,9,72,1,model.layers.0.self_attn.swa_cache
3607816088930012,3607816088934632,3607816089148793,3607816089576184,0,9,72,1,model.layers.1.self_attn.swa_cache
3607816089881855,3607816089886165,3607816090157806,3607816090616757,0,9,72,1,model.layers.2.self_attn.compressor.state_cache
3607816090804818,3607816090809118,3607816091062279,3607816091519640,0,9,72,1,model.layers.2.self_attn.indexer.compressor.state_cache
3607816091852281,3607816091891911,3607816092143632,3607816092604003,0,9,72,1,model.layers.3.self_attn.compressor.state_cache
3607816157432813,3607816157867254,3607816158101585,3607816159930850,1,9,4248,4,model.layers.2.self_attn.indexer.k_cache
3607816160244421,3607816160248631,3607816160502682,3607816160989153,0,9,4248,4,model.layers.2.self_attn.attn
3607816161304794,3607816161309404,3607816161529465,3607816162149117,0,9,4248,128,model.layers.3.self_attn.attn
3607816162461238,3607816162466758,3607816162689709,3607816163300621,0,9,4248,1,model.layers.0.self_attn.swa_cache
3607816163611632,3607816163616042,3607816163832882,3607816164286704,0,9,4248,1,model.layers.1.self_attn.swa_cache
3607816164595415,3607816164600275,3607816164820795,3607816165247827,0,9,4248,1,model.layers.2.self_attn.compressor.state_cache
3607816165419587,3607816165423477,3607816165665278,3607816166085799,0,9,4248,1,model.layers.2.self_attn.indexer.compressor.state_cache
3607816166387220,3607816166430770,3607816166645111,3607816167072832,0,9,4248,1,model.layers.3.self_attn.compressor.state_cache
3607816589449839,3607816590121631,3607816590329922,3607816592393818,1,9,72,4,model.layers.2.self_attn.indexer.k_cache
3607816592697399,3607816592701709,3607816592941270,3607816593418621,0,9,72,4,model.layers.2.self_attn.attn
3607816593733592,3607816593738142,3607816593950463,3607816594554875,0,9,72,128,model.layers.3.self_attn.attn
3607816594865626,3607816594870196,3607816595083406,3607816595679578,0,9,72,1,model.layers.0.self_attn.swa_cache
3607816595982739,3607816595986959,3607816596210940,3607816596635471,0,9,72,1,model.layers.1.self_attn.swa_cache
3607816596936032,3607816596940702,3607816597149813,3607816597565314,0,9,72,1,model.layers.2.self_attn.compressor.state_cache
3607816597733815,3607816597737645,3607816597968755,3607816598398897,0,9,72,1,model.layers.2.self_attn.indexer.compressor.state_cache
3607816598696747,3607816598744038,3607816598957038,3607816599376430,0,9,72,1,model.layers.3.self_attn.compressor.state_cache
3607816666041534,3607816666458686,3607816666684026,3607816668454622,1,11,8096,4,model.layers.2.self_attn.indexer.k_cache
3607816668701282,3607816668705532,3607816668962673,3607816669475335,0,11,8096,4,model.layers.2.self_attn.attn
3607816669791836,3607816669796546,3607816670018006,3607816670625988,0,11,8096,128,model.layers.3.self_attn.attn
3607816670935399,3607816670939989,3607816671157760,3607816671763932,0,11,8096,1,model.layers.0.self_attn.swa_cache
3607816672083373,3607816672088173,3607816672305674,3607816672731615,0,11,8096,1,model.layers.1.self_attn.swa_cache
3607816673033916,3607816673038966,3607816673260446,3607816673685268,0,11,8096,1,model.layers.2.self_attn.compressor.state_cache
3607816673850478,3607816673854398,3607816674091309,3607816674514500,0,11,8096,1,model.layers.2.self_attn.indexer.compressor.state_cache
3607816674812651,3607816674854451,3607816675070802,3607816675494763,0,11,8096,1,model.layers.3.self_attn.compressor.state_cache
3607817140774342,3607817141181413,3607817141402414,3607817143147469,1,12,4600,4,model.layers.2.self_attn.indexer.k_cache
3607817143406840,3607817143411080,3607817143658771,3607817144164682,0,12,4600,4,model.layers.2.self_attn.attn
3607817144474723,3607817144479023,3607817144698974,3607817145307066,0,12,4600,128,model.layers.3.self_attn.attn
3607817145613307,3607817145617347,3607817145833248,3607817146438629,0,12,4600,1,model.layers.0.self_attn.swa_cache
3607817146742320,3607817146746490,3607817146962111,3607817147388582,0,12,4600,1,model.layers.1.self_attn.swa_cache
3607817147682463,3607817147686703,3607817147902514,3607817148357585,0,12,4600,1,model.layers.2.self_attn.compressor.state_cache
3607817148526406,3607817148530196,3607817148767727,3607817149192908,0,12,4600,1,model.layers.2.self_attn.indexer.compressor.state_cache
3607817149489169,3607817149539579,3607817149756310,3607817150180361,0,12,4600,1,model.layers.3.self_attn.compressor.state_cache
3607817575126296,3607817575783138,3607817575991089,3607817578108115,1,12,96,4,model.layers.2.self_attn.indexer.k_cache
3607817578398226,3607817578402176,3607817578645177,3607817579122498,0,12,96,4,model.layers.2.self_attn.attn
3607817579430809,3607817579435129,3607817579647860,3607817580272872,0,12,96,128,model.layers.3.self_attn.attn
3607817580613153,3607817580617763,3607817580833963,3607817581433445,0,12,96,1,model.layers.0.self_attn.swa_cache
3607817581739056,3607817581743646,3607817581958767,3607817582383048,0,12,96,1,model.layers.1.self_attn.swa_cache
3607817582685299,3607817582689709,3607817582901160,3607817583315401,0,12,96,1,model.layers.2.self_attn.compressor.state_cache
3607817583485362,3607817583489222,3607817583724282,3607817584170054,0,12,96,1,model.layers.2.self_attn.indexer.compressor.state_cache
3607817584473195,3607817584520165,3607817584734305,3607817585162297,0,12,96,1,model.layers.3.self_attn.compressor.state_cache
3607817638373280,3607817639038492,3607817639260243,3607817644200538,1,12,96,4,model.layers.2.self_attn.indexer.k_cache
3607817644464389,3607817644468389,3607817644713500,3607817645201201,0,12,96,4,model.layers.2.self_attn.attn
3607817645655112,3607817645661032,3607817645946383,3607817646738176,0,12,96,128,model.layers.3.self_attn.attn
3607817647144257,3607817647149777,3607817647426118,3607817648223930,0,12,96,1,model.layers.0.self_attn.swa_cache
3607817648630432,3607817648635772,3607817648914592,3607817649466724,0,12,96,1,model.layers.1.self_attn.swa_cache
3607817649855515,3607817649861315,3607817650137856,3607817650685488,0,12,96,1,model.layers.2.self_attn.compressor.state_cache
3607817650904549,3607817650909209,3607817651214360,3607817651767601,0,12,96,1,model.layers.2.self_attn.indexer.compressor.state_cache
3607817652167192,3607817652216563,3607817652494333,3607817653036135,0,12,96,1,model.layers.3.self_attn.compressor.state_cache
3607817706691120,3607817707414282,3607817707655693,3607817710631462,1,11,88,4,model.layers.2.self_attn.indexer.k_cache
3607817710873393,3607817710877413,3607817711128154,3607817711612875,0,11,88,4,model.layers.2.self_attn.attn
3607817711927746,3607817711931966,3607817712171537,3607817712877949,0,11,88,128,model.layers.3.self_attn.attn
3607817713200320,3607817713204860,3607817713420671,3607817714125213,0,11,88,1,model.layers.0.self_attn.swa_cache
3607817714441344,3607817714445734,3607817714662344,3607817715087716,0,11,88,1,model.layers.1.self_attn.swa_cache
3607817715396767,3607817715401087,3607817715613457,3607817716048279,0,11,88,1,model.layers.2.self_attn.compressor.state_cache
3607817716226349,3607817716230249,3607817716467230,3607817716889481,0,11,88,1,model.layers.2.self_attn.indexer.compressor.state_cache
3607817717191652,3607817717231012,3607817717447033,3607817717864834,0,11,88,1,model.layers.3.self_attn.compressor.state_cache
3607817772377992,3607817773118574,3607817773370755,3607817775804402,1,11,88,4,model.layers.2.self_attn.indexer.k_cache
3607817776095823,3607817776099933,3607817776351144,3607817776836395,0,11,88,4,model.layers.2.self_attn.attn
3607817777193496,3607817777198076,3607817777418077,3607817778139519,0,11,88,128,model.layers.3.self_attn.attn
3607817778463000,3607817778467400,3607817778685741,3607817779395613,0,11,88,1,model.layers.0.self_attn.swa_cache
3607817779711104,3607817779715554,3607817779933945,3607817780374276,0,11,88,1,model.layers.1.self_attn.swa_cache
3607817780685737,3607817780690177,3607817780905248,3607817781328089,0,11,88,1,model.layers.2.self_attn.compressor.state_cache
3607817781504150,3607817781507810,3607817781746130,3607817782169862,0,11,88,1,model.layers.2.self_attn.indexer.compressor.state_cache
3607817782474313,3607817782513393,3607817782729333,3607817783158255,0,11,88,1,model.layers.3.self_attn.compressor.state_cache
3607817837817863,3607817838463765,3607817838678095,3607817844805144,1,10,80,4,model.layers.2.self_attn.indexer.k_cache
3607817845034485,3607817845038875,3607817845287096,3607817845778297,0,10,80,4,model.layers.2.self_attn.attn
3607817846094428,3607817846098588,3607817846313959,3607817847032801,0,10,80,128,model.layers.3.self_attn.attn
3607817847366302,3607817847370882,3607817847589243,3607817848311575,0,10,80,1,model.layers.0.self_attn.swa_cache
3607817848827636,3607817848835346,3607817849198758,3607817849918960,0,10,80,1,model.layers.1.self_attn.swa_cache
3607817850440941,3607817850448481,3607817850824683,3607817851524485,0,10,80,1,model.layers.2.self_attn.compressor.state_cache
3607817851812446,3607817851819466,3607817852236307,3607817852935619,0,10,80,1,model.layers.2.self_attn.indexer.compressor.state_cache
3607817853448941,3607817853511441,3607817853884272,3607817854598324,0,10,80,1,model.layers.3.self_attn.compressor.state_cache
3607817911345198,3607817912223571,3607817912644512,3607817915226830,1,8,64,4,model.layers.2.self_attn.indexer.k_cache
3607817915499461,3607817915503771,3607817915755712,3607817916264693,0,8,64,4,model.layers.2.self_attn.attn
3607817916584934,3607817916589364,3607817916810405,3607817917535337,0,8,64,128,model.layers.3.self_attn.attn
3607817917855308,3607817917860028,3607817918079819,3607817918782941,0,8,64,1,model.layers.0.self_attn.swa_cache
3607817919097782,3607817919102182,3607817919316943,3607817919748844,0,8,64,1,model.layers.1.self_attn.swa_cache
3607817920070255,3607817920074545,3607817920397196,3607817920828538,0,8,64,1,model.layers.2.self_attn.compressor.state_cache
3607817921002288,3607817921006328,3607817921243279,3607817921668470,0,8,64,1,model.layers.2.self_attn.indexer.compressor.state_cache
3607817921985001,3607817922025201,3607817922348712,3607817922784004,0,8,64,1,model.layers.3.self_attn.compressor.state_cache
3607818046544234,3607818047227646,3607818047448436,3607818049874134,1,7,56,4,model.layers.2.self_attn.indexer.k_cache
3607818050166115,3607818050170335,3607818050413295,3607818050910097,0,7,56,4,model.layers.2.self_attn.attn
3607818051228398,3607818051232638,3607818051450299,3607818052187181,0,7,56,128,model.layers.3.self_attn.attn
3607818052514472,3607818052519202,3607818052741663,3607818053460745,0,7,56,1,model.layers.0.self_attn.swa_cache
3607818053783376,3607818053787766,3607818054002866,3607818054435778,0,7,56,1,model.layers.1.self_attn.swa_cache
3607818054745349,3607818054749739,3607818054961649,3607818055389161,0,7,56,1,model.layers.2.self_attn.compressor.state_cache
3607818055561111,3607818055565381,3607818055803252,3607818056238133,0,7,56,1,model.layers.2.self_attn.indexer.compressor.state_cache
3607818056538704,3607818056579844,3607818056795335,3607818057221326,0,7,56,1,model.layers.3.self_attn.compressor.state_cache
3607818116518688,3607818116938050,3607818117161410,3607818118955306,1,8,4240,4,model.layers.2.self_attn.indexer.k_cache
3607818119201757,3607818119205997,3607818119457537,3607818119951049,0,8,4240,4,model.layers.2.self_attn.attn
3607818120287570,3607818120292020,3607818120512851,3607818121126393,0,8,4240,128,model.layers.3.self_attn.attn
3607818121450304,3607818121454904,3607818121674794,3607818122279766,0,8,4240,1,model.layers.0.self_attn.swa_cache
3607818122596887,3607818122601647,3607818122822058,3607818123253459,0,8,4240,1,model.layers.1.self_attn.swa_cache
3607818123599720,3607818123604490,3607818123825021,3607818124257712,0,8,4240,1,model.layers.2.self_attn.compressor.state_cache
3607818124433253,3607818124437303,3607818124682054,3607818125109095,0,8,4240,1,model.layers.2.self_attn.indexer.compressor.state_cache
3607818125416516,3607818125459206,3607818125682517,3607818126110218,0,8,4240,1,model.layers.3.self_attn.compressor.state_cache
3607818552304467,3607818552705758,3607818552922689,3607818554661184,1,9,4248,4,model.layers.2.self_attn.indexer.k_cache
3607818554938255,3607818554942405,3607818555187186,3607818555678367,0,9,4248,4,model.layers.2.self_attn.attn
3607818555988718,3607818555993618,3607818556230319,3607818556848741,0,9,4248,128,model.layers.3.self_attn.attn
3607818557156442,3607818557161252,3607818557366022,3607818557932784,0,9,4248,1,model.layers.0.self_attn.swa_cache
3607818558223005,3607818558227435,3607818558424136,3607818558826937,0,9,4248,1,model.layers.1.self_attn.swa_cache
3607818559114038,3607818559118448,3607818559309828,3607818559702909,0,9,4248,1,model.layers.2.self_attn.compressor.state_cache
3607818559868180,3607818559872170,3607818560125571,3607818560545572,0,9,4248,1,model.layers.2.self_attn.indexer.compressor.state_cache
3607818560841003,3607818560887233,3607818561103534,3607818561535915,0,9,4248,1,model.layers.3.self_attn.compressor.state_cache
3607818996375221,3607818996802282,3607818997027133,3607818998823588,1,11,8096,4,model.layers.2.self_attn.indexer.k_cache
3607818999117349,3607818999121439,3607818999376040,3607818999865951,0,11,8096,4,model.layers.2.self_attn.attn
3607819000190282,3607819000195192,3607819000413943,3607819001022575,0,11,8096,128,model.layers.3.self_attn.attn
3607819001332616,3607819001337176,3607819001559606,3607819002171078,0,11,8096,1,model.layers.0.self_attn.swa_cache
3607819002475209,3607819002479869,3607819002697840,3607819003144281,0,11,8096,1,model.layers.1.self_attn.swa_cache
3607819003447032,3607819003451202,3607819003674923,3607819004111994,0,11,8096,1,model.layers.2.self_attn.compressor.state_cache
3607819004277885,3607819004281905,3607819004525636,3607819004952317,0,11,8096,1,model.layers.2.self_attn.indexer.compressor.state_cache
3607819005247768,3607819005296058,3607819005508809,3607819005934730,0,11,8096,1,model.layers.3.self_attn.compressor.state_cache
3607819465368681,3607819465791382,3607819466029593,3607819467835849,1,12,4600,4,model.layers.2.self_attn.indexer.k_cache
3607819468127649,3607819468131929,3607819468383850,3607819468870122,0,12,4600,4,model.layers.2.self_attn.attn
3607819469184873,3607819469189213,3607819469407853,3607819470021835,0,12,4600,128,model.layers.3.self_attn.attn
3607819470332976,3607819470337426,3607819470554877,3607819471174589,0,12,4600,1,model.layers.0.self_attn.swa_cache
3607819471480580,3607819471485040,3607819471700860,3607819472141922,0,12,4600,1,model.layers.1.self_attn.swa_cache
3607819472451533,3607819472456173,3607819472674133,3607819473130735,0,12,4600,1,model.layers.2.self_attn.compressor.state_cache
3607819473301405,3607819473305725,3607819473546146,3607819473982937,0,12,4600,1,model.layers.2.self_attn.indexer.compressor.state_cache
3607819474286718,3607819474341468,3607819474563819,3607819474992410,0,12,4600,1,model.layers.3.self_attn.compressor.state_cache
3607819900742048,3607819901449720,3607819901668971,3607819904045198,1,12,96,4,model.layers.2.self_attn.indexer.k_cache
3607819904333789,3607819904337849,3607819904583320,3607819905083311,0,12,96,4,model.layers.2.self_attn.attn
3607819905400052,3607819905404652,3607819905619693,3607819906338385,0,12,96,128,model.layers.3.self_attn.attn
3607819906659346,3607819906663926,3607819906881867,3607819907581979,0,12,96,1,model.layers.0.self_attn.swa_cache
3607819907894000,3607819907898380,3607819908135071,3607819908572012,0,12,96,1,model.layers.1.self_attn.swa_cache
3607819908877733,3607819908882373,3607819909098714,3607819909531855,0,12,96,1,model.layers.2.self_attn.compressor.state_cache
3607819909702446,3607819909706266,3607819909945296,3607819910372308,0,12,96,1,model.layers.2.self_attn.indexer.compressor.state_cache
3607819910706909,3607819910755089,3607819910969919,3607819911399491,0,12,96,1,model.layers.3.self_attn.compressor.state_cache
3607819966379860,3607819967108262,3607819967333153,3607819969701580,1,11,88,4,model.layers.2.self_attn.indexer.k_cache
3607819969952731,3607819969957351,3607819970239482,3607819970747273,0,11,88,4,model.layers.2.self_attn.attn
3607819971068514,3607819971073084,3607819971293405,3607819972037357,0,11,88,128,model.layers.3.self_attn.attn
3607819972367378,3607819972372078,3607819972593769,3607819973313101,0,11,88,1,model.layers.0.self_attn.swa_cache
3607819973630542,3607819973635122,3607819973852273,3607819974278994,0,11,88,1,model.layers.1.self_attn.swa_cache
3607819974588735,3607819974593355,3607819974805456,3607819975236457,0,11,88,1,model.layers.2.self_attn.compressor.state_cache
3607819975411187,3607819975415147,3607819975655668,3607819976098910,0,11,88,1,model.layers.2.self_attn.indexer.compressor.state_cache
3607819976411860,3607819976450011,3607819976667851,3607819977096503,0,11,88,1,model.layers.3.self_attn.compressor.state_cache
3607820030551417,3607820031246249,3607820031472230,3607820033892397,1,11,88,4,model.layers.2.self_attn.indexer.k_cache
3607820034135088,3607820034139148,3607820034389989,3607820034885220,0,11,88,4,model.layers.2.self_attn.attn
3607820035209211,3607820035213681,3607820035430032,3607820036068104,0,11,88,128,model.layers.3.self_attn.attn
3607820036389325,3607820036393395,3607820036616415,3607820037221087,0,11,88,1,model.layers.0.self_attn.swa_cache
3607820037536268,3607820037540798,3607820037757249,3607820038183960,0,11,88,1,model.layers.1.self_attn.swa_cache
3607820038495951,3607820038500311,3607820038719492,3607820039140213,0,11,88,1,model.layers.2.self_attn.compressor.state_cache
3607820039315084,3607820039319084,3607820039562514,3607820039991986,0,11,88,1,model.layers.2.self_attn.indexer.compressor.state_cache
3607820040313777,3607820040350607,3607820040572938,3607820041002049,0,11,88,1,model.layers.3.self_attn.compressor.state_cache
3607820093904421,3607820094562313,3607820094787844,3607820098536736,1,11,88,4,model.layers.2.self_attn.indexer.k_cache
3607820098773746,3607820098777716,3607820099023267,3607820099514049,0,11,88,4,model.layers.2.self_attn.attn
3607820099911470,3607820099916680,3607820100195101,3607820101023933,0,11,88,128,model.layers.3.self_attn.attn
3607820101401804,3607820101406954,3607820101658895,3607820102480588,0,11,88,1,model.layers.0.self_attn.swa_cache
3607820102856169,3607820102861259,3607820103111470,3607820103617761,0,11,88,1,model.layers.1.self_attn.swa_cache
3607820103973352,3607820103978322,3607820104248803,3607820104747595,0,11,88,1,model.layers.2.self_attn.compressor.state_cache
3607820104947175,3607820104951865,3607820105224956,3607820105721248,0,11,88,1,model.layers.2.self_attn.indexer.compressor.state_cache
3607820106073049,3607820106115469,3607820106365370,3607820106858531,0,11,88,1,model.layers.3.self_attn.compressor.state_cache
3607820159977384,3607820160694286,3607820160908257,3607820163093174,1,11,88,4,model.layers.2.self_attn.indexer.k_cache
3607820163318755,3607820163322805,3607820163569985,3607820164080017,0,11,88,4,model.layers.2.self_attn.attn
3607820164399588,3607820164403918,3607820164625839,3607820165236260,0,11,88,128,model.layers.3.self_attn.attn
3607820165555401,3607820165559661,3607820165778322,3607820166382984,0,11,88,1,model.layers.0.self_attn.swa_cache
3607820166697815,3607820166702125,3607820166919526,3607820167339607,0,11,88,1,model.layers.1.self_attn.swa_cache
3607820167653928,3607820167658388,3607820167873039,3607820168318300,0,11,88,1,model.layers.2.self_attn.compressor.state_cache
3607820168493310,3607820168497270,3607820168739421,3607820169166823,0,11,88,1,model.layers.2.self_attn.indexer.compressor.state_cache
3607820169478433,3607820169515444,3607820169731614,3607820170159376,0,11,88,1,model.layers.3.self_attn.compressor.state_cache
3607820224495842,3607820225211125,3607820225447165,3607820227811733,1,10,80,4,model.layers.2.self_attn.indexer.k_cache
3607820228085553,3607820228089793,3607820228336464,3607820228823996,0,10,80,4,model.layers.2.self_attn.attn
3607820229211627,3607820229216357,3607820229434518,3607820230163000,0,10,80,128,model.layers.3.self_attn.attn
3607820230488751,3607820230493311,3607820230710082,3607820231419464,0,10,80,1,model.layers.0.self_attn.swa_cache
3607820231741145,3607820231745735,3607820231963945,3607820232415067,0,10,80,1,model.layers.1.self_attn.swa_cache
3607820232730778,3607820232735358,3607820232952468,3607820233384630,0,10,80,1,model.layers.2.self_attn.compressor.state_cache
3607820233560650,3607820233564700,3607820233802781,3607820234226642,0,10,80,1,model.layers.2.self_attn.indexer.compressor.state_cache
3607820234537893,3607820234576183,3607820234794294,3607820235221775,0,10,80,1,model.layers.3.self_attn.compressor.state_cache
3607820294239467,3607820294645438,3607820294863699,3607820296633284,1,11,4264,4,model.layers.2.self_attn.indexer.k_cache
3607820296877415,3607820296881275,3607820297128236,3607820297622687,0,11,4264,4,model.layers.2.self_attn.attn
3607820297949358,3607820297953828,3607820298174089,3607820298790661,0,11,4264,128,model.layers.3.self_attn.attn
3607820299108782,3607820299113312,3607820299336012,3607820299946784,0,11,4264,1,model.layers.0.self_attn.swa_cache
3607820300281515,3607820300285795,3607820300504856,3607820300944757,0,11,4264,1,model.layers.1.self_attn.swa_cache
3607820301258588,3607820301262918,3607820301491319,3607820301918220,0,11,4264,1,model.layers.2.self_attn.compressor.state_cache
3607820302096251,3607820302099751,3607820302340992,3607820302772593,0,11,4264,1,model.layers.2.self_attn.indexer.compressor.state_cache
3607820303083284,3607820303123574,3607820303344645,3607820303779446,0,11,4264,1,model.layers.3.self_attn.compressor.state_cache
3607820730127625,3607820730810098,3607820731028708,3607820733470726,1,11,88,4,model.layers.2.self_attn.indexer.k_cache
3607820733765437,3607820733769407,3607820734012017,3607820734505429,0,11,88,4,model.layers.2.self_attn.attn
3607820734825920,3607820734830410,3607820735045591,3607820735756843,0,11,88,128,model.layers.3.self_attn.attn
3607820736089864,3607820736094794,3607820736316424,3607820737013047,0,11,88,1,model.layers.0.self_attn.swa_cache
3607820737322318,3607820737327058,3607820737541648,3607820737962950,0,11,88,1,model.layers.1.self_attn.swa_cache
3607820738265820,3607820738270190,3607820738482271,3607820738908242,0,11,88,1,model.layers.2.self_attn.compressor.state_cache
3607820739074523,3607820739078363,3607820739310944,3607820739734615,0,11,88,1,model.layers.2.self_attn.indexer.compressor.state_cache
3607820740046866,3607820740093326,3607820740308087,3607820740728358,0,11,88,1,model.layers.3.self_attn.compressor.state_cache
3607820799957690,3607820800397571,3607820800627792,3607820802413197,1,12,4272,4,model.layers.2.self_attn.indexer.k_cache
3607820802675048,3607820802679308,3607820802928119,3607820803420661,0,12,4272,4,model.layers.2.self_attn.attn
3607820803740702,3607820803745152,3607820803964582,3607820804593344,0,12,4272,128,model.layers.3.self_attn.attn
3607820804908815,3607820804913425,3607820805132766,3607820805736568,0,12,4272,1,model.layers.0.self_attn.swa_cache
3607820806047959,3607820806052339,3607820806268049,3607820806699161,0,12,4272,1,model.layers.1.self_attn.swa_cache
3607820807002272,3607820807006902,3607820807221562,3607820807644014,0,12,4272,1,model.layers.2.self_attn.compressor.state_cache
3607820807814394,3607820807818404,3607820808070055,3607820808498106,0,12,4272,1,model.layers.2.self_attn.indexer.compressor.state_cache
3607820808801167,3607820808844047,3607820809058418,3607820809476039,0,12,4272,1,model.layers.3.self_attn.compressor.state_cache
3607821224216973,3607821224884765,3607821225090686,3607821227159322,1,12,96,4,model.layers.2.self_attn.indexer.k_cache
3607821227463213,3607821227467703,3607821227712834,3607821228225375,0,12,96,4,model.layers.2.self_attn.attn
3607821228538086,3607821228542506,3607821228757777,3607821229363069,0,12,96,128,model.layers.3.self_attn.attn
3607821229674730,3607821229679180,3607821229896071,3607821230488622,0,12,96,1,model.layers.0.self_attn.swa_cache
3607821230828083,3607821230832533,3607821231042464,3607821231461705,0,12,96,1,model.layers.1.self_attn.swa_cache
3607821231765156,3607821231769646,3607821231980867,3607821232434918,0,12,96,1,model.layers.2.self_attn.compressor.state_cache
3607821232607569,3607821232611459,3607821232849960,3607821233272391,0,12,96,1,model.layers.2.self_attn.indexer.compressor.state_cache
3607821233581742,3607821233629512,3607821233860893,3607821234282534,0,12,96,1,model.layers.3.self_attn.compressor.state_cache
3607821289246883,3607821289913415,3607821290136446,3607821296383785,1,11,88,4,model.layers.2.self_attn.indexer.k_cache
3607821296650036,3607821296654136,3607821296903946,3607821297389148,0,11,88,4,model.layers.2.self_attn.attn
3607821297703759,3607821297708389,3607821297921709,3607821298983123,0,11,88,128,model.layers.3.self_attn.attn
3607821299481154,3607821299488534,3607821299832445,3607821300953939,0,11,88,1,model.layers.0.self_attn.swa_cache
3607821301443550,3607821301450700,3607821301790351,3607821302457323,0,11,88,1,model.layers.1.self_attn.swa_cache
3607821302932925,3607821302940005,3607821303272706,3607821303933968,0,11,88,1,model.layers.2.self_attn.compressor.state_cache
3607821304221829,3607821304228239,3607821304605470,3607821305261902,0,11,88,1,model.layers.2.self_attn.indexer.compressor.state_cache
3607821305734213,3607821305794144,3607821306130745,3607821306628076,0,11,88,1,model.layers.3.self_attn.compressor.state_cache
3607821359492979,3607821360147111,3607821360353331,3607821365207846,1,11,88,4,model.layers.2.self_attn.indexer.k_cache
3607821365446837,3607821365451197,3607821365713478,3607821366251689,0,11,88,4,model.layers.2.self_attn.attn
3607821366592780,3607821366597620,3607821366829961,3607821367595213,0,11,88,128,model.layers.3.self_attn.attn
3607821367944095,3607821367949085,3607821368206645,3607821368993518,0,11,88,1,model.layers.0.self_attn.swa_cache
3607821369341209,3607821369345979,3607821369579590,3607821370040401,0,11,88,1,model.layers.1.self_attn.swa_cache
3607821370377972,3607821370382652,3607821370616173,3607821371147894,0,11,88,1,model.layers.2.self_attn.compressor.state_cache
3607821371356685,3607821371361425,3607821371646196,3607821372178218,0,11,88,1,model.layers.2.self_attn.indexer.compressor.state_cache
3607821372546209,3607821372590479,3607821372846770,3607821373347771,0,11,88,1,model.layers.3.self_attn.compressor.state_cache
3607821426851705,3607821427513088,3607821427731838,3607821429987045,1,11,88,4,model.layers.2.self_attn.indexer.k_cache
3607821430204466,3607821430208526,3607821430453457,3607821430943938,0,11,88,4,model.layers.2.self_attn.attn
3607821431257669,3607821431262139,3607821431477640,3607821432204172,0,11,88,128,model.layers.3.self_attn.attn
3607821432524893,3607821432529303,3607821432747024,3607821433439306,0,11,88,1,model.layers.0.self_attn.swa_cache
3607821433751597,3607821433756137,3607821433971487,3607821434390509,0,11,88,1,model.layers.1.self_attn.swa_cache
3607821434697910,3607821434702640,3607821434913870,3607821435336202,0,11,88,1,model.layers.2.self_attn.compressor.state_cache
3607821435519912,3607821435523882,3607821435757173,3607821436191744,0,11,88,1,model.layers.2.self_attn.indexer.compressor.state_cache
3607821436499215,3607821436534965,3607821436747586,3607821437173087,0,11,88,1,model.layers.3.self_attn.compressor.state_cache
3607821489410058,3607821490059550,3607821490266810,3607821492619147,1,11,88,4,model.layers.2.self_attn.indexer.k_cache
3607821492833728,3607821492837708,3607821493081369,3607821493559920,0,11,88,4,model.layers.2.self_attn.attn
3607821493874191,3607821493878851,3607821494095792,3607821494803774,0,11,88,128,model.layers.3.self_attn.attn
3607821495125845,3607821495130475,3607821495348586,3607821496154748,0,11,88,1,model.layers.0.self_attn.swa_cache
3607821496476719,3607821496481459,3607821496699000,3607821497124561,0,11,88,1,model.layers.1.self_attn.swa_cache
3607821497430702,3607821497435172,3607821497651313,3607821498076864,0,11,88,1,model.layers.2.self_attn.compressor.state_cache
3607821498250595,3607821498254525,3607821498490976,3607821498916147,0,11,88,1,model.layers.2.self_attn.indexer.compressor.state_cache
3607821499250088,3607821499285898,3607821499498599,3607821499927220,0,11,88,1,model.layers.3.self_attn.compressor.state_cache
3607821558094539,3607821558494630,3607821558712151,3607821560443136,1,12,4272,4,model.layers.2.self_attn.indexer.k_cache
3607821560683737,3607821560687997,3607821560933677,3607821561421299,0,12,4272,4,model.layers.2.self_attn.attn
3607821561741110,3607821561745550,3607821561962020,3607821562577062,0,12,4272,128,model.layers.3.self_attn.attn
3607821562894663,3607821562899643,3607821563117494,3607821563723826,0,12,4272,1,model.layers.0.self_attn.swa_cache
3607821564106567,3607821564111517,3607821564337618,3607821564766129,0,12,4272,1,model.layers.1.self_attn.swa_cache
3607821565075390,3607821565079950,3607821565296061,3607821565722012,0,12,4272,1,model.layers.2.self_attn.compressor.state_cache
3607821565895683,3607821565899533,3607821566176543,3607821566613975,0,12,4272,1,model.layers.2.self_attn.indexer.compressor.state_cache
3607821566921276,3607821566963726,3607821567176937,3607821567604658,0,12,4272,1,model.layers.3.self_attn.compressor.state_cache
3607821986602065,3607821987271757,3607821987487038,3607821989597344,1,12,96,4,model.layers.2.self_attn.indexer.k_cache
3607821989886425,3607821989890785,3607821990133536,3607821990627747,0,12,96,4,model.layers.2.self_attn.attn
3607821990942568,3607821990947218,3607821991168029,3607821991783391,0,12,96,128,model.layers.3.self_attn.attn
3607821992146002,3607821992150552,3607821992365473,3607821992972764,0,12,96,1,model.layers.0.self_attn.swa_cache
3607821993283675,3607821993288345,3607821993499216,3607821993927597,0,12,96,1,model.layers.1.self_attn.swa_cache
3607821994229628,3607821994234488,3607821994446959,3607821994871380,0,12,96,1,model.layers.2.self_attn.compressor.state_cache
3607821995043201,3607821995047411,3607821995284892,3607821995715193,0,12,96,1,model.layers.2.self_attn.indexer.compressor.state_cache
3607821996028484,3607821996077774,3607821996295715,3607821996728776,0,12,96,1,model.layers.3.self_attn.compressor.state_cache
3607822055717017,3607822056381809,3607822056584580,3607822063369051,1,12,96,4,model.layers.2.self_attn.indexer.k_cache
3607822063605041,3607822063609051,3607822063855102,3607822064376064,0,12,96,4,model.layers.2.self_attn.attn
3607822064692595,3607822064697045,3607822064912205,3607822066133009,0,12,96,128,model.layers.3.self_attn.attn
3607822066722411,3607822066731031,3607822067132952,3607822068730187,0,12,96,1,model.layers.0.self_attn.swa_cache
3607822069308289,3607822069316079,3607822069720960,3607822070510643,0,12,96,1,model.layers.1.self_attn.swa_cache
3607822071072944,3607822071080924,3607822071481736,3607822072297398,0,12,96,1,model.layers.2.self_attn.compressor.state_cache
3607822072614729,3607822072621749,3607822073058380,3607822073549032,0,12,96,1,model.layers.2.self_attn.indexer.compressor.state_cache
3607822073851953,3607822073889003,3607822074103354,3607822074524855,0,12,96,1,model.layers.3.self_attn.compressor.state_cache
3607822127288327,3607822127973039,3607822128216520,3607822131421450,1,12,96,4,model.layers.2.self_attn.indexer.k_cache
3607822131656990,3607822131661310,3607822131904851,3607822132407853,0,12,96,4,model.layers.2.self_attn.attn
3607822132725614,3607822132730204,3607822132942294,3607822133553656,0,12,96,128,model.layers.3.self_attn.attn
3607822133868237,3607822133873157,3607822134089298,3607822134691940,0,12,96,1,model.layers.0.self_attn.swa_cache
3607822135001201,3607822135005491,3607822135221361,3607822135643863,0,12,96,1,model.layers.1.self_attn.swa_cache
3607822135952654,3607822135957074,3607822136185384,3607822136610986,0,12,96,1,model.layers.2.self_attn.compressor.state_cache
3607822136784106,3607822136787706,3607822137024467,3607822137453608,0,12,96,1,model.layers.2.self_attn.indexer.compressor.state_cache
3607822137756169,3607822137793919,3607822138008020,3607822138513932,0,12,96,1,model.layers.3.self_attn.compressor.state_cache
3607822192639438,3607822193317840,3607822193535871,3607822199325868,1,12,96,4,model.layers.2.self_attn.indexer.k_cache
3607822199611599,3607822199615919,3607822199851800,3607822200373442,0,12,96,4,model.layers.2.self_attn.attn
3607822200707823,3607822200712493,3607822200938063,3607822201652075,0,12,96,128,model.layers.3.self_attn.attn
3607822201979036,3607822201983806,3607822202205757,3607822202929319,0,12,96,1,model.layers.0.self_attn.swa_cache
3607822203450721,3607822203457661,3607822203784612,3607822204587314,0,12,96,1,model.layers.1.self_attn.swa_cache
3607822205054326,3607822205061046,3607822205386927,3607822206028169,0,12,96,1,model.layers.2.self_attn.compressor.state_cache
3607822206288780,3607822206294610,3607822206657611,3607822207307963,0,12,96,1,model.layers.2.self_attn.indexer.compressor.state_cache
3607822207772284,3607822207828284,3607822208178215,3607822208833618,0,12,96,1,model.layers.3.self_attn.compressor.state_cache
3607822262968044,3607822263651906,3607822263874917,3607822267348337,1,12,96,4,model.layers.2.self_attn.indexer.k_cache
3607822267589198,3607822267593228,3607822267836199,3607822268487591,0,12,96,4,model.layers.2.self_attn.attn
3607822268832562,3607822268837112,3607822269072973,3607822269845435,0,12,96,128,model.layers.3.self_attn.attn
3607822270191906,3607822270196686,3607822270429107,3607822271195459,0,12,96,1,model.layers.0.self_attn.swa_cache
3607822271541450,3607822271546410,3607822271780231,3607822272252142,0,12,96,1,model.layers.1.self_attn.swa_cache
3607822272586773,3607822272591653,3607822272824844,3607822273279095,0,12,96,1,model.layers.2.self_attn.compressor.state_cache
3607822273467396,3607822273471486,3607822273730777,3607822274182978,0,12,96,1,model.layers.2.self_attn.indexer.compressor.state_cache
3607822274512649,3607822274553269,3607822274785040,3607822275241091,0,12,96,1,model.layers.3.self_attn.compressor.state_cache
3607822328563645,3607822329216697,3607822329426908,3607822335180106,1,12,96,4,model.layers.2.self_attn.indexer.k_cache
3607822335443956,3607822335448046,3607822335699017,3607822336245949,0,12,96,4,model.layers.2.self_attn.attn
3607822336576250,3607822336580990,3607822336813321,3607822337442673,0,12,96,128,model.layers.3.self_attn.attn
3607822337762964,3607822337767574,3607822337985084,3607822338593306,0,12,96,1,model.layers.0.self_attn.swa_cache
3607822338908237,3607822338913027,3607822339127088,3607822339550749,0,12,96,1,model.layers.1.self_attn.swa_cache
3607822339860230,3607822339864840,3607822340089991,3607822340518612,0,12,96,1,model.layers.2.self_attn.compressor.state_cache
3607822340691663,3607822340695773,3607822340935973,3607822341356485,0,12,96,1,model.layers.2.self_attn.indexer.compressor.state_cache
3607822341663656,3607822341702656,3607822341915506,3607822342345488,0,12,96,1,model.layers.3.self_attn.compressor.state_cache
3607822395373791,3607822396033763,3607822396241173,3607822402519822,1,12,96,4,model.layers.2.self_attn.indexer.k_cache
3607822402738493,3607822402742553,3607822402987284,3607822403478725,0,12,96,4,model.layers.2.self_attn.attn
3607822403796786,3607822403801386,3607822404037337,3607822404762179,0,12,96,128,model.layers.3.self_attn.attn
3607822405086330,3607822405091240,3607822405309441,3607822406033963,0,12,96,1,model.layers.0.self_attn.swa_cache
3607822406346504,3607822406351284,3607822406564265,3607822407020976,0,12,96,1,model.layers.1.self_attn.swa_cache
3607822407329497,3607822407333967,3607822407551358,3607822407980779,0,12,96,1,model.layers.2.self_attn.compressor.state_cache
3607822408164100,3607822408168180,3607822408407841,3607822408833072,0,12,96,1,model.layers.2.self_attn.indexer.compressor.state_cache
3607822409138433,3607822409174983,3607822409389154,3607822409816445,0,12,96,1,model.layers.3.self_attn.compressor.state_cache
3607822462543247,3607822463179449,3607822463384039,3607822469189207,1,12,96,4,model.layers.2.self_attn.indexer.k_cache
3607822469405598,3607822469409678,3607822469653569,3607822470140840,0,12,96,4,model.layers.2.self_attn.attn
3607822470455811,3607822470460371,3607822470678432,3607822471398334,0,12,96,128,model.layers.3.self_attn.attn
3607822471750995,3607822471755635,3607822472071526,3607822473177760,0,12,96,1,model.layers.0.self_attn.swa_cache
3607822473658561,3607822473665501,3607822473993952,3607822474652144,0,12,96,1,model.layers.1.self_attn.swa_cache
3607822475122115,3607822475128595,3607822475454086,3607822476125959,0,12,96,1,model.layers.2.self_attn.compressor.state_cache
3607822476383649,3607822476389679,3607822476753260,3607822477395022,0,12,96,1,model.layers.2.self_attn.indexer.compressor.state_cache
3607822477860704,3607822477913664,3607822478242405,3607822478894697,0,12,96,1,model.layers.3.self_attn.compressor.state_cache
3607822531687019,3607822532372841,3607822532579452,3607822536793715,1,12,96,4,model.layers.2.self_attn.indexer.k_cache
3607822537012786,3607822537016996,3607822537362597,3607822537976249,0,12,96,4,model.layers.2.self_attn.attn
3607822538378090,3607822538383880,3607822538659891,3607822539574993,0,12,96,128,model.layers.3.self_attn.attn
3607822539979045,3607822539985035,3607822540295716,3607822541206198,0,12,96,1,model.layers.0.self_attn.swa_cache
3607822541605300,3607822541610660,3607822541883121,3607822542436672,0,12,96,1,model.layers.1.self_attn.swa_cache
3607822542825123,3607822542831353,3607822543102724,3607822543645846,0,12,96,1,model.layers.2.self_attn.compressor.state_cache
3607822543861757,3607822543866397,3607822544187848,3607822544730149,0,12,96,1,model.layers.2.self_attn.indexer.compressor.state_cache
3607822545114250,3607822545161601,3607822545524692,3607822545960003,0,12,96,1,model.layers.3.self_attn.compressor.state_cache
3607822602224126,3607822602896788,3607822603109789,3607822605358946,1,12,96,4,model.layers.2.self_attn.indexer.k_cache
3607822605589296,3607822605593036,3607822605835407,3607822606321198,0,12,96,4,model.layers.2.self_attn.attn
3607822606633139,3607822606637329,3607822606852160,3607822607576082,0,12,96,128,model.layers.3.self_attn.attn
3607822607892093,3607822607896633,3607822608138864,3607822608843486,0,12,96,1,model.layers.0.self_attn.swa_cache
3607822609157177,3607822609161487,3607822609371788,3607822609794599,0,12,96,1,model.layers.1.self_attn.swa_cache
3607822610097650,3607822610102290,3607822610313801,3607822610737332,0,12,96,1,model.layers.2.self_attn.compressor.state_cache
3607822610905613,3607822610909423,3607822611147943,3607822611568985,0,12,96,1,model.layers.2.self_attn.indexer.compressor.state_cache
3607822611868996,3607822611905156,3607822612131156,3607822612556468,0,12,96,1,model.layers.3.self_attn.compressor.state_cache
3607822666026752,3607822666670144,3607822666877845,3607822673731896,1,12,96,4,model.layers.2.self_attn.indexer.k_cache
3607822673936676,3607822673940556,3607822674182537,3607822675049840,0,12,96,4,model.layers.2.self_attn.attn
3607822675650971,3607822675659751,3607822676104963,3607822677486977,0,12,96,128,model.layers.3.self_attn.attn
3607822678100899,3607822678109569,3607822678524260,3607822679900675,0,12,96,1,model.layers.0.self_attn.swa_cache
3607822680526556,3607822680535116,3607822680947768,3607822681767520,0,12,96,1,model.layers.1.self_attn.swa_cache
3607822682373192,3607822682377512,3607822682590483,3607822683015604,0,12,96,1,model.layers.2.self_attn.compressor.state_cache
3607822683184985,3607822683188595,3607822683426325,3607822683852177,0,12,96,1,model.layers.2.self_attn.indexer.compressor.state_cache
3607822684169138,3607822684204018,3607822684418838,3607822684847110,0,12,96,1,model.layers.3.self_attn.compressor.state_cache
3607822737203161,3607822737848683,3607822738050803,3607822742245956,1,12,96,4,model.layers.2.self_attn.indexer.k_cache
3607822742455287,3607822742459477,3607822742703477,3607822743192869,0,12,96,4,model.layers.2.self_attn.attn
3607822743509570,3607822743514290,3607822743728601,3607822744348813,0,12,96,128,model.layers.3.self_attn.attn
3607822744668263,3607822744672723,3607822744893644,3607822745491206,0,12,96,1,model.layers.0.self_attn.swa_cache
3607822745804017,3607822745808847,3607822746022448,3607822746442819,0,12,96,1,model.layers.1.self_attn.swa_cache
3607822746748390,3607822746752890,3607822747014671,3607822747547542,0,12,96,1,model.layers.2.self_attn.compressor.state_cache
3607822747795623,3607822747800393,3607822748120924,3607822748652536,0,12,96,1,model.layers.2.self_attn.indexer.compressor.state_cache
3607822749045747,3607822749091377,3607822749361038,3607822749893660,0,12,96,1,model.layers.3.self_attn.compressor.state_cache
3607822803022863,3607822803673835,3607822803878145,3607822809723973,1,12,96,4,model.layers.2.self_attn.indexer.k_cache
3607822809929914,3607822809934024,3607822810176265,3607822810671666,0,12,96,4,model.layers.2.self_attn.attn
3607822810990397,3607822810994737,3607822811207518,3607822811926820,0,12,96,128,model.layers.3.self_attn.attn
3607822812432752,3607822812440282,3607822812778093,3607822813934006,0,12,96,1,model.layers.0.self_attn.swa_cache
3607822814424588,3607822814431398,3607822814770019,3607822815442281,0,12,96,1,model.layers.1.self_attn.swa_cache
3607822815936932,3607822815944002,3607822816300384,3607822816970476,0,12,96,1,model.layers.2.self_attn.compressor.state_cache
3607822817235476,3607822817241456,3607822817620608,3607822818285920,0,12,96,1,model.layers.2.self_attn.indexer.compressor.state_cache
3607822818759731,3607822818816901,3607822819151342,3607822819816004,0,12,96,1,model.layers.3.self_attn.compressor.state_cache
3607822872450486,3607822873097118,3607822873313389,3607822877498532,1,12,96,4,model.layers.2.self_attn.indexer.k_cache
3607822877782452,3607822877787242,3607822878084603,3607822878686355,0,12,96,4,model.layers.2.self_attn.attn
3607822879066816,3607822879072036,3607822879331077,3607822880076379,0,12,96,128,model.layers.3.self_attn.attn
3607822880458101,3607822880463561,3607822880724031,3607822881447144,0,12,96,1,model.layers.0.self_attn.swa_cache
3607822881825485,3607822881830675,3607822882089356,3607822882611047,0,12,96,1,model.layers.1.self_attn.swa_cache
3607822882981818,3607822882987278,3607822883244589,3607822883749951,0,12,96,1,model.layers.2.self_attn.compressor.state_cache
3607822883953931,3607822883958481,3607822884258922,3607822884781664,0,12,96,1,model.layers.2.self_attn.indexer.compressor.state_cache
3607822885085165,3607822885123145,3607822885336466,3607822885756297,0,12,96,1,model.layers.3.self_attn.compressor.state_cache
3607822938816240,3607822939483902,3607822939704393,3607822946172723,1,12,96,4,model.layers.2.self_attn.indexer.k_cache
3607822946438033,3607822946441963,3607822946687684,3607822947185006,0,12,96,4,model.layers.2.self_attn.attn
3607822947498017,3607822947502367,3607822947709777,3607822948432949,0,12,96,128,model.layers.3.self_attn.attn
3607822948749490,3607822948754010,3607822948967831,3607822949876754,0,12,96,1,model.layers.0.self_attn.swa_cache
3607822950390375,3607822950397675,3607822950757367,3607822951469339,0,12,96,1,model.layers.1.self_attn.swa_cache
3607822951972280,3607822951978900,3607822952351761,3607822953062214,0,12,96,1,model.layers.2.self_attn.compressor.state_cache
3607822953339595,3607822953346135,3607822953739986,3607822954441298,0,12,96,1,model.layers.2.self_attn.indexer.compressor.state_cache
3607822954942829,3607822955006060,3607822955363031,3607822956083043,0,12,96,1,model.layers.3.self_attn.compressor.state_cache
3607823009786838,3607823010439750,3607823010669821,3607823014463362,1,12,96,4,model.layers.2.self_attn.indexer.k_cache
3607823014705933,3607823014710173,3607823015026274,3607823015616466,0,12,96,4,model.layers.2.self_attn.attn
3607823015992677,3607823015997847,3607823016286228,3607823017014500,0,12,96,128,model.layers.3.self_attn.attn
3607823017384051,3607823017389331,3607823017645592,3607823018366444,0,12,96,1,model.layers.0.self_attn.swa_cache
3607823018731875,3607823018736905,3607823019001176,3607823019511308,0,12,96,1,model.layers.1.self_attn.swa_cache
3607823019868709,3607823019873879,3607823020134890,3607823020639111,0,12,96,1,model.layers.2.self_attn.compressor.state_cache
3607823020841012,3607823020845332,3607823021136763,3607823021646564,0,12,96,1,model.layers.2.self_attn.indexer.compressor.state_cache
3607823022006065,3607823022052276,3607823022316706,3607823022821558,0,12,96,1,model.layers.3.self_attn.compressor.state_cache
3607823075509990,3607823076181042,3607823076393073,3607823082477231,1,11,88,4,model.layers.2.self_attn.indexer.k_cache
3607823082769302,3607823082773942,3607823083057353,3607823083619655,0,11,88,4,model.layers.2.self_attn.attn
3607823083985136,3607823083990416,3607823084261837,3607823085079679,0,11,88,128,model.layers.3.self_attn.attn
3607823085447540,3607823085452410,3607823085700091,3607823086511964,0,11,88,1,model.layers.0.self_attn.swa_cache
3607823086873765,3607823086879005,3607823087126106,3607823087680937,0,11,88,1,model.layers.1.self_attn.swa_cache
3607823088092998,3607823088098688,3607823088373949,3607823088925111,0,11,88,1,model.layers.2.self_attn.compressor.state_cache
3607823089148682,3607823089153742,3607823089462173,3607823090013654,0,11,88,1,model.layers.2.self_attn.indexer.compressor.state_cache
3607823090411396,3607823090460546,3607823090740507,3607823091290498,0,11,88,1,model.layers.3.self_attn.compressor.state_cache
3607823145924246,3607823146611218,3607823146827519,3607823149134976,1,11,88,4,model.layers.2.self_attn.indexer.k_cache
3607823149381557,3607823149385667,3607823149630918,3607823150112689,0,11,88,4,model.layers.2.self_attn.attn
3607823150430220,3607823150434580,3607823150652121,3607823151380263,0,11,88,128,model.layers.3.self_attn.attn
3607823151699674,3607823151703954,3607823151921355,3607823152677837,0,11,88,1,model.layers.0.self_attn.swa_cache
3607823152992798,3607823152997088,3607823153209869,3607823153635300,0,11,88,1,model.layers.1.self_attn.swa_cache
3607823153941331,3607823153945791,3607823154160501,3607823154588353,0,11,88,1,model.layers.2.self_attn.compressor.state_cache
3607823154756483,3607823154760423,3607823155003574,3607823155420045,0,11,88,1,model.layers.2.self_attn.indexer.compressor.state_cache
3607823155727716,3607823155767946,3607823155982647,3607823156423318,0,11,88,1,model.layers.3.self_attn.compressor.state_cache
3607823209560732,3607823210206254,3607823210415874,3607823214942078,1,11,88,4,model.layers.2.self_attn.indexer.k_cache
3607823215181109,3607823215185199,3607823215426500,3607823215916021,0,11,88,4,model.layers.2.self_attn.attn
3607823216257052,3607823216261592,3607823216479843,3607823217325485,0,11,88,128,model.layers.3.self_attn.attn
3607823217721607,3607823217727177,3607823217998188,3607823218888290,0,11,88,1,model.layers.0.self_attn.swa_cache
3607823219282521,3607823219287802,3607823219566022,3607823220119324,0,11,88,1,model.layers.1.self_attn.swa_cache
3607823220505785,3607823220511285,3607823220785736,3607823221330018,0,11,88,1,model.layers.2.self_attn.compressor.state_cache
3607823221544238,3607823221549528,3607823221851199,3607823222387161,0,11,88,1,model.layers.2.self_attn.indexer.compressor.state_cache
3607823222773992,3607823222822032,3607823223093633,3607823223622215,0,11,88,1,model.layers.3.self_attn.compressor.state_cache
3607823276414267,3607823277068689,3607823277279680,3607823282177135,1,11,88,4,model.layers.2.self_attn.indexer.k_cache
3607823282489986,3607823282495216,3607823282814957,3607823283445049,0,11,88,4,model.layers.2.self_attn.attn
3607823283853360,3607823283858820,3607823284168321,3607823285116624,0,11,88,128,model.layers.3.self_attn.attn
3607823285528425,3607823285534275,3607823285812846,3607823286725109,0,11,88,1,model.layers.0.self_attn.swa_cache
3607823287130530,3607823287136010,3607823287416621,3607823287968762,0,11,88,1,model.layers.1.self_attn.swa_cache
3607823288384604,3607823288390184,3607823288665525,3607823289225806,0,11,88,1,model.layers.2.self_attn.compressor.state_cache
3607823289443577,3607823289448587,3607823289754958,3607823290333170,0,11,88,1,model.layers.2.self_attn.indexer.compressor.state_cache
3607823290643971,3607823290681341,3607823290893321,3607823291314203,0,11,88,1,model.layers.3.self_attn.compressor.state_cache
3607823343770504,3607823344465346,3607823344677107,3607823347676796,1,11,88,4,model.layers.2.self_attn.indexer.k_cache
3607823347902087,3607823347906237,3607823348188357,3607823348704769,0,11,88,4,model.layers.2.self_attn.attn
3607823349035860,3607823349040320,3607823349265191,3607823350009503,0,11,88,128,model.layers.3.self_attn.attn
3607823350368264,3607823350372694,3607823350598815,3607823351334907,0,11,88,1,model.layers.0.self_attn.swa_cache
3607823351659288,3607823351663878,3607823351887969,3607823352356820,0,11,88,1,model.layers.1.self_attn.swa_cache
3607823352676271,3607823352680491,3607823352901212,3607823353348373,0,11,88,1,model.layers.2.self_attn.compressor.state_cache
3607823353525114,3607823353529064,3607823353775255,3607823354211906,0,11,88,1,model.layers.2.self_attn.indexer.compressor.state_cache
3607823354525867,3607823354563247,3607823354783278,3607823355266819,0,11,88,1,model.layers.3.self_attn.compressor.state_cache
3607823420697880,3607823421144302,3607823421378942,3607823423227728,1,10,4256,4,model.layers.2.self_attn.indexer.k_cache
3607823423521929,3607823423526019,3607823423769620,3607823424263991,0,10,4256,4,model.layers.2.self_attn.attn
3607823424586022,3607823424590692,3607823424806033,3607823425423155,0,10,4256,128,model.layers.3.self_attn.attn
3607823425737606,3607823425741686,3607823425960976,3607823426564448,0,10,4256,1,model.layers.0.self_attn.swa_cache
3607823426875199,3607823426879689,3607823427096960,3607823427517221,0,10,4256,1,model.layers.1.self_attn.swa_cache
3607823427822562,3607823427826922,3607823428053123,3607823428489184,0,10,4256,1,model.layers.2.self_attn.compressor.state_cache
3607823428658175,3607823428662015,3607823428897525,3607823429326747,0,10,4256,1,model.layers.2.self_attn.indexer.compressor.state_cache
3607823429627508,3607823429670518,3607823429889038,3607823430315140,0,10,4256,1,model.layers.3.self_attn.compressor.state_cache
3607823857058371,3607823857733533,3607823857948873,3607823862626348,1,9,72,4,model.layers.2.self_attn.indexer.k_cache
3607823862906749,3607823862910719,3607823863156479,3607823863642601,0,9,72,4,model.layers.2.self_attn.attn
3607823863956852,3607823863961332,3607823864199103,3607823864916825,0,9,72,128,model.layers.3.self_attn.attn
3607823865241656,3607823865246456,3607823865466047,3607823866221989,0,9,72,1,model.layers.0.self_attn.swa_cache
3607823866613260,3607823866619090,3607823866889661,3607823867435553,0,9,72,1,model.layers.1.self_attn.swa_cache
3607823867816414,3607823867821924,3607823868103985,3607823868636086,0,9,72,1,model.layers.2.self_attn.compressor.state_cache
3607823868846157,3607823868850707,3607823869150128,3607823869683180,0,9,72,1,model.layers.2.self_attn.indexer.compressor.state_cache
3607823870061011,3607823870118891,3607823870391472,3607823870916733,0,9,72,1,model.layers.3.self_attn.compressor.state_cache
3607823941893901,3607823942338573,3607823942575483,3607823944704080,1,10,8096,4,model.layers.2.self_attn.indexer.k_cache
3607823945005311,3607823945009141,3607823945253772,3607823945739043,0,10,8096,4,model.layers.2.self_attn.attn
3607823946055264,3607823946059404,3607823946277235,3607823946994287,0,10,8096,128,model.layers.3.self_attn.attn
3607823947307278,3607823947311648,3607823947534479,3607823948256341,0,10,8096,1,model.layers.0.self_attn.swa_cache
3607823948568652,3607823948572942,3607823948787203,3607823949216404,0,10,8096,1,model.layers.1.self_attn.swa_cache
3607823949518595,3607823949523095,3607823949736645,3607823950154887,0,10,8096,1,model.layers.2.self_attn.compressor.state_cache
3607823950322147,3607823950326107,3607823950562008,3607823950983399,0,10,8096,1,model.layers.2.self_attn.indexer.compressor.state_cache
3607823951283180,3607823951326060,3607823951543081,3607823951968242,0,10,8096,1,model.layers.3.self_attn.compressor.state_cache
3607824422387178,3607824422972669,3607824423355221,3607824425346827,1,11,4584,4,model.layers.2.self_attn.indexer.k_cache
3607824425624967,3607824425629317,3607824425873568,3607824426355030,0,11,4584,4,model.layers.2.self_attn.attn
3607824426667751,3607824426672221,3607824426891461,3607824427605284,0,11,4584,128,model.layers.3.self_attn.attn
3607824427914565,3607824427919315,3607824428136525,3607824428848137,0,11,4584,1,model.layers.0.self_attn.swa_cache
3607824429160088,3607824429164978,3607824429385319,3607824429816870,0,11,4584,1,model.layers.1.self_attn.swa_cache
3607824430149331,3607824430154021,3607824430494012,3607824430925584,0,11,4584,1,model.layers.2.self_attn.compressor.state_cache
3607824431093674,3607824431097784,3607824431337365,3607824431770936,0,11,4584,1,model.layers.2.self_attn.indexer.compressor.state_cache
3607824432081617,3607824432135857,3607824432466298,3607824432897950,0,11,4584,1,model.layers.3.self_attn.compressor.state_cache
3607824877004184,3607824877477756,3607824877716076,3607824879539682,1,12,4272,4,model.layers.2.self_attn.indexer.k_cache
3607824879874913,3607824879879393,3607824880142454,3607824880632155,0,12,4272,4,model.layers.2.self_attn.attn
3607824880944896,3607824880949556,3607824881165117,3607824881766679,0,12,4272,128,model.layers.3.self_attn.attn
3607824882077620,3607824882082410,3607824882298930,3607824882903702,0,12,4272,1,model.layers.0.self_attn.swa_cache
3607824883203173,3607824883207733,3607824883424894,3607824883843425,0,12,4272,1,model.layers.1.self_attn.swa_cache
3607824884150416,3607824884154896,3607824884369177,3607824884789928,0,12,4272,1,model.layers.2.self_attn.compressor.state_cache
3607824884955339,3607824884959519,3607824885197259,3607824885613581,0,12,4272,1,model.layers.2.self_attn.indexer.compressor.state_cache
3607824885906852,3607824885961322,3607824886178662,3607824886592344,0,12,4272,1,model.layers.3.self_attn.compressor.state_cache
3607825298568349,3607825299235881,3607825299446362,3607825306393423,1,11,88,4,model.layers.2.self_attn.indexer.k_cache
3607825306762245,3607825306767655,3607825307088786,3607825307725148,0,11,88,4,model.layers.2.self_attn.attn
3607825308148279,3607825308154019,3607825308433840,3607825309357113,0,11,88,128,model.layers.3.self_attn.attn
3607825309760474,3607825309766174,3607825310046455,3607825310946637,0,11,88,1,model.layers.0.self_attn.swa_cache
3607825311338959,3607825311344349,3607825311660590,3607825312192491,0,11,88,1,model.layers.1.self_attn.swa_cache
3607825312558382,3607825312564132,3607825312820113,3607825313341625,0,11,88,1,model.layers.2.self_attn.compressor.state_cache
3607825313543395,3607825313547975,3607825313832236,3607825314339438,0,11,88,1,model.layers.2.self_attn.indexer.compressor.state_cache
3607825314697529,3607825314755159,3607825315016340,3607825315521902,0,11,88,1,model.layers.3.self_attn.compressor.state_cache
3607825379632768,3607825380082640,3607825380321091,3607825382171116,1,11,4264,4,model.layers.2.self_attn.indexer.k_cache
3607825382465437,3607825382469887,3607825382717888,3607825383214259,0,11,4264,4,model.layers.2.self_attn.attn
3607825383536790,3607825383541430,3607825383758121,3607825384394093,0,11,4264,128,model.layers.3.self_attn.attn
3607825384703944,3607825384708284,3607825384957715,3607825385565067,0,11,4264,1,model.layers.0.self_attn.swa_cache
3607825385877078,3607825385881608,3607825386100398,3607825386530350,0,11,4264,1,model.layers.1.self_attn.swa_cache
3607825386838161,3607825386842381,3607825387058251,3607825387484673,0,11,4264,1,model.layers.2.self_attn.compressor.state_cache
3607825387654093,3607825387658413,3607825387901414,3607825388350255,0,11,4264,1,model.layers.2.self_attn.indexer.compressor.state_cache
3607825388652736,3607825388695556,3607825388917837,3607825389347688,0,11,4264,1,model.layers.3.self_attn.compressor.state_cache
3607825816961382,3607825817624684,3607825817832835,3607825828107886,1,11,88,4,model.layers.2.self_attn.indexer.k_cache
3607825828475978,3607825828481388,3607825828816279,3607825829488141,0,11,88,4,model.layers.2.self_attn.attn
3607825830097682,3607825830107623,3607825830599074,3607825831980428,0,11,88,128,model.layers.3.self_attn.attn
3607825832703151,3607825832713071,3607825833201072,3607825834563946,0,11,88,1,model.layers.0.self_attn.swa_cache
3607825835246148,3607825835256568,3607825835742400,3607825836722283,0,11,88,1,model.layers.1.self_attn.swa_cache
3607825837395695,3607825837404815,3607825837978377,3607825838419518,0,11,88,1,model.layers.2.self_attn.compressor.state_cache
3607825838589499,3607825838593519,3607825838831549,3607825839255401,0,11,88,1,model.layers.2.self_attn.indexer.compressor.state_cache
3607825839587892,3607825839635312,3607825839860252,3607825840299584,0,11,88,1,model.layers.3.self_attn.compressor.state_cache
3607825903301557,3607825903731759,3607825903967369,3607825905843855,1,11,4264,4,model.layers.2.self_attn.indexer.k_cache
3607825906128856,3607825906132646,3607825906378887,3607825906854218,0,11,4264,4,model.layers.2.self_attn.attn
3607825907169939,3607825907174389,3607825907391460,3607825908011622,0,11,4264,128,model.layers.3.self_attn.attn
3607825908323413,3607825908327813,3607825908545354,3607825909143885,0,11,4264,1,model.layers.0.self_attn.swa_cache
3607825909448546,3607825909453086,3607825909670107,3607825910087218,0,11,4264,1,model.layers.1.self_attn.swa_cache
3607825910386509,3607825910390809,3607825910608310,3607825911026651,0,11,4264,1,model.layers.2.self_attn.compressor.state_cache
3607825911191832,3607825911195472,3607825911433252,3607825911848244,0,11,4264,1,model.layers.2.self_attn.indexer.compressor.state_cache
3607825912158855,3607825912203345,3607825912418335,3607825912835797,0,11,4264,1,model.layers.3.self_attn.compressor.state_cache
3607826328204923,3607826328877275,3607826329099556,3607826332676287,1,11,88,4,model.layers.2.self_attn.indexer.k_cache
3607826332966388,3607826332970418,3607826333214728,3607826333709040,0,11,88,4,model.layers.2.self_attn.attn
3607826334023611,3607826334028111,3607826334243022,3607826334949554,0,11,88,128,model.layers.3.self_attn.attn
3607826335262425,3607826335266855,3607826335483085,3607826336211838,0,11,88,1,model.layers.0.self_attn.swa_cache
3607826336520579,3607826336525109,3607826336741649,3607826337168920,0,11,88,1,model.layers.1.self_attn.swa_cache
3607826337467721,3607826337472101,3607826337685752,3607826338117313,0,11,88,1,model.layers.2.self_attn.compressor.state_cache
3607826338282344,3607826338286074,3607826338522455,3607826339016876,0,11,88,1,model.layers.2.self_attn.indexer.compressor.state_cache
3607826339344427,3607826339396797,3607826339639478,3607826340122090,0,11,88,1,model.layers.3.self_attn.compressor.state_cache
3607826398907830,3607826399300051,3607826399518462,3607826401355628,1,12,4272,4,model.layers.2.self_attn.indexer.k_cache
3607826401684479,3607826401688509,3607826401938730,3607826402421201,0,12,4272,4,model.layers.2.self_attn.attn
3607826402740242,3607826402744572,3607826402967933,3607826403586705,0,12,4272,128,model.layers.3.self_attn.attn
3607826403900786,3607826403905116,3607826404144026,3607826404755658,0,12,4272,1,model.layers.0.self_attn.swa_cache
3607826405064689,3607826405068919,3607826405286930,3607826405718381,0,12,4272,1,model.layers.1.self_attn.swa_cache
3607826406023312,3607826406027272,3607826406244623,3607826406666474,0,12,4272,1,model.layers.2.self_attn.compressor.state_cache
3607826406835555,3607826406839315,3607826407080425,3607826407501857,0,12,4272,1,model.layers.2.self_attn.indexer.compressor.state_cache
3607826407802198,3607826407840988,3607826408070778,3607826408472040,0,12,4272,1,model.layers.3.self_attn.compressor.state_cache
3607826832993894,3607826833683656,3607826833903577,3607826838770852,1,12,96,4,model.layers.2.self_attn.indexer.k_cache
3607826839051483,3607826839055553,3607826839309663,3607826839805795,0,12,96,4,model.layers.2.self_attn.attn
3607826840134906,3607826840139436,3607826840354767,3607826840976689,0,12,96,128,model.layers.3.self_attn.attn
3607826841285699,3607826841290239,3607826841523830,3607826842149722,0,12,96,1,model.layers.0.self_attn.swa_cache
3607826842460103,3607826842464483,3607826842684204,3607826843124675,0,12,96,1,model.layers.1.self_attn.swa_cache
3607826843431816,3607826843436776,3607826843653577,3607826844100258,0,12,96,1,model.layers.2.self_attn.compressor.state_cache
3607826844270879,3607826844274659,3607826844514739,3607826844944311,0,12,96,1,model.layers.2.self_attn.indexer.compressor.state_cache
3607826845244162,3607826845295552,3607826845513072,3607826845945944,0,12,96,1,model.layers.3.self_attn.compressor.state_cache
3607826903516681,3607826904224613,3607826904445854,3607826910997234,1,12,96,4,model.layers.2.self_attn.indexer.k_cache
3607826911283255,3607826911287575,3607826911554535,3607826912106107,0,12,96,4,model.layers.2.self_attn.attn
3607826912481778,3607826912486698,3607826912721799,3607826913400551,0,12,96,128,model.layers.3.self_attn.attn
3607826913735302,3607826913740382,3607826913989493,3607826914635665,0,12,96,1,model.layers.0.self_attn.swa_cache
3607826914964236,3607826914969676,3607826915201727,3607826915659428,0,12,96,1,model.layers.1.self_attn.swa_cache
3607826915982969,3607826915987699,3607826916230800,3607826916688321,0,12,96,1,model.layers.2.self_attn.compressor.state_cache
3607826916867782,3607826916871802,3607826917132633,3607826917653244,0,12,96,1,model.layers.2.self_attn.indexer.compressor.state_cache
3607826917991855,3607826918037585,3607826918283226,3607826918769298,0,12,96,1,model.layers.3.self_attn.compressor.state_cache
3607826973855257,3607826974526259,3607826974777200,3607826978643032,1,11,88,4,model.layers.2.self_attn.indexer.k_cache
3607826978902202,3607826978906442,3607826979152183,3607826979640245,0,11,88,4,model.layers.2.self_attn.attn
3607826979950206,3607826979954596,3607826980187526,3607826980897168,0,11,88,128,model.layers.3.self_attn.attn
3607826981209839,3607826981214149,3607826981428870,3607826982144192,0,11,88,1,model.layers.0.self_attn.swa_cache
3607826982506203,3607826982510933,3607826982748074,3607826983219106,0,11,88,1,model.layers.1.self_attn.swa_cache
3607826983553167,3607826983557967,3607826983794857,3607826984279109,0,11,88,1,model.layers.2.self_attn.compressor.state_cache
3607826984463669,3607826984467969,3607826984728350,3607826985202092,0,11,88,1,model.layers.2.self_attn.indexer.compressor.state_cache
3607826985530363,3607826985573783,3607826985832014,3607826986314185,0,11,88,1,model.layers.3.self_attn.compressor.state_cache
3607827040581532,3607827041294254,3607827041512405,3607827043814492,1,10,80,4,model.layers.2.self_attn.indexer.k_cache
3607827044081123,3607827044085103,3607827044330883,3607827044821655,0,10,80,4,model.layers.2.self_attn.attn
3607827045130966,3607827045135136,3607827045347556,3607827046055609,0,10,80,128,model.layers.3.self_attn.attn
3607827046365610,3607827046370150,3607827046585380,3607827047315983,0,10,80,1,model.layers.0.self_attn.swa_cache
3607827047622023,3607827047626563,3607827047838844,3607827048274345,0,10,80,1,model.layers.1.self_attn.swa_cache
3607827048578236,3607827048582356,3607827048794887,3607827049220918,0,10,80,1,model.layers.2.self_attn.compressor.state_cache
3607827049386499,3607827049390219,3607827049625740,3607827050052231,0,10,80,1,model.layers.2.self_attn.indexer.compressor.state_cache
3607827050352702,3607827050390362,3607827050602573,3607827051026244,0,10,80,1,model.layers.3.self_attn.compressor.state_cache
3607827103713216,3607827104387628,3607827104590219,3607827110674077,1,10,80,4,model.layers.2.self_attn.indexer.k_cache
3607827110897628,3607827110901788,3607827111146139,3607827111635040,0,10,80,4,model.layers.2.self_attn.attn
3607827111946451,3607827111950941,3607827112408723,3607827113597686,0,10,80,128,model.layers.3.self_attn.attn
3607827114121078,3607827114128588,3607827114480789,3607827115651753,0,10,80,1,model.layers.0.self_attn.swa_cache
3607827116181234,3607827116188314,3607827116548485,3607827117256747,0,10,80,1,model.layers.1.self_attn.swa_cache
3607827117764419,3607827117771719,3607827118130570,3607827118833862,0,10,80,1,model.layers.2.self_attn.compressor.state_cache
3607827119117323,3607827119124073,3607827119524654,3607827120222967,0,10,80,1,model.layers.2.self_attn.indexer.compressor.state_cache
3607827120528908,3607827120566008,3607827120780408,3607827121204800,0,10,80,1,model.layers.3.self_attn.compressor.state_cache
3607827174183912,3607827174922085,3607827175169265,3607827177566153,1,10,80,4,model.layers.2.self_attn.indexer.k_cache
3607827177826234,3607827177830234,3607827178074624,3607827178568826,0,10,80,4,model.layers.2.self_attn.attn
3607827178885587,3607827178889747,3607827179105268,3607827179822820,0,10,80,128,model.layers.3.self_attn.attn
3607827180154581,3607827180159461,3607827180376121,3607827181085834,0,10,80,1,model.layers.0.self_attn.swa_cache
3607827181426005,3607827181430395,3607827181644245,3607827182071167,0,10,80,1,model.layers.1.self_attn.swa_cache
3607827182376028,3607827182380558,3607827182592818,3607827183013950,0,10,80,1,model.layers.2.self_attn.compressor.state_cache
3607827183184620,3607827183188410,3607827183424921,3607827183842082,0,10,80,1,model.layers.2.self_attn.indexer.compressor.state_cache
3607827184163893,3607827184203163,3607827184417124,3607827184839525,0,10,80,1,model.layers.3.self_attn.compressor.state_cache
3607827247476258,3607827247913509,3607827248164140,3607827250023125,1,10,4256,4,model.layers.2.self_attn.indexer.k_cache
3607827250293256,3607827250297596,3607827250545527,3607827251036899,0,10,4256,4,model.layers.2.self_attn.attn
3607827251357730,3607827251362120,3607827251580750,3607827252224262,0,10,4256,128,model.layers.3.self_attn.attn
3607827252536543,3607827252541023,3607827252758774,3607827253369356,0,10,4256,1,model.layers.0.self_attn.swa_cache
3607827253681737,3607827253686127,3607827253902717,3607827254330419,0,10,4256,1,model.layers.1.self_attn.swa_cache
3607827254634980,3607827254639440,3607827254855870,3607827255276262,0,10,4256,1,model.layers.2.self_attn.compressor.state_cache
3607827255443582,3607827255447962,3607827255684973,3607827256120994,0,10,4256,1,model.layers.2.self_attn.indexer.compressor.state_cache
3607827256421185,3607827256464345,3607827256680586,3607827257103967,0,10,4256,1,model.layers.3.self_attn.compressor.state_cache
3607827683052576,3607827683462157,3607827683690528,3607827685458933,1,11,4264,4,model.layers.2.self_attn.indexer.k_cache
3607827685734804,3607827685738994,3607827685989645,3607827686476107,0,11,4264,4,model.layers.2.self_attn.attn
3607827686787577,3607827686792107,3607827687009158,3607827687620930,0,11,4264,128,model.layers.3.self_attn.attn
3607827687928341,3607827687933111,3607827688168812,3607827688776564,0,11,4264,1,model.layers.0.self_attn.swa_cache
3607827689084585,3607827689089105,3607827689303705,3607827689731307,0,11,4264,1,model.layers.1.self_attn.swa_cache
3607827690031907,3607827690036727,3607827690251328,3607827690674989,0,11,4264,1,model.layers.2.self_attn.compressor.state_cache
3607827690841990,3607827690845730,3607827691085571,3607827691495612,0,11,4264,1,model.layers.2.self_attn.indexer.compressor.state_cache
3607827691795463,3607827691841843,3607827692072054,3607827692496045,0,11,4264,1,model.layers.3.self_attn.compressor.state_cache
3607828110049338,3607828110452889,3607828110679280,3607828112424395,1,12,4272,4,model.layers.2.self_attn.indexer.k_cache
3607828112711236,3607828112715766,3607828112963087,3607828113458789,0,12,4272,4,model.layers.2.self_attn.attn
3607828113767100,3607828113771860,3607828113987750,3607828114598972,0,12,4272,128,model.layers.3.self_attn.attn
3607828114906563,3607828114910953,3607828115127484,3607828115743676,0,12,4272,1,model.layers.0.self_attn.swa_cache
3607828116079607,3607828116084497,3607828116305467,3607828116742009,0,12,4272,1,model.layers.1.self_attn.swa_cache
3607828117040990,3607828117045320,3607828117265010,3607828117690322,0,12,4272,1,model.layers.2.self_attn.compressor.state_cache
3607828117857072,3607828117860882,3607828118102043,3607828118524724,0,12,4272,1,model.layers.2.self_attn.indexer.compressor.state_cache
3607828118820855,3607828118869845,3607828119085986,3607828119511397,0,12,4272,1,model.layers.3.self_attn.compressor.state_cache
3607828537518222,3607828538182654,3607828538398374,3607828559492729,1,11,88,4,model.layers.2.self_attn.indexer.k_cache
3607828560036411,3607828560045751,3607828560599383,3607828561722516,0,11,88,4,model.layers.2.self_attn.attn
3607828562420048,3607828562429548,3607828562911530,3607828564536205,0,11,88,128,model.layers.3.self_attn.attn
3607828565233237,3607828565243187,3607828565725668,3607828567018472,0,11,88,1,model.layers.0.self_attn.swa_cache
3607828567326943,3607828567331583,3607828567546274,3607828567976045,0,11,88,1,model.layers.1.self_attn.swa_cache
3607828568288306,3607828568292666,3607828568508827,3607828568932048,0,11,88,1,model.layers.2.self_attn.compressor.state_cache
3607828569129689,3607828569133609,3607828569372160,3607828569792541,0,11,88,1,model.layers.2.self_attn.indexer.compressor.state_cache
3607828570093192,3607828570142082,3607828570356413,3607828570775224,0,11,88,1,model.layers.3.self_attn.compressor.state_cache
3607828631606321,3607828632307743,3607828632522924,3607828634849371,1,11,88,4,model.layers.2.self_attn.indexer.k_cache
3607828635108012,3607828635112042,3607828635355742,3607828635840904,0,11,88,4,model.layers.2.self_attn.attn
3607828636171765,3607828636176105,3607828636390666,3607828637108408,0,11,88,128,model.layers.3.self_attn.attn
3607828637422839,3607828637427269,3607828637642009,3607828638349152,0,11,88,1,model.layers.0.self_attn.swa_cache
3607828638659863,3607828638664153,3607828638880623,3607828639306835,0,11,88,1,model.layers.1.self_attn.swa_cache
3607828639607975,3607828639612275,3607828639830266,3607828640273827,0,11,88,1,model.layers.2.self_attn.compressor.state_cache
3607828640442138,3607828640445908,3607828640684249,3607828641106850,0,11,88,1,model.layers.2.self_attn.indexer.compressor.state_cache
3607828641403411,3607828641441751,3607828641651832,3607828642068493,0,11,88,1,model.layers.3.self_attn.compressor.state_cache
3607828695343507,3607828696109339,3607828696355140,3607828698816077,1,11,88,4,model.layers.2.self_attn.indexer.k_cache
3607828699070508,3607828699074468,3607828699322989,3607828699814410,0,11,88,4,model.layers.2.self_attn.attn
3607828700147871,3607828700152211,3607828700368522,3607828701090754,0,11,88,128,model.layers.3.self_attn.attn
3607828701405045,3607828701409115,3607828701624166,3607828702332578,0,11,88,1,model.layers.0.self_attn.swa_cache
3607828702647299,3607828702651819,3607828702870880,3607828703300111,0,11,88,1,model.layers.1.self_attn.swa_cache
3607828703604182,3607828703608592,3607828703823193,3607828704254244,0,11,88,1,model.layers.2.self_attn.compressor.state_cache
3607828704424775,3607828704428695,3607828704664915,3607828705091067,0,11,88,1,model.layers.2.self_attn.indexer.compressor.state_cache
3607828705393498,3607828705431618,3607828705645648,3607828706071840,0,11,88,1,model.layers.3.self_attn.compressor.state_cache
3607828762285402,3607828762953824,3607828763164645,3607828769676755,1,11,88,4,model.layers.2.self_attn.indexer.k_cache
3607828769916456,3607828769920576,3607828770407737,3607828771282650,0,11,88,4,model.layers.2.self_attn.attn
3607828771838092,3607828771845452,3607828772255183,3607828773538077,0,11,88,128,model.layers.3.self_attn.attn
3607828774100259,3607828774108289,3607828774492830,3607828775761654,0,11,88,1,model.layers.0.self_attn.swa_cache
3607828776333606,3607828776341046,3607828776722567,3607828777489039,0,11,88,1,model.layers.1.self_attn.swa_cache
3607828778030461,3607828778037881,3607828778416582,3607828778837953,0,11,88,1,model.layers.2.self_attn.compressor.state_cache
3607828779005274,3607828779008884,3607828779246045,3607828779697796,0,11,88,1,model.layers.2.self_attn.indexer.compressor.state_cache
3607828779996617,3607828780045017,3607828780265258,3607828780688629,0,11,88,1,model.layers.3.self_attn.compressor.state_cache
3607828833157400,3607828833803712,3607828834020433,3607828837457353,1,11,88,4,model.layers.2.self_attn.indexer.k_cache
3607828837673744,3607828837677524,3607828837921805,3607828838408076,0,11,88,4,model.layers.2.self_attn.attn
3607828838721467,3607828838725667,3607828838942228,3607828839659160,0,11,88,128,model.layers.3.self_attn.attn
3607828839975021,3607828839979561,3607828840233322,3607828840944174,0,11,88,1,model.layers.0.self_attn.swa_cache
3607828841257065,3607828841261575,3607828841475846,3607828841897007,0,11,88,1,model.layers.1.self_attn.swa_cache
3607828842202818,3607828842206978,3607828842421129,3607828842845950,0,11,88,1,model.layers.2.self_attn.compressor.state_cache
3607828843016001,3607828843019571,3607828843320951,3607828843785263,0,11,88,1,model.layers.2.self_attn.indexer.compressor.state_cache
3607828844127294,3607828844166454,3607828844400765,3607828844858146,0,11,88,1,model.layers.3.self_attn.compressor.state_cache
3607828897800879,3607828898444361,3607828898654332,3607828903797597,1,11,88,4,model.layers.2.self_attn.indexer.k_cache
3607828904078688,3607828904082668,3607828904338159,3607828904835321,0,11,88,4,model.layers.2.self_attn.attn
3607828905172022,3607828905176682,3607828905397552,3607828906005994,0,11,88,128,model.layers.3.self_attn.attn
3607828906314505,3607828906318845,3607828906532516,3607828907139398,0,11,88,1,model.layers.0.self_attn.swa_cache
3607828907447369,3607828907451649,3607828907667609,3607828908200171,0,11,88,1,model.layers.1.self_attn.swa_cache
3607828908638502,3607828908644922,3607828908950093,3607828909558555,0,11,88,1,model.layers.2.self_attn.compressor.state_cache
3607828909797176,3607828909802806,3607828910144217,3607828910759129,0,11,88,1,model.layers.2.self_attn.indexer.compressor.state_cache
3607828911189050,3607828911242000,3607828911549441,3607828912169203,0,11,88,1,model.layers.3.self_attn.compressor.state_cache
3607828966383570,3607828967110542,3607828967373263,3607828969833280,1,11,88,4,model.layers.2.self_attn.indexer.k_cache
3607828970081501,3607828970085591,3607828970330082,3607828970811663,0,11,88,4,model.layers.2.self_attn.attn
3607828971124304,3607828971128754,3607828971343785,3607828972069597,0,11,88,128,model.layers.3.self_attn.attn
3607828972384228,3607828972388718,3607828972603379,3607828973307951,0,11,88,1,model.layers.0.self_attn.swa_cache
3607828973617832,3607828973622352,3607828973836853,3607828974258524,0,11,88,1,model.layers.1.self_attn.swa_cache
3607828974564465,3607828974568825,3607828974783015,3607828975205047,0,11,88,1,model.layers.2.self_attn.compressor.state_cache
3607828975373477,3607828975377317,3607828975618488,3607828976044799,0,11,88,1,model.layers.2.self_attn.indexer.compressor.state_cache
3607828976351410,3607828976392820,3607828976608421,3607828977032342,0,11,88,1,model.layers.3.self_attn.compressor.state_cache
3607829029714344,3607829030358556,3607829030565207,3607829035795373,1,11,88,4,model.layers.2.self_attn.indexer.k_cache
3607829036057374,3607829036061364,3607829036304845,3607829036786276,0,11,88,4,model.layers.2.self_attn.attn
3607829037095727,3607829037100207,3607829037315678,3607829038165230,0,11,88,128,model.layers.3.self_attn.attn
3607829038596892,3607829038602742,3607829038894202,3607829039848635,0,11,88,1,model.layers.0.self_attn.swa_cache
3607829040285587,3607829040291447,3607829040579888,3607829041148809,0,11,88,1,model.layers.1.self_attn.swa_cache
3607829041562471,3607829041568251,3607829041861122,3607829042431243,0,11,88,1,model.layers.2.self_attn.compressor.state_cache
3607829042656244,3607829042661364,3607829042983105,3607829043550877,0,11,88,1,model.layers.2.self_attn.indexer.compressor.state_cache
3607829043954328,3607829044038268,3607829044340289,3607829044912891,0,11,88,1,model.layers.3.self_attn.compressor.state_cache
3607829098312205,3607829099041257,3607829099300378,3607829102431718,1,11,88,4,model.layers.2.self_attn.indexer.k_cache
3607829102684269,3607829102688269,3607829102934949,3607829103413271,0,11,88,4,model.layers.2.self_attn.attn
3607829103728982,3607829103733242,3607829103950692,3607829104727765,0,11,88,128,model.layers.3.self_attn.attn
3607829105040476,3607829105044996,3607829105259396,3607829105958979,0,11,88,1,model.layers.0.self_attn.swa_cache
3607829106266360,3607829106270530,3607829106485700,3607829106908912,0,11,88,1,model.layers.1.self_attn.swa_cache
3607829107210062,3607829107214372,3607829107427053,3607829107847034,0,11,88,1,model.layers.2.self_attn.compressor.state_cache
3607829108027545,3607829108031325,3607829108270336,3607829108689397,0,11,88,1,model.layers.2.self_attn.indexer.compressor.state_cache
3607829108993078,3607829109031818,3607829109243469,3607829109665550,0,11,88,1,model.layers.3.self_attn.compressor.state_cache
3607829162419172,3607829163066034,3607829163274825,3607829169225463,1,11,88,4,model.layers.2.self_attn.indexer.k_cache
3607829169528584,3607829169533904,3607829169864155,3607829170530777,0,11,88,4,model.layers.2.self_attn.attn
3607829170951468,3607829170957608,3607829171252499,3607829172237982,0,11,88,128,model.layers.3.self_attn.attn
3607829172699264,3607829172704974,3607829172997705,3607829173961158,0,11,88,1,model.layers.0.self_attn.swa_cache
3607829174380429,3607829174386279,3607829174679240,3607829175258522,0,11,88,1,model.layers.1.self_attn.swa_cache
3607829175798223,3607829175803543,3607829176059084,3607829176535715,0,11,88,1,model.layers.2.self_attn.compressor.state_cache
3607829176719016,3607829176723106,3607829176980577,3607829177433478,0,11,88,1,model.layers.2.self_attn.indexer.compressor.state_cache
3607829177761869,3607829177801719,3607829178033640,3607829178481581,0,11,88,1,model.layers.3.self_attn.compressor.state_cache
3607829231308104,3607829232013936,3607829232244717,3607829235357606,1,11,88,4,model.layers.2.self_attn.indexer.k_cache
3607829235597507,3607829235601377,3607829235842928,3607829236362729,0,11,88,4,model.layers.2.self_attn.attn
3607829236677210,3607829236681810,3607829236898231,3607829237618453,0,11,88,128,model.layers.3.self_attn.attn
3607829237931384,3607829237935724,3607829238151055,3607829238860877,0,11,88,1,model.layers.0.self_attn.swa_cache
3607829239174698,3607829239179058,3607829239397309,3607829239824530,0,11,88,1,model.layers.1.self_attn.swa_cache
3607829240142171,3607829240146481,3607829240361962,3607829240789663,0,11,88,1,model.layers.2.self_attn.compressor.state_cache
3607829240959503,3607829240963353,3607829241200974,3607829241692666,0,11,88,1,model.layers.2.self_attn.indexer.compressor.state_cache
3607829242015717,3607829242054437,3607829242287298,3607829242749549,0,11,88,1,model.layers.3.self_attn.compressor.state_cache
3607829295815272,3607829296460744,3607829296661935,3607829300803427,1,11,88,4,model.layers.2.self_attn.indexer.k_cache
3607829301019478,3607829301023368,3607829301263559,3607829301750140,0,11,88,4,model.layers.2.self_attn.attn
3607829302061581,3607829302065711,3607829302280342,3607829303002324,0,11,88,128,model.layers.3.self_attn.attn
3607829303313295,3607829303317545,3607829303531966,3607829304271098,0,11,88,1,model.layers.0.self_attn.swa_cache
3607829304585249,3607829304589809,3607829304805940,3607829305240981,0,11,88,1,model.layers.1.self_attn.swa_cache
3607829305545912,3607829305550022,3607829305763303,3607829306193034,0,11,88,1,model.layers.2.self_attn.compressor.state_cache
3607829306361364,3607829306365124,3607829306644265,3607829307154647,0,11,88,1,model.layers.2.self_attn.indexer.compressor.state_cache
3607829307519058,3607829307562098,3607829307820579,3607829308367021,0,11,88,1,model.layers.3.self_attn.compressor.state_cache
3607829362847778,3607829363544130,3607829363773921,3607829366225788,1,10,80,4,model.layers.2.self_attn.indexer.k_cache
3607829366464269,3607829366468209,3607829366710450,3607829367193051,0,10,80,4,model.layers.2.self_attn.attn
3607829367507952,3607829367512292,3607829367732783,3607829368491775,0,10,80,128,model.layers.3.self_attn.attn
3607829368808056,3607829368812496,3607829369023177,3607829369742239,0,10,80,1,model.layers.0.self_attn.swa_cache
3607829370052120,3607829370056330,3607829370269711,3607829370694452,0,10,80,1,model.layers.1.self_attn.swa_cache
3607829370998013,3607829371002193,3607829371213324,3607829371636765,0,10,80,1,model.layers.2.self_attn.compressor.state_cache
3607829371807466,3607829371811476,3607829372058276,3607829372484378,0,10,80,1,model.layers.2.self_attn.indexer.compressor.state_cache
3607829372792859,3607829372831009,3607829373046029,3607829373468161,0,10,80,1,model.layers.3.self_attn.compressor.state_cache
3607829426295283,3607829426995965,3607829427227366,3607829429597423,1,10,80,4,model.layers.2.self_attn.indexer.k_cache
3607829429838134,3607829429842064,3607829430083015,3607829430568496,0,10,80,4,model.layers.2.self_attn.attn
3607829430887657,3607829430891947,3607829431106238,3607829431828590,0,10,80,128,model.layers.3.self_attn.attn
3607829432159581,3607829432164201,3607829432385722,3607829433100224,0,10,80,1,model.layers.0.self_attn.swa_cache
3607829433416995,3607829433421335,3607829433638256,3607829434069837,0,10,80,1,model.layers.1.self_attn.swa_cache
3607829434374758,3607829434378998,3607829434592259,3607829435013260,0,10,80,1,model.layers.2.self_attn.compressor.state_cache
3607829435213410,3607829435217270,3607829435454701,3607829435880992,0,10,80,1,model.layers.2.self_attn.indexer.compressor.state_cache
3607829436198733,3607829436236114,3607829436446444,3607829436865406,0,10,80,1,model.layers.3.self_attn.compressor.state_cache
3607829489298307,3607829489938729,3607829490142619,3607829494115361,1,10,80,4,model.layers.2.self_attn.indexer.k_cache
3607829494351562,3607829494355932,3607829494618503,3607829495140415,0,10,80,4,model.layers.2.self_attn.attn
3607829495487326,3607829495492306,3607829495727246,3607829496531499,0,10,80,128,model.layers.3.self_attn.attn
3607829496873820,3607829496878870,3607829497112451,3607829497885613,0,10,80,1,model.layers.0.self_attn.swa_cache
3607829498223834,3607829498228724,3607829498465105,3607829498925556,0,10,80,1,model.layers.1.self_attn.swa_cache
3607829499257187,3607829499262207,3607829499492728,3607829499948879,0,10,80,1,model.layers.2.self_attn.compressor.state_cache
3607829500287590,3607829500291980,3607829500650982,3607829501124523,0,10,80,1,model.layers.2.self_attn.indexer.compressor.state_cache
3607829501457994,3607829501503264,3607829501742045,3607829502193916,0,10,80,1,model.layers.3.self_attn.compressor.state_cache
3607829556266042,3607829557005915,3607829557224865,3607829559356452,1,10,80,4,model.layers.2.self_attn.indexer.k_cache
3607829559633113,3607829559636993,3607829559879044,3607829560387315,0,10,80,4,model.layers.2.self_attn.attn
3607829560713046,3607829560717546,3607829560927297,3607829561547699,0,10,80,128,model.layers.3.self_attn.attn
3607829561854470,3607829561859190,3607829562070600,3607829562672402,0,10,80,1,model.layers.0.self_attn.swa_cache
3607829562979003,3607829562983833,3607829563197434,3607829563627865,0,10,80,1,model.layers.1.self_attn.swa_cache
3607829563932106,3607829563936776,3607829564160977,3607829564587468,0,10,80,1,model.layers.2.self_attn.compressor.state_cache
3607829564756349,3607829564760359,3607829564995829,3607829565417551,0,10,80,1,model.layers.2.self_attn.indexer.compressor.state_cache
3607829565721302,3607829565761282,3607829565975032,3607829566399634,0,10,80,1,model.layers.3.self_attn.compressor.state_cache
3607829621186302,3607829621860824,3607829622072605,3607829624451372,1,10,80,4,model.layers.2.self_attn.indexer.k_cache
3607829624699963,3607829624703893,3607829624946084,3607829625432175,0,10,80,4,model.layers.2.self_attn.attn
3607829625746426,3607829625750666,3607829625963547,3607829626666749,0,10,80,128,model.layers.3.self_attn.attn
3607829626980570,3607829626984840,3607829627197220,3607829627904503,0,10,80,1,model.layers.0.self_attn.swa_cache
3607829628233004,3607829628237414,3607829628449214,3607829628867866,0,10,80,1,model.layers.1.self_attn.swa_cache
3607829629171096,3607829629175276,3607829629389307,3607829629809048,0,10,80,1,model.layers.2.self_attn.compressor.state_cache
3607829629985189,3607829629988989,3607829630223180,3607829630669311,0,10,80,1,model.layers.2.self_attn.indexer.compressor.state_cache
3607829630970342,3607829631006362,3607829631216813,3607829631645314,0,10,80,1,model.layers.3.self_attn.compressor.state_cache
3607829684103555,3607829684767787,3607829684974628,3607829688996770,1,10,80,4,model.layers.2.self_attn.indexer.k_cache
3607829689261911,3607829689266681,3607829689548692,3607829690120034,0,10,80,4,model.layers.2.self_attn.attn
3607829690481215,3607829690486435,3607829690732876,3607829691554728,0,10,80,128,model.layers.3.self_attn.attn
3607829691919519,3607829691924579,3607829692191130,3607829693023433,0,10,80,1,model.layers.0.self_attn.swa_cache
3607829693382664,3607829693387984,3607829693637085,3607829694126906,0,10,80,1,model.layers.1.self_attn.swa_cache
3607829694476047,3607829694481047,3607829694727408,3607829695220349,0,10,80,1,model.layers.2.self_attn.compressor.state_cache
3607829695412000,3607829695416640,3607829695692361,3607829696221053,0,10,80,1,model.layers.2.self_attn.indexer.compressor.state_cache
3607829696522063,3607829696559204,3607829696770644,3607829697185256,0,10,80,1,model.layers.3.self_attn.compressor.state_cache
3607829749579507,3607829750239989,3607829750462879,3607829753736749,1,10,80,4,model.layers.2.self_attn.indexer.k_cache
3607829753969300,3607829753973310,3607829754223151,3607829754726252,0,10,80,4,model.layers.2.self_attn.attn
3607829755049213,3607829755053673,3607829755276234,3607829756033076,0,10,80,128,model.layers.3.self_attn.attn
3607829756363377,3607829756368357,3607829756591928,3607829757328980,0,10,80,1,model.layers.0.self_attn.swa_cache
3607829757648731,3607829757653511,3607829757876772,3607829758316003,0,10,80,1,model.layers.1.self_attn.swa_cache
3607829758634214,3607829758638634,3607829758858065,3607829759296096,0,10,80,1,model.layers.2.self_attn.compressor.state_cache
3607829759470307,3607829759474077,3607829759719388,3607829760174049,0,10,80,1,model.layers.2.self_attn.indexer.compressor.state_cache
3607829760489690,3607829760526300,3607829760749011,3607829761230592,0,10,80,1,model.layers.3.self_attn.compressor.state_cache
3607829813886054,3607829814603276,3607829814851967,3607829817449925,1,10,80,4,model.layers.2.self_attn.indexer.k_cache
3607829817689586,3607829817693566,3607829817942757,3607829818439028,0,10,80,4,model.layers.2.self_attn.attn
3607829818756489,3607829818760839,3607829818980130,3607829819704052,0,10,80,128,model.layers.3.self_attn.attn
3607829820034183,3607829820039073,3607829820255674,3607829820975066,0,10,80,1,model.layers.0.self_attn.swa_cache
3607829821289297,3607829821293647,3607829821509638,3607829821937269,0,10,80,1,model.layers.1.self_attn.swa_cache
3607829822240440,3607829822244590,3607829822459391,3607829822879672,0,10,80,1,model.layers.2.self_attn.compressor.state_cache
3607829823047542,3607829823051442,3607829823288733,3607829823708544,0,10,80,1,model.layers.2.self_attn.indexer.compressor.state_cache
3607829824018285,3607829824057385,3607829824272886,3607829824703827,0,10,80,1,model.layers.3.self_attn.compressor.state_cache
3607829879751627,3607829880518649,3607829880742840,3607829883175417,1,8,64,4,model.layers.2.self_attn.indexer.k_cache
3607829883460078,3607829883464128,3607829883741149,3607829884253340,0,8,64,4,model.layers.2.self_attn.attn
3607829884564501,3607829884569091,3607829884780822,3607829885490734,0,8,64,128,model.layers.3.self_attn.attn
3607829885800425,3607829885804515,3607829886019356,3607829886719888,0,8,64,1,model.layers.0.self_attn.swa_cache
3607829887019939,3607829887024469,3607829887238170,3607829887660731,0,8,64,1,model.layers.1.self_attn.swa_cache
3607829887957942,3607829887962322,3607829888188643,3607829888611914,0,8,64,1,model.layers.2.self_attn.compressor.state_cache
3607829888777234,3607829888781204,3607829889015815,3607829889431356,0,8,64,1,model.layers.2.self_attn.indexer.compressor.state_cache
3607829889727807,3607829889766167,3607829889981868,3607829890400439,0,8,64,1,model.layers.3.self_attn.compressor.state_cache
3607829943312692,3607829943973094,3607829944202085,3607829946538552,1,7,56,4,model.layers.2.self_attn.indexer.k_cache
3607829946785883,3607829946789833,3607829947034113,3607829947525465,0,7,56,4,model.layers.2.self_attn.attn
3607829947837816,3607829947842176,3607829948075927,3607829948818269,0,7,56,128,model.layers.3.self_attn.attn
3607829949131210,3607829949135570,3607829949353431,3607829950068463,0,7,56,1,model.layers.0.self_attn.swa_cache
3607829950376534,3607829950380944,3607829950598164,3607829951018946,0,7,56,1,model.layers.1.self_attn.swa_cache
3607829951324627,3607829951328947,3607829951542507,3607829951961889,0,7,56,1,model.layers.2.self_attn.compressor.state_cache
3607829952143669,3607829952147679,3607829952387490,3607829952810311,0,7,56,1,model.layers.2.self_attn.indexer.compressor.state_cache
3607829953109622,3607829953148862,3607829953361963,3607829953784974,0,7,56,1,model.layers.3.self_attn.compressor.state_cache
3607830007082278,3607830007733970,3607830007943581,3607830010220318,1,7,56,4,model.layers.2.self_attn.indexer.k_cache
3607830010448068,3607830010452348,3607830010694579,3607830011176161,0,7,56,4,model.layers.2.self_attn.attn
3607830011489061,3607830011493281,3607830011709282,3607830012451564,0,7,56,128,model.layers.3.self_attn.attn
3607830012793755,3607830012798086,3607830013013476,3607830013717098,0,7,56,1,model.layers.0.self_attn.swa_cache
3607830014024249,3607830014028549,3607830014246610,3607830014670501,0,7,56,1,model.layers.1.self_attn.swa_cache
3607830014973732,3607830014978092,3607830015187443,3607830015606574,0,7,56,1,model.layers.2.self_attn.compressor.state_cache
3607830015776175,3607830015780115,3607830016026215,3607830016453257,0,7,56,1,model.layers.2.self_attn.indexer.compressor.state_cache
3607830016757068,3607830016794128,3607830017012758,3607830017428230,0,7,56,1,model.layers.3.self_attn.compressor.state_cache
3607830069302279,3607830069949551,3607830070153192,3607830072411649,1,7,56,4,model.layers.2.self_attn.indexer.k_cache
3607830072624539,3607830072628649,3607830072871370,3607830073350052,0,7,56,4,model.layers.2.self_attn.attn
3607830073655293,3607830073659883,3607830073877363,3607830074601925,0,7,56,128,model.layers.3.self_attn.attn
3607830074914026,3607830074918616,3607830075133697,3607830075843729,0,7,56,1,model.layers.0.self_attn.swa_cache
3607830076166290,3607830076170680,3607830076390461,3607830076813472,0,7,56,1,model.layers.1.self_attn.swa_cache
3607830077118133,3607830077122433,3607830077337694,3607830077756805,0,7,56,1,model.layers.2.self_attn.compressor.state_cache
3607830077923676,3607830077927686,3607830078162816,3607830078581138,0,7,56,1,model.layers.2.self_attn.indexer.compressor.state_cache
3607830078880669,3607830078915239,3607830079129299,3607830079544351,0,7,56,1,model.layers.3.self_attn.compressor.state_cache
3607830131182629,3607830131815681,3607830132026122,3607830134235819,1,7,56,4,model.layers.2.self_attn.indexer.k_cache
3607830134444529,3607830134448699,3607830134690810,3607830135177052,0,7,56,4,model.layers.2.self_attn.attn
3607830135483923,3607830135488443,3607830135704073,3607830136440645,0,7,56,128,model.layers.3.self_attn.attn
3607830136752316,3607830136756656,3607830136972987,3607830137696449,0,7,56,1,model.layers.0.self_attn.swa_cache
3607830138009090,3607830138013550,3607830138228951,3607830138655112,0,7,56,1,model.layers.1.self_attn.swa_cache
3607830138956583,3607830138960833,3607830139170274,3607830139598335,0,7,56,1,model.layers.2.self_attn.compressor.state_cache
3607830139768896,3607830139772336,3607830140016396,3607830140441388,0,7,56,1,model.layers.2.self_attn.indexer.compressor.state_cache
3607830140743139,3607830140779159,3607830140990559,3607830141413281,0,7,56,1,model.layers.3.self_attn.compressor.state_cache
3607830193753802,3607830194462664,3607830194673994,3607830196985352,1,7,56,4,model.layers.2.self_attn.indexer.k_cache
3607830197220542,3607830197224772,3607830197466513,3607830197951145,0,7,56,4,model.layers.2.self_attn.attn
3607830198265105,3607830198269546,3607830198485386,3607830199210708,0,7,56,128,model.layers.3.self_attn.attn
3607830199526599,3607830199531029,3607830199740230,3607830200470852,0,7,56,1,model.layers.0.self_attn.swa_cache
3607830200784163,3607830200788493,3607830201002814,3607830201428125,0,7,56,1,model.layers.1.self_attn.swa_cache
3607830201734046,3607830201738416,3607830201952217,3607830202404398,0,7,56,1,model.layers.2.self_attn.compressor.state_cache
3607830202571789,3607830202575729,3607830202810119,3607830203238601,0,7,56,1,model.layers.2.self_attn.indexer.compressor.state_cache
3607830203539022,3607830203574782,3607830203785592,3607830204250824,0,7,56,1,model.layers.3.self_attn.compressor.state_cache
3607830257257457,3607830258073419,3607830258450580,3607830260993748,1,6,48,4,model.layers.2.self_attn.indexer.k_cache
3607830261221959,3607830261225979,3607830261466960,3607830261959501,0,6,48,4,model.layers.2.self_attn.attn
3607830262273262,3607830262277792,3607830262493413,3607830263220355,0,6,48,128,model.layers.3.self_attn.attn
3607830263533796,3607830263538166,3607830263754717,3607830264477999,0,6,48,1,model.layers.0.self_attn.swa_cache
3607830264790380,3607830264794750,3607830265009971,3607830265438442,0,6,48,1,model.layers.1.self_attn.swa_cache
3607830265741843,3607830265746143,3607830266059464,3607830266487105,0,6,48,1,model.layers.2.self_attn.compressor.state_cache
3607830266682476,3607830266686256,3607830266926177,3607830267349318,0,6,48,1,model.layers.2.self_attn.indexer.compressor.state_cache
3607830267653859,3607830267689439,3607830268023080,3607830268454281,0,6,48,1,model.layers.3.self_attn.compressor.state_cache
3607830390892748,3607830391548620,3607830391757920,3607830394100977,1,6,48,4,model.layers.2.self_attn.indexer.k_cache
3607830394386228,3607830394390458,3607830394633959,3607830395113510,0,6,48,4,model.layers.2.self_attn.attn
3607830395428351,3607830395432691,3607830395647302,3607830396388274,0,6,48,128,model.layers.3.self_attn.attn
3607830396698235,3607830396702705,3607830396917636,3607830397632108,0,6,48,1,model.layers.0.self_attn.swa_cache
3607830397939229,3607830397943849,3607830398156690,3607830398577071,0,6,48,1,model.layers.1.self_attn.swa_cache
3607830398883702,3607830398888042,3607830399103573,3607830399527494,0,6,48,1,model.layers.2.self_attn.compressor.state_cache
3607830399692955,3607830399696785,3607830399934145,3607830400370587,0,6,48,1,model.layers.2.self_attn.indexer.compressor.state_cache
3607830400668918,3607830400710568,3607830400923428,3607830401346740,0,6,48,1,model.layers.3.self_attn.compressor.state_cache
3607830453528830,3607830454180542,3607830454387733,3607830456640780,1,6,48,4,model.layers.2.self_attn.indexer.k_cache
3607830456864590,3607830456868560,3607830457113091,3607830457592712,0,6,48,4,model.layers.2.self_attn.attn
3607830457907403,3607830457911643,3607830458126584,3607830458861056,0,6,48,128,model.layers.3.self_attn.attn
3607830459171957,3607830459176127,3607830459388088,3607830460116800,0,6,48,1,model.layers.0.self_attn.swa_cache
3607830460428891,3607830460433141,3607830460645982,3607830461065403,0,6,48,1,model.layers.1.self_attn.swa_cache
3607830461366144,3607830461370284,3607830461580145,3607830462008726,0,6,48,1,model.layers.2.self_attn.compressor.state_cache
3607830462185407,3607830462189217,3607830462427217,3607830462845279,0,6,48,1,model.layers.2.self_attn.indexer.compressor.state_cache
3607830463145150,3607830463181080,3607830463393320,3607830463810182,0,6,48,1,model.layers.3.self_attn.compressor.state_cache
3607830515607031,3607830516266483,3607830516469293,3607830519859584,1,6,48,4,model.layers.2.self_attn.indexer.k_cache
3607830520114725,3607830520119315,3607830520383545,3607830520913167,0,6,48,4,model.layers.2.self_attn.attn
3607830521247738,3607830521252378,3607830521484759,3607830522398032,0,6,48,128,model.layers.3.self_attn.attn
3607830522743853,3607830522748623,3607830522983683,3607830523752876,0,6,48,1,model.layers.0.self_attn.swa_cache
3607830524105597,3607830524110537,3607830524344578,3607830524801509,0,6,48,1,model.layers.1.self_attn.swa_cache
3607830525130090,3607830525134590,3607830525360711,3607830525822402,0,6,48,1,model.layers.2.self_attn.compressor.state_cache
3607830526004073,3607830526008193,3607830526261984,3607830526715795,0,6,48,1,model.layers.2.self_attn.indexer.compressor.state_cache
3607830527043466,3607830527082686,3607830527446057,3607830527873708,0,6,48,1,model.layers.3.self_attn.compressor.state_cache
3607830579419007,3607830580080029,3607830580292820,3607830582866907,1,6,48,4,model.layers.2.self_attn.indexer.k_cache
3607830583082848,3607830583086798,3607830583330239,3607830583809750,0,6,48,4,model.layers.2.self_attn.attn
3607830584175862,3607830584180442,3607830584401272,3607830585140894,0,6,48,128,model.layers.3.self_attn.attn
3607830585457505,3607830585462045,3607830585677686,3607830586387108,0,6,48,1,model.layers.0.self_attn.swa_cache
3607830586693779,3607830586698229,3607830586912070,3607830587336301,0,6,48,1,model.layers.1.self_attn.swa_cache
3607830587646282,3607830587650922,3607830587860273,3607830588298294,0,6,48,1,model.layers.2.self_attn.compressor.state_cache
3607830588468445,3607830588472395,3607830588712885,3607830589132027,0,6,48,1,model.layers.2.self_attn.indexer.compressor.state_cache
3607830589434978,3607830589471728,3607830589683528,3607830590105060,0,6,48,1,model.layers.3.self_attn.compressor.state_cache
3607830641806389,3607830642455511,3607830642658101,3607830644964738,1,6,48,4,model.layers.2.self_attn.indexer.k_cache
3607830645230599,3607830645234579,3607830645477140,3607830645971441,0,6,48,4,model.layers.2.self_attn.attn
3607830646284612,3607830646288582,3607830646499793,3607830647213555,0,6,48,128,model.layers.3.self_attn.attn
3607830647524446,3607830647528526,3607830647742797,3607830648480989,0,6,48,1,model.layers.0.self_attn.swa_cache
3607830648790600,3607830648794860,3607830649008921,3607830649434002,0,6,48,1,model.layers.1.self_attn.swa_cache
3607830649732883,3607830649736953,3607830649952384,3607830650369605,0,6,48,1,model.layers.2.self_attn.compressor.state_cache
3607830650535525,3607830650539375,3607830650775056,3607830651201428,0,6,48,1,model.layers.2.self_attn.indexer.compressor.state_cache
3607830651497498,3607830651532699,3607830651742239,3607830652183611,0,6,48,1,model.layers.3.self_attn.compressor.state_cache
3607830706514198,3607830707364130,3607830707731971,3607830710369159,1,5,40,4,model.layers.2.self_attn.indexer.k_cache
3607830710612100,3607830710616300,3607830710860281,3607830711349842,0,5,40,4,model.layers.2.self_attn.attn
3607830711690153,3607830711694703,3607830711907334,3607830712662706,0,5,40,128,model.layers.3.self_attn.attn
3607830713007597,3607830713012217,3607830713226428,3607830713948930,0,5,40,1,model.layers.0.self_attn.swa_cache
3607830714259071,3607830714263561,3607830714476472,3607830714899353,0,5,40,1,model.layers.1.self_attn.swa_cache
3607830715230334,3607830715234984,3607830715569755,3607830715996867,0,5,40,1,model.layers.2.self_attn.compressor.state_cache
3607830716176817,3607830716180657,3607830716418628,3607830716844869,0,5,40,1,model.layers.2.self_attn.indexer.compressor.state_cache
3607830717172910,3607830717212010,3607830717522461,3607830718103153,0,5,40,1,model.layers.3.self_attn.compressor.state_cache
3607830847278200,3607830847937572,3607830848163003,3607830850462850,1,5,40,4,model.layers.2.self_attn.indexer.k_cache
3607830850728141,3607830850732091,3607830850976042,3607830851473423,0,5,40,4,model.layers.2.self_attn.attn
3607830851782724,3607830851787234,3607830851998565,3607830852748877,0,5,40,128,model.layers.3.self_attn.attn
3607830853063398,3607830853067938,3607830853281659,3607830853994361,0,5,40,1,model.layers.0.self_attn.swa_cache
3607830854306052,3607830854310712,3607830854526222,3607830854948944,0,5,40,1,model.layers.1.self_attn.swa_cache
3607830855251695,3607830855255775,3607830855466325,3607830855894227,0,5,40,1,model.layers.2.self_attn.compressor.state_cache
3607830856073457,3607830856077477,3607830856313818,3607830856735139,0,5,40,1,model.layers.2.self_attn.indexer.compressor.state_cache
3607830857036650,3607830857075560,3607830857287091,3607830857707782,0,5,40,1,model.layers.3.self_attn.compressor.state_cache
3607830910001623,3607830910655865,3607830910864086,3607830914954848,1,5,40,4,model.layers.2.self_attn.indexer.k_cache
3607830915185659,3607830915189499,3607830915432050,3607830915918951,0,5,40,4,model.layers.2.self_attn.attn
3607830916247012,3607830916251622,3607830916461343,3607830917179685,0,5,40,128,model.layers.3.self_attn.attn
3607830917489266,3607830917494036,3607830917708887,3607830918415249,0,5,40,1,model.layers.0.self_attn.swa_cache
3607830918772400,3607830918777710,3607830919032321,3607830919540122,0,5,40,1,model.layers.1.self_attn.swa_cache
3607830919903503,3607830919909043,3607830920181064,3607830920693086,0,5,40,1,model.layers.2.self_attn.compressor.state_cache
3607830920894866,3607830920899306,3607830921186867,3607830921697279,0,5,40,1,model.layers.2.self_attn.indexer.compressor.state_cache
3607830922059690,3607830922104040,3607830922365461,3607830922868012,0,5,40,1,model.layers.3.self_attn.compressor.state_cache
3607830975608495,3607830976274017,3607830976498357,3607830978825124,1,5,40,4,model.layers.2.self_attn.indexer.k_cache
3607830979076925,3607830979080865,3607830979326416,3607830979809707,0,5,40,4,model.layers.2.self_attn.attn
3607830980134328,3607830980138749,3607830980352289,3607830981074881,0,5,40,128,model.layers.3.self_attn.attn
3607830981381462,3607830981385672,3607830981600433,3607830982311105,0,5,40,1,model.layers.0.self_attn.swa_cache
3607830982644016,3607830982648286,3607830982861107,3607830983283158,0,5,40,1,model.layers.1.self_attn.swa_cache
3607830983582709,3607830983586889,3607830983797310,3607830984225131,0,5,40,1,model.layers.2.self_attn.compressor.state_cache
3607830984391072,3607830984395082,3607830984630922,3607830985046644,0,5,40,1,model.layers.2.self_attn.indexer.compressor.state_cache
3607830985344435,3607830985383295,3607830985599165,3607830986015847,0,5,40,1,model.layers.3.self_attn.compressor.state_cache
3607831038608828,3607831039437401,3607831039899242,3607831042413930,1,4,32,4,model.layers.2.self_attn.indexer.k_cache
3607831042687901,3607831042691851,3607831042935632,3607831043424103,0,4,32,4,model.layers.2.self_attn.attn
3607831043730074,3607831043734184,3607831043947765,3607831044694117,0,4,32,128,model.layers.3.self_attn.attn
3607831045003478,3607831045008078,3607831045219609,3607831045916441,0,4,32,1,model.layers.0.self_attn.swa_cache
3607831046221352,3607831046225862,3607831046440462,3607831046857624,0,4,32,1,model.layers.1.self_attn.swa_cache
3607831047156574,3607831047160764,3607831047478695,3607831047898957,0,4,32,1,model.layers.2.self_attn.compressor.state_cache
3607831048075947,3607831048079837,3607831048319878,3607831048736459,0,4,32,1,model.layers.2.self_attn.indexer.compressor.state_cache
3607831049034340,3607831049072360,3607831049383431,3607831049804673,0,4,32,1,model.layers.3.self_attn.compressor.state_cache
3607831173677673,3607831174342625,3607831174550576,3607831176874593,1,4,32,4,model.layers.2.self_attn.indexer.k_cache
3607831177144364,3607831177148674,3607831177391525,3607831177874676,0,4,32,4,model.layers.2.self_attn.attn
3607831178189457,3607831178194047,3607831178409018,3607831179142030,0,4,32,128,model.layers.3.self_attn.attn
3607831179454831,3607831179459181,3607831179673102,3607831180413034,0,4,32,1,model.layers.0.self_attn.swa_cache
3607831180733545,3607831180737855,3607831180948956,3607831181371777,0,4,32,1,model.layers.1.self_attn.swa_cache
3607831181676398,3607831181680778,3607831181890989,3607831182316370,0,4,32,1,model.layers.2.self_attn.compressor.state_cache
3607831182486010,3607831182489790,3607831182726661,3607831183141612,0,4,32,1,model.layers.2.self_attn.indexer.compressor.state_cache
3607831183448773,3607831183488734,3607831183700984,3607831184144416,0,4,32,1,model.layers.3.self_attn.compressor.state_cache
3607831235889185,3607831236561617,3607831236763387,3607831238961894,1,4,32,4,model.layers.2.self_attn.indexer.k_cache
3607831239175735,3607831239179795,3607831239423835,3607831239900797,0,4,32,4,model.layers.2.self_attn.attn
3607831240233268,3607831240237668,3607831240456909,3607831241192261,0,4,32,128,model.layers.3.self_attn.attn
3607831241504162,3607831241508092,3607831241720722,3607831242429085,0,4,32,1,model.layers.0.self_attn.swa_cache
3607831242747306,3607831242751656,3607831242965346,3607831243417438,0,4,32,1,model.layers.1.self_attn.swa_cache
3607831243724999,3607831243729359,3607831243941169,3607831244391921,0,4,32,1,model.layers.2.self_attn.compressor.state_cache
3607831244560611,3607831244564391,3607831244800602,3607831245222653,0,4,32,1,model.layers.2.self_attn.indexer.compressor.state_cache
3607831245525364,3607831245561144,3607831245770265,3607831246192976,0,4,32,1,model.layers.3.self_attn.compressor.state_cache
3607831299002659,3607831299811931,3607831300225872,3607831302988121,1,3,24,4,model.layers.2.self_attn.indexer.k_cache
3607831303222662,3607831303226792,3607831303468042,3607831303961574,0,3,24,4,model.layers.2.self_attn.attn
3607831304325255,3607831304330275,3607831304548146,3607831305279228,0,3,24,128,model.layers.3.self_attn.attn
3607831305629279,3607831305634009,3607831305852650,3607831306563632,0,3,24,1,model.layers.0.self_attn.swa_cache
3607831306883053,3607831306887773,3607831307100753,3607831307526655,0,3,24,1,model.layers.1.self_attn.swa_cache
3607831307859236,3607831307863666,3607831308198197,3607831308653978,0,3,24,1,model.layers.2.self_attn.compressor.state_cache
3607831308849639,3607831308853489,3607831309092640,3607831309511961,0,3,24,1,model.layers.2.self_attn.indexer.compressor.state_cache
3607831309842522,3607831309881282,3607831310199473,3607831310629074,0,3,24,1,model.layers.3.self_attn.compressor.state_cache
3607831446730933,3607831447570095,3607831447960286,3607831450565014,1,2,16,4,model.layers.2.self_attn.indexer.k_cache
3607831450850885,3607831450855045,3607831451097316,3607831451591518,0,2,16,4,model.layers.2.self_attn.attn
3607831451906898,3607831451911129,3607831452145639,3607831452870681,0,2,16,128,model.layers.3.self_attn.attn
3607831453181412,3607831453185832,3607831453401653,3607831454111225,0,2,16,1,model.layers.0.self_attn.swa_cache
3607831454420536,3607831454424836,3607831454639487,3607831455054768,0,2,16,1,model.layers.1.self_attn.swa_cache
3607831455391679,3607831455396339,3607831455720320,3607831456171582,0,2,16,1,model.layers.2.self_attn.compressor.state_cache
3607831456340532,3607831456344482,3607831456591923,3607831457025214,0,2,16,1,model.layers.2.self_attn.indexer.compressor.state_cache
3607831457330205,3607831457372545,3607831457698076,3607831458124708,0,2,16,1,model.layers.3.self_attn.compressor.state_cache
3607831564457724,3607831565107266,3607831565319477,3607831567627444,1,2,16,4,model.layers.2.self_attn.indexer.k_cache
3607831567891155,3607831567894955,3607831568161956,3607831568649897,0,2,16,4,model.layers.2.self_attn.attn
3607831568961878,3607831568966408,3607831569186479,3607831569921221,0,2,16,128,model.layers.3.self_attn.attn
3607831570243732,3607831570248162,3607831570465173,3607831571178325,0,2,16,1,model.layers.0.self_attn.swa_cache
3607831571486956,3607831571491586,3607831571705827,3607831572146148,0,2,16,1,model.layers.1.self_attn.swa_cache
3607831572453159,3607831572457539,3607831572669270,3607831573094801,0,2,16,1,model.layers.2.self_attn.compressor.state_cache
3607831573264131,3607831573268292,3607831573505902,3607831573927934,0,2,16,1,model.layers.2.self_attn.indexer.compressor.state_cache
3607831574227854,3607831574266195,3607831574480415,3607831574906527,0,2,16,1,model.layers.3.self_attn.compressor.state_cache
3607831628365891,3607831629029573,3607831629238004,3607831631490510,1,2,16,4,model.layers.2.self_attn.indexer.k_cache
3607831631723011,3607831631726901,3607831631968812,3607831632493714,0,2,16,4,model.layers.2.self_attn.attn
3607831632808145,3607831632812585,3607831633027535,3607831633750077,0,2,16,128,model.layers.3.self_attn.attn
3607831634063088,3607831634067498,3607831634285279,3607831635038931,0,2,16,1,model.layers.0.self_attn.swa_cache
3607831635344282,3607831635348842,3607831635564033,3607831635980274,0,2,16,1,model.layers.1.self_attn.swa_cache
3607831636293415,3607831636298165,3607831636512866,3607831636933457,0,2,16,1,model.layers.2.self_attn.compressor.state_cache
3607831637100068,3607831637103978,3607831637342868,3607831637767830,0,2,16,1,model.layers.2.self_attn.indexer.compressor.state_cache
3607831638067691,3607831638104631,3607831638317061,3607831638739103,0,2,16,1,model.layers.3.self_attn.compressor.state_cache
3607831690286191,3607831690928833,3607831691131124,3607831694073603,1,2,16,4,model.layers.2.self_attn.indexer.k_cache
3607831694296603,3607831694300914,3607831694544434,3607831695029116,0,2,16,4,model.layers.2.self_attn.attn
3607831695339867,3607831695344217,3607831695561337,3607831696304300,0,2,16,128,model.layers.3.self_attn.attn
3607831696617901,3607831696622251,3607831696834721,3607831697543723,0,2,16,1,model.layers.0.self_attn.swa_cache
3607831697848614,3607831697852914,3607831698063885,3607831698493016,0,2,16,1,model.layers.1.self_attn.swa_cache
3607831698847207,3607831698852107,3607831699079528,3607831699533600,0,2,16,1,model.layers.2.self_attn.compressor.state_cache
3607831699711400,3607831699716030,3607831699969031,3607831700444982,0,2,16,1,model.layers.2.self_attn.indexer.compressor.state_cache
3607831700772703,3607831700812014,3607831701044534,3607831701505626,0,2,16,1,model.layers.3.self_attn.compressor.state_cache
3607831753292955,3607831753927687,3607831754130827,3607831757440418,1,2,16,4,model.layers.2.self_attn.indexer.k_cache
3607831757683188,3607831757686928,3607831757932429,3607831758419501,0,2,16,4,model.layers.2.self_attn.attn
3607831758732002,3607831758736802,3607831758950112,3607831759675604,0,2,16,128,model.layers.3.self_attn.attn
3607831759988315,3607831759992885,3607831760221646,3607831760939148,0,2,16,1,model.layers.0.self_attn.swa_cache
3607831761249149,3607831761253869,3607831761468500,3607831761889921,0,2,16,1,model.layers.1.self_attn.swa_cache
3607831762194822,3607831762198952,3607831762408083,3607831762828804,0,2,16,1,model.layers.2.self_attn.compressor.state_cache
3607831762998175,3607831763002315,3607831763241475,3607831763667347,0,2,16,1,model.layers.2.self_attn.indexer.compressor.state_cache
3607831763971868,3607831764116558,3607831764361879,3607831764821430,0,2,16,1,model.layers.3.self_attn.compressor.state_cache
3607831816697150,3607831817361722,3607831817571242,3607831820759572,1,2,16,4,model.layers.2.self_attn.indexer.k_cache
3607831820985233,3607831820989483,3607831821232264,3607831821724995,0,2,16,4,model.layers.2.self_attn.attn
3607831822100236,3607831822105166,3607831822335197,3607831823115259,0,2,16,128,model.layers.3.self_attn.attn
3607831823455910,3607831823460701,3607831823695921,3607831824485814,0,2,16,1,model.layers.0.self_attn.swa_cache
3607831824824055,3607831824828925,3607831825061165,3607831825526267,0,2,16,1,model.layers.1.self_attn.swa_cache
3607831825855038,3607831825859938,3607831826091469,3607831826545280,0,2,16,1,model.layers.2.self_attn.compressor.state_cache
3607831826726011,3607831826730191,3607831826984901,3607831827444443,0,2,16,1,model.layers.2.self_attn.indexer.compressor.state_cache
3607831827771204,3607831827811354,3607831828051285,3607831828521426,0,2,16,1,model.layers.3.self_attn.compressor.state_cache
3607831880766687,3607831881436489,3607831881656089,3607831884155047,1,2,16,4,model.layers.2.self_attn.indexer.k_cache
3607831884413768,3607831884417528,3607831884664399,3607831885147610,0,2,16,4,model.layers.2.self_attn.attn
3607831885450401,3607831885454771,3607831885667562,3607831886375204,0,2,16,128,model.layers.3.self_attn.attn
3607831886680075,3607831886684315,3607831886898865,3607831887601018,0,2,16,1,model.layers.0.self_attn.swa_cache
3607831887901269,3607831887905639,3607831888160099,3607831888587141,0,2,16,1,model.layers.1.self_attn.swa_cache
3607831888885542,3607831888889882,3607831889101832,3607831889517084,0,2,16,1,model.layers.2.self_attn.compressor.state_cache
3607831889681664,3607831889685654,3607831889918885,3607831890331596,0,2,16,1,model.layers.2.self_attn.indexer.compressor.state_cache
3607831890624317,3607831890663947,3607831890877128,3607831891296089,0,2,16,1,model.layers.3.self_attn.compressor.state_cache
3607831942581047,3607831943220629,3607831943424199,3607831946913310,1,2,16,4,model.layers.2.self_attn.indexer.k_cache
3607831947135191,3607831947139271,3607831947380541,3607831947860443,0,2,16,4,model.layers.2.self_attn.attn
3607831948182314,3607831948186664,3607831948388615,3607831949102927,0,2,16,128,model.layers.3.self_attn.attn
3607831949412598,3607831949417238,3607831949631678,3607831950340381,0,2,16,1,model.layers.0.self_attn.swa_cache
3607831950643051,3607831950647321,3607831950862592,3607831951276193,0,2,16,1,model.layers.1.self_attn.swa_cache
3607831951578014,3607831951582344,3607831951797695,3607831952228696,0,2,16,1,model.layers.2.self_attn.compressor.state_cache
3607831952398107,3607831952401947,3607831952637418,3607831953054269,0,2,16,1,model.layers.2.self_attn.indexer.compressor.state_cache
3607831953472680,3607831953516290,3607831953755421,3607831954208102,0,2,16,1,model.layers.3.self_attn.compressor.state_cache
3607832005828571,3607832006468563,3607832006669474,3607832009767923,1,2,16,4,model.layers.2.self_attn.indexer.k_cache
3607832010023454,3607832010027704,3607832010287675,3607832010806366,0,2,16,4,model.layers.2.self_attn.attn
3607832011138877,3607832011143407,3607832011377218,3607832012168441,0,2,16,128,model.layers.3.self_attn.attn
3607832012509862,3607832012514652,3607832012743302,3607832013527935,0,2,16,1,model.layers.0.self_attn.swa_cache
3607832013889106,3607832013893796,3607832014125377,3607832014588978,0,2,16,1,model.layers.1.self_attn.swa_cache
3607832014910489,3607832014915059,3607832015143530,3607832015602091,0,2,16,1,model.layers.2.self_attn.compressor.state_cache
3607832015780202,3607832015784422,3607832016062043,3607832016529484,0,2,16,1,model.layers.2.self_attn.indexer.compressor.state_cache
3607832016867525,3607832016906805,3607832017142376,3607832017606477,0,2,16,1,model.layers.3.self_attn.compressor.state_cache
3607832069838798,3607832070492720,3607832070710890,3607832073478719,1,1,8,4,model.layers.2.self_attn.indexer.k_cache
3607832073708760,3607832073712850,3607832073957210,3607832074443852,0,1,8,4,model.layers.2.self_attn.attn
3607832074755723,3607832074760513,3607832074978284,3607832075710246,0,1,8,128,model.layers.3.self_attn.attn
3607832076038857,3607832076044077,3607832076264398,3607832076991440,0,1,8,1,model.layers.0.self_attn.swa_cache
3607832077301711,3607832077306191,3607832077520641,3607832077940003,0,1,8,1,model.layers.1.self_attn.swa_cache
3607832078243654,3607832078248014,3607832078464594,3607832078886486,0,1,8,1,model.layers.2.self_attn.compressor.state_cache
3607832079053546,3607832079057666,3607832079292977,3607832079714298,0,1,8,1,model.layers.2.self_attn.indexer.compressor.state_cache
3607832080023129,3607832080060239,3607832080281810,3607832080697741,0,1,8,1,model.layers.3.self_attn.compressor.state_cache
3607832132323570,3607832132987162,3607832133195503,3607832138696389,1,1,8,4,model.layers.2.self_attn.indexer.k_cache
3607832138921390,3607832138925400,3607832139368732,3607832140141544,0,1,8,4,model.layers.2.self_attn.attn
3607832140612685,3607832140619345,3607832140942586,3607832142053540,0,1,8,128,model.layers.3.self_attn.attn
3607832142524201,3607832142530971,3607832142860172,3607832143951886,0,1,8,1,model.layers.0.self_attn.swa_cache
3607832144444997,3607832144452177,3607832144780988,3607832145413980,0,1,8,1,model.layers.1.self_attn.swa_cache
3607832145874142,3607832145880872,3607832146203803,3607832146835834,0,1,8,1,model.layers.2.self_attn.compressor.state_cache
3607832147087885,3607832147093815,3607832147489446,3607832147910138,0,1,8,1,model.layers.2.self_attn.indexer.compressor.state_cache
3607832148224939,3607832148261439,3607832148474840,3607832148898621,0,1,8,1,model.layers.3.self_attn.compressor.state_cache
3607832200459299,3607832201122761,3607832201325852,3607832203528079,1,1,8,4,model.layers.2.self_attn.indexer.k_cache
3607832203740229,3607832203744189,3607832203985910,3607832204517292,0,1,8,4,model.layers.2.self_attn.attn
3607832204828983,3607832204833483,3607832205048963,3607832205761036,0,1,8,128,model.layers.3.self_attn.attn
3607832206076527,3607832206080977,3607832206294437,3607832207007509,0,1,8,1,model.layers.0.self_attn.swa_cache
3607832207317190,3607832207321920,3607832207536451,3607832207959442,0,1,8,1,model.layers.1.self_attn.swa_cache
3607832208272673,3607832208277113,3607832208487744,3607832208910415,0,1,8,1,model.layers.2.self_attn.compressor.state_cache
3607832209077216,3607832209081256,3607832209318147,3607832209734148,0,1,8,1,model.layers.2.self_attn.indexer.compressor.state_cache
3607832210031849,3607832210068779,3607832210281529,3607832210703561,0,1,8,1,model.layers.3.self_attn.compressor.state_cache
3607832261943828,3607832262590870,3607832262795871,3607832265136618,1,1,8,4,model.layers.2.self_attn.indexer.k_cache
3607832265351679,3607832265355779,3607832265598900,3607832266074011,0,1,8,4,model.layers.2.self_attn.attn
3607832266382972,3607832266387282,3607832266599453,3607832267317725,0,1,8,128,model.layers.3.self_attn.attn
3607832267635196,3607832267639456,3607832267856536,3607832268593819,0,1,8,1,model.layers.0.self_attn.swa_cache
3607832268905980,3607832268910330,3607832269122300,3607832269546462,0,1,8,1,model.layers.1.self_attn.swa_cache
3607832269852203,3607832269856693,3607832270071853,3607832270493165,0,1,8,1,model.layers.2.self_attn.compressor.state_cache
3607832270661025,3607832270664745,3607832270898586,3607832271316297,0,1,8,1,model.layers.2.self_attn.indexer.compressor.state_cache
3607832271647038,3607832271683958,3607832271896259,3607832272342560,0,1,8,1,model.layers.3.self_attn.compressor.state_cache
3607832323643428,3607832324309120,3607832324508651,3607832327833961,1,1,8,4,model.layers.2.self_attn.indexer.k_cache
3607832328072802,3607832328077022,3607832328320762,3607832328802154,0,1,8,4,model.layers.2.self_attn.attn
3607832329117395,3607832329121885,3607832329339225,3607832330071248,0,1,8,128,model.layers.3.self_attn.attn
3607832330387839,3607832330392319,3607832330607819,3607832331327162,0,1,8,1,model.layers.0.self_attn.swa_cache
3607832331636672,3607832331641293,3607832331855803,3607832332303595,0,1,8,1,model.layers.1.self_attn.swa_cache
3607832332615595,3607832332620126,3607832332831336,3607832333259737,0,1,8,1,model.layers.2.self_attn.compressor.state_cache
3607832333428448,3607832333432438,3607832333666149,3607832334092030,0,1,8,1,model.layers.2.self_attn.indexer.compressor.state_cache
3607832334442611,3607832334481371,3607832334715112,3607832335173143,0,1,8,1,model.layers.3.self_attn.compressor.state_cache
3607832386855762,3607832387493344,3607832387695005,3607832390712344,1,1,8,4,model.layers.2.self_attn.indexer.k_cache
3607832390914885,3607832390918845,3607832391225456,3607832391745617,0,1,8,4,model.layers.2.self_attn.attn
3607832392108218,3607832392113318,3607832392352179,3607832393137092,0,1,8,128,model.layers.3.self_attn.attn
3607832393476703,3607832393481623,3607832393715133,3607832394488096,0,1,8,1,model.layers.0.self_attn.swa_cache
3607832394824607,3607832394829497,3607832395059977,3607832395523799,0,1,8,1,model.layers.1.self_attn.swa_cache
3607832395850230,3607832395854970,3607832396101971,3607832396551462,0,1,8,1,model.layers.2.self_attn.compressor.state_cache
3607832396734103,3607832396738543,3607832396991453,3607832397440475,0,1,8,1,model.layers.2.self_attn.indexer.compressor.state_cache
3607832397766626,3607832397805166,3607832398036867,3607832398491818,0,1,8,1,model.layers.3.self_attn.compressor.state_cache
3607832449720925,3607832450367857,3607832450570848,3607832454198219,1,1,8,4,model.layers.2.self_attn.indexer.k_cache
3607832454413990,3607832454417880,3607832454660501,3607832455136912,0,1,8,4,model.layers.2.self_attn.attn
3607832455451633,3607832455456003,3607832455667734,3607832456546336,0,1,8,128,model.layers.3.self_attn.attn
3607832456911538,3607832456916548,3607832457165508,3607832457994481,0,1,8,1,model.layers.0.self_attn.swa_cache
3607832458354892,3607832458359982,3607832458605393,3607832459098714,0,1,8,1,model.layers.1.self_attn.swa_cache
3607832459445635,3607832459450785,3607832459697866,3607832460211708,0,1,8,1,model.layers.2.self_attn.compressor.state_cache
3607832460405138,3607832460409858,3607832460683409,3607832461169711,0,1,8,1,model.layers.2.self_attn.indexer.compressor.state_cache
3607832461516872,3607832461558522,3607832461805173,3607832462290484,0,1,8,1,model.layers.3.self_attn.compressor.state_cache
3607832513710502,3607832514348924,3607832514555935,3607832517346373,1,1,8,4,model.layers.2.self_attn.indexer.k_cache
3607832517557164,3607832517561324,3607832517800615,3607832518282846,0,1,8,4,model.layers.2.self_attn.attn
3607832518595107,3607832518599427,3607832518812898,3607832519545400,0,1,8,128,model.layers.3.self_attn.attn
3607832519854581,3607832519859131,3607832520098902,3607832520911784,0,1,8,1,model.layers.0.self_attn.swa_cache
3607832521235935,3607832521240565,3607832521463266,3607832521909517,0,1,8,1,model.layers.1.self_attn.swa_cache
3607832522222838,3607832522227398,3607832522446849,3607832522887420,0,1,8,1,model.layers.2.self_attn.compressor.state_cache
3607832523062991,3607832523067051,3607832523311942,3607832523741863,0,1,8,1,model.layers.2.self_attn.indexer.compressor.state_cache
3607832524071824,3607832524108534,3607832524330765,3607832524769606,0,1,8,1,model.layers.3.self_attn.compressor.state_cache
3607833434292742,3607833434586843,3607833434825434,3607833436977710,1,1,88,4,model.layers.2.self_attn.indexer.k_cache
3607833437254661,3607833437258531,3607833437494182,3607833437962853,0,1,88,4,model.layers.2.self_attn.attn
3607833438299444,3607833438303574,3607833438511415,3607833439197087,0,1,88,128,model.layers.3.self_attn.attn
3607833439496318,3607833439500628,3607833439711209,3607833440420441,0,1,88,1,model.layers.0.self_attn.swa_cache
3607833440714862,3607833440718742,3607833440930632,3607833441347374,0,1,88,1,model.layers.1.self_attn.swa_cache
3607833441634904,3607833441639094,3607833441844185,3607833442252676,0,1,88,1,model.layers.2.self_attn.compressor.state_cache
3607833442415847,3607833442419537,3607833442649208,3607833443050449,0,1,88,1,model.layers.2.self_attn.indexer.compressor.state_cache
3607833443338560,3607833443386570,3607833443589670,3607833443994342,0,1,88,1,model.layers.3.self_attn.compressor.state_cache
3607833844581063,3607833845261905,3607833845488446,3607833872478229,1,1,8,4,model.layers.2.self_attn.indexer.k_cache
3607833872769570,3607833872773800,3607833873023991,3607833873519392,0,1,8,4,model.layers.2.self_attn.attn
3607833873830883,3607833873835033,3607833874044574,3607833874767776,0,1,8,128,model.layers.3.self_attn.attn
3607833875072737,3607833875077147,3607833875291288,3607833875989080,0,1,8,1,model.layers.0.self_attn.swa_cache
3607833876307091,3607833876311461,3607833876522131,3607833877001093,0,1,8,1,model.layers.1.self_attn.swa_cache
3607833877435264,3607833877441614,3607833877738845,3607833878320327,0,1,8,1,model.layers.2.self_attn.compressor.state_cache
3607833878570748,3607833878576228,3607833878921319,3607833879504920,0,1,8,1,model.layers.2.self_attn.indexer.compressor.state_cache
3607833879921282,3607833879982382,3607833880300003,3607833880894325,0,1,8,1,model.layers.3.self_attn.compressor.state_cache
3607833950459389,3607833951055040,3607833951474312,3607833953518988,1,4,264,4,model.layers.2.self_attn.indexer.k_cache
3607833953784709,3607833953789279,3607833954032940,3607833954513821,0,4,264,4,model.layers.2.self_attn.attn
3607833954820492,3607833954825062,3607833955035523,3607833955749795,0,4,264,128,model.layers.3.self_attn.attn
3607833956064786,3607833956069246,3607833956287457,3607833956994059,0,4,264,1,model.layers.0.self_attn.swa_cache
3607833957296380,3607833957301190,3607833957511800,3607833957928942,0,4,264,1,model.layers.1.self_attn.swa_cache
3607833958227392,3607833958231962,3607833958544953,3607833958960355,0,4,264,1,model.layers.2.self_attn.compressor.state_cache
3607833959122885,3607833959126755,3607833959361076,3607833959790107,0,4,264,1,model.layers.2.self_attn.indexer.compressor.state_cache
3607833960096808,3607833960138698,3607833960463239,3607833960889881,0,4,264,1,model.layers.3.self_attn.compressor.state_cache
3607834386291238,3607834386955790,3607834387168991,3607834396739981,1,4,32,4,model.layers.2.self_attn.indexer.k_cache
3607834397021531,3607834397025811,3607834397272232,3607834397766474,0,4,32,4,model.layers.2.self_attn.attn
3607834398075415,3607834398079495,3607834398291445,3607834399003547,0,4,32,128,model.layers.3.self_attn.attn
3607834399311758,3607834399316548,3607834399557149,3607834400284571,0,4,32,1,model.layers.0.self_attn.swa_cache
3607834400589362,3607834400593692,3607834400796433,3607834401213664,0,4,32,1,model.layers.1.self_attn.swa_cache
3607834401506965,3607834401511915,3607834401724216,3607834402144637,0,4,32,1,model.layers.2.self_attn.compressor.state_cache
3607834402309388,3607834402313028,3607834402543808,3607834402955350,0,4,32,1,model.layers.2.self_attn.indexer.compressor.state_cache
3607834403250541,3607834403296351,3607834403511841,3607834403933183,0,4,32,1,model.layers.3.self_attn.compressor.state_cache
3607834527660603,3607834528300205,3607834528699676,3607834530889563,1,9,456,4,model.layers.2.self_attn.indexer.k_cache
3607834531181074,3607834531184864,3607834531424815,3607834531905246,0,9,456,4,model.layers.2.self_attn.attn
3607834532227727,3607834532232167,3607834532442958,3607834533152090,0,9,456,128,model.layers.3.self_attn.attn
3607834533459051,3607834533463571,3607834533681221,3607834534377634,0,9,456,1,model.layers.0.self_attn.swa_cache
3607834534679985,3607834534684365,3607834534899315,3607834535316897,0,9,456,1,model.layers.1.self_attn.swa_cache
3607834535641288,3607834535645708,3607834535959628,3607834536390000,0,9,456,1,model.layers.2.self_attn.compressor.state_cache
3607834536558730,3607834536562420,3607834536794311,3607834537208422,0,9,456,1,model.layers.2.self_attn.indexer.compressor.state_cache
3607834537497133,3607834537543293,3607834537857214,3607834538275466,0,9,456,1,model.layers.3.self_attn.compressor.state_cache
3607834964036374,3607834964699057,3607834964909467,3607834968697019,1,9,72,4,model.layers.2.self_attn.indexer.k_cache
3607834968974160,3607834968978290,3607834969225440,3607834969797772,0,9,72,4,model.layers.2.self_attn.attn
3607834970151313,3607834970156463,3607834970401994,3607834971230367,0,9,72,128,model.layers.3.self_attn.attn
3607834971582338,3607834971587508,3607834971835318,3607834972742231,0,9,72,1,model.layers.0.self_attn.swa_cache
3607834973089932,3607834973095382,3607834973340533,3607834973823065,0,9,72,1,model.layers.1.self_attn.swa_cache
3607834974162006,3607834974166806,3607834974406596,3607834974880098,0,9,72,1,model.layers.2.self_attn.compressor.state_cache
3607834975063978,3607834975068258,3607834975335629,3607834975807491,0,9,72,1,model.layers.2.self_attn.indexer.compressor.state_cache
3607834976154892,3607834976211022,3607834976457543,3607834976933404,0,9,72,1,model.layers.3.self_attn.compressor.state_cache
3607835063395530,3607835063993622,3607835064400923,3607835066468589,1,12,328,4,model.layers.2.self_attn.indexer.k_cache
3607835066727600,3607835066731780,3607835066977881,3607835067470822,0,12,328,4,model.layers.2.self_attn.attn
3607835067776163,3607835067780453,3607835067996294,3607835068733966,0,12,328,128,model.layers.3.self_attn.attn
3607835069046047,3607835069050377,3607835069275418,3607835069986780,0,12,328,1,model.layers.0.self_attn.swa_cache
3607835070287841,3607835070291931,3607835070510082,3607835070937923,0,12,328,1,model.layers.1.self_attn.swa_cache
3607835071237334,3607835071241684,3607835071564265,3607835071990886,0,12,328,1,model.layers.2.self_attn.compressor.state_cache
3607835072166887,3607835072170927,3607835072411238,3607835072830549,0,12,328,1,model.layers.2.self_attn.indexer.compressor.state_cache
3607835073130850,3607835073175280,3607835073497611,3607835073921032,0,12,328,1,model.layers.3.self_attn.compressor.state_cache
3607835505311699,3607835506006591,3607835506235331,3607835508806379,1,12,96,4,model.layers.2.self_attn.indexer.k_cache
3607835509101660,3607835509105690,3607835509352911,3607835509857823,0,12,96,4,model.layers.2.self_attn.attn
3607835510174583,3607835510179083,3607835510394164,3607835511109316,0,12,96,128,model.layers.3.self_attn.attn
3607835511428157,3607835511432767,3607835511644678,3607835512370650,0,12,96,1,model.layers.0.self_attn.swa_cache
3607835512680371,3607835512684801,3607835512901872,3607835513324133,0,12,96,1,model.layers.1.self_attn.swa_cache
3607835513626204,3607835513630544,3607835513840685,3607835514268606,0,12,96,1,model.layers.2.self_attn.compressor.state_cache
3607835514433857,3607835514437757,3607835514673007,3607835515091719,0,12,96,1,model.layers.2.self_attn.indexer.compressor.state_cache
3607835515387809,3607835515439380,3607835515665020,3607835516101762,0,12,96,1,model.layers.3.self_attn.compressor.state_cache
3607835572626775,3607835573313078,3607835573552198,3607835580369769,1,12,96,4,model.layers.2.self_attn.indexer.k_cache
3607835580767120,3607835580773411,3607835581188432,3607835582022574,0,12,96,4,model.layers.2.self_attn.attn
3607835582540876,3607835582548466,3607835582900647,3607835583964300,0,12,96,128,model.layers.3.self_attn.attn
3607835584501392,3607835584508652,3607835584867483,3607835585888656,0,12,96,1,model.layers.0.self_attn.swa_cache
3607835586402698,3607835586409828,3607835586772659,3607835587402721,0,12,96,1,model.layers.1.self_attn.swa_cache
3607835587703052,3607835587707292,3607835587919192,3607835588360464,0,12,96,1,model.layers.2.self_attn.compressor.state_cache
3607835588530444,3607835588534334,3607835588771105,3607835589186826,0,12,96,1,model.layers.2.self_attn.indexer.compressor.state_cache
3607835589489667,3607835589529377,3607835589752718,3607835590177399,0,12,96,1,model.layers.3.self_attn.compressor.state_cache
3607835651596378,3607835652282260,3607835652498681,3607835654565277,1,12,96,4,model.layers.2.self_attn.indexer.k_cache
3607835654806028,3607835654809798,3607835655063979,3607835655555090,0,12,96,4,model.layers.2.self_attn.attn
3607835655863141,3607835655867881,3607835656091592,3607835656696294,0,12,96,128,model.layers.3.self_attn.attn
3607835657003455,3607835657008025,3607835657223006,3607835657827277,0,12,96,1,model.layers.0.self_attn.swa_cache
3607835658132978,3607835658137748,3607835658351679,3607835658767950,0,12,96,1,model.layers.1.self_attn.swa_cache
3607835659066101,3607835659070601,3607835659279482,3607835659702123,0,12,96,1,model.layers.2.self_attn.compressor.state_cache
3607835659867404,3607835659871154,3607835660128044,3607835660544946,0,12,96,1,model.layers.2.self_attn.indexer.compressor.state_cache
3607835660841357,3607835660879907,3607835661093947,3607835661508539,0,12,96,1,model.layers.3.self_attn.compressor.state_cache
3607835713776679,3607835714446821,3607835714658772,3607835717441801,1,12,96,4,model.layers.2.self_attn.indexer.k_cache
3607835717658251,3607835717662361,3607835717904022,3607835718446134,0,12,96,4,model.layers.2.self_attn.attn
3607835718786045,3607835718790625,3607835719024096,3607835719687318,0,12,96,128,model.layers.3.self_attn.attn
3607835720035339,3607835720040129,3607835720278939,3607835720936381,0,12,96,1,model.layers.0.self_attn.swa_cache
3607835721269942,3607835721275032,3607835721504513,3607835721961395,0,12,96,1,model.layers.1.self_attn.swa_cache
3607835722291686,3607835722296756,3607835722527116,3607835722988298,0,12,96,1,model.layers.2.self_attn.compressor.state_cache
3607835723169148,3607835723173368,3607835723427689,3607835723888401,0,12,96,1,model.layers.2.self_attn.indexer.compressor.state_cache
3607835724220182,3607835724257092,3607835724486382,3607835724936124,0,12,96,1,model.layers.3.self_attn.compressor.state_cache
3607835777250055,3607835777895247,3607835778098217,3607835784512927,1,12,96,4,model.layers.2.self_attn.indexer.k_cache
3607835784831608,3607835784837848,3607835785211199,3607835785955681,0,12,96,4,model.layers.2.self_attn.attn
3607835786420293,3607835786426563,3607835786758184,3607835787672907,0,12,96,128,model.layers.3.self_attn.attn
3607835788178358,3607835788185298,3607835788519969,3607835789455702,0,12,96,1,model.layers.0.self_attn.swa_cache
3607835789933294,3607835789939704,3607835790273895,3607835790914547,0,12,96,1,model.layers.1.self_attn.swa_cache
3607835791365038,3607835791369848,3607835791596089,3607835792058200,0,12,96,1,model.layers.2.self_attn.compressor.state_cache
3607835792240411,3607835792244511,3607835792498051,3607835792947073,0,12,96,1,model.layers.2.self_attn.indexer.compressor.state_cache
3607835793293964,3607835793332874,3607835793561925,3607835794018926,0,12,96,1,model.layers.3.self_attn.compressor.state_cache
3607835846865009,3607835847531091,3607835847743641,3607835850566570,1,12,96,4,model.layers.2.self_attn.indexer.k_cache
3607835850784291,3607835850788291,3607835851030411,3607835851510593,0,12,96,4,model.layers.2.self_attn.attn
3607835851821834,3607835851826234,3607835852062405,3607835852778797,0,12,96,128,model.layers.3.self_attn.attn
3607835853109278,3607835853113878,3607835853328458,3607835854038931,0,12,96,1,model.layers.0.self_attn.swa_cache
3607835854351712,3607835854356542,3607835854578132,3607835854997724,0,12,96,1,model.layers.1.self_attn.swa_cache
3607835855299795,3607835855304145,3607835855517055,3607835855929056,0,12,96,1,model.layers.2.self_attn.compressor.state_cache
3607835856108227,3607835856112267,3607835856352418,3607835856786969,0,12,96,1,model.layers.2.self_attn.indexer.compressor.state_cache
3607835857088680,3607835857125380,3607835857341541,3607835857792762,0,12,96,1,model.layers.3.self_attn.compressor.state_cache
3607835910245363,3607835910918226,3607835911138916,3607835916418852,1,12,96,4,model.layers.2.self_attn.indexer.k_cache
3607835916684063,3607835916688353,3607835916932284,3607835917427106,0,12,96,4,model.layers.2.self_attn.attn
3607835917763927,3607835917768157,3607835917984787,3607835918599149,0,12,96,128,model.layers.3.self_attn.attn
3607835918905730,3607835918909740,3607835919123581,3607835919723793,0,12,96,1,model.layers.0.self_attn.swa_cache
3607835920039104,3607835920043194,3607835920259534,3607835920682056,0,12,96,1,model.layers.1.self_attn.swa_cache
3607835920983006,3607835920987076,3607835921199517,3607835921629438,0,12,96,1,model.layers.2.self_attn.compressor.state_cache
3607835921803069,3607835921806919,3607835922050290,3607835922543681,0,12,96,1,model.layers.2.self_attn.indexer.compressor.state_cache
3607835922898752,3607835922942622,3607835923203033,3607835923707315,0,12,96,1,model.layers.3.self_attn.compressor.state_cache
3607835977288190,3607835977973182,3607835978188152,3607835981308332,1,12,96,4,model.layers.2.self_attn.indexer.k_cache
3607835981535403,3607835981539363,3607835981780783,3607835982268025,0,12,96,4,model.layers.2.self_attn.attn
3607835982575296,3607835982579476,3607835982797267,3607835983415198,0,12,96,128,model.layers.3.self_attn.attn
3607835983721719,3607835983725979,3607835983940200,3607835984561402,0,12,96,1,model.layers.0.self_attn.swa_cache
3607835984867633,3607835984871953,3607835985083644,3607835985500465,0,12,96,1,model.layers.1.self_attn.swa_cache
3607835985801506,3607835985805556,3607835986034266,3607835986451898,0,12,96,1,model.layers.2.self_attn.compressor.state_cache
3607835986619638,3607835986623618,3607835986897479,3607835987346510,0,12,96,1,model.layers.2.self_attn.indexer.compressor.state_cache
3607835987665061,3607835987704402,3607835987934002,3607835988423674,0,12,96,1,model.layers.3.self_attn.compressor.state_cache
3607836041051736,3607836041692098,3607836041898348,3607836046672373,1,12,96,4,model.layers.2.self_attn.indexer.k_cache
3607836046903034,3607836046906974,3607836047150794,3607836047640046,0,12,96,4,model.layers.2.self_attn.attn
3607836047949067,3607836047953487,3607836048187438,3607836048801999,0,12,96,128,model.layers.3.self_attn.attn
3607836049114900,3607836049119340,3607836049334671,3607836049933873,0,12,96,1,model.layers.0.self_attn.swa_cache
3607836050238634,3607836050242964,3607836050453335,3607836050869666,0,12,96,1,model.layers.1.self_attn.swa_cache
3607836051169817,3607836051174047,3607836051457418,3607836052039749,0,12,96,1,model.layers.2.self_attn.compressor.state_cache
3607836052266840,3607836052272080,3607836052594151,3607836053161893,0,12,96,1,model.layers.2.self_attn.indexer.compressor.state_cache
3607836053573394,3607836053622844,3607836053913875,3607836054477837,0,12,96,1,model.layers.3.self_attn.compressor.state_cache
3607836107929721,3607836108627653,3607836108840854,3607836111505332,1,12,96,4,model.layers.2.self_attn.indexer.k_cache
3607836111731973,3607836111735823,3607836111982824,3607836112491025,0,12,96,4,model.layers.2.self_attn.attn
3607836112800346,3607836112804856,3607836113018967,3607836113628709,0,12,96,128,model.layers.3.self_attn.attn
3607836113935320,3607836113939640,3607836114155770,3607836114760482,0,12,96,1,model.layers.0.self_attn.swa_cache
3607836115065123,3607836115069233,3607836115286294,3607836115706215,0,12,96,1,model.layers.1.self_attn.swa_cache
3607836116020436,3607836116024526,3607836116286257,3607836116727838,0,12,96,1,model.layers.2.self_attn.compressor.state_cache
3607836116904839,3607836116908839,3607836117152900,3607836117588111,0,12,96,1,model.layers.2.self_attn.indexer.compressor.state_cache
3607836117905532,3607836117944002,3607836118163433,3607836118616444,0,12,96,1,model.layers.3.self_attn.compressor.state_cache
3607836171146096,3607836171799368,3607836172016878,3607836177673126,1,12,96,4,model.layers.2.self_attn.indexer.k_cache
3607836177905486,3607836177909366,3607836178153847,3607836178639379,0,12,96,4,model.layers.2.self_attn.attn
3607836178953910,3607836178958090,3607836179173220,3607836179887872,0,12,96,128,model.layers.3.self_attn.attn
3607836180234184,3607836180238764,3607836180455544,3607836181408657,0,12,96,1,model.layers.0.self_attn.swa_cache
3607836181847978,3607836181854279,3607836182155949,3607836182758841,0,12,96,1,model.layers.1.self_attn.swa_cache
3607836183239953,3607836183245893,3607836183554364,3607836184183606,0,12,96,1,model.layers.2.self_attn.compressor.state_cache
3607836184427336,3607836184432926,3607836184770677,3607836185379269,0,12,96,1,model.layers.2.self_attn.indexer.compressor.state_cache
3607836185822861,3607836185874151,3607836186180992,3607836186786634,0,12,96,1,model.layers.3.self_attn.compressor.state_cache
3607836239920317,3607836240635219,3607836240845040,3607836244386471,1,12,96,4,model.layers.2.self_attn.indexer.k_cache
3607836244609891,3607836244613831,3607836244853152,3607836245337264,0,12,96,4,model.layers.2.self_attn.attn
3607836245644475,3607836245648915,3607836245901245,3607836246694678,0,12,96,128,model.layers.3.self_attn.attn
3607836247033159,3607836247037869,3607836247272380,3607836248068802,0,12,96,1,model.layers.0.self_attn.swa_cache
3607836248424993,3607836248429793,3607836248664484,3607836249137795,0,12,96,1,model.layers.1.self_attn.swa_cache
3607836249471466,3607836249476266,3607836249710207,3607836250173069,0,12,96,1,model.layers.2.self_attn.compressor.state_cache
3607836250357369,3607836250361629,3607836250621440,3607836251082831,0,12,96,1,model.layers.2.self_attn.indexer.compressor.state_cache
3607836251411872,3607836251452132,3607836251685443,3607836252159145,0,12,96,1,model.layers.3.self_attn.compressor.state_cache
3607836304624546,3607836305273518,3607836305472219,3607836310329203,1,12,96,4,model.layers.2.self_attn.indexer.k_cache
3607836310542304,3607836310546374,3607836310788125,3607836311375527,0,12,96,4,model.layers.2.self_attn.attn
3607836311797468,3607836311803728,3607836312125379,3607836312966362,0,12,96,128,model.layers.3.self_attn.attn
3607836313398843,3607836313405263,3607836313697764,3607836314511036,0,12,96,1,model.layers.0.self_attn.swa_cache
3607836314926758,3607836314932628,3607836315219769,3607836315799730,0,12,96,1,model.layers.1.self_attn.swa_cache
3607836316220872,3607836316227322,3607836316517043,3607836317097764,0,12,96,1,model.layers.2.self_attn.compressor.state_cache
3607836317326515,3607836317331785,3607836317651696,3607836318218288,0,12,96,1,model.layers.2.self_attn.indexer.compressor.state_cache
3607836318622729,3607836318669299,3607836318975000,3607836319507442,0,12,96,1,model.layers.3.self_attn.compressor.state_cache
3607836371281791,3607836371946903,3607836372197834,3607836375975455,1,12,96,4,model.layers.2.self_attn.indexer.k_cache
3607836376246406,3607836376250626,3607836376501597,3607836376986378,0,12,96,4,model.layers.2.self_attn.attn
3607836377299669,3607836377304089,3607836377521190,3607836378132472,0,12,96,128,model.layers.3.self_attn.attn
3607836378449793,3607836378454413,3607836378670644,3607836379269405,0,12,96,1,model.layers.0.self_attn.swa_cache
3607836379577566,3607836379581856,3607836379795137,3607836380230228,0,12,96,1,model.layers.1.self_attn.swa_cache
3607836380536289,3607836380540889,3607836380752120,3607836381179881,0,12,96,1,model.layers.2.self_attn.compressor.state_cache
3607836381347822,3607836381351892,3607836381590383,3607836382008744,0,12,96,1,model.layers.2.self_attn.indexer.compressor.state_cache
3607836382310135,3607836382347605,3607836382560476,3607836382981667,0,12,96,1,model.layers.3.self_attn.compressor.state_cache
3607836436047070,3607836436719622,3607836436934233,3607836442502980,1,12,96,4,model.layers.2.self_attn.indexer.k_cache
3607836442822481,3607836442828021,3607836443159092,3607836443810614,0,12,96,4,model.layers.2.self_attn.attn
3607836444256365,3607836444262235,3607836444559216,3607836445400329,0,12,96,128,model.layers.3.self_attn.attn
3607836445822460,3607836445828650,3607836446131051,3607836446949314,0,12,96,1,model.layers.0.self_attn.swa_cache
3607836447364325,3607836447370755,3607836447663156,3607836448269988,0,12,96,1,model.layers.1.self_attn.swa_cache
3607836448687399,3607836448693589,3607836448986610,3607836449498891,0,12,96,1,model.layers.2.self_attn.compressor.state_cache
3607836449670332,3607836449674092,3607836449915133,3607836450350314,0,12,96,1,model.layers.2.self_attn.indexer.compressor.state_cache
3607836450699475,3607836450740595,3607836450962516,3607836451396367,0,12,96,1,model.layers.3.self_attn.compressor.state_cache
3607836504124449,3607836504790981,3607836505010862,3607836508461173,1,12,96,4,model.layers.2.self_attn.indexer.k_cache
3607836508684363,3607836508688273,3607836508931374,3607836509421196,0,12,96,4,model.layers.2.self_attn.attn
3607836509728877,3607836509733167,3607836509947247,3607836510564279,0,12,96,128,model.layers.3.self_attn.attn
3607836510868070,3607836510873010,3607836511083221,3607836511683143,0,12,96,1,model.layers.0.self_attn.swa_cache
3607836511987624,3607836511991764,3607836512222724,3607836512645086,0,12,96,1,model.layers.1.self_attn.swa_cache
3607836512947166,3607836512951526,3607836513164327,3607836513607648,0,12,96,1,model.layers.2.self_attn.compressor.state_cache
3607836513774079,3607836513777759,3607836514012780,3607836514441001,0,12,96,1,model.layers.2.self_attn.indexer.compressor.state_cache
3607836514774392,3607836514811732,3607836515027963,3607836515447964,0,12,96,1,model.layers.3.self_attn.compressor.state_cache
3607836568502827,3607836569154399,3607836569365980,3607836574903437,1,12,96,4,model.layers.2.self_attn.indexer.k_cache
3607836575176258,3607836575180728,3607836575439339,3607836575961920,0,12,96,4,model.layers.2.self_attn.attn
3607836576323191,3607836576328041,3607836576562132,3607836577221764,0,12,96,128,model.layers.3.self_attn.attn
3607836577552205,3607836577556615,3607836577784626,3607836578429818,0,12,96,1,model.layers.0.self_attn.swa_cache
3607836578760819,3607836578765499,3607836578995510,3607836579453681,0,12,96,1,model.layers.1.self_attn.swa_cache
3607836579868922,3607836579874732,3607836580192573,3607836580765735,0,12,96,1,model.layers.2.self_attn.compressor.state_cache
3607836580990686,3607836580995946,3607836581316177,3607836581883618,0,12,96,1,model.layers.2.self_attn.indexer.compressor.state_cache
3607836582308780,3607836582358550,3607836582648611,3607836583224633,0,12,96,1,model.layers.3.self_attn.compressor.state_cache
3607836642027883,3607836642685855,3607836642894286,3607836644935672,1,12,96,4,model.layers.2.self_attn.indexer.k_cache
3607836645164043,3607836645168213,3607836645408514,3607836645898565,0,12,96,4,model.layers.2.self_attn.attn
3607836646206696,3607836646210956,3607836646418937,3607836647020989,0,12,96,128,model.layers.3.self_attn.attn
3607836647327800,3607836647332320,3607836647541000,3607836648160632,0,12,96,1,model.layers.0.self_attn.swa_cache
3607836648470793,3607836648475303,3607836648689204,3607836649108505,0,12,96,1,model.layers.1.self_attn.swa_cache
3607836649407286,3607836649411456,3607836649620627,3607836650043228,0,12,96,1,model.layers.2.self_attn.compressor.state_cache
3607836650210848,3607836650214548,3607836650445069,3607836650858530,0,12,96,1,model.layers.2.self_attn.indexer.compressor.state_cache
3607836651153481,3607836651191871,3607836651406592,3607836651824183,0,12,96,1,model.layers.3.self_attn.compressor.state_cache
3607836703565683,3607836704223075,3607836704423945,3607836709684681,1,12,96,4,model.layers.2.self_attn.indexer.k_cache
3607836709953162,3607836709958262,3607836710286203,3607836710952585,0,12,96,4,model.layers.2.self_attn.attn
3607836711369257,3607836711375137,3607836711669827,3607836712651070,0,12,96,128,model.layers.3.self_attn.attn
3607836713098442,3607836713104372,3607836713399643,3607836714351996,0,12,96,1,model.layers.0.self_attn.swa_cache
3607836714782377,3607836714788117,3607836715078468,3607836715650020,0,12,96,1,model.layers.1.self_attn.swa_cache
3607836716072711,3607836716078401,3607836716371502,3607836717027874,0,12,96,1,model.layers.2.self_attn.compressor.state_cache
3607836717199834,3607836717203594,3607836717439555,3607836717854546,0,12,96,1,model.layers.2.self_attn.indexer.compressor.state_cache
3607836718153667,3607836718188957,3607836718401058,3607836718818949,0,12,96,1,model.layers.3.self_attn.compressor.state_cache
3607836770769469,3607836771424851,3607836771630632,3607836778055022,1,12,96,4,model.layers.2.self_attn.indexer.k_cache
3607836778280792,3607836778285012,3607836778549633,3607836779081635,0,12,96,4,model.layers.2.self_attn.attn
3607836779457016,3607836779461446,3607836779696177,3607836780389989,0,12,96,128,model.layers.3.self_attn.attn
3607836780735000,3607836780739980,3607836780979391,3607836781641013,0,12,96,1,model.layers.0.self_attn.swa_cache
3607836781977314,3607836781981864,3607836782216464,3607836782741996,0,12,96,1,model.layers.1.self_attn.swa_cache
3607836783179737,3607836783185677,3607836783488528,3607836784106220,0,12,96,1,model.layers.2.self_attn.compressor.state_cache
3607836784350291,3607836784355711,3607836784692482,3607836785300904,0,12,96,1,model.layers.2.self_attn.indexer.compressor.state_cache
3607836785727765,3607836785779185,3607836786090316,3607836786699528,0,12,96,1,model.layers.3.self_attn.compressor.state_cache
3607836839737141,3607836840397203,3607836840599404,3607836845388469,1,12,96,4,model.layers.2.self_attn.indexer.k_cache
3607836845601729,3607836845605749,3607836845849210,3607836846332471,0,12,96,4,model.layers.2.self_attn.attn
3607836846641962,3607836846646262,3607836846856623,3607836847635035,0,12,96,128,model.layers.3.self_attn.attn
3607836848072347,3607836848078287,3607836848359048,3607836849284441,0,12,96,1,model.layers.0.self_attn.swa_cache
3607836849686882,3607836849692622,3607836849968763,3607836850519694,0,12,96,1,model.layers.1.self_attn.swa_cache
3607836850910636,3607836850916166,3607836851187376,3607836851732918,0,12,96,1,model.layers.2.self_attn.compressor.state_cache
3607836851952079,3607836851957029,3607836852280740,3607836852825941,0,12,96,1,model.layers.2.self_attn.indexer.compressor.state_cache
3607836853213643,3607836853259633,3607836853539394,3607836854080345,0,12,96,1,model.layers.3.self_attn.compressor.state_cache
3607836906672667,3607836907317169,3607836907518490,3607836912446165,1,12,96,4,model.layers.2.self_attn.indexer.k_cache
3607836912716506,3607836912721356,3607836913033407,3607836913662568,0,12,96,4,model.layers.2.self_attn.attn
3607836914061590,3607836914067190,3607836914344051,3607836915273773,0,12,96,128,model.layers.3.self_attn.attn
3607836915682185,3607836915688035,3607836915964016,3607836916909118,0,12,96,1,model.layers.0.self_attn.swa_cache
3607836917306480,3607836917311800,3607836917587051,3607836918127082,0,12,96,1,model.layers.1.self_attn.swa_cache
3607836918516753,3607836918522333,3607836918795114,3607836919331726,0,12,96,1,model.layers.2.self_attn.compressor.state_cache
3607836919543567,3607836919548557,3607836919847988,3607836920428059,0,12,96,1,model.layers.2.self_attn.indexer.compressor.state_cache
3607836920725330,3607836920761350,3607836920970941,3607836921394162,0,12,96,1,model.layers.3.self_attn.compressor.state_cache
3607836973129801,3607836973764733,3607836973963334,3607836979740502,1,12,96,4,model.layers.2.self_attn.indexer.k_cache
3607836979996062,3607836980022393,3607836980322993,3607836980933015,0,12,96,4,model.layers.2.self_attn.attn
3607836981326447,3607836981332047,3607836981603287,3607836982512420,0,12,96,128,model.layers.3.self_attn.attn
3607836982905861,3607836982911381,3607836983179652,3607836984100495,0,12,96,1,model.layers.0.self_attn.swa_cache
3607836984502706,3607836984508386,3607836984777907,3607836985312929,0,12,96,1,model.layers.1.self_attn.swa_cache
3607836985794280,3607836985799290,3607836986047771,3607836986529223,0,12,96,1,model.layers.2.self_attn.compressor.state_cache
3607836986721283,3607836986725603,3607836986995594,3607836987473795,0,12,96,1,model.layers.2.self_attn.indexer.compressor.state_cache
3607836987817456,3607836987858277,3607836988116797,3607836988597069,0,12,96,1,model.layers.3.self_attn.compressor.state_cache
3607837041649882,3607837042296074,3607837042505425,3607837047528540,1,12,96,4,model.layers.2.self_attn.indexer.k_cache
3607837047738371,3607837047742341,3607837047984261,3607837048485583,0,12,96,4,model.layers.2.self_attn.attn
3607837048792214,3607837048796454,3607837049012265,3607837049729777,0,12,96,128,model.layers.3.self_attn.attn
3607837050039408,3607837050044058,3607837050256008,3607837050960421,0,12,96,1,model.layers.0.self_attn.swa_cache
3607837051404842,3607837051411152,3607837051699993,3607837052287825,0,12,96,1,model.layers.1.self_attn.swa_cache
3607837052700856,3607837052706966,3607837052997197,3607837053572549,0,12,96,1,model.layers.2.self_attn.compressor.state_cache
3607837053795289,3607837053800449,3607837054118130,3607837054684262,0,12,96,1,model.layers.2.self_attn.indexer.compressor.state_cache
3607837055089293,3607837055136953,3607837055429764,3607837055994596,0,12,96,1,model.layers.3.self_attn.compressor.state_cache
3607837109179730,3607837109835342,3607837110051082,3607837115047068,1,12,96,4,model.layers.2.self_attn.indexer.k_cache
3607837115292078,3607837115296158,3607837115539709,3607837116041641,0,12,96,4,model.layers.2.self_attn.attn
3607837116363042,3607837116367592,3607837116580282,3607837117498765,0,12,96,128,model.layers.3.self_attn.attn
3607837117912906,3607837117918867,3607837118191657,3607837119117220,0,12,96,1,model.layers.0.self_attn.swa_cache
3607837119530221,3607837119536071,3607837119813392,3607837120385354,0,12,96,1,model.layers.1.self_attn.swa_cache
3607837120776735,3607837120782395,3607837121055216,3607837121600918,0,12,96,1,model.layers.2.self_attn.compressor.state_cache
3607837121815928,3607837121821209,3607837122125989,3607837122664571,0,12,96,1,model.layers.2.self_attn.indexer.compressor.state_cache
3607837123045752,3607837123093692,3607837123366703,3607837123915825,0,12,96,1,model.layers.3.self_attn.compressor.state_cache
3607837176709867,3607837177348739,3607837177547560,3607837183250437,1,12,96,4,model.layers.2.self_attn.indexer.k_cache
3607837183529178,3607837183534398,3607837183850269,3607837184569101,0,12,96,4,model.layers.2.self_attn.attn
3607837184970943,3607837184976493,3607837185255824,3607837186213957,0,12,96,128,model.layers.3.self_attn.attn
3607837186627628,3607837186633778,3607837186910759,3607837187833651,0,12,96,1,model.layers.0.self_attn.swa_cache
3607837188244193,3607837188249903,3607837188526534,3607837189068825,0,12,96,1,model.layers.1.self_attn.swa_cache
3607837189461486,3607837189466956,3607837189760157,3607837190211269,0,12,96,1,model.layers.2.self_attn.compressor.state_cache
3607837190392049,3607837190396389,3607837190653410,3607837191112532,0,12,96,1,model.layers.2.self_attn.indexer.compressor.state_cache
3607837191438183,3607837191476933,3607837191706423,3607837192168415,0,12,96,1,model.layers.3.self_attn.compressor.state_cache
3607837244841197,3607837245488509,3607837245696359,3607837251659208,1,12,96,4,model.layers.2.self_attn.indexer.k_cache
3607837251866308,3607837251870418,3607837252144389,3607837252631861,0,12,96,4,model.layers.2.self_attn.attn
3607837252943952,3607837252948462,3607837253163072,3607837253776324,0,12,96,128,model.layers.3.self_attn.attn
3607837254085325,3607837254089765,3607837254306296,3607837255268559,0,12,96,1,model.layers.0.self_attn.swa_cache
3607837255774820,3607837255782140,3607837256158822,3607837256874804,0,12,96,1,model.layers.1.self_attn.swa_cache
3607837257381445,3607837257388705,3607837257747876,3607837258462029,0,12,96,1,model.layers.2.self_attn.compressor.state_cache
3607837258741449,3607837258748460,3607837259146051,3607837259841553,0,12,96,1,model.layers.2.self_attn.indexer.compressor.state_cache
3607837260374905,3607837260432605,3607837260788256,3607837261489848,0,12,96,1,model.layers.3.self_attn.compressor.state_cache
3607837314121780,3607837314769112,3607837314973162,3607837320186058,1,12,96,4,model.layers.2.self_attn.indexer.k_cache
3607837320419749,3607837320423929,3607837320665300,3607837321149741,0,12,96,4,model.layers.2.self_attn.attn
3607837321461852,3607837321465932,3607837321680973,3607837322414505,0,12,96,128,model.layers.3.self_attn.attn
3607837322742326,3607837322746756,3607837322960137,3607837323679129,0,12,96,1,model.layers.0.self_attn.swa_cache
3607837323990680,3607837323994850,3607837324222001,3607837324646122,0,12,96,1,model.layers.1.self_attn.swa_cache
3607837324956203,3607837324960463,3607837325173084,3607837325595085,0,12,96,1,model.layers.2.self_attn.compressor.state_cache
3607837325763996,3607837325767786,3607837326003046,3607837326417848,0,12,96,1,model.layers.2.self_attn.indexer.compressor.state_cache
3607837326759569,3607837326798299,3607837327010279,3607837327462491,0,12,96,1,model.layers.3.self_attn.compressor.state_cache
3607837380362323,3607837381003435,3607837381206656,3607837388210058,1,12,96,4,model.layers.2.self_attn.indexer.k_cache
3607837388469928,3607837388474948,3607837388768589,3607837389349291,0,12,96,4,model.layers.2.self_attn.attn
3607837389721292,3607837389726582,3607837389985603,3607837390851536,0,12,96,128,model.layers.3.self_attn.attn
3607837391242687,3607837391248497,3607837391506878,3607837392517921,0,12,96,1,model.layers.0.self_attn.swa_cache
3607837392967152,3607837392973222,3607837393282383,3607837393893315,0,12,96,1,model.layers.1.self_attn.swa_cache
3607837394324396,3607837394330396,3607837394631897,3607837395235049,0,12,96,1,model.layers.2.self_attn.compressor.state_cache
3607837395474210,3607837395479720,3607837395818461,3607837396410983,0,12,96,1,model.layers.2.self_attn.indexer.compressor.state_cache
3607837396854634,3607837396905304,3607837397211225,3607837397818377,0,12,96,1,model.layers.3.self_attn.compressor.state_cache
3607837451986294,3607837452684106,3607837452897416,3607837455725975,1,12,96,4,model.layers.2.self_attn.indexer.k_cache
3607837455972246,3607837455976316,3607837456239697,3607837456723928,0,12,96,4,model.layers.2.self_attn.attn
3607837457036419,3607837457040639,3607837457252580,3607837457905672,0,12,96,128,model.layers.3.self_attn.attn
3607837458242433,3607837458247283,3607837458478064,3607837459128576,0,12,96,1,model.layers.0.self_attn.swa_cache
3607837459461717,3607837459466757,3607837459699997,3607837460170279,0,12,96,1,model.layers.1.self_attn.swa_cache
3607837460497820,3607837460502770,3607837460733041,3607837461192032,0,12,96,1,model.layers.2.self_attn.compressor.state_cache
3607837461372263,3607837461376283,3607837461631493,3607837462089485,0,12,96,1,model.layers.2.self_attn.indexer.compressor.state_cache
3607837462414776,3607837462455996,3607837462684027,3607837463142768,0,12,96,1,model.layers.3.self_attn.compressor.state_cache
3607837515629569,3607837516298831,3607837516506042,3607837523205813,1,12,96,4,model.layers.2.self_attn.indexer.k_cache
3607837523421563,3607837523425283,3607837523834425,3607837524770427,0,12,96,4,model.layers.2.self_attn.attn
3607837525327909,3607837525335509,3607837525726730,3607837527006904,0,12,96,128,model.layers.3.self_attn.attn
3607837527575086,3607837527583196,3607837527966837,3607837529269631,0,12,96,1,model.layers.0.self_attn.swa_cache
3607837529820883,3607837529828483,3607837530206134,3607837530956726,0,12,96,1,model.layers.1.self_attn.swa_cache
3607837531492808,3607837531500198,3607837531885749,3607837532316121,0,12,96,1,model.layers.2.self_attn.compressor.state_cache
3607837532485711,3607837532489501,3607837532721412,3607837533138013,0,12,96,1,model.layers.2.self_attn.indexer.compressor.state_cache
3607837533436594,3607837533472814,3607837533682595,3607837534103166,0,12,96,1,model.layers.3.self_attn.compressor.state_cache
3607837586187176,3607837586827298,3607837587031389,3607837592055424,1,12,96,4,model.layers.2.self_attn.indexer.k_cache
3607837592273295,3607837592277345,3607837592533836,3607837593039767,0,12,96,4,model.layers.2.self_attn.attn
3607837593359508,3607837593363968,3607837593586619,3607837594329951,0,12,96,128,model.layers.3.self_attn.attn
3607837594661922,3607837594666502,3607837594887743,3607837595628895,0,12,96,1,model.layers.0.self_attn.swa_cache
3607837595947726,3607837595952326,3607837596192767,3607837596634038,0,12,96,1,model.layers.1.self_attn.swa_cache
3607837596944549,3607837596948859,3607837597166940,3607837597710492,0,12,96,1,model.layers.2.self_attn.compressor.state_cache
3607837597920372,3607837597924992,3607837598220283,3607837598745705,0,12,96,1,model.layers.2.self_attn.indexer.compressor.state_cache
3607837599121446,3607837599166026,3607837599430667,3607837599955079,0,12,96,1,model.layers.3.self_attn.compressor.state_cache
3607837657534556,3607837658211468,3607837658431638,3607837660701825,1,12,96,4,model.layers.2.self_attn.indexer.k_cache
3607837660960046,3607837660964196,3607837661207017,3607837661692488,0,12,96,4,model.layers.2.self_attn.attn
3607837662007619,3607837662012009,3607837662228320,3607837662962462,0,12,96,128,model.layers.3.self_attn.attn
3607837663276633,3607837663281103,3607837663494094,3607837664221736,0,12,96,1,model.layers.0.self_attn.swa_cache
3607837664548097,3607837664552387,3607837664766698,3607837665190959,0,12,96,1,model.layers.1.self_attn.swa_cache
3607837665493320,3607837665497800,3607837665708381,3607837666133522,0,12,96,1,model.layers.2.self_attn.compressor.state_cache
3607837666301493,3607837666305353,3607837666541823,3607837666962575,0,12,96,1,model.layers.2.self_attn.indexer.compressor.state_cache
3607837667263536,3607837667299876,3607837667512796,3607837667921898,0,12,96,1,model.layers.3.self_attn.compressor.state_cache
3607837720462319,3607837721106541,3607837721308702,3607837728611244,1,12,96,4,model.layers.2.self_attn.indexer.k_cache
3607837728987605,3607837728995525,3607837729456907,3607837730404010,0,12,96,4,model.layers.2.self_attn.attn
3607837730994202,3607837731002702,3607837731413743,3607837732618697,0,12,96,128,model.layers.3.self_attn.attn
3607837733211708,3607837733220428,3607837733631420,3607837734782073,0,12,96,1,model.layers.0.self_attn.swa_cache
3607837735370385,3607837735378715,3607837735814936,3607837736251468,0,12,96,1,model.layers.1.self_attn.swa_cache
3607837736553069,3607837736557669,3607837736767679,3607837737193741,0,12,96,1,model.layers.2.self_attn.compressor.state_cache
3607837737361221,3607837737365171,3607837737600162,3607837738013693,0,12,96,1,model.layers.2.self_attn.indexer.compressor.state_cache
3607837738311564,3607837738347224,3607837738559045,3607837738981226,0,12,96,1,model.layers.3.self_attn.compressor.state_cache
3607837791855009,3607837792560101,3607837792780442,3607837796853984,1,12,96,4,model.layers.2.self_attn.indexer.k_cache
3607837797114255,3607837797118615,3607837797365156,3607837797852677,0,12,96,4,model.layers.2.self_attn.attn
3607837798162218,3607837798166678,3607837798382259,3607837798994611,0,12,96,128,model.layers.3.self_attn.attn
3607837799303282,3607837799307712,3607837799526172,3607837800298615,0,12,96,1,model.layers.0.self_attn.swa_cache
3607837800667066,3607837800672126,3607837800928907,3607837801441068,0,12,96,1,model.layers.1.self_attn.swa_cache
3607837801804389,3607837801809629,3607837802063760,3607837802570462,0,12,96,1,model.layers.2.self_attn.compressor.state_cache
3607837802769362,3607837802773922,3607837803057693,3607837803569145,0,12,96,1,model.layers.2.self_attn.indexer.compressor.state_cache
3607837803928606,3607837803972736,3607837804249737,3607837804763738,0,12,96,1,model.layers.3.self_attn.compressor.state_cache
3607837861025291,3607837861668893,3607837861874574,3607837869020846,1,12,96,4,model.layers.2.self_attn.indexer.k_cache
3607837869286887,3607837869291847,3607837869595438,3607837870218470,0,12,96,4,model.layers.2.self_attn.attn
3607837870609261,3607837870614721,3607837870883652,3607837871784714,0,12,96,128,model.layers.3.self_attn.attn
3607837872191186,3607837872196586,3607837872470557,3607837873357439,0,12,96,1,model.layers.0.self_attn.swa_cache
3607837873881211,3607837873887691,3607837874181402,3607837874758224,0,12,96,1,model.layers.1.self_attn.swa_cache
3607837875168025,3607837875173545,3607837875460206,3607837876050858,0,12,96,1,model.layers.2.self_attn.compressor.state_cache
3607837876277208,3607837876282638,3607837876603519,3607837877173161,0,12,96,1,model.layers.2.self_attn.indexer.compressor.state_cache
3607837877575112,3607837877625612,3607837877916413,3607837878484555,0,12,96,1,model.layers.3.self_attn.compressor.state_cache
3607837933223293,3607837933859165,3607837934061816,3607837941459169,1,12,96,4,model.layers.2.self_attn.indexer.k_cache
3607837941832970,3607837941840040,3607837942246651,3607837943057684,0,12,96,4,model.layers.2.self_attn.attn
3607837943585575,3607837943593015,3607837943949756,3607837945171900,0,12,96,128,model.layers.3.self_attn.attn
3607837945695602,3607837945702772,3607837946062483,3607837947245196,0,12,96,1,model.layers.0.self_attn.swa_cache
3607837947745878,3607837947750468,3607837947980669,3607837948463950,0,12,96,1,model.layers.1.self_attn.swa_cache
3607837948794061,3607837948798931,3607837949031372,3607837949486853,0,12,96,1,model.layers.2.self_attn.compressor.state_cache
3607837949665054,3607837949669074,3607837949921305,3607837950370426,0,12,96,1,model.layers.2.self_attn.indexer.compressor.state_cache
3607837950688667,3607837950727997,3607837950956088,3607837951400359,0,12,96,1,model.layers.3.self_attn.compressor.state_cache
3607838006443158,3607838007083630,3607838007284111,3607838014768724,1,12,96,4,model.layers.2.self_attn.indexer.k_cache
3607838015121745,3607838015129115,3607838015559147,3607838016440359,0,12,96,4,model.layers.2.self_attn.attn
3607838016989731,3607838016997981,3607838017384782,3607838018669096,0,12,96,128,model.layers.3.self_attn.attn
3607838019234428,3607838019242708,3607838019625019,3607838020939723,0,12,96,1,model.layers.0.self_attn.swa_cache
3607838021250844,3607838021255374,3607838021470495,3607838021893636,0,12,96,1,model.layers.1.self_attn.swa_cache
3607838022194597,3607838022198977,3607838022413398,3607838022836099,0,12,96,1,model.layers.2.self_attn.compressor.state_cache
3607838023003099,3607838023007079,3607838023243300,3607838023657951,0,12,96,1,model.layers.2.self_attn.indexer.compressor.state_cache
3607838023957572,3607838023993832,3607838024212763,3607838024626684,0,12,96,1,model.layers.3.self_attn.compressor.state_cache
3607838077097376,3607838077738148,3607838077944618,3607838082682693,1,12,96,4,model.layers.2.self_attn.indexer.k_cache
3607838082911204,3607838082915444,3607838083160454,3607838083652006,0,12,96,4,model.layers.2.self_attn.attn
3607838083964057,3607838083968427,3607838084199958,3607838084814099,0,12,96,128,model.layers.3.self_attn.attn
3607838085123240,3607838085127670,3607838085347071,3607838085955103,0,12,96,1,model.layers.0.self_attn.swa_cache
3607838086263834,3607838086267934,3607838086485005,3607838086905616,0,12,96,1,model.layers.1.self_attn.swa_cache
3607838087210537,3607838087215037,3607838087426527,3607838087856239,0,12,96,1,model.layers.2.self_attn.compressor.state_cache
3607838088038439,3607838088042279,3607838088279000,3607838088705231,0,12,96,1,model.layers.2.self_attn.indexer.compressor.state_cache
3607838089015742,3607838089051752,3607838089269373,3607838089680384,0,12,96,1,model.layers.3.self_attn.compressor.state_cache
3607838143607240,3607838144289102,3607838144489843,3607838151311664,1,12,96,4,model.layers.2.self_attn.indexer.k_cache
3607838151527175,3607838151531135,3607838151776355,3607838152324247,0,12,96,4,model.layers.2.self_attn.attn
3607838152890439,3607838152898909,3607838153299590,3607838154642764,0,12,96,128,model.layers.3.self_attn.attn
3607838155239556,3607838155248046,3607838155645717,3607838156994391,0,12,96,1,model.layers.0.self_attn.swa_cache
3607838157582623,3607838157591263,3607838157984094,3607838158768427,0,12,96,1,model.layers.1.self_attn.swa_cache
3607838159325729,3607838159333759,3607838159729630,3607838160515502,0,12,96,1,model.layers.2.self_attn.compressor.state_cache
3607838160684393,3607838160687923,3607838160923423,3607838161346365,0,12,96,1,model.layers.2.self_attn.indexer.compressor.state_cache
3607838161647266,3607838161682276,3607838161893306,3607838162312018,0,12,96,1,model.layers.3.self_attn.compressor.state_cache
3607838214470308,3607838215104830,3607838215306051,3607838219994255,1,12,96,4,model.layers.2.self_attn.indexer.k_cache
3607838220222506,3607838220226496,3607838220471557,3607838220952298,0,12,96,4,model.layers.2.self_attn.attn
3607838221263389,3607838221267749,3607838221483120,3607838222206692,0,12,96,128,model.layers.3.self_attn.attn
3607838222540983,3607838222545403,3607838222761454,3607838223474276,0,12,96,1,model.layers.0.self_attn.swa_cache
3607838223784967,3607838223789497,3607838224014687,3607838224443249,0,12,96,1,model.layers.1.self_attn.swa_cache
3607838224745750,3607838224750330,3607838224962550,3607838225454292,0,12,96,1,model.layers.2.self_attn.compressor.state_cache
3607838225699953,3607838225704613,3607838226006844,3607838226538455,0,12,96,1,model.layers.2.self_attn.indexer.compressor.state_cache
3607838226923686,3607838226969217,3607838227235127,3607838227765029,0,12,96,1,model.layers.3.self_attn.compressor.state_cache
3607838281962456,3607838282616028,3607838282825028,3607838287882674,1,12,96,4,model.layers.2.self_attn.indexer.k_cache
3607838288169905,3607838288173825,3607838288421086,3607838288918197,0,12,96,4,model.layers.2.self_attn.attn
3607838289228088,3607838289232688,3607838289446809,3607838290212761,0,12,96,128,model.layers.3.self_attn.attn
3607838290532602,3607838290537092,3607838290752523,3607838291472195,0,12,96,1,model.layers.0.self_attn.swa_cache
3607838291784436,3607838291788836,3607838292016697,3607838292447908,0,12,96,1,model.layers.1.self_attn.swa_cache
3607838292752489,3607838292756939,3607838292973520,3607838293403201,0,12,96,1,model.layers.2.self_attn.compressor.state_cache
3607838293570821,3607838293574691,3607838293808072,3607838294231873,0,12,96,1,model.layers.2.self_attn.indexer.compressor.state_cache
3607838294535044,3607838294572874,3607838294792555,3607838295216736,0,12,96,1,model.layers.3.self_attn.compressor.state_cache
3607838347947459,3607838348610911,3607838348809851,3607838355523852,1,12,96,4,model.layers.2.self_attn.indexer.k_cache
3607838355769553,3607838355773853,3607838356035283,3607838356526675,0,12,96,4,model.layers.2.self_attn.attn
3607838356837736,3607838356842146,3607838357061327,3607838357795399,0,12,96,128,model.layers.3.self_attn.attn
3607838358105860,3607838358110290,3607838358326090,3607838359031803,0,12,96,1,model.layers.0.self_attn.swa_cache
3607838359350574,3607838359355014,3607838359568804,3607838359991026,0,12,96,1,model.layers.1.self_attn.swa_cache
3607838360310757,3607838360315237,3607838360536567,3607838360975779,0,12,96,1,model.layers.2.self_attn.compressor.state_cache
3607838361146529,3607838361150629,3607838361385940,3607838361809401,0,12,96,1,model.layers.2.self_attn.indexer.compressor.state_cache
3607838362110992,3607838362146662,3607838362361423,3607838362781734,0,12,96,1,model.layers.3.self_attn.compressor.state_cache
3607838416419359,3607838417059901,3607838417265812,3607838424178623,1,12,96,4,model.layers.2.self_attn.indexer.k_cache
3607838424403024,3607838424406934,3607838424646344,3607838425130676,0,12,96,4,model.layers.2.self_attn.attn
3607838425441467,3607838425445787,3607838425660918,3607838426385160,0,12,96,128,model.layers.3.self_attn.attn
3607838426708051,3607838426712561,3607838426926791,3607838427651044,0,12,96,1,model.layers.0.self_attn.swa_cache
3607838427961085,3607838427965715,3607838428184405,3607838428613317,0,12,96,1,model.layers.1.self_attn.swa_cache
3607838428917598,3607838428922068,3607838429137608,3607838429562710,0,12,96,1,model.layers.2.self_attn.compressor.state_cache
3607838429730830,3607838429735000,3607838429970571,3607838430403812,0,12,96,1,model.layers.2.self_attn.indexer.compressor.state_cache
3607838430703663,3607838430740353,3607838430953794,3607838431379255,0,12,96,1,model.layers.3.self_attn.compressor.state_cache
3607838485037720,3607838485679502,3607838485885903,3607838492798084,1,12,96,4,model.layers.2.self_attn.indexer.k_cache
3607838493026055,3607838493030225,3607838493275185,3607838493757427,0,12,96,4,model.layers.2.self_attn.attn
3607838494068828,3607838494073278,3607838494289729,3607838495607353,0,12,96,128,model.layers.3.self_attn.attn
3607838496221654,3607838496230855,3607838496638426,3607838498010170,0,12,96,1,model.layers.0.self_attn.swa_cache
3607838498603702,3607838498612712,3607838499017723,3607838499822386,0,12,96,1,model.layers.1.self_attn.swa_cache
3607838500421097,3607838500429177,3607838500832159,3607838501636711,0,12,96,1,model.layers.2.self_attn.compressor.state_cache
3607838501951562,3607838501958852,3607838502406414,3607838502921265,0,12,96,1,model.layers.2.self_attn.indexer.compressor.state_cache
3607838503218456,3607838503254746,3607838503468907,3607838503886558,0,12,96,1,model.layers.3.self_attn.compressor.state_cache
3607838556774301,3607838557433673,3607838557648933,3607838562454268,1,12,96,4,model.layers.2.self_attn.indexer.k_cache
3607838562730389,3607838562734509,3607838562978460,3607838563459941,0,12,96,4,model.layers.2.self_attn.attn
3607838563768002,3607838563772292,3607838563987393,3607838564730495,0,12,96,128,model.layers.3.self_attn.attn
3607838565058116,3607838565062656,3607838565278547,3607838566006129,0,12,96,1,model.layers.0.self_attn.swa_cache
3607838566314570,3607838566319060,3607838566534581,3607838566949852,0,12,96,1,model.layers.1.self_attn.swa_cache
3607838567248783,3607838567252963,3607838567521384,3607838568067335,0,12,96,1,model.layers.2.self_attn.compressor.state_cache
3607838568280276,3607838568285106,3607838568581037,3607838569107749,0,12,96,1,model.layers.2.self_attn.indexer.compressor.state_cache
3607838569481640,3607838569527190,3607838569801571,3607838570337202,0,12,96,1,model.layers.3.self_attn.compressor.state_cache
3607838623913437,3607838624572879,3607838624775940,3607838631790271,1,12,96,4,model.layers.2.self_attn.indexer.k_cache
3607838632032832,3607838632037362,3607838632283233,3607838632769274,0,12,96,4,model.layers.2.self_attn.attn
3607838633079005,3607838633083585,3607838633295766,3607838634268869,0,12,96,128,model.layers.3.self_attn.attn
3607838634892981,3607838634902281,3607838635315542,3607838636720627,0,12,96,1,model.layers.0.self_attn.swa_cache
3607838637315198,3607838637323918,3607838637740370,3607838638555922,0,12,96,1,model.layers.1.self_attn.swa_cache
3607838639135254,3607838639142914,3607838639544485,3607838640382218,0,12,96,1,model.layers.2.self_attn.compressor.state_cache
3607838640702899,3607838640710119,3607838641160150,3607838641964873,0,12,96,1,model.layers.2.self_attn.indexer.compressor.state_cache
3607838642476384,3607838642512584,3607838642723145,3607838643141086,0,12,96,1,model.layers.3.self_attn.compressor.state_cache
3607838695656708,3607838696306830,3607838696510810,3607838701791897,1,12,96,4,model.layers.2.self_attn.indexer.k_cache
3607838702058667,3607838702063447,3607838702378188,3607838702988890,0,12,96,4,model.layers.2.self_attn.attn
3607838703377381,3607838703382871,3607838703655712,3607838704591735,0,12,96,128,model.layers.3.self_attn.attn
3607838705000726,3607838705005886,3607838705279527,3607838706192940,0,12,96,1,model.layers.0.self_attn.swa_cache
3607838706580501,3607838706586201,3607838706858532,3607838707400794,0,12,96,1,model.layers.1.self_attn.swa_cache
3607838707784405,3607838707789655,3607838708072546,3607838708670818,0,12,96,1,model.layers.2.self_attn.compressor.state_cache
3607838708854768,3607838708858828,3607838709118489,3607838709571951,0,12,96,1,model.layers.2.self_attn.indexer.compressor.state_cache
3607838709898582,3607838709937292,3607838710169032,3607838710617904,0,12,96,1,model.layers.3.self_attn.compressor.state_cache
3607838763661847,3607838764316309,3607838764518419,3607838771524721,1,12,96,4,model.layers.2.self_attn.indexer.k_cache
3607838771735922,3607838771739972,3607838771983482,3607838772509644,0,12,96,4,model.layers.2.self_attn.attn
3607838772825015,3607838772829455,3607838773043166,3607838773777128,0,12,96,128,model.layers.3.self_attn.attn
3607838774090009,3607838774094459,3607838774574420,3607838775947815,0,12,96,1,model.layers.0.self_attn.swa_cache
3607838776592747,3607838776601297,3607838777013828,3607838777829330,0,12,96,1,model.layers.1.self_attn.swa_cache
3607838778403082,3607838778411052,3607838778815703,3607838779624786,0,12,96,1,model.layers.2.self_attn.compressor.state_cache
3607838779939807,3607838779947057,3607838780414498,3607838781204921,0,12,96,1,model.layers.2.self_attn.indexer.compressor.state_cache
3607838781777373,3607838781845593,3607838782267324,3607838782686025,0,12,96,1,model.layers.3.self_attn.compressor.state_cache
3607838834755455,3607838835403687,3607838835607168,3607838841428456,1,12,96,4,model.layers.2.self_attn.indexer.k_cache
3607838841700247,3607838841705517,3607838842007218,3607838842619350,0,12,96,4,model.layers.2.self_attn.attn
3607838843008091,3607838843013621,3607838843282302,3607838844209345,0,12,96,128,model.layers.3.self_attn.attn
3607838844648846,3607838844654476,3607838844926687,3607838845845220,0,12,96,1,model.layers.0.self_attn.swa_cache
3607838846240431,3607838846245931,3607838846520312,3607838847063483,0,12,96,1,model.layers.1.self_attn.swa_cache
3607838847448915,3607838847454175,3607838847748605,3607838848255407,0,12,96,1,model.layers.2.self_attn.compressor.state_cache
3607838848449558,3607838848453888,3607838848723378,3607838849201970,0,12,96,1,model.layers.2.self_attn.indexer.compressor.state_cache
3607838849544361,3607838849585831,3607838849831582,3607838850315803,0,12,96,1,model.layers.3.self_attn.compressor.state_cache
3607838903469587,3607838904122889,3607838904361580,3607838911097040,1,12,96,4,model.layers.2.self_attn.indexer.k_cache
3607838911323181,3607838911327191,3607838911570322,3607838912069893,0,12,96,4,model.layers.2.self_attn.attn
3607838912550685,3607838912558725,3607838912956886,3607838914282630,0,12,96,128,model.layers.3.self_attn.attn
3607838914855372,3607838914863612,3607838915260953,3607838916623647,0,12,96,1,model.layers.0.self_attn.swa_cache
3607838917208259,3607838917216639,3607838917604390,3607838918406593,0,12,96,1,model.layers.1.self_attn.swa_cache
3607838918954304,3607838918962084,3607838919349286,3607838920139578,0,12,96,1,model.layers.2.self_attn.compressor.state_cache
3607838920442629,3607838920449719,3607838920815560,3607838921227341,0,12,96,1,model.layers.2.self_attn.indexer.compressor.state_cache
3607838921525162,3607838921560592,3607838921772423,3607838922201114,0,12,96,1,model.layers.3.self_attn.compressor.state_cache
3607838974023294,3607838974664156,3607838974869076,3607838980897155,1,12,96,4,model.layers.2.self_attn.indexer.k_cache
3607838981141856,3607838981146506,3607838981424706,3607838981970518,0,12,96,4,model.layers.2.self_attn.attn
3607838982333539,3607838982338639,3607838982583800,3607838983436893,0,12,96,128,model.layers.3.self_attn.attn
3607838983800364,3607838983805414,3607838984073585,3607838984914337,0,12,96,1,model.layers.0.self_attn.swa_cache
3607838985279088,3607838985284378,3607838985530929,3607838986065151,0,12,96,1,model.layers.1.self_attn.swa_cache
3607838986454932,3607838986460402,3607838986736423,3607838987279284,0,12,96,1,model.layers.2.self_attn.compressor.state_cache
3607838987496005,3607838987501055,3607838987805466,3607838988378158,0,12,96,1,model.layers.2.self_attn.indexer.compressor.state_cache
3607838988773509,3607838988820289,3607838989092560,3607838989643412,0,12,96,1,model.layers.3.self_attn.compressor.state_cache
3607839042522434,3607839043163766,3607839043368147,3607839050220808,1,12,96,4,model.layers.2.self_attn.indexer.k_cache
3607839050427449,3607839050431309,3607839050670349,3607839051144391,0,12,96,4,model.layers.2.self_attn.attn
3607839051585882,3607839051594512,3607839052021764,3607839053421778,0,12,96,128,model.layers.3.self_attn.attn
3607839054029840,3607839054037880,3607839054442851,3607839055823905,0,12,96,1,model.layers.0.self_attn.swa_cache
3607839056434147,3607839056442537,3607839056848928,3607839057645961,0,12,96,1,model.layers.1.self_attn.swa_cache
3607839058219543,3607839058227503,3607839058635714,3607839059439776,0,12,96,1,model.layers.2.self_attn.compressor.state_cache
3607839059653527,3607839059657087,3607839059890168,3607839060326119,0,12,96,1,model.layers.2.self_attn.indexer.compressor.state_cache
3607839060627900,3607839060665120,3607839060876431,3607839061292772,0,12,96,1,model.layers.3.self_attn.compressor.state_cache
3607839113098301,3607839113736943,3607839113937744,3607839119655652,1,12,96,4,model.layers.2.self_attn.indexer.k_cache
3607839119894812,3607839119899402,3607839120203443,3607839120758945,0,12,96,4,model.layers.2.self_attn.attn
3607839121119546,3607839121124416,3607839121371857,3607839122207999,0,12,96,128,model.layers.3.self_attn.attn
3607839122574471,3607839122579571,3607839122824871,3607839123663464,0,12,96,1,model.layers.0.self_attn.swa_cache
3607839124032895,3607839124038245,3607839124285106,3607839124759117,0,12,96,1,model.layers.1.self_attn.swa_cache
3607839125147698,3607839125153198,3607839125418249,3607839125941831,0,12,96,1,model.layers.2.self_attn.compressor.state_cache
3607839126184652,3607839126189852,3607839126492013,3607839127027474,0,12,96,1,model.layers.2.self_attn.indexer.compressor.state_cache
3607839127404245,3607839127449816,3607839127718106,3607839128262748,0,12,96,1,model.layers.3.self_attn.compressor.state_cache
3607839182086114,3607839182780016,3607839182985026,3607839188302283,1,12,96,4,model.layers.2.self_attn.indexer.k_cache
3607839188554453,3607839188558593,3607839188799964,3607839189285606,0,12,96,4,model.layers.2.self_attn.attn
3607839189597957,3607839189602857,3607839189818877,3607839190628120,0,12,96,128,model.layers.3.self_attn.attn
3607839191074481,3607839191080911,3607839191373012,3607839192386785,0,12,96,1,model.layers.0.self_attn.swa_cache
3607839192810727,3607839192816707,3607839193106647,3607839193687199,0,12,96,1,model.layers.1.self_attn.swa_cache
3607839194098720,3607839194104780,3607839194391041,3607839194965263,0,12,96,1,model.layers.2.self_attn.compressor.state_cache
3607839195187694,3607839195193054,3607839195513385,3607839196155917,0,12,96,1,model.layers.2.self_attn.indexer.compressor.state_cache
3607839196559458,3607839196609238,3607839196898269,3607839197484171,0,12,96,1,model.layers.3.self_attn.compressor.state_cache
3607839250150243,3607839250790925,3607839250994555,3607839257120734,1,12,96,4,model.layers.2.self_attn.indexer.k_cache
3607839257438015,3607839257444435,3607839257817936,3607839258543409,0,12,96,4,model.layers.2.self_attn.attn
3607839259015710,3607839259022310,3607839259355691,3607839260505805,0,12,96,128,model.layers.3.self_attn.attn
3607839260981006,3607839260987576,3607839261313287,3607839262428131,0,12,96,1,model.layers.0.self_attn.swa_cache
3607839262919072,3607839262926082,3607839263255513,3607839263913225,0,12,96,1,model.layers.1.self_attn.swa_cache
3607839264383447,3607839264388107,3607839264598827,3607839265024639,0,12,96,1,model.layers.2.self_attn.compressor.state_cache
3607839265192969,3607839265196669,3607839265431880,3607839265846081,0,12,96,1,model.layers.2.self_attn.indexer.compressor.state_cache
3607839266146552,3607839266182462,3607839266392813,3607839266807734,0,12,96,1,model.layers.3.self_attn.compressor.state_cache
3607839319577106,3607839320267098,3607839320485759,3607839325495665,1,12,96,4,model.layers.2.self_attn.indexer.k_cache
3607839325741635,3607839325745835,3607839325996026,3607839326484868,0,12,96,4,model.layers.2.self_attn.attn
3607839326797379,3607839326801979,3607839327018049,3607839327763192,0,12,96,128,model.layers.3.self_attn.attn
3607839328104793,3607839328109243,3607839328322483,3607839329244776,0,12,96,1,model.layers.0.self_attn.swa_cache
3607839329654137,3607839329660077,3607839329940128,3607839330488760,0,12,96,1,model.layers.1.self_attn.swa_cache
3607839330877511,3607839330882941,3607839331159022,3607839331710184,0,12,96,1,model.layers.2.self_attn.compressor.state_cache
3607839331927034,3607839331932084,3607839332248095,3607839332806017,0,12,96,1,model.layers.2.self_attn.indexer.compressor.state_cache
3607839333199548,3607839333255758,3607839333531379,3607839334083471,0,12,96,1,model.layers.3.self_attn.compressor.state_cache
3607839387719396,3607839388372208,3607839388575098,3607839394330186,1,12,96,4,model.layers.2.self_attn.indexer.k_cache
3607839394538257,3607839394542187,3607839394953438,3607839395694850,0,12,96,4,model.layers.2.self_attn.attn
3607839396184612,3607839396191822,3607839396523143,3607839397648096,0,12,96,128,model.layers.3.self_attn.attn
3607839398145868,3607839398152458,3607839398481209,3607839399573832,0,12,96,1,model.layers.0.self_attn.swa_cache
3607839400053094,3607839400059804,3607839400387485,3607839401032207,0,12,96,1,model.layers.1.self_attn.swa_cache
3607839401489678,3607839401495828,3607839401816769,3607839402454881,0,12,96,1,model.layers.2.self_attn.compressor.state_cache
3607839402706902,3607839402712992,3607839403086183,3607839403525284,0,12,96,1,model.layers.2.self_attn.indexer.compressor.state_cache
3607839403840525,3607839403876036,3607839404100346,3607839404520888,0,12,96,1,model.layers.3.self_attn.compressor.state_cache
3607839456789368,3607839457464220,3607839457681231,3607839463485629,1,12,96,4,model.layers.2.self_attn.indexer.k_cache
3607839463764120,3607839463768470,3607839464054341,3607839464600632,0,12,96,4,model.layers.2.self_attn.attn
3607839464946513,3607839464951483,3607839465188164,3607839466001087,0,12,96,128,model.layers.3.self_attn.attn
3607839466356258,3607839466361148,3607839466597908,3607839467377531,0,12,96,1,model.layers.0.self_attn.swa_cache
3607839467719172,3607839467724032,3607839467954393,3607839468584225,0,12,96,1,model.layers.1.self_attn.swa_cache
3607839468988466,3607839468993986,3607839469270587,3607839469829608,0,12,96,1,model.layers.2.self_attn.compressor.state_cache
3607839470050189,3607839470055469,3607839470361460,3607839470908382,0,12,96,1,model.layers.2.self_attn.indexer.compressor.state_cache
3607839471301943,3607839471355003,3607839471632984,3607839472210626,0,12,96,1,model.layers.3.self_attn.compressor.state_cache
3607839526351702,3607839527004284,3607839527209985,3607839532572001,1,12,96,4,model.layers.2.self_attn.indexer.k_cache
3607839532792222,3607839532796472,3607839533037313,3607839533521254,0,12,96,4,model.layers.2.self_attn.attn
3607839533831875,3607839533836405,3607839534108496,3607839535120509,0,12,96,128,model.layers.3.self_attn.attn
3607839535566951,3607839535573191,3607839535865191,3607839536891745,0,12,96,1,model.layers.0.self_attn.swa_cache
3607839537312846,3607839537318956,3607839537611277,3607839538195109,0,12,96,1,model.layers.1.self_attn.swa_cache
3607839538609480,3607839538615510,3607839538904701,3607839539491323,0,12,96,1,model.layers.2.self_attn.compressor.state_cache
3607839539717963,3607839539723163,3607839540059094,3607839540646926,0,12,96,1,model.layers.2.self_attn.indexer.compressor.state_cache
3607839541065307,3607839541118658,3607839541410288,3607839541998340,0,12,96,1,model.layers.3.self_attn.compressor.state_cache
3607839594256631,3607839594893363,3607839595094824,3607839601952265,1,12,96,4,model.layers.2.self_attn.indexer.k_cache
3607839602226315,3607839602231776,3607839602556706,3607839603217909,0,12,96,4,model.layers.2.self_attn.attn
3607839603642080,3607839603647780,3607839603943391,3607839604999134,0,12,96,128,model.layers.3.self_attn.attn
3607839605445555,3607839605451455,3607839605747336,3607839606722959,0,12,96,1,model.layers.0.self_attn.swa_cache
3607839607143731,3607839607149761,3607839607443112,3607839607996743,0,12,96,1,model.layers.1.self_attn.swa_cache
3607839608383004,3607839608388584,3607839608642295,3607839609155307,0,12,96,1,model.layers.2.self_attn.compressor.state_cache
3607839609358077,3607839609362547,3607839609647548,3607839610148810,0,12,96,1,model.layers.2.self_attn.indexer.compressor.state_cache
3607839610514151,3607839610557331,3607839610811172,3607839611316623,0,12,96,1,model.layers.3.self_attn.compressor.state_cache
3607839664606667,3607839665275769,3607839665489250,3607839669943524,1,12,96,4,model.layers.2.self_attn.indexer.k_cache
3607839670201285,3607839670205235,3607839670450265,3607839670939137,0,12,96,4,model.layers.2.self_attn.attn
3607839671253708,3607839671258228,3607839671474598,3607839672311111,0,12,96,128,model.layers.3.self_attn.attn
3607839672704432,3607839672710162,3607839672968593,3607839673853436,0,12,96,1,model.layers.0.self_attn.swa_cache
3607839674227047,3607839674232657,3607839674496738,3607839675014609,0,12,96,1,model.layers.1.self_attn.swa_cache
3607839675376700,3607839675381990,3607839675641731,3607839676167973,0,12,96,1,model.layers.2.self_attn.compressor.state_cache
3607839676372453,3607839676377214,3607839676662124,3607839677166156,0,12,96,1,model.layers.2.self_attn.indexer.compressor.state_cache
3607839677528177,3607839677573617,3607839677831688,3607839678344840,0,12,96,1,model.layers.3.self_attn.compressor.state_cache
3607839733237178,3607839733894850,3607839734102831,3607839738560295,1,12,96,4,model.layers.2.self_attn.indexer.k_cache
3607839738792585,3607839738797045,3607839739062136,3607839739583128,0,12,96,4,model.layers.2.self_attn.attn
3607839739920239,3607839739925019,3607839740179700,3607839740980032,0,12,96,128,model.layers.3.self_attn.attn
3607839741361663,3607839741366543,3607839741600534,3607839742395087,0,12,96,1,model.layers.0.self_attn.swa_cache
3607839742747008,3607839742751788,3607839742983988,3607839743444450,0,12,96,1,model.layers.1.self_attn.swa_cache
3607839743777971,3607839743782661,3607839744022742,3607839744482633,0,12,96,1,model.layers.2.self_attn.compressor.state_cache
3607839744665184,3607839744669194,3607839744966694,3607839745424346,0,12,96,1,model.layers.2.self_attn.indexer.compressor.state_cache
3607839745753447,3607839745798147,3607839746035138,3607839746503299,0,12,96,1,model.layers.3.self_attn.compressor.state_cache
3607839799531822,3607839800255454,3607839800469515,3607839807380136,1,12,96,4,model.layers.2.self_attn.indexer.k_cache
3607839807617767,3607839807621857,3607839807866948,3607839808378879,0,12,96,4,model.layers.2.self_attn.attn
3607839808701280,3607839808705970,3607839808925401,3607839809683603,0,12,96,128,model.layers.3.self_attn.attn
3607839810012774,3607839810017414,3607839810470976,3607839811825840,0,12,96,1,model.layers.0.self_attn.swa_cache
3607839812429902,3607839812438182,3607839812834643,3607839813619556,0,12,96,1,model.layers.1.self_attn.swa_cache
3607839814178877,3607839814186667,3607839814578959,3607839815365431,0,12,96,1,model.layers.2.self_attn.compressor.state_cache
3607839815675852,3607839815682592,3607839816131473,3607839816915716,0,12,96,1,model.layers.2.self_attn.indexer.compressor.state_cache
3607839817490617,3607839817559508,3607839817956109,3607839818497431,0,12,96,1,model.layers.3.self_attn.compressor.state_cache
3607839871678574,3607839872353836,3607839872571687,3607839876724100,1,12,96,4,model.layers.2.self_attn.indexer.k_cache
3607839876950830,3607839876954860,3607839877198281,3607839877679713,0,12,96,4,model.layers.2.self_attn.attn
3607839877993444,3607839877997724,3607839878210384,3607839878956916,0,12,96,128,model.layers.3.self_attn.attn
3607839879279877,3607839879284337,3607839879499628,3607839880250550,0,12,96,1,model.layers.0.self_attn.swa_cache
3607839880559031,3607839880563631,3607839880778052,3607839881220313,0,12,96,1,model.layers.1.self_attn.swa_cache
3607839881525064,3607839881529614,3607839881741105,3607839882164976,0,12,96,1,model.layers.2.self_attn.compressor.state_cache
3607839882335857,3607839882339997,3607839882578998,3607839883043519,0,12,96,1,model.layers.2.self_attn.indexer.compressor.state_cache
3607839883390670,3607839883433260,3607839883677001,3607839884173243,0,12,96,1,model.layers.3.self_attn.compressor.state_cache
3607839937218546,3607839937851018,3607839938053298,3607839944933019,1,12,96,4,model.layers.2.self_attn.indexer.k_cache
3607839945147670,3607839945151450,3607839945390911,3607839945876732,0,12,96,4,model.layers.2.self_attn.attn
3607839946181823,3607839946186163,3607839946396724,3607839947132856,0,12,96,128,model.layers.3.self_attn.attn
3607839947450527,3607839947454697,3607839947668808,3607839948760351,0,12,96,1,model.layers.0.self_attn.swa_cache
3607839949307603,3607839949315273,3607839949702254,3607839950443446,0,12,96,1,model.layers.1.self_attn.swa_cache
3607839950977578,3607839950985568,3607839951362519,3607839952127492,0,12,96,1,model.layers.2.self_attn.compressor.state_cache
3607839952422372,3607839952429412,3607839952852134,3607839953586336,0,12,96,1,model.layers.2.self_attn.indexer.compressor.state_cache
3607839954116868,3607839954180238,3607839954551869,3607839955290001,0,12,96,1,model.layers.3.self_attn.compressor.state_cache
3607840007629132,3607840010854622,3607840011067573,3607840014075142,1,12,96,4,model.layers.2.self_attn.indexer.k_cache
3607840014337103,3607840014341143,3607840014598054,3607840015105165,0,12,96,4,model.layers.2.self_attn.attn
3607840015440646,3607840015445476,3607840015674067,3607840016471509,0,12,96,128,model.layers.3.self_attn.attn
3607840016814080,3607840016818870,3607840017041081,3607840017795383,0,12,96,1,model.layers.0.self_attn.swa_cache
3607840018115184,3607840018119634,3607840018343335,3607840018782356,0,12,96,1,model.layers.1.self_attn.swa_cache
3607840019096357,3607840019100857,3607840019319848,3607840019754259,0,12,96,1,model.layers.2.self_attn.compressor.state_cache
3607840019959450,3607840019963620,3607840020227271,3607840020660402,0,12,96,1,model.layers.2.self_attn.indexer.compressor.state_cache
3607840020982413,3607840021018813,3607840021237694,3607840021673415,0,12,96,1,model.layers.3.self_attn.compressor.state_cache
3607840075403661,3607840076072163,3607840076279083,3607840083274965,1,12,96,4,model.layers.2.self_attn.indexer.k_cache
3607840083525206,3607840083529576,3607840083808406,3607840084387908,0,12,96,4,model.layers.2.self_attn.attn
3607840084747809,3607840084752729,3607840085001260,3607840085866383,0,12,96,128,model.layers.3.self_attn.attn
3607840086231714,3607840086236584,3607840086480005,3607840087318967,0,12,96,1,model.layers.0.self_attn.swa_cache
3607840087765489,3607840087772039,3607840088097770,3607840088704972,0,12,96,1,model.layers.1.self_attn.swa_cache
3607840089140663,3607840089146673,3607840089450594,3607840090056826,0,12,96,1,model.layers.2.self_attn.compressor.state_cache
3607840090299976,3607840090305486,3607840090646727,3607840091253879,0,12,96,1,model.layers.2.self_attn.indexer.compressor.state_cache
3607840091684281,3607840091736651,3607840092050192,3607840092678664,0,12,96,1,model.layers.3.self_attn.compressor.state_cache
3607840145902717,3607840146559389,3607840146762050,3607840151163854,1,12,96,4,model.layers.2.self_attn.indexer.k_cache
3607840151381824,3607840151385954,3607840151624195,3607840152122107,0,12,96,4,model.layers.2.self_attn.attn
3607840152429627,3607840152434107,3607840152643438,3607840153591041,0,12,96,128,model.layers.3.self_attn.attn
3607840153995352,3607840154001142,3607840154270323,3607840155205146,0,12,96,1,model.layers.0.self_attn.swa_cache
3607840155595467,3607840155601427,3607840155873218,3607840156580760,0,12,96,1,model.layers.1.self_attn.swa_cache
3607840156982381,3607840156987922,3607840157256552,3607840157791164,0,12,96,1,model.layers.2.self_attn.compressor.state_cache
3607840158003135,3607840158008305,3607840158307876,3607840158845857,0,12,96,1,model.layers.2.self_attn.indexer.compressor.state_cache
3607840159226208,3607840159270449,3607840159536069,3607840160082511,0,12,96,1,model.layers.3.self_attn.compressor.state_cache
3607840212591992,3607840213228294,3607840213429285,3607840219165253,1,12,96,4,model.layers.2.self_attn.indexer.k_cache
3607840219435204,3607840219440844,3607840219771095,3607840220454097,0,12,96,4,model.layers.2.self_attn.attn
3607840220880218,3607840220886318,3607840221178569,3607840222214572,0,12,96,128,model.layers.3.self_attn.attn
3607840222654343,3607840222661063,3607840222954244,3607840223944767,0,12,96,1,model.layers.0.self_attn.swa_cache
3607840224384379,3607840224390109,3607840224678850,3607840225249401,0,12,96,1,model.layers.1.self_attn.swa_cache
3607840225661023,3607840225667013,3607840225956294,3607840226469415,0,12,96,1,model.layers.2.self_attn.compressor.state_cache
3607840226646126,3607840226650156,3607840226894316,3607840227326158,0,12,96,1,model.layers.2.self_attn.indexer.compressor.state_cache
3607840227641879,3607840227679139,3607840227901840,3607840228375731,0,12,96,1,model.layers.3.self_attn.compressor.state_cache
3607840280678742,3607840281323014,3607840281526454,3607840287502953,1,12,96,4,model.layers.2.self_attn.indexer.k_cache
3607840287706763,3607840287710844,3607840287949314,3607840288467066,0,12,96,4,model.layers.2.self_attn.attn
3607840288776577,3607840288780887,3607840288994337,3607840289721390,0,12,96,128,model.layers.3.self_attn.attn
3607840290031511,3607840290035831,3607840290249401,3607840290975764,0,12,96,1,model.layers.0.self_attn.swa_cache
3607840291294455,3607840291298835,3607840291570865,3607840292242067,0,12,96,1,model.layers.1.self_attn.swa_cache
3607840292708179,3607840292714729,3607840293040400,3607840293685622,0,12,96,1,model.layers.2.self_attn.compressor.state_cache
3607840293939143,3607840293945063,3607840294300304,3607840294947236,0,12,96,1,model.layers.2.self_attn.indexer.compressor.state_cache
3607840295410007,3607840295463917,3607840295791138,3607840296446520,0,12,96,1,model.layers.3.self_attn.compressor.state_cache
3607840349688654,3607840350337706,3607840350543527,3607840356367635,1,12,96,4,model.layers.2.self_attn.indexer.k_cache
3607840356679786,3607840356685816,3607840357058767,3607840357791089,0,12,96,4,model.layers.2.self_attn.attn
3607840358262130,3607840358268840,3607840358599522,3607840359711425,0,12,96,128,model.layers.3.self_attn.attn
3607840360204186,3607840360211266,3607840360537017,3607840361637931,0,12,96,1,model.layers.0.self_attn.swa_cache
3607840362124592,3607840362131692,3607840362455013,3607840363093765,0,12,96,1,model.layers.1.self_attn.swa_cache
3607840363551737,3607840363558137,3607840363879698,3607840364539380,0,12,96,1,model.layers.2.self_attn.compressor.state_cache
3607840364706970,3607840364710710,3607840364941751,3607840365357102,0,12,96,1,model.layers.2.self_attn.indexer.compressor.state_cache
3607840365658613,3607840365694513,3607840365905794,3607840366326905,0,12,96,1,model.layers.3.self_attn.compressor.state_cache
3607840418674246,3607840419327198,3607840419530249,3607840424345294,1,12,96,4,model.layers.2.self_attn.indexer.k_cache
3607840424568394,3607840424572804,3607840424816245,3607840425291017,0,12,96,4,model.layers.2.self_attn.attn
3607840425601128,3607840425605218,3607840425819558,3607840426553420,0,12,96,128,model.layers.3.self_attn.attn
3607840426874931,3607840426879501,3607840427091122,3607840427820804,0,12,96,1,model.layers.0.self_attn.swa_cache
3607840428146975,3607840428151415,3607840428356356,3607840428774207,0,12,96,1,model.layers.1.self_attn.swa_cache
3607840429080058,3607840429084328,3607840429297429,3607840429715120,0,12,96,1,model.layers.2.self_attn.compressor.state_cache
3607840429882671,3607840429886421,3607840430119201,3607840430536943,0,12,96,1,model.layers.2.self_attn.indexer.compressor.state_cache
3607840430837184,3607840430872564,3607840431082024,3607840431502886,0,12,96,1,model.layers.3.self_attn.compressor.state_cache
3607840484814220,3607840485446632,3607840485648962,3607840492648774,1,12,96,4,model.layers.2.self_attn.indexer.k_cache
3607840492857994,3607840492861714,3607840493101335,3607840493580727,0,12,96,4,model.layers.2.self_attn.attn
3607840493893478,3607840493897838,3607840494113068,3607840494856291,0,12,96,128,model.layers.3.self_attn.attn
3607840495176542,3607840495180752,3607840495392392,3607840496131754,0,12,96,1,model.layers.0.self_attn.swa_cache
3607840496447125,3607840496451595,3607840496665806,3607840497090327,0,12,96,1,model.layers.1.self_attn.swa_cache
3607840497399078,3607840497403278,3607840497613229,3607840498035290,0,12,96,1,model.layers.2.self_attn.compressor.state_cache
3607840498207991,3607840498212001,3607840498447472,3607840498861463,0,12,96,1,model.layers.2.self_attn.indexer.compressor.state_cache
3607840499161464,3607840499196594,3607840499408425,3607840499830836,0,12,96,1,model.layers.3.self_attn.compressor.state_cache
3607840552640588,3607840553281140,3607840553486511,3607840560350842,1,12,96,4,model.layers.2.self_attn.indexer.k_cache
3607840560577333,3607840560581413,3607840560823243,3607840561308105,0,12,96,4,model.layers.2.self_attn.attn
3607840561616366,3607840561620876,3607840561833356,3607840562566569,0,12,96,128,model.layers.3.self_attn.attn
3607840562888440,3607840562893080,3607840563108550,3607840563831433,0,12,96,1,model.layers.0.self_attn.swa_cache
3607840564148624,3607840564153424,3607840564364914,3607840564779956,0,12,96,1,model.layers.1.self_attn.swa_cache
3607840565081136,3607840565085456,3607840565298247,3607840565717448,0,12,96,1,model.layers.2.self_attn.compressor.state_cache
3607840565884039,3607840565887919,3607840566120990,3607840566536041,0,12,96,1,model.layers.2.self_attn.indexer.compressor.state_cache
3607840566835032,3607840566869992,3607840567087593,3607840567503784,0,12,96,1,model.layers.3.self_attn.compressor.state_cache
3607840620393187,3607840621028159,3607840621228539,3607840628226931,1,12,96,4,model.layers.2.self_attn.indexer.k_cache
3607840628450031,3607840628454081,3607840628673352,3607840629124453,0,12,96,4,model.layers.2.self_attn.attn
3607840629434384,3607840629439104,3607840629651755,3607840630376827,0,12,96,128,model.layers.3.self_attn.attn
3607840630729458,3607840630734178,3607840630947229,3607840631674351,0,12,96,1,model.layers.0.self_attn.swa_cache
3607840631982342,3607840631986692,3607840632214813,3607840632639084,0,12,96,1,model.layers.1.self_attn.swa_cache
3607840632941085,3607840632945745,3607840633153966,3607840633568617,0,12,96,1,model.layers.2.self_attn.compressor.state_cache
3607840633736278,3607840633740018,3607840633971788,3607840634390680,0,12,96,1,model.layers.2.self_attn.indexer.compressor.state_cache
3607840634692591,3607840634727021,3607840634939621,3607840635359463,0,12,96,1,model.layers.3.self_attn.compressor.state_cache
3607840688766397,3607840689411409,3607840689610989,3607840696597521,1,12,96,4,model.layers.2.self_attn.indexer.k_cache
3607840696808832,3607840696812772,3607840697053892,3607840697532424,0,12,96,4,model.layers.2.self_attn.attn
3607840697841635,3607840697846135,3607840698056545,3607840698791118,0,12,96,128,model.layers.3.self_attn.attn
3607840699106959,3607840699111389,3607840699326959,3607840700068152,0,12,96,1,model.layers.0.self_attn.swa_cache
3607840700375563,3607840700380173,3607840700593223,3607840701012835,0,12,96,1,model.layers.1.self_attn.swa_cache
3607840701315745,3607840701320045,3607840701531006,3607840701947047,0,12,96,1,model.layers.2.self_attn.compressor.state_cache
3607840702112858,3607840702116438,3607840702356409,3607840702768110,0,12,96,1,model.layers.2.self_attn.indexer.compressor.state_cache
3607840703065011,3607840703100531,3607840703310642,3607840703726983,0,12,96,1,model.layers.3.self_attn.compressor.state_cache
3607840757193637,3607840757834209,3607840758036980,3607840764858691,1,12,96,4,model.layers.2.self_attn.indexer.k_cache
3607840765061481,3607840765065482,3607840765303322,3607840765784184,0,12,96,4,model.layers.2.self_attn.attn
3607840766090265,3607840766094565,3607840766307715,3607840767038868,0,12,96,128,model.layers.3.self_attn.attn
3607840767362339,3607840767366899,3607840767580009,3607840768313621,0,12,96,1,model.layers.0.self_attn.swa_cache
3607840768627492,3607840768632092,3607840768842003,3607840769263924,0,12,96,1,model.layers.1.self_attn.swa_cache
3607840769567155,3607840769571565,3607840769780076,3607840770193567,0,12,96,1,model.layers.2.self_attn.compressor.state_cache
3607840770361418,3607840770365088,3607840770600939,3607840771012190,0,12,96,1,model.layers.2.self_attn.indexer.compressor.state_cache
3607840771312431,3607840771348261,3607840771559531,3607840771978643,0,12,96,1,model.layers.3.self_attn.compressor.state_cache
3607840826112739,3607840826753451,3607840826955182,3607840834000383,1,12,96,4,model.layers.2.self_attn.indexer.k_cache
3607840834209774,3607840834213744,3607840834453875,3607840834937876,0,12,96,4,model.layers.2.self_attn.attn
3607840835245887,3607840835250267,3607840835460158,3607840836244990,0,12,96,128,model.layers.3.self_attn.attn
3607840836559261,3607840836563801,3607840836782622,3607840837508514,0,12,96,1,model.layers.0.self_attn.swa_cache
3607840837825975,3607840837830195,3607840838042246,3607840838468197,0,12,96,1,model.layers.1.self_attn.swa_cache
3607840838772818,3607840838777258,3607840838991009,3607840839410390,0,12,96,1,model.layers.2.self_attn.compressor.state_cache
3607840839579911,3607840839583771,3607840839816121,3607840840251033,0,12,96,1,model.layers.2.self_attn.indexer.compressor.state_cache
3607840840552984,3607840840592134,3607840840803534,3607840841221366,0,12,96,1,model.layers.3.self_attn.compressor.state_cache
3607840895139652,3607840895781354,3607840895985634,3607840902889925,1,12,96,4,model.layers.2.self_attn.indexer.k_cache
3607840903116026,3607840903119886,3607840903365067,3607840903844328,0,12,96,4,model.layers.2.self_attn.attn
3607840904175449,3607840904179919,3607840904392990,3607840905127522,0,12,96,128,model.layers.3.self_attn.attn
3607840905438013,3607840905442303,3607840905656994,3607840906371286,0,12,96,1,model.layers.0.self_attn.swa_cache
3607840906691487,3607840906695727,3607840906909138,3607840907329279,0,12,96,1,model.layers.1.self_attn.swa_cache
3607840907666800,3607840907670870,3607840907881811,3607840908325852,0,12,96,1,model.layers.2.self_attn.compressor.state_cache
3607840908499143,3607840908503153,3607840908740633,3607840909163645,0,12,96,1,model.layers.2.self_attn.indexer.compressor.state_cache
3607840909464966,3607840909501526,3607840909716036,3607840910187448,0,12,96,1,model.layers.3.self_attn.compressor.state_cache
3607840967610364,3607840968263546,3607840968461987,3607840975352458,1,12,96,4,model.layers.2.self_attn.indexer.k_cache
3607840975563129,3607840975567249,3607840975809630,3607840976320211,0,12,96,4,model.layers.2.self_attn.attn
3607840976627932,3607840976631932,3607840976846663,3607840977587035,0,12,96,128,model.layers.3.self_attn.attn
3607840977906816,3607840977911046,3607840978125757,3607840978851959,0,12,96,1,model.layers.0.self_attn.swa_cache
3607840979167440,3607840979171940,3607840979382671,3607840979794122,0,12,96,1,model.layers.1.self_attn.swa_cache
3607840980103003,3607840980107313,3607840980317903,3607840980733305,0,12,96,1,model.layers.2.self_attn.compressor.state_cache
3607840980899605,3607840980903675,3607840981137286,3607840981546257,0,12,96,1,model.layers.2.self_attn.indexer.compressor.state_cache
3607840981843048,3607840981878888,3607840982090329,3607840982504410,0,12,96,1,model.layers.3.self_attn.compressor.state_cache
3607841037371069,3607841038011141,3607841038216662,3607841045116283,1,12,96,4,model.layers.2.self_attn.indexer.k_cache
3607841045315483,3607841045319383,3607841045561854,3607841046035776,0,12,96,4,model.layers.2.self_attn.attn
3607841046343477,3607841046347737,3607841046560717,3607841047280469,0,12,96,128,model.layers.3.self_attn.attn
3607841047599280,3607841047603560,3607841047814651,3607841048558573,0,12,96,1,model.layers.0.self_attn.swa_cache
3607841048868274,3607841048872704,3607841049083985,3607841049500906,0,12,96,1,model.layers.1.self_attn.swa_cache
3607841049799047,3607841049803517,3607841050014168,3607841050427629,0,12,96,1,model.layers.2.self_attn.compressor.state_cache
3607841050592180,3607841050595870,3607841050858860,3607841051269352,0,12,96,1,model.layers.2.self_attn.indexer.compressor.state_cache
3607841051566533,3607841051601563,3607841051811013,3607841052243885,0,12,96,1,model.layers.3.self_attn.compressor.state_cache
3607841106441951,3607841107095553,3607841107298364,3607841114218875,1,12,96,4,model.layers.2.self_attn.indexer.k_cache
3607841114423586,3607841114427536,3607841114668727,3607841115146648,0,12,96,4,model.layers.2.self_attn.attn
3607841115453169,3607841115457629,3607841115670930,3607841116420342,0,12,96,128,model.layers.3.self_attn.attn
3607841116744853,3607841116749123,3607841116964024,3607841117687666,0,12,96,1,model.layers.0.self_attn.swa_cache
3607841117995767,3607841117999987,3607841118211238,3607841118627349,0,12,96,1,model.layers.1.self_attn.swa_cache
3607841118927790,3607841118932090,3607841119140500,3607841119556472,0,12,96,1,model.layers.2.self_attn.compressor.state_cache
3607841119731062,3607841119735232,3607841119972063,3607841120412304,0,12,96,1,model.layers.2.self_attn.indexer.compressor.state_cache
3607841120715405,3607841120751025,3607841120959306,3607841121375997,0,12,96,1,model.layers.3.self_attn.compressor.state_cache
3607841174682571,3607841175327433,3607841175529274,3607841182766946,1,12,96,4,model.layers.2.self_attn.indexer.k_cache
3607841183079587,3607841183085487,3607841183469838,3607841184349901,0,12,96,4,model.layers.2.self_attn.attn
3607841184836582,3607841184843173,3607841185182664,3607841186400157,0,12,96,128,model.layers.3.self_attn.attn
3607841186894129,3607841186901029,3607841187240960,3607841188417273,0,12,96,1,model.layers.0.self_attn.swa_cache
3607841188878325,3607841188883115,3607841189115696,3607841189574787,0,12,96,1,model.layers.1.self_attn.swa_cache
3607841189902198,3607841189906948,3607841190136139,3607841190600800,0,12,96,1,model.layers.2.self_attn.compressor.state_cache
3607841190786811,3607841190790841,3607841191045342,3607841191504493,0,12,96,1,model.layers.2.self_attn.indexer.compressor.state_cache
3607841191825404,3607841191864214,3607841192106495,3607841192563786,0,12,96,1,model.layers.3.self_attn.compressor.state_cache
3607841247406945,3607841248055087,3607841248259548,3607841255644010,1,12,96,4,model.layers.2.self_attn.indexer.k_cache
3607841255968771,3607841255975111,3607841256397593,3607841257199885,0,12,96,4,model.layers.2.self_attn.attn
3607841257714607,3607841257721597,3607841258081728,3607841259329882,0,12,96,128,model.layers.3.self_attn.attn
3607841259862193,3607841259869433,3607841260251374,3607841261471848,0,12,96,1,model.layers.0.self_attn.swa_cache
3607841262060710,3607841262065690,3607841262302431,3607841262755562,0,12,96,1,model.layers.1.self_attn.swa_cache
3607841263081163,3607841263085773,3607841263312054,3607841263767635,0,12,96,1,model.layers.2.self_attn.compressor.state_cache
3607841263951976,3607841263955886,3607841264223267,3607841264678968,0,12,96,1,model.layers.2.self_attn.indexer.compressor.state_cache
3607841265007049,3607841265044739,3607841265276240,3607841265734861,0,12,96,1,model.layers.3.self_attn.compressor.state_cache
3607841319383266,3607841320027508,3607841320233269,3607841327195890,1,12,96,4,model.layers.2.self_attn.indexer.k_cache
3607841327572561,3607841327580391,3607841328071663,3607841329010896,0,12,96,4,model.layers.2.self_attn.attn
3607841329609548,3607841329618138,3607841330027589,3607841331453573,0,12,96,128,model.layers.3.self_attn.attn
3607841332087515,3607841332096515,3607841332506307,3607841333899421,0,12,96,1,model.layers.0.self_attn.swa_cache
3607841334488433,3607841334496703,3607841334910714,3607841335553956,0,12,96,1,model.layers.1.self_attn.swa_cache
3607841335856827,3607841335861217,3607841336081968,3607841336499289,0,12,96,1,model.layers.2.self_attn.compressor.state_cache
3607841336668359,3607841336672099,3607841336898870,3607841337313201,0,12,96,1,model.layers.2.self_attn.indexer.compressor.state_cache
3607841337613992,3607841337650682,3607841337857683,3607841338274914,0,12,96,1,model.layers.3.self_attn.compressor.state_cache
3607841390449595,3607841391077277,3607841391274377,3607841396800394,1,12,96,4,model.layers.2.self_attn.indexer.k_cache
3607841397007075,3607841397011005,3607841397252576,3607841397731057,0,12,96,4,model.layers.2.self_attn.attn
3607841398044228,3607841398048588,3607841398264269,3607841399003951,0,12,96,128,model.layers.3.self_attn.attn
3607841399316472,3607841399320742,3607841399535703,3607841400504376,0,12,96,1,model.layers.0.self_attn.swa_cache
3607841400986367,3607841400993137,3607841401321518,3607841401955640,0,12,96,1,model.layers.1.self_attn.swa_cache
3607841402412952,3607841402419632,3607841402741133,3607841403390755,0,12,96,1,model.layers.2.self_attn.compressor.state_cache
3607841403645705,3607841403651485,3607841404034137,3607841404691219,0,12,96,1,model.layers.2.self_attn.indexer.compressor.state_cache
3607841405148890,3607841405206400,3607841405525851,3607841406174063,0,12,96,1,model.layers.3.self_attn.compressor.state_cache
3607841463051248,3607841463683480,3607841463884951,3607841470828492,1,12,96,4,model.layers.2.self_attn.indexer.k_cache
3607841471042013,3607841471046103,3607841471286093,3607841471770175,0,12,96,4,model.layers.2.self_attn.attn
3607841472102666,3607841472106886,3607841472320777,3607841473054869,0,12,96,128,model.layers.3.self_attn.attn
3607841473366000,3607841473370400,3607841473589631,3607841474960655,0,12,96,1,model.layers.0.self_attn.swa_cache
3607841475569507,3607841475578027,3607841475986158,3607841476806030,0,12,96,1,model.layers.1.self_attn.swa_cache
3607841477385152,3607841477393592,3607841477805603,3607841478615496,0,12,96,1,model.layers.2.self_attn.compressor.state_cache
3607841478934077,3607841478941397,3607841479397038,3607841480238011,0,12,96,1,model.layers.2.self_attn.indexer.compressor.state_cache
3607841480817803,3607841480885613,3607841481301304,3607841482054347,0,12,96,1,model.layers.3.self_attn.compressor.state_cache
3607841535252590,3607841535883892,3607841536098693,3607841543149334,1,12,96,4,model.layers.2.self_attn.indexer.k_cache
3607841543380765,3607841543385285,3607841543666686,3607841544258098,0,12,96,4,model.layers.2.self_attn.attn
3607841544653359,3607841544658479,3607841544909380,3607841545764272,0,12,96,128,model.layers.3.self_attn.attn
3607841546136054,3607841546141164,3607841546386904,3607841547323077,0,12,96,1,model.layers.0.self_attn.swa_cache
3607841547807779,3607841547814019,3607841548153670,3607841548795862,0,12,96,1,model.layers.1.self_attn.swa_cache
3607841549264023,3607841549270773,3607841549593264,3607841550269326,0,12,96,1,model.layers.2.self_attn.compressor.state_cache
3607841550524097,3607841550529717,3607841550887558,3607841551526880,0,12,96,1,model.layers.2.self_attn.indexer.compressor.state_cache
3607841551987512,3607841552053392,3607841552382053,3607841553019295,0,12,96,1,model.layers.3.self_attn.compressor.state_cache
3607841609011357,3607841609654089,3607841609856220,3607841616702991,1,12,96,4,model.layers.2.self_attn.indexer.k_cache
3607841616931301,3607841616935451,3607841617178982,3607841617661414,0,12,96,4,model.layers.2.self_attn.attn
3607841617971625,3607841617976005,3607841618188585,3607841618929758,0,12,96,128,model.layers.3.self_attn.attn
3607841619251168,3607841619255289,3607841619468499,3607841620487322,0,12,96,1,model.layers.0.self_attn.swa_cache
3607841621042184,3607841621049704,3607841621434985,3607841622190148,0,12,96,1,model.layers.1.self_attn.swa_cache
3607841622725449,3607841622732909,3607841623113840,3607841623857823,0,12,96,1,model.layers.2.self_attn.compressor.state_cache
3607841624186634,3607841624193924,3607841624625205,3607841625365617,0,12,96,1,model.layers.2.self_attn.indexer.compressor.state_cache
3607841625892219,3607841625957449,3607841626331320,3607841627075623,0,12,96,1,model.layers.3.self_attn.compressor.state_cache
3607841686077224,3607841686754936,3607841686984827,3607841689329094,1,11,88,4,model.layers.2.self_attn.indexer.k_cache
3607841689577945,3607841689581845,3607841689822856,3607841690318077,0,11,88,4,model.layers.2.self_attn.attn
3607841690630318,3607841690634738,3607841690849459,3607841691601771,0,11,88,128,model.layers.3.self_attn.attn
3607841691924362,3607841691928962,3607841692161463,3607841692890315,0,11,88,1,model.layers.0.self_attn.swa_cache
3607841693215476,3607841693219956,3607841693438307,3607841693855938,0,11,88,1,model.layers.1.self_attn.swa_cache
3607841694160839,3607841694165189,3607841694393390,3607841694812641,0,11,88,1,model.layers.2.self_attn.compressor.state_cache
3607841694982951,3607841694986921,3607841695226082,3607841695647863,0,11,88,1,model.layers.2.self_attn.indexer.compressor.state_cache
3607841695951204,3607841695988635,3607841696215275,3607841696633057,0,11,88,1,model.layers.3.self_attn.compressor.state_cache
3607841749803420,3607841750489972,3607841750764133,3607841753533212,1,10,80,4,model.layers.2.self_attn.indexer.k_cache
3607841753769962,3607841753774152,3607841754018113,3607841754506985,0,10,80,4,model.layers.2.self_attn.attn
3607841754815165,3607841754819605,3607841755038146,3607841755761438,0,10,80,128,model.layers.3.self_attn.attn
3607841756111149,3607841756115639,3607841756330030,3607841757084852,0,10,80,1,model.layers.0.self_attn.swa_cache
3607841757399183,3607841757403543,3607841757615964,3607841758033115,0,10,80,1,model.layers.1.self_attn.swa_cache
3607841758333726,3607841758338276,3607841758558617,3607841758971198,0,10,80,1,model.layers.2.self_attn.compressor.state_cache
3607841759143649,3607841759147459,3607841759380869,3607841759797611,0,10,80,1,model.layers.2.self_attn.indexer.compressor.state_cache
3607841760112792,3607841760148662,3607841760363453,3607841760783774,0,10,80,1,model.layers.3.self_attn.compressor.state_cache
3607841814687100,3607841815333162,3607841815541442,3607841820090596,1,10,80,4,model.layers.2.self_attn.indexer.k_cache
3607841820350197,3607841820354457,3607841820596688,3607841821090429,0,10,80,4,model.layers.2.self_attn.attn
3607841821403690,3607841821408080,3607841821622141,3607841822366823,0,10,80,128,model.layers.3.self_attn.attn
3607841822694834,3607841822699274,3607841822913285,3607841823648187,0,10,80,1,model.layers.0.self_attn.swa_cache
3607841823956748,3607841823961038,3607841824242239,3607841824783911,0,10,80,1,model.layers.1.self_attn.swa_cache
3607841825207632,3607841825213152,3607841825482203,3607841826013084,0,10,80,1,model.layers.2.self_attn.compressor.state_cache
3607841826226275,3607841826231175,3607841826526506,3607841827060328,0,10,80,1,model.layers.2.self_attn.indexer.compressor.state_cache
3607841827437819,3607841827485349,3607841827754010,3607841828297321,0,10,80,1,model.layers.3.self_attn.compressor.state_cache
3607841882308288,3607841882984470,3607841883215350,3607841887630144,1,10,80,4,model.layers.2.self_attn.indexer.k_cache
3607841887892665,3607841887896685,3607841888157136,3607841888643117,0,10,80,4,model.layers.2.self_attn.attn
3607841888960178,3607841888964648,3607841889182119,3607841889930171,0,10,80,128,model.layers.3.self_attn.attn
3607841890254322,3607841890258692,3607841890469783,3607841891186435,0,10,80,1,model.layers.0.self_attn.swa_cache
3607841891505946,3607841891510516,3607841891719787,3607841892148328,0,10,80,1,model.layers.1.self_attn.swa_cache
3607841892443369,3607841892447849,3607841892660769,3607841893070671,0,10,80,1,model.layers.2.self_attn.compressor.state_cache
3607841893233681,3607841893237551,3607841893469992,3607841893881173,0,10,80,1,model.layers.2.self_attn.indexer.compressor.state_cache
3607841894170214,3607841894208974,3607841894420755,3607841894835116,0,10,80,1,model.layers.3.self_attn.compressor.state_cache
3607841949433074,3607841950073166,3607841950275137,3607841956498686,1,10,80,4,model.layers.2.self_attn.indexer.k_cache
3607841956744967,3607841956748937,3607841956990687,3607841957467619,0,10,80,4,model.layers.2.self_attn.attn
3607841957773470,3607841957777800,3607841957995830,3607841958723643,0,10,80,128,model.layers.3.self_attn.attn
3607841959043994,3607841959048624,3607841959262544,3607841959990226,0,10,80,1,model.layers.0.self_attn.swa_cache
3607841960307027,3607841960311167,3607841960524918,3607841960946229,0,10,80,1,model.layers.1.self_attn.swa_cache
3607841961245230,3607841961249560,3607841961457581,3607841961880322,0,10,80,1,model.layers.2.self_attn.compressor.state_cache
3607841962044093,3607841962047823,3607841962281304,3607841962698415,0,10,80,1,model.layers.2.self_attn.indexer.compressor.state_cache
3607841962996036,3607841963032356,3607841963241326,3607841963660968,0,10,80,1,model.layers.3.self_attn.compressor.state_cache
3607842017372873,3607842018007735,3607842018207916,3607842024559495,1,10,80,4,model.layers.2.self_attn.indexer.k_cache
3607842024775726,3607842024779526,3607842025024527,3607842025501408,0,10,80,4,model.layers.2.self_attn.attn
3607842025807319,3607842025811409,3607842026023950,3607842026758202,0,10,80,128,model.layers.3.self_attn.attn
3607842027237663,3607842027245793,3607842027608654,3607842028825488,0,10,80,1,model.layers.0.self_attn.swa_cache
3607842029338180,3607842029345230,3607842029701001,3607842030396493,0,10,80,1,model.layers.1.self_attn.swa_cache
3607842030894005,3607842030900925,3607842031256266,3607842031959478,0,10,80,1,model.layers.2.self_attn.compressor.state_cache
3607842032251239,3607842032257909,3607842032661800,3607842033364322,0,10,80,1,model.layers.2.self_attn.indexer.compressor.state_cache
3607842033872244,3607842033933894,3607842034283335,3607842034975567,0,10,80,1,model.layers.3.self_attn.compressor.state_cache
3607842087021667,3607842087662229,3607842087868350,3607842093989529,1,10,80,4,model.layers.2.self_attn.indexer.k_cache
3607842094212919,3607842094216889,3607842094461260,3607842094947052,0,10,80,4,model.layers.2.self_attn.attn
3607842095257613,3607842095262143,3607842095477483,3607842096235146,0,10,80,128,model.layers.3.self_attn.attn
3607842096557867,3607842096562237,3607842096779877,3607842097507559,0,10,80,1,model.layers.0.self_attn.swa_cache
3607842097815350,3607842097819980,3607842098030411,3607842098447142,0,10,80,1,model.layers.1.self_attn.swa_cache
3607842098748163,3607842098752503,3607842098961184,3607842099379505,0,10,80,1,model.layers.2.self_attn.compressor.state_cache
3607842099543766,3607842099547436,3607842099783386,3607842100205218,0,10,80,1,model.layers.2.self_attn.indexer.compressor.state_cache
3607842100538599,3607842100575059,3607842100789090,3607842101207541,0,10,80,1,model.layers.3.self_attn.compressor.state_cache
3607842154531495,3607842155189317,3607842155397227,3607842161629247,1,10,80,4,model.layers.2.self_attn.indexer.k_cache
3607842161882467,3607842161886407,3607842162129858,3607842162603670,0,10,80,4,model.layers.2.self_attn.attn
3607842162917271,3607842162921761,3607842163137641,3607842163890174,0,10,80,128,model.layers.3.self_attn.attn
3607842164234145,3607842164238705,3607842164454615,3607842165176558,0,10,80,1,model.layers.0.self_attn.swa_cache
3607842165622099,3607842165629319,3607842165964270,3607842166619542,0,10,80,1,model.layers.1.self_attn.swa_cache
3607842167091093,3607842167098063,3607842167431684,3607842168108677,0,10,80,1,model.layers.2.self_attn.compressor.state_cache
3607842168369517,3607842168375407,3607842168747979,3607842169401141,0,10,80,1,model.layers.2.self_attn.indexer.compressor.state_cache
3607842169870632,3607842169926382,3607842170259633,3607842170920155,0,10,80,1,model.layers.3.self_attn.compressor.state_cache
3607842223830108,3607842224479860,3607842224683081,3607842229064884,1,10,80,4,model.layers.2.self_attn.indexer.k_cache
3607842229272715,3607842229276815,3607842229519255,3607842229999297,0,10,80,4,model.layers.2.self_attn.attn
3607842230313158,3607842230317458,3607842230534339,3607842231300001,0,10,80,128,model.layers.3.self_attn.attn
3607842231693532,3607842231699152,3607842231970473,3607842232928606,0,10,80,1,model.layers.0.self_attn.swa_cache
3607842233324447,3607842233330037,3607842233602678,3607842234134620,0,10,80,1,model.layers.1.self_attn.swa_cache
3607842234525231,3607842234530951,3607842234798972,3607842235332363,0,10,80,1,model.layers.2.self_attn.compressor.state_cache
3607842235543654,3607842235548654,3607842235849425,3607842236403727,0,10,80,1,model.layers.2.self_attn.indexer.compressor.state_cache
3607842236786838,3607842236831458,3607842237096169,3607842237629070,0,10,80,1,model.layers.3.self_attn.compressor.state_cache
3607842291355026,3607842292025268,3607842292239438,3607842296159310,1,9,72,4,model.layers.2.self_attn.indexer.k_cache
3607842296426261,3607842296430881,3607842296719522,3607842297277264,0,9,72,4,model.layers.2.self_attn.attn
3607842297643495,3607842297648805,3607842297897366,3607842298763228,0,9,72,128,model.layers.3.self_attn.attn
3607842299129250,3607842299134180,3607842299384870,3607842300255733,0,9,72,1,model.layers.0.self_attn.swa_cache
3607842300614254,3607842300619454,3607842300866255,3607842301353726,0,9,72,1,model.layers.1.self_attn.swa_cache
3607842301703627,3607842301708737,3607842301958728,3607842302443740,0,9,72,1,model.layers.2.self_attn.compressor.state_cache
3607842302642410,3607842302647290,3607842302921771,3607842303404013,0,9,72,1,model.layers.2.self_attn.indexer.compressor.state_cache
3607842303753104,3607842303796704,3607842304052705,3607842304567996,0,9,72,1,model.layers.3.self_attn.compressor.state_cache
3607842358861913,3607842359505915,3607842359711876,3607842365591684,1,9,72,4,model.layers.2.self_attn.indexer.k_cache
3607842365851845,3607842365856085,3607842366110436,3607842366605237,0,9,72,4,model.layers.2.self_attn.attn
3607842366926538,3607842366930888,3607842367157899,3607842367936561,0,9,72,128,model.layers.3.self_attn.attn
3607842368279262,3607842368283682,3607842368514123,3607842369278085,0,9,72,1,model.layers.0.self_attn.swa_cache
3607842369596896,3607842369601556,3607842369877907,3607842370487549,0,9,72,1,model.layers.1.self_attn.swa_cache
3607842370919820,3607842370925270,3607842371235371,3607842371842283,0,9,72,1,model.layers.2.self_attn.compressor.state_cache
3607842372096124,3607842372101424,3607842372448475,3607842373053557,0,9,72,1,model.layers.2.self_attn.indexer.compressor.state_cache
3607842373483608,3607842373537068,3607842373847569,3607842374452691,0,9,72,1,model.layers.3.self_attn.compressor.state_cache
3607842428754828,3607842429422220,3607842429645731,3607842431975558,1,8,64,4,model.layers.2.self_attn.indexer.k_cache
3607842432221289,3607842432225249,3607842432472350,3607842432958971,0,8,64,4,model.layers.2.self_attn.attn
3607842433303012,3607842433307352,3607842433525043,3607842434285835,0,8,64,128,model.layers.3.self_attn.attn
3607842434601306,3607842434605596,3607842434820917,3607842435556739,0,8,64,1,model.layers.0.self_attn.swa_cache
3607842435866560,3607842435871030,3607842436093941,3607842436521782,0,8,64,1,model.layers.1.self_attn.swa_cache
3607842436827763,3607842436832153,3607842437041774,3607842437479105,0,8,64,1,model.layers.2.self_attn.compressor.state_cache
3607842437647286,3607842437651226,3607842437887016,3607842438313418,0,8,64,1,model.layers.2.self_attn.indexer.compressor.state_cache
3607842438613389,3607842438650089,3607842438864429,3607842439285851,0,8,64,1,model.layers.3.self_attn.compressor.state_cache
3607842490865969,3607842491544151,3607842491761192,3607842494082469,1,8,64,4,model.layers.2.self_attn.indexer.k_cache
3607842494301870,3607842494305910,3607842494541941,3607842495021812,0,8,64,4,model.layers.2.self_attn.attn
3607842495334903,3607842495339403,3607842495552504,3607842496326986,0,8,64,128,model.layers.3.self_attn.attn
3607842496642927,3607842496647597,3607842496861368,3607842497594460,0,8,64,1,model.layers.0.self_attn.swa_cache
3607842497906201,3607842497910681,3607842498125952,3607842498549953,0,8,64,1,model.layers.1.self_attn.swa_cache
3607842498852354,3607842498856614,3607842499071385,3607842499493346,0,8,64,1,model.layers.2.self_attn.compressor.state_cache
3607842499661086,3607842499665076,3607842499898307,3607842500378499,0,8,64,1,model.layers.2.self_attn.indexer.compressor.state_cache
3607842500679019,3607842500715450,3607842500926220,3607842501344541,0,8,64,1,model.layers.3.self_attn.compressor.state_cache
3607842552079778,3607842552713939,3607842552915780,3607842556829902,1,8,64,4,model.layers.2.self_attn.indexer.k_cache
3607842557079083,3607842557083813,3607842557365314,3607842557919615,0,8,64,4,model.layers.2.self_attn.attn
3607842558281467,3607842558286217,3607842558535677,3607842559379200,0,8,64,128,model.layers.3.self_attn.attn
3607842559738691,3607842559743941,3607842559989772,3607842560864285,0,8,64,1,model.layers.0.self_attn.swa_cache
3607842561218836,3607842561223516,3607842561472566,3607842561963758,0,8,64,1,model.layers.1.self_attn.swa_cache
3607842562311629,3607842562316589,3607842562559810,3607842563042121,0,8,64,1,model.layers.2.self_attn.compressor.state_cache
3607842563237452,3607842563241772,3607842563511013,3607842563997154,0,8,64,1,model.layers.2.self_attn.indexer.compressor.state_cache
3607842564352815,3607842564392975,3607842564651466,3607842565068157,0,8,64,1,model.layers.3.self_attn.compressor.state_cache
3607842615708053,3607842616376095,3607842616580806,3607842618819013,1,8,64,4,model.layers.2.self_attn.indexer.k_cache
3607842619018653,3607842619022773,3607842619264144,3607842619753826,0,8,64,4,model.layers.2.self_attn.attn
3607842620078327,3607842620082527,3607842620297687,3607842621040090,0,8,64,128,model.layers.3.self_attn.attn
3607842621351651,3607842621355981,3607842621572021,3607842622299044,0,8,64,1,model.layers.0.self_attn.swa_cache
3607842622608194,3607842622612644,3607842622830835,3607842623254856,0,8,64,1,model.layers.1.self_attn.swa_cache
3607842623558017,3607842623562077,3607842623773508,3607842624199819,0,8,64,1,model.layers.2.self_attn.compressor.state_cache
3607842624370850,3607842624374610,3607842624607221,3607842625027402,0,8,64,1,model.layers.2.self_attn.indexer.compressor.state_cache
3607842625325213,3607842625359443,3607842625571114,3607842625987955,0,8,64,1,model.layers.3.self_attn.compressor.state_cache
3607842676490940,3607842677135362,3607842677342663,3607842679592070,1,8,64,4,model.layers.2.self_attn.indexer.k_cache
3607842679805580,3607842679809610,3607842680062581,3607842680562953,0,8,64,4,model.layers.2.self_attn.attn
3607842680878024,3607842680882504,3607842681095044,3607842681842017,0,8,64,128,model.layers.3.self_attn.attn
3607842682156818,3607842682161368,3607842682377288,3607842683130571,0,8,64,1,model.layers.0.self_attn.swa_cache
3607842683440482,3607842683444942,3607842683657342,3607842684100614,0,8,64,1,model.layers.1.self_attn.swa_cache
3607842684442545,3607842684446955,3607842684657625,3607842685079597,0,8,64,1,model.layers.2.self_attn.compressor.state_cache
3607842685248547,3607842685252577,3607842685485038,3607842685902349,0,8,64,1,model.layers.2.self_attn.indexer.compressor.state_cache
3607842686201130,3607842686238040,3607842686479311,3607842686911462,0,8,64,1,model.layers.3.self_attn.compressor.state_cache
3607842741135659,3607842741777231,3607842741977542,3607842746935357,1,8,64,4,model.layers.2.self_attn.indexer.k_cache
3607842747139917,3607842747143687,3607842747390268,3607842747867890,0,8,64,4,model.layers.2.self_attn.attn
3607842748196151,3607842748200881,3607842748418151,3607842749163894,0,8,64,128,model.layers.3.self_attn.attn
3607842749476995,3607842749481225,3607842749693295,3607842750414938,0,8,64,1,model.layers.0.self_attn.swa_cache
3607842750724729,3607842750729389,3607842750942869,3607842751361980,0,8,64,1,model.layers.1.self_attn.swa_cache
3607842751797232,3607842751803452,3607842752115093,3607842752679625,0,8,64,1,model.layers.2.self_attn.compressor.state_cache
3607842752906145,3607842752911785,3607842753233316,3607842753807098,0,8,64,1,model.layers.2.self_attn.indexer.compressor.state_cache
3607842754213999,3607842754262229,3607842754551320,3607842755133942,0,8,64,1,model.layers.3.self_attn.compressor.state_cache
3607842807143892,3607842807793174,3607842807996975,3607842810295112,1,8,64,4,model.layers.2.self_attn.indexer.k_cache
3607842810498422,3607842810502412,3607842810747463,3607842811232305,0,8,64,4,model.layers.2.self_attn.attn
3607842811544986,3607842811549486,3607842811760616,3607842812502259,0,8,64,128,model.layers.3.self_attn.attn
3607842812814799,3607842812819379,3607842813033350,3607842813771482,0,8,64,1,model.layers.0.self_attn.swa_cache
3607842814090213,3607842814094503,3607842814308084,3607842814727515,0,8,64,1,model.layers.1.self_attn.swa_cache
3607842815030986,3607842815035596,3607842815247127,3607842815667538,0,8,64,1,model.layers.2.self_attn.compressor.state_cache
3607842815834719,3607842815838559,3607842816085090,3607842816503671,0,8,64,1,model.layers.2.self_attn.indexer.compressor.state_cache
3607842816806012,3607842816839612,3607842817051853,3607842817479764,0,8,64,1,model.layers.3.self_attn.compressor.state_cache
3607842867985199,3607842868662841,3607842868876662,3607842871229539,1,8,64,4,model.layers.2.self_attn.indexer.k_cache
3607842871442160,3607842871446310,3607842871691621,3607842872194062,0,8,64,4,model.layers.2.self_attn.attn
3607842872504553,3607842872508863,3607842872721074,3607842873491096,0,8,64,128,model.layers.3.self_attn.attn
3607842873799247,3607842873803917,3607842874019848,3607842874748290,0,8,64,1,model.layers.0.self_attn.swa_cache
3607842875056091,3607842875060321,3607842875272762,3607842875692343,0,8,64,1,model.layers.1.self_attn.swa_cache
3607842875992424,3607842875996794,3607842876222825,3607842876644766,0,8,64,1,model.layers.2.self_attn.compressor.state_cache
3607842876813996,3607842876817926,3607842877053357,3607842877473938,0,8,64,1,model.layers.2.self_attn.indexer.compressor.state_cache
3607842877768839,3607842877804429,3607842878017850,3607842878444111,0,8,64,1,model.layers.3.self_attn.compressor.state_cache
3607842929036277,3607842929694369,3607842929914340,3607842932702698,1,8,64,4,model.layers.2.self_attn.indexer.k_cache
3607842932929129,3607842932933439,3607842933179960,3607842933661091,0,8,64,4,model.layers.2.self_attn.attn
3607842933971352,3607842933975752,3607842934188653,3607842934929295,0,8,64,128,model.layers.3.self_attn.attn
3607842935240786,3607842935245256,3607842935464257,3607842936229909,0,8,64,1,model.layers.0.self_attn.swa_cache
3607842936541670,3607842936546410,3607842936761221,3607842937190132,0,8,64,1,model.layers.1.self_attn.swa_cache
3607842937492293,3607842937496943,3607842937711694,3607842938127825,0,8,64,1,model.layers.2.self_attn.compressor.state_cache
3607842938296195,3607842938300055,3607842938534616,3607842938953797,0,8,64,1,model.layers.2.self_attn.indexer.compressor.state_cache
3607842939280478,3607842939315509,3607842939528839,3607842939951931,0,8,64,1,model.layers.3.self_attn.compressor.state_cache
3607842991060868,3607842991719870,3607842991978461,3607842995007830,1,8,64,4,model.layers.2.self_attn.indexer.k_cache
3607842995257981,3607842995262021,3607842995501931,3607842995991023,0,8,64,4,model.layers.2.self_attn.attn
3607842996314824,3607842996319074,3607842996532195,3607842997305347,0,8,64,128,model.layers.3.self_attn.attn
3607842997611368,3607842997616038,3607842997828139,3607842998559551,0,8,64,1,model.layers.0.self_attn.swa_cache
3607842998863612,3607842998868502,3607842999081022,3607842999503934,0,8,64,1,model.layers.1.self_attn.swa_cache
3607842999800525,3607842999805285,3607843000026235,3607843000455567,0,8,64,1,model.layers.2.self_attn.compressor.state_cache
3607843000620497,3607843000624687,3607843000859508,3607843001276809,0,8,64,1,model.layers.2.self_attn.indexer.compressor.state_cache
3607843001571340,3607843001609970,3607843001823761,3607843002241722,0,8,64,1,model.layers.3.self_attn.compressor.state_cache
3607843053131469,3607843053775681,3607843053985901,3607843056652759,1,8,64,4,model.layers.2.self_attn.indexer.k_cache
3607843056857950,3607843056861840,3607843057105521,3607843057589682,0,8,64,4,model.layers.2.self_attn.attn
3607843057896503,3607843057900943,3607843058114184,3607843058840906,0,8,64,128,model.layers.3.self_attn.attn
3607843059150917,3607843059155437,3607843059367648,3607843060106470,0,8,64,1,model.layers.0.self_attn.swa_cache
3607843060414541,3607843060418951,3607843060635682,3607843061060053,0,8,64,1,model.layers.1.self_attn.swa_cache
3607843061360084,3607843061364474,3607843061575145,3607843061991446,0,8,64,1,model.layers.2.self_attn.compressor.state_cache
3607843062155556,3607843062159206,3607843062392597,3607843062813908,0,8,64,1,model.layers.2.self_attn.indexer.compressor.state_cache
3607843063110819,3607843063146589,3607843063353380,3607843063768661,0,8,64,1,model.layers.3.self_attn.compressor.state_cache
3607843114323457,3607843114963679,3607843115186830,3607843117814808,1,8,64,4,model.layers.2.self_attn.indexer.k_cache
3607843118017368,3607843118021468,3607843118263069,3607843118741710,0,8,64,4,model.layers.2.self_attn.attn
3607843119048651,3607843119053211,3607843119264812,3607843120042154,0,8,64,128,model.layers.3.self_attn.attn
3607843120356355,3607843120360835,3607843120573416,3607843121298168,0,8,64,1,model.layers.0.self_attn.swa_cache
3607843121602749,3607843121607099,3607843121822550,3607843122240121,0,8,64,1,model.layers.1.self_attn.swa_cache
3607843122539402,3607843122543812,3607843122753363,3607843123169454,0,8,64,1,model.layers.2.self_attn.compressor.state_cache
3607843123341625,3607843123345855,3607843123582485,3607843124016437,0,8,64,1,model.layers.2.self_attn.indexer.compressor.state_cache
3607843124315168,3607843124351058,3607843124562338,3607843124978210,0,8,64,1,model.layers.3.self_attn.compressor.state_cache
3607843175445375,3607843176092917,3607843176301988,3607843179239097,1,8,64,4,model.layers.2.self_attn.indexer.k_cache
3607843179444637,3607843179448567,3607843179689858,3607843180190279,0,8,64,4,model.layers.2.self_attn.attn
3607843180504450,3607843180508830,3607843180722401,3607843181457083,0,8,64,128,model.layers.3.self_attn.attn
3607843181768844,3607843181773164,3607843181986665,3607843182708837,0,8,64,1,model.layers.0.self_attn.swa_cache
3607843183015958,3607843183020268,3607843183230539,3607843183649620,0,8,64,1,model.layers.1.self_attn.swa_cache
3607843183951351,3607843183955421,3607843184179572,3607843184698173,0,8,64,1,model.layers.2.self_attn.compressor.state_cache
3607843184880884,3607843184884954,3607843185141695,3607843185592486,0,8,64,1,model.layers.2.self_attn.indexer.compressor.state_cache
3607843185916327,3607843185954787,3607843186183418,3607843186634839,0,8,64,1,model.layers.3.self_attn.compressor.state_cache
3607843237803707,3607843238468879,3607843238678829,3607843240956176,1,8,64,4,model.layers.2.self_attn.indexer.k_cache
3607843241167377,3607843241171607,3607843241412858,3607843241894029,0,8,64,4,model.layers.2.self_attn.attn
3607843242236530,3607843242240780,3607843242452421,3607843243196013,0,8,64,128,model.layers.3.self_attn.attn
3607843243507694,3607843243512114,3607843243724705,3607843244474327,0,8,64,1,model.layers.0.self_attn.swa_cache
3607843244784608,3607843244789008,3607843245002439,3607843245430620,0,8,64,1,model.layers.1.self_attn.swa_cache
3607843245731431,3607843245735911,3607843245945672,3607843246363703,0,8,64,1,model.layers.2.self_attn.compressor.state_cache
3607843246530914,3607843246534704,3607843246767944,3607843247187926,0,8,64,1,model.layers.2.self_attn.indexer.compressor.state_cache
3607843247485216,3607843247520747,3607843247733707,3607843248162669,0,8,64,1,model.layers.3.self_attn.compressor.state_cache
3607843298719474,3607843299356836,3607843299572737,3607843302304435,1,8,64,4,model.layers.2.self_attn.indexer.k_cache
3607843302512936,3607843302516996,3607843302760716,3607843303242328,0,8,64,4,model.layers.2.self_attn.attn
3607843303554689,3607843303559359,3607843303773050,3607843304527672,0,8,64,128,model.layers.3.self_attn.attn
3607843304841063,3607843304845453,3607843305060544,3607843305779726,0,8,64,1,model.layers.0.self_attn.swa_cache
3607843306090497,3607843306095047,3607843306305687,3607843306721009,0,8,64,1,model.layers.1.self_attn.swa_cache
3607843307027340,3607843307031750,3607843307268680,3607843307684602,0,8,64,1,model.layers.2.self_attn.compressor.state_cache
3607843307855832,3607843307859532,3607843308103953,3607843308523444,0,8,64,1,model.layers.2.self_attn.indexer.compressor.state_cache
3607843308822535,3607843308857045,3607843309065946,3607843309483117,0,8,64,1,model.layers.3.self_attn.compressor.state_cache
3607843360395504,3607843361087426,3607843361303427,3607843363632704,1,8,64,4,model.layers.2.self_attn.indexer.k_cache
3607843363875124,3607843363879204,3607843364174445,3607843364654637,0,8,64,4,model.layers.2.self_attn.attn
3607843364972828,3607843364977608,3607843365191218,3607843365924911,0,8,64,128,model.layers.3.self_attn.attn
3607843366237192,3607843366241822,3607843366454772,3607843367188075,0,8,64,1,model.layers.0.self_attn.swa_cache
3607843367497086,3607843367501496,3607843367713376,3607843368149668,0,8,64,1,model.layers.1.self_attn.swa_cache
3607843368453119,3607843368457599,3607843368666589,3607843369083230,0,8,64,1,model.layers.2.self_attn.compressor.state_cache
3607843369250941,3607843369255041,3607843369486222,3607843369903793,0,8,64,1,model.layers.2.self_attn.indexer.compressor.state_cache
3607843370205074,3607843370242114,3607843370447715,3607843370861336,0,8,64,1,model.layers.3.self_attn.compressor.state_cache
3607843421953733,3607843422591805,3607843422796176,3607843425994356,1,8,64,4,model.layers.2.self_attn.indexer.k_cache
3607843426201586,3607843426205696,3607843426448787,3607843426927738,0,8,64,4,model.layers.2.self_attn.attn
3607843427240199,3607843427244449,3607843427456780,3607843428206922,0,8,64,128,model.layers.3.self_attn.attn
3607843428567773,3607843428572483,3607843428807684,3607843429597197,0,8,64,1,model.layers.0.self_attn.swa_cache
3607843429934668,3607843429939588,3607843430169018,3607843430626240,0,8,64,1,model.layers.1.self_attn.swa_cache
3607843430956561,3607843430961391,3607843431193761,3607843431647983,0,8,64,1,model.layers.2.self_attn.compressor.state_cache
3607843431831213,3607843431835623,3607843432112504,3607843432571376,0,8,64,1,model.layers.2.self_attn.indexer.compressor.state_cache
3607843432895487,3607843432934317,3607843433162948,3607843433614049,0,8,64,1,model.layers.3.self_attn.compressor.state_cache
3607843484734796,3607843485371458,3607843485572669,3607843489467311,1,8,64,4,model.layers.2.self_attn.indexer.k_cache
3607843489683311,3607843489687261,3607843489929902,3607843490409574,0,8,64,4,model.layers.2.self_attn.attn
3607843490724295,3607843490728985,3607843490939985,3607843491679638,0,8,64,128,model.layers.3.self_attn.attn
3607843491994679,3607843491998959,3607843492227749,3607843492959561,0,8,64,1,model.layers.0.self_attn.swa_cache
3607843493271882,3607843493276432,3607843493490503,3607843493912924,0,8,64,1,model.layers.1.self_attn.swa_cache
3607843494248865,3607843494253185,3607843494465386,3607843494877737,0,8,64,1,model.layers.2.self_attn.compressor.state_cache
3607843495113408,3607843495118248,3607843495386349,3607843495872990,0,8,64,1,model.layers.2.self_attn.indexer.compressor.state_cache
3607843496238662,3607843496281862,3607843496525742,3607843497010264,0,8,64,1,model.layers.3.self_attn.compressor.state_cache
3607843548755143,3607843549395115,3607843549600526,3607843553386217,1,8,64,4,model.layers.2.self_attn.indexer.k_cache
3607843553616918,3607843553621078,3607843553886309,3607843554422521,0,8,64,4,model.layers.2.self_attn.attn
3607843554760932,3607843554765542,3607843555000532,3607843555811855,0,8,64,128,model.layers.3.self_attn.attn
3607843556177396,3607843556182126,3607843556416487,3607843557228809,0,8,64,1,model.layers.0.self_attn.swa_cache
3607843557571190,3607843557575890,3607843557811091,3607843558270332,0,8,64,1,model.layers.1.self_attn.swa_cache
3607843558603053,3607843558607493,3607843558838244,3607843559298516,0,8,64,1,model.layers.2.self_attn.compressor.state_cache
3607843559481496,3607843559485556,3607843559743897,3607843560306729,0,8,64,1,model.layers.2.self_attn.indexer.compressor.state_cache
3607843560602100,3607843560636940,3607843560845150,3607843561256992,0,8,64,1,model.layers.3.self_attn.compressor.state_cache
3607843614051124,3607843614718706,3607843614936877,3607843617352114,1,7,56,4,model.layers.2.self_attn.indexer.k_cache
3607843617616805,3607843617621055,3607843617864076,3607843618343477,0,7,56,4,model.layers.2.self_attn.attn
3607843618663028,3607843618667598,3607843618881399,3607843619627611,0,7,56,128,model.layers.3.self_attn.attn
3607843619958322,3607843619963142,3607843620207253,3607843620939865,0,7,56,1,model.layers.0.self_attn.swa_cache
3607843621250676,3607843621255396,3607843621473417,3607843621895118,0,7,56,1,model.layers.1.self_attn.swa_cache
3607843622198169,3607843622202769,3607843622413520,3607843622838551,0,7,56,1,model.layers.2.self_attn.compressor.state_cache
3607843623006901,3607843623011071,3607843623245252,3607843623667804,0,7,56,1,model.layers.2.self_attn.indexer.compressor.state_cache
3607843623969024,3607843624018405,3607843624237185,3607843624662497,0,7,56,1,model.layers.3.self_attn.compressor.state_cache
3607843676972257,3607843677619509,3607843677824390,3607843680073457,1,7,56,4,model.layers.2.self_attn.indexer.k_cache
3607843680308708,3607843680312448,3607843680553018,3607843681034240,0,7,56,4,model.layers.2.self_attn.attn
3607843681350611,3607843681355031,3607843681569232,3607843682304994,0,7,56,128,model.layers.3.self_attn.attn
3607843682634305,3607843682638805,3607843682853976,3607843683588278,0,7,56,1,model.layers.0.self_attn.swa_cache
3607843683897509,3607843683902019,3607843684134270,3607843684550301,0,7,56,1,model.layers.1.self_attn.swa_cache
3607843684855982,3607843684860282,3607843685070662,3607843685483984,0,7,56,1,model.layers.2.self_attn.compressor.state_cache
3607843685652254,3607843685656174,3607843685891795,3607843686301776,0,7,56,1,model.layers.2.self_attn.indexer.compressor.state_cache
3607843686602177,3607843686640587,3607843686855418,3607843687269479,0,7,56,1,model.layers.3.self_attn.compressor.state_cache
3607843738975808,3607843739610670,3607843739812521,3607843744662756,1,7,56,4,model.layers.2.self_attn.indexer.k_cache
3607843744883286,3607843744887196,3607843745128977,3607843745617369,0,7,56,4,model.layers.2.self_attn.attn
3607843745926300,3607843745930650,3607843746139870,3607843746874482,0,7,56,128,model.layers.3.self_attn.attn
3607843747195573,3607843747200133,3607843747419074,3607843748330457,0,7,56,1,model.layers.0.self_attn.swa_cache
3607843748752868,3607843748758898,3607843749046799,3607843749622201,0,7,56,1,model.layers.1.self_attn.swa_cache
3607843750036572,3607843750042282,3607843750333923,3607843750911985,0,7,56,1,model.layers.2.self_attn.compressor.state_cache
3607843751139506,3607843751144886,3607843751466527,3607843752052248,0,7,56,1,model.layers.2.self_attn.indexer.compressor.state_cache
3607843752456430,3607843752504300,3607843752794461,3607843753369982,0,7,56,1,model.layers.3.self_attn.compressor.state_cache
3607843807179258,3607843807836730,3607843808064541,3607843810384678,1,6,48,4,model.layers.2.self_attn.indexer.k_cache
3607843810621639,3607843810625899,3607843810869289,3607843811349431,0,6,48,4,model.layers.2.self_attn.attn
3607843811663322,3607843811667812,3607843811881302,3607843812646705,0,6,48,128,model.layers.3.self_attn.attn
3607843812963006,3607843812967536,3607843813182326,3607843813918709,0,6,48,1,model.layers.0.self_attn.swa_cache
3607843814244980,3607843814249610,3607843814464890,3607843814885832,0,6,48,1,model.layers.1.self_attn.swa_cache
3607843815192763,3607843815197303,3607843815412203,3607843815833425,0,6,48,1,model.layers.2.self_attn.compressor.state_cache
3607843816013345,3607843816017275,3607843816258156,3607843816682607,0,6,48,1,model.layers.2.self_attn.indexer.compressor.state_cache
3607843816989828,3607843817027118,3607843817243569,3607843817666490,0,6,48,1,model.layers.3.self_attn.compressor.state_cache
3607843870228522,3607843870873544,3607843871082035,3607843873334581,1,6,48,4,model.layers.2.self_attn.indexer.k_cache
3607843873562762,3607843873566702,3607843873809753,3607843874296324,0,6,48,4,model.layers.2.self_attn.attn
3607843874606515,3607843874611085,3607843874822586,3607843875561738,0,6,48,128,model.layers.3.self_attn.attn
3607843875875049,3607843875879709,3607843876107060,3607843876861532,0,6,48,1,model.layers.0.self_attn.swa_cache
3607843877186893,3607843877191293,3607843877402994,3607843877827355,0,6,48,1,model.layers.1.self_attn.swa_cache
3607843878128276,3607843878132796,3607843878342777,3607843878757318,0,6,48,1,model.layers.2.self_attn.compressor.state_cache
3607843878923149,3607843878927069,3607843879161849,3607843879581791,0,6,48,1,model.layers.2.self_attn.indexer.compressor.state_cache
3607843879877662,3607843879915872,3607843880151952,3607843880583154,0,6,48,1,model.layers.3.self_attn.compressor.state_cache
3607843932242673,3607843932889875,3607843933099675,3607843935403742,1,6,48,4,model.layers.2.self_attn.indexer.k_cache
3607843935644263,3607843935648243,3607843935889294,3607843936396015,0,6,48,4,model.layers.2.self_attn.attn
3607843936706766,3607843936711026,3607843936922527,3607843937671439,0,6,48,128,model.layers.3.self_attn.attn
3607843937988460,3607843937992720,3607843938204711,3607843938948023,0,6,48,1,model.layers.0.self_attn.swa_cache
3607843939262064,3607843939266424,3607843939479395,3607843939898356,0,6,48,1,model.layers.1.self_attn.swa_cache
3607843940210377,3607843940214757,3607843940425408,3607843940839799,0,6,48,1,model.layers.2.self_attn.compressor.state_cache
3607843941006460,3607843941010480,3607843941244210,3607843941654892,0,6,48,1,model.layers.2.self_attn.indexer.compressor.state_cache
3607843941949513,3607843941986053,3607843942193863,3607843942611995,0,6,48,1,model.layers.3.self_attn.compressor.state_cache
3607843995276027,3607843995925659,3607843996146339,3607843998443756,1,5,40,4,model.layers.2.self_attn.indexer.k_cache
3607843998666817,3607843998670817,3607843998912498,3607843999400039,0,5,40,4,model.layers.2.self_attn.attn
3607843999707670,3607843999712300,3607843999924031,3607844000721193,0,5,40,128,model.layers.3.self_attn.attn
3607844001031554,3607844001036134,3607844001248665,3607844001982187,0,5,40,1,model.layers.0.self_attn.swa_cache
3607844002289638,3607844002294128,3607844002506029,3607844002922180,0,5,40,1,model.layers.1.self_attn.swa_cache
3607844003220721,3607844003225121,3607844003439252,3607844003851683,0,5,40,1,model.layers.2.self_attn.compressor.state_cache
3607844004027943,3607844004031874,3607844004266314,3607844004676905,0,5,40,1,model.layers.2.self_attn.indexer.compressor.state_cache
3607844004978076,3607844005017167,3607844005225617,3607844005642178,0,5,40,1,model.layers.3.self_attn.compressor.state_cache
3607844057675599,3607844058325481,3607844058531381,3607844060859668,1,5,40,4,model.layers.2.self_attn.indexer.k_cache
3607844061078909,3607844061082939,3607844061323600,3607844061798231,0,5,40,4,model.layers.2.self_attn.attn
3607844062105842,3607844062110592,3607844062324273,3607844063064045,0,5,40,128,model.layers.3.self_attn.attn
3607844063405906,3607844063409856,3607844063623747,3607844064398499,0,5,40,1,model.layers.0.self_attn.swa_cache
3607844064712060,3607844064716510,3607844064930711,3607844065353052,0,5,40,1,model.layers.1.self_attn.swa_cache
3607844065653633,3607844065658133,3607844065868184,3607844066289345,0,5,40,1,model.layers.2.self_attn.compressor.state_cache
3607844066456316,3607844066460036,3607844066693336,3607844067110028,0,5,40,1,model.layers.2.self_attn.indexer.compressor.state_cache
3607844067408458,3607844067445089,3607844067654789,3607844068085661,0,5,40,1,model.layers.3.self_attn.compressor.state_cache
3607844119619519,3607844120294601,3607844120493902,3607844122770039,1,5,40,4,model.layers.2.self_attn.indexer.k_cache
3607844122983529,3607844122987629,3607844123222210,3607844123697172,0,5,40,4,model.layers.2.self_attn.attn
3607844124014993,3607844124019883,3607844124234133,3607844124976316,0,5,40,128,model.layers.3.self_attn.attn
3607844125283036,3607844125287376,3607844125495147,3607844126204289,0,5,40,1,model.layers.0.self_attn.swa_cache
3607844126506850,3607844126511100,3607844126716151,3607844127138612,0,5,40,1,model.layers.1.self_attn.swa_cache
3607844127436313,3607844127440763,3607844127647754,3607844128075485,0,5,40,1,model.layers.2.self_attn.compressor.state_cache
3607844128243796,3607844128247666,3607844128471346,3607844128882008,0,5,40,1,model.layers.2.self_attn.indexer.compressor.state_cache
3607844129180338,3607844129214309,3607844129421509,3607844129829350,0,5,40,1,model.layers.3.self_attn.compressor.state_cache
3607844180126505,3607844180748427,3607844180946388,3607844183574106,1,5,40,4,model.layers.2.self_attn.indexer.k_cache
3607844183780296,3607844183784286,3607844184035497,3607844184520779,0,5,40,4,model.layers.2.self_attn.attn
3607844184828080,3607844184832510,3607844185041190,3607844185774173,0,5,40,128,model.layers.3.self_attn.attn
3607844186079183,3607844186083323,3607844186289484,3607844187012366,0,5,40,1,model.layers.0.self_attn.swa_cache
3607844187316807,3607844187321587,3607844187520568,3607844187933469,0,5,40,1,model.layers.1.self_attn.swa_cache
3607844188245550,3607844188249890,3607844188454661,3607844188866112,0,5,40,1,model.layers.2.self_attn.compressor.state_cache
3607844189035573,3607844189039643,3607844189273203,3607844189682235,0,5,40,1,model.layers.2.self_attn.indexer.compressor.state_cache
3607844189977495,3607844190011616,3607844190217056,3607844190631487,0,5,40,1,model.layers.3.self_attn.compressor.state_cache
3607844242712748,3607844243367570,3607844243602570,3607844246133668,1,5,40,4,model.layers.2.self_attn.indexer.k_cache
3607844246372479,3607844246376709,3607844246614980,3607844247102881,0,5,40,4,model.layers.2.self_attn.attn
3607844247408752,3607844247413622,3607844247626503,3607844248386875,0,5,40,128,model.layers.3.self_attn.attn
3607844248697136,3607844248701416,3607844248913517,3607844249640499,0,5,40,1,model.layers.0.self_attn.swa_cache
3607844249947300,3607844249951860,3607844250164661,3607844250584962,0,5,40,1,model.layers.1.self_attn.swa_cache
3607844250886643,3607844250891173,3607844251102243,3607844251523345,0,5,40,1,model.layers.2.self_attn.compressor.state_cache
3607844251687325,3607844251691275,3607844251926666,3607844252360877,0,5,40,1,model.layers.2.self_attn.indexer.compressor.state_cache
3607844252663418,3607844252702268,3607844252915469,3607844253338080,0,5,40,1,model.layers.3.self_attn.compressor.state_cache
3607844305102880,3607844305740562,3607844305951532,3607844308240689,1,5,40,4,model.layers.2.self_attn.indexer.k_cache
3607844308449670,3607844308453680,3607844308692311,3607844309167942,0,5,40,4,model.layers.2.self_attn.attn
3607844309477133,3607844309481523,3607844309695324,3607844310440406,0,5,40,128,model.layers.3.self_attn.attn
3607844310751377,3607844310755757,3607844310964678,3607844311703980,0,5,40,1,model.layers.0.self_attn.swa_cache
3607844312021221,3607844312025851,3607844312243012,3607844312672123,0,5,40,1,model.layers.1.self_attn.swa_cache
3607844312978244,3607844312982664,3607844313192074,3607844313609756,0,5,40,1,model.layers.2.self_attn.compressor.state_cache
3607844313805936,3607844313809656,3607844314045307,3607844314458818,0,5,40,1,model.layers.2.self_attn.indexer.compressor.state_cache
3607844314760219,3607844314795749,3607844315008630,3607844315425031,0,5,40,1,model.layers.3.self_attn.compressor.state_cache
3607844368520185,3607844369173577,3607844369381327,3607844373141839,1,4,32,4,model.layers.2.self_attn.indexer.k_cache
3607844373364510,3607844373368420,3607844373611090,3607844374093202,0,4,32,4,model.layers.2.self_attn.attn
3607844374403973,3607844374408373,3607844374625203,3607844375368586,0,4,32,128,model.layers.3.self_attn.attn
3607844375764397,3607844375769277,3607844376045768,3607844376919700,0,4,32,1,model.layers.0.self_attn.swa_cache
3607844377276382,3607844377281322,3607844377528552,3607844378024074,0,4,32,1,model.layers.1.self_attn.swa_cache
3607844378374025,3607844378378785,3607844378621396,3607844379112317,0,4,32,1,model.layers.2.self_attn.compressor.state_cache
3607844379306898,3607844379311398,3607844379582089,3607844380072420,0,4,32,1,model.layers.2.self_attn.indexer.compressor.state_cache
3607844380423831,3607844380464971,3607844380709582,3607844381190364,0,4,32,1,model.layers.3.self_attn.compressor.state_cache
3607844435144940,3607844435800252,3607844436020262,3607844438332369,1,3,24,4,model.layers.2.self_attn.indexer.k_cache
3607844438561970,3607844438565960,3607844438805951,3607844439289762,0,3,24,4,model.layers.2.self_attn.attn
3607844439602163,3607844439606753,3607844439822294,3607844440581456,0,3,24,128,model.layers.3.self_attn.attn
3607844440900037,3607844440904327,3607844441120008,3607844441849820,0,3,24,1,model.layers.0.self_attn.swa_cache
3607844442161401,3607844442165811,3607844442380092,3607844442805493,0,3,24,1,model.layers.1.self_attn.swa_cache
3607844443109564,3607844443114114,3607844443329095,3607844443746616,0,3,24,1,model.layers.2.self_attn.compressor.state_cache
3607844443916047,3607844443920017,3607844444169647,3607844444590099,0,3,24,1,model.layers.2.self_attn.indexer.compressor.state_cache
3607844444904450,3607844444943960,3607844445156850,3607844445573092,0,3,24,1,model.layers.3.self_attn.compressor.state_cache
3607844499261827,3607844499911649,3607844500128899,3607844502407027,1,3,24,4,model.layers.2.self_attn.indexer.k_cache
3607844502633867,3607844502637917,3607844502880438,3607844503364789,0,3,24,4,model.layers.2.self_attn.attn
3607844503679580,3607844503684050,3607844503898771,3607844504675423,0,3,24,128,model.layers.3.self_attn.attn
3607844504992444,3607844504996914,3607844505208485,3607844505957917,0,3,24,1,model.layers.0.self_attn.swa_cache
3607844506267718,3607844506271708,3607844506490379,3607844506911720,0,3,24,1,model.layers.1.self_attn.swa_cache
3607844507214791,3607844507219011,3607844507430552,3607844507853213,0,3,24,1,model.layers.2.self_attn.compressor.state_cache
3607844508035384,3607844508039184,3607844508278385,3607844508691726,0,3,24,1,model.layers.2.self_attn.indexer.compressor.state_cache
3607844509001187,3607844509039287,3607844509251208,3607844509668049,0,3,24,1,model.layers.3.self_attn.compressor.state_cache
3607844561781339,3607844562441861,3607844562651252,3607844565022499,1,3,24,4,model.layers.2.self_attn.indexer.k_cache
3607844565251500,3607844565255450,3607844565495871,3607844565974362,0,3,24,4,model.layers.2.self_attn.attn
3607844566285603,3607844566290033,3607844566506204,3607844567262106,0,3,24,128,model.layers.3.self_attn.attn
3607844567572297,3607844567576587,3607844567788238,3607844568537340,0,3,24,1,model.layers.0.self_attn.swa_cache
3607844568846941,3607844568851261,3607844569064732,3607844569490933,0,3,24,1,model.layers.1.self_attn.swa_cache
3607844569792194,3607844569796444,3607844570005564,3607844570428716,0,3,24,1,model.layers.2.self_attn.compressor.state_cache
3607844570595746,3607844570599756,3607844570831287,3607844571246488,0,3,24,1,model.layers.2.self_attn.indexer.compressor.state_cache
3607844571549039,3607844571584959,3607844571793790,3607844572258091,0,3,24,1,model.layers.3.self_attn.compressor.state_cache
3607844624068711,3607844624713133,3607844624911003,3607844627183180,1,3,24,4,model.layers.2.self_attn.indexer.k_cache
3607844627387111,3607844627391301,3607844627631992,3607844628131953,0,3,24,4,model.layers.2.self_attn.attn
3607844628443874,3607844628448044,3607844628663165,3607844629420237,0,3,24,128,model.layers.3.self_attn.attn
3607844629765058,3607844629769358,3607844629984279,3607844630723541,0,3,24,1,model.layers.0.self_attn.swa_cache
3607844631030472,3607844631034812,3607844631248533,3607844631671664,0,3,24,1,model.layers.1.self_attn.swa_cache
3607844631976555,3607844631980895,3607844632198156,3607844632616177,0,3,24,1,model.layers.2.self_attn.compressor.state_cache
3607844632786048,3607844632789928,3607844633028708,3607844633448600,0,3,24,1,model.layers.2.self_attn.indexer.compressor.state_cache
3607844633752481,3607844633790311,3607844634007211,3607844634429643,0,3,24,1,model.layers.3.self_attn.compressor.state_cache
3607844685623820,3607844686259942,3607844686463673,3607844688731220,1,3,24,4,model.layers.2.self_attn.indexer.k_cache
3607844688947070,3607844688950990,3607844689189601,3607844689677103,0,3,24,4,model.layers.2.self_attn.attn
3607844689990964,3607844689995664,3607844690206214,3607844690962547,0,3,24,128,model.layers.3.self_attn.attn
3607844691271287,3607844691275967,3607844691489988,3607844692232250,0,3,24,1,model.layers.0.self_attn.swa_cache
3607844692544691,3607844692549201,3607844692760422,3607844693184083,0,3,24,1,model.layers.1.self_attn.swa_cache
3607844693488814,3607844693493094,3607844693704025,3607844694122876,0,3,24,1,model.layers.2.self_attn.compressor.state_cache
3607844694290977,3607844694294807,3607844694526377,3607844694947489,0,3,24,1,model.layers.2.self_attn.indexer.compressor.state_cache
3607844695249250,3607844695283910,3607844695496730,3607844695914312,0,3,24,1,model.layers.3.self_attn.compressor.state_cache
3607844748790984,3607844749462686,3607844749666837,3607844751945604,1,3,24,4,model.layers.2.self_attn.indexer.k_cache
3607844752168025,3607844752171915,3607844752418686,3607844752900727,0,3,24,4,model.layers.2.self_attn.attn
3607844753216128,3607844753220418,3607844753431159,3607844754169101,0,3,24,128,model.layers.3.self_attn.attn
3607844754480342,3607844754484862,3607844754705293,3607844755433935,0,3,24,1,model.layers.0.self_attn.swa_cache
3607844755743286,3607844755747676,3607844755960296,3607844756410308,0,3,24,1,model.layers.1.self_attn.swa_cache
3607844756717429,3607844756722029,3607844756938359,3607844757361091,0,3,24,1,model.layers.2.self_attn.compressor.state_cache
3607844757527761,3607844757531381,3607844757771662,3607844758184883,0,3,24,1,model.layers.2.self_attn.indexer.compressor.state_cache
3607844758483864,3607844758519724,3607844758729415,3607844759151916,0,3,24,1,model.layers.3.self_attn.compressor.state_cache
3607844810938796,3607844811592658,3607844811803278,3607844814074645,1,3,24,4,model.layers.2.self_attn.indexer.k_cache
3607844814275216,3607844814279336,3607844814520167,3607844814999518,0,3,24,4,model.layers.2.self_attn.attn
3607844815309199,3607844815313479,3607844815530430,3607844816288602,0,3,24,128,model.layers.3.self_attn.attn
3607844816603173,3607844816607563,3607844816820924,3607844817596126,0,3,24,1,model.layers.0.self_attn.swa_cache
3607844817904987,3607844817909567,3607844818127928,3607844818560419,0,3,24,1,model.layers.1.self_attn.swa_cache
3607844818862780,3607844818867090,3607844819078281,3607844819503252,0,3,24,1,model.layers.2.self_attn.compressor.state_cache
3607844819671752,3607844819675552,3607844819914353,3607844820355665,0,3,24,1,model.layers.2.self_attn.indexer.compressor.state_cache
3607844820661095,3607844820695566,3607844820911266,3607844821329838,0,3,24,1,model.layers.3.self_attn.compressor.state_cache
3607844874114940,3607844874772052,3607844874980763,3607844877304470,1,3,24,4,model.layers.2.self_attn.indexer.k_cache
3607844877541850,3607844877545990,3607844877792971,3607844878279963,0,3,24,4,model.layers.2.self_attn.attn
3607844878592574,3607844878597304,3607844878813654,3607844879565777,0,3,24,128,model.layers.3.self_attn.attn
3607844879914268,3607844879918938,3607844880149398,3607844880911351,0,3,24,1,model.layers.0.self_attn.swa_cache
3607844881227292,3607844881231902,3607844881452892,3607844881881834,0,3,24,1,model.layers.1.self_attn.swa_cache
3607844882194355,3607844882198855,3607844882415445,3607844882839997,0,3,24,1,model.layers.2.self_attn.compressor.state_cache
3607844883019287,3607844883023687,3607844883266828,3607844883692109,0,3,24,1,model.layers.2.self_attn.indexer.compressor.state_cache
3607844883992680,3607844884045100,3607844884265931,3607844884700582,0,3,24,1,model.layers.3.self_attn.compressor.state_cache
3607844937470295,3607844938104607,3607844938305657,3607844940603604,1,3,24,4,model.layers.2.self_attn.indexer.k_cache
3607844940841915,3607844940845775,3607844941091426,3607844941570437,0,3,24,4,model.layers.2.self_attn.attn
3607844941892848,3607844941897518,3607844942116389,3607844942868411,0,3,24,128,model.layers.3.self_attn.attn
3607844943179862,3607844943184522,3607844943404713,3607844944161165,0,3,24,1,model.layers.0.self_attn.swa_cache
3607844944471136,3607844944475926,3607844944687067,3607844945119258,0,3,24,1,model.layers.1.self_attn.swa_cache
3607844945421249,3607844945425579,3607844945641330,3607844946064971,0,3,24,1,model.layers.2.self_attn.compressor.state_cache
3607844946232612,3607844946236322,3607844946471322,3607844946888674,0,3,24,1,model.layers.2.self_attn.indexer.compressor.state_cache
3607844947185435,3607844947222715,3607844947441075,3607844947855047,0,3,24,1,model.layers.3.self_attn.compressor.state_cache
3607844999309495,3607844999945027,3607845000165818,3607845002437675,1,3,24,4,model.layers.2.self_attn.indexer.k_cache
3607845002636555,3607845002640635,3607845002879896,3607845003358507,0,3,24,4,model.layers.2.self_attn.attn
3607845003663098,3607845003667458,3607845003883769,3607845004683302,0,3,24,128,model.layers.3.self_attn.attn
3607845005010013,3607845005014703,3607845005231143,3607845005994846,0,3,24,1,model.layers.0.self_attn.swa_cache
3607845006314527,3607845006318707,3607845006530637,3607845006950059,0,3,24,1,model.layers.1.self_attn.swa_cache
3607845007254379,3607845007258989,3607845007473690,3607845007897821,0,3,24,1,model.layers.2.self_attn.compressor.state_cache
3607845008074722,3607845008078772,3607845008318783,3607845008742014,0,3,24,1,model.layers.2.self_attn.indexer.compressor.state_cache
3607845009046935,3607845009083935,3607845009296566,3607845009712137,0,3,24,1,model.layers.3.self_attn.compressor.state_cache
3607845064907587,3607845065577269,3607845065790500,3607845068209007,1,2,16,4,model.layers.2.self_attn.indexer.k_cache
3607845068451688,3607845068455778,3607845068695868,3607845069172650,0,2,16,4,model.layers.2.self_attn.attn
3607845069481901,3607845069486231,3607845069699032,3607845070445184,0,2,16,128,model.layers.3.self_attn.attn
3607845070753025,3607845070757465,3607845070971515,3607845071722198,0,2,16,1,model.layers.0.self_attn.swa_cache
3607845072037999,3607845072042519,3607845072257429,3607845072684871,0,2,16,1,model.layers.1.self_attn.swa_cache
3607845072986522,3607845072991092,3607845073204802,3607845073625544,0,2,16,1,model.layers.2.self_attn.compressor.state_cache
3607845073794484,3607845073798454,3607845074035385,3607845074453506,0,2,16,1,model.layers.2.self_attn.indexer.compressor.state_cache
3607845074754917,3607845074792757,3607845075016898,3607845075438539,0,2,16,1,model.layers.3.self_attn.compressor.state_cache
3607845127978331,3607845128627973,3607845128832403,3607845131086560,1,2,16,4,model.layers.2.self_attn.indexer.k_cache
3607845131299061,3607845131303321,3607845131542142,3607845132035133,0,2,16,4,model.layers.2.self_attn.attn
3607845132346744,3607845132351024,3607845132566245,3607845133343547,0,2,16,128,model.layers.3.self_attn.attn
3607845133661258,3607845133665678,3607845133879549,3607845134644941,0,2,16,1,model.layers.0.self_attn.swa_cache
3607845134956482,3607845134960832,3607845135174913,3607845135596034,0,2,16,1,model.layers.1.self_attn.swa_cache
3607845135898765,3607845135903005,3607845136134326,3607845136556097,0,2,16,1,model.layers.2.self_attn.compressor.state_cache
3607845136757358,3607845136761158,3607845137000679,3607845137411970,0,2,16,1,model.layers.2.self_attn.indexer.compressor.state_cache
3607845137722871,3607845137758061,3607845137970072,3607845138385423,0,2,16,1,model.layers.3.self_attn.compressor.state_cache
3607845189453130,3607845190087742,3607845190290353,3607845192564330,1,2,16,4,model.layers.2.self_attn.indexer.k_cache
3607845192766350,3607845192770510,3607845193011461,3607845193485472,0,2,16,4,model.layers.2.self_attn.attn
3607845193823263,3607845193828183,3607845194042804,3607845194783376,0,2,16,128,model.layers.3.self_attn.attn
3607845195095907,3607845195100257,3607845195312638,3607845196063870,0,2,16,1,model.layers.0.self_attn.swa_cache
3607845196373021,3607845196377761,3607845196590782,3607845197005413,0,2,16,1,model.layers.1.self_attn.swa_cache
3607845197306344,3607845197310854,3607845197521645,3607845197949026,0,2,16,1,model.layers.2.self_attn.compressor.state_cache
3607845198118257,3607845198122307,3607845198356827,3607845198773589,0,2,16,1,model.layers.2.self_attn.indexer.compressor.state_cache
3607845199073440,3607845199109200,3607845199320270,3607845199740682,0,2,16,1,model.layers.3.self_attn.compressor.state_cache
3607845251091610,3607845251739792,3607845251948602,3607845254251409,1,2,16,4,model.layers.2.self_attn.indexer.k_cache
3607845254462970,3607845254466870,3607845254712141,3607845255187982,0,2,16,4,model.layers.2.self_attn.attn
3607845255496733,3607845255500883,3607845255713844,3607845256487746,0,2,16,128,model.layers.3.self_attn.attn
3607845256801297,3607845256805527,3607845257019588,3607845257757670,0,2,16,1,model.layers.0.self_attn.swa_cache
3607845258064181,3607845258068511,3607845258279322,3607845258708253,0,2,16,1,model.layers.1.self_attn.swa_cache
3607845259012724,3607845259017054,3607845259230685,3607845259657596,0,2,16,1,model.layers.2.self_attn.compressor.state_cache
3607845259825036,3607845259828806,3607845260073757,3607845260499009,0,2,16,1,model.layers.2.self_attn.indexer.compressor.state_cache
3607845260803599,3607845260837540,3607845261049590,3607845261465591,0,2,16,1,model.layers.3.self_attn.compressor.state_cache
3607845312536679,3607845313174111,3607845313372081,3607845315592508,1,2,16,4,model.layers.2.self_attn.indexer.k_cache
3607845315790219,3607845315794089,3607845316053769,3607845316546821,0,2,16,4,model.layers.2.self_attn.attn
3607845316858712,3607845316863252,3607845317075073,3607845317842325,0,2,16,128,model.layers.3.self_attn.attn
3607845318158756,3607845318163316,3607845318376267,3607845319127339,0,2,16,1,model.layers.0.self_attn.swa_cache
3607845319434310,3607845319438550,3607845319651100,3607845320086992,0,2,16,1,model.layers.1.self_attn.swa_cache
3607845320390013,3607845320394663,3607845320604783,3607845321023315,0,2,16,1,model.layers.2.self_attn.compressor.state_cache
3607845321191185,3607845321194925,3607845321430996,3607845321848317,0,2,16,1,model.layers.2.self_attn.indexer.compressor.state_cache
3607845322147368,3607845322183148,3607845322395509,3607845322812510,0,2,16,1,model.layers.3.self_attn.compressor.state_cache
3607845375188431,3607845375835963,3607845376052374,3607845378300411,1,2,16,4,model.layers.2.self_attn.indexer.k_cache
3607845378514202,3607845378518162,3607845378762442,3607845379236414,0,2,16,4,model.layers.2.self_attn.attn
3607845379543475,3607845379547885,3607845379763915,3607845380527558,0,2,16,128,model.layers.3.self_attn.attn
3607845380837649,3607845380841809,3607845381054539,3607845381790912,0,2,16,1,model.layers.0.self_attn.swa_cache
3607845382100423,3607845382104523,3607845382321113,3607845382736595,0,2,16,1,model.layers.1.self_attn.swa_cache
3607845383040665,3607845383045005,3607845383256116,3607845383681537,0,2,16,1,model.layers.2.self_attn.compressor.state_cache
3607845383849838,3607845383853658,3607845384105269,3607845384520940,0,2,16,1,model.layers.2.self_attn.indexer.compressor.state_cache
3607845384824991,3607845384859541,3607845385074092,3607845385490803,0,2,16,1,model.layers.3.self_attn.compressor.state_cache
3607845437779014,3607845438422976,3607845438631286,3607845441167324,1,1,8,4,model.layers.2.self_attn.indexer.k_cache
3607845441437325,3607845441441205,3607845441683046,3607845442158847,0,1,8,4,model.layers.2.self_attn.attn
3607845442471068,3607845442475508,3607845442692029,3607845443446761,0,1,8,128,model.layers.3.self_attn.attn
3607845443767312,3607845443771852,3607845443990463,3607845444757195,0,1,8,1,model.layers.0.self_attn.swa_cache
3607845445070546,3607845445074756,3607845445288367,3607845445711068,0,1,8,1,model.layers.1.self_attn.swa_cache
3607845446016059,3607845446020359,3607845446232000,3607845446649241,0,1,8,1,model.layers.2.self_attn.compressor.state_cache
3607845446816962,3607845446820572,3607845447054822,3607845447467664,0,1,8,1,model.layers.2.self_attn.indexer.compressor.state_cache
3607845447771205,3607845447807865,3607845448039325,3607845448473467,0,1,8,1,model.layers.3.self_attn.compressor.state_cache
3607845500230656,3607845500878638,3607845501082299,3607845503501416,1,1,8,4,model.layers.2.self_attn.indexer.k_cache
3607845503708617,3607845503712587,3607845503960217,3607845504468569,0,1,8,4,model.layers.2.self_attn.attn
3607845504785790,3607845504790100,3607845505004411,3607845505748033,0,1,8,128,model.layers.3.self_attn.attn
3607845506063984,3607845506068354,3607845506287125,3607845507024157,0,1,8,1,model.layers.0.self_attn.swa_cache
3607845507335848,3607845507340388,3607845507553408,3607845507972180,0,1,8,1,model.layers.1.self_attn.swa_cache
3607845508289421,3607845508293341,3607845508507931,3607845508920733,0,1,8,1,model.layers.2.self_attn.compressor.state_cache
3607845509087213,3607845509091123,3607845509323384,3607845509738405,0,1,8,1,model.layers.2.self_attn.indexer.compressor.state_cache
3607845510038766,3607845510074496,3607845510286707,3607845510715988,0,1,8,1,model.layers.3.self_attn.compressor.state_cache
3607845561838185,3607845562473227,3607845562675998,3607845564941865,1,1,8,4,model.layers.2.self_attn.indexer.k_cache
3607845565141666,3607845565145696,3607845565388746,3607845565885928,0,1,8,4,model.layers.2.self_attn.attn
3607845566193849,3607845566198189,3607845566412730,3607845567156582,0,1,8,128,model.layers.3.self_attn.attn
3607845567472653,3607845567477123,3607845567693663,3607845568453796,0,1,8,1,model.layers.0.self_attn.swa_cache
3607845568766697,3607845568770957,3607845568983837,3607845569404389,0,1,8,1,model.layers.1.self_attn.swa_cache
3607845569704130,3607845569708410,3607845569920720,3607845570332062,0,1,8,1,model.layers.2.self_attn.compressor.state_cache
3607845570500882,3607845570504532,3607845570738723,3607845571148074,0,1,8,1,model.layers.2.self_attn.indexer.compressor.state_cache
3607845571446015,3607845571480215,3607845571693126,3607845572128447,0,1,8,1,model.layers.3.self_attn.compressor.state_cache
3607845623095154,3607845623739136,3607845623946917,3607845626160983,1,1,8,4,model.layers.2.self_attn.indexer.k_cache
3607845626355384,3607845626359414,3607845626601215,3607845627078376,0,1,8,4,model.layers.2.self_attn.attn
3607845627391697,3607845627396187,3607845627611918,3607845628414760,0,1,8,128,model.layers.3.self_attn.attn
3607845628737131,3607845628741571,3607845628955362,3607845629692324,0,1,8,1,model.layers.0.self_attn.swa_cache
3607845630005255,3607845630009735,3607845630225646,3607845630643327,0,1,8,1,model.layers.1.self_attn.swa_cache
3607845630950688,3607845630954938,3607845631162909,3607845631582250,0,1,8,1,model.layers.2.self_attn.compressor.state_cache
3607845631751091,3607845631754891,3607845631991131,3607845632430773,0,1,8,1,model.layers.2.self_attn.indexer.compressor.state_cache
3607845632731154,3607845632767194,3607845632980814,3607845633399156,0,1,8,1,model.layers.3.self_attn.compressor.state_cache
3607845692472667,3607845693130209,3607845693332880,3607845695723307,1,1,8,4,model.layers.2.self_attn.indexer.k_cache
3607845695975418,3607845695979338,3607845696240769,3607845696724170,0,1,8,4,model.layers.2.self_attn.attn
3607845697038101,3607845697042391,3607845697255052,3607845698002164,0,1,8,128,model.layers.3.self_attn.attn
3607845698321585,3607845698326135,3607845698539386,3607845699268468,0,1,8,1,model.layers.0.self_attn.swa_cache
3607845699613919,3607845699618209,3607845699832570,3607845700268151,0,1,8,1,model.layers.1.self_attn.swa_cache
3607845700577362,3607845700581862,3607845700794013,3607845701237734,0,1,8,1,model.layers.2.self_attn.compressor.state_cache
3607845701406865,3607845701410525,3607845701647246,3607845702068587,0,1,8,1,model.layers.2.self_attn.indexer.compressor.state_cache
3607845702368668,3607845702409628,3607845702622799,3607845703047610,0,1,8,1,model.layers.3.self_attn.compressor.state_cache
3607845754486248,3607845755128870,3607845755336031,3607845757601028,1,1,8,4,model.layers.2.self_attn.indexer.k_cache
3607845757801428,3607845757805538,3607845758049169,3607845758535001,0,1,8,4,model.layers.2.self_attn.attn
3607845758849852,3607845758854192,3607845759070212,3607845759806384,0,1,8,128,model.layers.3.self_attn.attn
3607845760137895,3607845760142276,3607845760362366,3607845761095468,0,1,8,1,model.layers.0.self_attn.swa_cache
3607845761410039,3607845761414579,3607845761628230,3607845762052661,0,1,8,1,model.layers.1.self_attn.swa_cache
3607845762355142,3607845762359452,3607845762571803,3607845762988864,0,1,8,1,model.layers.2.self_attn.compressor.state_cache
3607845763155835,3607845763159875,3607845763395266,3607845763814217,0,1,8,1,model.layers.2.self_attn.indexer.compressor.state_cache
3607845764128018,3607845764162488,3607845764377249,3607845764795960,0,1,8,1,model.layers.3.self_attn.compressor.state_cache
3607845815792397,3607845816486039,3607845816694819,3607845818955586,1,1,8,4,model.layers.2.self_attn.indexer.k_cache
3607845819153687,3607845819157477,3607845819400378,3607845819886519,0,1,8,4,model.layers.2.self_attn.attn
3607845820213950,3607845820218140,3607845820432141,3607845821170943,0,1,8,128,model.layers.3.self_attn.attn
3607845821484704,3607845821489074,3607845821704915,3607845822446577,0,1,8,1,model.layers.0.self_attn.swa_cache
3607845822758538,3607845822762878,3607845822973039,3607845823389510,0,1,8,1,model.layers.1.self_attn.swa_cache
3607845823693601,3607845823698041,3607845823909922,3607845824344783,0,1,8,1,model.layers.2.self_attn.compressor.state_cache
3607845824514044,3607845824518024,3607845824752924,3607845825171096,0,1,8,1,model.layers.2.self_attn.indexer.compressor.state_cache
3607845825471196,3607845825504917,3607845825715007,3607845826135959,0,1,8,1,model.layers.3.self_attn.compressor.state_cache
3607845877102605,3607845877734097,3607845877945368,3607845880208525,1,1,8,4,model.layers.2.self_attn.indexer.k_cache
3607845880408985,3607845880413036,3607845880656536,3607845881145068,0,1,8,4,model.layers.2.self_attn.attn
3607845881454849,3607845881459049,3607845881673949,3607845882411312,0,1,8,128,model.layers.3.self_attn.attn
3607845882759293,3607845882763953,3607845882981493,3607845883738746,0,1,8,1,model.layers.0.self_attn.swa_cache
3607845884090097,3607845884094667,3607845884312528,3607845884739329,0,1,8,1,model.layers.1.self_attn.swa_cache
3607845885041200,3607845885045540,3607845885257080,3607845885674092,0,1,8,1,model.layers.2.self_attn.compressor.state_cache
3607845885840242,3607845885844222,3607845886085883,3607845886502704,0,1,8,1,model.layers.2.self_attn.indexer.compressor.state_cache
3607845886801615,3607845886838305,3607845887052366,3607845887472557,0,1,8,1,model.layers.3.self_attn.compressor.state_cache
3607845938457394,3607845939098436,3607845939302367,3607845941561054,1,1,8,4,model.layers.2.self_attn.indexer.k_cache
3607845941767404,3607845941771284,3607845942013865,3607845942487286,0,1,8,4,model.layers.2.self_attn.attn
3607845942795847,3607845942799887,3607845943016718,3607845943783550,0,1,8,128,model.layers.3.self_attn.attn
3607845944117321,3607845944121841,3607845944337862,3607845945063564,0,1,8,1,model.layers.0.self_attn.swa_cache
3607845945377485,3607845945381675,3607845945596796,3607845946013277,0,1,8,1,model.layers.1.self_attn.swa_cache
3607845946313668,3607845946317728,3607845946526369,3607845946936740,0,1,8,1,model.layers.2.self_attn.compressor.state_cache
3607845947106811,3607845947110421,3607845947343861,3607845947754523,0,1,8,1,model.layers.2.self_attn.indexer.compressor.state_cache
3607845948100924,3607845948135254,3607845948348955,3607845948761566,0,1,8,1,model.layers.3.self_attn.compressor.state_cache
3607845999499782,3607846000158394,3607846000363965,3607846002580661,1,1,8,4,model.layers.2.self_attn.indexer.k_cache
3607846002778072,3607846002782062,3607846003023263,3607846003499734,0,1,8,4,model.layers.2.self_attn.attn
3607846003811895,3607846003816245,3607846004045996,3607846004811358,0,1,8,128,model.layers.3.self_attn.attn
3607846005130489,3607846005134749,3607846005348430,3607846006078052,0,1,8,1,model.layers.0.self_attn.swa_cache
3607846006422153,3607846006426623,3607846006642484,3607846007062375,0,1,8,1,model.layers.1.self_attn.swa_cache
3607846007364746,3607846007369206,3607846007580097,3607846007995688,0,1,8,1,model.layers.2.self_attn.compressor.state_cache
3607846008199299,3607846008203159,3607846008440529,3607846008855741,0,1,8,1,model.layers.2.self_attn.indexer.compressor.state_cache
3607846009155032,3607846009190012,3607846009403522,3607846009821774,0,1,8,1,model.layers.3.self_attn.compressor.state_cache
3607846060854021,3607846061497283,3607846061701703,3607846063975050,1,1,8,4,model.layers.2.self_attn.indexer.k_cache
3607846064202531,3607846064206481,3607846064450782,3607846064930243,0,1,8,4,model.layers.2.self_attn.attn
3607846065242994,3607846065247244,3607846065458525,3607846066224847,0,1,8,128,model.layers.3.self_attn.attn
3607846066543758,3607846066548138,3607846066761139,3607846067490491,0,1,8,1,model.layers.0.self_attn.swa_cache
3607846067798752,3607846067803382,3607846068021843,3607846068447534,0,1,8,1,model.layers.1.self_attn.swa_cache
3607846068749655,3607846068754025,3607846068964606,3607846069383467,0,1,8,1,model.layers.2.self_attn.compressor.state_cache
3607846069550137,3607846069553977,3607846069785108,3607846070201859,0,1,8,1,model.layers.2.self_attn.indexer.compressor.state_cache
3607846070500730,3607846070535190,3607846070749251,3607846071167592,0,1,8,1,model.layers.3.self_attn.compressor.state_cache
3607846122688661,3607846123331073,3607846123539093,3607846125868191,1,1,8,4,model.layers.2.self_attn.indexer.k_cache
3607846126093941,3607846126098111,3607846126339922,3607846126822734,0,1,8,4,model.layers.2.self_attn.attn
3607846127135635,3607846127139945,3607846127359415,3607846128114598,0,1,8,128,model.layers.3.self_attn.attn
3607846128437139,3607846128441789,3607846128663009,3607846129418592,0,1,8,1,model.layers.0.self_attn.swa_cache
3607846129730283,3607846129734573,3607846129948143,3607846130372464,0,1,8,1,model.layers.1.self_attn.swa_cache
3607846130674095,3607846130678605,3607846130889986,3607846131308637,0,1,8,1,model.layers.2.self_attn.compressor.state_cache
3607846131476338,3607846131479978,3607846131713119,3607846132138090,0,1,8,1,model.layers.2.self_attn.indexer.compressor.state_cache
3607846132438251,3607846132473841,3607846132686682,3607846133102133,0,1,8,1,model.layers.3.self_attn.compressor.state_cache
3607846184323200,3607846184963192,3607846185163703,3607846187390960,1,1,8,4,model.layers.2.self_attn.indexer.k_cache
3607846187588460,3607846187592501,3607846187833901,3607846188339593,0,1,8,4,model.layers.2.self_attn.attn
3607846188654404,3607846188658744,3607846188873584,3607846189646567,0,1,8,128,model.layers.3.self_attn.attn
3607846189965988,3607846189970458,3607846190182308,3607846190917931,0,1,8,1,model.layers.0.self_attn.swa_cache
3607846191226362,3607846191230422,3607846191441032,3607846191867744,0,1,8,1,model.layers.1.self_attn.swa_cache
3607846192182905,3607846192187215,3607846192399695,3607846192816477,0,1,8,1,model.layers.2.self_attn.compressor.state_cache
3607846192986767,3607846192990477,3607846193226488,3607846193642569,0,1,8,1,model.layers.2.self_attn.indexer.compressor.state_cache
3607846193944350,3607846193978650,3607846194188771,3607846194611982,0,1,8,1,model.layers.3.self_attn.compressor.state_cache
3607846245849300,3607846246491432,3607846246697362,3607846248965859,1,1,8,4,model.layers.2.self_attn.indexer.k_cache
3607846249166720,3607846249170960,3607846249412321,3607846249893482,0,1,8,4,model.layers.2.self_attn.attn
3607846250231703,3607846250236123,3607846250447654,3607846251187626,0,1,8,128,model.layers.3.self_attn.attn
3607846251506337,3607846251510607,3607846251752318,3607846252501310,0,1,8,1,model.layers.0.self_attn.swa_cache
3607846252810231,3607846252814591,3607846253028552,3607846253454533,0,1,8,1,model.layers.1.self_attn.swa_cache
3607846253753484,3607846253757824,3607846253971485,3607846254392126,0,1,8,1,model.layers.2.self_attn.compressor.state_cache
3607846254559247,3607846254563227,3607846254802197,3607846255216769,0,1,8,1,model.layers.2.self_attn.indexer.compressor.state_cache
3607846255516699,3607846255551680,3607846255765440,3607846256194582,0,1,8,1,model.layers.3.self_attn.compressor.state_cache
3607846307302599,3607846307936581,3607846308151391,3607846310437228,1,1,8,4,model.layers.2.self_attn.indexer.k_cache
3607846310633959,3607846310638009,3607846310880340,3607846311362021,0,1,8,4,model.layers.2.self_attn.attn
3607846311675092,3607846311679552,3607846311891853,3607846312662595,0,1,8,128,model.layers.3.self_attn.attn
3607846312977076,3607846312981496,3607846313198197,3607846313941999,0,1,8,1,model.layers.0.self_attn.swa_cache
3607846314259210,3607846314263730,3607846314478151,3607846314901732,0,1,8,1,model.layers.1.self_attn.swa_cache
3607846315202463,3607846315206853,3607846315420634,3607846315836895,0,1,8,1,model.layers.2.self_attn.compressor.state_cache
3607846316013326,3607846316017606,3607846316252576,3607846316667738,0,1,8,1,model.layers.2.self_attn.indexer.compressor.state_cache
3607846316970589,3607846317005089,3607846317219369,3607846317639161,0,1,8,1,model.layers.3.self_attn.compressor.state_cache
3607846369457290,3607846370111752,3607846370326993,3607846372700200,1,1,8,4,model.layers.2.self_attn.indexer.k_cache
3607846372946001,3607846372950091,3607846373190321,3607846373669443,0,1,8,4,model.layers.2.self_attn.attn
3607846373979904,3607846373984164,3607846374197275,3607846374943797,0,1,8,128,model.layers.3.self_attn.attn
3607846375257928,3607846375262168,3607846375478739,3607846376227591,0,1,8,1,model.layers.0.self_attn.swa_cache
3607846376541502,3607846376546132,3607846376762482,3607846377188804,0,1,8,1,model.layers.1.self_attn.swa_cache
3607846377491555,3607846377495995,3607846377706595,3607846378116507,0,1,8,1,model.layers.2.self_attn.compressor.state_cache
3607846378283667,3607846378287637,3607846378521998,3607846378934399,0,1,8,1,model.layers.2.self_attn.indexer.compressor.state_cache
3607846379235940,3607846379273490,3607846379483941,3607846379896692,0,1,8,1,model.layers.3.self_attn.compressor.state_cache
3607846431667441,3607846432320793,3607846432522914,3607846434760331,1,1,8,4,model.layers.2.self_attn.indexer.k_cache
3607846434966772,3607846434970752,3607846435214572,3607846435691964,0,1,8,4,model.layers.2.self_attn.attn
3607846436028185,3607846436032495,3607846436250595,3607846437013178,0,1,8,128,model.layers.3.self_attn.attn
3607846437336269,3607846437340279,3607846437559910,3607846438308062,0,1,8,1,model.layers.0.self_attn.swa_cache
3607846438622313,3607846438626553,3607846438843713,3607846439274485,0,1,8,1,model.layers.1.self_attn.swa_cache
3607846439577516,3607846439581736,3607846439793656,3607846440226638,0,1,8,1,model.layers.2.self_attn.compressor.state_cache
3607846440396608,3607846440400298,3607846440635909,3607846441053250,0,1,8,1,model.layers.2.self_attn.indexer.compressor.state_cache
3607846441357611,3607846441393131,3607846441612692,3607846442034173,0,1,8,1,model.layers.3.self_attn.compressor.state_cache
3607846493295011,3607846493930363,3607846494132734,3607846496828662,1,1,8,4,model.layers.2.self_attn.indexer.k_cache
3607846497025532,3607846497029452,3607846497268233,3607846497746095,0,1,8,4,model.layers.2.self_attn.attn
3607846498056256,3607846498060616,3607846498275826,3607846499025049,0,1,8,128,model.layers.3.self_attn.attn
3607846499342290,3607846499346670,3607846499560900,3607846500311303,0,1,8,1,model.layers.0.self_attn.swa_cache
3607846500620684,3607846500625234,3607846500839984,3607846501270486,0,1,8,1,model.layers.1.self_attn.swa_cache
3607846501573796,3607846501578186,3607846501793117,3607846502205828,0,1,8,1,model.layers.2.self_attn.compressor.state_cache
3607846502405669,3607846502409639,3607846502650180,3607846503069251,0,1,8,1,model.layers.2.self_attn.indexer.compressor.state_cache
3607846503373442,3607846503408232,3607846503619113,3607846504051994,0,1,8,1,model.layers.3.self_attn.compressor.state_cache
3607846555652763,3607846556337615,3607846556553936,3607846559060233,1,1,8,4,model.layers.2.self_attn.indexer.k_cache
3607846559306254,3607846559310054,3607846559552615,3607846560049646,0,1,8,4,model.layers.2.self_attn.attn
3607846560362567,3607846560366887,3607846560579858,3607846561325150,0,1,8,128,model.layers.3.self_attn.attn
3607846561648821,3607846561652881,3607846561867662,3607846562591734,0,1,8,1,model.layers.0.self_attn.swa_cache
3607846562898665,3607846562902945,3607846563116686,3607846563548877,0,1,8,1,model.layers.1.self_attn.swa_cache
3607846563847018,3607846563851188,3607846564110239,3607846564523780,0,1,8,1,model.layers.2.self_attn.compressor.state_cache
3607846564694131,3607846564697861,3607846564933821,3607846565359523,0,1,8,1,model.layers.2.self_attn.indexer.compressor.state_cache
3607846565663304,3607846565700834,3607846565913384,3607846566331826,0,1,8,1,model.layers.3.self_attn.compressor.state_cache
3607846618023045,3607846618655357,3607846618859727,3607846621511185,1,1,8,4,model.layers.2.self_attn.indexer.k_cache
3607846621718976,3607846621723346,3607846621967347,3607846622451188,0,1,8,4,model.layers.2.self_attn.attn
3607846622765849,3607846622770159,3607846622984790,3607846623726922,0,1,8,128,model.layers.3.self_attn.attn
3607846624072483,3607846624076963,3607846624296574,3607846625031296,0,1,8,1,model.layers.0.self_attn.swa_cache
3607846625341517,3607846625346407,3607846625564418,3607846625988339,0,1,8,1,model.layers.1.self_attn.swa_cache
3607846626294240,3607846626298610,3607846626509761,3607846626928202,0,1,8,1,model.layers.2.self_attn.compressor.state_cache
3607846627095943,3607846627099613,3607846627334893,3607846627751795,0,1,8,1,model.layers.2.self_attn.indexer.compressor.state_cache
3607846628065916,3607846628102156,3607846628318206,3607846628736198,0,1,8,1,model.layers.3.self_attn.compressor.state_cache
3607846679872455,3607846680514537,3607846680717998,3607846683778517,1,1,8,4,model.layers.2.self_attn.indexer.k_cache
3607846683990018,3607846683994038,3607846684372559,3607846684901310,0,1,8,4,model.layers.2.self_attn.attn
3607846685237991,3607846685242701,3607846685472792,3607846686287805,0,1,8,128,model.layers.3.self_attn.attn
3607846686633926,3607846686638996,3607846686871056,3607846687662889,0,1,8,1,model.layers.0.self_attn.swa_cache
3607846687996830,3607846688011710,3607846688245061,3607846688702132,0,1,8,1,model.layers.1.self_attn.swa_cache
3607846689028833,3607846689033593,3607846689259834,3607846689702825,0,1,8,1,model.layers.2.self_attn.compressor.state_cache
3607846689881096,3607846689885196,3607846690135057,3607846690580598,0,1,8,1,model.layers.2.self_attn.indexer.compressor.state_cache
3607846690901349,3607846690939159,3607846691170150,3607846691626141,0,1,8,1,model.layers.3.self_attn.compressor.state_cache
