3607668601001035,3607668607096303,3607668643374723,3607669214383987,1,16,128,4,model.layers.2.self_attn.indexer.k_cache
3607669215080229,3607669215090859,3607669215422430,3607669216064222,0,16,128,4,model.layers.2.self_attn.attn
3607669216573514,3607669216580034,3607669216802965,3607669217528567,0,16,128,128,model.layers.3.self_attn.attn
3607669217869058,3607669217874018,3607669218099659,3607669218777171,0,16,128,1,model.layers.0.self_attn.swa_cache
3607669219081572,3607669219086942,3607669219305152,3607669219779594,0,16,128,1,model.layers.1.self_attn.swa_cache
3607669220124585,3607669220129315,3607669220531816,3607669220936977,0,16,128,1,model.layers.2.self_attn.compressor.state_cache
3607669221110758,3607669221114778,3607669221359338,3607669221794660,0,16,128,1,model.layers.2.self_attn.indexer.compressor.state_cache
3607669222118151,3607669222122711,3607669222432172,3607669222865143,0,16,128,1,model.layers.3.self_attn.compressor.state_cache
3607670032293661,3607670033079374,3607670033296054,3607670374133699,1,16,128,4,model.layers.2.self_attn.indexer.k_cache
3607670374828001,3607670376594487,3607670377124708,3607670380103017,1,16,128,4,model.layers.2.self_attn.attn
3607670380522149,3607670381253121,3607670381477742,3607670383018196,1,16,128,128,model.layers.3.self_attn.attn
3607670383399197,3607670384152710,3607670384391031,3607670385955835,1,16,128,1,model.layers.0.self_attn.swa_cache
3607670386321876,3607670386948188,3607670387151279,3607670388438863,1,16,128,1,model.layers.1.self_attn.swa_cache
3607670388744364,3607670389351976,3607670389544436,3607670390823040,1,16,128,1,model.layers.2.self_attn.compressor.state_cache
3607670390999291,3607670391626822,3607670391820733,3607670393119777,1,16,128,1,model.layers.2.self_attn.indexer.compressor.state_cache
3607670393427698,3607670394084260,3607670394280991,3607670395535044,1,16,128,1,model.layers.3.self_attn.compressor.state_cache
3607671199598866,3607671202688706,3607671203502638,3607671211426602,1,15,120,4,model.layers.2.self_attn.indexer.k_cache
3607671211644203,3607671211681863,3607671211918744,3607671212421865,0,15,120,4,model.layers.2.self_attn.attn
3607671212775526,3607671212813217,3607671213024257,3607671213732639,0,15,120,128,model.layers.3.self_attn.attn
3607671214081100,3607671214118201,3607671214326711,3607671215032203,0,15,120,1,model.layers.0.self_attn.swa_cache
3607671215342684,3607671215380604,3607671215585465,3607671215998796,0,15,120,1,model.layers.1.self_attn.swa_cache
3607671216350877,3607671216385487,3607671216708038,3607671217128740,0,15,120,1,model.layers.2.self_attn.compressor.state_cache
3607671217302490,3607671217344480,3607671217569231,3607671217988452,0,15,120,1,model.layers.2.self_attn.indexer.compressor.state_cache
3607671218311313,3607671218349443,3607671218651664,3607671219056706,0,15,120,1,model.layers.3.self_attn.compressor.state_cache
3607671628644920,3607671629313632,3607671629517772,3607671716308696,1,15,120,4,model.layers.2.self_attn.indexer.k_cache
3607671716740207,3607671717418949,3607671717641900,3607671719689916,1,15,120,4,model.layers.2.self_attn.attn
3607671720052447,3607671720671359,3607671720900300,3607671722158574,1,15,120,128,model.layers.3.self_attn.attn
3607671722479285,3607671723065376,3607671723262177,3607671724525381,1,15,120,1,model.layers.0.self_attn.swa_cache
3607671724831762,3607671725419324,3607671725603664,3607671726835748,1,15,120,1,model.layers.1.self_attn.swa_cache
3607671727148349,3607671727742051,3607671727931391,3607671729176505,1,15,120,1,model.layers.2.self_attn.compressor.state_cache
3607671729359635,3607671729970627,3607671730158128,3607671731387972,1,15,120,1,model.layers.2.self_attn.indexer.compressor.state_cache
3607671731696513,3607671732340165,3607671732523425,3607671733752909,1,15,120,1,model.layers.3.self_attn.compressor.state_cache
3607672462408082,3607672464970210,3607672466654975,3607672469806415,1,14,112,4,model.layers.2.self_attn.indexer.k_cache
3607672470113126,3607672470152996,3607672470390016,3607672470880688,0,14,112,4,model.layers.2.self_attn.attn
3607672471219249,3607672471257139,3607672471464180,3607672472140582,0,14,112,128,model.layers.3.self_attn.attn
3607672472517033,3607672472555123,3607672472756914,3607672473459926,0,14,112,1,model.layers.0.self_attn.swa_cache
3607672473756277,3607672473792057,3607672473999537,3607672474424139,0,14,112,1,model.layers.1.self_attn.swa_cache
3607672474761260,3607672474805730,3607672475127201,3607672475582082,0,14,112,1,model.layers.2.self_attn.compressor.state_cache
3607672475755593,3607672475792423,3607672476029844,3607672476437155,0,14,112,1,model.layers.2.self_attn.indexer.compressor.state_cache
3607672476753186,3607672476793046,3607672477083127,3607672477491358,0,14,112,1,model.layers.3.self_attn.compressor.state_cache
3607672854438153,3607672855102705,3607672855319376,3607672923262852,1,14,112,4,model.layers.2.self_attn.indexer.k_cache
3607672923568983,3607672924859987,3607672925231048,3607672928830649,1,14,112,4,model.layers.2.self_attn.attn
3607672929454541,3607672930596324,3607672930944425,3607672932580570,1,14,112,128,model.layers.3.self_attn.attn
3607672932895161,3607672933502153,3607672933700524,3607672934921948,1,14,112,1,model.layers.0.self_attn.swa_cache
3607672935232788,3607672935812800,3607672936030791,3607672937257615,1,14,112,1,model.layers.1.self_attn.swa_cache
3607672937557816,3607672938141167,3607672938327378,3607672939552782,1,14,112,1,model.layers.2.self_attn.compressor.state_cache
3607672939731272,3607672940342914,3607672940523525,3607672941759898,1,14,112,1,model.layers.2.self_attn.indexer.compressor.state_cache
3607672942059609,3607672942682081,3607672942867722,3607672944108275,1,14,112,1,model.layers.3.self_attn.compressor.state_cache
3607673653412720,3607673655036935,3607673655681337,3607673658668306,1,13,104,4,model.layers.2.self_attn.indexer.k_cache
3607673658908237,3607673658948177,3607673659168898,3607673659633499,0,13,104,4,model.layers.2.self_attn.attn
3607673659974130,3607673660028160,3607673660236441,3607673660914333,0,13,104,128,model.layers.3.self_attn.attn
3607673661248954,3607673661286314,3607673661502065,3607673662135147,0,13,104,1,model.layers.0.self_attn.swa_cache
3607673662453578,3607673662490718,3607673662690028,3607673663098140,0,13,104,1,model.layers.1.self_attn.swa_cache
3607673663418111,3607673663454551,3607673663752642,3607673664169243,0,13,104,1,model.layers.2.self_attn.compressor.state_cache
3607673664340743,3607673664378753,3607673664585464,3607673664988525,0,13,104,1,model.layers.2.self_attn.indexer.compressor.state_cache
3607673665305826,3607673665342006,3607673665638007,3607673666039399,0,13,104,1,model.layers.3.self_attn.compressor.state_cache
3607674047730548,3607674048441930,3607674048667431,3607674147289871,1,13,104,4,model.layers.2.self_attn.indexer.k_cache
3607674147734212,3607674148947746,3607674149319917,3607674152803707,1,13,104,4,model.layers.2.self_attn.attn
3607674153395889,3607674154489382,3607674154813113,3607674158188494,1,13,104,128,model.layers.3.self_attn.attn
3607674158521415,3607674159151937,3607674159353277,3607674160662171,1,13,104,1,model.layers.0.self_attn.swa_cache
3607674160975332,3607674161591104,3607674161788605,3607674163073279,1,13,104,1,model.layers.1.self_attn.swa_cache
3607674163381759,3607674163994601,3607674164203902,3607674165485486,1,13,104,1,model.layers.2.self_attn.compressor.state_cache
3607674165664816,3607674166288778,3607674166484729,3607674167764673,1,13,104,1,model.layers.2.self_attn.indexer.compressor.state_cache
3607674168084284,3607674168750096,3607674168946286,3607674170218370,1,13,104,1,model.layers.3.self_attn.compressor.state_cache
3607674962472567,3607674964795924,3607674965249916,3607674973528991,1,12,96,4,model.layers.2.self_attn.indexer.k_cache
3607674973740101,3607674973777302,3607674974021142,3607674974509224,0,12,96,4,model.layers.2.self_attn.attn
3607674974864725,3607674974899815,3607674975122206,3607674975824488,0,12,96,128,model.layers.3.self_attn.attn
3607674976197229,3607674976233649,3607674976457970,3607674977160052,0,12,96,1,model.layers.0.self_attn.swa_cache
3607674977483123,3607674977524723,3607674977743494,3607674978180195,0,12,96,1,model.layers.1.self_attn.swa_cache
3607674978535196,3607674978571386,3607674978911437,3607674979337829,0,12,96,1,model.layers.2.self_attn.compressor.state_cache
3607674979510719,3607674979547319,3607674979785710,3607674980227781,0,12,96,1,model.layers.2.self_attn.indexer.compressor.state_cache
3607674980560392,3607674980597312,3607674980906593,3607674981326845,0,12,96,1,model.layers.3.self_attn.compressor.state_cache
3607675378832972,3607675379474144,3607675379703545,3607675432595566,1,12,96,4,model.layers.2.self_attn.indexer.k_cache
3607675433125387,3607675434516631,3607675434893173,3607675438625214,1,12,96,4,model.layers.2.self_attn.attn
3607675439311776,3607675440535920,3607675440916331,3607675442725136,1,12,96,128,model.layers.3.self_attn.attn
3607675443061997,3607675443693429,3607675443903180,3607675445231364,1,12,96,1,model.layers.0.self_attn.swa_cache
3607675445546185,3607675446173347,3607675446372728,3607675447681961,1,12,96,1,model.layers.1.self_attn.swa_cache
3607675447988452,3607675448646254,3607675448841635,3607675450093519,1,12,96,1,model.layers.2.self_attn.compressor.state_cache
3607675450278369,3607675450906081,3607675451104252,3607675452414426,1,12,96,1,model.layers.2.self_attn.indexer.compressor.state_cache
3607675452724137,3607675453391169,3607675453591509,3607675454901703,1,12,96,1,model.layers.3.self_attn.compressor.state_cache
3607676217569121,3607676219823738,3607676220386689,3607676223723750,1,11,88,4,model.layers.2.self_attn.indexer.k_cache
3607676224072161,3607676224121701,3607676224407062,3607676224977873,0,11,88,4,model.layers.2.self_attn.attn
3607676225393045,3607676225436465,3607676225692675,3607676226529098,0,11,88,128,model.layers.3.self_attn.attn
3607676226928849,3607676226972429,3607676227243940,3607676227927662,0,11,88,1,model.layers.0.self_attn.swa_cache
3607676228245313,3607676228280343,3607676228492914,3607676228918215,0,11,88,1,model.layers.1.self_attn.swa_cache
3607676229241726,3607676229282866,3607676229603127,3607676230024569,0,11,88,1,model.layers.2.self_attn.compressor.state_cache
3607676230191569,3607676230226679,3607676230459050,3607676230878961,0,11,88,1,model.layers.2.self_attn.indexer.compressor.state_cache
3607676231202782,3607676231241152,3607676231542963,3607676231961685,0,11,88,1,model.layers.3.self_attn.compressor.state_cache
3607676655237471,3607676655895863,3607676656200874,3607676697335139,1,11,88,4,model.layers.2.self_attn.indexer.k_cache
3607676697901240,3607676698635963,3607676698889103,3607676701335191,1,11,88,4,model.layers.2.self_attn.attn
3607676701760072,3607676702524634,3607676702766625,3607676704276110,1,11,88,128,model.layers.3.self_attn.attn
3607676704648561,3607676705328993,3607676705549084,3607676706980758,1,11,88,1,model.layers.0.self_attn.swa_cache
3607676707328399,3607676707998981,3607676708220832,3607676709646736,1,11,88,1,model.layers.1.self_attn.swa_cache
3607676709999357,3607676710679239,3607676710895480,3607676712246084,1,11,88,1,model.layers.2.self_attn.compressor.state_cache
3607676712422744,3607676713043326,3607676713229397,3607676714471501,1,11,88,1,model.layers.2.self_attn.indexer.compressor.state_cache
3607676714783232,3607676715407624,3607676715596904,3607676716854288,1,11,88,1,model.layers.3.self_attn.compressor.state_cache
3607677497257629,3607677498907884,3607677499469326,3607677503597489,1,10,80,4,model.layers.2.self_attn.indexer.k_cache
3607677503950420,3607677504025480,3607677504396161,3607677504879513,0,10,80,4,model.layers.2.self_attn.attn
3607677505292024,3607677505332294,3607677505552095,3607677506314627,0,10,80,128,model.layers.3.self_attn.attn
3607677506676168,3607677506713508,3607677506939249,3607677507752181,0,10,80,1,model.layers.0.self_attn.swa_cache
3607677508134903,3607677508180333,3607677508405963,3607677508853645,0,10,80,1,model.layers.1.self_attn.swa_cache
3607677509241326,3607677509289296,3607677509603197,3607677510098819,0,10,80,1,model.layers.2.self_attn.compressor.state_cache
3607677510279639,3607677510314319,3607677510546830,3607677511100202,0,10,80,1,model.layers.2.self_attn.indexer.compressor.state_cache
3607677511452183,3607677511488683,3607677511883044,3607677512351135,0,10,80,1,model.layers.3.self_attn.compressor.state_cache
3607677948228510,3607677948899522,3607677949120713,3607677972526744,1,10,80,4,model.layers.2.self_attn.indexer.k_cache
3607677973116496,3607677974959231,3607677975507513,3607677979270924,1,10,80,4,model.layers.2.self_attn.attn
3607677979629225,3607677980461038,3607677980692849,3607677982185713,1,10,80,128,model.layers.3.self_attn.attn
3607677982590104,3607677983416927,3607677983681348,3607677985207282,1,10,80,1,model.layers.0.self_attn.swa_cache
3607677985636414,3607677986391406,3607677986606447,3607677988133301,1,10,80,1,model.layers.1.self_attn.swa_cache
3607677988463612,3607677989120194,3607677989355795,3607677990848230,1,10,80,1,model.layers.2.self_attn.compressor.state_cache
3607677991035260,3607677991764532,3607677991951263,3607677993248977,1,10,80,1,model.layers.2.self_attn.indexer.compressor.state_cache
3607677993553718,3607677994212670,3607677994404640,3607677995687904,1,10,80,1,model.layers.3.self_attn.compressor.state_cache
3607678759466425,3607678762227364,3607678762814206,3607678766533057,1,9,72,4,model.layers.2.self_attn.indexer.k_cache
3607678766837248,3607678766889068,3607678767217879,3607678767883281,0,9,72,4,model.layers.2.self_attn.attn
3607678768412293,3607678768461753,3607678768752474,3607678769700287,0,9,72,128,model.layers.3.self_attn.attn
3607678770111348,3607678770150648,3607678770370519,3607678771088911,0,9,72,1,model.layers.0.self_attn.swa_cache
3607678771396312,3607678771433022,3607678771644012,3607678772131564,0,9,72,1,model.layers.1.self_attn.swa_cache
3607678772459055,3607678772500655,3607678772817876,3607678773222797,0,9,72,1,model.layers.2.self_attn.compressor.state_cache
3607678773390458,3607678773425978,3607678773654839,3607678774071070,0,9,72,1,model.layers.2.self_attn.indexer.compressor.state_cache
3607678774399511,3607678774439501,3607678774752162,3607678775140243,0,9,72,1,model.layers.3.self_attn.compressor.state_cache
3607679182468611,3607679183123773,3607679183339834,3607679193625375,1,9,72,4,model.layers.2.self_attn.indexer.k_cache
3607679193869076,3607679194685448,3607679194989139,3607679198212989,1,9,72,4,model.layers.2.self_attn.attn
3607679198737041,3607679199789334,3607679200118565,3607679202277411,1,9,72,128,model.layers.3.self_attn.attn
3607679202736263,3607679203385535,3607679203610835,3607679205105780,1,9,72,1,model.layers.0.self_attn.swa_cache
3607679205464991,3607679206140863,3607679206336874,3607679207841778,1,9,72,1,model.layers.1.self_attn.swa_cache
3607679208207899,3607679208896991,3607679209157952,3607679210552186,1,9,72,1,model.layers.2.self_attn.compressor.state_cache
3607679210766107,3607679211527689,3607679211759720,3607679213208155,1,9,72,1,model.layers.2.self_attn.indexer.compressor.state_cache
3607679213570266,3607679214290138,3607679214508178,3607679216139663,1,9,72,1,model.layers.3.self_attn.compressor.state_cache
3607679941236707,3607679942718902,3607679943086403,3607679950056794,1,8,64,4,model.layers.2.self_attn.indexer.k_cache
3607679950270625,3607679950309345,3607679950556446,3607679951057567,0,8,64,4,model.layers.2.self_attn.attn
3607679951411018,3607679951447228,3607679951663589,3607679952398921,0,8,64,128,model.layers.3.self_attn.attn
3607679952734912,3607679952772982,3607679952987943,3607679953684515,0,8,64,1,model.layers.0.self_attn.swa_cache
3607679954015076,3607679954049546,3607679954259647,3607679954685788,0,8,64,1,model.layers.1.self_attn.swa_cache
3607679955021429,3607679955063449,3607679955393550,3607679955822882,0,8,64,1,model.layers.2.self_attn.compressor.state_cache
3607679955997102,3607679956046742,3607679956283893,3607679956708374,0,8,64,1,model.layers.2.self_attn.indexer.compressor.state_cache
3607679957037345,3607679957076026,3607679957401066,3607679957826668,0,8,64,1,model.layers.3.self_attn.compressor.state_cache
3607680367031062,3607680367700164,3607680367911094,3607680375632188,1,8,64,4,model.layers.2.self_attn.indexer.k_cache
3607680375979609,3607680377227263,3607680377590134,3607680381073044,1,8,64,4,model.layers.2.self_attn.attn
3607680381644956,3607680382878430,3607680383116131,3607680384488905,1,8,64,128,model.layers.3.self_attn.attn
3607680384831356,3607680385565618,3607680385789499,3607680387208153,1,8,64,1,model.layers.0.self_attn.swa_cache
3607680387524044,3607680388353966,3607680388563697,3607680390005341,1,8,64,1,model.layers.1.self_attn.swa_cache
3607680390376323,3607680391083975,3607680391293655,3607680392798170,1,8,64,1,model.layers.2.self_attn.compressor.state_cache
3607680392996831,3607680393688873,3607680393889533,3607680395382578,1,8,64,1,model.layers.2.self_attn.indexer.compressor.state_cache
3607680395714059,3607680396465491,3607680396666082,3607680397945886,1,8,64,1,model.layers.3.self_attn.compressor.state_cache
3607681152325699,3607681153993024,3607681154652196,3607681163236212,1,7,56,4,model.layers.2.self_attn.indexer.k_cache
3607681163508493,3607681163546073,3607681163778594,3607681164279525,0,7,56,4,model.layers.2.self_attn.attn
3607681164616686,3607681164653626,3607681164857747,3607681165540649,0,7,56,128,model.layers.3.self_attn.attn
3607681165875670,3607681165912170,3607681166124621,3607681166773553,0,7,56,1,model.layers.0.self_attn.swa_cache
3607681167077584,3607681167114364,3607681167326214,3607681167745246,0,7,56,1,model.layers.1.self_attn.swa_cache
3607681168074717,3607681168114237,3607681168426658,3607681168834589,0,7,56,1,model.layers.2.self_attn.compressor.state_cache
3607681168999869,3607681169035900,3607681169260320,3607681169666662,0,7,56,1,model.layers.2.self_attn.indexer.compressor.state_cache
3607681169976392,3607681170015353,3607681170314713,3607681170712555,0,7,56,1,model.layers.3.self_attn.compressor.state_cache
3607681549230315,3607681549911657,3607681550141708,3607681606732590,1,7,56,4,model.layers.2.self_attn.indexer.k_cache
3607681607276732,3607681608893837,3607681609243658,3607681612736408,1,7,56,4,model.layers.2.self_attn.attn
3607681613297630,3607681614373143,3607681614714144,3607681616945401,1,7,56,128,model.layers.3.self_attn.attn
3607681617253642,3607681617854974,3607681618054135,3607681619376249,1,7,56,1,model.layers.0.self_attn.swa_cache
3607681619679929,3607681620323911,3607681620520952,3607681621789816,1,7,56,1,model.layers.1.self_attn.swa_cache
3607681622091447,3607681622705719,3607681622897929,3607681624176943,1,7,56,1,model.layers.2.self_attn.compressor.state_cache
3607681624344764,3607681624956896,3607681625149966,3607681626418590,1,7,56,1,model.layers.2.self_attn.indexer.compressor.state_cache
3607681626720491,3607681627372303,3607681627578914,3607681628855137,1,7,56,1,model.layers.3.self_attn.compressor.state_cache
3607682403296632,3607682404957587,3607682405412588,3607682408919069,1,6,48,4,model.layers.2.self_attn.indexer.k_cache
3607682409237400,3607682409291960,3607682409608611,3607682410259193,0,6,48,4,model.layers.2.self_attn.attn
3607682410716094,3607682410767085,3607682411051475,3607682411962898,0,6,48,128,model.layers.3.self_attn.attn
3607682412433450,3607682412483130,3607682412807131,3607682413466923,0,6,48,1,model.layers.0.self_attn.swa_cache
3607682413770874,3607682413807144,3607682414017154,3607682414430136,0,6,48,1,model.layers.1.self_attn.swa_cache
3607682414753257,3607682414790797,3607682415094618,3607682415493429,0,6,48,1,model.layers.2.self_attn.compressor.state_cache
3607682415663769,3607682415706400,3607682415930870,3607682416351801,0,6,48,1,model.layers.2.self_attn.indexer.compressor.state_cache
3607682416669352,3607682416708123,3607682417000113,3607682417403425,0,6,48,1,model.layers.3.self_attn.compressor.state_cache
3607682804190001,3607682804826473,3607682805027813,3607682859202618,1,6,48,4,model.layers.2.self_attn.indexer.k_cache
3607682859806480,3607682861407275,3607682861888656,3607682865128266,1,6,48,4,model.layers.2.self_attn.attn
3607682865577337,3607682866401400,3607682866659271,3607682868414696,1,6,48,128,model.layers.3.self_attn.attn
3607682868840937,3607682869672270,3607682869934611,3607682871555585,1,6,48,1,model.layers.0.self_attn.swa_cache
3607682871874686,3607682872492888,3607682872683119,3607682873952543,1,6,48,1,model.layers.1.self_attn.swa_cache
3607682874324814,3607682874941566,3607682875133346,3607682876415570,1,6,48,1,model.layers.2.self_attn.compressor.state_cache
3607682876594471,3607682877208083,3607682877399703,3607682878664697,1,6,48,1,model.layers.2.self_attn.indexer.compressor.state_cache
3607682878973248,3607682879618260,3607682879817511,3607682881089994,1,6,48,1,model.layers.3.self_attn.compressor.state_cache
3607683583765421,3607683585666567,3607683586406249,3607683589369008,1,5,40,4,model.layers.2.self_attn.indexer.k_cache
3607683589602939,3607683589646229,3607683589878119,3607683590343961,0,5,40,4,model.layers.2.self_attn.attn
3607683590677112,3607683590713012,3607683590923043,3607683591591725,0,5,40,128,model.layers.3.self_attn.attn
3607683591919416,3607683591959126,3607683592188726,3607683592821318,0,5,40,1,model.layers.0.self_attn.swa_cache
3607683593121329,3607683593158109,3607683593358920,3607683593762131,0,5,40,1,model.layers.1.self_attn.swa_cache
3607683594079562,3607683594122372,3607683594417673,3607683594795124,0,5,40,1,model.layers.2.self_attn.compressor.state_cache
3607683594963325,3607683595000525,3607683595216236,3607683595615407,0,5,40,1,model.layers.2.self_attn.indexer.compressor.state_cache
3607683595927418,3607683595967238,3607683596284239,3607683596684980,0,5,40,1,model.layers.3.self_attn.compressor.state_cache
3607683980600267,3607683981266399,3607683981472890,3607684041079001,1,5,40,4,model.layers.2.self_attn.indexer.k_cache
3607684041654363,3607684043482059,3607684043975040,3607684047243140,1,5,40,4,model.layers.2.self_attn.attn
3607684047698671,3607684048543664,3607684048788245,3607684050633070,1,5,40,128,model.layers.3.self_attn.attn
3607684051027652,3607684051973714,3607684052277505,3607684053882240,1,5,40,1,model.layers.0.self_attn.swa_cache
3607684054227881,3607684054874853,3607684055067554,3607684056493508,1,5,40,1,model.layers.1.self_attn.swa_cache
3607684056799079,3607684057452541,3607684057675282,3607684058948266,1,5,40,1,model.layers.2.self_attn.compressor.state_cache
3607684059122476,3607684059740158,3607684059924989,3607684061180232,1,5,40,1,model.layers.2.self_attn.indexer.compressor.state_cache
3607684061479823,3607684062120215,3607684062305006,3607684063534350,1,5,40,1,model.layers.3.self_attn.compressor.state_cache
3607684778512524,3607684780023438,3607684780595530,3607684790017819,1,4,32,4,model.layers.2.self_attn.indexer.k_cache
3607684790229329,3607684790268439,3607684790495090,3607684790956472,0,4,32,4,model.layers.2.self_attn.attn
3607684791299743,3607684791337973,3607684791541513,3607684792232635,0,4,32,128,model.layers.3.self_attn.attn
3607684792569726,3607684792605687,3607684792811077,3607684793479809,0,4,32,1,model.layers.0.self_attn.swa_cache
3607684793793530,3607684793840490,3607684794043301,3607684794459512,0,4,32,1,model.layers.1.self_attn.swa_cache
3607684794778513,3607684794814933,3607684795120574,3607684795502645,0,4,32,1,model.layers.2.self_attn.compressor.state_cache
3607684795667166,3607684795702476,3607684795920447,3607684796447188,0,4,32,1,model.layers.2.self_attn.indexer.compressor.state_cache
3607684796826019,3607684796868390,3607684797183480,3607684797594702,0,4,32,1,model.layers.3.self_attn.compressor.state_cache
3607685189470163,3607685190115915,3607685190324216,3607685246967118,1,4,32,4,model.layers.2.self_attn.indexer.k_cache
3607685247561040,3607685249171375,3607685249659446,3607685253059087,1,4,32,4,model.layers.2.self_attn.attn
3607685253413998,3607685254073380,3607685254285890,3607685255662405,1,4,32,128,model.layers.3.self_attn.attn
3607685255999996,3607685256659158,3607685256869608,3607685258243233,1,4,32,1,model.layers.0.self_attn.swa_cache
3607685258573554,3607685259223775,3607685259428966,3607685260795480,1,4,32,1,model.layers.1.self_attn.swa_cache
3607685261101501,3607685261708393,3607685261897254,3607685263165617,1,4,32,1,model.layers.2.self_attn.compressor.state_cache
3607685263338118,3607685263949150,3607685264155490,3607685265410544,1,4,32,1,model.layers.2.self_attn.indexer.compressor.state_cache
3607685265706755,3607685266348217,3607685266534438,3607685267776222,1,4,32,1,model.layers.3.self_attn.compressor.state_cache
3607685995613595,3607685996661458,3607685997052179,3607686004194391,1,3,24,4,model.layers.2.self_attn.indexer.k_cache
3607686004403422,3607686004445882,3607686004697313,3607686005200094,0,3,24,4,model.layers.2.self_attn.attn
3607686005553835,3607686005592985,3607686005818696,3607686006555468,0,3,24,128,model.layers.3.self_attn.attn
3607686006900239,3607686006938329,3607686007160650,3607686007857752,0,3,24,1,model.layers.0.self_attn.swa_cache
3607686008186393,3607686008222933,3607686008444564,3607686008880435,0,3,24,1,model.layers.1.self_attn.swa_cache
3607686009217666,3607686009259546,3607686009578997,3607686010013159,0,3,24,1,model.layers.2.self_attn.compressor.state_cache
3607686010187809,3607686010226909,3607686010469570,3607686010942142,0,3,24,1,model.layers.2.self_attn.indexer.compressor.state_cache
3607686011276913,3607686011315383,3607686011631064,3607686012080215,0,3,24,1,model.layers.3.self_attn.compressor.state_cache
3607686418173690,3607686418841762,3607686419055913,3607686469490066,1,3,24,4,model.layers.2.self_attn.indexer.k_cache
3607686470011328,3607686471027811,3607686471341942,3607686474294891,1,3,24,4,model.layers.2.self_attn.attn
3607686474769182,3607686475737755,3607686476063946,3607686478106492,1,3,24,128,model.layers.3.self_attn.attn
3607686478424703,3607686479061995,3607686479262556,3607686480611130,1,3,24,1,model.layers.0.self_attn.swa_cache
3607686480928001,3607686481565673,3607686481767813,3607686483079467,1,3,24,1,model.layers.1.self_attn.swa_cache
3607686483387588,3607686484045610,3607686484254251,3607686485585705,1,3,24,1,model.layers.2.self_attn.compressor.state_cache
3607686485759306,3607686486409727,3607686486611998,3607686487924062,1,3,24,1,model.layers.2.self_attn.indexer.compressor.state_cache
3607686488249293,3607686488929055,3607686489137806,3607686490429490,1,3,24,1,model.layers.3.self_attn.compressor.state_cache
3607687179209205,3607687180962680,3607687181641582,3607687190318448,1,2,16,4,model.layers.2.self_attn.indexer.k_cache
3607687190539889,3607687190578999,3607687190818670,3607687191302911,0,2,16,4,model.layers.2.self_attn.attn
3607687191646932,3607687191686632,3607687191899513,3607687192613345,0,2,16,128,model.layers.3.self_attn.attn
3607687192963686,3607687193004466,3607687193216737,3607687193881979,0,2,16,1,model.layers.0.self_attn.swa_cache
3607687194191080,3607687194226590,3607687194433241,3607687194856922,0,2,16,1,model.layers.1.self_attn.swa_cache
3607687195181883,3607687195223663,3607687195556314,3607687195964976,0,2,16,1,model.layers.2.self_attn.compressor.state_cache
3607687196151976,3607687196188746,3607687196418987,3607687196845858,0,2,16,1,model.layers.2.self_attn.indexer.compressor.state_cache
3607687197166539,3607687197206369,3607687197549900,3607687197966302,0,2,16,1,model.layers.3.self_attn.compressor.state_cache
3607687594077936,3607687594765538,3607687594995499,3607687635623453,1,2,16,4,model.layers.2.self_attn.indexer.k_cache
3607687636258865,3607687637918610,3607687638416241,3607687643233946,1,2,16,4,model.layers.2.self_attn.attn
3607687644047108,3607687644781351,3607687644984641,3607687646307985,1,2,16,128,model.layers.3.self_attn.attn
3607687646627696,3607687647255898,3607687647458269,3607687648796343,1,2,16,1,model.layers.0.self_attn.swa_cache
3607687649112944,3607687649747456,3607687649949186,3607687651275090,1,2,16,1,model.layers.1.self_attn.swa_cache
3607687651585561,3607687652238033,3607687652439174,3607687653766038,1,2,16,1,model.layers.2.self_attn.compressor.state_cache
3607687653938488,3607687654587880,3607687654788401,3607687656133985,1,2,16,1,model.layers.2.self_attn.indexer.compressor.state_cache
3607687656443846,3607687657114888,3607687657321409,3607687658615863,1,2,16,1,model.layers.3.self_attn.compressor.state_cache
3607688337830349,3607688339508574,3607688340192736,3607688353369616,1,1,8,4,model.layers.2.self_attn.indexer.k_cache
3607688353672987,3607688353715217,3607688353976348,3607688354463779,0,1,8,4,model.layers.2.self_attn.attn
3607688354833140,3607688354873290,3607688355089421,3607688355774813,0,1,8,128,model.layers.3.self_attn.attn
3607688356170224,3607688356212664,3607688356428045,3607688357121787,0,1,8,1,model.layers.0.self_attn.swa_cache
3607688357451998,3607688357492498,3607688357707399,3607688358134420,0,1,8,1,model.layers.1.self_attn.swa_cache
3607688358470211,3607688358513772,3607688358834762,3607688359297304,0,1,8,1,model.layers.2.self_attn.compressor.state_cache
3607688359476944,3607688359514585,3607688359735465,3607688360168277,0,1,8,1,model.layers.2.self_attn.indexer.compressor.state_cache
3607688360492078,3607688360531548,3607688360852249,3607688361287950,0,1,8,1,model.layers.3.self_attn.compressor.state_cache
3607688774287746,3607688774982958,3607688775249989,3607688807696328,1,1,8,4,model.layers.2.self_attn.indexer.k_cache
3607688808066369,3607688808911882,3607688809165132,3607688811584460,1,1,8,4,model.layers.2.self_attn.attn
3607688811999021,3607688812803913,3607688813044174,3607688814658549,1,1,8,128,model.layers.3.self_attn.attn
3607688815044590,3607688815801782,3607688816013353,3607688817331097,1,1,8,1,model.layers.0.self_attn.swa_cache
3607688817654238,3607688818297090,3607688818501021,3607688819818455,1,1,8,1,model.layers.1.self_attn.swa_cache
3607688820144206,3607688820801508,3607688821002208,3607688822351332,1,1,8,1,model.layers.2.self_attn.compressor.state_cache
3607688822525703,3607688823175605,3607688823373396,3607688824689320,1,1,8,1,model.layers.2.self_attn.indexer.compressor.state_cache
3607688825002610,3607688825673023,3607688825870873,3607688827193857,1,1,8,1,model.layers.3.self_attn.compressor.state_cache
3607796514869087,3607796515469409,3607796515911130,3607796521725448,1,1,96,4,model.layers.2.self_attn.indexer.k_cache
3607796522009669,3607796522056049,3607796522275420,3607796522720051,0,1,96,4,model.layers.2.self_attn.attn
3607796523042772,3607796523085252,3607796523289413,3607796523921845,0,1,96,128,model.layers.3.self_attn.attn
3607796524253536,3607796524294556,3607796524482577,3607796525111749,0,1,96,1,model.layers.0.self_attn.swa_cache
3607796525391939,3607796525432930,3607796525622820,3607796526009701,0,1,96,1,model.layers.1.self_attn.swa_cache
3607796526295362,3607796526339682,3607796526613443,3607796526989774,0,1,96,1,model.layers.2.self_attn.compressor.state_cache
3607796527140115,3607796527178585,3607796527386896,3607796527759797,0,1,96,1,model.layers.2.self_attn.indexer.compressor.state_cache
3607796528061068,3607796528109448,3607796528375449,3607796528758430,0,1,96,1,model.layers.3.self_attn.compressor.state_cache
3607797015209582,3607797015969534,3607797016291095,3607797063335249,1,1,8,4,model.layers.2.self_attn.indexer.k_cache
3607797063669820,3607797063675820,3607797063991951,3607797064639933,0,1,8,4,model.layers.2.self_attn.attn
3607797065037904,3607797065044134,3607797065370575,3607797066655279,0,1,8,128,model.layers.3.self_attn.attn
3607797067222751,3607797067231731,3607797067617442,3607797068892616,0,1,8,1,model.layers.0.self_attn.swa_cache
3607797069452918,3607797069461838,3607797069847059,3607797070640462,0,1,8,1,model.layers.1.self_attn.swa_cache
3607797071196133,3607797071205303,3607797071765505,3607797072591888,0,1,8,1,model.layers.2.self_attn.compressor.state_cache
3607797072897659,3607797072905519,3607797073322330,3607797073700751,0,1,8,1,model.layers.2.self_attn.indexer.compressor.state_cache
3607797073972932,3607797074019132,3607797074277653,3607797074649154,0,1,8,1,model.layers.3.self_attn.compressor.state_cache
3607797200951191,3607797201522873,3607797201710524,3607797208546925,1,1,8,4,model.layers.2.self_attn.indexer.k_cache
3607797208812825,3607797208816965,3607797209043666,3607797209520628,0,1,8,4,model.layers.2.self_attn.attn
3607797209831778,3607797209836388,3607797210039379,3607797210716961,0,1,8,128,model.layers.3.self_attn.attn
3607797211027982,3607797211032762,3607797211235763,3607797211898965,0,1,8,1,model.layers.0.self_attn.swa_cache
3607797212418666,3607797212426036,3607797212730267,3607797213372549,0,1,8,1,model.layers.1.self_attn.swa_cache
3607797213817771,3607797213824641,3607797214130692,3607797214758244,0,1,8,1,model.layers.2.self_attn.compressor.state_cache
3607797215036524,3607797215043274,3607797215379605,3607797216032317,0,1,8,1,model.layers.2.self_attn.indexer.compressor.state_cache
3607797216502289,3607797216564799,3607797216895740,3607797217556612,0,1,8,1,model.layers.3.self_attn.compressor.state_cache
3607797269427761,3607797270002723,3607797270186154,3607797280156184,1,1,8,4,model.layers.2.self_attn.indexer.k_cache
3607797280492415,3607797280498805,3607797280833426,3607797281517618,0,1,8,4,model.layers.2.self_attn.attn
3607797281964630,3607797281971570,3607797282259081,3607797283223884,0,1,8,128,model.layers.3.self_attn.attn
3607797283665985,3607797283673055,3607797283963406,3607797284955739,0,1,8,1,model.layers.0.self_attn.swa_cache
3607797285347380,3607797285353380,3607797285605521,3607797286128052,0,1,8,1,model.layers.1.self_attn.swa_cache
3607797286509204,3607797286515064,3607797286766454,3607797287285656,0,1,8,1,model.layers.2.self_attn.compressor.state_cache
3607797287493917,3607797287499137,3607797287774857,3607797288312439,0,1,8,1,model.layers.2.self_attn.indexer.compressor.state_cache
3607797288682190,3607797288732290,3607797288981071,3607797289492993,0,1,8,1,model.layers.3.self_attn.compressor.state_cache
3607797348345973,3607797348742684,3607797349041605,3607797350773991,1,1,88,4,model.layers.2.self_attn.indexer.k_cache
3607797350990881,3607797350995001,3607797351201852,3607797351638213,0,1,88,4,model.layers.2.self_attn.attn
3607797351920864,3607797351925154,3607797352125545,3607797352738897,0,1,88,128,model.layers.3.self_attn.attn
3607797353022898,3607797353027358,3607797353212358,3607797353823170,0,1,88,1,model.layers.0.self_attn.swa_cache
3607797354109431,3607797354114071,3607797354300542,3607797354678963,0,1,88,1,model.layers.1.self_attn.swa_cache
3607797354947903,3607797354952404,3607797355221744,3607797355602266,0,1,88,1,model.layers.2.self_attn.compressor.state_cache
3607797355753686,3607797355757866,3607797355965017,3607797356362098,0,1,88,1,model.layers.2.self_attn.indexer.compressor.state_cache
3607797356634669,3607797356674119,3607797356957100,3607797357337311,0,1,88,1,model.layers.3.self_attn.compressor.state_cache
3607797743205844,3607797743792836,3607797743980567,3607797783703508,1,1,8,4,model.layers.2.self_attn.indexer.k_cache
3607797784029839,3607797784035419,3607797784321660,3607797784893672,0,1,8,4,model.layers.2.self_attn.attn
3607797785281863,3607797785288193,3607797785525514,3607797786327326,0,1,8,128,model.layers.3.self_attn.attn
3607797786681098,3607797786686748,3607797786956178,3607797787676491,0,1,8,1,model.layers.0.self_attn.swa_cache
3607797788032882,3607797788038552,3607797788267542,3607797788724874,0,1,8,1,model.layers.1.self_attn.swa_cache
3607797789040215,3607797789045395,3607797789260395,3607797789704797,0,1,8,1,model.layers.2.self_attn.compressor.state_cache
3607797789877427,3607797789881907,3607797790111248,3607797790545569,0,1,8,1,model.layers.2.self_attn.indexer.compressor.state_cache
3607797790859400,3607797790907090,3607797791123351,3607797791555912,0,1,8,1,model.layers.3.self_attn.compressor.state_cache
3607797838842358,3607797839431039,3607797839619790,3607797846579841,1,1,8,4,model.layers.2.self_attn.indexer.k_cache
3607797846864392,3607797846870122,3607797847159633,3607797847753585,0,1,8,4,model.layers.2.self_attn.attn
3607797848155886,3607797848162156,3607797848418317,3607797849269049,0,1,8,128,model.layers.3.self_attn.attn
3607797849665171,3607797849671441,3607797849932532,3607797850772884,0,1,8,1,model.layers.0.self_attn.swa_cache
3607797851162575,3607797851168425,3607797851427536,3607797851954448,0,1,8,1,model.layers.1.self_attn.swa_cache
3607797852341349,3607797852347339,3607797852629200,3607797853116461,0,1,8,1,model.layers.2.self_attn.compressor.state_cache
3607797853306642,3607797853311622,3607797853569863,3607797854063674,0,1,8,1,model.layers.2.self_attn.indexer.compressor.state_cache
3607797854407815,3607797854460325,3607797854696206,3607797855181508,0,1,8,1,model.layers.3.self_attn.compressor.state_cache
3607797902905214,3607797903479546,3607797903666616,3607797908522551,1,1,8,4,model.layers.2.self_attn.indexer.k_cache
3607797908833132,3607797908838472,3607797909107533,3607797909670425,0,1,8,4,model.layers.2.self_attn.attn
3607797910029876,3607797910035016,3607797910268697,3607797911051069,0,1,8,128,model.layers.3.self_attn.attn
3607797911412990,3607797911418290,3607797911653901,3607797912459423,0,1,8,1,model.layers.0.self_attn.swa_cache
3607797912813744,3607797912819224,3607797913051075,3607797913547097,0,1,8,1,model.layers.1.self_attn.swa_cache
3607797913890018,3607797913895438,3607797914129038,3607797914610590,0,1,8,1,model.layers.2.self_attn.compressor.state_cache
3607797914801280,3607797914806120,3607797915059371,3607797915550333,0,1,8,1,model.layers.2.self_attn.indexer.compressor.state_cache
3607797915892044,3607797915940104,3607797916187305,3607797916672736,0,1,8,1,model.layers.3.self_attn.compressor.state_cache
3607797963321379,3607797963902341,3607797964103522,3607797970605862,1,1,8,4,model.layers.2.self_attn.indexer.k_cache
3607797970829972,3607797970833842,3607797971047753,3607797971485684,0,1,8,4,model.layers.2.self_attn.attn
3607797971785775,3607797971790125,3607797971973386,3607797972616598,0,1,8,128,model.layers.3.self_attn.attn
3607797972908059,3607797972912239,3607797973101699,3607797973844472,0,1,8,1,model.layers.0.self_attn.swa_cache
3607797974223963,3607797974229833,3607797974488324,3607797975009665,0,1,8,1,model.layers.1.self_attn.swa_cache
3607797975381826,3607797975387816,3607797975638347,3607797976173279,0,1,8,1,model.layers.2.self_attn.compressor.state_cache
3607797976383639,3607797976388929,3607797976662500,3607797977188782,0,1,8,1,model.layers.2.self_attn.indexer.compressor.state_cache
3607797977554403,3607797977605033,3607797977860304,3607797978375535,0,1,8,1,model.layers.3.self_attn.compressor.state_cache
3607798025946181,3607798026520423,3607798026707154,3607798032452301,1,1,8,4,model.layers.2.self_attn.indexer.k_cache
3607798032729982,3607798032735102,3607798033012593,3607798033587935,0,1,8,4,model.layers.2.self_attn.attn
3607798033968036,3607798033973876,3607798034219227,3607798034925219,0,1,8,128,model.layers.3.self_attn.attn
3607798035291190,3607798035297000,3607798035539931,3607798036261033,0,1,8,1,model.layers.0.self_attn.swa_cache
3607798036624754,3607798036630574,3607798036872755,3607798037380256,0,1,8,1,model.layers.1.self_attn.swa_cache
3607798037738878,3607798037744468,3607798037984828,3607798038482930,0,1,8,1,model.layers.2.self_attn.compressor.state_cache
3607798038699970,3607798038704420,3607798038936251,3607798039375153,0,1,8,1,model.layers.2.self_attn.indexer.compressor.state_cache
3607798039692764,3607798039734384,3607798039951634,3607798040410056,0,1,8,1,model.layers.3.self_attn.compressor.state_cache
3607798087703241,3607798088292753,3607798088476923,3607798093670779,1,1,8,4,model.layers.2.self_attn.indexer.k_cache
3607798093905870,3607798093909980,3607798094120510,3607798094563242,0,1,8,4,model.layers.2.self_attn.attn
3607798094854093,3607798094858833,3607798095043433,3607798095846136,0,1,8,128,model.layers.3.self_attn.attn
3607798096282227,3607798096288617,3607798096560908,3607798097463361,0,1,8,1,model.layers.0.self_attn.swa_cache
3607798097866692,3607798097873222,3607798098143173,3607798098704414,0,1,8,1,model.layers.1.self_attn.swa_cache
3607798099095066,3607798099101226,3607798099365807,3607798099917368,0,1,8,1,model.layers.2.self_attn.compressor.state_cache
3607798100151789,3607798100157219,3607798100450300,3607798101006152,0,1,8,1,model.layers.2.self_attn.indexer.compressor.state_cache
3607798101398383,3607798101450003,3607798101725934,3607798102279705,0,1,8,1,model.layers.3.self_attn.compressor.state_cache
3607798149720491,3607798150302113,3607798150486163,3607798155573739,1,1,8,4,model.layers.2.self_attn.indexer.k_cache
3607798155801810,3607798155805770,3607798156029580,3607798156469052,0,1,8,4,model.layers.2.self_attn.attn
3607798156760573,3607798156764903,3607798156954803,3607798157584065,0,1,8,128,model.layers.3.self_attn.attn
3607798157874416,3607798157878526,3607798158065577,3607798158676088,0,1,8,1,model.layers.0.self_attn.swa_cache
3607798158976259,3607798158980819,3607798159166160,3607798159554051,0,1,8,1,model.layers.1.self_attn.swa_cache
3607798159830112,3607798159834682,3607798160133283,3607798160670075,0,1,8,1,model.layers.2.self_attn.compressor.state_cache
3607798160877505,3607798160883025,3607798161157246,3607798161679668,0,1,8,1,model.layers.2.self_attn.indexer.compressor.state_cache
3607798162049949,3607798162100489,3607798162354820,3607798162891471,0,1,8,1,model.layers.3.self_attn.compressor.state_cache
3607798211011629,3607798211593321,3607798211783811,3607798218301171,1,1,8,4,model.layers.2.self_attn.indexer.k_cache
3607798218610712,3607798218616562,3607798218937403,3607798219608175,0,1,8,4,model.layers.2.self_attn.attn
3607798220055847,3607798220062627,3607798220357098,3607798221320051,0,1,8,128,model.layers.3.self_attn.attn
3607798221778132,3607798221785232,3607798222066393,3607798222995806,0,1,8,1,model.layers.0.self_attn.swa_cache
3607798223421177,3607798223427827,3607798223717128,3607798224328580,0,1,8,1,model.layers.1.self_attn.swa_cache
3607798224834751,3607798224839441,3607798225043042,3607798225448523,0,1,8,1,model.layers.2.self_attn.compressor.state_cache
3607798225615814,3607798225620104,3607798225840764,3607798226254536,0,1,8,1,model.layers.2.self_attn.indexer.compressor.state_cache
3607798226567397,3607798226606447,3607798226809207,3607798227217309,0,1,8,1,model.layers.3.self_attn.compressor.state_cache
3607798274414213,3607798274994015,3607798275184186,3607798280296331,1,1,8,4,model.layers.2.self_attn.indexer.k_cache
3607798280522352,3607798280526542,3607798280734033,3607798281171594,0,1,8,4,model.layers.2.self_attn.attn
3607798281539195,3607798281544865,3607798281784936,3607798282581978,0,1,8,128,model.layers.3.self_attn.attn
3607798282936630,3607798282941870,3607798283177140,3607798283952433,0,1,8,1,model.layers.0.self_attn.swa_cache
3607798284331674,3607798284337074,3607798284571705,3607798285062046,0,1,8,1,model.layers.1.self_attn.swa_cache
3607798285406207,3607798285411307,3607798285647988,3607798286136879,0,1,8,1,model.layers.2.self_attn.compressor.state_cache
3607798286326730,3607798286331830,3607798286606451,3607798287086452,0,1,8,1,model.layers.2.self_attn.indexer.compressor.state_cache
3607798287434183,3607798287480503,3607798287713154,3607798288205456,0,1,8,1,model.layers.3.self_attn.compressor.state_cache
3607798347721888,3607798347965119,3607798348167810,3607798349692854,1,1,96,4,model.layers.2.self_attn.indexer.k_cache
3607798349919365,3607798349923335,3607798350128666,3607798350563117,0,1,96,4,model.layers.2.self_attn.attn
3607798350848238,3607798350852718,3607798351037268,3607798351572820,0,1,96,128,model.layers.3.self_attn.attn
3607798351849801,3607798351854001,3607798352058232,3607798352603273,0,1,96,1,model.layers.0.self_attn.swa_cache
3607798352883174,3607798352887404,3607798353072215,3607798353461866,0,1,96,1,model.layers.1.self_attn.swa_cache
3607798353733277,3607798353737437,3607798353916987,3607798354297988,0,1,96,1,model.layers.2.self_attn.compressor.state_cache
3607798354450719,3607798354454549,3607798354656109,3607798355041261,0,1,96,1,model.layers.2.self_attn.indexer.compressor.state_cache
3607798355309771,3607798355349732,3607798355534322,3607798355929563,0,1,96,1,model.layers.3.self_attn.compressor.state_cache
3607798736562231,3607798737158113,3607798737344373,3607798782644882,1,1,8,4,model.layers.2.self_attn.indexer.k_cache
3607798782960723,3607798782966693,3607798783248784,3607798783855816,0,1,8,4,model.layers.2.self_attn.attn
3607798784266617,3607798784272857,3607798784518848,3607798785355420,0,1,8,128,model.layers.3.self_attn.attn
3607798785735922,3607798785741812,3607798785985712,3607798786808875,0,1,8,1,model.layers.0.self_attn.swa_cache
3607798787167146,3607798787172896,3607798787413027,3607798787919988,0,1,8,1,model.layers.1.self_attn.swa_cache
3607798788289479,3607798788295089,3607798788536350,3607798789033892,0,1,8,1,model.layers.2.self_attn.compressor.state_cache
3607798789225102,3607798789230432,3607798789492513,3607798789990325,0,1,8,1,model.layers.2.self_attn.indexer.compressor.state_cache
3607798790368466,3607798790420336,3607798790668467,3607798791164218,0,1,8,1,model.layers.3.self_attn.compressor.state_cache
3607798838160372,3607798838744534,3607798838934855,3607798844779783,1,1,8,4,model.layers.2.self_attn.indexer.k_cache
3607798845008543,3607798845012483,3607798845222014,3607798845653485,0,1,8,4,model.layers.2.self_attn.attn
3607798845937796,3607798845942676,3607798846125847,3607798846668148,0,1,8,128,model.layers.3.self_attn.attn
3607798846949499,3607798846953999,3607798847138680,3607798847675732,0,1,8,1,model.layers.0.self_attn.swa_cache
3607798847953522,3607798847958102,3607798848164343,3607798848548014,0,1,8,1,model.layers.1.self_attn.swa_cache
3607798848882645,3607798848888025,3607798849124586,3607798849607308,0,1,8,1,model.layers.2.self_attn.compressor.state_cache
3607798849798078,3607798849803188,3607798850054669,3607798850548260,0,1,8,1,model.layers.2.self_attn.indexer.compressor.state_cache
3607798850886891,3607798850933982,3607798851168782,3607798851657994,0,1,8,1,model.layers.3.self_attn.compressor.state_cache
3607798899095369,3607798899675211,3607798899860382,3607798906465612,1,1,8,4,model.layers.2.self_attn.indexer.k_cache
3607798906743823,3607798906749483,3607798907026244,3607798907613465,0,1,8,4,model.layers.2.self_attn.attn
3607798907998647,3607798908024007,3607798908285417,3607798909008120,0,1,8,128,model.layers.3.self_attn.attn
3607798909387501,3607798909394031,3607798909647702,3607798910383894,0,1,8,1,model.layers.0.self_attn.swa_cache
3607798910753295,3607798910759275,3607798911014636,3607798911537507,0,1,8,1,model.layers.1.self_attn.swa_cache
3607798911903019,3607798911908779,3607798912174879,3607798912697761,0,1,8,1,model.layers.2.self_attn.compressor.state_cache
3607798912901372,3607798912906602,3607798913184383,3607798913646994,0,1,8,1,model.layers.2.self_attn.indexer.compressor.state_cache
3607798913937745,3607798913977885,3607798914178116,3607798914585317,0,1,8,1,model.layers.3.self_attn.compressor.state_cache
3607798961682791,3607798962263043,3607798962454384,3607798967991181,1,1,8,4,model.layers.2.self_attn.indexer.k_cache
3607798968222901,3607798968227131,3607798968440592,3607798968881313,0,1,8,4,model.layers.2.self_attn.attn
3607798969183984,3607798969188584,3607798969376665,3607798970011997,0,1,8,128,model.layers.3.self_attn.attn
3607798970434948,3607798970442138,3607798970726529,3607798971653192,0,1,8,1,model.layers.0.self_attn.swa_cache
3607798972090203,3607798972096983,3607798972383464,3607798972969806,0,1,8,1,model.layers.1.self_attn.swa_cache
3607798973387837,3607798973394357,3607798973678528,3607798974259240,0,1,8,1,model.layers.2.self_attn.compressor.state_cache
3607798974488401,3607798974494441,3607798974805342,3607798975378543,0,1,8,1,model.layers.2.self_attn.indexer.compressor.state_cache
3607798975787765,3607798975846275,3607798976160726,3607798976740167,0,1,8,1,model.layers.3.self_attn.compressor.state_cache
3607799024079313,3607799024689375,3607799024881885,3607799030144661,1,1,8,4,model.layers.2.self_attn.indexer.k_cache
3607799030365662,3607799030369222,3607799030574603,3607799031013904,0,1,8,4,model.layers.2.self_attn.attn
3607799031303215,3607799031307485,3607799031492715,3607799032117997,0,1,8,128,model.layers.3.self_attn.attn
3607799032401888,3607799032406188,3607799032591849,3607799033215431,0,1,8,1,model.layers.0.self_attn.swa_cache
3607799033493712,3607799033498022,3607799033679942,3607799034074393,0,1,8,1,model.layers.1.self_attn.swa_cache
3607799034346844,3607799034351154,3607799034536105,3607799035046496,0,1,8,1,model.layers.2.self_attn.compressor.state_cache
3607799035264067,3607799035269417,3607799035541388,3607799036079419,0,1,8,1,model.layers.2.self_attn.indexer.compressor.state_cache
3607799036452901,3607799036504811,3607799036758562,3607799037288563,0,1,8,1,model.layers.3.self_attn.compressor.state_cache
3607799085415191,3607799085996693,3607799086183883,3607799092473122,1,1,8,4,model.layers.2.self_attn.indexer.k_cache
3607799092774553,3607799092780223,3607799093074424,3607799093702366,0,1,8,4,model.layers.2.self_attn.attn
3607799094138428,3607799094144848,3607799094412848,3607799095309781,0,1,8,128,model.layers.3.self_attn.attn
3607799095714392,3607799095720602,3607799095984973,3607799096886046,0,1,8,1,model.layers.0.self_attn.swa_cache
3607799097287267,3607799097293407,3607799097562528,3607799098123870,0,1,8,1,model.layers.1.self_attn.swa_cache
3607799098519751,3607799098526361,3607799098792252,3607799099341173,0,1,8,1,model.layers.2.self_attn.compressor.state_cache
3607799099560664,3607799099567134,3607799099830005,3607799100219936,0,1,8,1,model.layers.2.self_attn.indexer.compressor.state_cache
3607799100495897,3607799100533227,3607799100719098,3607799101095579,0,1,8,1,model.layers.3.self_attn.compressor.state_cache
3607799147529441,3607799148119713,3607799148302024,3607799153799161,1,1,8,4,model.layers.2.self_attn.indexer.k_cache
3607799154047211,3607799154051151,3607799154258942,3607799154694943,0,1,8,4,model.layers.2.self_attn.attn
3607799154978374,3607799154982574,3607799155167765,3607799155789887,0,1,8,128,model.layers.3.self_attn.attn
3607799156090718,3607799156095018,3607799156286558,3607799157022160,0,1,8,1,model.layers.0.self_attn.swa_cache
3607799157380951,3607799157386682,3607799157625942,3607799158119634,0,1,8,1,model.layers.1.self_attn.swa_cache
3607799158462505,3607799158468155,3607799158697486,3607799159178207,0,1,8,1,model.layers.2.self_attn.compressor.state_cache
3607799159371728,3607799159376858,3607799159626028,3607799160121650,0,1,8,1,model.layers.2.self_attn.indexer.compressor.state_cache
3607799160472331,3607799160520821,3607799160751732,3607799161228543,0,1,8,1,model.layers.3.self_attn.compressor.state_cache
3607800046660389,3607800047105830,3607800047415461,3607800049232447,1,1,8096,4,model.layers.2.self_attn.indexer.k_cache
3607800049493908,3607800049498138,3607800049705448,3607800050128780,0,1,8096,4,model.layers.2.self_attn.attn
3607800050403111,3607800050407271,3607800050597901,3607800051217973,0,1,8096,128,model.layers.3.self_attn.attn
3607800051488804,3607800051492914,3607800051674415,3607800052269186,0,1,8096,1,model.layers.0.self_attn.swa_cache
3607800052538447,3607800052542357,3607800052724158,3607800053092879,0,1,8096,1,model.layers.1.self_attn.swa_cache
3607800053350950,3607800053354870,3607800053621170,3607800053984852,0,1,8096,1,model.layers.2.self_attn.compressor.state_cache
3607800054130402,3607800054134232,3607800054328393,3607800054694324,0,1,8096,1,model.layers.2.self_attn.indexer.compressor.state_cache
3607800054949525,3607800054994085,3607800055247425,3607800055620037,0,1,8096,1,model.layers.3.self_attn.compressor.state_cache
3607800453526377,3607800453811688,3607800454006869,3607800455733684,1,1,8096,4,model.layers.2.self_attn.indexer.k_cache
3607800455976935,3607800455980925,3607800456200925,3607800456630657,0,1,8096,4,model.layers.2.self_attn.attn
3607800456909438,3607800456913658,3607800457102078,3607800457731690,0,1,8096,128,model.layers.3.self_attn.attn
3607800458014911,3607800458019801,3607800458209541,3607800458824823,0,1,8096,1,model.layers.0.self_attn.swa_cache
3607800459094354,3607800459098714,3607800459285795,3607800459670736,0,1,8096,1,model.layers.1.self_attn.swa_cache
3607800459933717,3607800459938347,3607800460136987,3607800460521449,0,1,8096,1,model.layers.2.self_attn.compressor.state_cache
3607800460666669,3607800460670909,3607800460873790,3607800461248831,0,1,8096,1,model.layers.2.self_attn.indexer.compressor.state_cache
3607800461511192,3607800461558282,3607800461747552,3607800462126604,0,1,8096,1,model.layers.3.self_attn.compressor.state_cache
3607800830322713,3607800830579224,3607800830775754,3607800832522920,1,1,8096,4,model.layers.2.self_attn.indexer.k_cache
3607800832762100,3607800832766110,3607800832974871,3607800833401442,0,1,8096,4,model.layers.2.self_attn.attn
3607800833689223,3607800833693403,3607800833880574,3607800834511116,0,1,8096,128,model.layers.3.self_attn.attn
3607800834789467,3607800834793897,3607800834981117,3607800835615599,0,1,8096,1,model.layers.0.self_attn.swa_cache
3607800835896580,3607800835900880,3607800836097341,3607800836490882,0,1,8096,1,model.layers.1.self_attn.swa_cache
3607800836783053,3607800836787253,3607800836971663,3607800837354594,0,1,8096,1,model.layers.2.self_attn.compressor.state_cache
3607800837501115,3607800837505035,3607800837710906,3607800838088257,0,1,8096,1,model.layers.2.self_attn.indexer.compressor.state_cache
3607800838354138,3607800838399598,3607800838585058,3607800838963199,0,1,8096,1,model.layers.3.self_attn.compressor.state_cache
3607801199204014,3607801199415545,3607801199590836,3607801201267721,1,1,8096,4,model.layers.2.self_attn.indexer.k_cache
3607801201520422,3607801201524852,3607801201711842,3607801202118093,0,1,8096,4,model.layers.2.self_attn.attn
3607801202383014,3607801202387064,3607801202550265,3607801203154837,0,1,8096,128,model.layers.3.self_attn.attn
3607801203414777,3607801203419247,3607801203580468,3607801204181230,0,1,8096,1,model.layers.0.self_attn.swa_cache
3607801204444381,3607801204448451,3607801204608941,3607801204972762,0,1,8096,1,model.layers.1.self_attn.swa_cache
3607801205225553,3607801205229623,3607801205391333,3607801205753725,0,1,8096,1,model.layers.2.self_attn.compressor.state_cache
3607801205899255,3607801205903115,3607801206086066,3607801206447847,0,1,8096,1,model.layers.2.self_attn.indexer.compressor.state_cache
3607801206698107,3607801206745318,3607801206908588,3607801207267139,0,1,8096,1,model.layers.3.self_attn.compressor.state_cache
3607801608341270,3607801608562890,3607801608733611,3607801614505998,1,2,8096,4,model.layers.2.self_attn.indexer.k_cache
3607801614731619,3607801614736409,3607801614928610,3607801615358941,0,2,8096,4,model.layers.2.self_attn.attn
3607801615655322,3607801615659922,3607801615834743,3607801616470944,0,2,8096,128,model.layers.3.self_attn.attn
3607801616772585,3607801616777215,3607801616944986,3607801617574458,0,2,8096,1,model.layers.0.self_attn.swa_cache
3607801617859959,3607801617864679,3607801618023549,3607801618444101,0,2,8096,1,model.layers.1.self_attn.swa_cache
3607801618722581,3607801618727551,3607801618897402,3607801619290643,0,2,8096,1,model.layers.2.self_attn.compressor.state_cache
3607801619440604,3607801619444534,3607801619628434,3607801620026715,0,2,8096,1,model.layers.2.self_attn.indexer.compressor.state_cache
3607801620303626,3607801620348696,3607801620513927,3607801620909528,0,2,8096,1,model.layers.3.self_attn.compressor.state_cache
3607802564242052,3607802564630583,3607802564867914,3607802566663859,1,2,8096,4,model.layers.2.self_attn.indexer.k_cache
3607802566919060,3607802566923130,3607802567137231,3607802567573772,0,2,8096,4,model.layers.2.self_attn.attn
3607802567872103,3607802567876333,3607802568076664,3607802568695466,0,2,8096,128,model.layers.3.self_attn.attn
3607802568975547,3607802568979897,3607802569167247,3607802569777309,0,2,8096,1,model.layers.0.self_attn.swa_cache
3607802570069030,3607802570073480,3607802570261590,3607802570652192,0,2,8096,1,model.layers.1.self_attn.swa_cache
3607802570916763,3607802570921073,3607802571107383,3607802571478754,0,2,8096,1,model.layers.2.self_attn.compressor.state_cache
3607802571623765,3607802571627495,3607802571831405,3607802572222587,0,2,8096,1,model.layers.2.self_attn.indexer.compressor.state_cache
3607802572482757,3607802572536157,3607802572722818,3607802573096099,0,2,8096,1,model.layers.3.self_attn.compressor.state_cache
3607803065618730,3607803065996851,3607803066203062,3607803068074548,1,4,8096,4,model.layers.2.self_attn.indexer.k_cache
3607803068326739,3607803068331159,3607803068553889,3607803069001301,0,4,8096,4,model.layers.2.self_attn.attn
3607803069307412,3607803069312612,3607803069503942,3607803070127444,0,4,8096,128,model.layers.3.self_attn.attn
3607803070454125,3607803070458845,3607803070653536,3607803071277698,0,4,8096,1,model.layers.0.self_attn.swa_cache
3607803071551278,3607803071555558,3607803071745329,3607803072152670,0,4,8096,1,model.layers.1.self_attn.swa_cache
3607803072444601,3607803072449201,3607803072638462,3607803073018423,0,4,8096,1,model.layers.2.self_attn.compressor.state_cache
3607803073170273,3607803073174433,3607803073379384,3607803073760645,0,4,8096,1,model.layers.2.self_attn.indexer.compressor.state_cache
3607803074068446,3607803074114316,3607803074306977,3607803074690018,0,4,8096,1,model.layers.3.self_attn.compressor.state_cache
3607803540913118,3607803541282830,3607803541480180,3607803543320806,1,6,8096,4,model.layers.2.self_attn.indexer.k_cache
3607803543566327,3607803543570527,3607803543781217,3607803544239609,0,6,8096,4,model.layers.2.self_attn.attn
3607803544544740,3607803544549450,3607803544741430,3607803545368902,0,6,8096,128,model.layers.3.self_attn.attn
3607803545665703,3607803545670193,3607803545858074,3607803546461495,0,6,8096,1,model.layers.0.self_attn.swa_cache
3607803546735106,3607803546739776,3607803546922227,3607803547302328,0,6,8096,1,model.layers.1.self_attn.swa_cache
3607803547591669,3607803547596569,3607803547784779,3607803548177931,0,6,8096,1,model.layers.2.self_attn.compressor.state_cache
3607803548327231,3607803548331071,3607803548535172,3607803548911453,0,6,8096,1,model.layers.2.self_attn.indexer.compressor.state_cache
3607803549195474,3607803549246564,3607803549440615,3607803549819876,0,6,8096,1,model.layers.3.self_attn.compressor.state_cache
3607804013758979,3607804014129480,3607804014330271,3607804016157176,1,8,8096,4,model.layers.2.self_attn.indexer.k_cache
3607804016401017,3607804016405257,3607804016618628,3607804017056149,0,8,8096,4,model.layers.2.self_attn.attn
3607804017358320,3607804017363160,3607804017551831,3607804018163043,0,8,8096,128,model.layers.3.self_attn.attn
3607804018456834,3607804018461394,3607804018652764,3607804019259346,0,8,8096,1,model.layers.0.self_attn.swa_cache
3607804019538037,3607804019542357,3607804019729487,3607804020127569,0,8,8096,1,model.layers.1.self_attn.swa_cache
3607804020417650,3607804020421980,3607804020610480,3607804020992261,0,8,8096,1,model.layers.2.self_attn.compressor.state_cache
3607804021139922,3607804021144152,3607804021351062,3607804021734684,0,8,8096,1,model.layers.2.self_attn.indexer.compressor.state_cache
3607804022022564,3607804022071215,3607804022261365,3607804022643256,0,8,8096,1,model.layers.3.self_attn.compressor.state_cache
3607804490074501,3607804490433222,3607804490631972,3607804492468218,1,10,8096,4,model.layers.2.self_attn.indexer.k_cache
3607804492715179,3607804492719309,3607804492927479,3607804493367371,0,10,8096,4,model.layers.2.self_attn.attn
3607804493672312,3607804493677082,3607804493867602,3607804494483554,0,10,8096,128,model.layers.3.self_attn.attn
3607804494783995,3607804494788845,3607804494987606,3607804495602598,0,10,8096,1,model.layers.0.self_attn.swa_cache
3607804495875188,3607804495879748,3607804496083549,3607804496464530,0,10,8096,1,model.layers.1.self_attn.swa_cache
3607804496754541,3607804496759311,3607804496945682,3607804497326973,0,10,8096,1,model.layers.2.self_attn.compressor.state_cache
3607804497478073,3607804497482203,3607804497685294,3607804498063405,0,10,8096,1,model.layers.2.self_attn.indexer.compressor.state_cache
3607804498348626,3607804498396056,3607804498585517,3607804498970568,0,10,8096,1,model.layers.3.self_attn.compressor.state_cache
3607804972246160,3607804972616101,3607804972819252,3607804974681427,1,12,8096,4,model.layers.2.self_attn.indexer.k_cache
3607804974925718,3607804974930188,3607804975147899,3607804975588200,0,12,8096,4,model.layers.2.self_attn.attn
3607804975894061,3607804975898761,3607804976110122,3607804976739384,0,12,8096,128,model.layers.3.self_attn.attn
3607804977038605,3607804977043385,3607804977235445,3607804977853017,0,12,8096,1,model.layers.0.self_attn.swa_cache
3607804978125878,3607804978130238,3607804978316829,3607804978699430,0,12,8096,1,model.layers.1.self_attn.swa_cache
3607804978990321,3607804978994901,3607804979183811,3607804979563592,0,12,8096,1,model.layers.2.self_attn.compressor.state_cache
3607804979721723,3607804979725703,3607804979930444,3607804980328855,0,12,8096,1,model.layers.2.self_attn.indexer.compressor.state_cache
3607804980624036,3607804980672006,3607804980864956,3607804981248248,0,12,8096,1,model.layers.3.self_attn.compressor.state_cache
3607805443966857,3607805444486309,3607805444799020,3607805446584425,1,12,2352,4,model.layers.2.self_attn.indexer.k_cache
3607805446856316,3607805446860366,3607805447076237,3607805447519128,0,12,2352,4,model.layers.2.self_attn.attn
3607805447805779,3607805447810589,3607805447998940,3607805448634032,0,12,2352,128,model.layers.3.self_attn.attn
3607805448929333,3607805448933813,3607805449120453,3607805449765065,0,12,2352,1,model.layers.0.self_attn.swa_cache
3607805450039766,3607805450044326,3607805450232167,3607805450610478,0,12,2352,1,model.layers.1.self_attn.swa_cache
3607805450878289,3607805450882689,3607805451153079,3607805451567791,0,12,2352,1,model.layers.2.self_attn.compressor.state_cache
3607805451718151,3607805451722061,3607805451928162,3607805452324543,0,12,2352,1,model.layers.2.self_attn.indexer.compressor.state_cache
3607805452592714,3607805452639624,3607805452915445,3607805453295196,0,12,2352,1,model.layers.3.self_attn.compressor.state_cache
3607805853354634,3607805853950575,3607805854138406,3607805900913660,1,12,96,4,model.layers.2.self_attn.indexer.k_cache
3607805901245491,3607805901252651,3607805901558792,3607805902181823,0,12,96,4,model.layers.2.self_attn.attn
3607805902577965,3607805902584225,3607805902845795,3607805903727298,0,12,96,128,model.layers.3.self_attn.attn
3607805904134009,3607805904140529,3607805904400280,3607805905224833,0,12,96,1,model.layers.0.self_attn.swa_cache
3607805905605564,3607805905611704,3607805905870305,3607805906409926,0,12,96,1,model.layers.1.self_attn.swa_cache
3607805906724527,3607805906729567,3607805906942658,3607805907380759,0,12,96,1,model.layers.2.self_attn.compressor.state_cache
3607805907552200,3607805907556930,3607805907798591,3607805908252942,0,12,96,1,model.layers.2.self_attn.indexer.compressor.state_cache
3607805908568293,3607805908616623,3607805908832764,3607805909267165,0,12,96,1,model.layers.3.self_attn.compressor.state_cache
3607806029214803,3607806029811335,3607806029998356,3607806035451732,1,12,96,4,model.layers.2.self_attn.indexer.k_cache
3607806035686373,3607806035690313,3607806035899254,3607806036374925,0,12,96,4,model.layers.2.self_attn.attn
3607806036665966,3607806036670136,3607806036863027,3607806037505309,0,12,96,128,model.layers.3.self_attn.attn
3607806037916920,3607806037923470,3607806038219391,3607806039178244,0,12,96,1,model.layers.0.self_attn.swa_cache
3607806039597785,3607806039604215,3607806039884536,3607806040489238,0,12,96,1,model.layers.1.self_attn.swa_cache
3607806040902649,3607806040909079,3607806041193130,3607806041770852,0,12,96,1,model.layers.2.self_attn.compressor.state_cache
3607806041996292,3607806042002012,3607806042310563,3607806042896235,0,12,96,1,model.layers.2.self_attn.indexer.compressor.state_cache
3607806043299416,3607806043357427,3607806043639898,3607806044254249,0,12,96,1,model.layers.3.self_attn.compressor.state_cache
3607806095501307,3607806096100919,3607806096292159,3607806101760706,1,12,96,4,model.layers.2.self_attn.indexer.k_cache
3607806101992387,3607806101996447,3607806102213417,3607806102865249,0,12,96,4,model.layers.2.self_attn.attn
3607806103294011,3607806103300371,3607806103586161,3607806104575634,0,12,96,128,model.layers.3.self_attn.attn
3607806105006386,3607806105012976,3607806105296237,3607806106248380,0,12,96,1,model.layers.0.self_attn.swa_cache
3607806106666501,3607806106672911,3607806106960292,3607806107547004,0,12,96,1,model.layers.1.self_attn.swa_cache
3607806107963845,3607806107970745,3607806108279816,3607806108865318,0,12,96,1,model.layers.2.self_attn.compressor.state_cache
3607806109098598,3607806109104388,3607806109416519,3607806109995021,0,12,96,1,model.layers.2.self_attn.indexer.compressor.state_cache
3607806110427472,3607806110465193,3607806110650163,3607806111032184,0,12,96,1,model.layers.3.self_attn.compressor.state_cache
3607806161293059,3607806161894550,3607806162084711,3607806167745238,1,12,96,4,model.layers.2.self_attn.indexer.k_cache
3607806168078669,3607806168085369,3607806168403120,3607806169089182,0,12,96,4,model.layers.2.self_attn.attn
3607806169527274,3607806169533554,3607806169815885,3607806170784458,0,12,96,128,model.layers.3.self_attn.attn
3607806171216959,3607806171223539,3607806171511780,3607806172464103,0,12,96,1,model.layers.0.self_attn.swa_cache
3607806172926134,3607806172932784,3607806173222275,3607806173803437,0,12,96,1,model.layers.1.self_attn.swa_cache
3607806174222838,3607806174229488,3607806174514419,3607806175128471,0,12,96,1,model.layers.2.self_attn.compressor.state_cache
3607806175281701,3607806175285601,3607806175490352,3607806175870893,0,12,96,1,model.layers.2.self_attn.indexer.compressor.state_cache
3607806176153344,3607806176191614,3607806176378715,3607806176764796,0,12,96,1,model.layers.3.self_attn.compressor.state_cache
3607806228487505,3607806229082397,3607806229278037,3607806232540457,1,12,96,4,model.layers.2.self_attn.indexer.k_cache
3607806232788218,3607806232792598,3607806233024879,3607806233517680,0,12,96,4,model.layers.2.self_attn.attn
3607806233830271,3607806233834731,3607806234040142,3607806234735404,0,12,96,128,model.layers.3.self_attn.attn
3607806235043795,3607806235048555,3607806235254366,3607806235927388,0,12,96,1,model.layers.0.self_attn.swa_cache
3607806236245519,3607806236250239,3607806236449729,3607806236874860,0,12,96,1,model.layers.1.self_attn.swa_cache
3607806237172611,3607806237177131,3607806237385172,3607806237797783,0,12,96,1,model.layers.2.self_attn.compressor.state_cache
3607806237962544,3607806237966794,3607806238190055,3607806238600626,0,12,96,1,model.layers.2.self_attn.indexer.compressor.state_cache
3607806238896987,3607806238944497,3607806239150327,3607806239570529,0,12,96,1,model.layers.3.self_attn.compressor.state_cache
3607806293776265,3607806294366427,3607806294553887,3607806299990104,1,12,96,4,model.layers.2.self_attn.indexer.k_cache
3607806300238415,3607806300242405,3607806300462626,3607806300905537,0,12,96,4,model.layers.2.self_attn.attn
3607806301198528,3607806301202948,3607806301394628,3607806302030210,0,12,96,128,model.layers.3.self_attn.attn
3607806302320631,3607806302325021,3607806302513732,3607806303131924,0,12,96,1,model.layers.0.self_attn.swa_cache
3607806303414515,3607806303418615,3607806303605945,3607806303998136,0,12,96,1,model.layers.1.self_attn.swa_cache
3607806304361708,3607806304368168,3607806304652158,3607806305237560,0,12,96,1,model.layers.2.self_attn.compressor.state_cache
3607806305467381,3607806305473101,3607806305785382,3607806306375484,0,12,96,1,model.layers.2.self_attn.indexer.compressor.state_cache
3607806306788765,3607806306846635,3607806307132476,3607806307711088,0,12,96,1,model.layers.3.self_attn.compressor.state_cache
3607806360589780,3607806361176232,3607806361365612,3607806366842339,1,12,96,4,model.layers.2.self_attn.indexer.k_cache
3607806367071390,3607806367075660,3607806367287021,3607806367725392,0,12,96,4,model.layers.2.self_attn.attn
3607806368072543,3607806368077453,3607806368283304,3607806368930636,0,12,96,128,model.layers.3.self_attn.attn
3607806369220747,3607806369225117,3607806369527038,3607806370491140,0,12,96,1,model.layers.0.self_attn.swa_cache
3607806370911042,3607806370917832,3607806371208783,3607806371794234,0,12,96,1,model.layers.1.self_attn.swa_cache
3607806372223296,3607806372230076,3607806372517217,3607806373103609,0,12,96,1,model.layers.2.self_attn.compressor.state_cache
3607806373339559,3607806373345379,3607806373662360,3607806374240172,0,12,96,1,model.layers.2.self_attn.indexer.compressor.state_cache
3607806374653663,3607806374710553,3607806374998294,3607806375584076,0,12,96,1,model.layers.3.self_attn.compressor.state_cache
3607806427309655,3607806427889747,3607806428087217,3607806433659664,1,12,96,4,model.layers.2.self_attn.indexer.k_cache
3607806437791287,3607806437797447,3607806438118828,3607806438784100,0,12,96,4,model.layers.2.self_attn.attn
3607806439222021,3607806439228481,3607806439513992,3607806440502915,0,12,96,128,model.layers.3.self_attn.attn
3607806440933687,3607806440940157,3607806441227738,3607806442149540,0,12,96,1,model.layers.0.self_attn.swa_cache
3607806442583412,3607806442589982,3607806442873093,3607806443459434,0,12,96,1,model.layers.1.self_attn.swa_cache
3607806443730145,3607806443734315,3607806443918536,3607806444323077,0,12,96,1,model.layers.2.self_attn.compressor.state_cache
3607806444499938,3607806444503938,3607806444707398,3607806445096839,0,12,96,1,model.layers.2.self_attn.indexer.compressor.state_cache
3607806445376150,3607806445412280,3607806445600871,3607806445990602,0,12,96,1,model.layers.3.self_attn.compressor.state_cache
3607806495929755,3607806496522747,3607806496705238,3607806502357855,1,12,96,4,model.layers.2.self_attn.indexer.k_cache
3607806502632116,3607806502637726,3607806502901327,3607806503454859,0,12,96,4,model.layers.2.self_attn.attn
3607806503812710,3607806503818290,3607806504070130,3607806504875223,0,12,96,128,model.layers.3.self_attn.attn
3607806505235194,3607806505240574,3607806505471785,3607806506260387,0,12,96,1,model.layers.0.self_attn.swa_cache
3607806506618258,3607806506623748,3607806506860659,3607806507335480,0,12,96,1,model.layers.1.self_attn.swa_cache
3607806507683251,3607806507688571,3607806507923562,3607806508448664,0,12,96,1,model.layers.2.self_attn.compressor.state_cache
3607806508629374,3607806508633594,3607806508868095,3607806509304026,0,12,96,1,model.layers.2.self_attn.indexer.compressor.state_cache
3607806509619207,3607806509663488,3607806509873178,3607806510310280,0,12,96,1,model.layers.3.self_attn.compressor.state_cache
3607806561388336,3607806561989548,3607806562186229,3607806567681386,1,12,96,4,model.layers.2.self_attn.indexer.k_cache
3607806567937076,3607806567942326,3607806568223727,3607806568754999,0,12,96,4,model.layers.2.self_attn.attn
3607806569102500,3607806569107860,3607806569335011,3607806570100743,0,12,96,128,model.layers.3.self_attn.attn
3607806570452284,3607806570457684,3607806570682955,3607806571420167,0,12,96,1,model.layers.0.self_attn.swa_cache
3607806571759988,3607806571765178,3607806571989859,3607806572461230,0,12,96,1,model.layers.1.self_attn.swa_cache
3607806572790821,3607806572796161,3607806573016022,3607806573583834,0,12,96,1,model.layers.2.self_attn.compressor.state_cache
3607806573763394,3607806573768404,3607806574015295,3607806574472116,0,12,96,1,model.layers.2.self_attn.indexer.compressor.state_cache
3607806574795387,3607806574841308,3607806575070778,3607806575526810,0,12,96,1,model.layers.3.self_attn.compressor.state_cache
3607806626223405,3607806626807637,3607806626995778,3607806632577885,1,12,96,4,model.layers.2.self_attn.indexer.k_cache
3607806632855256,3607806632859756,3607806633129896,3607806633676658,0,12,96,4,model.layers.2.self_attn.attn
3607806634019769,3607806634025059,3607806634252570,3607806635020462,0,12,96,128,model.layers.3.self_attn.attn
3607806635377883,3607806635383043,3607806635611744,3607806636410706,0,12,96,1,model.layers.0.self_attn.swa_cache
3607806636754958,3607806636760558,3607806637001318,3607806637478070,0,12,96,1,model.layers.1.self_attn.swa_cache
3607806637807191,3607806637812481,3607806638035591,3607806638608883,0,12,96,1,model.layers.2.self_attn.compressor.state_cache
3607806638792914,3607806638797504,3607806639039615,3607806639501166,0,12,96,1,model.layers.2.self_attn.indexer.compressor.state_cache
3607806639826357,3607806639870657,3607806640109028,3607806640582819,0,12,96,1,model.layers.3.self_attn.compressor.state_cache
3607806694589695,3607806695211807,3607806695401488,3607806700851724,1,12,96,4,model.layers.2.self_attn.indexer.k_cache
3607806701082925,3607806701087215,3607806701302016,3607806701746247,0,12,96,4,model.layers.2.self_attn.attn
3607806702032548,3607806702037118,3607806702225558,3607806702856620,0,12,96,128,model.layers.3.self_attn.attn
3607806703144851,3607806703149161,3607806703453362,3607806704345915,0,12,96,1,model.layers.0.self_attn.swa_cache
3607806704749756,3607806704755736,3607806705020807,3607806705575179,0,12,96,1,model.layers.1.self_attn.swa_cache
3607806705964250,3607806705970420,3607806706236531,3607806706782912,0,12,96,1,model.layers.2.self_attn.compressor.state_cache
3607806706999623,3607806707005203,3607806707299734,3607806707850666,0,12,96,1,model.layers.2.self_attn.indexer.compressor.state_cache
3607806708252547,3607806708306687,3607806708576488,3607806709120570,0,12,96,1,model.layers.3.self_attn.compressor.state_cache
3607806761955382,3607806762545084,3607806762732584,3607806768255301,1,12,96,4,model.layers.2.self_attn.indexer.k_cache
3607806768587502,3607806768593602,3607806768915893,3607806769590015,0,12,96,4,model.layers.2.self_attn.attn
3607806770016906,3607806770023607,3607806770309577,3607806771292140,0,12,96,128,model.layers.3.self_attn.attn
3607806771727012,3607806771734012,3607806772033853,3607806772990276,0,12,96,1,model.layers.0.self_attn.swa_cache
3607806773414337,3607806773420937,3607806773706808,3607806774283700,0,12,96,1,model.layers.1.self_attn.swa_cache
3607806774699291,3607806774705731,3607806774987142,3607806775569914,0,12,96,1,model.layers.2.self_attn.compressor.state_cache
3607806775800284,3607806775806274,3607806776130445,3607806776627777,0,12,96,1,model.layers.2.self_attn.indexer.compressor.state_cache
3607806776902618,3607806776939808,3607806777125958,3607806777506699,0,12,96,1,model.layers.3.self_attn.compressor.state_cache
3607806828487696,3607806829068908,3607806829251288,3607806834912296,1,12,96,4,model.layers.2.self_attn.indexer.k_cache
3607806835170216,3607806835175636,3607806835450807,3607806836029649,0,12,96,4,model.layers.2.self_attn.attn
3607806836415850,3607806836421820,3607806836671411,3607806837500274,0,12,96,128,model.layers.3.self_attn.attn
3607806837881635,3607806837887275,3607806838140396,3607806838932908,0,12,96,1,model.layers.0.self_attn.swa_cache
3607806839289309,3607806839294569,3607806839534130,3607806840048561,0,12,96,1,model.layers.1.self_attn.swa_cache
3607806840405892,3607806840411703,3607806840654783,3607806841148725,0,12,96,1,model.layers.2.self_attn.compressor.state_cache
3607806841381385,3607806841385795,3607806841610786,3607806842034297,0,12,96,1,model.layers.2.self_attn.indexer.compressor.state_cache
3607806842335988,3607806842377169,3607806842583699,3607806842998930,0,12,96,1,model.layers.3.self_attn.compressor.state_cache
3607806894856030,3607806895437551,3607806895620212,3607806901183719,1,12,96,4,model.layers.2.self_attn.indexer.k_cache
3607806901436610,3607806901441230,3607806901684631,3607806902186552,0,12,96,4,model.layers.2.self_attn.attn
3607806902517463,3607806902522283,3607806902739204,3607806903466786,0,12,96,128,model.layers.3.self_attn.attn
3607806903794897,3607806903800137,3607806904038238,3607806904771020,0,12,96,1,model.layers.0.self_attn.swa_cache
3607806905091771,3607806905096991,3607806905312792,3607806905757383,0,12,96,1,model.layers.1.self_attn.swa_cache
3607806906073434,3607806906078454,3607806906342955,3607806906823556,0,12,96,1,model.layers.2.self_attn.compressor.state_cache
3607806907018717,3607806907023497,3607806907285918,3607806907789269,0,12,96,1,model.layers.2.self_attn.indexer.compressor.state_cache
3607806908157240,3607806908204841,3607806908446291,3607806908942903,0,12,96,1,model.layers.3.self_attn.compressor.state_cache
3607806961891945,3607806962480507,3607806962667778,3607806968249725,1,12,96,4,model.layers.2.self_attn.indexer.k_cache
3607806968471916,3607806968476036,3607806968691586,3607806969121877,0,12,96,4,model.layers.2.self_attn.attn
3607806969406888,3607806969411368,3607806969602449,3607806970240131,0,12,96,128,model.layers.3.self_attn.attn
3607806970521772,3607806970525952,3607806970719242,3607806971336794,0,12,96,1,model.layers.0.self_attn.swa_cache
3607806971622395,3607806971626655,3607806971870526,3607806972491818,0,12,96,1,model.layers.1.self_attn.swa_cache
3607806972908899,3607806972915279,3607806973192100,3607806973775132,0,12,96,1,model.layers.2.self_attn.compressor.state_cache
3607806974005272,3607806974011003,3607806974325333,3607806974910405,0,12,96,1,model.layers.2.self_attn.indexer.compressor.state_cache
3607806975326777,3607806975382417,3607806975664098,3607806976263649,0,12,96,1,model.layers.3.self_attn.compressor.state_cache
3607807028812971,3607807029409003,3607807029594053,3607807035056020,1,12,96,4,model.layers.2.self_attn.indexer.k_cache
3607807035288801,3607807035292781,3607807035504201,3607807035960833,0,12,96,4,model.layers.2.self_attn.attn
3607807036265904,3607807036270104,3607807036459694,3607807037288847,0,12,96,128,model.layers.3.self_attn.attn
3607807037757128,3607807037763728,3607807038052889,3607807039008622,0,12,96,1,model.layers.0.self_attn.swa_cache
3607807039436183,3607807039442673,3607807039727814,3607807040329756,0,12,96,1,model.layers.1.self_attn.swa_cache
3607807040748937,3607807040755017,3607807041043098,3607807041631660,0,12,96,1,model.layers.2.self_attn.compressor.state_cache
3607807041867681,3607807041873461,3607807042186432,3607807042773144,0,12,96,1,model.layers.2.self_attn.indexer.compressor.state_cache
3607807043190555,3607807043247005,3607807043529376,3607807044139868,0,12,96,1,model.layers.3.self_attn.compressor.state_cache
3607807094693243,3607807095288615,3607807095482435,3607807100892382,1,12,96,4,model.layers.2.self_attn.indexer.k_cache
3607807101126053,3607807101130123,3607807101346833,3607807101927895,0,12,96,4,model.layers.2.self_attn.attn
3607807102362736,3607807102369286,3607807102662087,3607807103630240,0,12,96,128,model.layers.3.self_attn.attn
3607807104093782,3607807104101252,3607807104391193,3607807105340036,0,12,96,1,model.layers.0.self_attn.swa_cache
3607807105773407,3607807105779627,3607807106067538,3607807106660480,0,12,96,1,model.layers.1.self_attn.swa_cache
3607807107077591,3607807107083851,3607807107367922,3607807107953734,0,12,96,1,model.layers.2.self_attn.compressor.state_cache
3607807108199084,3607807108204944,3607807108519225,3607807109112667,0,12,96,1,model.layers.2.self_attn.indexer.compressor.state_cache
3607807109537848,3607807109592849,3607807109851949,3607807110230821,0,12,96,1,model.layers.3.self_attn.compressor.state_cache
3607807160585625,3607807161181237,3607807161369797,3607807167057805,1,12,96,4,model.layers.2.self_attn.indexer.k_cache
3607807167343836,3607807167349266,3607807167629507,3607807168223809,0,12,96,4,model.layers.2.self_attn.attn
3607807168601120,3607807168606970,3607807168853390,3607807169675753,0,12,96,128,model.layers.3.self_attn.attn
3607807170050094,3607807170055764,3607807170299435,3607807171107397,0,12,96,1,model.layers.0.self_attn.swa_cache
3607807171470778,3607807171476548,3607807171715279,3607807172234221,0,12,96,1,model.layers.1.self_attn.swa_cache
3607807172590442,3607807172596222,3607807172837083,3607807173343794,0,12,96,1,model.layers.2.self_attn.compressor.state_cache
3607807173544945,3607807173549965,3607807173812576,3607807174318957,0,12,96,1,model.layers.2.self_attn.indexer.compressor.state_cache
3607807174665118,3607807174703888,3607807174891689,3607807175273140,0,12,96,1,model.layers.3.self_attn.compressor.state_cache
3607807226296247,3607807226887239,3607807227082199,3607807232858877,1,12,96,4,model.layers.2.self_attn.indexer.k_cache
3607807233154608,3607807233160318,3607807233450189,3607807234060381,0,12,96,4,model.layers.2.self_attn.attn
3607807234451702,3607807234457602,3607807234717043,3607807235580195,0,12,96,128,model.layers.3.self_attn.attn
3607807235982326,3607807235988406,3607807236267437,3607807237119810,0,12,96,1,model.layers.0.self_attn.swa_cache
3607807237506411,3607807237512461,3607807237766812,3607807238294174,0,12,96,1,model.layers.1.self_attn.swa_cache
3607807238669085,3607807238674865,3607807238927945,3607807239468047,0,12,96,1,model.layers.2.self_attn.compressor.state_cache
3607807239629738,3607807239633838,3607807239845918,3607807240265370,0,12,96,1,model.layers.2.self_attn.indexer.compressor.state_cache
3607807240560040,3607807240599551,3607807240796431,3607807241190682,0,12,96,1,model.layers.3.self_attn.compressor.state_cache
3607807292864081,3607807293463053,3607807293653633,3607807299017800,1,12,96,4,model.layers.2.self_attn.indexer.k_cache
3607807299264231,3607807299268541,3607807299490121,3607807299946303,0,12,96,4,model.layers.2.self_attn.attn
3607807300268994,3607807300273624,3607807300471364,3607807301142876,0,12,96,128,model.layers.3.self_attn.attn
3607807301445227,3607807301449597,3607807301647328,3607807302309050,0,12,96,1,model.layers.0.self_attn.swa_cache
3607807302601341,3607807302605661,3607807302800351,3607807303207753,0,12,96,1,model.layers.1.self_attn.swa_cache
3607807303491824,3607807303496014,3607807303689524,3607807304180826,0,12,96,1,model.layers.2.self_attn.compressor.state_cache
3607807304424756,3607807304429696,3607807304707847,3607807305236729,0,12,96,1,model.layers.2.self_attn.indexer.compressor.state_cache
3607807305606750,3607807305656750,3607807305914431,3607807306424393,0,12,96,1,model.layers.3.self_attn.compressor.state_cache
3607807358643553,3607807359222625,3607807359414635,3607807364975472,1,12,96,4,model.layers.2.self_attn.indexer.k_cache
3607807365215173,3607807365219293,3607807365434364,3607807365872755,0,12,96,4,model.layers.2.self_attn.attn
3607807366158956,3607807366163386,3607807366356127,3607807367000729,0,12,96,128,model.layers.3.self_attn.attn
3607807367293139,3607807367297719,3607807367486150,3607807368126362,0,12,96,1,model.layers.0.self_attn.swa_cache
3607807368407233,3607807368411613,3607807368599953,3607807369193105,0,12,96,1,model.layers.1.self_attn.swa_cache
3607807369608367,3607807369614917,3607807369895637,3607807370467649,0,12,96,1,model.layers.2.self_attn.compressor.state_cache
3607807370699450,3607807370705350,3607807371009521,3607807371605123,0,12,96,1,model.layers.2.self_attn.indexer.compressor.state_cache
3607807372033024,3607807372090634,3607807372378575,3607807372981937,0,12,96,1,model.layers.3.self_attn.compressor.state_cache
3607807429404500,3607807429998272,3607807430186672,3607807435787480,1,12,96,4,model.layers.2.self_attn.indexer.k_cache
3607807436085410,3607807436090371,3607807436351541,3607807436875023,0,12,96,4,model.layers.2.self_attn.attn
3607807437219494,3607807437224784,3607807437450875,3607807438202387,0,12,96,128,model.layers.3.self_attn.attn
3607807438568918,3607807438574248,3607807438798869,3607807439555291,0,12,96,1,model.layers.0.self_attn.swa_cache
3607807439893072,3607807439898152,3607807440144733,3607807440605764,0,12,96,1,model.layers.1.self_attn.swa_cache
3607807440940055,3607807440945145,3607807441168206,3607807441676848,0,12,96,1,model.layers.2.self_attn.compressor.state_cache
3607807441863508,3607807441868398,3607807442116449,3607807442584560,0,12,96,1,model.layers.2.self_attn.indexer.compressor.state_cache
3607807442918711,3607807442963922,3607807443189362,3607807443650174,0,12,96,1,model.layers.3.self_attn.compressor.state_cache
3607807497267418,3607807497857450,3607807498044201,3607807503653278,1,12,96,4,model.layers.2.self_attn.indexer.k_cache
3607807503885339,3607807503889239,3607807504117539,3607807504579841,0,12,96,4,model.layers.2.self_attn.attn
3607807504865632,3607807504869992,3607807505057862,3607807505703954,0,12,96,128,model.layers.3.self_attn.attn
3607807505989615,3607807505993955,3607807506183216,3607807507089038,0,12,96,1,model.layers.0.self_attn.swa_cache
3607807507545390,3607807507551900,3607807507843301,3607807508456323,0,12,96,1,model.layers.1.self_attn.swa_cache
3607807508883384,3607807508890024,3607807509180705,3607807509770157,0,12,96,1,model.layers.2.self_attn.compressor.state_cache
3607807510002277,3607807510008287,3607807510322138,3607807510905880,0,12,96,1,model.layers.2.self_attn.indexer.compressor.state_cache
3607807511320521,3607807511377162,3607807511660602,3607807512267844,0,12,96,1,model.layers.3.self_attn.compressor.state_cache
3607807564658195,3607807565244227,3607807565429257,3607807571036605,1,12,96,4,model.layers.2.self_attn.indexer.k_cache
3607807571356896,3607807571362856,3607807571686297,3607807572384229,0,12,96,4,model.layers.2.self_attn.attn
3607807572819580,3607807572826140,3607807573124251,3607807574092584,0,12,96,128,model.layers.3.self_attn.attn
3607807574527985,3607807574534445,3607807574823526,3607807575782409,0,12,96,1,model.layers.0.self_attn.swa_cache
3607807576255241,3607807576262331,3607807576551472,3607807577140593,0,12,96,1,model.layers.1.self_attn.swa_cache
3607807577568155,3607807577574975,3607807577858696,3607807578439487,0,12,96,1,model.layers.2.self_attn.compressor.state_cache
3607807578674128,3607807578680058,3607807578991979,3607807579433160,0,12,96,1,model.layers.2.self_attn.indexer.compressor.state_cache
3607807579709961,3607807579749041,3607807579937782,3607807580338563,0,12,96,1,model.layers.3.self_attn.compressor.state_cache
3607807633237596,3607807633833627,3607807634027498,3607807639637915,1,12,96,4,model.layers.2.self_attn.indexer.k_cache
3607807639872156,3607807639876146,3607807640121027,3607807640569908,0,12,96,4,model.layers.2.self_attn.attn
3607807640869399,3607807640873699,3607807641062030,3607807641701831,0,12,96,128,model.layers.3.self_attn.attn
3607807641999582,3607807642003732,3607807642201763,3607807642840275,0,12,96,1,model.layers.0.self_attn.swa_cache
3607807643129806,3607807643134086,3607807643322096,3607807643712718,0,12,96,1,model.layers.1.self_attn.swa_cache
3607807644082759,3607807644088799,3607807644365850,3607807644924511,0,12,96,1,model.layers.2.self_attn.compressor.state_cache
3607807645149212,3607807645154852,3607807645456953,3607807646005555,0,12,96,1,model.layers.2.self_attn.indexer.compressor.state_cache
3607807646400916,3607807646458826,3607807646727987,3607807647275859,0,12,96,1,model.layers.3.self_attn.compressor.state_cache
3607807702281737,3607807702873039,3607807703063910,3607807708735377,1,12,96,4,model.layers.2.self_attn.indexer.k_cache
3607807709054398,3607807709060768,3607807709382749,3607807710055041,0,12,96,4,model.layers.2.self_attn.attn
3607807710503373,3607807710510093,3607807710793604,3607807711750346,0,12,96,128,model.layers.3.self_attn.attn
3607807712200198,3607807712207168,3607807712497379,3607807713456082,0,12,96,1,model.layers.0.self_attn.swa_cache
3607807713889783,3607807713896683,3607807714184364,3607807714774856,0,12,96,1,model.layers.1.self_attn.swa_cache
3607807715192537,3607807715198867,3607807715483438,3607807716079060,0,12,96,1,model.layers.2.self_attn.compressor.state_cache
3607807716312020,3607807716318090,3607807716576961,3607807716964542,0,12,96,1,model.layers.2.self_attn.indexer.compressor.state_cache
3607807717239613,3607807717279743,3607807717471404,3607807717854485,0,12,96,1,model.layers.3.self_attn.compressor.state_cache
3607807770836778,3607807771435610,3607807771627860,3607807777168567,1,12,96,4,model.layers.2.self_attn.indexer.k_cache
3607807777419288,3607807777423488,3607807777635479,3607807778085790,0,12,96,4,model.layers.2.self_attn.attn
3607807778379811,3607807778384181,3607807778572532,3607807779208593,0,12,96,128,model.layers.3.self_attn.attn
3607807779498734,3607807779502964,3607807779691595,3607807780334017,0,12,96,1,model.layers.0.self_attn.swa_cache
3607807780632408,3607807780636768,3607807780825138,3607807781211150,0,12,96,1,model.layers.1.self_attn.swa_cache
3607807781626911,3607807781633311,3607807781916482,3607807782500324,0,12,96,1,model.layers.2.self_attn.compressor.state_cache
3607807782731104,3607807782737184,3607807783044605,3607807783620797,0,12,96,1,model.layers.2.self_attn.indexer.compressor.state_cache
3607807784044268,3607807784100999,3607807784393929,3607807784979651,0,12,96,1,model.layers.3.self_attn.compressor.state_cache
3607807839967950,3607807840576092,3607807840783112,3607807846069469,1,11,88,4,model.layers.2.self_attn.indexer.k_cache
3607807846383830,3607807846389410,3607807846710581,3607807847346743,0,11,88,4,model.layers.2.self_attn.attn
3607807847794804,3607807847801454,3607807848095835,3607807849020758,0,11,88,128,model.layers.3.self_attn.attn
3607807849471239,3607807849478279,3607807849764200,3607807850665223,0,11,88,1,model.layers.0.self_attn.swa_cache
3607807851085024,3607807851091624,3607807851363235,3607807851923137,0,11,88,1,model.layers.1.self_attn.swa_cache
3607807852374728,3607807852381528,3607807852657069,3607807853197781,0,11,88,1,model.layers.2.self_attn.compressor.state_cache
3607807853421361,3607807853427221,3607807853720632,3607807854227714,0,11,88,1,model.layers.2.self_attn.indexer.compressor.state_cache
3607807854528445,3607807854568115,3607807854762105,3607807855137127,0,11,88,1,model.layers.3.self_attn.compressor.state_cache
3607807989609869,3607807990216311,3607807990412402,3607807992532718,1,11,88,4,model.layers.2.self_attn.indexer.k_cache
3607807992784289,3607807992788209,3607807993003880,3607807993451371,0,11,88,4,model.layers.2.self_attn.attn
3607807993749912,3607807993754312,3607807993945533,3607807994580564,0,11,88,128,model.layers.3.self_attn.attn
3607807994887025,3607807994891215,3607807995078286,3607807995695918,0,11,88,1,model.layers.0.self_attn.swa_cache
3607807995981169,3607807995985659,3607807996201839,3607807996590931,0,11,88,1,model.layers.1.self_attn.swa_cache
3607807996875242,3607807996879232,3607807997065082,3607807997451323,0,11,88,1,model.layers.2.self_attn.compressor.state_cache
3607807997605554,3607807997609514,3607807997812774,3607807998192096,0,11,88,1,model.layers.2.self_attn.indexer.compressor.state_cache
3607807998470046,3607807998508807,3607807998695717,3607807999088458,0,11,88,1,model.layers.3.self_attn.compressor.state_cache
3607808059846305,3607808060590647,3607808060907848,3607808065705643,1,10,80,4,model.layers.2.self_attn.indexer.k_cache
3607808065939173,3607808065943143,3607808066153484,3607808066642516,0,10,80,4,model.layers.2.self_attn.attn
3607808067033657,3607808067039387,3607808067297928,3607808068194550,0,10,80,128,model.layers.3.self_attn.attn
3607808068595252,3607808068601182,3607808068859232,3607808069731995,0,10,80,1,model.layers.0.self_attn.swa_cache
3607808070113386,3607808070119986,3607808070388617,3607808070920489,0,10,80,1,model.layers.1.self_attn.swa_cache
3607808071289930,3607808071295660,3607808071667141,3607808072211813,0,10,80,1,model.layers.2.self_attn.compressor.state_cache
3607808072431913,3607808072437223,3607808072723534,3607808073241996,0,10,80,1,model.layers.2.self_attn.indexer.compressor.state_cache
3607808073613877,3607808073664097,3607808074028188,3607808074548620,0,10,80,1,model.layers.3.self_attn.compressor.state_cache
3607808205477292,3607808206001193,3607808206329124,3607808208215880,1,10,4256,4,model.layers.2.self_attn.indexer.k_cache
3607808208493081,3607808208497121,3607808208715672,3607808209152433,0,10,4256,4,model.layers.2.self_attn.attn
3607808209443804,3607808209448594,3607808209646354,3607808210347657,0,10,4256,128,model.layers.3.self_attn.attn
3607808210633568,3607808210637948,3607808210839308,3607808211467080,0,10,4256,1,model.layers.0.self_attn.swa_cache
3607808211747501,3607808211751721,3607808211946462,3607808212344153,0,10,4256,1,model.layers.1.self_attn.swa_cache
3607808212619784,3607808212624054,3607808212908915,3607808213289596,0,10,4256,1,model.layers.2.self_attn.compressor.state_cache
3607808213435996,3607808213439626,3607808213647787,3607808214023808,0,10,4256,1,model.layers.2.self_attn.indexer.compressor.state_cache
3607808214290769,3607808214333879,3607808214606290,3607808214987961,0,10,4256,1,model.layers.3.self_attn.compressor.state_cache
3607808607319685,3607808607917597,3607808608130767,3607808650605068,1,10,80,4,model.layers.2.self_attn.indexer.k_cache
3607808650943579,3607808650949229,3607808651297780,3607808651935972,0,10,80,4,model.layers.2.self_attn.attn
3607808652349203,3607808652355703,3607808652613254,3607808653472057,0,10,80,128,model.layers.3.self_attn.attn
3607808653852578,3607808653858738,3607808654116769,3607808654965071,0,10,80,1,model.layers.0.self_attn.swa_cache
3607808655355172,3607808655361142,3607808655614873,3607808656154745,0,10,80,1,model.layers.1.self_attn.swa_cache
3607808656530766,3607808656536816,3607808656788267,3607808657302588,0,10,80,1,model.layers.2.self_attn.compressor.state_cache
3607808657499839,3607808657505289,3607808657775270,3607808658294601,0,10,80,1,model.layers.2.self_attn.indexer.compressor.state_cache
3607808658657493,3607808658718733,3607808658966483,3607808659466235,0,10,80,1,model.layers.3.self_attn.compressor.state_cache
3607808719236418,3607808719594810,3607808719797020,3607808721566326,1,12,8096,4,model.layers.2.self_attn.indexer.k_cache
3607808721805826,3607808721809956,3607808722023677,3607808722459798,0,12,8096,4,model.layers.2.self_attn.attn
3607808722740089,3607808722744569,3607808722934100,3607808723575412,0,12,8096,128,model.layers.3.self_attn.attn
3607808723868693,3607808723873503,3607808724082203,3607808724709435,0,12,8096,1,model.layers.0.self_attn.swa_cache
3607808724992896,3607808724997336,3607808725185687,3607808725570198,0,12,8096,1,model.layers.1.self_attn.swa_cache
3607808725866619,3607808725871109,3607808726063539,3607808726441601,0,12,8096,1,model.layers.2.self_attn.compressor.state_cache
3607808726591161,3607808726594901,3607808726799972,3607808727178213,0,12,8096,1,model.layers.2.self_attn.indexer.compressor.state_cache
3607808727447604,3607808727489014,3607808727675584,3607808728062336,0,12,8096,1,model.layers.3.self_attn.compressor.state_cache
3607809231818302,3607809232339103,3607809232662154,3607809234518240,1,11,424,4,model.layers.2.self_attn.indexer.k_cache
3607809234773711,3607809234778261,3607809234993001,3607809235432733,0,11,424,4,model.layers.2.self_attn.attn
3607809235723554,3607809235727914,3607809235917954,3607809236557396,0,11,424,128,model.layers.3.self_attn.attn
3607809236834717,3607809236839507,3607809237025308,3607809237642820,0,11,424,1,model.layers.0.self_attn.swa_cache
3607809237923650,3607809237928320,3607809238116451,3607809238488812,0,11,424,1,model.layers.1.self_attn.swa_cache
3607809238756643,3607809238760933,3607809239032984,3607809239409135,0,11,424,1,model.layers.2.self_attn.compressor.state_cache
3607809239558025,3607809239561865,3607809239765106,3607809240161417,0,11,424,1,model.layers.2.self_attn.indexer.compressor.state_cache
3607809240431968,3607809240484048,3607809240762069,3607809241147410,0,11,424,1,model.layers.3.self_attn.compressor.state_cache
3607809638505010,3607809638888271,3607809639093172,3607809640694417,1,10,4256,4,model.layers.2.self_attn.indexer.k_cache
3607809640948407,3607809640952737,3607809641163428,3607809641609349,0,10,4256,4,model.layers.2.self_attn.attn
3607809641893870,3607809641898250,3607809642081111,3607809642614502,0,10,4256,128,model.layers.3.self_attn.attn
3607809642884863,3607809642889473,3607809643075754,3607809643600715,0,10,4256,1,model.layers.0.self_attn.swa_cache
3607809643864546,3607809643868686,3607809644073167,3607809644450408,0,10,4256,1,model.layers.1.self_attn.swa_cache
3607809644715579,3607809644720129,3607809644909140,3607809645279951,0,10,4256,1,model.layers.2.self_attn.compressor.state_cache
3607809645425101,3607809645428771,3607809645634512,3607809646008123,0,10,4256,1,model.layers.2.self_attn.indexer.compressor.state_cache
3607809646269694,3607809646311284,3607809646497764,3607809646878406,0,10,4256,1,model.layers.3.self_attn.compressor.state_cache
3607810075103510,3607810075619102,3607810075952353,3607810077775318,1,11,4264,4,model.layers.2.self_attn.indexer.k_cache
3607810078016779,3607810078020919,3607810078234830,3607810078670921,0,11,4264,4,model.layers.2.self_attn.attn
3607810078952732,3607810078957072,3607810079146802,3607810079762874,0,11,4264,128,model.layers.3.self_attn.attn
3607810080051155,3607810080055925,3607810080244236,3607810080863068,0,11,4264,1,model.layers.0.self_attn.swa_cache
3607810081147958,3607810081152328,3607810081341169,3607810081718010,0,11,4264,1,model.layers.1.self_attn.swa_cache
3607810081983551,3607810081987771,3607810082262252,3607810082639313,0,11,4264,1,model.layers.2.self_attn.compressor.state_cache
3607810082789354,3607810082793744,3607810083002344,3607810083381095,0,11,4264,1,model.layers.2.self_attn.indexer.compressor.state_cache
3607810083644536,3607810083690196,3607810083961277,3607810084350118,0,11,4264,1,model.layers.3.self_attn.compressor.state_cache
3607810522098452,3607810522474573,3607810522687324,3607810524290939,1,11,4264,4,model.layers.2.self_attn.indexer.k_cache
3607810524537929,3607810524541749,3607810524754610,3607810525190441,0,11,4264,4,model.layers.2.self_attn.attn
3607810525472602,3607810525476912,3607810525666253,3607810526206995,0,11,4264,128,model.layers.3.self_attn.attn
3607810526481015,3607810526485135,3607810526670936,3607810527204798,0,11,4264,1,model.layers.0.self_attn.swa_cache
3607810527476848,3607810527481268,3607810527667549,3607810528059960,0,11,4264,1,model.layers.1.self_attn.swa_cache
3607810528325691,3607810528330141,3607810528517822,3607810528903963,0,11,4264,1,model.layers.2.self_attn.compressor.state_cache
3607810529048753,3607810529052663,3607810529253994,3607810529633175,0,11,4264,1,model.layers.2.self_attn.indexer.compressor.state_cache
3607810529917726,3607810529964416,3607810530148217,3607810530518308,0,11,4264,1,model.layers.3.self_attn.compressor.state_cache
3607810974139329,3607810974735511,3607810974924832,3607811014863964,1,11,88,4,model.layers.2.self_attn.indexer.k_cache
3607811015241466,3607811015248496,3607811015603057,3607811016372039,0,11,88,4,model.layers.2.self_attn.attn
3607811016855261,3607811016862971,3607811017172812,3607811018209895,0,11,88,128,model.layers.3.self_attn.attn
3607811018672826,3607811018680386,3607811018990117,3607811020033170,0,11,88,1,model.layers.0.self_attn.swa_cache
3607811020496512,3607811020504182,3607811020815243,3607811021282094,0,11,88,1,model.layers.1.self_attn.swa_cache
3607811021581365,3607811021586305,3607811021794956,3607811022215347,0,11,88,1,model.layers.2.self_attn.compressor.state_cache
3607811022378778,3607811022383238,3607811022602028,3607811023018880,0,11,88,1,model.layers.2.self_attn.indexer.compressor.state_cache
3607811023309110,3607811023363501,3607811023568011,3607811023986032,0,11,88,1,model.layers.3.self_attn.compressor.state_cache
3607811082183661,3607811082684973,3607811083007474,3607811084759379,1,12,4272,4,model.layers.2.self_attn.indexer.k_cache
3607811084985790,3607811084989620,3607811085202570,3607811085628462,0,12,4272,4,model.layers.2.self_attn.attn
3607811085914033,3607811085918723,3607811086109993,3607811086746575,0,12,4272,128,model.layers.3.self_attn.attn
3607811087027406,3607811087031626,3607811087227757,3607811087852299,0,12,4272,1,model.layers.0.self_attn.swa_cache
3607811088148949,3607811088153399,3607811088347970,3607811088735691,0,12,4272,1,model.layers.1.self_attn.swa_cache
3607811089007872,3607811089012182,3607811089287623,3607811089681504,0,12,4272,1,model.layers.2.self_attn.compressor.state_cache
3607811089832105,3607811089836025,3607811090041745,3607811090423616,0,12,4272,1,model.layers.2.self_attn.indexer.compressor.state_cache
3607811090689757,3607811090730237,3607811091005498,3607811091384839,0,12,4272,1,model.layers.3.self_attn.compressor.state_cache
3607811485813660,3607811486406312,3607811486591423,3607811529585274,1,12,96,4,model.layers.2.self_attn.indexer.k_cache
3607811529905215,3607811529910705,3607811530179336,3607811530733458,0,12,96,4,model.layers.2.self_attn.attn
3607811531094719,3607811531101029,3607811531332790,3607811532049612,0,12,96,128,model.layers.3.self_attn.attn
3607811532407243,3607811532412853,3607811532649704,3607811533576667,0,12,96,1,model.layers.0.self_attn.swa_cache
3607811534063218,3607811534071528,3607811534407189,3607811535075051,0,12,96,1,model.layers.1.self_attn.swa_cache
3607811535529753,3607811535537643,3607811535831174,3607811536485956,0,12,96,1,model.layers.2.self_attn.compressor.state_cache
3607811536745956,3607811536752916,3607811537085067,3607811537699899,0,12,96,1,model.layers.2.self_attn.indexer.compressor.state_cache
3607811538160811,3607811538251721,3607811538545022,3607811539229124,0,12,96,1,model.layers.3.self_attn.compressor.state_cache
3607811596084559,3607811596679020,3607811596869331,3607811602247327,1,11,88,4,model.layers.2.self_attn.indexer.k_cache
3607811602503528,3607811602507668,3607811602719779,3607811603165440,0,11,88,4,model.layers.2.self_attn.attn
3607811603447191,3607811603451421,3607811603641082,3607811604278344,0,11,88,128,model.layers.3.self_attn.attn
3607811604561775,3607811604565995,3607811604755145,3607811605374147,0,11,88,1,model.layers.0.self_attn.swa_cache
3607811605795818,3607811605802268,3607811606088309,3607811606681671,0,11,88,1,model.layers.1.self_attn.swa_cache
3607811607084582,3607811607091412,3607811607375133,3607811607963615,0,11,88,1,model.layers.2.self_attn.compressor.state_cache
3607811608198846,3607811608204746,3607811608521717,3607811609100659,0,11,88,1,model.layers.2.self_attn.indexer.compressor.state_cache
3607811609506010,3607811609564210,3607811609848741,3607811610432663,0,11,88,1,model.layers.3.self_attn.compressor.state_cache
3607811662820893,3607811663409015,3607811663598746,3607811668753892,1,10,80,4,model.layers.2.self_attn.indexer.k_cache
3607811669026083,3607811669030183,3607811669242403,3607811669683785,0,10,80,4,model.layers.2.self_attn.attn
3607811669969905,3607811669974105,3607811670162826,3607811670985779,0,10,80,128,model.layers.3.self_attn.attn
3607811671380810,3607811671386810,3607811671652051,3607811672570913,0,10,80,1,model.layers.0.self_attn.swa_cache
3607811672968415,3607811672974855,3607811673244125,3607811673806897,0,10,80,1,model.layers.1.self_attn.swa_cache
3607811674190528,3607811674196598,3607811674464629,3607811675010731,0,10,80,1,model.layers.2.self_attn.compressor.state_cache
3607811675239502,3607811675245382,3607811675537512,3607811676108324,0,10,80,1,model.layers.2.self_attn.indexer.compressor.state_cache
3607811676490795,3607811676545506,3607811676816066,3607811677360248,0,10,80,1,model.layers.3.self_attn.compressor.state_cache
3607811727536392,3607811728270884,3607811728573405,3607811733064499,1,9,72,4,model.layers.2.self_attn.indexer.k_cache
3607811733299660,3607811733303610,3607811733518711,3607811733956182,0,9,72,4,model.layers.2.self_attn.attn
3607811734262083,3607811734266683,3607811734454613,3607811735077795,0,9,72,128,model.layers.3.self_attn.attn
3607811735445026,3607811735451276,3607811735689647,3607811736485150,0,9,72,1,model.layers.0.self_attn.swa_cache
3607811736836811,3607811736842421,3607811737079131,3607811737562253,0,9,72,1,model.layers.1.self_attn.swa_cache
3607811737930804,3607811737936064,3607811738270275,3607811738750387,0,9,72,1,model.layers.2.self_attn.compressor.state_cache
3607811738941447,3607811738946367,3607811739200538,3607811739686919,0,9,72,1,model.layers.2.self_attn.indexer.compressor.state_cache
3607811740062791,3607811740111101,3607811740450862,3607811740940233,0,9,72,1,model.layers.3.self_attn.compressor.state_cache
3607811871061183,3607811871781185,3607811872063466,3607811874393253,1,7,56,4,model.layers.2.self_attn.indexer.k_cache
3607811874638484,3607811874642564,3607811874858474,3607811875296646,0,7,56,4,model.layers.2.self_attn.attn
3607811875602417,3607811875607417,3607811875793917,3607811876445909,0,7,56,128,model.layers.3.self_attn.attn
3607811876749440,3607811876754570,3607811876941651,3607811877567033,0,7,56,1,model.layers.0.self_attn.swa_cache
3607811877842754,3607811877846984,3607811878034464,3607811878418125,0,7,56,1,model.layers.1.self_attn.swa_cache
3607811878708346,3607811878712866,3607811878978557,3607811879360878,0,7,56,1,model.layers.2.self_attn.compressor.state_cache
3607811879511239,3607811879515389,3607811879717429,3607811880109001,0,7,56,1,model.layers.2.self_attn.indexer.compressor.state_cache
3607811880398231,3607811880438812,3607811880700302,3607811881080383,0,7,56,1,model.layers.3.self_attn.compressor.state_cache
3607811992383395,3607811992893077,3607811993213398,3607811994974123,1,8,4240,4,model.layers.2.self_attn.indexer.k_cache
3607811995209164,3607811995213484,3607811995419334,3607811995849856,0,8,4240,4,model.layers.2.self_attn.attn
3607811996143777,3607811996148107,3607811996336397,3607811996971849,0,8,4240,128,model.layers.3.self_attn.attn
3607811997254000,3607811997258270,3607811997445921,3607811998064123,0,8,4240,1,model.layers.0.self_attn.swa_cache
3607811998341803,3607811998346193,3607811998536144,3607811998914265,0,8,4240,1,model.layers.1.self_attn.swa_cache
3607811999183326,3607811999187646,3607811999458607,3607811999842028,0,8,4240,1,model.layers.2.self_attn.compressor.state_cache
3607811999991578,3607811999995549,3607812000208679,3607812000586520,0,8,4240,1,model.layers.2.self_attn.indexer.compressor.state_cache
3607812000858181,3607812000901791,3607812001175532,3607812001561273,0,8,4240,1,model.layers.3.self_attn.compressor.state_cache
3607812409838627,3607812410345608,3607812410670149,3607812412468265,1,9,4248,4,model.layers.2.self_attn.indexer.k_cache
3607812412708675,3607812412713015,3607812412923956,3607812413350027,0,9,4248,4,model.layers.2.self_attn.attn
3607812413631728,3607812413636198,3607812413827699,3607812414452731,0,9,4248,128,model.layers.3.self_attn.attn
3607812414728782,3607812414733262,3607812414922452,3607812415535804,0,9,4248,1,model.layers.0.self_attn.swa_cache
3607812415827745,3607812415831925,3607812416028156,3607812416407367,0,9,4248,1,model.layers.1.self_attn.swa_cache
3607812416676998,3607812416681288,3607812416949788,3607812417332100,0,9,4248,1,model.layers.2.self_attn.compressor.state_cache
3607812417479650,3607812417483580,3607812417690261,3607812418069172,0,9,4248,1,model.layers.2.self_attn.indexer.compressor.state_cache
3607812418338253,3607812418382993,3607812418652144,3607812419034645,0,9,4248,1,model.layers.3.self_attn.compressor.state_cache
3607812863739170,3607812864123451,3607812864327182,3607812866122607,1,11,8096,4,model.layers.2.self_attn.indexer.k_cache
3607812866366178,3607812866370408,3607812866580709,3607812867010280,0,11,8096,4,model.layers.2.self_attn.attn
3607812867290381,3607812867294851,3607812867485362,3607812868130354,0,11,8096,128,model.layers.3.self_attn.attn
3607812868409974,3607812868414304,3607812868602185,3607812869220657,0,11,8096,1,model.layers.0.self_attn.swa_cache
3607812869492388,3607812869496778,3607812869680128,3607812870059159,0,11,8096,1,model.layers.1.self_attn.swa_cache
3607812870322970,3607812870327290,3607812870513351,3607812870889152,0,11,8096,1,model.layers.2.self_attn.compressor.state_cache
3607812871036072,3607812871039812,3607812871274033,3607812871652024,0,11,8096,1,model.layers.2.self_attn.indexer.compressor.state_cache
3607812871915475,3607812871961375,3607812872160836,3607812872533027,0,11,8096,1,model.layers.3.self_attn.compressor.state_cache
3607813399886576,3607813400442968,3607813400787219,3607813402574864,1,12,4600,4,model.layers.2.self_attn.indexer.k_cache
3607813402819265,3607813402823505,3607813403038996,3607813403474207,0,12,4600,4,model.layers.2.self_attn.attn
3607813403761488,3607813403765948,3607813403953599,3607813404596000,0,12,4600,128,model.layers.3.self_attn.attn
3607813404880001,3607813404884351,3607813405073132,3607813405690584,0,12,4600,1,model.layers.0.self_attn.swa_cache
3607813405965925,3607813405970225,3607813406157815,3607813406542046,0,12,4600,1,model.layers.1.self_attn.swa_cache
3607813406806977,3607813406811247,3607813407086368,3607813407465919,0,12,4600,1,model.layers.2.self_attn.compressor.state_cache
3607813407614010,3607813407618110,3607813407822970,3607813408221662,0,12,4600,1,model.layers.2.self_attn.indexer.compressor.state_cache
3607813408487072,3607813408535433,3607813408805453,3607813409189195,0,12,4600,1,model.layers.3.self_attn.compressor.state_cache
3607813798726830,3607813799313752,3607813799500323,3607813842239674,1,12,96,4,model.layers.2.self_attn.indexer.k_cache
3607813842542585,3607813842547365,3607813842801466,3607813843319897,0,12,96,4,model.layers.2.self_attn.attn
3607813843659138,3607813843664368,3607813843878629,3607813844630281,0,12,96,128,model.layers.3.self_attn.attn
3607813844951912,3607813844957142,3607813845172613,3607813845890815,0,12,96,1,model.layers.0.self_attn.swa_cache
3607813846228896,3607813846233776,3607813846446237,3607813846995789,0,12,96,1,model.layers.1.self_attn.swa_cache
3607813847376560,3607813847382900,3607813847643341,3607813848206762,0,12,96,1,model.layers.2.self_attn.compressor.state_cache
3607813848416353,3607813848422103,3607813848716574,3607813849266126,0,12,96,1,model.layers.2.self_attn.indexer.compressor.state_cache
3607813849648337,3607813849716387,3607813849989838,3607813850537030,0,12,96,1,model.layers.3.self_attn.compressor.state_cache
3607813908333577,3607813908923859,3607813909112209,3607813914573856,1,12,96,4,model.layers.2.self_attn.indexer.k_cache
3607813914831587,3607813914836047,3607813915056128,3607813915519619,0,12,96,4,model.layers.2.self_attn.attn
3607813915816850,3607813915821910,3607813916039011,3607813916621242,0,12,96,128,model.layers.3.self_attn.attn
3607813916917243,3607813916921743,3607813917119044,3607813917689486,0,12,96,1,model.layers.0.self_attn.swa_cache
3607813917983617,3607813917988367,3607813918198107,3607813918600259,0,12,96,1,model.layers.1.self_attn.swa_cache
3607813918886459,3607813918890879,3607813919081500,3607813919570322,0,12,96,1,model.layers.2.self_attn.compressor.state_cache
3607813919795682,3607813919800992,3607813920076633,3607813920587915,0,12,96,1,model.layers.2.self_attn.indexer.compressor.state_cache
3607813920944556,3607813920992986,3607813921238397,3607813921750378,0,12,96,1,model.layers.3.self_attn.compressor.state_cache
3607813974566720,3607813975142742,3607813975324433,3607813980800889,1,12,96,4,model.layers.2.self_attn.indexer.k_cache
3607813981034150,3607813981038140,3607813981242141,3607813981677322,0,12,96,4,model.layers.2.self_attn.attn
3607813981954143,3607813981958583,3607813982137294,3607813982660345,0,12,96,128,model.layers.3.self_attn.attn
3607813982931626,3607813982935936,3607813983117767,3607813983640628,0,12,96,1,model.layers.0.self_attn.swa_cache
3607813983907119,3607813983911559,3607813984223900,3607813984826172,0,12,96,1,model.layers.1.self_attn.swa_cache
3607813985244893,3607813985251423,3607813985540164,3607813986131486,0,12,96,1,model.layers.2.self_attn.compressor.state_cache
3607813986369817,3607813986375647,3607813986678978,3607813987264119,0,12,96,1,model.layers.2.self_attn.indexer.compressor.state_cache
3607813987675621,3607813987732501,3607813988026792,3607813988611663,0,12,96,1,model.layers.3.self_attn.compressor.state_cache
3607814040800554,3607814041366235,3607814041549726,3607814047145723,1,12,96,4,model.layers.2.self_attn.indexer.k_cache
3607814047376624,3607814047380704,3607814047579815,3607814048023676,0,12,96,4,model.layers.2.self_attn.attn
3607814048303497,3607814048307967,3607814048486977,3607814049457330,0,12,96,128,model.layers.3.self_attn.attn
3607814049856252,3607814049862842,3607814050127382,3607814051009465,0,12,96,1,model.layers.0.self_attn.swa_cache
3607814051399586,3607814051405816,3607814051664967,3607814052222529,0,12,96,1,model.layers.1.self_attn.swa_cache
3607814052610560,3607814052616490,3607814052870681,3607814053408392,0,12,96,1,model.layers.2.self_attn.compressor.state_cache
3607814053621083,3607814053626723,3607814053903744,3607814054442496,0,12,96,1,model.layers.2.self_attn.indexer.compressor.state_cache
3607814054820097,3607814054873027,3607814055131038,3607814055669739,0,12,96,1,model.layers.3.self_attn.compressor.state_cache
3607814106505205,3607814107072887,3607814107257898,3607814112840275,1,12,96,4,model.layers.2.self_attn.indexer.k_cache
3607814113069426,3607814113073346,3607814113274246,3607814113923168,0,12,96,4,model.layers.2.self_attn.attn
3607814114343409,3607814114350030,3607814114628560,3607814115558373,0,12,96,128,model.layers.3.self_attn.attn
3607814115976205,3607814115982795,3607814116282135,3607814117207818,0,12,96,1,model.layers.0.self_attn.swa_cache
3607814117619150,3607814117626080,3607814117902040,3607814118481392,0,12,96,1,model.layers.1.self_attn.swa_cache
3607814118885243,3607814118891783,3607814119164884,3607814119737066,0,12,96,1,model.layers.2.self_attn.compressor.state_cache
3607814119962787,3607814119968987,3607814120276628,3607814120849559,0,12,96,1,model.layers.2.self_attn.indexer.compressor.state_cache
3607814121258221,3607814121314981,3607814121558072,3607814121932083,0,12,96,1,model.layers.3.self_attn.compressor.state_cache
3607814172456098,3607814173021780,3607814173207370,3607814178979348,1,12,96,4,model.layers.2.self_attn.indexer.k_cache
3607814179276099,3607814179281819,3607814179567310,3607814180200172,0,12,96,4,model.layers.2.self_attn.attn
3607814180601853,3607814180608753,3607814180872764,3607814181764326,0,12,96,128,model.layers.3.self_attn.attn
3607814182158038,3607814182164178,3607814182423739,3607814183321891,0,12,96,1,model.layers.0.self_attn.swa_cache
3607814183714452,3607814183720813,3607814183980633,3607814184537305,0,12,96,1,model.layers.1.self_attn.swa_cache
3607814184922146,3607814184928336,3607814185189077,3607814185733889,0,12,96,1,model.layers.2.self_attn.compressor.state_cache
3607814185948299,3607814185953769,3607814186292070,3607814186669462,0,12,96,1,model.layers.2.self_attn.indexer.compressor.state_cache
3607814186937442,3607814186976142,3607814187158233,3607814187529624,0,12,96,1,model.layers.3.self_attn.compressor.state_cache
3607814238377770,3607814238944322,3607814239122953,3607814244688160,1,12,96,4,model.layers.2.self_attn.indexer.k_cache
3607814244980271,3607814244984991,3607814245227301,3607814245746873,0,12,96,4,model.layers.2.self_attn.attn
3607814246076944,3607814246082094,3607814246300135,3607814246940637,0,12,96,128,model.layers.3.self_attn.attn
3607814247270608,3607814247275578,3607814247494288,3607814248140540,0,12,96,1,model.layers.0.self_attn.swa_cache
3607814248470951,3607814248476001,3607814248693092,3607814249142683,0,12,96,1,model.layers.1.self_attn.swa_cache
3607814249462084,3607814249466974,3607814249684335,3607814250136446,0,12,96,1,model.layers.2.self_attn.compressor.state_cache
3607814250318587,3607814250323387,3607814250556958,3607814251005629,0,12,96,1,model.layers.2.self_attn.indexer.compressor.state_cache
3607814251364330,3607814251404860,3607814251605511,3607814252034212,0,12,96,1,model.layers.3.self_attn.compressor.state_cache
3607814304351003,3607814304929755,3607814305117905,3607814310609722,1,12,96,4,model.layers.2.self_attn.indexer.k_cache
3607814310871183,3607814310875953,3607814311122104,3607814311633915,0,12,96,4,model.layers.2.self_attn.attn
3607814311968366,3607814311973436,3607814312214987,3607814312861779,0,12,96,128,model.layers.3.self_attn.attn
3607814313202070,3607814313207300,3607814313430561,3607814314054073,0,12,96,1,model.layers.0.self_attn.swa_cache
3607814314384914,3607814314390314,3607814314614134,3607814315069146,0,12,96,1,model.layers.1.self_attn.swa_cache
3607814315393147,3607814315397987,3607814315613877,3607814316076449,0,12,96,1,model.layers.2.self_attn.compressor.state_cache
3607814316307290,3607814316311870,3607814316556550,3607814317033942,0,12,96,1,model.layers.2.self_attn.indexer.compressor.state_cache
3607814317371173,3607814317418473,3607814317644984,3607814318119305,0,12,96,1,model.layers.3.self_attn.compressor.state_cache
3607814370800157,3607814371369809,3607814371557119,3607814377131176,1,12,96,4,model.layers.2.self_attn.indexer.k_cache
3607814377357667,3607814377361527,3607814377565878,3607814377997889,0,12,96,4,model.layers.2.self_attn.attn
3607814378276230,3607814378280480,3607814378466760,3607814379085062,0,12,96,128,model.layers.3.self_attn.attn
3607814379379343,3607814379383623,3607814379565774,3607814380183426,0,12,96,1,model.layers.0.self_attn.swa_cache
3607814380459137,3607814380463707,3607814380641997,3607814381013328,0,12,96,1,model.layers.1.self_attn.swa_cache
3607814381281029,3607814381285079,3607814381536070,3607814382110902,0,12,96,1,model.layers.2.self_attn.compressor.state_cache
3607814382335432,3607814382341392,3607814382636813,3607814383205445,0,12,96,1,model.layers.2.self_attn.indexer.compressor.state_cache
3607814383610686,3607814383667716,3607814383941757,3607814384533639,0,12,96,1,model.layers.3.self_attn.compressor.state_cache
3607814437560112,3607814438132174,3607814438312544,3607814443717471,1,12,96,4,model.layers.2.self_attn.indexer.k_cache
3607814443946791,3607814443950801,3607814444174852,3607814444608833,0,12,96,4,model.layers.2.self_attn.attn
3607814444911914,3607814444916424,3607814445099725,3607814445720017,0,12,96,128,model.layers.3.self_attn.attn
3607814445998648,3607814446003068,3607814446186658,3607814446801330,0,12,96,1,model.layers.0.self_attn.swa_cache
3607814447260302,3607814447267062,3607814447542592,3607814448131054,0,12,96,1,model.layers.1.self_attn.swa_cache
3607814448538966,3607814448545186,3607814448818806,3607814449392528,0,12,96,1,model.layers.2.self_attn.compressor.state_cache
3607814449621389,3607814449627219,3607814449922660,3607814450485732,0,12,96,1,model.layers.2.self_attn.indexer.compressor.state_cache
3607814450890673,3607814450948753,3607814451224334,3607814451797726,0,12,96,1,model.layers.3.self_attn.compressor.state_cache
3607814503395054,3607814503962806,3607814504154346,3607814509548843,1,12,96,4,model.layers.2.self_attn.indexer.k_cache
3607814509769674,3607814509773554,3607814509976014,3607814510415185,0,12,96,4,model.layers.2.self_attn.attn
3607814510694226,3607814510698666,3607814510881287,3607814511409999,0,12,96,128,model.layers.3.self_attn.attn
3607814511712579,3607814511716899,3607814511948480,3607814512791633,0,12,96,1,model.layers.0.self_attn.swa_cache
3607814513217594,3607814513224314,3607814513507465,3607814514100467,0,12,96,1,model.layers.1.self_attn.swa_cache
3607814514518588,3607814514525208,3607814514817139,3607814515404361,0,12,96,1,model.layers.2.self_attn.compressor.state_cache
3607814515639612,3607814515645782,3607814515947743,3607814516563624,0,12,96,1,model.layers.2.self_attn.indexer.compressor.state_cache
3607814516980756,3607814517037926,3607814517323157,3607814517918069,0,12,96,1,model.layers.3.self_attn.compressor.state_cache
3607814569832938,3607814570399200,3607814570583020,3607814575402105,1,12,96,4,model.layers.2.self_attn.indexer.k_cache
3607814575637636,3607814575641686,3607814575844696,3607814576340898,0,12,96,4,model.layers.2.self_attn.attn
3607814576617089,3607814576621509,3607814576911170,3607814577793932,0,12,96,128,model.layers.3.self_attn.attn
3607814578254114,3607814578261524,3607814578576745,3607814579459337,0,12,96,1,model.layers.0.self_attn.swa_cache
3607814579907949,3607814579915769,3607814580232140,3607814580861352,0,12,96,1,model.layers.1.self_attn.swa_cache
3607814581305393,3607814581313873,3607814581611124,3607814582242936,0,12,96,1,model.layers.2.self_attn.compressor.state_cache
3607814582494517,3607814582500837,3607814582827908,3607814583468140,0,12,96,1,model.layers.2.self_attn.indexer.compressor.state_cache
3607814583904481,3607814583966621,3607814584289632,3607814584934924,0,12,96,1,model.layers.3.self_attn.compressor.state_cache
3607814639538682,3607814640134604,3607814640317204,3607814645904201,1,12,96,4,model.layers.2.self_attn.indexer.k_cache
3607814646138432,3607814646142422,3607814646347223,3607814646780534,0,12,96,4,model.layers.2.self_attn.attn
3607814647062825,3607814647067375,3607814647251626,3607814647870908,0,12,96,128,model.layers.3.self_attn.attn
3607814648178548,3607814648182858,3607814648368529,3607814648982911,0,12,96,1,model.layers.0.self_attn.swa_cache
3607814649259372,3607814649263862,3607814649446932,3607814649824184,0,12,96,1,model.layers.1.self_attn.swa_cache
3607814650267985,3607814650274695,3607814650549126,3607814651119868,0,12,96,1,model.layers.2.self_attn.compressor.state_cache
3607814651344968,3607814651350908,3607814651655809,3607814652245151,0,12,96,1,model.layers.2.self_attn.indexer.compressor.state_cache
3607814652655012,3607814652710822,3607814652982253,3607814653549855,0,12,96,1,model.layers.3.self_attn.compressor.state_cache
3607814708406003,3607814708986245,3607814709171486,3607814714754853,1,12,96,4,model.layers.2.self_attn.indexer.k_cache
3607814715078684,3607814715084794,3607814715407395,3607814716115537,0,12,96,4,model.layers.2.self_attn.attn
3607814716552838,3607814716559828,3607814716848359,3607814717686032,0,12,96,128,model.layers.3.self_attn.attn
3607814718119463,3607814718126413,3607814718415324,3607814719268857,0,12,96,1,model.layers.0.self_attn.swa_cache
3607814719694198,3607814719701338,3607814719988679,3607814720597251,0,12,96,1,model.layers.1.self_attn.swa_cache
3607814721015392,3607814721022552,3607814721305303,3607814721888485,0,12,96,1,model.layers.2.self_attn.compressor.state_cache
3607814722121826,3607814722127816,3607814722435286,3607814722917478,0,12,96,1,model.layers.2.self_attn.indexer.compressor.state_cache
3607814723186309,3607814723222889,3607814723405189,3607814723776001,0,12,96,1,model.layers.3.self_attn.compressor.state_cache
3607814775506969,3607814776099841,3607814776293002,3607814781819889,1,12,96,4,model.layers.2.self_attn.indexer.k_cache
3607814782078080,3607814782082810,3607814782327800,3607814782864832,0,12,96,4,model.layers.2.self_attn.attn
3607814783201143,3607814783206503,3607814783427814,3607814784090966,0,12,96,128,model.layers.3.self_attn.attn
3607814784421997,3607814784427157,3607814784651837,3607814785289309,0,12,96,1,model.layers.0.self_attn.swa_cache
3607814785616130,3607814785621690,3607814785852021,3607814786306333,0,12,96,1,model.layers.1.self_attn.swa_cache
3607814786629144,3607814786634204,3607814786853984,3607814787311046,0,12,96,1,model.layers.2.self_attn.compressor.state_cache
3607814787517886,3607814787522636,3607814787763207,3607814788237419,0,12,96,1,model.layers.2.self_attn.indexer.compressor.state_cache
3607814788560299,3607814788604320,3607814788823770,3607814789276892,0,12,96,1,model.layers.3.self_attn.compressor.state_cache
3607814843086677,3607814843657529,3607814843841729,3607814849314036,1,12,96,4,model.layers.2.self_attn.indexer.k_cache
3607814849541307,3607814849545457,3607814849748437,3607814850178019,0,12,96,4,model.layers.2.self_attn.attn
3607814850460040,3607814850464450,3607814850646660,3607814851177762,0,12,96,128,model.layers.3.self_attn.attn
3607814851453623,3607814851458003,3607814851641913,3607814852391595,0,12,96,1,model.layers.0.self_attn.swa_cache
3607814852821777,3607814852828537,3607814853114188,3607814853701299,0,12,96,1,model.layers.1.self_attn.swa_cache
3607814854121421,3607814854127811,3607814854409902,3607814855007414,0,12,96,1,model.layers.2.self_attn.compressor.state_cache
3607814855246064,3607814855251974,3607814855559425,3607814856180987,0,12,96,1,model.layers.2.self_attn.indexer.compressor.state_cache
3607814856601228,3607814856655969,3607814856939579,3607814857535561,0,12,96,1,model.layers.3.self_attn.compressor.state_cache
3607814910659524,3607814911235186,3607814911418807,3607814916961714,1,12,96,4,model.layers.2.self_attn.indexer.k_cache
3607814917185654,3607814917189484,3607814917479285,3607814918140837,0,12,96,4,model.layers.2.self_attn.attn
3607814918562129,3607814918568549,3607814918849940,3607814919800812,0,12,96,128,model.layers.3.self_attn.attn
3607814920289954,3607814920296604,3607814920574505,3607814921501658,0,12,96,1,model.layers.0.self_attn.swa_cache
3607814921919679,3607814921926249,3607814922208100,3607814922779442,0,12,96,1,model.layers.1.self_attn.swa_cache
3607814923190723,3607814923197073,3607814923478284,3607814924081436,0,12,96,1,model.layers.2.self_attn.compressor.state_cache
3607814924310506,3607814924315826,3607814924615917,3607814925202249,0,12,96,1,model.layers.2.self_attn.indexer.compressor.state_cache
3607814925616290,3607814925655620,3607814925839881,3607814926223692,0,12,96,1,model.layers.3.self_attn.compressor.state_cache
3607814978113751,3607814978693833,3607814978880334,3607814984654132,1,12,96,4,model.layers.2.self_attn.indexer.k_cache
3607814984916442,3607814984921352,3607814985185563,3607814985740775,0,12,96,4,model.layers.2.self_attn.attn
3607814986097896,3607814986103386,3607814986337027,3607814987123139,0,12,96,128,model.layers.3.self_attn.attn
3607814987477260,3607814987482740,3607814987716221,3607814988532493,0,12,96,1,model.layers.0.self_attn.swa_cache
3607814988887655,3607814988892885,3607814989124095,3607814989602817,0,12,96,1,model.layers.1.self_attn.swa_cache
3607814989944898,3607814989950038,3607814990182869,3607814990660730,0,12,96,1,model.layers.2.self_attn.compressor.state_cache
3607814990879231,3607814990883651,3607814991113291,3607814991549223,0,12,96,1,model.layers.2.self_attn.indexer.compressor.state_cache
3607814991865804,3607814991907904,3607814992136605,3607814992566036,0,12,96,1,model.layers.3.self_attn.compressor.state_cache
3607815045740719,3607815046320781,3607815046507451,3607815052043818,1,11,88,4,model.layers.2.self_attn.indexer.k_cache
3607815052276389,3607815052280489,3607815052487610,3607815052919751,0,11,88,4,model.layers.2.self_attn.attn
3607815053208082,3607815053212622,3607815053401303,3607815054020325,0,11,88,128,model.layers.3.self_attn.attn
3607815054299215,3607815054303665,3607815054488106,3607815055114618,0,11,88,1,model.layers.0.self_attn.swa_cache
3607815055532429,3607815055539769,3607815055826790,3607815056436532,0,11,88,1,model.layers.1.self_attn.swa_cache
3607815056849223,3607815056855763,3607815057134154,3607815057705136,0,11,88,1,model.layers.2.self_attn.compressor.state_cache
3607815057934087,3607815057940317,3607815058244368,3607815058813929,0,11,88,1,model.layers.2.self_attn.indexer.compressor.state_cache
3607815059221191,3607815059277901,3607815059555192,3607815060149013,0,11,88,1,model.layers.3.self_attn.compressor.state_cache
3607815110856539,3607815111443941,3607815111631431,3607815117005538,1,11,88,4,model.layers.2.self_attn.indexer.k_cache
3607815117236559,3607815117240729,3607815117448329,3607815117878591,0,11,88,4,model.layers.2.self_attn.attn
3607815118163091,3607815118167472,3607815118353652,3607815118988244,0,11,88,128,model.layers.3.self_attn.attn
3607815119268175,3607815119272625,3607815119459075,3607815120228848,0,11,88,1,model.layers.0.self_attn.swa_cache
3607815120628639,3607815120634709,3607815120896800,3607815121438052,0,11,88,1,model.layers.1.self_attn.swa_cache
3607815121824513,3607815121830453,3607815122092114,3607815122642185,0,11,88,1,model.layers.2.self_attn.compressor.state_cache
3607815122858826,3607815122864166,3607815123149057,3607815123685618,0,11,88,1,model.layers.2.self_attn.indexer.compressor.state_cache
3607815124093540,3607815124145800,3607815124442011,3607815125001043,0,11,88,1,model.layers.3.self_attn.compressor.state_cache
3607815175571338,3607815176157520,3607815176346990,3607815181706487,1,11,88,4,model.layers.2.self_attn.indexer.k_cache
3607815181929967,3607815181933667,3607815182148678,3607815182583179,0,11,88,4,model.layers.2.self_attn.attn
3607815182864120,3607815182868300,3607815183057401,3607815183679673,0,11,88,128,model.layers.3.self_attn.attn
3607815183958284,3607815183962564,3607815184176274,3607815184811646,0,11,88,1,model.layers.0.self_attn.swa_cache
3607815185090727,3607815185094857,3607815185281138,3607815185656849,0,11,88,1,model.layers.1.self_attn.swa_cache
3607815185990290,3607815185997780,3607815186291931,3607815186870752,0,11,88,1,model.layers.2.self_attn.compressor.state_cache
3607815187098113,3607815187104133,3607815187407184,3607815187985306,0,11,88,1,model.layers.2.self_attn.indexer.compressor.state_cache
3607815188416577,3607815188473037,3607815188753368,3607815189318450,0,11,88,1,model.layers.3.self_attn.compressor.state_cache
3607815241217349,3607815241782581,3607815241961192,3607815247360848,1,11,88,4,model.layers.2.self_attn.indexer.k_cache
3607815247593599,3607815247597559,3607815247806230,3607815248259341,0,11,88,4,model.layers.2.self_attn.attn
3607815248544482,3607815248548952,3607815248733652,3607815249371624,0,11,88,128,model.layers.3.self_attn.attn
3607815249654085,3607815249658455,3607815249843706,3607815250461238,0,11,88,1,model.layers.0.self_attn.swa_cache
3607815250740539,3607815250745219,3607815250930949,3607815251555491,0,11,88,1,model.layers.1.self_attn.swa_cache
3607815251964412,3607815251970372,3607815252255923,3607815252835605,0,11,88,1,model.layers.2.self_attn.compressor.state_cache
3607815253060776,3607815253066576,3607815253364287,3607815253928158,0,11,88,1,model.layers.2.self_attn.indexer.compressor.state_cache
3607815254337850,3607815254393970,3607815254669611,3607815255255232,0,11,88,1,model.layers.3.self_attn.compressor.state_cache
3607815309574559,3607815309932170,3607815310128781,3607815311691556,1,12,4272,4,model.layers.2.self_attn.indexer.k_cache
3607815311931436,3607815311935446,3607815312159967,3607815312594048,0,12,4272,4,model.layers.2.self_attn.attn
3607815312881479,3607815312885889,3607815313074850,3607815313625022,0,12,4272,128,model.layers.3.self_attn.attn
3607815313904073,3607815313908233,3607815314096503,3607815314629155,0,12,4272,1,model.layers.0.self_attn.swa_cache
3607815314902876,3607815314907286,3607815315093046,3607815315474297,0,12,4272,1,model.layers.1.self_attn.swa_cache
3607815315745378,3607815315750098,3607815315935509,3607815316332450,0,12,4272,1,model.layers.2.self_attn.compressor.state_cache
3607815316484060,3607815316487860,3607815316694601,3607815317070892,0,12,4272,1,model.layers.2.self_attn.indexer.compressor.state_cache
3607815317340323,3607815317380523,3607815317570194,3607815317954395,0,12,4272,1,model.layers.3.self_attn.compressor.state_cache
3607815705602405,3607815706185497,3607815706371338,3607815746474171,1,12,96,4,model.layers.2.self_attn.indexer.k_cache
3607815746807342,3607815746812652,3607815747108063,3607815747711624,0,12,96,4,model.layers.2.self_attn.attn
3607815748152296,3607815748159196,3607815748416117,3607815749274939,0,12,96,128,model.layers.3.self_attn.attn
3607815749688981,3607815749695351,3607815749949971,3607815750820384,0,12,96,1,model.layers.0.self_attn.swa_cache
3607815751191105,3607815751197285,3607815751452816,3607815751976638,0,12,96,1,model.layers.1.self_attn.swa_cache
3607815752357159,3607815752363279,3607815752617210,3607815753145261,0,12,96,1,model.layers.2.self_attn.compressor.state_cache
3607815753351642,3607815753356702,3607815753712123,3607815754092164,0,12,96,1,model.layers.2.self_attn.indexer.compressor.state_cache
3607815754362845,3607815754407745,3607815754592126,3607815754970667,0,12,96,1,model.layers.3.self_attn.compressor.state_cache
3607815813623207,3607815814208479,3607815814395339,3607815820253817,1,12,96,4,model.layers.2.self_attn.indexer.k_cache
3607815820567398,3607815820573118,3607815820889919,3607815821549801,0,12,96,4,model.layers.2.self_attn.attn
3607815821967732,3607815821974413,3607815822253743,3607815823223116,0,12,96,128,model.layers.3.self_attn.attn
3607815823641758,3607815823648658,3607815823930659,3607815824926672,0,12,96,1,model.layers.0.self_attn.swa_cache
3607815825342623,3607815825349173,3607815825626944,3607815826212606,0,12,96,1,model.layers.1.self_attn.swa_cache
3607815826620897,3607815826627427,3607815826904438,3607815827475239,0,12,96,1,model.layers.2.self_attn.compressor.state_cache
3607815827624580,3607815827628210,3607815827824420,3607815828213312,0,12,96,1,model.layers.2.self_attn.indexer.compressor.state_cache
3607815828482152,3607815828521163,3607815828709873,3607815829099634,0,12,96,1,model.layers.3.self_attn.compressor.state_cache
3607815882546478,3607815883127940,3607815883316551,3607815888763148,1,11,88,4,model.layers.2.self_attn.indexer.k_cache
3607815888997768,3607815889002088,3607815889211949,3607815889640780,0,11,88,4,model.layers.2.self_attn.attn
3607815889924271,3607815889928521,3607815890111622,3607815890753334,0,11,88,128,model.layers.3.self_attn.attn
3607815891039465,3607815891043935,3607815891227655,3607815891843847,0,11,88,1,model.layers.0.self_attn.swa_cache
3607815892273788,3607815892279818,3607815892533429,3607815893051061,0,11,88,1,model.layers.1.self_attn.swa_cache
3607815893420022,3607815893426072,3607815893677483,3607815894188984,0,11,88,1,model.layers.2.self_attn.compressor.state_cache
3607815894392595,3607815894397965,3607815894668016,3607815895192447,0,11,88,1,model.layers.2.self_attn.indexer.compressor.state_cache
3607815895551578,3607815895604119,3607815895853929,3607815896393551,0,11,88,1,model.layers.3.self_attn.compressor.state_cache
3607815949544734,3607815950133626,3607815950325087,3607815955434262,1,9,72,4,model.layers.2.self_attn.indexer.k_cache
3607815955678463,3607815955682433,3607815955890394,3607815956349335,0,9,72,4,model.layers.2.self_attn.attn
3607815956634656,3607815956639016,3607815956823717,3607815957771819,0,9,72,128,model.layers.3.self_attn.attn
3607815958178001,3607815958184111,3607815958453982,3607815959366444,0,9,72,1,model.layers.0.self_attn.swa_cache
3607815959758306,3607815959765016,3607815960055737,3607815960613938,0,9,72,1,model.layers.1.self_attn.swa_cache
3607815961001329,3607815961007809,3607815961275260,3607815961837062,0,9,72,1,model.layers.2.self_attn.compressor.state_cache
3607815962051193,3607815962056783,3607815962350554,3607815962891805,0,9,72,1,model.layers.2.self_attn.indexer.compressor.state_cache
3607815963270476,3607815963324657,3607815963590857,3607815964156719,0,9,72,1,model.layers.3.self_attn.compressor.state_cache
3607816014426203,3607816015000225,3607816015188926,3607816020177831,1,9,72,4,model.layers.2.self_attn.indexer.k_cache
3607816020401982,3607816020406012,3607816020614182,3607816021048584,0,9,72,4,model.layers.2.self_attn.attn
3607816021332605,3607816021337275,3607816021526805,3607816022305268,0,9,72,128,model.layers.3.self_attn.attn
3607816022686389,3607816022692599,3607816022954370,3607816023789322,0,9,72,1,model.layers.0.self_attn.swa_cache
3607816024181643,3607816024187683,3607816024440444,3607816024965336,0,9,72,1,model.layers.1.self_attn.swa_cache
3607816025338467,3607816025344207,3607816025596638,3607816026117859,0,9,72,1,model.layers.2.self_attn.compressor.state_cache
3607816026348530,3607816026354090,3607816026628111,3607816027151703,0,9,72,1,model.layers.2.self_attn.indexer.compressor.state_cache
3607816027523374,3607816027572064,3607816027821015,3607816028387166,0,9,72,1,model.layers.3.self_attn.compressor.state_cache
3607816078285120,3607816078866181,3607816079053832,3607816083867917,1,9,72,4,model.layers.2.self_attn.indexer.k_cache
3607816084135048,3607816084139158,3607816084348158,3607816084779239,0,9,72,4,model.layers.2.self_attn.attn
3607816085061510,3607816085065810,3607816085250801,3607816085877133,0,9,72,128,model.layers.3.self_attn.attn
3607816086159374,3607816086163684,3607816086348524,3607816086974156,0,9,72,1,model.layers.0.self_attn.swa_cache
3607816087379747,3607816087385387,3607816087636368,3607816088168950,0,9,72,1,model.layers.1.self_attn.swa_cache
3607816088540501,3607816088546361,3607816088799332,3607816089320943,0,9,72,1,model.layers.2.self_attn.compressor.state_cache
3607816089524834,3607816089530074,3607816089802945,3607816090326427,0,9,72,1,model.layers.2.self_attn.indexer.compressor.state_cache
3607816090692388,3607816090743878,3607816090992859,3607816091510550,0,9,72,1,model.layers.3.self_attn.compressor.state_cache
3607816150634422,3607816150998963,3607816151202143,3607816152852838,1,9,4248,4,model.layers.2.self_attn.indexer.k_cache
3607816153096919,3607816153100869,3607816153313810,3607816153852022,0,9,4248,4,model.layers.2.self_attn.attn
3607816154176463,3607816154180883,3607816154371713,3607816154913505,0,9,4248,128,model.layers.3.self_attn.attn
3607816155191186,3607816155195566,3607816155380986,3607816155910918,0,9,4248,1,model.layers.0.self_attn.swa_cache
3607816156195199,3607816156199779,3607816156390169,3607816156771161,0,9,4248,1,model.layers.1.self_attn.swa_cache
3607816157041421,3607816157045921,3607816157234212,3607816157613323,0,9,4248,1,model.layers.2.self_attn.compressor.state_cache
3607816157760454,3607816157764464,3607816157964704,3607816158341485,0,9,4248,1,model.layers.2.self_attn.indexer.compressor.state_cache
3607816158605946,3607816158647326,3607816158836887,3607816159216318,0,9,4248,1,model.layers.3.self_attn.compressor.state_cache
3607816547618841,3607816548224023,3607816548410863,3607816587752934,1,9,72,4,model.layers.2.self_attn.indexer.k_cache
3607816588138955,3607816588145905,3607816588469406,3607816589137268,0,9,72,4,model.layers.2.self_attn.attn
3607816589571779,3607816589578530,3607816589899970,3607816590767613,0,9,72,128,model.layers.3.self_attn.attn
3607816591145434,3607816591151204,3607816591407085,3607816592268518,0,9,72,1,model.layers.0.self_attn.swa_cache
3607816592640219,3607816592646109,3607816592897710,3607816593414651,0,9,72,1,model.layers.1.self_attn.swa_cache
3607816593783342,3607816593789992,3607816594039633,3607816594547025,0,9,72,1,model.layers.2.self_attn.compressor.state_cache
3607816594749625,3607816594754865,3607816595031016,3607816595534948,0,9,72,1,model.layers.2.self_attn.indexer.compressor.state_cache
3607816595894629,3607816595956599,3607816596220860,3607816596727471,0,9,72,1,model.layers.3.self_attn.compressor.state_cache
3607816665218172,3607816665578143,3607816665778873,3607816667331288,1,11,8096,4,model.layers.2.self_attn.indexer.k_cache
3607816667560879,3607816667564729,3607816667773300,3607816668229961,0,11,8096,4,model.layers.2.self_attn.attn
3607816668518212,3607816668522882,3607816668709552,3607816669247614,0,11,8096,128,model.layers.3.self_attn.attn
3607816669524105,3607816669528715,3607816669715136,3607816670259367,0,11,8096,1,model.layers.0.self_attn.swa_cache
3607816670535928,3607816670540398,3607816670727979,3607816671114450,0,11,8096,1,model.layers.1.self_attn.swa_cache
3607816671381951,3607816671386371,3607816671573891,3607816671951322,0,11,8096,1,model.layers.2.self_attn.compressor.state_cache
3607816672109253,3607816672112933,3607816672342334,3607816672722195,0,11,8096,1,model.layers.2.self_attn.indexer.compressor.state_cache
3607816672992386,3607816673034056,3607816673219906,3607816673593097,0,11,8096,1,model.layers.3.self_attn.compressor.state_cache
3607817140562481,3607817140925963,3607817141131833,3607817142706968,1,12,4600,4,model.layers.2.self_attn.indexer.k_cache
3607817142952179,3607817142956329,3607817143171049,3607817143618371,0,12,4600,4,model.layers.2.self_attn.attn
3607817143899042,3607817143903652,3607817144107442,3607817144647774,0,12,4600,128,model.layers.3.self_attn.attn
3607817144926945,3607817144931435,3607817145120345,3607817145649277,0,12,4600,1,model.layers.0.self_attn.swa_cache
3607817145922988,3607817145927258,3607817146113728,3607817146501620,0,12,4600,1,model.layers.1.self_attn.swa_cache
3607817146769270,3607817146773611,3607817146962791,3607817147341532,0,12,4600,1,model.layers.2.self_attn.compressor.state_cache
3607817147489673,3607817147493573,3607817147700163,3607817148089755,0,12,4600,1,model.layers.2.self_attn.indexer.compressor.state_cache
3607817148356695,3607817148405406,3607817148600406,3607817148976257,0,12,4600,1,model.layers.3.self_attn.compressor.state_cache
3607817522984176,3607817523569168,3607817523751648,3607817567747753,1,12,96,4,model.layers.2.self_attn.indexer.k_cache
3607817568108024,3607817568114314,3607817568418515,3607817569030177,0,12,96,4,model.layers.2.self_attn.attn
3607817569457178,3607817569463838,3607817569725839,3607817570618812,0,12,96,128,model.layers.3.self_attn.attn
3607817571011793,3607817571017963,3607817571276584,3607817572162927,0,12,96,1,model.layers.0.self_attn.swa_cache
3607817572545658,3607817572551998,3607817572850659,3607817573340750,0,12,96,1,model.layers.1.self_attn.swa_cache
3607817573680891,3607817573686591,3607817573922982,3607817574406064,0,12,96,1,model.layers.2.self_attn.compressor.state_cache
3607817574601904,3607817574606994,3607817574859415,3607817575342847,0,12,96,1,model.layers.2.self_attn.indexer.compressor.state_cache
3607817575682448,3607817575741788,3607817575979769,3607817576484030,0,12,96,1,model.layers.3.self_attn.compressor.state_cache
3607817636447704,3607817637029486,3607817637232847,3607817642648833,1,12,96,4,model.layers.2.self_attn.indexer.k_cache
3607817642889034,3607817642893664,3607817643109875,3607817643567706,0,12,96,4,model.layers.2.self_attn.attn
3607817643849407,3607817643853757,3607817644057028,3607817644694680,0,12,96,128,model.layers.3.self_attn.attn
3607817644974320,3607817644978760,3607817645164211,3607817645803283,0,12,96,1,model.layers.0.self_attn.swa_cache
3607817646166324,3607817646172744,3607817646443755,3607817646998247,0,12,96,1,model.layers.1.self_attn.swa_cache
3607817647389468,3607817647395518,3607817647659729,3607817648230190,0,12,96,1,model.layers.2.self_attn.compressor.state_cache
3607817648448661,3607817648453971,3607817648752462,3607817649302144,0,12,96,1,model.layers.2.self_attn.indexer.compressor.state_cache
3607817649686315,3607817649740755,3607817650007276,3607817650554808,0,12,96,1,model.layers.3.self_attn.compressor.state_cache
3607817702971228,3607817703561730,3607817703752681,3607817709145947,1,11,88,4,model.layers.2.self_attn.indexer.k_cache
3607817709386418,3607817709390758,3607817709598949,3607817710034920,0,11,88,4,model.layers.2.self_attn.attn
3607817710319581,3607817710323791,3607817710509032,3607817711487935,0,11,88,128,model.layers.3.self_attn.attn
3607817711909356,3607817711915836,3607817712213807,3607817713160870,0,11,88,1,model.layers.0.self_attn.swa_cache
3607817713582851,3607817713589651,3607817713873292,3607817714459934,0,11,88,1,model.layers.1.self_attn.swa_cache
3607817714870025,3607817714876375,3607817715160956,3607817715743568,0,11,88,1,model.layers.2.self_attn.compressor.state_cache
3607817715969188,3607817715974818,3607817716298189,3607817716891401,0,11,88,1,model.layers.2.self_attn.indexer.compressor.state_cache
3607817717297222,3607817717354493,3607817717636394,3607817718214715,0,11,88,1,model.layers.3.self_attn.compressor.state_cache
3607817768155959,3607817768740370,3607817768927401,3607817774274587,1,11,88,4,model.layers.2.self_attn.indexer.k_cache
3607817774516078,3607817774519988,3607817774734169,3607817775179340,0,11,88,4,model.layers.2.self_attn.attn
3607817775495201,3607817775499621,3607817775684812,3607817776622575,0,11,88,128,model.layers.3.self_attn.attn
3607817777052806,3607817777059486,3607817777350967,3607817778307560,0,11,88,1,model.layers.0.self_attn.swa_cache
3607817778724261,3607817778730681,3607817779020152,3607817779595304,0,11,88,1,model.layers.1.self_attn.swa_cache
3607817780022625,3607817780029515,3607817780316626,3607817780892308,0,11,88,1,model.layers.2.self_attn.compressor.state_cache
3607817781120428,3607817781126408,3607817781426859,3607817782000161,0,11,88,1,model.layers.2.self_attn.indexer.compressor.state_cache
3607817782412852,3607817782469013,3607817782750153,3607817783331765,0,11,88,1,model.layers.3.self_attn.compressor.state_cache
3607817837543582,3607817838125824,3607817838311964,3607817843596010,1,10,80,4,model.layers.2.self_attn.indexer.k_cache
3607817843852571,3607817843857251,3607817844122082,3607817844632744,0,10,80,4,model.layers.2.self_attn.attn
3607817844961335,3607817844966565,3607817845180795,3607817845910667,0,10,80,128,model.layers.3.self_attn.attn
3607817846233778,3607817846238648,3607817846454309,3607817847179931,0,10,80,1,model.layers.0.self_attn.swa_cache
3607817847498042,3607817847502892,3607817847724073,3607817848186594,0,10,80,1,model.layers.1.self_attn.swa_cache
3607817848501445,3607817848506255,3607817848721196,3607817849197858,0,10,80,1,model.layers.2.self_attn.compressor.state_cache
3607817849408948,3607817849413868,3607817849671399,3607817850142450,0,10,80,1,model.layers.2.self_attn.indexer.compressor.state_cache
3607817850480811,3607817850527982,3607817850763672,3607817851233884,0,10,80,1,model.layers.3.self_attn.compressor.state_cache
3607817904024696,3607817904732048,3607817905040859,3607817909452843,1,8,64,4,model.layers.2.self_attn.indexer.k_cache
3607817909683433,3607817909687603,3607817909901124,3607817910333405,0,8,64,4,model.layers.2.self_attn.attn
3607817910620726,3607817910625036,3607817910813467,3607817911441819,0,8,64,128,model.layers.3.self_attn.attn
3607817911725870,3607817911730500,3607817911914390,3607817912558912,0,8,64,1,model.layers.0.self_attn.swa_cache
3607817912840013,3607817912844513,3607817913031104,3607817913409245,0,8,64,1,model.layers.1.self_attn.swa_cache
3607817913813126,3607817913818996,3607817914171787,3607817914672109,0,8,64,1,model.layers.2.self_attn.compressor.state_cache
3607817914869409,3607817914874179,3607817915137000,3607817915643202,0,8,64,1,model.layers.2.self_attn.indexer.compressor.state_cache
3607817915996003,3607817916056033,3607817916407144,3607817916893175,0,8,64,1,model.layers.3.self_attn.compressor.state_cache
3607818033610324,3607818034195646,3607818034384106,3607818038414499,1,7,56,4,model.layers.2.self_attn.indexer.k_cache
3607818038650159,3607818038654209,3607818038864060,3607818039299281,0,7,56,4,model.layers.2.self_attn.attn
3607818039584402,3607818039588612,3607818039777923,3607818040418935,0,7,56,128,model.layers.3.self_attn.attn
3607818040702616,3607818040707116,3607818040896466,3607818041537298,0,7,56,1,model.layers.0.self_attn.swa_cache
3607818041818699,3607818041822859,3607818042012570,3607818042399751,0,7,56,1,model.layers.1.self_attn.swa_cache
3607818042672922,3607818042677082,3607818042861532,3607818043248533,0,7,56,1,model.layers.2.self_attn.compressor.state_cache
3607818043399984,3607818043403964,3607818043601415,3607818044068736,0,7,56,1,model.layers.2.self_attn.indexer.compressor.state_cache
3607818044410167,3607818044458827,3607818044695538,3607818045170919,0,7,56,1,model.layers.3.self_attn.compressor.state_cache
3607818105845456,3607818106201507,3607818106400027,3607818107952212,1,8,4240,4,model.layers.2.self_attn.indexer.k_cache
3607818108183923,3607818108187983,3607818108398874,3607818108836375,0,8,4240,4,model.layers.2.self_attn.attn
3607818109123046,3607818109127306,3607818109318546,3607818109876588,0,8,4240,128,model.layers.3.self_attn.attn
3607818110156019,3607818110160389,3607818110351690,3607818110883051,0,8,4240,1,model.layers.0.self_attn.swa_cache
3607818111157782,3607818111162152,3607818111350093,3607818111732824,0,8,4240,1,model.layers.1.self_attn.swa_cache
3607818112046725,3607818112051155,3607818112241865,3607818112618666,0,8,4240,1,model.layers.2.self_attn.compressor.state_cache
3607818112771817,3607818112775557,3607818112979968,3607818113358899,0,8,4240,1,model.layers.2.self_attn.indexer.compressor.state_cache
3607818113624760,3607818113666700,3607818113857450,3607818114239511,0,8,4240,1,model.layers.3.self_attn.compressor.state_cache
3607818513869209,3607818514220150,3607818514416050,3607818515961875,1,9,4248,4,model.layers.2.self_attn.indexer.k_cache
3607818516207186,3607818516211666,3607818516419937,3607818516845738,0,9,4248,4,model.layers.2.self_attn.attn
3607818517126179,3607818517130719,3607818517318299,3607818517864761,0,9,4248,128,model.layers.3.self_attn.attn
3607818518141462,3607818518146062,3607818518334442,3607818518873534,0,9,4248,1,model.layers.0.self_attn.swa_cache
3607818519142805,3607818519147085,3607818519334096,3607818519710297,0,9,4248,1,model.layers.1.self_attn.swa_cache
3607818519978217,3607818519982548,3607818520181338,3607818520567719,0,9,4248,1,model.layers.2.self_attn.compressor.state_cache
3607818520716780,3607818520720620,3607818520927820,3607818521306442,0,9,4248,1,model.layers.2.self_attn.indexer.compressor.state_cache
3607818521569542,3607818521614163,3607818521804503,3607818522181644,0,9,4248,1,model.layers.3.self_attn.compressor.state_cache
3607818938643763,3607818939012354,3607818939210295,3607818940775710,1,11,8096,4,model.layers.2.self_attn.indexer.k_cache
3607818941014941,3607818941018981,3607818941226371,3607818941665063,0,11,8096,4,model.layers.2.self_attn.attn
3607818941941403,3607818941945973,3607818942134484,3607818942675506,0,11,8096,128,model.layers.3.self_attn.attn
3607818942949266,3607818942953826,3607818943142947,3607818943684119,0,11,8096,1,model.layers.0.self_attn.swa_cache
3607818943955020,3607818943959490,3607818944159470,3607818944545141,0,11,8096,1,model.layers.1.self_attn.swa_cache
3607818944814682,3607818944819312,3607818945006103,3607818945389574,0,11,8096,1,model.layers.2.self_attn.compressor.state_cache
3607818945536334,3607818945540104,3607818945745195,3607818946118566,0,11,8096,1,model.layers.2.self_attn.indexer.compressor.state_cache
3607818946381257,3607818946427057,3607818946610068,3607818946990509,0,11,8096,1,model.layers.3.self_attn.compressor.state_cache
3607819464989440,3607819465353511,3607819465566822,3607819467137186,1,12,4600,4,model.layers.2.self_attn.indexer.k_cache
3607819467370497,3607819467374747,3607819467584048,3607819468041659,0,12,4600,4,model.layers.2.self_attn.attn
3607819468320850,3607819468325130,3607819468515261,3607819469054192,0,12,4600,128,model.layers.3.self_attn.attn
3607819469328963,3607819469334003,3607819469522094,3607819470089005,0,12,4600,1,model.layers.0.self_attn.swa_cache
3607819470360576,3607819470364676,3607819470550367,3607819470934388,0,12,4600,1,model.layers.1.self_attn.swa_cache
3607819471198559,3607819471202919,3607819471388859,3607819471768281,0,12,4600,1,model.layers.2.self_attn.compressor.state_cache
3607819471915831,3607819471919881,3607819472132812,3607819472513803,0,12,4600,1,model.layers.2.self_attn.indexer.compressor.state_cache
3607819472777364,3607819472825174,3607819473013214,3607819473387756,0,12,4600,1,model.layers.3.self_attn.compressor.state_cache
3607819853231552,3607819853818634,3607819854000025,3607819893795027,1,12,96,4,model.layers.2.self_attn.indexer.k_cache
3607819894191248,3607819894197438,3607819894515189,3607819895155071,0,12,96,4,model.layers.2.self_attn.attn
3607819895571812,3607819895578052,3607819895845233,3607819896643305,0,12,96,128,model.layers.3.self_attn.attn
3607819897041857,3607819897048167,3607819897319628,3607819898082730,0,12,96,1,model.layers.0.self_attn.swa_cache
3607819898468031,3607819898474711,3607819898741082,3607819899288664,0,12,96,1,model.layers.1.self_attn.swa_cache
3607819899669275,3607819899675935,3607819899937746,3607819900479187,0,12,96,1,model.layers.2.self_attn.compressor.state_cache
3607819900636178,3607819900639998,3607819900849538,3607819901249150,0,12,96,1,model.layers.2.self_attn.indexer.compressor.state_cache
3607819901553271,3607819901601871,3607819901794981,3607819902187303,0,12,96,1,model.layers.3.self_attn.compressor.state_cache
3607819960710012,3607819961304434,3607819961492735,3607819967092652,1,11,88,4,model.layers.2.self_attn.indexer.k_cache
3607819967404143,3607819967409373,3607819967665824,3607819968241495,0,11,88,4,model.layers.2.self_attn.attn
3607819968592076,3607819968597866,3607819968827697,3607819969619300,0,11,88,128,model.layers.3.self_attn.attn
3607819969966321,3607819969972451,3607819970201431,3607819970976364,0,11,88,1,model.layers.0.self_attn.swa_cache
3607819971320775,3607819971326195,3607819971551916,3607819972043917,0,11,88,1,model.layers.1.self_attn.swa_cache
3607819972382238,3607819972387918,3607819972617739,3607819973131830,0,11,88,1,model.layers.2.self_attn.compressor.state_cache
3607819973294551,3607819973298851,3607819973512272,3607819973925493,0,11,88,1,model.layers.2.self_attn.indexer.compressor.state_cache
3607819974221434,3607819974263064,3607819974465565,3607819974883956,0,11,88,1,model.layers.3.self_attn.compressor.state_cache
3607820026294064,3607820026877765,3607820027066176,3607820032659773,1,11,88,4,model.layers.2.self_attn.indexer.k_cache
3607820032926764,3607820032931204,3607820033165655,3607820033647676,0,11,88,4,model.layers.2.self_attn.attn
3607820033970367,3607820033975477,3607820034188778,3607820034907870,0,11,88,128,model.layers.3.self_attn.attn
3607820035226511,3607820035231621,3607820035440402,3607820036165754,0,11,88,1,model.layers.0.self_attn.swa_cache
3607820036482435,3607820036487515,3607820036701046,3607820037135217,0,11,88,1,model.layers.1.self_attn.swa_cache
3607820037440898,3607820037445948,3607820037662319,3607820038155760,0,11,88,1,model.layers.2.self_attn.compressor.state_cache
3607820038343631,3607820038348351,3607820038592571,3607820039063723,0,11,88,1,model.layers.2.self_attn.indexer.compressor.state_cache
3607820039396704,3607820039443124,3607820039668925,3607820040153006,0,11,88,1,model.layers.3.self_attn.compressor.state_cache
3607820090948582,3607820091521334,3607820091711935,3607820097184841,1,11,88,4,model.layers.2.self_attn.indexer.k_cache
3607820097433982,3607820097438522,3607820097672323,3607820098168674,0,11,88,4,model.layers.2.self_attn.attn
3607820098498185,3607820098503385,3607820098712446,3607820099433588,0,11,88,128,model.layers.3.self_attn.attn
3607820099752719,3607820099757879,3607820099968520,3607820100709802,0,11,88,1,model.layers.0.self_attn.swa_cache
3607820101025823,3607820101031223,3607820101238194,3607820101669235,0,11,88,1,model.layers.1.self_attn.swa_cache
3607820101975536,3607820101980536,3607820102190127,3607820102668848,0,11,88,1,model.layers.2.self_attn.compressor.state_cache
3607820102851879,3607820102856449,3607820103101410,3607820103560891,0,11,88,1,model.layers.2.self_attn.indexer.compressor.state_cache
3607820103887292,3607820103931842,3607820104176853,3607820104643814,0,11,88,1,model.layers.3.self_attn.compressor.state_cache
3607820155699751,3607820156290953,3607820156482564,3607820161904480,1,11,88,4,model.layers.2.self_attn.indexer.k_cache
3607820162160541,3607820162165241,3607820162416802,3607820162952213,0,11,88,4,model.layers.2.self_attn.attn
3607820163291994,3607820163297204,3607820163523505,3607820164321318,0,11,88,128,model.layers.3.self_attn.attn
3607820164666869,3607820164672239,3607820164899129,3607820165660132,0,11,88,1,model.layers.0.self_attn.swa_cache
3607820165995313,3607820166000293,3607820166222543,3607820166678235,0,11,88,1,model.layers.1.self_attn.swa_cache
3607820167007136,3607820167012116,3607820167235787,3607820167740318,0,11,88,1,model.layers.2.self_attn.compressor.state_cache
3607820167922159,3607820167926739,3607820168188030,3607820168648671,0,11,88,1,model.layers.2.self_attn.indexer.compressor.state_cache
3607820168977032,3607820169019882,3607820169239943,3607820169693904,0,11,88,1,model.layers.3.self_attn.compressor.state_cache
3607820220169549,3607820220749781,3607820220939652,3607820226352768,1,10,80,4,model.layers.2.self_attn.indexer.k_cache
3607820226618339,3607820226623519,3607820226888530,3607820227439611,0,10,80,4,model.layers.2.self_attn.attn
3607820227824753,3607820227830313,3607820228094444,3607820228911286,0,10,80,128,model.layers.3.self_attn.attn
3607820229267707,3607820229273247,3607820229510788,3607820230314900,0,10,80,1,model.layers.0.self_attn.swa_cache
3607820230664751,3607820230670121,3607820230904972,3607820231391944,0,10,80,1,model.layers.1.self_attn.swa_cache
3607820231735405,3607820231740855,3607820231975845,3607820232486007,0,10,80,1,model.layers.2.self_attn.compressor.state_cache
3607820232678868,3607820232683768,3607820232953278,3607820233378350,0,10,80,1,model.layers.2.self_attn.indexer.compressor.state_cache
3607820233678191,3607820233720491,3607820233926121,3607820234344263,0,10,80,1,model.layers.3.self_attn.compressor.state_cache
3607820288329358,3607820288691330,3607820288888220,3607820290461875,1,11,4264,4,model.layers.2.self_attn.indexer.k_cache
3607820290678796,3607820290682666,3607820290895476,3607820291330228,0,11,4264,4,model.layers.2.self_attn.attn
3607820291613599,3607820291618389,3607820291806209,3607820292369751,0,11,4264,128,model.layers.3.self_attn.attn
3607820292646922,3607820292651452,3607820292842152,3607820293378534,0,11,4264,1,model.layers.0.self_attn.swa_cache
3607820293654105,3607820293658545,3607820293852045,3607820294230457,0,11,4264,1,model.layers.1.self_attn.swa_cache
3607820294498657,3607820294503037,3607820294693398,3607820295071049,0,11,4264,1,model.layers.2.self_attn.compressor.state_cache
3607820295221430,3607820295225000,3607820295426850,3607820295802961,0,11,4264,1,model.layers.2.self_attn.indexer.compressor.state_cache
3607820296083462,3607820296122552,3607820296309533,3607820296698704,0,11,4264,1,model.layers.3.self_attn.compressor.state_cache
3607820684580746,3607820685173407,3607820685362908,3607820725334121,1,11,88,4,model.layers.2.self_attn.indexer.k_cache
3607820725667162,3607820725673422,3607820725964033,3607820726605875,0,11,88,4,model.layers.2.self_attn.attn
3607820727053076,3607820727060196,3607820727359247,3607820728387450,0,11,88,128,model.layers.3.self_attn.attn
3607820728824751,3607820728831531,3607820729124992,3607820730099235,0,11,88,1,model.layers.0.self_attn.swa_cache
3607820730533527,3607820730540107,3607820730830708,3607820731432649,0,11,88,1,model.layers.1.self_attn.swa_cache
3607820731853801,3607820731860531,3607820732173132,3607820732762764,0,11,88,1,model.layers.2.self_attn.compressor.state_cache
3607820732994844,3607820733001024,3607820733318935,3607820733912687,0,11,88,1,model.layers.2.self_attn.indexer.compressor.state_cache
3607820734333528,3607820734404059,3607820734697029,3607820735145481,0,11,88,1,model.layers.3.self_attn.compressor.state_cache
3607820791666874,3607820792038326,3607820792241356,3607820793788791,1,12,4272,4,model.layers.2.self_attn.indexer.k_cache
3607820794014792,3607820794018792,3607820794231922,3607820794676414,0,12,4272,4,model.layers.2.self_attn.attn
3607820794957545,3607820794961695,3607820795153025,3607820795708507,0,12,4272,128,model.layers.3.self_attn.attn
3607820795992088,3607820795996458,3607820796214118,3607820796760280,0,12,4272,1,model.layers.0.self_attn.swa_cache
3607820797038251,3607820797042641,3607820797241312,3607820797630703,0,12,4272,1,model.layers.1.self_attn.swa_cache
3607820797901514,3607820797905854,3607820798095864,3607820798476785,0,12,4272,1,model.layers.2.self_attn.compressor.state_cache
3607820798625196,3607820798628916,3607820798831816,3607820799213318,0,12,4272,1,model.layers.2.self_attn.indexer.compressor.state_cache
3607820799480518,3607820799521459,3607820799710409,3607820800099470,0,12,4272,1,model.layers.3.self_attn.compressor.state_cache
3607821182430395,3607821183025707,3607821183217427,3607821223036519,1,12,96,4,model.layers.2.self_attn.indexer.k_cache
3607821223430841,3607821223438191,3607821223810332,3607821224621294,0,12,96,4,model.layers.2.self_attn.attn
3607821225127676,3607821225135176,3607821225469117,3607821226435020,0,12,96,128,model.layers.3.self_attn.attn
3607821226926441,3607821226934461,3607821227270422,3607821228263236,0,12,96,1,model.layers.0.self_attn.swa_cache
3607821228644077,3607821228649487,3607821228886877,3607821229368019,0,12,96,1,model.layers.1.self_attn.swa_cache
3607821229708960,3607821229714320,3607821229944761,3607821230435092,0,12,96,1,model.layers.2.self_attn.compressor.state_cache
3607821230630643,3607821230635403,3607821230890924,3607821231368835,0,12,96,1,model.layers.2.self_attn.indexer.compressor.state_cache
3607821231706276,3607821231760666,3607821231995587,3607821232495289,0,12,96,1,model.layers.3.self_attn.compressor.state_cache
3607821288988042,3607821289572024,3607821289760034,3607821295239441,1,11,88,4,model.layers.2.self_attn.indexer.k_cache
3607821295509152,3607821295513872,3607821295759203,3607821296309875,0,11,88,4,model.layers.2.self_attn.attn
3607821296648026,3607821296653336,3607821296876506,3607821297635309,0,11,88,128,model.layers.3.self_attn.attn
3607821297962380,3607821297967450,3607821298188630,3607821298926783,0,11,88,1,model.layers.0.self_attn.swa_cache
3607821299291614,3607821299296844,3607821299514064,3607821299960856,0,11,88,1,model.layers.1.self_attn.swa_cache
3607821300290697,3607821300295677,3607821300511017,3607821300962279,0,11,88,1,model.layers.2.self_attn.compressor.state_cache
3607821301142679,3607821301147319,3607821301381680,3607821301857812,0,11,88,1,model.layers.2.self_attn.indexer.compressor.state_cache
3607821302161762,3607821302204633,3607821302409643,3607821302842755,0,11,88,1,model.layers.3.self_attn.compressor.state_cache
3607821357620063,3607821358207765,3607821358399715,3607821363645221,1,11,88,4,model.layers.2.self_attn.indexer.k_cache
3607821363886462,3607821363890452,3607821364116853,3607821364562234,0,11,88,4,model.layers.2.self_attn.attn
3607821364848425,3607821364852845,3607821365041806,3607821365681038,0,11,88,128,model.layers.3.self_attn.attn
3607821365993579,3607821365998159,3607821366187889,3607821366996822,0,11,88,1,model.layers.0.self_attn.swa_cache
3607821367419603,3607821367425523,3607821367692234,3607821368263006,0,11,88,1,model.layers.1.self_attn.swa_cache
3607821368667737,3607821368673637,3607821368971618,3607821369534989,0,11,88,1,model.layers.2.self_attn.compressor.state_cache
3607821369765400,3607821369770810,3607821370061761,3607821370620383,0,11,88,1,model.layers.2.self_attn.indexer.compressor.state_cache
3607821371007494,3607821371059184,3607821371322815,3607821371867837,0,11,88,1,model.layers.3.self_attn.compressor.state_cache
3607821421512279,3607821422095401,3607821422285571,3607821427626278,1,11,88,4,model.layers.2.self_attn.indexer.k_cache
3607821427870549,3607821427874619,3607821428115799,3607821428566911,0,11,88,4,model.layers.2.self_attn.attn
3607821428850722,3607821428855092,3607821429040762,3607821429680724,0,11,88,128,model.layers.3.self_attn.attn
3607821429988325,3607821429992565,3607821430182296,3607821430820138,0,11,88,1,model.layers.0.self_attn.swa_cache
3607821431098069,3607821431102419,3607821431293089,3607821431776341,0,11,88,1,model.layers.1.self_attn.swa_cache
3607821432154132,3607821432160152,3607821432407523,3607821432925994,0,11,88,1,model.layers.2.self_attn.compressor.state_cache
3607821433128805,3607821433134145,3607821433407046,3607821433923147,0,11,88,1,model.layers.2.self_attn.indexer.compressor.state_cache
3607821434288308,3607821434339298,3607821434589649,3607821435103881,0,11,88,1,model.layers.3.self_attn.compressor.state_cache
3607821485099744,3607821485678306,3607821485863607,3607821491181643,1,11,88,4,model.layers.2.self_attn.indexer.k_cache
3607821491426614,3607821491430954,3607821491658215,3607821492160996,0,11,88,4,model.layers.2.self_attn.attn
3607821492476467,3607821492481407,3607821492687598,3607821493381570,0,11,88,128,model.layers.3.self_attn.attn
3607821493686631,3607821493691391,3607821493897201,3607821494578364,0,11,88,1,model.layers.0.self_attn.swa_cache
3607821494881064,3607821494885664,3607821495087645,3607821495504236,0,11,88,1,model.layers.1.self_attn.swa_cache
3607821495817227,3607821495821967,3607821496030628,3607821496592870,0,11,88,1,model.layers.2.self_attn.compressor.state_cache
3607821496804200,3607821496809550,3607821497087271,3607821497611523,0,11,88,1,model.layers.2.self_attn.indexer.compressor.state_cache
3607821498013994,3607821498063864,3607821498321115,3607821498840847,0,11,88,1,model.layers.3.self_attn.compressor.state_cache
3607821553948236,3607821554313387,3607821554517128,3607821556094352,1,12,4272,4,model.layers.2.self_attn.indexer.k_cache
3607821556330733,3607821556334643,3607821556553474,3607821556984555,0,12,4272,4,model.layers.2.self_attn.attn
3607821557268706,3607821557272896,3607821557467757,3607821558009748,0,12,4272,128,model.layers.3.self_attn.attn
3607821558284109,3607821558288589,3607821558482620,3607821559025791,0,12,4272,1,model.layers.0.self_attn.swa_cache
3607821559300442,3607821559304622,3607821559493643,3607821559871434,0,12,4272,1,model.layers.1.self_attn.swa_cache
3607821560152945,3607821560157175,3607821560344516,3607821560748347,0,12,4272,1,model.layers.2.self_attn.compressor.state_cache
3607821560900277,3607821560904037,3607821561113308,3607821561500419,0,12,4272,1,model.layers.2.self_attn.indexer.compressor.state_cache
3607821561768990,3607821561809620,3607821562002161,3607821562390942,0,12,4272,1,model.layers.3.self_attn.compressor.state_cache
3607821948783049,3607821949386821,3607821949578711,3607821989374513,1,12,96,4,model.layers.2.self_attn.indexer.k_cache
3607821989679764,3607821989685794,3607821989976005,3607821990588947,0,12,96,4,model.layers.2.self_attn.attn
3607821991030098,3607821991036218,3607821991304959,3607821992104932,0,12,96,128,model.layers.3.self_attn.attn
3607821992505143,3607821992511793,3607821992783494,3607821993551606,0,12,96,1,model.layers.0.self_attn.swa_cache
3607821993956507,3607821993963077,3607821994231988,3607821994790360,0,12,96,1,model.layers.1.self_attn.swa_cache
3607821995175631,3607821995181891,3607821995451702,3607821995998034,0,12,96,1,model.layers.2.self_attn.compressor.state_cache
3607821996225494,3607821996231114,3607821996532535,3607821997104467,0,12,96,1,model.layers.2.self_attn.indexer.compressor.state_cache
3607821997490868,3607821997559399,3607821997836529,3607821998378381,0,12,96,1,model.layers.3.self_attn.compressor.state_cache
3607822055533377,3607822056162769,3607822056350279,3607822061855856,1,12,96,4,model.layers.2.self_attn.indexer.k_cache
3607822062090887,3607822062094807,3607822062304337,3607822062744679,0,12,96,4,model.layers.2.self_attn.attn
3607822063026410,3607822063030720,3607822063213790,3607822063851592,0,12,96,128,model.layers.3.self_attn.attn
3607822064319404,3607822064326864,3607822064618335,3607822065575537,0,12,96,1,model.layers.0.self_attn.swa_cache
3607822065992039,3607822065999109,3607822066280430,3607822066859241,0,12,96,1,model.layers.1.self_attn.swa_cache
3607822067273653,3607822067280573,3607822067562424,3607822068156435,0,12,96,1,model.layers.2.self_attn.compressor.state_cache
3607822068386176,3607822068392196,3607822068702437,3607822069288279,0,12,96,1,model.layers.2.self_attn.indexer.compressor.state_cache
3607822069692930,3607822069748510,3607822070030761,3607822070623013,0,12,96,1,model.layers.3.self_attn.compressor.state_cache
3607822123637506,3607822124240198,3607822124429608,3607822130024345,1,12,96,4,model.layers.2.self_attn.indexer.k_cache
3607822130354426,3607822130360446,3607822130663907,3607822131316339,0,12,96,4,model.layers.2.self_attn.attn
3607822131736111,3607822131743021,3607822132031082,3607822132831174,0,12,96,128,model.layers.3.self_attn.attn
3607822133248195,3607822133255295,3607822133528296,3607822134320679,0,12,96,1,model.layers.0.self_attn.swa_cache
3607822134722220,3607822134728840,3607822135001801,3607822135574892,0,12,96,1,model.layers.1.self_attn.swa_cache
3607822135976324,3607822135982974,3607822136276425,3607822136847536,0,12,96,1,model.layers.2.self_attn.compressor.state_cache
3607822137077127,3607822137082877,3607822137361488,3607822137739559,0,12,96,1,model.layers.2.self_attn.indexer.compressor.state_cache
3607822138005230,3607822138043460,3607822138224181,3607822138597762,0,12,96,1,model.layers.3.self_attn.compressor.state_cache
3607822191286164,3607822191856515,3607822192047566,3607822197502923,1,12,96,4,model.layers.2.self_attn.indexer.k_cache
3607822197757393,3607822197761643,3607822197959184,3607822198387745,0,12,96,4,model.layers.2.self_attn.attn
3607822198665506,3607822198669776,3607822198852637,3607822199383658,0,12,96,128,model.layers.3.self_attn.attn
3607822199654799,3607822199659159,3607822199839230,3607822200385982,0,12,96,1,model.layers.0.self_attn.swa_cache
3607822200676462,3607822200680642,3607822200868993,3607822201248554,0,12,96,1,model.layers.1.self_attn.swa_cache
3607822201524215,3607822201528545,3607822201756476,3607822202357968,0,12,96,1,model.layers.2.self_attn.compressor.state_cache
3607822202589968,3607822202595978,3607822202909039,3607822203475621,0,12,96,1,model.layers.2.self_attn.indexer.compressor.state_cache
3607822203871482,3607822203924752,3607822204212553,3607822204780095,0,12,96,1,model.layers.3.self_attn.compressor.state_cache
3607822259407843,3607822259979395,3607822260176405,3607822265742052,1,12,96,4,model.layers.2.self_attn.indexer.k_cache
3607822265972693,3607822265976923,3607822266179824,3607822266708675,0,12,96,4,model.layers.2.self_attn.attn
3607822267130737,3607822267137357,3607822267414117,3607822268369900,0,12,96,128,model.layers.3.self_attn.attn
3607822268795272,3607822268801892,3607822269075003,3607822269996595,0,12,96,1,model.layers.0.self_attn.swa_cache
3607822270402017,3607822270408347,3607822270680447,3607822271247129,0,12,96,1,model.layers.1.self_attn.swa_cache
3607822271651440,3607822271658330,3607822271932411,3607822272524753,0,12,96,1,model.layers.2.self_attn.compressor.state_cache
3607822272750014,3607822272755844,3607822273051945,3607822273625087,0,12,96,1,model.layers.2.self_attn.indexer.compressor.state_cache
3607822274030698,3607822274085958,3607822274358529,3607822274842550,0,12,96,1,model.layers.3.self_attn.compressor.state_cache
3607822327168671,3607822327726453,3607822327911213,3607822333723691,1,12,96,4,model.layers.2.self_attn.indexer.k_cache
3607822333991762,3607822333996612,3607822334242933,3607822334756984,0,12,96,4,model.layers.2.self_attn.attn
3607822335091875,3607822335096975,3607822335318676,3607822336165289,0,12,96,128,model.layers.3.self_attn.attn
3607822336505060,3607822336510270,3607822336729040,3607822337469413,0,12,96,1,model.layers.0.self_attn.swa_cache
3607822337813524,3607822337818844,3607822338038404,3607822338486776,0,12,96,1,model.layers.1.self_attn.swa_cache
3607822338807617,3607822338812867,3607822339030547,3607822339533289,0,12,96,1,model.layers.2.self_attn.compressor.state_cache
3607822339721990,3607822339727070,3607822339972080,3607822340463742,0,12,96,1,model.layers.2.self_attn.indexer.compressor.state_cache
3607822340802773,3607822340847963,3607822341076484,3607822341543685,0,12,96,1,model.layers.3.self_attn.compressor.state_cache
3607822394505158,3607822395073270,3607822395254100,3607822400875857,1,12,96,4,model.layers.2.self_attn.indexer.k_cache
3607822401107348,3607822401111178,3607822401313189,3607822401740250,0,12,96,4,model.layers.2.self_attn.attn
3607822402023411,3607822402027611,3607822402208572,3607822402833053,0,12,96,128,model.layers.3.self_attn.attn
3607822403107334,3607822403111754,3607822403290765,3607822403911117,0,12,96,1,model.layers.0.self_attn.swa_cache
3607822404320738,3607822404327788,3607822404599919,3607822405171231,0,12,96,1,model.layers.1.self_attn.swa_cache
3607822405574252,3607822405580862,3607822405848143,3607822406426554,0,12,96,1,model.layers.2.self_attn.compressor.state_cache
3607822406653675,3607822406659685,3607822406950816,3607822407515328,0,12,96,1,model.layers.2.self_attn.indexer.compressor.state_cache
3607822407919119,3607822407973259,3607822408264500,3607822408830442,0,12,96,1,model.layers.3.self_attn.compressor.state_cache
3607822461248983,3607822461812045,3607822461991185,3607822467574742,1,12,96,4,model.layers.2.self_attn.indexer.k_cache
3607822467801373,3607822467805403,3607822468020034,3607822468461235,0,12,96,4,model.layers.2.self_attn.attn
3607822468880596,3607822468887706,3607822469174317,3607822470161590,0,12,96,128,model.layers.3.self_attn.attn
3607822470620852,3607822470628012,3607822470917773,3607822471886766,0,12,96,1,model.layers.0.self_attn.swa_cache
3607822472337257,3607822472344207,3607822472631008,3607822473222550,0,12,96,1,model.layers.1.self_attn.swa_cache
3607822473636031,3607822473643041,3607822473923872,3607822474534944,0,12,96,1,model.layers.2.self_attn.compressor.state_cache
3607822474767724,3607822474773704,3607822475077695,3607822475660497,0,12,96,1,model.layers.2.self_attn.indexer.compressor.state_cache
3607822476096048,3607822476153789,3607822476439540,3607822477025971,0,12,96,1,model.layers.3.self_attn.compressor.state_cache
3607822528916211,3607822529484862,3607822529659743,3607822535304850,1,12,96,4,model.layers.2.self_attn.indexer.k_cache
3607822535603131,3607822535608821,3607822535897632,3607822536661495,0,12,96,4,model.layers.2.self_attn.attn
3607822537060676,3607822537066996,3607822537330877,3607822538091929,0,12,96,128,model.layers.3.self_attn.attn
3607822538483290,3607822538489550,3607822538750751,3607822539507293,0,12,96,1,model.layers.0.self_attn.swa_cache
3607822539899334,3607822539905564,3607822540201925,3607822540733657,0,12,96,1,model.layers.1.self_attn.swa_cache
3607822541123098,3607822541129878,3607822541383859,3607822541930231,0,12,96,1,model.layers.2.self_attn.compressor.state_cache
3607822542145431,3607822542149411,3607822542362412,3607822542764313,0,12,96,1,model.layers.2.self_attn.indexer.compressor.state_cache
3607822543055384,3607822543096124,3607822543293185,3607822543694416,0,12,96,1,model.layers.3.self_attn.compressor.state_cache
3607822596453918,3607822597022470,3607822597203270,3607822602688577,1,12,96,4,model.layers.2.self_attn.indexer.k_cache
3607822602912268,3607822602916358,3607822603119839,3607822603550000,0,12,96,4,model.layers.2.self_attn.attn
3607822603826611,3607822603830761,3607822604025271,3607822604549233,0,12,96,128,model.layers.3.self_attn.attn
3607822604822064,3607822604826394,3607822605012784,3607822605539706,0,12,96,1,model.layers.0.self_attn.swa_cache
3607822605809467,3607822605813787,3607822605989897,3607822606363369,0,12,96,1,model.layers.1.self_attn.swa_cache
3607822606631769,3607822606636089,3607822606814190,3607822607364872,0,12,96,1,model.layers.2.self_attn.compressor.state_cache
3607822607590732,3607822607596232,3607822607887033,3607822608476075,0,12,96,1,model.layers.2.self_attn.indexer.compressor.state_cache
3607822608877246,3607822608932527,3607822609206267,3607822609769909,0,12,96,1,model.layers.3.self_attn.compressor.state_cache
3607822665826121,3607822666396063,3607822666576464,3607822672429182,1,12,96,4,model.layers.2.self_attn.indexer.k_cache
3607822672752843,3607822672758663,3607822673073124,3607822673736586,0,12,96,4,model.layers.2.self_attn.attn
3607822674168497,3607822674175287,3607822674463838,3607822675435361,0,12,96,128,model.layers.3.self_attn.attn
3607822675861902,3607822675869072,3607822676170813,3607822677132426,0,12,96,1,model.layers.0.self_attn.swa_cache
3607822677556897,3607822677563697,3607822677844078,3607822678429540,0,12,96,1,model.layers.1.self_attn.swa_cache
3607822678849391,3607822678856021,3607822679135932,3607822679721834,0,12,96,1,model.layers.2.self_attn.compressor.state_cache
3607822679988275,3607822679992105,3607822680195955,3607822680569187,0,12,96,1,model.layers.2.self_attn.indexer.compressor.state_cache
3607822680835307,3607822680871108,3607822681050108,3607822681422369,0,12,96,1,model.layers.3.self_attn.compressor.state_cache
3607822734444892,3607822735012584,3607822735196574,3607822740796312,1,12,96,4,model.layers.2.self_attn.indexer.k_cache
3607822741016352,3607822741020402,3607822741222813,3607822741655584,0,12,96,4,model.layers.2.self_attn.attn
3607822741939445,3607822741943845,3607822742125916,3607822742749428,0,12,96,128,model.layers.3.self_attn.attn
3607822743026798,3607822743031238,3607822743212159,3607822743831371,0,12,96,1,model.layers.0.self_attn.swa_cache
3607822744120402,3607822744124832,3607822744355723,3607822744940364,0,12,96,1,model.layers.1.self_attn.swa_cache
3607822745346476,3607822745352876,3607822745623846,3607822746191478,0,12,96,1,model.layers.2.self_attn.compressor.state_cache
3607822746452519,3607822746457979,3607822746756720,3607822747324422,0,12,96,1,model.layers.2.self_attn.indexer.compressor.state_cache
3607822747727073,3607822747782813,3607822748066014,3607822748649526,0,12,96,1,model.layers.3.self_attn.compressor.state_cache
3607822801742199,3607822802308741,3607822802490191,3607822807953168,1,12,96,4,model.layers.2.self_attn.indexer.k_cache
3607822808188529,3607822808192419,3607822808394839,3607822808832051,0,12,96,4,model.layers.2.self_attn.attn
3607822809207952,3607822809215012,3607822809500583,3607822810337655,0,12,96,128,model.layers.3.self_attn.attn
3607822810767817,3607822810774627,3607822811059647,3607822811883750,0,12,96,1,model.layers.0.self_attn.swa_cache
3607822812332771,3607822812339901,3607822812618872,3607822813205564,0,12,96,1,model.layers.1.self_attn.swa_cache
3607822813620655,3607822813627505,3607822813912806,3607822814515868,0,12,96,1,model.layers.2.self_attn.compressor.state_cache
3607822814749789,3607822814755979,3607822815058980,3607822815657822,0,12,96,1,model.layers.2.self_attn.indexer.compressor.state_cache
3607822816088653,3607822816146403,3607822816433384,3607822817017586,0,12,96,1,model.layers.3.self_attn.compressor.state_cache
3607822869482367,3607822870048979,3607822870236289,3607822876111367,1,12,96,4,model.layers.2.self_attn.indexer.k_cache
3607822876409868,3607822876415548,3607822876691219,3607822877279471,0,12,96,4,model.layers.2.self_attn.attn
3607822877659002,3607822877664722,3607822877909463,3607822878767215,0,12,96,128,model.layers.3.self_attn.attn
3607822879144437,3607822879150197,3607822879401307,3607822880264680,0,12,96,1,model.layers.0.self_attn.swa_cache
3607822880640621,3607822880646401,3607822880895522,3607822881405274,0,12,96,1,model.layers.1.self_attn.swa_cache
3607822881771365,3607822881777205,3607822882024735,3607822882556027,0,12,96,1,model.layers.2.self_attn.compressor.state_cache
3607822882718838,3607822882722898,3607822882933728,3607822883340729,0,12,96,1,model.layers.2.self_attn.indexer.compressor.state_cache
3607822883625170,3607822883666810,3607822883863781,3607822884286012,0,12,96,1,model.layers.3.self_attn.compressor.state_cache
3607822938107128,3607822938678619,3607822938865920,3607822944393577,1,12,96,4,model.layers.2.self_attn.indexer.k_cache
3607822944616118,3607822944620118,3607822944823008,3607822945254790,0,12,96,4,model.layers.2.self_attn.attn
3607822945534191,3607822945538561,3607822945720771,3607822946258873,0,12,96,128,model.layers.3.self_attn.attn
3607822946535384,3607822946539814,3607822946764264,3607822947587997,0,12,96,1,model.layers.0.self_attn.swa_cache
3607822948027128,3607822948034278,3607822948331139,3607822948922391,0,12,96,1,model.layers.1.self_attn.swa_cache
3607822949348642,3607822949355562,3607822949640263,3607822950243125,0,12,96,1,model.layers.2.self_attn.compressor.state_cache
3607822950477626,3607822950483586,3607822950793667,3607822951390339,0,12,96,1,model.layers.2.self_attn.indexer.compressor.state_cache
3607822951811810,3607822951871850,3607822952173161,3607822952772103,0,12,96,1,model.layers.3.self_attn.compressor.state_cache
3607823006764059,3607823007338800,3607823007526941,3607823013290889,1,12,96,4,model.layers.2.self_attn.indexer.k_cache
3607823013575330,3607823013581100,3607823013862850,3607823014456642,0,12,96,4,model.layers.2.self_attn.attn
3607823014839133,3607823014844913,3607823015102044,3607823015990497,0,12,96,128,model.layers.3.self_attn.attn
3607823016390128,3607823016396328,3607823016650589,3607823017497982,0,12,96,1,model.layers.0.self_attn.swa_cache
3607823017876963,3607823017882653,3607823018135984,3607823018655605,0,12,96,1,model.layers.1.self_attn.swa_cache
3607823019022126,3607823019028046,3607823019278677,3607823019840329,0,12,96,1,model.layers.2.self_attn.compressor.state_cache
3607823020015759,3607823020020079,3607823020238850,3607823020657951,0,12,96,1,model.layers.2.self_attn.indexer.compressor.state_cache
3607823020957162,3607823020998482,3607823021200293,3607823021612354,0,12,96,1,model.layers.3.self_attn.compressor.state_cache
3607823074668507,3607823075249309,3607823075435850,3607823080863026,1,11,88,4,model.layers.2.self_attn.indexer.k_cache
3607823081093607,3607823081097707,3607823081308778,3607823081745959,0,11,88,4,model.layers.2.self_attn.attn
3607823082031270,3607823082035860,3607823082221670,3607823082865062,0,11,88,128,model.layers.3.self_attn.attn
3607823083146063,3607823083150433,3607823083335114,3607823083963356,0,11,88,1,model.layers.0.self_attn.swa_cache
3607823084268237,3607823084272857,3607823084459907,3607823084908259,0,11,88,1,model.layers.1.self_attn.swa_cache
3607823085321080,3607823085327530,3607823085602651,3607823086182813,0,11,88,1,model.layers.2.self_attn.compressor.state_cache
3607823086413153,3607823086419103,3607823086721744,3607823087289396,0,11,88,1,model.layers.2.self_attn.indexer.compressor.state_cache
3607823087711507,3607823087767517,3607823088060988,3607823088640370,0,11,88,1,model.layers.3.self_attn.compressor.state_cache
3607823140034608,3607823140631870,3607823140823560,3607823146172437,1,11,88,4,model.layers.2.self_attn.indexer.k_cache
3607823146398428,3607823146402548,3607823146613008,3607823147051610,0,11,88,4,model.layers.2.self_attn.attn
3607823147331730,3607823147336290,3607823147528261,3607823148183163,0,11,88,128,model.layers.3.self_attn.attn
3607823148469674,3607823148474154,3607823148662385,3607823149282656,0,11,88,1,model.layers.0.self_attn.swa_cache
3607823149559387,3607823149563797,3607823149832148,3607823150417010,0,11,88,1,model.layers.1.self_attn.swa_cache
3607823150825571,3607823150832201,3607823151111332,3607823151689204,0,11,88,1,model.layers.2.self_attn.compressor.state_cache
3607823151914725,3607823151920765,3607823152240806,3607823152812017,0,11,88,1,model.layers.2.self_attn.indexer.compressor.state_cache
3607823153221499,3607823153278669,3607823153561080,3607823154138081,0,11,88,1,model.layers.3.self_attn.compressor.state_cache
3607823207290755,3607823207873426,3607823208076357,3607823213487544,1,11,88,4,model.layers.2.self_attn.indexer.k_cache
3607823213721814,3607823213726174,3607823213932115,3607823214538307,0,11,88,4,model.layers.2.self_attn.attn
3607823214963988,3607823214970658,3607823215258209,3607823216243302,0,11,88,128,model.layers.3.self_attn.attn
3607823216668313,3607823216675303,3607823216959984,3607823217917977,0,11,88,1,model.layers.0.self_attn.swa_cache
3607823218336049,3607823218342809,3607823218620129,3607823219199011,0,11,88,1,model.layers.1.self_attn.swa_cache
3607823219604842,3607823219611132,3607823219888643,3607823220482475,0,11,88,1,model.layers.2.self_attn.compressor.state_cache
3607823220710936,3607823220716646,3607823221021327,3607823221588469,0,11,88,1,model.layers.2.self_attn.indexer.compressor.state_cache
3607823222002510,3607823222059340,3607823222308961,3607823222688382,0,11,88,1,model.layers.3.self_attn.compressor.state_cache
3607823274480901,3607823275056583,3607823275243163,3607823280954031,1,11,88,4,model.layers.2.self_attn.indexer.k_cache
3607823281250722,3607823281256622,3607823281556873,3607823282175985,0,11,88,4,model.layers.2.self_attn.attn
3607823282587296,3607823282594026,3607823282865067,3607823283798540,0,11,88,128,model.layers.3.self_attn.attn
3607823284239431,3607823284245881,3607823284513722,3607823285412085,0,11,88,1,model.layers.0.self_attn.swa_cache
3607823285811376,3607823285817586,3607823286083007,3607823286627618,0,11,88,1,model.layers.1.self_attn.swa_cache
3607823287022360,3607823287028630,3607823287291160,3607823287731822,0,11,88,1,model.layers.2.self_attn.compressor.state_cache
3607823287887442,3607823287891282,3607823288101913,3607823288490874,0,11,88,1,model.layers.2.self_attn.indexer.compressor.state_cache
3607823288768735,3607823288807125,3607823288990156,3607823289366597,0,11,88,1,model.layers.3.self_attn.compressor.state_cache
3607823339994482,3607823340585534,3607823340772455,3607823346241211,1,11,88,4,model.layers.2.self_attn.indexer.k_cache
3607823346517492,3607823346522612,3607823346785463,3607823347330965,0,11,88,4,model.layers.2.self_attn.attn
3607823347690116,3607823347695986,3607823347933097,3607823348775389,0,11,88,128,model.layers.3.self_attn.attn
3607823349158920,3607823349164670,3607823349401671,3607823350195854,0,11,88,1,model.layers.0.self_attn.swa_cache
3607823350551385,3607823350556775,3607823350788805,3607823351275107,0,11,88,1,model.layers.1.self_attn.swa_cache
3607823351617848,3607823351623448,3607823351854309,3607823352385170,0,11,88,1,model.layers.2.self_attn.compressor.state_cache
3607823352561531,3607823352566151,3607823352796632,3607823353238333,0,11,88,1,model.layers.2.self_attn.indexer.compressor.state_cache
3607823353551294,3607823353594684,3607823353808515,3607823354245106,0,11,88,1,model.layers.3.self_attn.compressor.state_cache
3607823415428644,3607823415802935,3607823416019456,3607823417677071,1,10,4256,4,model.layers.2.self_attn.indexer.k_cache
3607823417943702,3607823417948242,3607823418174012,3607823418598024,0,10,4256,4,model.layers.2.self_attn.attn
3607823418879105,3607823418883495,3607823419070055,3607823419612607,0,10,4256,128,model.layers.3.self_attn.attn
3607823419887348,3607823419891908,3607823421547513,3607823422111735,0,10,4256,1,model.layers.0.self_attn.swa_cache
3607823422409985,3607823422414215,3607823422605346,3607823422980887,0,10,4256,1,model.layers.1.self_attn.swa_cache
3607823423251228,3607823423255088,3607823423437689,3607823423817700,0,10,4256,1,model.layers.2.self_attn.compressor.state_cache
3607823423964390,3607823423967990,3607823424183901,3607823424559092,0,10,4256,1,model.layers.2.self_attn.indexer.compressor.state_cache
3607823424824053,3607823424874333,3607823425060364,3607823425439515,0,10,4256,1,model.layers.3.self_attn.compressor.state_cache
3607823821382491,3607823821967853,3607823822155774,3607823861610545,1,9,72,4,model.layers.2.self_attn.indexer.k_cache
3607823861932546,3607823861938616,3607823862232757,3607823862845619,0,9,72,4,model.layers.2.self_attn.attn
3607823863226940,3607823863233090,3607823863481190,3607823864547094,0,9,72,128,model.layers.3.self_attn.attn
3607823865035815,3607823865043475,3607823865376986,3607823866477380,0,9,72,1,model.layers.0.self_attn.swa_cache
3607823866960701,3607823866969651,3607823867298342,3607823867974414,0,9,72,1,model.layers.1.self_attn.swa_cache
3607823868476496,3607823868484106,3607823868812367,3607823869470749,0,9,72,1,model.layers.2.self_attn.compressor.state_cache
3607823869731100,3607823869738450,3607823870089341,3607823870770813,0,9,72,1,model.layers.2.self_attn.indexer.compressor.state_cache
3607823871234884,3607823871315465,3607823871643936,3607823872209837,0,9,72,1,model.layers.3.self_attn.compressor.state_cache
3607823936256924,3607823936642075,3607823936857336,3607823938769882,1,10,8096,4,model.layers.2.self_attn.indexer.k_cache
3607823939055683,3607823939060243,3607823939281083,3607823939709525,0,10,8096,4,model.layers.2.self_attn.attn
3607823939984795,3607823939988996,3607823940190406,3607823940823588,0,10,8096,128,model.layers.3.self_attn.attn
3607823941101169,3607823941105449,3607823941296820,3607823941941972,0,10,8096,1,model.layers.0.self_attn.swa_cache
3607823942209652,3607823942213942,3607823942399043,3607823942779674,0,10,8096,1,model.layers.1.self_attn.swa_cache
3607823943046555,3607823943050855,3607823943235595,3607823943610577,0,10,8096,1,model.layers.2.self_attn.compressor.state_cache
3607823943755587,3607823943759337,3607823943959498,3607823944351049,0,10,8096,1,model.layers.2.self_attn.indexer.compressor.state_cache
3607823944617320,3607823944658380,3607823944844110,3607823945229482,0,10,8096,1,model.layers.3.self_attn.compressor.state_cache
3607824422167687,3607824422685418,3607824423009279,3607824424845955,1,11,4584,4,model.layers.2.self_attn.indexer.k_cache
3607824425082216,3607824425086376,3607824425297446,3607824425735508,0,11,4584,4,model.layers.2.self_attn.attn
3607824426017079,3607824426021629,3607824426207209,3607824426830671,0,11,4584,128,model.layers.3.self_attn.attn
3607824427107142,3607824427111552,3607824427300153,3607824427923985,0,11,4584,1,model.layers.0.self_attn.swa_cache
3607824428212625,3607824428217095,3607824428405106,3607824428785327,0,11,4584,1,model.layers.1.self_attn.swa_cache
3607824429070898,3607824429075458,3607824429346459,3607824429727190,0,11,4584,1,model.layers.2.self_attn.compressor.state_cache
3607824429876091,3607824429880001,3607824430084001,3607824430460862,0,11,4584,1,model.layers.2.self_attn.indexer.compressor.state_cache
3607824430726483,3607824430772883,3607824431043534,3607824431423275,0,11,4584,1,model.layers.3.self_attn.compressor.state_cache
3607824821380653,3607824821778705,3607824821982295,3607824823546810,1,12,4272,4,model.layers.2.self_attn.indexer.k_cache
3607824823789371,3607824823793431,3607824824018781,3607824824454463,0,12,4272,4,model.layers.2.self_attn.attn
3607824824729084,3607824824733884,3607824824919054,3607824825486216,0,12,4272,128,model.layers.3.self_attn.attn
3607824825755027,3607824825759277,3607824825944927,3607824826480619,0,12,4272,1,model.layers.0.self_attn.swa_cache
3607824826746250,3607824826750620,3607824826937770,3607824827317162,0,12,4272,1,model.layers.1.self_attn.swa_cache
3607824827579072,3607824827583452,3607824827768113,3607824828159324,0,12,4272,1,model.layers.2.self_attn.compressor.state_cache
3607824828304155,3607824828308125,3607824828501845,3607824828873666,0,12,4272,1,model.layers.2.self_attn.indexer.compressor.state_cache
3607824829138257,3607824829187177,3607824829375048,3607824829751419,0,12,4272,1,model.layers.3.self_attn.compressor.state_cache
3607825263709582,3607825264324564,3607825264520105,3607825304893129,1,11,88,4,model.layers.2.self_attn.indexer.k_cache
3607825305274280,3607825305281110,3607825305627291,3607825306371323,0,11,88,4,model.layers.2.self_attn.attn
3607825306831055,3607825306838495,3607825307167556,3607825307995658,0,11,88,128,model.layers.3.self_attn.attn
3607825308444320,3607825308451340,3607825308740901,3607825309561643,0,11,88,1,model.layers.0.self_attn.swa_cache
3607825309984024,3607825309991125,3607825310277625,3607825310882357,0,11,88,1,model.layers.1.self_attn.swa_cache
3607825311291599,3607825311298099,3607825311586009,3607825312206021,0,11,88,1,model.layers.2.self_attn.compressor.state_cache
3607825312437572,3607825312443802,3607825312757843,3607825313339505,0,11,88,1,model.layers.2.self_attn.indexer.compressor.state_cache
3607825313762336,3607825313831476,3607825314115987,3607825314733879,0,11,88,1,model.layers.3.self_attn.compressor.state_cache
3607825374229182,3607825374592863,3607825374801894,3607825376514099,1,11,4264,4,model.layers.2.self_attn.indexer.k_cache
3607825376792830,3607825376796850,3607825377006840,3607825377448882,0,11,4264,4,model.layers.2.self_attn.attn
3607825377728053,3607825377732213,3607825377921403,3607825378505795,0,11,4264,128,model.layers.3.self_attn.attn
3607825378793556,3607825378797906,3607825378986356,3607825379527368,0,11,4264,1,model.layers.0.self_attn.swa_cache
3607825379831679,3607825379836869,3607825380032030,3607825380422081,0,11,4264,1,model.layers.1.self_attn.swa_cache
3607825380688142,3607825380692452,3607825380874472,3607825381252783,0,11,4264,1,model.layers.2.self_attn.compressor.state_cache
3607825381400534,3607825381404494,3607825381606765,3607825381981156,0,11,4264,1,model.layers.2.self_attn.indexer.compressor.state_cache
3607825382247157,3607825382293357,3607825382477647,3607825382851278,0,11,4264,1,model.layers.3.self_attn.compressor.state_cache
3607825784257432,3607825784836933,3607825785028934,3607825826858923,1,11,88,4,model.layers.2.self_attn.indexer.k_cache
3607825827298414,3607825827308984,3607825827846336,3607825829129370,0,11,88,4,model.layers.2.self_attn.attn
3607825829836632,3607825829847832,3607825830321433,3607825831923428,0,11,88,128,model.layers.3.self_attn.attn
3607825832643720,3607825832655400,3607825833127932,3607825834720337,0,11,88,1,model.layers.0.self_attn.swa_cache
3607825835294078,3607825835298698,3607825835478419,3607825835851310,0,11,88,1,model.layers.1.self_attn.swa_cache
3607825836131011,3607825836135521,3607825836317822,3607825836690613,0,11,88,1,model.layers.2.self_attn.compressor.state_cache
3607825836839533,3607825836843913,3607825837036844,3607825837406395,0,11,88,1,model.layers.2.self_attn.indexer.compressor.state_cache
3607825837695986,3607825837741186,3607825837926267,3607825838294618,0,11,88,1,model.layers.3.self_attn.compressor.state_cache
3607825895929225,3607825896311166,3607825896512247,3607825898092541,1,11,4264,4,model.layers.2.self_attn.indexer.k_cache
3607825898347052,3607825898351102,3607825898559263,3607825899000004,0,11,4264,4,model.layers.2.self_attn.attn
3607825899278305,3607825899282715,3607825899476686,3607825900092148,0,11,4264,128,model.layers.3.self_attn.attn
3607825900361168,3607825900365628,3607825900550579,3607825901071301,0,11,4264,1,model.layers.0.self_attn.swa_cache
3607825901335931,3607825901340271,3607825901522082,3607825901896003,0,11,4264,1,model.layers.1.self_attn.swa_cache
3607825902160064,3607825902164254,3607825902344594,3607825902721556,0,11,4264,1,model.layers.2.self_attn.compressor.state_cache
3607825902868706,3607825902872556,3607825903068417,3607825903448478,0,11,4264,1,model.layers.2.self_attn.indexer.compressor.state_cache
3607825903709789,3607825903752389,3607825903935139,3607825904322321,0,11,4264,1,model.layers.3.self_attn.compressor.state_cache
3607826290724058,3607826291308620,3607826291498400,3607826331332723,1,11,88,4,model.layers.2.self_attn.indexer.k_cache
3607826331685604,3607826331693234,3607826332059235,3607826332796707,0,11,88,4,model.layers.2.self_attn.attn
3607826333261528,3607826333268739,3607826333578819,3607826334470652,0,11,88,128,model.layers.3.self_attn.attn
3607826334926434,3607826334933924,3607826335239055,3607826336138217,0,11,88,1,model.layers.0.self_attn.swa_cache
3607826336591289,3607826336599039,3607826336906220,3607826337536552,0,11,88,1,model.layers.1.self_attn.swa_cache
3607826337895983,3607826337900903,3607826338104863,3607826338520375,0,11,88,1,model.layers.2.self_attn.compressor.state_cache
3607826338681505,3607826338685965,3607826338903936,3607826339317507,0,11,88,1,model.layers.2.self_attn.indexer.compressor.state_cache
3607826339604368,3607826339653728,3607826339857449,3607826340293960,0,11,88,1,model.layers.3.self_attn.compressor.state_cache
3607826396679123,3607826397035954,3607826397237685,3607826398788470,1,12,4272,4,model.layers.2.self_attn.indexer.k_cache
3607826399016631,3607826399020701,3607826399230641,3607826399666663,0,12,4272,4,model.layers.2.self_attn.attn
3607826399947243,3607826399951863,3607826400154704,3607826400697926,0,12,4272,128,model.layers.3.self_attn.attn
3607826400980267,3607826400984807,3607826401177997,3607826401722789,0,12,4272,1,model.layers.0.self_attn.swa_cache
3607826401999890,3607826402004300,3607826402193660,3607826402574651,0,12,4272,1,model.layers.1.self_attn.swa_cache
3607826402842622,3607826402847062,3607826403034393,3607826403424114,0,12,4272,1,model.layers.2.self_attn.compressor.state_cache
3607826403578135,3607826403582175,3607826403787065,3607826404180816,0,12,4272,1,model.layers.2.self_attn.indexer.compressor.state_cache
3607826404448897,3607826404489997,3607826404675368,3607826405059419,0,12,4272,1,model.layers.3.self_attn.compressor.state_cache
3607826796433852,3607826797028793,3607826797211324,3607826837466468,1,12,96,4,model.layers.2.self_attn.indexer.k_cache
3607826837762999,3607826837768019,3607826838018219,3607826838556821,0,12,96,4,model.layers.2.self_attn.attn
3607826838899462,3607826838905062,3607826839239453,3607826840564847,0,12,96,128,model.layers.3.self_attn.attn
3607826841136739,3607826841146469,3607826841522450,3607826842816894,0,12,96,1,model.layers.0.self_attn.swa_cache
3607826843376826,3607826843385846,3607826843763187,3607826844565710,0,12,96,1,model.layers.1.self_attn.swa_cache
3607826845114651,3607826845123881,3607826845497272,3607826846252735,0,12,96,1,model.layers.2.self_attn.compressor.state_cache
3607826846549486,3607826846557696,3607826846970517,3607826847509899,0,12,96,1,model.layers.2.self_attn.indexer.compressor.state_cache
3607826847775489,3607826847822300,3607826847999580,3607826848386131,0,12,96,1,model.layers.3.self_attn.compressor.state_cache
3607826903191910,3607826903767091,3607826903953482,3607826909479639,1,12,96,4,model.layers.2.self_attn.indexer.k_cache
3607826909716380,3607826909720400,3607826909925440,3607826910349962,0,12,96,4,model.layers.2.self_attn.attn
3607826910655573,3607826910659913,3607826910843823,3607826911474665,0,12,96,128,model.layers.3.self_attn.attn
3607826911895666,3607826911902676,3607826914392634,3607826915461427,0,12,96,1,model.layers.0.self_attn.swa_cache
3607826915966549,3607826915976399,3607826916268400,3607826916856542,0,12,96,1,model.layers.1.self_attn.swa_cache
3607826917261773,3607826917267983,3607826917547134,3607826918122046,0,12,96,1,model.layers.2.self_attn.compressor.state_cache
3607826918342816,3607826918348986,3607826918645987,3607826919229069,0,12,96,1,model.layers.2.self_attn.indexer.compressor.state_cache
3607826919627360,3607826919693030,3607826919934361,3607826920321632,0,12,96,1,model.layers.3.self_attn.compressor.state_cache
3607826970992038,3607826971575870,3607826971764970,3607826977415768,1,11,88,4,model.layers.2.self_attn.indexer.k_cache
3607826977721979,3607826977727789,3607826978020440,3607826978633661,0,11,88,4,model.layers.2.self_attn.attn
3607826979026533,3607826979032943,3607826979292804,3607826980200256,0,11,88,128,model.layers.3.self_attn.attn
3607826980591828,3607826980598438,3607826980860588,3607826981757541,0,11,88,1,model.layers.0.self_attn.swa_cache
3607826982147362,3607826982153542,3607826982415073,3607826982960955,0,11,88,1,model.layers.1.self_attn.swa_cache
3607826983340326,3607826983346906,3607826983609117,3607826984226489,0,11,88,1,model.layers.2.self_attn.compressor.state_cache
3607826984377809,3607826984381789,3607826984574160,3607826984947491,0,11,88,1,model.layers.2.self_attn.indexer.compressor.state_cache
3607826985213202,3607826985251672,3607826985431232,3607826985799984,0,11,88,1,model.layers.3.self_attn.compressor.state_cache
3607827034884994,3607827035466296,3607827035660527,3607827041051423,1,10,80,4,model.layers.2.self_attn.indexer.k_cache
3607827041354074,3607827041360434,3607827041659265,3607827042284317,0,10,80,4,model.layers.2.self_attn.attn
3607827042684348,3607827042690628,3607827042953299,3607827043853482,0,10,80,128,model.layers.3.self_attn.attn
3607827044261223,3607827044267383,3607827044531934,3607827045427717,0,10,80,1,model.layers.0.self_attn.swa_cache
3607827045821108,3607827045827448,3607827046088879,3607827046646210,0,10,80,1,model.layers.1.self_attn.swa_cache
3607827047034192,3607827047040472,3607827047303082,3607827047834104,0,10,80,1,model.layers.2.self_attn.compressor.state_cache
3607827048062175,3607827048067115,3607827048350296,3607827048791917,0,10,80,1,model.layers.2.self_attn.indexer.compressor.state_cache
3607827049061408,3607827049099998,3607827049282289,3607827049654520,0,10,80,1,model.layers.3.self_attn.compressor.state_cache
3607827103488665,3607827104077687,3607827104269518,3607827109364543,1,10,80,4,model.layers.2.self_attn.indexer.k_cache
3607827109592904,3607827109597164,3607827109799565,3607827110229436,0,10,80,4,model.layers.2.self_attn.attn
3607827110514707,3607827110519087,3607827110706167,3607827111334869,0,10,80,128,model.layers.3.self_attn.attn
3607827111611790,3607827111615940,3607827111797291,3607827112439793,0,10,80,1,model.layers.0.self_attn.swa_cache
3607827112716124,3607827112720514,3607827112902734,3607827113284625,0,10,80,1,model.layers.1.self_attn.swa_cache
3607827113655066,3607827113661016,3607827113921437,3607827114468989,0,10,80,1,model.layers.2.self_attn.compressor.state_cache
3607827114683250,3607827114688540,3607827114969840,3607827115511172,0,10,80,1,model.layers.2.self_attn.indexer.compressor.state_cache
3607827115898373,3607827115950523,3607827116225284,3607827116765806,0,10,80,1,model.layers.3.self_attn.compressor.state_cache
3607827170067780,3607827170642991,3607827170829202,3607827175894588,1,10,80,4,model.layers.2.self_attn.indexer.k_cache
3607827176148558,3607827176152658,3607827176361919,3607827176802290,0,10,80,4,model.layers.2.self_attn.attn
3607827177086141,3607827177090541,3607827177275682,3607827177913914,0,10,80,128,model.layers.3.self_attn.attn
3607827178191255,3607827178195865,3607827178378965,3607827179294878,0,10,80,1,model.layers.0.self_attn.swa_cache
3607827179712909,3607827179718989,3607827179980770,3607827180533682,0,10,80,1,model.layers.1.self_attn.swa_cache
3607827180920143,3607827180925933,3607827181186054,3607827181718596,0,10,80,1,model.layers.2.self_attn.compressor.state_cache
3607827181935216,3607827181941266,3607827182220447,3607827182763679,0,10,80,1,model.layers.2.self_attn.indexer.compressor.state_cache
3607827183143860,3607827183198570,3607827183461671,3607827184019283,0,10,80,1,model.layers.3.self_attn.compressor.state_cache
3607827242179511,3607827242546452,3607827242775133,3607827244504028,1,10,4256,4,model.layers.2.self_attn.indexer.k_cache
3607827244747589,3607827244751659,3607827244958740,3607827245388881,0,10,4256,4,model.layers.2.self_attn.attn
3607827245667322,3607827245671562,3607827245856073,3607827246389814,0,10,4256,128,model.layers.3.self_attn.attn
3607827246660585,3607827246664685,3607827246846216,3607827247378737,0,10,4256,1,model.layers.0.self_attn.swa_cache
3607827247647168,3607827247651648,3607827247835509,3607827248223780,0,10,4256,1,model.layers.1.self_attn.swa_cache
3607827248489561,3607827248494031,3607827248679341,3607827249048302,0,10,4256,1,model.layers.2.self_attn.compressor.state_cache
3607827249197683,3607827249201763,3607827249400743,3607827249777655,0,10,4256,1,model.layers.2.self_attn.indexer.compressor.state_cache
3607827250038445,3607827250080226,3607827250264536,3607827250641047,0,10,4256,1,model.layers.3.self_attn.compressor.state_cache
3607827642463391,3607827642811202,3607827643012603,3607827644570008,1,11,4264,4,model.layers.2.self_attn.indexer.k_cache
3607827644810158,3607827644814318,3607827645024579,3607827645455930,0,11,4264,4,model.layers.2.self_attn.attn
3607827645737781,3607827645742131,3607827645928512,3607827646461764,0,11,4264,128,model.layers.3.self_attn.attn
3607827646736224,3607827646740554,3607827646929645,3607827647457507,0,11,4264,1,model.layers.0.self_attn.swa_cache
3607827647761888,3607827647766358,3607827647953138,3607827648344579,0,11,4264,1,model.layers.1.self_attn.swa_cache
3607827648608680,3607827648612940,3607827648798351,3607827649175272,0,11,4264,1,model.layers.2.self_attn.compressor.state_cache
3607827649322182,3607827649325962,3607827649526743,3607827649903184,0,11,4264,1,model.layers.2.self_attn.indexer.compressor.state_cache
3607827650165835,3607827650211255,3607827650397916,3607827650772547,0,11,4264,1,model.layers.3.self_attn.compressor.state_cache
3607828077027117,3607828077385188,3607828077592768,3607828079165183,1,12,4272,4,model.layers.2.self_attn.indexer.k_cache
3607828079402464,3607828079406574,3607828079615945,3607828080058606,0,12,4272,4,model.layers.2.self_attn.attn
3607828080344947,3607828080349477,3607828080536117,3607828081075729,0,12,4272,128,model.layers.3.self_attn.attn
3607828081348470,3607828081352880,3607828081541261,3607828082080222,0,12,4272,1,model.layers.0.self_attn.swa_cache
3607828082351343,3607828082355943,3607828082543784,3607828082923565,0,12,4272,1,model.layers.1.self_attn.swa_cache
3607828083190656,3607828083195116,3607828083380866,3607828083759387,0,12,4272,1,model.layers.2.self_attn.compressor.state_cache
3607828083907488,3607828083911408,3607828084128368,3607828084505170,0,12,4272,1,model.layers.2.self_attn.indexer.compressor.state_cache
3607828084773590,3607828084822111,3607828085009321,3607828085384002,0,12,4272,1,model.layers.3.self_attn.compressor.state_cache
3607828516422817,3607828517017789,3607828517209419,3607828557498293,1,11,88,4,model.layers.2.self_attn.indexer.k_cache
3607828557847604,3607828557853754,3607828558159715,3607828558813587,0,11,88,4,model.layers.2.self_attn.attn
3607828559227368,3607828559234268,3607828559498969,3607828560432322,0,11,88,128,model.layers.3.self_attn.attn
3607828560834833,3607828560841093,3607828561111354,3607828562052837,0,11,88,1,model.layers.0.self_attn.swa_cache
3607828562445318,3607828562451618,3607828562716989,3607828563270711,0,11,88,1,model.layers.1.self_attn.swa_cache
3607828563653172,3607828563659542,3607828563921873,3607828564485905,0,11,88,1,model.layers.2.self_attn.compressor.state_cache
3607828564728805,3607828564735185,3607828565021266,3607828565571988,0,11,88,1,model.layers.2.self_attn.indexer.compressor.state_cache
3607828565947819,3607828566013969,3607828566276450,3607828566817812,0,11,88,1,model.layers.3.self_attn.compressor.state_cache
3607828625245681,3607828625823853,3607828626011204,3607828631384690,1,11,88,4,model.layers.2.self_attn.indexer.k_cache
3607828631637351,3607828631641501,3607828631851392,3607828632314823,0,11,88,4,model.layers.2.self_attn.attn
3607828632599004,3607828632603284,3607828632787174,3607828633418676,0,11,88,128,model.layers.3.self_attn.attn
3607828633695557,3607828633700167,3607828633883168,3607828634655140,0,11,88,1,model.layers.0.self_attn.swa_cache
3607828635007691,3607828635013831,3607828635251182,3607828635740564,0,11,88,1,model.layers.1.self_attn.swa_cache
3607828636101835,3607828636107875,3607828636355745,3607828636843727,0,11,88,1,model.layers.2.self_attn.compressor.state_cache
3607828637036618,3607828637041428,3607828637297768,3607828637789450,0,11,88,1,model.layers.2.self_attn.indexer.compressor.state_cache
3607828638131101,3607828638179461,3607828638417372,3607828638918663,0,11,88,1,model.layers.3.self_attn.compressor.state_cache
3607828691181664,3607828691779876,3607828691973156,3607828697285663,1,11,88,4,model.layers.2.self_attn.indexer.k_cache
3607828697530423,3607828697534443,3607828697744664,3607828698185355,0,11,88,4,model.layers.2.self_attn.attn
3607828698472296,3607828698476816,3607828698664687,3607828699401779,0,11,88,128,model.layers.3.self_attn.attn
3607828699801730,3607828699808120,3607828700102981,3607828701021184,0,11,88,1,model.layers.0.self_attn.swa_cache
3607828701419915,3607828701426655,3607828701695666,3607828702240408,0,11,88,1,model.layers.1.self_attn.swa_cache
3607828702628289,3607828702634609,3607828702902480,3607828703447402,0,11,88,1,model.layers.2.self_attn.compressor.state_cache
3607828703662882,3607828703668732,3607828703957953,3607828704542965,0,11,88,1,model.layers.2.self_attn.indexer.compressor.state_cache
3607828704941326,3607828704995646,3607828705259017,3607828705808699,0,11,88,1,model.layers.3.self_attn.compressor.state_cache
3607828762094582,3607828762699274,3607828762887784,3607828768249501,1,11,88,4,model.layers.2.self_attn.indexer.k_cache
3607828768482231,3607828768486421,3607828768696302,3607828769137383,0,11,88,4,model.layers.2.self_attn.attn
3607828769426804,3607828769431634,3607828769614315,3607828770264017,0,11,88,128,model.layers.3.self_attn.attn
3607828770550558,3607828770554938,3607828770741958,3607828771379840,0,11,88,1,model.layers.0.self_attn.swa_cache
3607828771659051,3607828771663621,3607828771851232,3607828772359133,0,11,88,1,model.layers.1.self_attn.swa_cache
3607828772753705,3607828772760145,3607828773020985,3607828773564457,0,11,88,1,model.layers.2.self_attn.compressor.state_cache
3607828773781048,3607828773787208,3607828774080599,3607828774632180,0,11,88,1,model.layers.2.self_attn.indexer.compressor.state_cache
3607828775019112,3607828775072602,3607828775335823,3607828775877794,0,11,88,1,model.layers.3.self_attn.compressor.state_cache
3607828829782350,3607828830357102,3607828830544922,3607828835937689,1,11,88,4,model.layers.2.self_attn.indexer.k_cache
3607828836191200,3607828836195580,3607828836415250,3607828837035362,0,11,88,4,model.layers.2.self_attn.attn
3607828837462233,3607828837468973,3607828837754064,3607828838741557,0,11,88,128,model.layers.3.self_attn.attn
3607828839172529,3607828839179289,3607828839465920,3607828840459113,0,11,88,1,model.layers.0.self_attn.swa_cache
3607828840887474,3607828840894264,3607828841182125,3607828841766957,0,11,88,1,model.layers.1.self_attn.swa_cache
3607828842180448,3607828842187238,3607828842466299,3607828843054121,0,11,88,1,model.layers.2.self_attn.compressor.state_cache
3607828843283911,3607828843289931,3607828843595342,3607828844194804,0,11,88,1,model.layers.2.self_attn.indexer.compressor.state_cache
3607828844600365,3607828844656996,3607828844937226,3607828845360368,0,11,88,1,model.layers.3.self_attn.compressor.state_cache
3607828896424695,3607828897008966,3607828897192187,3607828902770074,1,11,88,4,model.layers.2.self_attn.indexer.k_cache
3607828903101925,3607828903107895,3607828903411126,3607828904072168,0,11,88,4,model.layers.2.self_attn.attn
3607828904485959,3607828904492689,3607828904761130,3607828905725903,0,11,88,128,model.layers.3.self_attn.attn
3607828906132565,3607828906138825,3607828906405585,3607828907309828,0,11,88,1,model.layers.0.self_attn.swa_cache
3607828907712489,3607828907718649,3607828907982520,3607828908547112,0,11,88,1,model.layers.1.self_attn.swa_cache
3607828908936703,3607828908942923,3607828909208604,3607828909744476,0,11,88,1,model.layers.2.self_attn.compressor.state_cache
3607828909997326,3607828910001406,3607828910203537,3607828910585408,0,11,88,1,model.layers.2.self_attn.indexer.compressor.state_cache
3607828910859909,3607828910898089,3607828911080630,3607828911458581,0,11,88,1,model.layers.3.self_attn.compressor.state_cache
3607828962017286,3607828962605998,3607828962794309,3607828968291456,1,11,88,4,model.layers.2.self_attn.indexer.k_cache
3607828968565446,3607828968570716,3607828968844237,3607828969412969,0,11,88,4,model.layers.2.self_attn.attn
3607828969780290,3607828969785860,3607828970030401,3607828970868143,0,11,88,128,model.layers.3.self_attn.attn
3607828971236385,3607828971242145,3607828971486735,3607828972338968,0,11,88,1,model.layers.0.self_attn.swa_cache
3607828972709559,3607828972715329,3607828972956100,3607828973456011,0,11,88,1,model.layers.1.self_attn.swa_cache
3607828973804962,3607828973810492,3607828974047373,3607828974571375,0,11,88,1,model.layers.2.self_attn.compressor.state_cache
3607828974736445,3607828974740675,3607828974964616,3607828975386977,0,11,88,1,model.layers.2.self_attn.indexer.compressor.state_cache
3607828975687208,3607828975728638,3607828975930899,3607828976363990,0,11,88,1,model.layers.3.self_attn.compressor.state_cache
3607829028154579,3607829028726431,3607829028914072,3607829034227908,1,11,88,4,model.layers.2.self_attn.indexer.k_cache
3607829034473739,3607829034477879,3607829034709540,3607829035188991,0,11,88,4,model.layers.2.self_attn.attn
3607829035510392,3607829035515342,3607829035722163,3607829036367825,0,11,88,128,model.layers.3.self_attn.attn
3607829036676366,3607829036681306,3607829036882006,3607829037468378,0,11,88,1,model.layers.0.self_attn.swa_cache
3607829037774879,3607829037779699,3607829037985840,3607829038406961,0,11,88,1,model.layers.1.self_attn.swa_cache
3607829038707392,3607829038712312,3607829038914333,3607829039382704,0,11,88,1,model.layers.2.self_attn.compressor.state_cache
3607829039589765,3607829039595205,3607829039868495,3607829040399647,0,11,88,1,model.layers.2.self_attn.indexer.compressor.state_cache
3607829040772338,3607829040823728,3607829041080019,3607829041603081,0,11,88,1,model.layers.3.self_attn.compressor.state_cache
3607829094897285,3607829095481166,3607829095675137,3607829100769173,1,11,88,4,model.layers.2.self_attn.indexer.k_cache
3607829100994803,3607829100998983,3607829101208274,3607829101639405,0,11,88,4,model.layers.2.self_attn.attn
3607829101924436,3607829101929056,3607829102114157,3607829102656708,0,11,88,128,model.layers.3.self_attn.attn
3607829102942959,3607829102947449,3607829103130830,3607829103661892,0,11,88,1,model.layers.0.self_attn.swa_cache
3607829103939852,3607829103944462,3607829104298723,3607829104846225,0,11,88,1,model.layers.1.self_attn.swa_cache
3607829105244816,3607829105251136,3607829105515237,3607829106056919,0,11,88,1,model.layers.2.self_attn.compressor.state_cache
3607829106277720,3607829106283590,3607829106565640,3607829107115242,0,11,88,1,model.layers.2.self_attn.indexer.compressor.state_cache
3607829107504733,3607829107558864,3607829107822894,3607829108382576,0,11,88,1,model.layers.3.self_attn.compressor.state_cache
3607829161328499,3607829161914511,3607829162099331,3607829167451718,1,11,88,4,model.layers.2.self_attn.indexer.k_cache
3607829167730288,3607829167734308,3607829167954519,3607829168412981,0,11,88,4,model.layers.2.self_attn.attn
3607829168707631,3607829168712131,3607829168900762,3607829169540734,0,11,88,128,model.layers.3.self_attn.attn
3607829170036206,3607829170042756,3607829170328176,3607829171288969,0,11,88,1,model.layers.0.self_attn.swa_cache
3607829171711601,3607829171718301,3607829171999392,3607829172591603,0,11,88,1,model.layers.1.self_attn.swa_cache
3607829173006495,3607829173012615,3607829173292216,3607829173864897,0,11,88,1,model.layers.2.self_attn.compressor.state_cache
3607829174098338,3607829174104248,3607829174410869,3607829174990491,0,11,88,1,model.layers.2.self_attn.indexer.compressor.state_cache
3607829175408502,3607829175465082,3607829175746703,3607829176338965,0,11,88,1,model.layers.3.self_attn.compressor.state_cache
3607829227705023,3607829228286325,3607829228470165,3607829233865432,1,11,88,4,model.layers.2.self_attn.indexer.k_cache
3607829234117872,3607829234149803,3607829234472634,3607829235133976,0,11,88,4,model.layers.2.self_attn.attn
3607829235565017,3607829235571977,3607829235854408,3607829236852191,0,11,88,128,model.layers.3.self_attn.attn
3607829237280842,3607829237287502,3607829237570183,3607829238533146,0,11,88,1,model.layers.0.self_attn.swa_cache
3607829238954457,3607829238961267,3607829239241758,3607829239817060,0,11,88,1,model.layers.1.self_attn.swa_cache
3607829240243271,3607829240249871,3607829240536862,3607829241118474,0,11,88,1,model.layers.2.self_attn.compressor.state_cache
3607829241350235,3607829241356245,3607829241660296,3607829242242117,0,11,88,1,model.layers.2.self_attn.indexer.compressor.state_cache
3607829242545018,3607829242583168,3607829242765769,3607829243139100,0,11,88,1,model.layers.3.self_attn.compressor.state_cache
3607829293165404,3607829293740356,3607829293921526,3607829299502723,1,11,88,4,model.layers.2.self_attn.indexer.k_cache
3607829299776994,3607829299782324,3607829300069495,3607829300639007,0,11,88,4,model.layers.2.self_attn.attn
3607829301009818,3607829301015998,3607829301255889,3607829302086521,0,11,88,128,model.layers.3.self_attn.attn
3607829302451542,3607829302457532,3607829302700153,3607829303534906,0,11,88,1,model.layers.0.self_attn.swa_cache
3607829303893257,3607829303898807,3607829304152488,3607829304647349,0,11,88,1,model.layers.1.self_attn.swa_cache
3607829305005500,3607829305011170,3607829305244941,3607829305742363,0,11,88,1,model.layers.2.self_attn.compressor.state_cache
3607829305939543,3607829305944773,3607829306203844,3607829306757196,0,11,88,1,model.layers.2.self_attn.indexer.compressor.state_cache
3607829307030237,3607829307068507,3607829307251247,3607829307633078,0,11,88,1,model.layers.3.self_attn.compressor.state_cache
3607829358906686,3607829359490528,3607829359678978,3607829365074185,1,10,80,4,model.layers.2.self_attn.indexer.k_cache
3607829365355516,3607829365360496,3607829365617807,3607829366155648,0,10,80,4,model.layers.2.self_attn.attn
3607829366506419,3607829366512009,3607829366740450,3607829367549232,0,10,80,128,model.layers.3.self_attn.attn
3607829367901574,3607829367907044,3607829368216155,3607829368997007,0,10,80,1,model.layers.0.self_attn.swa_cache
3607829369341288,3607829369346648,3607829369574839,3607829370054650,0,10,80,1,model.layers.1.self_attn.swa_cache
3607829370395651,3607829370401111,3607829370630532,3607829371111763,0,10,80,1,model.layers.2.self_attn.compressor.state_cache
3607829371300904,3607829371305824,3607829371565465,3607829371971596,0,10,80,1,model.layers.2.self_attn.indexer.compressor.state_cache
3607829372285267,3607829372326967,3607829372526768,3607829372933049,0,10,80,1,model.layers.3.self_attn.compressor.state_cache
3607829422351931,3607829422919633,3607829423102013,3607829428285959,1,10,80,4,model.layers.2.self_attn.indexer.k_cache
3607829428624000,3607829428630470,3607829428919461,3607829429537543,0,10,80,4,model.layers.2.self_attn.attn
3607829429933854,3607829429940064,3607829430200535,3607829431102828,0,10,80,128,model.layers.3.self_attn.attn
3607829431499689,3607829431505769,3607829431766040,3607829432665953,0,10,80,1,model.layers.0.self_attn.swa_cache
3607829433059044,3607829433065454,3607829433327195,3607829433861696,0,10,80,1,model.layers.1.self_attn.swa_cache
3607829434244357,3607829434250617,3607829434509528,3607829435046810,0,10,80,1,model.layers.2.self_attn.compressor.state_cache
3607829435291361,3607829435297001,3607829435577422,3607829436129663,0,10,80,1,model.layers.2.self_attn.indexer.compressor.state_cache
3607829436507404,3607829436544675,3607829436729265,3607829437107536,0,10,80,1,model.layers.3.self_attn.compressor.state_cache
3607829486797049,3607829487360631,3607829487543151,3607829492705027,1,10,80,4,model.layers.2.self_attn.indexer.k_cache
3607829492933658,3607829492938108,3607829493250629,3607829493856341,0,10,80,4,model.layers.2.self_attn.attn
3607829494254642,3607829494260782,3607829494526703,3607829495421935,0,10,80,128,model.layers.3.self_attn.attn
3607829495816847,3607829495823447,3607829496104148,3607829496993170,0,10,80,1,model.layers.0.self_attn.swa_cache
3607829497389632,3607829497395862,3607829497657342,3607829498194854,0,10,80,1,model.layers.1.self_attn.swa_cache
3607829498579285,3607829498585275,3607829498846056,3607829499382598,0,10,80,1,model.layers.2.self_attn.compressor.state_cache
3607829499602368,3607829499607858,3607829499893759,3607829500460261,0,10,80,1,model.layers.2.self_attn.indexer.compressor.state_cache
3607829500852312,3607829500905282,3607829501158133,3607829501541814,0,10,80,1,model.layers.3.self_attn.compressor.state_cache
3607829550588675,3607829551164207,3607829551348257,3607829556485403,1,10,80,4,model.layers.2.self_attn.indexer.k_cache
3607829556712144,3607829556716194,3607829556929124,3607829557358486,0,10,80,4,model.layers.2.self_attn.attn
3607829557633347,3607829557637897,3607829557872877,3607829558662220,0,10,80,128,model.layers.3.self_attn.attn
3607829559008971,3607829559013871,3607829559239532,3607829560037304,0,10,80,1,model.layers.0.self_attn.swa_cache
3607829560386875,3607829560392385,3607829560637406,3607829561117157,0,10,80,1,model.layers.1.self_attn.swa_cache
3607829561474228,3607829561479668,3607829561707669,3607829562177051,0,10,80,1,model.layers.2.self_attn.compressor.state_cache
3607829562367481,3607829562372231,3607829562617402,3607829563087533,0,10,80,1,model.layers.2.self_attn.indexer.compressor.state_cache
3607829563425634,3607829563472605,3607829563702265,3607829564194387,0,10,80,1,model.layers.3.self_attn.compressor.state_cache
3607829615385144,3607829615969946,3607829616169717,3607829620998791,1,10,80,4,model.layers.2.self_attn.indexer.k_cache
3607829621227822,3607829621232042,3607829621437853,3607829621892544,0,10,80,4,model.layers.2.self_attn.attn
3607829622179305,3607829622183825,3607829622367856,3607829623034088,0,10,80,128,model.layers.3.self_attn.attn
3607829623432999,3607829623439669,3607829623707320,3607829624482712,0,10,80,1,model.layers.0.self_attn.swa_cache
3607829624878893,3607829624885403,3607829625144924,3607829625685776,0,10,80,1,model.layers.1.self_attn.swa_cache
3607829626071807,3607829626077877,3607829626343358,3607829626883449,0,10,80,1,model.layers.2.self_attn.compressor.state_cache
3607829627101010,3607829627106410,3607829627394821,3607829627928123,0,10,80,1,model.layers.2.self_attn.indexer.compressor.state_cache
3607829628328184,3607829628380364,3607829628641685,3607829629165126,0,10,80,1,model.layers.3.self_attn.compressor.state_cache
3607829681633818,3607829682216960,3607829682403050,3607829687624956,1,10,80,4,model.layers.2.self_attn.indexer.k_cache
3607829687934097,3607829687939777,3607829688248998,3607829688866090,0,10,80,4,model.layers.2.self_attn.attn
3607829689276141,3607829689282411,3607829689543802,3607829690446655,0,10,80,128,model.layers.3.self_attn.attn
3607829690846336,3607829690852716,3607829691117287,3607829692030520,0,10,80,1,model.layers.0.self_attn.swa_cache
3607829692432951,3607829692439241,3607829692706152,3607829693250273,0,10,80,1,model.layers.1.self_attn.swa_cache
3607829693636555,3607829693642885,3607829693908385,3607829694448997,0,10,80,1,model.layers.2.self_attn.compressor.state_cache
3607829694667638,3607829694673498,3607829694962059,3607829695498470,0,10,80,1,model.layers.2.self_attn.indexer.compressor.state_cache
3607829695843651,3607829695880082,3607829696082862,3607829696456133,0,10,80,1,model.layers.3.self_attn.compressor.state_cache
3607829746448227,3607829747029549,3607829747214659,3607829752467335,1,10,80,4,model.layers.2.self_attn.indexer.k_cache
3607829752704306,3607829752708946,3607829752933027,3607829753407078,0,10,80,4,model.layers.2.self_attn.attn
3607829753713169,3607829753718009,3607829753919480,3607829754605042,0,10,80,128,model.layers.3.self_attn.attn
3607829754909863,3607829754914363,3607829755120284,3607829755804166,0,10,80,1,model.layers.0.self_attn.swa_cache
3607829756123667,3607829756128357,3607829756329327,3607829756747719,0,10,80,1,model.layers.1.self_attn.swa_cache
3607829757046369,3607829757050910,3607829757247140,3607829757659781,0,10,80,1,model.layers.2.self_attn.compressor.state_cache
3607829757823802,3607829757827812,3607829758041813,3607829758444424,0,10,80,1,model.layers.2.self_attn.indexer.compressor.state_cache
3607829758736565,3607829758776335,3607829758976875,3607829759381487,0,10,80,1,model.layers.3.self_attn.compressor.state_cache
3607829810162353,3607829810743455,3607829810930585,3607829816097431,1,10,80,4,model.layers.2.self_attn.indexer.k_cache
3607829816324902,3607829816328822,3607829816536442,3607829817158854,0,10,80,4,model.layers.2.self_attn.attn
3607829817563105,3607829817569785,3607829817834726,3607829818743289,0,10,80,128,model.layers.3.self_attn.attn
3607829819143840,3607829819150340,3607829819420631,3607829820347474,0,10,80,1,model.layers.0.self_attn.swa_cache
3607829820746075,3607829820752095,3607829821014306,3607829821557888,0,10,80,1,model.layers.1.self_attn.swa_cache
3607829821942519,3607829821948839,3607829822210070,3607829822761401,0,10,80,1,model.layers.2.self_attn.compressor.state_cache
3607829822981402,3607829822987092,3607829823272313,3607829823812695,0,10,80,1,model.layers.2.self_attn.indexer.compressor.state_cache
3607829824213656,3607829824265316,3607829824531927,3607829825037148,0,10,80,1,model.layers.3.self_attn.compressor.state_cache
3607829874539771,3607829875125532,3607829875313563,3607829880087168,1,8,64,4,model.layers.2.self_attn.indexer.k_cache
3607829880314578,3607829880318578,3607829880528479,3607829880970240,0,8,64,4,model.layers.2.self_attn.attn
3607829881255141,3607829881259471,3607829881444932,3607829882349025,0,8,64,128,model.layers.3.self_attn.attn
3607829882739636,3607829882745466,3607829882998357,3607829883859729,0,8,64,1,model.layers.0.self_attn.swa_cache
3607829884250980,3607829884256860,3607829884510941,3607829885016973,0,8,64,1,model.layers.1.self_attn.swa_cache
3607829885386804,3607829885392454,3607829885640305,3607829886150966,0,8,64,1,model.layers.2.self_attn.compressor.state_cache
3607829886355247,3607829886360887,3607829886632778,3607829887146639,0,8,64,1,model.layers.2.self_attn.indexer.compressor.state_cache
3607829887510570,3607829887559791,3607829887809501,3607829888342463,0,8,64,1,model.layers.3.self_attn.compressor.state_cache
3607829936859302,3607829937435014,3607829937623534,3607829941607757,1,7,56,4,model.layers.2.self_attn.indexer.k_cache
3607829941829917,3607829941834027,3607829942039748,3607829942462329,0,7,56,4,model.layers.2.self_attn.attn
3607829942742830,3607829942747290,3607829942933611,3607829943584303,0,7,56,128,model.layers.3.self_attn.attn
3607829943864224,3607829943868844,3607829944069824,3607829944700366,0,7,56,1,model.layers.0.self_attn.swa_cache
3607829944976847,3607829944981227,3607829945168648,3607829945553419,0,7,56,1,model.layers.1.self_attn.swa_cache
3607829945825900,3607829945830320,3607829946012680,3607829946454292,0,7,56,1,model.layers.2.self_attn.compressor.state_cache
3607829946634472,3607829946639272,3607829946875133,3607829947335684,0,7,56,1,model.layers.2.self_attn.indexer.compressor.state_cache
3607829947654685,3607829947703005,3607829947922286,3607829948396558,0,7,56,1,model.layers.3.self_attn.compressor.state_cache
3607829999397384,3607829999978976,3607830000179727,3607830004409150,1,7,56,4,model.layers.2.self_attn.indexer.k_cache
3607830004650100,3607830004654570,3607830004880161,3607830005349363,0,7,56,4,model.layers.2.self_attn.attn
3607830005653164,3607830005657994,3607830005860684,3607830006548636,0,7,56,128,model.layers.3.self_attn.attn
3607830006877597,3607830006882367,3607830007083018,3607830007761360,0,7,56,1,model.layers.0.self_attn.swa_cache
3607830008076371,3607830008081181,3607830008284912,3607830008695103,0,7,56,1,model.layers.1.self_attn.swa_cache
3607830008989984,3607830008994734,3607830009191314,3607830009597816,0,7,56,1,model.layers.2.self_attn.compressor.state_cache
3607830009763416,3607830009767486,3607830009983207,3607830010392028,0,7,56,1,model.layers.2.self_attn.indexer.compressor.state_cache
3607830010731139,3607830010772389,3607830010985560,3607830011413501,0,7,56,1,model.layers.3.self_attn.compressor.state_cache
3607830062791139,3607830063352901,3607830063537501,3607830068066275,1,7,56,4,model.layers.2.self_attn.indexer.k_cache
3607830068330166,3607830068334966,3607830068595677,3607830069154119,0,7,56,4,model.layers.2.self_attn.attn
3607830069509460,3607830069515110,3607830069751531,3607830070561933,0,7,56,128,model.layers.3.self_attn.attn
3607830070915724,3607830070921304,3607830071154055,3607830071951637,0,7,56,1,model.layers.0.self_attn.swa_cache
3607830072324298,3607830072329748,3607830072565879,3607830073033031,0,7,56,1,model.layers.1.self_attn.swa_cache
3607830073378402,3607830073383662,3607830073614872,3607830074084024,0,7,56,1,model.layers.2.self_attn.compressor.state_cache
3607830074271264,3607830074275994,3607830074524955,3607830075000617,0,7,56,1,model.layers.2.self_attn.indexer.compressor.state_cache
3607830075336268,3607830075380188,3607830075617229,3607830075990380,0,7,56,1,model.layers.3.self_attn.compressor.state_cache
3607830126340464,3607830126909066,3607830127088847,3607830131416960,1,7,56,4,model.layers.2.self_attn.indexer.k_cache
3607830131643901,3607830131648051,3607830131856931,3607830132516373,0,7,56,4,model.layers.2.self_attn.attn
3607830132883695,3607830132889585,3607830133131405,3607830133965708,0,7,56,128,model.layers.3.self_attn.attn
3607830134325349,3607830134330839,3607830134569110,3607830135380392,0,7,56,1,model.layers.0.self_attn.swa_cache
3607830135742273,3607830135747893,3607830135992174,3607830136500866,0,7,56,1,model.layers.1.self_attn.swa_cache
3607830136850737,3607830136855987,3607830137091147,3607830137572629,0,7,56,1,model.layers.2.self_attn.compressor.state_cache
3607830137767810,3607830137773000,3607830138027600,3607830138521662,0,7,56,1,model.layers.2.self_attn.indexer.compressor.state_cache
3607830138865713,3607830138912233,3607830139148904,3607830139630665,0,7,56,1,model.layers.3.self_attn.compressor.state_cache
3607830188865057,3607830189427268,3607830189614889,3607830194011462,1,7,56,4,model.layers.2.self_attn.indexer.k_cache
3607830194229153,3607830194233203,3607830194439024,3607830194868725,0,7,56,4,model.layers.2.self_attn.attn
3607830195152346,3607830195156576,3607830195343277,3607830195995759,0,7,56,128,model.layers.3.self_attn.attn
3607830196291919,3607830196296169,3607830196481280,3607830197117552,0,7,56,1,model.layers.0.self_attn.swa_cache
3607830197495363,3607830197501113,3607830197747824,3607830198240635,0,7,56,1,model.layers.1.self_attn.swa_cache
3607830198588076,3607830198593517,3607830198833357,3607830199316929,0,7,56,1,model.layers.2.self_attn.compressor.state_cache
3607830199509859,3607830199514759,3607830199774620,3607830200275422,0,7,56,1,model.layers.2.self_attn.indexer.compressor.state_cache
3607830200637073,3607830200683593,3607830200920904,3607830201406995,0,7,56,1,model.layers.3.self_attn.compressor.state_cache
3607830252226021,3607830252941194,3607830253234824,3607830256983776,1,6,48,4,model.layers.2.self_attn.indexer.k_cache
3607830257207837,3607830257211787,3607830257418087,3607830257859129,0,6,48,4,model.layers.2.self_attn.attn
3607830258151390,3607830258155920,3607830258344280,3607830258991452,0,6,48,128,model.layers.3.self_attn.attn
3607830259274913,3607830259279323,3607830259463644,3607830260122556,0,6,48,1,model.layers.0.self_attn.swa_cache
3607830260399756,3607830260404176,3607830260586837,3607830260958918,0,6,48,1,model.layers.1.self_attn.swa_cache
3607830261229129,3607830261233259,3607830261497960,3607830261979631,0,6,48,1,model.layers.2.self_attn.compressor.state_cache
3607830262187572,3607830262191642,3607830262426073,3607830262853154,0,6,48,1,model.layers.2.self_attn.indexer.compressor.state_cache
3607830263163665,3607830263205685,3607830263503396,3607830263937547,0,6,48,1,model.layers.3.self_attn.compressor.state_cache
3607830379587063,3607830380181765,3607830380368215,3607830386094093,1,6,48,4,model.layers.2.self_attn.indexer.k_cache
3607830386417544,3607830386423154,3607830386722395,3607830387348337,0,6,48,4,model.layers.2.self_attn.attn
3607830387750838,3607830387757488,3607830388037339,3607830388961202,0,6,48,128,model.layers.3.self_attn.attn
3607830389361533,3607830389368323,3607830389636614,3607830390551896,0,6,48,1,model.layers.0.self_attn.swa_cache
3607830390945418,3607830390951968,3607830391219239,3607830391759810,0,6,48,1,model.layers.1.self_attn.swa_cache
3607830392157231,3607830392163491,3607830392427162,3607830393000224,0,6,48,1,model.layers.2.self_attn.compressor.state_cache
3607830393151534,3607830393155444,3607830393356835,3607830393735296,0,6,48,1,model.layers.2.self_attn.indexer.compressor.state_cache
3607830394008377,3607830394050027,3607830394233888,3607830394611259,0,6,48,1,model.layers.3.self_attn.compressor.state_cache
3607830448902876,3607830449475648,3607830449653838,3607830453530740,1,6,48,4,model.layers.2.self_attn.indexer.k_cache
3607830453751081,3607830453755191,3607830453959381,3607830454392233,0,6,48,4,model.layers.2.self_attn.attn
3607830454671944,3607830454676604,3607830454863894,3607830455524946,0,6,48,128,model.layers.3.self_attn.attn
3607830455804747,3607830455809267,3607830455994138,3607830456648600,0,6,48,1,model.layers.0.self_attn.swa_cache
3607830456926160,3607830456930650,3607830457116251,3607830457496962,0,6,48,1,model.layers.1.self_attn.swa_cache
3607830457828923,3607830457834413,3607830458055934,3607830458508605,0,6,48,1,model.layers.2.self_attn.compressor.state_cache
3607830458688166,3607830458692836,3607830458931777,3607830459381218,0,6,48,1,model.layers.2.self_attn.indexer.compressor.state_cache
3607830459708229,3607830459751209,3607830459969900,3607830460434461,0,6,48,1,model.layers.3.self_attn.compressor.state_cache
3607830514237507,3607830514809768,3607830514991949,3607830518956931,1,6,48,4,model.layers.2.self_attn.indexer.k_cache
3607830519205112,3607830519209272,3607830519414442,3607830519854154,0,6,48,4,model.layers.2.self_attn.attn
3607830520147695,3607830520152265,3607830520340665,3607830520979307,0,6,48,128,model.layers.3.self_attn.attn
3607830521260608,3607830521264978,3607830521451509,3607830522082111,0,6,48,1,model.layers.0.self_attn.swa_cache
3607830522404352,3607830522409692,3607830522638262,3607830523092024,0,6,48,1,model.layers.1.self_attn.swa_cache
3607830523411255,3607830523416555,3607830523635645,3607830524115657,0,6,48,1,model.layers.2.self_attn.compressor.state_cache
3607830524302748,3607830524307668,3607830524549718,3607830525001200,0,6,48,1,model.layers.2.self_attn.indexer.compressor.state_cache
3607830525322981,3607830525365851,3607830525588421,3607830526039623,0,6,48,1,model.layers.3.self_attn.compressor.state_cache
3607830577360771,3607830577931852,3607830578114203,3607830582025845,1,6,48,4,model.layers.2.self_attn.indexer.k_cache
3607830582240536,3607830582244296,3607830582448846,3607830582889678,0,6,48,4,model.layers.2.self_attn.attn
3607830583173008,3607830583177438,3607830583362309,3607830583998741,0,6,48,128,model.layers.3.self_attn.attn
3607830584308452,3607830584313322,3607830584504923,3607830585149475,0,6,48,1,model.layers.0.self_attn.swa_cache
3607830585425335,3607830585429535,3607830585613336,3607830585999737,0,6,48,1,model.layers.1.self_attn.swa_cache
3607830586271608,3607830586276018,3607830586459009,3607830586840580,0,6,48,1,model.layers.2.self_attn.compressor.state_cache
3607830586991260,3607830586995170,3607830587191371,3607830587653102,0,6,48,1,model.layers.2.self_attn.indexer.compressor.state_cache
3607830587981943,3607830588036113,3607830588266744,3607830588721625,0,6,48,1,model.layers.3.self_attn.compressor.state_cache
3607830639809243,3607830640402394,3607830640585465,3607830644685187,1,6,48,4,model.layers.2.self_attn.indexer.k_cache
3607830644963858,3607830644968548,3607830645213579,3607830645729051,0,6,48,4,model.layers.2.self_attn.attn
3607830646068052,3607830646073202,3607830646295042,3607830647066295,0,6,48,128,model.layers.3.self_attn.attn
3607830647403726,3607830647408556,3607830647626267,3607830648397209,0,6,48,1,model.layers.0.self_attn.swa_cache
3607830648732620,3607830648738070,3607830648959971,3607830649413542,0,6,48,1,model.layers.1.self_attn.swa_cache
3607830649740373,3607830649745623,3607830649970424,3607830650433875,0,6,48,1,model.layers.2.self_attn.compressor.state_cache
3607830650614556,3607830650619156,3607830650861566,3607830651312378,0,6,48,1,model.layers.2.self_attn.indexer.compressor.state_cache
3607830651634739,3607830651682249,3607830651904180,3607830652370661,0,6,48,1,model.layers.3.self_attn.compressor.state_cache
3607830703199367,3607830703905599,3607830704213740,3607830707533021,1,5,40,4,model.layers.2.self_attn.indexer.k_cache
3607830707762011,3607830707766101,3607830707973822,3607830708427513,0,5,40,4,model.layers.2.self_attn.attn
3607830708734124,3607830708738914,3607830708925495,3607830709570637,0,5,40,128,model.layers.3.self_attn.attn
3607830709919088,3607830709924268,3607830710127609,3607830710815101,0,5,40,1,model.layers.0.self_attn.swa_cache
3607830711115172,3607830711119822,3607830711317642,3607830711728184,0,5,40,1,model.layers.1.self_attn.swa_cache
3607830712051715,3607830712056445,3607830712339145,3607830712748377,0,5,40,1,model.layers.2.self_attn.compressor.state_cache
3607830712912467,3607830712916707,3607830713132128,3607830713539939,0,5,40,1,model.layers.2.self_attn.indexer.compressor.state_cache
3607830713854470,3607830713898420,3607830714188531,3607830714594592,0,5,40,1,model.layers.3.self_attn.compressor.state_cache
3607830829076214,3607830829656486,3607830829841697,3607830844244681,1,5,40,4,model.layers.2.self_attn.indexer.k_cache
3607830844535312,3607830844540572,3607830844811503,3607830845391394,0,5,40,4,model.layers.2.self_attn.attn
3607830845758135,3607830845764106,3607830846011766,3607830846843689,0,5,40,128,model.layers.3.self_attn.attn
3607830847201700,3607830847207470,3607830847448381,3607830848285873,0,5,40,1,model.layers.0.self_attn.swa_cache
3607830848673054,3607830848678184,3607830848888605,3607830849334406,0,5,40,1,model.layers.1.self_attn.swa_cache
3607830849644947,3607830849649967,3607830849861248,3607830850298369,0,5,40,1,model.layers.2.self_attn.compressor.state_cache
3607830850469450,3607830850473900,3607830850704631,3607830851139832,0,5,40,1,model.layers.2.self_attn.indexer.compressor.state_cache
3607830851451723,3607830851494663,3607830851708744,3607830852168915,0,5,40,1,model.layers.3.self_attn.compressor.state_cache
3607830909770692,3607830910344904,3607830910531875,3607830914439247,1,5,40,4,model.layers.2.self_attn.indexer.k_cache
3607830914689687,3607830914694657,3607830914947468,3607830915466820,0,5,40,4,model.layers.2.self_attn.attn
3607830915805761,3607830915811031,3607830916055982,3607830916820974,0,5,40,128,model.layers.3.self_attn.attn
3607830917157895,3607830917163235,3607830917387956,3607830918156648,0,5,40,1,model.layers.0.self_attn.swa_cache
3607830918489729,3607830918495089,3607830918719220,3607830919169671,0,5,40,1,model.layers.1.self_attn.swa_cache
3607830919494162,3607830919499652,3607830919718773,3607830920187744,0,5,40,1,model.layers.2.self_attn.compressor.state_cache
3607830920370265,3607830920375325,3607830920611896,3607830921060357,0,5,40,1,model.layers.2.self_attn.indexer.compressor.state_cache
3607830921384808,3607830921427748,3607830921650139,3607830922086870,0,5,40,1,model.layers.3.self_attn.compressor.state_cache
3607830973413438,3607830973993690,3607830974174650,3607830977961192,1,5,40,4,model.layers.2.self_attn.indexer.k_cache
3607830978178542,3607830978182552,3607830978437413,3607830978961185,0,5,40,4,model.layers.2.self_attn.attn
3607830979299566,3607830979305046,3607830979529907,3607830980317209,0,5,40,128,model.layers.3.self_attn.attn
3607830980654960,3607830980660110,3607830980887321,3607830981646323,0,5,40,1,model.layers.0.self_attn.swa_cache
3607830982009584,3607830982014784,3607830982240595,3607830982695116,0,5,40,1,model.layers.1.self_attn.swa_cache
3607830983020267,3607830983025277,3607830983247958,3607830983703389,0,5,40,1,model.layers.2.self_attn.compressor.state_cache
3607830983885360,3607830983889970,3607830984142931,3607830984594652,0,5,40,1,model.layers.2.self_attn.indexer.compressor.state_cache
3607830984916163,3607830984959183,3607830985180744,3607830985635855,0,5,40,1,model.layers.3.self_attn.compressor.state_cache
3607831037149024,3607831037848626,3607831038145557,3607831041095166,1,4,32,4,model.layers.2.self_attn.indexer.k_cache
3607831041313137,3607831041316967,3607831041521177,3607831041945908,0,4,32,4,model.layers.2.self_attn.attn
3607831042227299,3607831042231619,3607831042416670,3607831043068672,0,4,32,128,model.layers.3.self_attn.attn
3607831043394663,3607831043399243,3607831043599564,3607831044301286,0,4,32,1,model.layers.0.self_attn.swa_cache
3607831044601967,3607831044606677,3607831044806447,3607831045212699,0,4,32,1,model.layers.1.self_attn.swa_cache
3607831045506629,3607831045511349,3607831045796260,3607831046201522,0,4,32,1,model.layers.2.self_attn.compressor.state_cache
3607831046365132,3607831046369302,3607831046584953,3607831046997204,0,4,32,1,model.layers.2.self_attn.indexer.compressor.state_cache
3607831047291065,3607831047331345,3607831047615336,3607831048034297,0,4,32,1,model.layers.3.self_attn.compressor.state_cache
3607831162835270,3607831163408462,3607831163594202,3607831169758641,1,4,32,4,model.layers.2.self_attn.indexer.k_cache
3607831170021642,3607831170026762,3607831170288013,3607831170836875,0,4,32,4,model.layers.2.self_attn.attn
3607831171194086,3607831171199746,3607831171429606,3607831172253149,0,4,32,128,model.layers.3.self_attn.attn
3607831172605420,3607831172611110,3607831172841771,3607831173656833,0,4,32,1,model.layers.0.self_attn.swa_cache
3607831174002024,3607831174007554,3607831174240985,3607831174717387,0,4,32,1,model.layers.1.self_attn.swa_cache
3607831175176958,3607831175182428,3607831175418789,3607831175899040,0,4,32,1,model.layers.2.self_attn.compressor.state_cache
3607831176101591,3607831176106721,3607831176360622,3607831176832393,0,4,32,1,model.layers.2.self_attn.indexer.compressor.state_cache
3607831177170474,3607831177218274,3607831177451935,3607831177931506,0,4,32,1,model.layers.3.self_attn.compressor.state_cache
3607831232485254,3607831233051376,3607831233236756,3607831236686087,1,4,32,4,model.layers.2.self_attn.indexer.k_cache
3607831236897598,3607831236901518,3607831237108798,3607831237537990,0,4,32,4,model.layers.2.self_attn.attn
3607831237819160,3607831237823721,3607831238011811,3607831238674113,0,4,32,128,model.layers.3.self_attn.attn
3607831238950544,3607831238955024,3607831239141305,3607831239779707,0,4,32,1,model.layers.0.self_attn.swa_cache
3607831240140058,3607831240145298,3607831240361708,3607831240796230,0,4,32,1,model.layers.1.self_attn.swa_cache
3607831241109241,3607831241114511,3607831241328851,3607831241772753,0,4,32,1,model.layers.2.self_attn.compressor.state_cache
3607831241945483,3607831241950243,3607831242182414,3607831242613415,0,4,32,1,model.layers.2.self_attn.indexer.compressor.state_cache
3607831242925386,3607831242967096,3607831243175577,3607831243600198,0,4,32,1,model.layers.3.self_attn.compressor.state_cache
3607831298612737,3607831299310210,3607831299595580,3607831302476529,1,3,24,4,model.layers.2.self_attn.indexer.k_cache
3607831302696020,3607831302700290,3607831302909841,3607831303333582,0,3,24,4,model.layers.2.self_attn.attn
3607831303641453,3607831303646053,3607831303835523,3607831304500265,0,3,24,128,model.layers.3.self_attn.attn
3607831304859397,3607831304864277,3607831305059527,3607831305718879,0,3,24,1,model.layers.0.self_attn.swa_cache
3607831305999250,3607831306004010,3607831306193121,3607831306590692,0,3,24,1,model.layers.1.self_attn.swa_cache
3607831306895173,3607831306900173,3607831307174074,3607831307562945,0,3,24,1,model.layers.2.self_attn.compressor.state_cache
3607831307746915,3607831307751125,3607831307959156,3607831308370517,0,3,24,1,model.layers.2.self_attn.indexer.compressor.state_cache
3607831308673568,3607831308712248,3607831308978429,3607831309368830,0,3,24,1,model.layers.3.self_attn.compressor.state_cache
3607831436805012,3607831437504234,3607831437795085,3607831440982745,1,2,16,4,model.layers.2.self_attn.indexer.k_cache
3607831441215066,3607831441219086,3607831441429516,3607831441863788,0,2,16,4,model.layers.2.self_attn.attn
3607831442149559,3607831442153739,3607831442339019,3607831442976741,0,2,16,128,model.layers.3.self_attn.attn
3607831443256032,3607831443260372,3607831443445162,3607831444183975,0,2,16,1,model.layers.0.self_attn.swa_cache
3607831444483106,3607831444487616,3607831444688296,3607831445094778,0,2,16,1,model.layers.1.self_attn.swa_cache
3607831445385998,3607831445390618,3607831445677129,3607831446088801,0,2,16,1,model.layers.2.self_attn.compressor.state_cache
3607831446248311,3607831446252521,3607831446471262,3607831446881873,0,2,16,1,model.layers.2.self_attn.indexer.compressor.state_cache
3607831447173854,3607831447217564,3607831447499395,3607831447909186,0,2,16,1,model.layers.3.self_attn.compressor.state_cache
3607831555331916,3607831555915418,3607831556107869,3607831563990563,1,2,16,4,model.layers.2.self_attn.indexer.k_cache
3607831564217534,3607831564221584,3607831564432894,3607831564870036,0,2,16,4,model.layers.2.self_attn.attn
3607831565149387,3607831565153637,3607831565344117,3607831566003479,0,2,16,128,model.layers.3.self_attn.attn
3607831566463841,3607831566470421,3607831566755521,3607831567755435,0,2,16,1,model.layers.0.self_attn.swa_cache
3607831568187896,3607831568194476,3607831568476857,3607831569052459,0,2,16,1,model.layers.1.self_attn.swa_cache
3607831569463770,3607831569470200,3607831569745481,3607831570313302,0,2,16,1,model.layers.2.self_attn.compressor.state_cache
3607831570543953,3607831570550253,3607831570854584,3607831571439606,0,2,16,1,model.layers.2.self_attn.indexer.compressor.state_cache
3607831571842377,3607831571897807,3607831572191978,3607831572768490,0,2,16,1,model.layers.3.self_attn.compressor.state_cache
3607831622435653,3607831623015094,3607831623201815,3607831627998040,1,2,16,4,model.layers.2.self_attn.indexer.k_cache
3607831628224750,3607831628228940,3607831628435531,3607831628868732,0,2,16,4,model.layers.2.self_attn.attn
3607831629146243,3607831629150643,3607831629334404,3607831629968936,0,2,16,128,model.layers.3.self_attn.attn
3607831630247847,3607831630252167,3607831630439547,3607831631226630,0,2,16,1,model.layers.0.self_attn.swa_cache
3607831631599391,3607831631605251,3607831631852962,3607831632395213,0,2,16,1,model.layers.1.self_attn.swa_cache
3607831632769424,3607831632775044,3607831633028965,3607831633547877,0,2,16,1,model.layers.2.self_attn.compressor.state_cache
3607831633752657,3607831633757637,3607831634030848,3607831634547380,0,2,16,1,model.layers.2.self_attn.indexer.compressor.state_cache
3607831634905121,3607831634953341,3607831635205992,3607831635709173,0,2,16,1,model.layers.3.self_attn.compressor.state_cache
3607831687108871,3607831687666763,3607831687851634,3607831693768052,1,2,16,4,model.layers.2.self_attn.indexer.k_cache
3607831693988693,3607831693992823,3607831694198213,3607831694625595,0,2,16,4,model.layers.2.self_attn.attn
3607831694904755,3607831694909205,3607831695094496,3607831695927969,0,2,16,128,model.layers.3.self_attn.attn
3607831696421760,3607831696429170,3607831696739621,3607831697801304,0,2,16,1,model.layers.0.self_attn.swa_cache
3607831698255586,3607831698262846,3607831698571527,3607831699205419,0,2,16,1,model.layers.1.self_attn.swa_cache
3607831699655670,3607831699662510,3607831699969871,3607831700637693,0,2,16,1,model.layers.2.self_attn.compressor.state_cache
3607831700894004,3607831700900614,3607831701224205,3607831701846757,0,2,16,1,model.layers.2.self_attn.indexer.compressor.state_cache
3607831702286188,3607831702346128,3607831702658749,3607831703281621,0,2,16,1,model.layers.3.self_attn.compressor.state_cache
3607831751422199,3607831751990001,3607831752213632,3607831757094807,1,2,16,4,model.layers.2.self_attn.indexer.k_cache
3607831757338077,3607831757342067,3607831757545158,3607831757974709,0,2,16,4,model.layers.2.self_attn.attn
3607831758257040,3607831758261510,3607831758451411,3607831759096933,0,2,16,128,model.layers.3.self_attn.attn
3607831759375954,3607831759380394,3607831759565854,3607831760389577,0,2,16,1,model.layers.0.self_attn.swa_cache
3607831760782938,3607831760789478,3607831761050799,3607831761597400,0,2,16,1,model.layers.1.self_attn.swa_cache
3607831761983902,3607831761990342,3607831762251652,3607831762791914,0,2,16,1,model.layers.2.self_attn.compressor.state_cache
3607831763006445,3607831763012205,3607831763299166,3607831763842967,0,2,16,1,model.layers.2.self_attn.indexer.compressor.state_cache
3607831764245568,3607831764298469,3607831764569019,3607831765114131,0,2,16,1,model.layers.3.self_attn.compressor.state_cache
3607831814568613,3607831815145655,3607831815328896,3607831820421381,1,2,16,4,model.layers.2.self_attn.indexer.k_cache
3607831820638532,3607831820642422,3607831820848732,3607831821293574,0,2,16,4,model.layers.2.self_attn.attn
3607831821574215,3607831821578415,3607831821762345,3607831822397187,0,2,16,128,model.layers.3.self_attn.attn
3607831822678428,3607831822682888,3607831822870209,3607831823497731,0,2,16,1,model.layers.0.self_attn.swa_cache
3607831823774011,3607831823778541,3607831823958372,3607831824346493,0,2,16,1,model.layers.1.self_attn.swa_cache
3607831824621614,3607831824625944,3607831824808185,3607831825308776,0,2,16,1,model.layers.2.self_attn.compressor.state_cache
3607831825525547,3607831825531287,3607831825814498,3607831826355899,0,2,16,1,model.layers.2.self_attn.indexer.compressor.state_cache
3607831826738231,3607831826790771,3607831827051962,3607831827594293,0,2,16,1,model.layers.3.self_attn.compressor.state_cache
3607831878091198,3607831878662450,3607831878849401,3607831883702906,1,2,16,4,model.layers.2.self_attn.indexer.k_cache
3607831883942916,3607831883947636,3607831884199857,3607831884699419,0,2,16,4,model.layers.2.self_attn.attn
3607831885028100,3607831885033090,3607831885247700,3607831885995013,0,2,16,128,model.layers.3.self_attn.attn
3607831886315074,3607831886320244,3607831886535764,3607831887287637,0,2,16,1,model.layers.0.self_attn.swa_cache
3607831887608078,3607831887612868,3607831887824868,3607831888272140,0,2,16,1,model.layers.1.self_attn.swa_cache
3607831888588421,3607831888593511,3607831888807251,3607831889242643,0,2,16,1,model.layers.2.self_attn.compressor.state_cache
3607831889416033,3607831889420373,3607831889650204,3607831890080995,0,2,16,1,model.layers.2.self_attn.indexer.compressor.state_cache
3607831890426086,3607831890466466,3607831890668067,3607831891088838,0,2,16,1,model.layers.3.self_attn.compressor.state_cache
3607831941110162,3607831941682344,3607831941868194,3607831946575899,1,2,16,4,model.layers.2.self_attn.indexer.k_cache
3607831946791240,3607831946795370,3607831947159031,3607831947758383,0,2,16,4,model.layers.2.self_attn.attn
3607831948154934,3607831948161224,3607831948413245,3607831949287507,0,2,16,128,model.layers.3.self_attn.attn
3607831949669288,3607831949675448,3607831949929859,3607831950798802,0,2,16,1,model.layers.0.self_attn.swa_cache
3607831951174163,3607831951179933,3607831951430134,3607831951956585,0,2,16,1,model.layers.1.self_attn.swa_cache
3607831952344027,3607831952349897,3607831952597657,3607831953118879,0,2,16,1,model.layers.2.self_attn.compressor.state_cache
3607831953329410,3607831953334800,3607831953615711,3607831954117642,0,2,16,1,model.layers.2.self_attn.indexer.compressor.state_cache
3607831954486403,3607831954534563,3607831954782044,3607831955267106,0,2,16,1,model.layers.3.self_attn.compressor.state_cache
3607832004018475,3607832004595667,3607832004777188,3607832009385112,1,2,16,4,model.layers.2.self_attn.indexer.k_cache
3607832009604173,3607832009608213,3607832009816543,3607832010253815,0,2,16,4,model.layers.2.self_attn.attn
3607832010535486,3607832010540076,3607832010724426,3607832011365268,0,2,16,128,model.layers.3.self_attn.attn
3607832011644269,3607832011648699,3607832011904710,3607832012693142,0,2,16,1,model.layers.0.self_attn.swa_cache
3607832013053283,3607832013058653,3607832013279614,3607832013738025,0,2,16,1,model.layers.1.self_attn.swa_cache
3607832014065096,3607832014070536,3607832014290787,3607832014751588,0,2,16,1,model.layers.2.self_attn.compressor.state_cache
3607832014933959,3607832014938609,3607832015177680,3607832015638921,0,2,16,1,model.layers.2.self_attn.indexer.compressor.state_cache
3607832015964942,3607832016021972,3607832016247563,3607832016707214,0,2,16,1,model.layers.3.self_attn.compressor.state_cache
3607832067789252,3607832068372033,3607832068558694,3607832073252458,1,1,8,4,model.layers.2.self_attn.indexer.k_cache
3607832073467539,3607832073471789,3607832073677910,3607832074111591,0,1,8,4,model.layers.2.self_attn.attn
3607832074397512,3607832074401972,3607832074590222,3607832075235084,0,1,8,128,model.layers.3.self_attn.attn
3607832075517755,3607832075522365,3607832075704656,3607832076417988,0,1,8,1,model.layers.0.self_attn.swa_cache
3607832076801569,3607832076807539,3607832077060880,3607832077586182,0,1,8,1,model.layers.1.self_attn.swa_cache
3607832077954743,3607832077960673,3607832078216254,3607832078745855,0,1,8,1,model.layers.2.self_attn.compressor.state_cache
3607832078949536,3607832078954966,3607832079226327,3607832079744498,0,1,8,1,model.layers.2.self_attn.indexer.compressor.state_cache
3607832080127589,3607832080176760,3607832080425740,3607832080940902,0,1,8,1,model.layers.3.self_attn.compressor.state_cache
3607832130076823,3607832130654605,3607832130839515,3607832138528429,1,1,8,4,model.layers.2.self_attn.indexer.k_cache
3607832138756540,3607832138760920,3607832138990870,3607832139462222,0,1,8,4,model.layers.2.self_attn.attn
3607832139788373,3607832139792993,3607832139991233,3607832140715816,0,1,8,128,model.layers.3.self_attn.attn
3607832141020597,3607832141025307,3607832141320928,3607832142574701,0,1,8,1,model.layers.0.self_attn.swa_cache
3607832143104743,3607832143112913,3607832143471304,3607832144225586,0,1,8,1,model.layers.1.self_attn.swa_cache
3607832144744778,3607832144752938,3607832145100119,3607832145815931,0,1,8,1,model.layers.2.self_attn.compressor.state_cache
3607832146102512,3607832146110132,3607832146491843,3607832147218956,0,1,8,1,model.layers.2.self_attn.indexer.compressor.state_cache
3607832147735097,3607832147803977,3607832148183469,3607832148906651,0,1,8,1,model.layers.3.self_attn.compressor.state_cache
3607832195990636,3607832196577187,3607832196764628,3607832201643893,1,1,8,4,model.layers.2.self_attn.indexer.k_cache
3607832201862154,3607832201865944,3607832202072624,3607832202508826,0,1,8,4,model.layers.2.self_attn.attn
3607832202792006,3607832202796176,3607832202989207,3607832203627269,0,1,8,128,model.layers.3.self_attn.attn
3607832203907400,3607832203911500,3607832204111371,3607832204751212,0,1,8,1,model.layers.0.self_attn.swa_cache
3607832205033923,3607832205038083,3607832205222684,3607832205598995,0,1,8,1,model.layers.1.self_attn.swa_cache
3607832206006286,3607832206012496,3607832206266377,3607832206783839,0,1,8,1,model.layers.2.self_attn.compressor.state_cache
3607832206991419,3607832206996899,3607832207272550,3607832207788422,0,1,8,1,model.layers.2.self_attn.indexer.compressor.state_cache
3607832208164003,3607832208213493,3607832208466374,3607832208988606,0,1,8,1,model.layers.3.self_attn.compressor.state_cache
3607832257078593,3607832257647705,3607832257830476,3607832264953428,1,1,8,4,model.layers.2.self_attn.indexer.k_cache
3607832265262348,3607832265268929,3607832265589389,3607832266266772,0,1,8,4,model.layers.2.self_attn.attn
3607832266704443,3607832266711193,3607832266998664,3607832268022467,0,1,8,128,model.layers.3.self_attn.attn
3607832268466938,3607832268474238,3607832268770329,3607832269768092,0,1,8,1,model.layers.0.self_attn.swa_cache
3607832270203704,3607832270210864,3607832270498095,3607832271124626,0,1,8,1,model.layers.1.self_attn.swa_cache
3607832271440247,3607832271445217,3607832271661968,3607832272116570,0,1,8,1,model.layers.2.self_attn.compressor.state_cache
3607832272292140,3607832272296880,3607832272528231,3607832272967362,0,1,8,1,model.layers.2.self_attn.indexer.compressor.state_cache
3607832273296213,3607832273340013,3607832273550034,3607832273986025,0,1,8,1,model.layers.3.self_attn.compressor.state_cache
3607832320854299,3607832321424461,3607832321611662,3607832327706890,1,1,8,4,model.layers.2.self_attn.indexer.k_cache
3607832328020111,3607832328026271,3607832328326072,3607832328956664,0,1,8,4,model.layers.2.self_attn.attn
3607832329361836,3607832329368376,3607832329640366,3607832330574669,0,1,8,128,model.layers.3.self_attn.attn
3607832330977540,3607832330983930,3607832331253651,3607832332187084,0,1,8,1,model.layers.0.self_attn.swa_cache
3607832332582635,3607832332588725,3607832332856486,3607832333392218,0,1,8,1,model.layers.1.self_attn.swa_cache
3607832333777119,3607832333783109,3607832334047050,3607832334597402,0,1,8,1,model.layers.2.self_attn.compressor.state_cache
3607832334811822,3607832334817352,3607832335101413,3607832335663555,0,1,8,1,model.layers.2.self_attn.indexer.compressor.state_cache
3607832335936966,3607832335973536,3607832336168596,3607832336540278,0,1,8,1,model.layers.3.self_attn.compressor.state_cache
3607832383008480,3607832383576112,3607832383756693,3607832390532114,1,1,8,4,model.layers.2.self_attn.indexer.k_cache
3607832390746234,3607832390750584,3607832390957815,3607832391387326,0,1,8,4,model.layers.2.self_attn.attn
3607832391671017,3607832391675117,3607832391858348,3607832392938001,0,1,8,128,model.layers.3.self_attn.attn
3607832393465213,3607832393472903,3607832393818654,3607832394995847,0,1,8,1,model.layers.0.self_attn.swa_cache
3607832395501999,3607832395510419,3607832395852880,3607832396593232,0,1,8,1,model.layers.1.self_attn.swa_cache
3607832397098014,3607832397105774,3607832397447255,3607832398144697,0,1,8,1,model.layers.2.self_attn.compressor.state_cache
3607832398422128,3607832398428768,3607832398796819,3607832399491301,0,1,8,1,model.layers.2.self_attn.indexer.compressor.state_cache
3607832399992033,3607832400072933,3607832400376634,3607832400749865,0,1,8,1,model.layers.3.self_attn.compressor.state_cache
3607832446830267,3607832447396358,3607832447575999,3607832453959618,1,1,8,4,model.layers.2.self_attn.indexer.k_cache
3607832454176189,3607832454180209,3607832454386060,3607832454817161,0,1,8,4,model.layers.2.self_attn.attn
3607832455098102,3607832455102432,3607832455285013,3607832455932205,0,1,8,128,model.layers.3.self_attn.attn
3607832456226035,3607832456230245,3607832456415096,3607832457054908,0,1,8,1,model.layers.0.self_attn.swa_cache
3607832457577180,3607832457584980,3607832457918931,3607832458606683,0,1,8,1,model.layers.1.self_attn.swa_cache
3607832459087724,3607832459095274,3607832459420655,3607832460109337,0,1,8,1,model.layers.2.self_attn.compressor.state_cache
3607832460376368,3607832460383508,3607832460744119,3607832461413211,0,1,8,1,model.layers.2.self_attn.indexer.compressor.state_cache
3607832461895593,3607832461958033,3607832462289004,3607832462955416,0,1,8,1,model.layers.3.self_attn.compressor.state_cache
3607832509985501,3607832510552072,3607832510740903,3607832517251393,1,1,8,4,model.layers.2.self_attn.indexer.k_cache
3607832517504764,3607832517509494,3607832517757065,3607832518280286,0,1,8,4,model.layers.2.self_attn.attn
3607832518622237,3607832518627667,3607832518848158,3607832519636150,0,1,8,128,model.layers.3.self_attn.attn
3607832519978471,3607832519984001,3607832520226252,3607832521009385,0,1,8,1,model.layers.0.self_attn.swa_cache
3607832521349316,3607832521354576,3607832521582776,3607832522150588,0,1,8,1,model.layers.1.self_attn.swa_cache
3607832522545389,3607832522551389,3607832522813420,3607832523353932,0,1,8,1,model.layers.2.self_attn.compressor.state_cache
3607832523570272,3607832523575702,3607832523865283,3607832524444695,0,1,8,1,model.layers.2.self_attn.indexer.compressor.state_cache
3607832524838366,3607832524889916,3607832525149867,3607832525692679,0,1,8,1,model.layers.3.self_attn.compressor.state_cache
3607833433996061,3607833434250202,3607833434483332,3607833436326088,1,1,88,4,model.layers.2.self_attn.indexer.k_cache
3607833436569429,3607833436573349,3607833436777240,3607833437189461,0,1,88,4,model.layers.2.self_attn.attn
3607833437487762,3607833437491972,3607833437673542,3607833438291484,0,1,88,128,model.layers.3.self_attn.attn
3607833438556555,3607833438560675,3607833438738066,3607833439337487,0,1,88,1,model.layers.0.self_attn.swa_cache
3607833439601338,3607833439605708,3607833439789499,3607833440177850,0,1,88,1,model.layers.1.self_attn.swa_cache
3607833440439201,3607833440443181,3607833440623341,3607833440981052,0,1,88,1,model.layers.2.self_attn.compressor.state_cache
3607833441122803,3607833441126533,3607833441322543,3607833441683055,0,1,88,1,model.layers.2.self_attn.indexer.compressor.state_cache
3607833441937215,3607833441981936,3607833442163566,3607833442529507,0,1,88,1,model.layers.3.self_attn.compressor.state_cache
3607833831971754,3607833832568296,3607833832757297,3607833873080621,1,1,8,4,model.layers.2.self_attn.indexer.k_cache
3607833873562432,3607833873572582,3607833874068744,3607833875126097,0,1,8,4,model.layers.2.self_attn.attn
3607833875790179,3607833875800759,3607833876286991,3607833877937666,0,1,8,128,model.layers.3.self_attn.attn
3607833878601488,3607833878612978,3607833879061809,3607833880616094,0,1,8,1,model.layers.0.self_attn.swa_cache
3607833881194886,3607833881199156,3607833881382846,3607833881767807,0,1,8,1,model.layers.1.self_attn.swa_cache
3607833882030328,3607833882035018,3607833882217289,3607833882587790,0,1,8,1,model.layers.2.self_attn.compressor.state_cache
3607833882733700,3607833882737820,3607833882931281,3607833883295082,0,1,8,1,model.layers.2.self_attn.indexer.compressor.state_cache
3607833883560433,3607833883602963,3607833883789054,3607833884173575,0,1,8,1,model.layers.3.self_attn.compressor.state_cache
3607833950176568,3607833950694399,3607833951002080,3607833952815836,1,4,264,4,model.layers.2.self_attn.indexer.k_cache
3607833953053337,3607833953057127,3607833953264837,3607833953686469,0,4,264,4,model.layers.2.self_attn.attn
3607833953968049,3607833953972269,3607833954155870,3607833954792172,0,4,264,128,model.layers.3.self_attn.attn
3607833955068763,3607833955073083,3607833955255523,3607833955888535,0,4,264,1,model.layers.0.self_attn.swa_cache
3607833956174466,3607833956178826,3607833956366117,3607833956743708,0,4,264,1,model.layers.1.self_attn.swa_cache
3607833957013529,3607833957017889,3607833957286890,3607833957660291,0,4,264,1,model.layers.2.self_attn.compressor.state_cache
3607833957806961,3607833957810901,3607833958008442,3607833958393493,0,4,264,1,model.layers.2.self_attn.indexer.compressor.state_cache
3607833958659424,3607833958701284,3607833958961975,3607833959344746,0,4,264,1,model.layers.3.self_attn.compressor.state_cache
3607834353327497,3607834353905629,3607834354089539,3607834396327169,1,4,32,4,model.layers.2.self_attn.indexer.k_cache
3607834396617320,3607834396622420,3607834396868801,3607834397388302,0,4,32,4,model.layers.2.self_attn.attn
3607834397716684,3607834397721804,3607834397935874,3607834398698087,0,4,32,128,model.layers.3.self_attn.attn
3607834399065648,3607834399070818,3607834399287588,3607834400041741,0,4,32,1,model.layers.0.self_attn.swa_cache
3607834400382552,3607834400388052,3607834400607412,3607834401060904,0,4,32,1,model.layers.1.self_attn.swa_cache
3607834401376155,3607834401381375,3607834401592825,3607834402042347,0,4,32,1,model.layers.2.self_attn.compressor.state_cache
3607834402217377,3607834402222617,3607834402452308,3607834402893529,0,4,32,1,model.layers.2.self_attn.indexer.compressor.state_cache
3607834403209170,3607834403293931,3607834403472521,3607834403840532,0,4,32,1,model.layers.3.self_attn.compressor.state_cache
3607834526000108,3607834526488979,3607834526798810,3607834528624846,1,9,456,4,model.layers.2.self_attn.indexer.k_cache
3607834528868117,3607834528872447,3607834529077707,3607834529499619,0,9,456,4,model.layers.2.self_attn.attn
3607834529779779,3607834529784219,3607834529967620,3607834530608872,0,9,456,128,model.layers.3.self_attn.attn
3607834530903303,3607834530908023,3607834531095244,3607834531715265,0,9,456,1,model.layers.0.self_attn.swa_cache
3607834531983176,3607834531987496,3607834532181757,3607834532558018,0,9,456,1,model.layers.1.self_attn.swa_cache
3607834532845889,3607834532850339,3607834533113720,3607834533487521,0,9,456,1,model.layers.2.self_attn.compressor.state_cache
3607834533636441,3607834533640041,3607834533836512,3607834534208783,0,9,456,1,model.layers.2.self_attn.indexer.compressor.state_cache
3607834534468964,3607834534510414,3607834534770725,3607834535160306,0,9,456,1,model.layers.3.self_attn.compressor.state_cache
3607834924612613,3607834925201715,3607834925385826,3607834968903749,1,9,72,4,model.layers.2.self_attn.indexer.k_cache
3607834969262411,3607834969269011,3607834969618132,3607834970340784,0,9,72,4,model.layers.2.self_attn.attn
3607834970802955,3607834970810355,3607834971120126,3607834972230710,0,9,72,128,model.layers.3.self_attn.attn
3607834972694931,3607834972702621,3607834973012742,3607834973993915,0,9,72,1,model.layers.0.self_attn.swa_cache
3607834974372126,3607834974378466,3607834974625327,3607834975137009,0,9,72,1,model.layers.1.self_attn.swa_cache
3607834975502710,3607834975508560,3607834975753901,3607834976282392,0,9,72,1,model.layers.2.self_attn.compressor.state_cache
3607834976484833,3607834976490323,3607834976755764,3607834977262715,0,9,72,1,model.layers.2.self_attn.indexer.compressor.state_cache
3607834977618676,3607834977672896,3607834977922107,3607834978422779,0,9,72,1,model.layers.3.self_attn.compressor.state_cache
3607835062863258,3607835063356930,3607835063667091,3607835065453226,1,12,328,4,model.layers.2.self_attn.indexer.k_cache
3607835065682137,3607835065686287,3607835065891128,3607835066321149,0,12,328,4,model.layers.2.self_attn.attn
3607835066599890,3607835066604260,3607835066793010,3607835067448672,0,12,328,128,model.layers.3.self_attn.attn
3607835067731293,3607835067736173,3607835067925724,3607835068600596,0,12,328,1,model.layers.0.self_attn.swa_cache
3607835068887537,3607835068892117,3607835069078527,3607835069459789,0,12,328,1,model.layers.1.self_attn.swa_cache
3607835069726099,3607835069730459,3607835069998700,3607835070382851,0,12,328,1,model.layers.2.self_attn.compressor.state_cache
3607835070531992,3607835070536022,3607835070739473,3607835071117454,0,12,328,1,model.layers.2.self_attn.indexer.compressor.state_cache
3607835071379734,3607835071423235,3607835071681905,3607835072077267,0,12,328,1,model.layers.3.self_attn.compressor.state_cache
3607835460365160,3607835460945912,3607835461134043,3607835504887447,1,12,96,4,model.layers.2.self_attn.indexer.k_cache
3607835505262948,3607835505270808,3607835505607129,3607835506329242,0,12,96,4,model.layers.2.self_attn.attn
3607835506792883,3607835506800343,3607835507101264,3607835508215697,0,12,96,128,model.layers.3.self_attn.attn
3607835508686619,3607835508694219,3607835508995660,3607835510045673,0,12,96,1,model.layers.0.self_attn.swa_cache
3607835510488674,3607835510496724,3607835510791555,3607835511414287,0,12,96,1,model.layers.1.self_attn.swa_cache
3607835511854959,3607835511862739,3607835512181790,3607835512809202,0,12,96,1,model.layers.2.self_attn.compressor.state_cache
3607835513021202,3607835513025102,3607835513219673,3607835513593214,0,12,96,1,model.layers.2.self_attn.indexer.compressor.state_cache
3607835513856375,3607835513900335,3607835514080145,3607835514451037,0,12,96,1,model.layers.3.self_attn.compressor.state_cache
3607835572210494,3607835572780596,3607835572964376,3607835578833545,1,12,96,4,model.layers.2.self_attn.indexer.k_cache
3607835579162126,3607835579168236,3607835579473497,3607835580158359,0,12,96,4,model.layers.2.self_attn.attn
3607835580579640,3607835580586450,3607835580858541,3607835581857644,0,12,96,128,model.layers.3.self_attn.attn
3607835582287175,3607835582294135,3607835582571186,3607835583528159,0,12,96,1,model.layers.0.self_attn.swa_cache
3607835583936590,3607835583943220,3607835584234271,3607835584802613,0,12,96,1,model.layers.1.self_attn.swa_cache
3607835585205894,3607835585212344,3607835585483205,3607835586038087,0,12,96,1,model.layers.2.self_attn.compressor.state_cache
3607835586189377,3607835586193177,3607835586399798,3607835586776059,0,12,96,1,model.layers.2.self_attn.indexer.compressor.state_cache
3607835587042510,3607835587079750,3607835587257530,3607835587630112,0,12,96,1,model.layers.3.self_attn.compressor.state_cache
3607835637987406,3607835638567358,3607835638751969,3607835645094048,1,12,96,4,model.layers.2.self_attn.indexer.k_cache
3607835645388659,3607835645394629,3607835645697720,3607835646326842,0,12,96,4,model.layers.2.self_attn.attn
3607835646730493,3607835646736753,3607835647003914,3607835647783147,0,12,96,128,model.layers.3.self_attn.attn
3607835648203918,3607835648210248,3607835648484839,3607835649249231,0,12,96,1,model.layers.0.self_attn.swa_cache
3607835649640652,3607835649646982,3607835649907523,3607835650442655,0,12,96,1,model.layers.1.self_attn.swa_cache
3607835650825716,3607835650831766,3607835651091557,3607835651600688,0,12,96,1,model.layers.2.self_attn.compressor.state_cache
3607835651774679,3607835651779379,3607835652040160,3607835652487841,0,12,96,1,model.layers.2.self_attn.indexer.compressor.state_cache
3607835652802062,3607835652844402,3607835653059153,3607835653494004,0,12,96,1,model.layers.3.self_attn.compressor.state_cache
3607835709715367,3607835710298879,3607835710484219,3607835715847956,1,12,96,4,model.layers.2.self_attn.indexer.k_cache
3607835716093817,3607835716097907,3607835716366547,3607835717059920,0,12,96,4,model.layers.2.self_attn.attn
3607835717504361,3607835717511371,3607835717796442,3607835718636224,0,12,96,128,model.layers.3.self_attn.attn
3607835719063366,3607835719070326,3607835719359187,3607835720216079,0,12,96,1,model.layers.0.self_attn.swa_cache
3607835720647501,3607835720654611,3607835720942761,3607835721542503,0,12,96,1,model.layers.1.self_attn.swa_cache
3607835721960035,3607835721967185,3607835722254055,3607835722837177,0,12,96,1,model.layers.2.self_attn.compressor.state_cache
3607835723075938,3607835723082228,3607835723389439,3607835723978441,0,12,96,1,model.layers.2.self_attn.indexer.compressor.state_cache
3607835724432972,3607835724470062,3607835724654853,3607835725030404,0,12,96,1,model.layers.3.self_attn.compressor.state_cache
3607835776484852,3607835777063534,3607835777250225,3607835782796152,1,12,96,4,model.layers.2.self_attn.indexer.k_cache
3607835783117583,3607835783124243,3607835783444434,3607835784145496,0,12,96,4,model.layers.2.self_attn.attn
3607835784581817,3607835784588707,3607835784876888,3607835785726811,0,12,96,128,model.layers.3.self_attn.attn
3607835786173482,3607835786180012,3607835786467143,3607835787307925,0,12,96,1,model.layers.0.self_attn.swa_cache
3607835787740597,3607835787747487,3607835788070638,3607835788685370,0,12,96,1,model.layers.1.self_attn.swa_cache
3607835789120101,3607835789126891,3607835789414122,3607835790012374,0,12,96,1,model.layers.2.self_attn.compressor.state_cache
3607835790250125,3607835790256295,3607835790531705,3607835790910057,0,12,96,1,model.layers.2.self_attn.indexer.compressor.state_cache
3607835791176807,3607835791213957,3607835791397328,3607835791779629,0,12,96,1,model.layers.3.self_attn.compressor.state_cache
3607835842703346,3607835843279278,3607835843468098,3607835849105705,1,12,96,4,model.layers.2.self_attn.indexer.k_cache
3607835849418176,3607835849424396,3607835849736887,3607835850387549,0,12,96,4,model.layers.2.self_attn.attn
3607835850820001,3607835850826641,3607835851109782,3607835851927274,0,12,96,128,model.layers.3.self_attn.attn
3607835852369376,3607835852375716,3607835852659026,3607835853473279,0,12,96,1,model.layers.0.self_attn.swa_cache
3607835853895220,3607835853901700,3607835854189591,3607835854763883,0,12,96,1,model.layers.1.self_attn.swa_cache
3607835855175294,3607835855181754,3607835855462175,3607835856054147,0,12,96,1,model.layers.2.self_attn.compressor.state_cache
3607835856287618,3607835856293258,3607835856598589,3607835857078820,0,12,96,1,model.layers.2.self_attn.indexer.compressor.state_cache
3607835857350621,3607835857386871,3607835857570131,3607835857949113,0,12,96,1,model.layers.3.self_attn.compressor.state_cache
3607835908683119,3607835909260580,3607835909444411,3607835915039728,1,12,96,4,model.layers.2.self_attn.indexer.k_cache
3607835915357199,3607835915363139,3607835915674710,3607835916362072,0,12,96,4,model.layers.2.self_attn.attn
3607835916821554,3607835916828074,3607835917117805,3607835917931737,0,12,96,128,model.layers.3.self_attn.attn
3607835918351198,3607835918357848,3607835918640669,3607835919442582,0,12,96,1,model.layers.0.self_attn.swa_cache
3607835919860303,3607835919866863,3607835920162254,3607835920739646,0,12,96,1,model.layers.1.self_attn.swa_cache
3607835921152247,3607835921158727,3607835921439568,3607835922031060,0,12,96,1,model.layers.2.self_attn.compressor.state_cache
3607835922269940,3607835922273710,3607835922476631,3607835922851782,0,12,96,1,model.layers.2.self_attn.indexer.compressor.state_cache
3607835923125293,3607835923162863,3607835923345614,3607835923715655,0,12,96,1,model.layers.3.self_attn.compressor.state_cache
3607835973625238,3607835974202260,3607835974388911,3607835980284149,1,12,96,4,model.layers.2.self_attn.indexer.k_cache
3607835980585800,3607835980591640,3607835980905751,3607835981561253,0,12,96,4,model.layers.2.self_attn.attn
3607835981984284,3607835981990994,3607835982274385,3607835983273358,0,12,96,128,model.layers.3.self_attn.attn
3607835983713269,3607835983719989,3607835984013150,3607835984986993,0,12,96,1,model.layers.0.self_attn.swa_cache
3607835985406585,3607835985413095,3607835985688385,3607835986276557,0,12,96,1,model.layers.1.self_attn.swa_cache
3607835986688548,3607835986694958,3607835986974009,3607835987549081,0,12,96,1,model.layers.2.self_attn.compressor.state_cache
3607835987775942,3607835987781622,3607835988054003,3607835988437494,0,12,96,1,model.layers.2.self_attn.indexer.compressor.state_cache
3607835988714605,3607835988751865,3607835988932805,3607835989312937,0,12,96,1,model.layers.3.self_attn.compressor.state_cache
3607836038834779,3607836039418731,3607836039603221,3607836045548369,1,12,96,4,model.layers.2.self_attn.indexer.k_cache
3607836045856290,3607836045862410,3607836046178311,3607836046834783,0,12,96,4,model.layers.2.self_attn.attn
3607836047262115,3607836047268785,3607836047555336,3607836048558149,0,12,96,128,model.layers.3.self_attn.attn
3607836049012320,3607836049019070,3607836049300931,3607836050280924,0,12,96,1,model.layers.0.self_attn.swa_cache
3607836050708515,3607836050715185,3607836051000096,3607836051588938,0,12,96,1,model.layers.1.self_attn.swa_cache
3607836052014039,3607836052020799,3607836052304190,3607836052746812,0,12,96,1,model.layers.2.self_attn.compressor.state_cache
3607836052933932,3607836052937942,3607836053137163,3607836053515544,0,12,96,1,model.layers.2.self_attn.indexer.compressor.state_cache
3607836053790865,3607836053827735,3607836054010225,3607836054387947,0,12,96,1,model.layers.3.self_attn.compressor.state_cache
3607836103740338,3607836104336030,3607836104524211,3607836110055108,1,12,96,4,model.layers.2.self_attn.indexer.k_cache
3607836110373359,3607836110379589,3607836110693270,3607836111363282,0,12,96,4,model.layers.2.self_attn.attn
3607836111786143,3607836111793043,3607836112090194,3607836112901287,0,12,96,128,model.layers.3.self_attn.attn
3607836113324178,3607836113330868,3607836113616589,3607836114441431,0,12,96,1,model.layers.0.self_attn.swa_cache
3607836114855133,3607836114861773,3607836115144633,3607836115744895,0,12,96,1,model.layers.1.self_attn.swa_cache
3607836116174487,3607836116181027,3607836116461307,3607836117039939,0,12,96,1,model.layers.2.self_attn.compressor.state_cache
3607836117272710,3607836117278810,3607836117577221,3607836118097292,0,12,96,1,model.layers.2.self_attn.indexer.compressor.state_cache
3607836118371513,3607836118410193,3607836118596974,3607836118976705,0,12,96,1,model.layers.3.self_attn.compressor.state_cache
3607836169792471,3607836170390953,3607836170579774,3607836175904370,1,12,96,4,model.layers.2.self_attn.indexer.k_cache
3607836176281391,3607836176287551,3607836176616742,3607836177298175,0,12,96,4,model.layers.2.self_attn.attn
3607836177774346,3607836177781436,3607836178076897,3607836178901959,0,12,96,128,model.layers.3.self_attn.attn
3607836179336941,3607836179343821,3607836179632692,3607836180473314,0,12,96,1,model.layers.0.self_attn.swa_cache
3607836180909356,3607836180916356,3607836181206737,3607836181811248,0,12,96,1,model.layers.1.self_attn.swa_cache
3607836182266270,3607836182273030,3607836182556751,3607836183162203,0,12,96,1,model.layers.2.self_attn.compressor.state_cache
3607836183398743,3607836183404663,3607836183717284,3607836184238906,0,12,96,1,model.layers.2.self_attn.indexer.compressor.state_cache
3607836184511997,3607836184548587,3607836184731077,3607836185105889,0,12,96,1,model.layers.3.self_attn.compressor.state_cache
3607836236377686,3607836236954588,3607836237139678,3607836242721336,1,12,96,4,model.layers.2.self_attn.indexer.k_cache
3607836242997156,3607836243002347,3607836243262867,3607836243807419,0,12,96,4,model.layers.2.self_attn.attn
3607836244180720,3607836244186320,3607836244420161,3607836245094793,0,12,96,128,model.layers.3.self_attn.attn
3607836245443754,3607836245449314,3607836245678895,3607836246358077,0,12,96,1,model.layers.0.self_attn.swa_cache
3607836246702558,3607836246708118,3607836246941209,3607836247423630,0,12,96,1,model.layers.1.self_attn.swa_cache
3607836247767981,3607836247773081,3607836248016992,3607836248511693,0,12,96,1,model.layers.2.self_attn.compressor.state_cache
3607836248740834,3607836248745504,3607836248984885,3607836249439956,0,12,96,1,model.layers.2.self_attn.indexer.compressor.state_cache
3607836249764457,3607836249808567,3607836250029138,3607836250475969,0,12,96,1,model.layers.3.self_attn.compressor.state_cache
3607836302590830,3607836303169302,3607836303356142,3607836308811679,1,12,96,4,model.layers.2.self_attn.indexer.k_cache
3607836309047940,3607836309052330,3607836309273510,3607836309746972,0,12,96,4,model.layers.2.self_attn.attn
3607836310051733,3607836310057023,3607836310256233,3607836310831545,0,12,96,128,model.layers.3.self_attn.attn
3607836311133516,3607836311138656,3607836311337057,3607836311910868,0,12,96,1,model.layers.0.self_attn.swa_cache
3607836312248459,3607836312253209,3607836312455230,3607836312867711,0,12,96,1,model.layers.1.self_attn.swa_cache
3607836313161022,3607836313165402,3607836313422493,3607836313967485,0,12,96,1,model.layers.2.self_attn.compressor.state_cache
3607836314183705,3607836314188935,3607836314472286,3607836315010618,0,12,96,1,model.layers.2.self_attn.indexer.compressor.state_cache
3607836315402089,3607836315455769,3607836315719280,3607836316267562,0,12,96,1,model.layers.3.self_attn.compressor.state_cache
3607836368272112,3607836368850663,3607836369034524,3607836374372020,1,12,96,4,model.layers.2.self_attn.indexer.k_cache
3607836374593111,3607836374597091,3607836374808012,3607836375247543,0,12,96,4,model.layers.2.self_attn.attn
3607836375526984,3607836375531044,3607836375715605,3607836376274206,0,12,96,128,model.layers.3.self_attn.attn
3607836376553597,3607836376557857,3607836376741378,3607836377280829,0,12,96,1,model.layers.0.self_attn.swa_cache
3607836377558320,3607836377562510,3607836377748281,3607836378274822,0,12,96,1,model.layers.1.self_attn.swa_cache
3607836378698384,3607836378704934,3607836378991545,3607836379587166,0,12,96,1,model.layers.2.self_attn.compressor.state_cache
3607836379826137,3607836379832187,3607836380165558,3607836380749920,0,12,96,1,model.layers.2.self_attn.indexer.compressor.state_cache
3607836381174371,3607836381230471,3607836381516502,3607836382104134,0,12,96,1,model.layers.3.self_attn.compressor.state_cache
3607836434363775,3607836434934287,3607836435116797,3607836440603804,1,12,96,4,model.layers.2.self_attn.indexer.k_cache
3607836440831785,3607836440835685,3607836441046365,3607836441489427,0,12,96,4,model.layers.2.self_attn.attn
3607836441775358,3607836441779678,3607836441967328,3607836442506120,0,12,96,128,model.layers.3.self_attn.attn
3607836442792381,3607836442796951,3607836442986371,3607836443530113,0,12,96,1,model.layers.0.self_attn.swa_cache
3607836443807284,3607836443811524,3607836443996774,3607836444482616,0,12,96,1,model.layers.1.self_attn.swa_cache
3607836444912787,3607836444919507,3607836445206008,3607836445804990,0,12,96,1,model.layers.2.self_attn.compressor.state_cache
3607836446038261,3607836446044401,3607836446357572,3607836446944934,0,12,96,1,model.layers.2.self_attn.indexer.compressor.state_cache
3607836447406925,3607836447464155,3607836447749086,3607836448352348,0,12,96,1,model.layers.3.self_attn.compressor.state_cache
3607836500657509,3607836501272731,3607836501457471,3607836506975638,1,12,96,4,model.layers.2.self_attn.indexer.k_cache
3607836507202729,3607836507206849,3607836507412849,3607836507844071,0,12,96,4,model.layers.2.self_attn.attn
3607836508141812,3607836508146442,3607836508332452,3607836509056184,0,12,96,128,model.layers.3.self_attn.attn
3607836509503246,3607836509509896,3607836509790527,3607836510734430,0,12,96,1,model.layers.0.self_attn.swa_cache
3607836511156971,3607836511163881,3607836511445582,3607836512037444,0,12,96,1,model.layers.1.self_attn.swa_cache
3607836512456705,3607836512462895,3607836512745486,3607836513331988,0,12,96,1,model.layers.2.self_attn.compressor.state_cache
3607836513563138,3607836513568748,3607836513872759,3607836514447151,0,12,96,1,model.layers.2.self_attn.indexer.compressor.state_cache
3607836514863322,3607836514918843,3607836515202863,3607836515772545,0,12,96,1,model.layers.3.self_attn.compressor.state_cache
3607836567056513,3607836567638435,3607836567825395,3607836573231632,1,12,96,4,model.layers.2.self_attn.indexer.k_cache
3607836573458202,3607836573462173,3607836573665203,3607836574366135,0,12,96,4,model.layers.2.self_attn.attn
3607836574801167,3607836574807957,3607836575097678,3607836575941170,0,12,96,128,model.layers.3.self_attn.attn
3607836576399242,3607836576406142,3607836576695592,3607836577519005,0,12,96,1,model.layers.0.self_attn.swa_cache
3607836577946636,3607836577953576,3607836578241207,3607836578826259,0,12,96,1,model.layers.1.self_attn.swa_cache
3607836579241450,3607836579248300,3607836579535021,3607836580142773,0,12,96,1,model.layers.2.self_attn.compressor.state_cache
3607836580380784,3607836580386704,3607836580696435,3607836581280107,0,12,96,1,model.layers.2.self_attn.indexer.compressor.state_cache
3607836581707438,3607836581791478,3607836581979619,3607836582356840,0,12,96,1,model.layers.3.self_attn.compressor.state_cache
3607836633481957,3607836634060909,3607836634248609,3607836639806006,1,12,96,4,model.layers.2.self_attn.indexer.k_cache
3607836640120367,3607836640126007,3607836640443258,3607836641056060,0,12,96,4,model.layers.2.self_attn.attn
3607836641457162,3607836641462952,3607836641721192,3607836642620295,0,12,96,128,model.layers.3.self_attn.attn
3607836643021326,3607836643027266,3607836643281817,3607836644187770,0,12,96,1,model.layers.0.self_attn.swa_cache
3607836644569871,3607836644575591,3607836644829832,3607836645345344,0,12,96,1,model.layers.1.self_attn.swa_cache
3607836645719405,3607836645724955,3607836645975915,3607836646492827,0,12,96,1,model.layers.2.self_attn.compressor.state_cache
3607836646718098,3607836646721808,3607836646920968,3607836647295630,0,12,96,1,model.layers.2.self_attn.indexer.compressor.state_cache
3607836647564990,3607836647604690,3607836647790031,3607836648191592,0,12,96,1,model.layers.3.self_attn.compressor.state_cache
3607836701501716,3607836702084518,3607836702275439,3607836707667385,1,12,96,4,model.layers.2.self_attn.indexer.k_cache
3607836707893156,3607836707897376,3607836708119727,3607836708555178,0,12,96,4,model.layers.2.self_attn.attn
3607836708839809,3607836708844229,3607836709032269,3607836709570721,0,12,96,128,model.layers.3.self_attn.attn
3607836709852562,3607836709856772,3607836710042472,3607836710571034,0,12,96,1,model.layers.0.self_attn.swa_cache
3607836710850005,3607836710854455,3607836711038175,3607836711460297,0,12,96,1,model.layers.1.self_attn.swa_cache
3607836711871148,3607836711877728,3607836712168639,3607836712746471,0,12,96,1,model.layers.2.self_attn.compressor.state_cache
3607836712979111,3607836712985051,3607836713283692,3607836713855844,0,12,96,1,model.layers.2.self_attn.indexer.compressor.state_cache
3607836714277585,3607836714333746,3607836714618536,3607836715192348,0,12,96,1,model.layers.3.self_attn.compressor.state_cache
3607836770262248,3607836770851729,3607836771038980,3607836776740087,1,12,96,4,model.layers.2.self_attn.indexer.k_cache
3607836777056428,3607836777062478,3607836777386189,3607836778074222,0,12,96,4,model.layers.2.self_attn.attn
3607836778543443,3607836778550143,3607836778843444,3607836779698967,0,12,96,128,model.layers.3.self_attn.attn
3607836780148368,3607836780155078,3607836780442489,3607836781272191,0,12,96,1,model.layers.0.self_attn.swa_cache
3607836781707963,3607836781715053,3607836782000214,3607836782603936,0,12,96,1,model.layers.1.self_attn.swa_cache
3607836783032167,3607836783038687,3607836783327238,3607836783922010,0,12,96,1,model.layers.2.self_attn.compressor.state_cache
3607836784177890,3607836784183760,3607836784436751,3607836784813412,0,12,96,1,model.layers.2.self_attn.indexer.compressor.state_cache
3607836785082993,3607836785120053,3607836785301314,3607836785675495,0,12,96,1,model.layers.3.self_attn.compressor.state_cache
3607836837515854,3607836838105906,3607836838296457,3607836843854014,1,12,96,4,model.layers.2.self_attn.indexer.k_cache
3607836844173535,3607836844178105,3607836844421136,3607836844942527,0,12,96,4,model.layers.2.self_attn.attn
3607836845266108,3607836845271088,3607836845488419,3607836846253151,0,12,96,128,model.layers.3.self_attn.attn
3607836846577872,3607836846583052,3607836846805113,3607836847547855,0,12,96,1,model.layers.0.self_attn.swa_cache
3607836847888506,3607836847893696,3607836848122967,3607836848570458,0,12,96,1,model.layers.1.self_attn.swa_cache
3607836848888509,3607836848893329,3607836849149090,3607836849631682,0,12,96,1,model.layers.2.self_attn.compressor.state_cache
3607836849822332,3607836849827172,3607836850080743,3607836850559024,0,12,96,1,model.layers.2.self_attn.indexer.compressor.state_cache
3607836850900196,3607836850948186,3607836851183156,3607836851666648,0,12,96,1,model.layers.3.self_attn.compressor.state_cache
3607836904283640,3607836904874991,3607836905065622,3607836910528379,1,12,96,4,model.layers.2.self_attn.indexer.k_cache
3607836910760780,3607836910765000,3607836911000080,3607836911438212,0,12,96,4,model.layers.2.self_attn.attn
3607836911723143,3607836911727483,3607836911913683,3607836912466655,0,12,96,128,model.layers.3.self_attn.attn
3607836912748386,3607836912752916,3607836912937116,3607836913472638,0,12,96,1,model.layers.0.self_attn.swa_cache
3607836913802319,3607836913808889,3607836914086340,3607836914694172,0,12,96,1,model.layers.1.self_attn.swa_cache
3607836915106633,3607836915113243,3607836915390224,3607836915968556,0,12,96,1,model.layers.2.self_attn.compressor.state_cache
3607836916211476,3607836916217456,3607836916524217,3607836917101139,0,12,96,1,model.layers.2.self_attn.indexer.compressor.state_cache
3607836917511610,3607836917568480,3607836917851701,3607836918431963,0,12,96,1,model.layers.3.self_attn.compressor.state_cache
3607836971596097,3607836972191698,3607836972384429,3607836977977156,1,12,96,4,model.layers.2.self_attn.indexer.k_cache
3607836978208037,3607836978212007,3607836978481698,3607836979151450,0,12,96,4,model.layers.2.self_attn.attn
3607836979592911,3607836979599561,3607836979883972,3607836980930145,0,12,96,128,model.layers.3.self_attn.attn
3607836981383127,3607836981389827,3607836981670438,3607836982637091,0,12,96,1,model.layers.0.self_attn.swa_cache
3607836983059512,3607836983066162,3607836983347653,3607836983932255,0,12,96,1,model.layers.1.self_attn.swa_cache
3607836984365626,3607836984372706,3607836984654977,3607836985237779,0,12,96,1,model.layers.2.self_attn.compressor.state_cache
3607836985469499,3607836985475229,3607836985785160,3607836986370592,0,12,96,1,model.layers.2.self_attn.indexer.compressor.state_cache
3607836986725203,3607836986764653,3607836986948284,3607836987327365,0,12,96,1,model.layers.3.self_attn.compressor.state_cache
3607837039674656,3607837040273598,3607837040466508,3607837046075596,1,12,96,4,model.layers.2.self_attn.indexer.k_cache
3607837046326266,3607837046330506,3607837046554587,3607837047038439,0,12,96,4,model.layers.2.self_attn.attn
3607837047351510,3607837047356400,3607837047562530,3607837048306632,0,12,96,128,model.layers.3.self_attn.attn
3607837048625903,3607837048630973,3607837048837174,3607837049564386,0,12,96,1,model.layers.0.self_attn.swa_cache
3607837049907187,3607837049912217,3607837050116878,3607837050536199,0,12,96,1,model.layers.1.self_attn.swa_cache
3607837050839510,3607837050844410,3607837051108531,3607837051630813,0,12,96,1,model.layers.2.self_attn.compressor.state_cache
3607837051837943,3607837051843033,3607837052130564,3607837052656296,0,12,96,1,model.layers.2.self_attn.indexer.compressor.state_cache
3607837053030767,3607837053082187,3607837053330868,3607837053845190,0,12,96,1,model.layers.3.self_attn.compressor.state_cache
3607837107077423,3607837107666855,3607837107853916,3607837113402373,1,12,96,4,model.layers.2.self_attn.indexer.k_cache
3607837113627983,3607837113632033,3607837113847774,3607837114290065,0,12,96,4,model.layers.2.self_attn.attn
3607837114577906,3607837114582386,3607837114772177,3607837115568829,0,12,96,128,model.layers.3.self_attn.attn
3607837116022931,3607837116030281,3607837116320942,3607837117311515,0,12,96,1,model.layers.0.self_attn.swa_cache
3607837117733266,3607837117740256,3607837118017247,3607837118596059,0,12,96,1,model.layers.1.self_attn.swa_cache
3607837119012280,3607837119019110,3607837119297451,3607837119884523,0,12,96,1,model.layers.2.self_attn.compressor.state_cache
3607837120127853,3607837120133963,3607837120442304,3607837121019246,0,12,96,1,model.layers.2.self_attn.indexer.compressor.state_cache
3607837121430947,3607837121486427,3607837121768318,3607837122348220,0,12,96,1,model.layers.3.self_attn.compressor.state_cache
3607837175093072,3607837175682084,3607837175872755,3607837181470582,1,12,96,4,model.layers.2.self_attn.indexer.k_cache
3607837181763923,3607837181769543,3607837182059074,3607837182652456,0,12,96,4,model.layers.2.self_attn.attn
3607837183035597,3607837183041927,3607837183295968,3607837184049820,0,12,96,128,model.layers.3.self_attn.attn
3607837184431951,3607837184437961,3607837184693712,3607837185441654,0,12,96,1,model.layers.0.self_attn.swa_cache
3607837185819345,3607837185825225,3607837186078066,3607837186600008,0,12,96,1,model.layers.1.self_attn.swa_cache
3607837186968629,3607837186974459,3607837187224640,3607837187745071,0,12,96,1,model.layers.2.self_attn.compressor.state_cache
3607837187954202,3607837187959322,3607837188321873,3607837188737704,0,12,96,1,model.layers.2.self_attn.indexer.compressor.state_cache
3607837189037125,3607837189077685,3607837189279516,3607837189683067,0,12,96,1,model.layers.3.self_attn.compressor.state_cache
3607837243886214,3607837244480396,3607837244668476,3607837250073433,1,12,96,4,model.layers.2.self_attn.indexer.k_cache
3607837250299854,3607837250303754,3607837250510054,3607837250960966,0,12,96,4,model.layers.2.self_attn.attn
3607837251246916,3607837251251376,3607837251437297,3607837251977409,0,12,96,128,model.layers.3.self_attn.attn
3607837252276770,3607837252281150,3607837252468830,3607837253000202,0,12,96,1,model.layers.0.self_attn.swa_cache
3607837253355823,3607837253362763,3607837253656484,3607837254255376,0,12,96,1,model.layers.1.self_attn.swa_cache
3607837254683147,3607837254689867,3607837254977998,3607837255580240,0,12,96,1,model.layers.2.self_attn.compressor.state_cache
3607837255818921,3607837255825031,3607837256156582,3607837256764223,0,12,96,1,model.layers.2.self_attn.indexer.compressor.state_cache
3607837257192685,3607837257248335,3607837257543546,3607837258131518,0,12,96,1,model.layers.3.self_attn.compressor.state_cache
3607837312246604,3607837312834886,3607837313025336,3607837318725994,1,12,96,4,model.layers.2.self_attn.indexer.k_cache
3607837319039565,3607837319045925,3607837319379546,3607837320079398,0,12,96,4,model.layers.2.self_attn.attn
3607837320523249,3607837320529789,3607837320819200,3607837321656753,0,12,96,128,model.layers.3.self_attn.attn
3607837322096124,3607837322102714,3607837322390265,3607837323222088,0,12,96,1,model.layers.0.self_attn.swa_cache
3607837323653669,3607837323660429,3607837323952300,3607837324563152,0,12,96,1,model.layers.1.self_attn.swa_cache
3607837324986913,3607837324993933,3607837325280214,3607837325876616,0,12,96,1,model.layers.2.self_attn.compressor.state_cache
3607837326110397,3607837326116617,3607837326370607,3607837326749539,0,12,96,1,model.layers.2.self_attn.indexer.compressor.state_cache
3607837327047830,3607837327084980,3607837327267010,3607837327653081,0,12,96,1,model.layers.3.self_attn.compressor.state_cache
3607837380140543,3607837380717915,3607837380902035,3607837386287072,1,12,96,4,model.layers.2.self_attn.indexer.k_cache
3607837386514512,3607837386518532,3607837386726393,3607837387160804,0,12,96,4,model.layers.2.self_attn.attn
3607837387446395,3607837387450585,3607837387632186,3607837388188608,0,12,96,128,model.layers.3.self_attn.attn
3607837388470868,3607837388475208,3607837388662349,3607837389198781,0,12,96,1,model.layers.0.self_attn.swa_cache
3607837389477881,3607837389482541,3607837389666632,3607837390045913,0,12,96,1,model.layers.1.self_attn.swa_cache
3607837390317264,3607837390321634,3607837390505215,3607837391029716,0,12,96,1,model.layers.2.self_attn.compressor.state_cache
3607837391258697,3607837391264797,3607837391568208,3607837392201510,0,12,96,1,model.layers.2.self_attn.indexer.compressor.state_cache
3607837392623361,3607837392678781,3607837392960072,3607837393537614,0,12,96,1,model.layers.3.self_attn.compressor.state_cache
3607837448064712,3607837448690174,3607837448883564,3607837454281091,1,12,96,4,model.layers.2.self_attn.indexer.k_cache
3607837454577312,3607837454581682,3607837454795452,3607837455227704,0,12,96,4,model.layers.2.self_attn.attn
3607837455641965,3607837455648485,3607837455916136,3607837456891269,0,12,96,128,model.layers.3.self_attn.attn
3607837457324330,3607837457330770,3607837457605311,3607837458552694,0,12,96,1,model.layers.0.self_attn.swa_cache
3607837458950365,3607837458956765,3607837459223066,3607837459777688,0,12,96,1,model.layers.1.self_attn.swa_cache
3607837460184059,3607837460190309,3607837460456070,3607837461006711,0,12,96,1,model.layers.2.self_attn.compressor.state_cache
3607837461227512,3607837461232782,3607837461520723,3607837462062835,0,12,96,1,model.layers.2.self_attn.indexer.compressor.state_cache
3607837462454206,3607837462513186,3607837462779437,3607837463321419,0,12,96,1,model.layers.3.self_attn.compressor.state_cache
3607837515355368,3607837515944540,3607837516149131,3607837521785128,1,12,96,4,model.layers.2.self_attn.indexer.k_cache
3607837522072969,3607837522078409,3607837522352850,3607837522935812,0,12,96,4,model.layers.2.self_attn.attn
3607837523316843,3607837523322863,3607837523570354,3607837524329906,0,12,96,128,model.layers.3.self_attn.attn
3607837524726617,3607837524732627,3607837524982288,3607837525690810,0,12,96,1,model.layers.0.self_attn.swa_cache
3607837526063191,3607837526068931,3607837526311592,3607837526824204,0,12,96,1,model.layers.1.self_attn.swa_cache
3607837527189615,3607837527195445,3607837527438496,3607837527948937,0,12,96,1,model.layers.2.self_attn.compressor.state_cache
3607837528171758,3607837528177268,3607837528437969,3607837528837200,0,12,96,1,model.layers.2.self_attn.indexer.compressor.state_cache
3607837529126411,3607837529167011,3607837529360772,3607837529762933,0,12,96,1,model.layers.3.self_attn.compressor.state_cache
3607837583949309,3607837584526861,3607837584712342,3607837590375389,1,12,96,4,model.layers.2.self_attn.indexer.k_cache
3607837590607360,3607837590611560,3607837590819221,3607837591249382,0,12,96,4,model.layers.2.self_attn.attn
3607837591532263,3607837591536773,3607837591719973,3607837592386255,0,12,96,128,model.layers.3.self_attn.attn
3607837592685116,3607837592689776,3607837592871967,3607837593695269,0,12,96,1,model.layers.0.self_attn.swa_cache
3607837594114071,3607837594121121,3607837594398452,3607837594982523,0,12,96,1,model.layers.1.self_attn.swa_cache
3607837595389975,3607837595396665,3607837595673655,3607837596261257,0,12,96,1,model.layers.2.self_attn.compressor.state_cache
3607837596489698,3607837596495348,3607837596793399,3607837597363581,0,12,96,1,model.layers.2.self_attn.indexer.compressor.state_cache
3607837597773992,3607837597829162,3607837598109323,3607837598675885,0,12,96,1,model.layers.3.self_attn.compressor.state_cache
3607837651858648,3607837652451940,3607837652639771,3607837658555219,1,12,96,4,model.layers.2.self_attn.indexer.k_cache
3607837658885350,3607837658891060,3607837659192571,3607837659820213,0,12,96,4,model.layers.2.self_attn.attn
3607837660248254,3607837660254644,3607837660521215,3607837661454588,0,12,96,128,model.layers.3.self_attn.attn
3607837661877599,3607837661884279,3607837662158950,3607837663101173,0,12,96,1,model.layers.0.self_attn.swa_cache
3607837663496534,3607837663502444,3607837663769955,3607837664331237,0,12,96,1,model.layers.1.self_attn.swa_cache
3607837664724118,3607837664730438,3607837664995509,3607837665538910,0,12,96,1,model.layers.2.self_attn.compressor.state_cache
3607837665756901,3607837665762221,3607837666031442,3607837666409023,0,12,96,1,model.layers.2.self_attn.indexer.compressor.state_cache
3607837666680824,3607837666717734,3607837666899374,3607837667272196,0,12,96,1,model.layers.3.self_attn.compressor.state_cache
3607837720260349,3607837720839440,3607837721028381,3607837726634468,1,12,96,4,model.layers.2.self_attn.indexer.k_cache
3607837726867229,3607837726871289,3607837727079739,3607837727522631,0,12,96,4,model.layers.2.self_attn.attn
3607837727820222,3607837727824652,3607837728025062,3607837728687854,0,12,96,128,model.layers.3.self_attn.attn
3607837728968665,3607837728973065,3607837729156946,3607837729798768,0,12,96,1,model.layers.0.self_attn.swa_cache
3607837730078339,3607837730082949,3607837730266249,3607837730687721,0,12,96,1,model.layers.1.self_attn.swa_cache
3607837731094202,3607837731100722,3607837731376173,3607837731951064,0,12,96,1,model.layers.2.self_attn.compressor.state_cache
3607837732195875,3607837732202225,3607837732503926,3607837733095508,0,12,96,1,model.layers.2.self_attn.indexer.compressor.state_cache
3607837733500229,3607837733555939,3607837733830350,3607837734399862,0,12,96,1,model.layers.3.self_attn.compressor.state_cache
3607837789007060,3607837789593542,3607837789780682,3607837795582180,1,12,96,4,model.layers.2.self_attn.indexer.k_cache
3607837795908801,3607837795914741,3607837796261682,3607837796945264,0,12,96,4,model.layers.2.self_attn.attn
3607837797389356,3607837797396336,3607837797690127,3607837798547559,0,12,96,128,model.layers.3.self_attn.attn
3607837798998761,3607837799006061,3607837799304042,3607837800164314,0,12,96,1,model.layers.0.self_attn.swa_cache
3607837800610376,3607837800617216,3607837800902776,3607837801502378,0,12,96,1,model.layers.1.self_attn.swa_cache
3607837801936020,3607837801942750,3607837802234321,3607837802862993,0,12,96,1,model.layers.2.self_attn.compressor.state_cache
3607837803087943,3607837803091833,3607837803292374,3607837803667785,0,12,96,1,model.layers.2.self_attn.indexer.compressor.state_cache
3607837803935846,3607837803973336,3607837804168517,3607837804554528,0,12,96,1,model.layers.3.self_attn.compressor.state_cache
3607837860868741,3607837861466753,3607837861656943,3607837867236180,1,12,96,4,model.layers.2.self_attn.indexer.k_cache
3607837867470571,3607837867474331,3607837867685952,3607837868296224,0,12,96,4,model.layers.2.self_attn.attn
3607837868726355,3607837868732975,3607837869018086,3607837870039179,0,12,96,128,model.layers.3.self_attn.attn
3607837870459260,3607837870466020,3607837870752381,3607837871737644,0,12,96,1,model.layers.0.self_attn.swa_cache
3607837872176986,3607837872183886,3607837872465797,3607837873048558,0,12,96,1,model.layers.1.self_attn.swa_cache
3607837873463510,3607837873470300,3607837873746700,3607837874316352,0,12,96,1,model.layers.2.self_attn.compressor.state_cache
3607837874545733,3607837874551623,3607837874855064,3607837875434886,0,12,96,1,model.layers.2.self_attn.indexer.compressor.state_cache
3607837875842847,3607837875901257,3607837876205078,3607837876679679,0,12,96,1,model.layers.3.self_attn.compressor.state_cache
3607837932949743,3607837933531134,3607837933717105,3607837939366872,1,12,96,4,model.layers.2.self_attn.indexer.k_cache
3607837939591203,3607837939595233,3607837939803244,3607837940274155,0,12,96,4,model.layers.2.self_attn.attn
3607837940561646,3607837940565876,3607837940830077,3607837941919760,0,12,96,128,model.layers.3.self_attn.attn
3607837942366121,3607837942373341,3607837942665022,3607837943703236,0,12,96,1,model.layers.0.self_attn.swa_cache
3607837944188017,3607837944194647,3607837944487958,3607837945091410,0,12,96,1,model.layers.1.self_attn.swa_cache
3607837945521781,3607837945528751,3607837945817812,3607837946426644,0,12,96,1,model.layers.2.self_attn.compressor.state_cache
3607837946665805,3607837946671975,3607837946985536,3607837947579338,0,12,96,1,model.layers.2.self_attn.indexer.compressor.state_cache
3607837947995949,3607837948067719,3607837948357890,3607837948823561,0,12,96,1,model.layers.3.self_attn.compressor.state_cache
3607838006246328,3607838006829360,3607838007013350,3607838012624898,1,12,96,4,model.layers.2.self_attn.indexer.k_cache
3607838012860148,3607838012864138,3607838013076249,3607838013668981,0,12,96,4,model.layers.2.self_attn.attn
3607838014096262,3607838014102452,3607838014387693,3607838015404576,0,12,96,128,model.layers.3.self_attn.attn
3607838015826437,3607838015832907,3607838016138538,3607838017130321,0,12,96,1,model.layers.0.self_attn.swa_cache
3607838017549053,3607838017555463,3607838017835304,3607838018409715,0,12,96,1,model.layers.1.self_attn.swa_cache
3607838018823017,3607838018829187,3607838019108297,3607838019677799,0,12,96,1,model.layers.2.self_attn.compressor.state_cache
3607838019907980,3607838019913770,3607838020232941,3607838020803223,0,12,96,1,model.layers.2.self_attn.indexer.compressor.state_cache
3607838021219694,3607838021277264,3607838021529935,3607838021902906,0,12,96,1,model.layers.3.self_attn.compressor.state_cache
3607838074749429,3607838075325550,3607838075515371,3607838081212638,1,12,96,4,model.layers.2.self_attn.indexer.k_cache
3607838081464119,3607838081468319,3607838081696430,3607838082165661,0,12,96,4,model.layers.2.self_attn.attn
3607838082476462,3607838082481542,3607838082684593,3607838083387575,0,12,96,128,model.layers.3.self_attn.attn
3607838083692726,3607838083697666,3607838083897647,3607838084641329,0,12,96,1,model.layers.0.self_attn.swa_cache
3607838084945380,3607838084949770,3607838085150861,3607838085567372,0,12,96,1,model.layers.1.self_attn.swa_cache
3607838085863113,3607838085867863,3607838086064563,3607838086620685,0,12,96,1,model.layers.2.self_attn.compressor.state_cache
3607838086827486,3607838086832856,3607838087111057,3607838087638008,0,12,96,1,model.layers.2.self_attn.indexer.compressor.state_cache
3607838088037679,3607838088086800,3607838088341190,3607838088856322,0,12,96,1,model.layers.3.self_attn.compressor.state_cache
3607838143405760,3607838143983121,3607838144184312,3607838149727799,1,12,96,4,model.layers.2.self_attn.indexer.k_cache
3607838149958540,3607838149962580,3607838150169970,3607838150606422,0,12,96,4,model.layers.2.self_attn.attn
3607838150891603,3607838150895983,3607838151082533,3607838151879986,0,12,96,128,model.layers.3.self_attn.attn
3607838152327037,3607838152333587,3607838152611298,3607838153617091,0,12,96,1,model.layers.0.self_attn.swa_cache
3607838154046052,3607838154052562,3607838154337863,3607838154914995,0,12,96,1,model.layers.1.self_attn.swa_cache
3607838155327836,3607838155334656,3607838155611817,3607838156214199,0,12,96,1,model.layers.2.self_attn.compressor.state_cache
3607838156442470,3607838156448240,3607838156753751,3607838157330872,0,12,96,1,model.layers.2.self_attn.indexer.compressor.state_cache
3607838157755884,3607838157812674,3607838158091295,3607838158668627,0,12,96,1,model.layers.3.self_attn.compressor.state_cache
3607838212107661,3607838212682643,3607838212869873,3607838218513651,1,12,96,4,model.layers.2.self_attn.indexer.k_cache
3607838218767081,3607838218771991,3607838219025062,3607838219537244,0,12,96,4,model.layers.2.self_attn.attn
3607838219882905,3607838219888085,3607838220128796,3607838220934418,0,12,96,128,model.layers.3.self_attn.attn
3607838221277579,3607838221282839,3607838221507800,3607838222310662,0,12,96,1,model.layers.0.self_attn.swa_cache
3607838222648393,3607838222653643,3607838222885234,3607838223355605,0,12,96,1,model.layers.1.self_attn.swa_cache
3607838223685336,3607838223690366,3607838223916817,3607838224445169,0,12,96,1,model.layers.2.self_attn.compressor.state_cache
3607838224662609,3607838224667360,3607838224918090,3607838225384422,0,12,96,1,model.layers.2.self_attn.indexer.compressor.state_cache
3607838225716583,3607838225761213,3607838225983804,3607838226445275,0,12,96,1,model.layers.3.self_attn.compressor.state_cache
3607838279862549,3607838280453401,3607838280641462,3607838286299969,1,12,96,4,model.layers.2.self_attn.indexer.k_cache
3607838286535420,3607838286539370,3607838286749080,3607838287182622,0,12,96,4,model.layers.2.self_attn.attn
3607838287467363,3607838287471753,3607838287657633,3607838288332285,0,12,96,128,model.layers.3.self_attn.attn
3607838288622376,3607838288626796,3607838288811837,3607838289744040,0,12,96,1,model.layers.0.self_attn.swa_cache
3607838290164451,3607838290171001,3607838290454772,3607838291040184,0,12,96,1,model.layers.1.self_attn.swa_cache
3607838291448505,3607838291454975,3607838291734446,3607838292337258,0,12,96,1,model.layers.2.self_attn.compressor.state_cache
3607838292568528,3607838292574408,3607838292883499,3607838293463911,0,12,96,1,model.layers.2.self_attn.indexer.compressor.state_cache
3607838293879902,3607838293935762,3607838294232363,3607838294814145,0,12,96,1,model.layers.3.self_attn.compressor.state_cache
3607838347558357,3607838348160199,3607838348352710,3607838354194218,1,12,96,4,model.layers.2.self_attn.indexer.k_cache
3607838354510609,3607838354516789,3607838354836210,3607838355499822,0,12,96,4,model.layers.2.self_attn.attn
3607838355941293,3607838355948043,3607838356260534,3607838357254607,0,12,96,128,model.layers.3.self_attn.attn
3607838357686029,3607838357692799,3607838357975029,3607838358954932,0,12,96,1,model.layers.0.self_attn.swa_cache
3607838359377004,3607838359383534,3607838359663655,3607838360270916,0,12,96,1,model.layers.1.self_attn.swa_cache
3607838360710318,3607838360716828,3607838360999389,3607838361557970,0,12,96,1,model.layers.2.self_attn.compressor.state_cache
3607838361710721,3607838361714511,3607838361913202,3607838362291703,0,12,96,1,model.layers.2.self_attn.indexer.compressor.state_cache
3607838362570564,3607838362608654,3607838362799334,3607838363174815,0,12,96,1,model.layers.3.self_attn.compressor.state_cache
3607838416215658,3607838416800470,3607838416989691,3607838422582248,1,12,96,4,model.layers.2.self_attn.indexer.k_cache
3607838422808329,3607838422812329,3607838423019539,3607838423459801,0,12,96,4,model.layers.2.self_attn.attn
3607838423745172,3607838423749572,3607838423933232,3607838424626464,0,12,96,128,model.layers.3.self_attn.attn
3607838424912895,3607838424917385,3607838425101366,3607838425769298,0,12,96,1,model.layers.0.self_attn.swa_cache
3607838426049679,3607838426054429,3607838426237219,3607838426851901,0,12,96,1,model.layers.1.self_attn.swa_cache
3607838427266152,3607838427272982,3607838427551553,3607838428177735,0,12,96,1,model.layers.2.self_attn.compressor.state_cache
3607838428413066,3607838428418956,3607838428722407,3607838429302039,0,12,96,1,model.layers.2.self_attn.indexer.compressor.state_cache
3607838429715310,3607838429769690,3607838430052551,3607838430617613,0,12,96,1,model.layers.3.self_attn.compressor.state_cache
3607838484879160,3607838485464241,3607838485659082,3607838491564610,1,12,96,4,model.layers.2.self_attn.indexer.k_cache
3607838491890631,3607838491897091,3607838492238712,3607838492895504,0,12,96,4,model.layers.2.self_attn.attn
3607838493331886,3607838493338406,3607838493621867,3607838494603930,0,12,96,128,model.layers.3.self_attn.attn
3607838495029681,3607838495036261,3607838495319102,3607838496327935,0,12,96,1,model.layers.0.self_attn.swa_cache
3607838496756046,3607838496763006,3607838497046187,3607838497626339,0,12,96,1,model.layers.1.self_attn.swa_cache
3607838498040440,3607838498047080,3607838498328281,3607838498916203,0,12,96,1,model.layers.2.self_attn.compressor.state_cache
3607838499090603,3607838499094703,3607838499292704,3607838499667375,0,12,96,1,model.layers.2.self_attn.indexer.compressor.state_cache
3607838499940146,3607838499977406,3607838500174357,3607838500557018,0,12,96,1,model.layers.3.self_attn.compressor.state_cache
3607838554409653,3607838554983535,3607838555163416,3607838560825533,1,12,96,4,model.layers.2.self_attn.indexer.k_cache
3607838561078044,3607838561082324,3607838561291435,3607838561726806,0,12,96,4,model.layers.2.self_attn.attn
3607838562018367,3607838562022827,3607838562209707,3607838562879059,0,12,96,128,model.layers.3.self_attn.attn
3607838563159770,3607838563164220,3607838563348041,3607838564232634,0,12,96,1,model.layers.0.self_attn.swa_cache
3607838564665035,3607838564672015,3607838564964216,3607838565561198,0,12,96,1,model.layers.1.self_attn.swa_cache
3607838565982339,3607838565988869,3607838566276830,3607838566874302,0,12,96,1,model.layers.2.self_attn.compressor.state_cache
3607838567113532,3607838567119963,3607838567434563,3607838568048645,0,12,96,1,model.layers.2.self_attn.indexer.compressor.state_cache
3607838568482857,3607838568539427,3607838568831688,3607838569427250,0,12,96,1,model.layers.3.self_attn.compressor.state_cache
3607838623815677,3607838624411179,3607838624594049,3607838630455517,1,12,96,4,model.layers.2.self_attn.indexer.k_cache
3607838630758458,3607838630764258,3607838631068529,3607838631692301,0,12,96,4,model.layers.2.self_attn.attn
3607838632114572,3607838632120982,3607838632388673,3607838633329146,0,12,96,128,model.layers.3.self_attn.attn
3607838633731367,3607838633737537,3607838634002898,3607838634932601,0,12,96,1,model.layers.0.self_attn.swa_cache
3607838635324022,3607838635330132,3607838635594003,3607838636144655,0,12,96,1,model.layers.1.self_attn.swa_cache
3607838636536246,3607838636542276,3607838636799037,3607838637334848,0,12,96,1,model.layers.2.self_attn.compressor.state_cache
3607838637542919,3607838637546639,3607838637744210,3607838638129241,0,12,96,1,model.layers.2.self_attn.indexer.compressor.state_cache
3607838638400992,3607838638437632,3607838638618602,3607838638994293,0,12,96,1,model.layers.3.self_attn.compressor.state_cache
3607838693583551,3607838694161253,3607838694348044,3607838699962881,1,12,96,4,model.layers.2.self_attn.indexer.k_cache
3607838700203702,3607838700207702,3607838700421752,3607838700860304,0,12,96,4,model.layers.2.self_attn.attn
3607838701144525,3607838701148815,3607838701337015,3607838702095898,0,12,96,128,model.layers.3.self_attn.attn
3607838702536769,3607838702543379,3607838702835820,3607838703845353,0,12,96,1,model.layers.0.self_attn.swa_cache
3607838704299984,3607838704306784,3607838704594505,3607838705188947,0,12,96,1,model.layers.1.self_attn.swa_cache
3607838705612578,3607838705619018,3607838705907089,3607838706495331,0,12,96,1,model.layers.2.self_attn.compressor.state_cache
3607838706731712,3607838706737862,3607838707056323,3607838707646005,0,12,96,1,model.layers.2.self_attn.indexer.compressor.state_cache
3607838708080756,3607838708137056,3607838708426507,3607838709026769,0,12,96,1,model.layers.3.self_attn.compressor.state_cache
3607838763495356,3607838764082068,3607838764266749,3607838769945066,1,12,96,4,model.layers.2.self_attn.indexer.k_cache
3607838770189737,3607838770193847,3607838770425878,3607838770899889,0,12,96,4,model.layers.2.self_attn.attn
3607838771207760,3607838771212320,3607838771411961,3607838772131723,0,12,96,128,model.layers.3.self_attn.attn
3607838772443294,3607838772447914,3607838772660925,3607838773375237,0,12,96,1,model.layers.0.self_attn.swa_cache
3607838773675388,3607838773679968,3607838773882858,3607838774304320,0,12,96,1,model.layers.1.self_attn.swa_cache
3607838774599320,3607838774604070,3607838774861941,3607838775383613,0,12,96,1,model.layers.2.self_attn.compressor.state_cache
3607838775589744,3607838775595074,3607838775866574,3607838776409286,0,12,96,1,model.layers.2.self_attn.indexer.compressor.state_cache
3607838776781787,3607838776832507,3607838777084048,3607838777600520,0,12,96,1,model.layers.3.self_attn.compressor.state_cache
3607838833419601,3607838834001543,3607838834186974,3607838840075212,1,12,96,4,model.layers.2.self_attn.indexer.k_cache
3607838840387203,3607838840393273,3607838840719054,3607838841398976,0,12,96,4,model.layers.2.self_attn.attn
3607838841819467,3607838841826317,3607838842110018,3607838843095441,0,12,96,128,model.layers.3.self_attn.attn
3607838843554193,3607838843560473,3607838843837603,3607838844847747,0,12,96,1,model.layers.0.self_attn.swa_cache
3607838845275208,3607838845282228,3607838845567369,3607838846153791,0,12,96,1,model.layers.1.self_attn.swa_cache
3607838846569262,3607838846575812,3607838846856503,3607838847457005,0,12,96,1,model.layers.2.self_attn.compressor.state_cache
3607838847620365,3607838847624175,3607838847826506,3607838848220657,0,12,96,1,model.layers.2.self_attn.indexer.compressor.state_cache
3607838848494218,3607838848533018,3607838848714498,3607838849096230,0,12,96,1,model.layers.3.self_attn.compressor.state_cache
3607838902966205,3607838903549107,3607838903737408,3607838909441755,1,12,96,4,model.layers.2.self_attn.indexer.k_cache
3607838909669766,3607838909673746,3607838909888887,3607838910327588,0,12,96,4,model.layers.2.self_attn.attn
3607838910611859,3607838910616249,3607838910803249,3607838911465281,0,12,96,128,model.layers.3.self_attn.attn
3607838911746622,3607838911750842,3607838911936403,3607838913114026,0,12,96,1,model.layers.0.self_attn.swa_cache
3607838913547128,3607838913553838,3607838913841889,3607838914438971,0,12,96,1,model.layers.1.self_attn.swa_cache
3607838914864552,3607838914871192,3607838915162613,3607838915767045,0,12,96,1,model.layers.2.self_attn.compressor.state_cache
3607838916016915,3607838916023765,3607838916342186,3607838916947478,0,12,96,1,model.layers.2.self_attn.indexer.compressor.state_cache
3607838917373290,3607838917428910,3607838917711661,3607838918300242,0,12,96,1,model.layers.3.self_attn.compressor.state_cache
3607838972855620,3607838973438572,3607838973622963,3607838979293990,1,12,96,4,model.layers.2.self_attn.indexer.k_cache
3607838979549821,3607838979554431,3607838979786011,3607838980300243,0,12,96,4,model.layers.2.self_attn.attn
3607838980638864,3607838980643824,3607838980852205,3607838981607677,0,12,96,128,model.layers.3.self_attn.attn
3607838981928228,3607838981933288,3607838982139459,3607838982868181,0,12,96,1,model.layers.0.self_attn.swa_cache
3607838983184242,3607838983189212,3607838983396973,3607838983832294,0,12,96,1,model.layers.1.self_attn.swa_cache
3607838984157335,3607838984162265,3607838984369886,3607838984858997,0,12,96,1,model.layers.2.self_attn.compressor.state_cache
3607838985054988,3607838985059858,3607838985306128,3607838985778440,0,12,96,1,model.layers.2.self_attn.indexer.compressor.state_cache
3607838986115941,3607838986162871,3607838986389162,3607838986849853,0,12,96,1,model.layers.3.self_attn.compressor.state_cache
3607839042247844,3607839042812365,3607839042989676,3607839048657363,1,12,96,4,model.layers.2.self_attn.indexer.k_cache
3607839048879214,3607839048883234,3607839049083075,3607839049513946,0,12,96,4,model.layers.2.self_attn.attn
3607839049887777,3607839049894577,3607839050180218,3607839051190411,0,12,96,128,model.layers.3.self_attn.attn
3607839051622952,3607839051629532,3607839051907133,3607839052932876,0,12,96,1,model.layers.0.self_attn.swa_cache
3607839053363018,3607839053370038,3607839053657599,3607839054245490,0,12,96,1,model.layers.1.self_attn.swa_cache
3607839054663932,3607839054670712,3607839054952213,3607839055545384,0,12,96,1,model.layers.2.self_attn.compressor.state_cache
3607839055776055,3607839055782045,3607839056098286,3607839056683808,0,12,96,1,model.layers.2.self_attn.indexer.compressor.state_cache
3607839057101329,3607839057159269,3607839057443360,3607839058001532,0,12,96,1,model.layers.3.self_attn.compressor.state_cache
3607839111595137,3607839112188179,3607839112374309,3607839118048197,1,12,96,4,model.layers.2.self_attn.indexer.k_cache
3607839118295417,3607839118299757,3607839118518628,3607839118975689,0,12,96,4,model.layers.2.self_attn.attn
3607839119285770,3607839119290550,3607839119488851,3607839120216773,0,12,96,128,model.layers.3.self_attn.attn
3607839120518414,3607839120523114,3607839120718675,3607839121403867,0,12,96,1,model.layers.0.self_attn.swa_cache
3607839121702258,3607839121706778,3607839121902538,3607839122310410,0,12,96,1,model.layers.1.self_attn.swa_cache
3607839122597501,3607839122601971,3607839122800751,3607839123348223,0,12,96,1,model.layers.2.self_attn.compressor.state_cache
3607839123584074,3607839123589014,3607839123864494,3607839124384716,0,12,96,1,model.layers.2.self_attn.indexer.compressor.state_cache
3607839124749707,3607839124802107,3607839125046818,3607839125549440,0,12,96,1,model.layers.3.self_attn.compressor.state_cache
3607839180188808,3607839180758289,3607839180942310,3607839186581947,1,12,96,4,model.layers.2.self_attn.indexer.k_cache
3607839186811168,3607839186815218,3607839187017499,3607839187445120,0,12,96,4,model.layers.2.self_attn.attn
3607839187819951,3607839187826781,3607839188136062,3607839189187565,0,12,96,128,model.layers.3.self_attn.attn
3607839189624127,3607839189630977,3607839189913838,3607839190947101,0,12,96,1,model.layers.0.self_attn.swa_cache
3607839191373852,3607839191380732,3607839191665303,3607839192275345,0,12,96,1,model.layers.1.self_attn.swa_cache
3607839192691946,3607839192698716,3607839192976957,3607839193574349,0,12,96,1,model.layers.2.self_attn.compressor.state_cache
3607839193810440,3607839193816170,3607839194115451,3607839194704382,0,12,96,1,model.layers.2.self_attn.indexer.compressor.state_cache
3607839195117654,3607839195173114,3607839195450375,3607839195992626,0,12,96,1,model.layers.3.self_attn.compressor.state_cache
3607839248804529,3607839249377710,3607839249562181,3607839255194408,1,12,96,4,model.layers.2.self_attn.indexer.k_cache
3607839255444909,3607839255449349,3607839255672050,3607839256166731,0,12,96,4,model.layers.2.self_attn.attn
3607839256486962,3607839256491872,3607839256692293,3607839257403865,0,12,96,128,model.layers.3.self_attn.attn
3607839257713746,3607839257718506,3607839257919757,3607839258631199,0,12,96,1,model.layers.0.self_attn.swa_cache
3607839258930540,3607839258935170,3607839259134550,3607839259554052,0,12,96,1,model.layers.1.self_attn.swa_cache
3607839259852983,3607839259857543,3607839260071653,3607839260568345,0,12,96,1,model.layers.2.self_attn.compressor.state_cache
3607839260769525,3607839260774445,3607839261027566,3607839261516248,0,12,96,1,model.layers.2.self_attn.indexer.compressor.state_cache
3607839261869879,3607839261918239,3607839262150720,3607839262628601,0,12,96,1,model.layers.3.self_attn.compressor.state_cache
3607839317472800,3607839318043502,3607839318226592,3607839323797229,1,12,96,4,model.layers.2.self_attn.indexer.k_cache
3607839324039790,3607839324043780,3607839324249231,3607839324675842,0,12,96,4,model.layers.2.self_attn.attn
3607839324958793,3607839324963263,3607839325144743,3607839326034776,0,12,96,128,model.layers.3.self_attn.attn
3607839326451957,3607839326458637,3607839326732098,3607839327697881,0,12,96,1,model.layers.0.self_attn.swa_cache
3607839328124303,3607839328130733,3607839328404923,3607839328975745,0,12,96,1,model.layers.1.self_attn.swa_cache
3607839329393787,3607839329400217,3607839329671927,3607839330247009,0,12,96,1,model.layers.2.self_attn.compressor.state_cache
3607839330475180,3607839330480770,3607839330777151,3607839331331762,0,12,96,1,model.layers.2.self_attn.indexer.compressor.state_cache
3607839331737244,3607839331793204,3607839332078325,3607839332638656,0,12,96,1,model.layers.3.self_attn.compressor.state_cache
3607839386373182,3607839386942583,3607839387124404,3607839392975042,1,12,96,4,model.layers.2.self_attn.indexer.k_cache
3607839393262783,3607839393268483,3607839393538274,3607839394124836,0,12,96,4,model.layers.2.self_attn.attn
3607839394503707,3607839394509737,3607839394759788,3607839395646490,0,12,96,128,model.layers.3.self_attn.attn
3607839396048841,3607839396055131,3607839396304972,3607839397185865,0,12,96,1,model.layers.0.self_attn.swa_cache
3607839397557536,3607839397563346,3607839397814367,3607839398333929,0,12,96,1,model.layers.1.self_attn.swa_cache
3607839398693500,3607839398699080,3607839398946110,3607839399473452,0,12,96,1,model.layers.2.self_attn.compressor.state_cache
3607839399638013,3607839399642303,3607839399850583,3607839400272624,0,12,96,1,model.layers.2.self_attn.indexer.compressor.state_cache
3607839400568765,3607839400609035,3607839400805426,3607839401211627,0,12,96,1,model.layers.3.self_attn.compressor.state_cache
3607839455430014,3607839456012786,3607839456197116,3607839461813134,1,12,96,4,model.layers.2.self_attn.indexer.k_cache
3607839462046744,3607839462050884,3607839462252735,3607839462682426,0,12,96,4,model.layers.2.self_attn.attn
3607839462961877,3607839462966297,3607839463147198,3607839463791160,0,12,96,128,model.layers.3.self_attn.attn
3607839464149081,3607839464156041,3607839464433302,3607839465416515,0,12,96,1,model.layers.0.self_attn.swa_cache
3607839465839216,3607839465845726,3607839466122587,3607839466700359,0,12,96,1,model.layers.1.self_attn.swa_cache
3607839467114560,3607839467121030,3607839467395061,3607839467984343,0,12,96,1,model.layers.2.self_attn.compressor.state_cache
3607839468248054,3607839468253694,3607839468554594,3607839469121906,0,12,96,1,model.layers.2.self_attn.indexer.compressor.state_cache
3607839469535377,3607839469589798,3607839469864838,3607839470441980,0,12,96,1,model.layers.3.self_attn.compressor.state_cache
3607839524492416,3607839525064608,3607839525248199,3607839531123817,1,12,96,4,model.layers.2.self_attn.indexer.k_cache
3607839531401118,3607839531406628,3607839531669669,3607839532251630,0,12,96,4,model.layers.2.self_attn.attn
3607839532613751,3607839532620231,3607839532850072,3607839533710625,0,12,96,128,model.layers.3.self_attn.attn
3607839534087056,3607839534092836,3607839534325987,3607839535163959,0,12,96,1,model.layers.0.self_attn.swa_cache
3607839535532350,3607839535538140,3607839535779051,3607839536279613,0,12,96,1,model.layers.1.self_attn.swa_cache
3607839536639854,3607839536645424,3607839536872705,3607839537360576,0,12,96,1,model.layers.2.self_attn.compressor.state_cache
3607839537536257,3607839537540607,3607839537763207,3607839538195099,0,12,96,1,model.layers.2.self_attn.indexer.compressor.state_cache
3607839538506660,3607839538547900,3607839538748910,3607839539183122,0,12,96,1,model.layers.3.self_attn.compressor.state_cache
3607839593661619,3607839594224941,3607839594408911,3607839600112299,1,12,96,4,model.layers.2.self_attn.indexer.k_cache
3607839600341900,3607839600345910,3607839600547640,3607839600972982,0,12,96,4,model.layers.2.self_attn.attn
3607839601256003,3607839601260423,3607839601445563,3607839602299436,0,12,96,128,model.layers.3.self_attn.attn
3607839602748477,3607839602755547,3607839603037608,3607839604123151,0,12,96,1,model.layers.0.self_attn.swa_cache
3607839604555313,3607839604562443,3607839604846924,3607839605442745,0,12,96,1,model.layers.1.self_attn.swa_cache
3607839605863897,3607839605870687,3607839606155508,3607839606732519,0,12,96,1,model.layers.2.self_attn.compressor.state_cache
3607839606968640,3607839606974550,3607839607278821,3607839607861933,0,12,96,1,model.layers.2.self_attn.indexer.compressor.state_cache
3607839608296634,3607839608351174,3607839608631335,3607839609217747,0,12,96,1,model.layers.3.self_attn.compressor.state_cache
3607839661846949,3607839662427131,3607839662621921,3607839668498609,1,12,96,4,model.layers.2.self_attn.indexer.k_cache
3607839668777550,3607839668782690,3607839669044341,3607839669588063,0,12,96,4,model.layers.2.self_attn.attn
3607839669950604,3607839669956004,3607839670190864,3607839671027737,0,12,96,128,model.layers.3.self_attn.attn
3607839671385838,3607839671391208,3607839671625049,3607839672466211,0,12,96,1,model.layers.0.self_attn.swa_cache
3607839672823173,3607839672828643,3607839673065063,3607839673542185,0,12,96,1,model.layers.1.self_attn.swa_cache
3607839673886006,3607839673891296,3607839674122017,3607839674636808,0,12,96,1,model.layers.2.self_attn.compressor.state_cache
3607839674822659,3607839674827259,3607839675070719,3607839675532661,0,12,96,1,model.layers.2.self_attn.indexer.compressor.state_cache
3607839675858542,3607839675903042,3607839676137923,3607839676587074,0,12,96,1,model.layers.3.self_attn.compressor.state_cache
3607839730496740,3607839731076102,3607839731270552,3607839736911620,1,12,96,4,model.layers.2.self_attn.indexer.k_cache
3607839737143620,3607839737147680,3607839737354301,3607839737792922,0,12,96,4,model.layers.2.self_attn.attn
3607839738076173,3607839738080663,3607839738265964,3607839738926466,0,12,96,128,model.layers.3.self_attn.attn
3607839739399927,3607839739406577,3607839739685008,3607839740695471,0,12,96,1,model.layers.0.self_attn.swa_cache
3607839741132963,3607839741139723,3607839741418744,3607839741996775,0,12,96,1,model.layers.1.self_attn.swa_cache
3607839742402437,3607839742408817,3607839742683467,3607839743251459,0,12,96,1,model.layers.2.self_attn.compressor.state_cache
3607839743481680,3607839743487350,3607839743790791,3607839744394373,0,12,96,1,model.layers.2.self_attn.indexer.compressor.state_cache
3607839744810294,3607839744865814,3607839745143295,3607839745713977,0,12,96,1,model.layers.3.self_attn.compressor.state_cache
3607839799288731,3607839799868233,3607839800079634,3607839805961282,1,12,96,4,model.layers.2.self_attn.indexer.k_cache
3607839806256403,3607839806261783,3607839806535244,3607839807128816,0,12,96,4,model.layers.2.self_attn.attn
3607839807509537,3607839807515687,3607839807762488,3607839808758331,0,12,96,128,model.layers.3.self_attn.attn
3607839809149312,3607839809155302,3607839809415923,3607839810339395,0,12,96,1,model.layers.0.self_attn.swa_cache
3607839810710747,3607839810716497,3607839810958487,3607839811476419,0,12,96,1,model.layers.1.self_attn.swa_cache
3607839811841360,3607839811846750,3607839812128841,3607839812542802,0,12,96,1,model.layers.2.self_attn.compressor.state_cache
3607839812709803,3607839812714223,3607839812933093,3607839813348565,0,12,96,1,model.layers.2.self_attn.indexer.compressor.state_cache
3607839813641996,3607839813683386,3607839813880186,3607839814286618,0,12,96,1,model.layers.3.self_attn.compressor.state_cache
3607839868732525,3607839869294307,3607839869479427,3607839875118065,1,12,96,4,model.layers.2.self_attn.indexer.k_cache
3607839875345785,3607839875349885,3607839875552956,3607839875985307,0,12,96,4,model.layers.2.self_attn.attn
3607839876281248,3607839876285648,3607839876466929,3607839877187971,0,12,96,128,model.layers.3.self_attn.attn
3607839877633812,3607839877640532,3607839877918133,3607839878909336,0,12,96,1,model.layers.0.self_attn.swa_cache
3607839879329718,3607839879336048,3607839879613929,3607839880208090,0,12,96,1,model.layers.1.self_attn.swa_cache
3607839880620652,3607839880627182,3607839880901022,3607839881472634,0,12,96,1,model.layers.2.self_attn.compressor.state_cache
3607839881700535,3607839881706465,3607839882004506,3607839882565748,0,12,96,1,model.layers.2.self_attn.indexer.compressor.state_cache
3607839882972599,3607839883026909,3607839883295480,3607839883868992,0,12,96,1,model.layers.3.self_attn.compressor.state_cache
3607839936840324,3607839937407076,3607839937591937,3607839943560415,1,12,96,4,model.layers.2.self_attn.indexer.k_cache
3607839943910456,3607839943916016,3607839944231127,3607839944848989,0,12,96,4,model.layers.2.self_attn.attn
3607839945255690,3607839945262090,3607839945527411,3607839946484194,0,12,96,128,model.layers.3.self_attn.attn
3607839946887645,3607839946894395,3607839947150186,3607839948095529,0,12,96,1,model.layers.0.self_attn.swa_cache
3607839948497460,3607839948504030,3607839948767111,3607839949304833,0,12,96,1,model.layers.1.self_attn.swa_cache
3607839949691954,3607839949698094,3607839949956175,3607839950434866,0,12,96,1,model.layers.2.self_attn.compressor.state_cache
3607839950595297,3607839950599377,3607839950804887,3607839951187529,0,12,96,1,model.layers.2.self_attn.indexer.compressor.state_cache
3607839951471409,3607839951509080,3607839951697590,3607839952101001,0,12,96,1,model.layers.3.self_attn.compressor.state_cache
3607840006011287,3607840006584649,3607840006770270,3607840012441297,1,12,96,4,model.layers.2.self_attn.indexer.k_cache
3607840012667248,3607840012671508,3607840012878368,3607840013311300,0,12,96,4,model.layers.2.self_attn.attn
3607840013592301,3607840013596591,3607840013779181,3607840014440943,0,12,96,128,model.layers.3.self_attn.attn
3607840014729874,3607840014734344,3607840015052945,3607840016068568,0,12,96,1,model.layers.0.self_attn.swa_cache
3607840016503269,3607840016510539,3607840016799520,3607840017397542,0,12,96,1,model.layers.1.self_attn.swa_cache
3607840017822344,3607840017829064,3607840018116314,3607840018699846,0,12,96,1,model.layers.2.self_attn.compressor.state_cache
3607840018966687,3607840018972807,3607840019284338,3607840019865250,0,12,96,1,model.layers.2.self_attn.indexer.compressor.state_cache
3607840020309631,3607840020366191,3607840020644962,3607840021231574,0,12,96,1,model.layers.3.self_attn.compressor.state_cache
3607840075153440,3607840075716302,3607840075896092,3607840081789140,1,12,96,4,model.layers.2.self_attn.indexer.k_cache
3607840082461512,3607840082466532,3607840082729153,3607840083279885,0,12,96,4,model.layers.2.self_attn.attn
3607840083646726,3607840083652276,3607840083890307,3607840084789949,0,12,96,128,model.layers.3.self_attn.attn
3607840085152761,3607840085158331,3607840085395231,3607840086229564,0,12,96,1,model.layers.0.self_attn.swa_cache
3607840086592085,3607840086597865,3607840086834396,3607840087328347,0,12,96,1,model.layers.1.self_attn.swa_cache
3607840087677188,3607840087683228,3607840087954859,3607840088403971,0,12,96,1,model.layers.2.self_attn.compressor.state_cache
3607840088581111,3607840088585671,3607840088810642,3607840089239513,0,12,96,1,model.layers.2.self_attn.indexer.compressor.state_cache
3607840089553194,3607840089596064,3607840089804575,3607840090239636,0,12,96,1,model.layers.3.self_attn.compressor.state_cache
3607840143241529,3607840143822611,3607840144023302,3607840149594409,1,12,96,4,model.layers.2.self_attn.indexer.k_cache
3607840149831119,3607840149835300,3607840150036150,3607840150461961,0,12,96,4,model.layers.2.self_attn.attn
3607840150741002,3607840150745292,3607840150930513,3607840151592055,0,12,96,128,model.layers.3.self_attn.attn
3607840151872376,3607840151876776,3607840152073826,3607840152991109,0,12,96,1,model.layers.0.self_attn.swa_cache
3607840153424671,3607840153431251,3607840153714531,3607840154289493,0,12,96,1,model.layers.1.self_attn.swa_cache
3607840154717265,3607840154723895,3607840154995245,3607840155577077,0,12,96,1,model.layers.2.self_attn.compressor.state_cache
3607840155806968,3607840155813378,3607840156134209,3607840156704241,0,12,96,1,model.layers.2.self_attn.indexer.compressor.state_cache
3607840157116422,3607840157171282,3607840157444933,3607840158011095,0,12,96,1,model.layers.3.self_attn.compressor.state_cache
3607840210999168,3607840211571199,3607840211756220,3607840217495178,1,12,96,4,model.layers.2.self_attn.indexer.k_cache
3607840217813869,3607840217820449,3607840218139570,3607840218812912,0,12,96,4,model.layers.2.self_attn.attn
3607840219253363,3607840219260693,3607840219545414,3607840220600187,0,12,96,128,model.layers.3.self_attn.attn
3607840221045498,3607840221052189,3607840221337519,3607840222346102,0,12,96,1,model.layers.0.self_attn.swa_cache
3607840222788034,3607840222795054,3607840223080775,3607840223673647,0,12,96,1,model.layers.1.self_attn.swa_cache
3607840224112968,3607840224120138,3607840224408149,3607840224996451,0,12,96,1,model.layers.2.self_attn.compressor.state_cache
3607840225235121,3607840225241191,3607840225591622,3607840225964614,0,12,96,1,model.layers.2.self_attn.indexer.compressor.state_cache
3607840226242394,3607840226280115,3607840226464065,3607840226846396,0,12,96,1,model.layers.3.self_attn.compressor.state_cache
3607840279463758,3607840280055470,3607840280241931,3607840285931958,1,12,96,4,model.layers.2.self_attn.indexer.k_cache
3607840286168619,3607840286172779,3607840286375199,3607840286808911,0,12,96,4,model.layers.2.self_attn.attn
3607840287092792,3607840287097342,3607840287278832,3607840287944064,0,12,96,128,model.layers.3.self_attn.attn
3607840288255425,3607840288259765,3607840288442556,3607840289103498,0,12,96,1,model.layers.0.self_attn.swa_cache
3607840289383709,3607840289387869,3607840289568759,3607840289953120,0,12,96,1,model.layers.1.self_attn.swa_cache
3607840290269291,3607840290275901,3607840290552372,3607840291106884,0,12,96,1,model.layers.2.self_attn.compressor.state_cache
3607840291337815,3607840291343795,3607840291641896,3607840292223307,0,12,96,1,model.layers.2.self_attn.indexer.compressor.state_cache
3607840292635559,3607840292692119,3607840292967700,3607840293536551,0,12,96,1,model.layers.3.self_attn.compressor.state_cache
3607840348295170,3607840348871122,3607840349056242,3607840354636399,1,12,96,4,model.layers.2.self_attn.indexer.k_cache
3607840354859230,3607840354863520,3607840355070071,3607840355503892,0,12,96,4,model.layers.2.self_attn.attn
3607840355837113,3607840355844393,3607840356147544,3607840357139287,0,12,96,128,model.layers.3.self_attn.attn
3607840357577448,3607840357584188,3607840357858279,3607840358849112,0,12,96,1,model.layers.0.self_attn.swa_cache
3607840359274604,3607840359281244,3607840359559704,3607840360151276,0,12,96,1,model.layers.1.self_attn.swa_cache
3607840360558518,3607840360564758,3607840360845498,3607840361424680,0,12,96,1,model.layers.2.self_attn.compressor.state_cache
3607840361654601,3607840361660421,3607840361957692,3607840362523454,0,12,96,1,model.layers.2.self_attn.indexer.compressor.state_cache
3607840362929815,3607840362986105,3607840363257346,3607840363820368,0,12,96,1,model.layers.3.self_attn.compressor.state_cache
3607840416362419,3607840416928911,3607840417115601,3607840422964079,1,12,96,4,model.layers.2.self_attn.indexer.k_cache
3607840423238180,3607840423243650,3607840423507751,3607840424089843,0,12,96,4,model.layers.2.self_attn.attn
3607840424458004,3607840424463844,3607840424705195,3607840425562677,0,12,96,128,model.layers.3.self_attn.attn
3607840425935659,3607840425941449,3607840426175289,3607840427022202,0,12,96,1,model.layers.0.self_attn.swa_cache
3607840427378613,3607840427384473,3607840427616954,3607840428122495,0,12,96,1,model.layers.1.self_attn.swa_cache
3607840428474216,3607840428479916,3607840428715847,3607840429243199,0,12,96,1,model.layers.2.self_attn.compressor.state_cache
3607840429411789,3607840429416139,3607840429631410,3607840430046331,0,12,96,1,model.layers.2.self_attn.indexer.compressor.state_cache
3607840430343062,3607840430381702,3607840430582843,3607840430997244,0,12,96,1,model.layers.3.self_attn.compressor.state_cache
3607840484596629,3607840485164981,3607840485351051,3607840491027679,1,12,96,4,model.layers.2.self_attn.indexer.k_cache
3607840491262099,3607840491266029,3607840491471940,3607840491901681,0,12,96,4,model.layers.2.self_attn.attn
3607840492197042,3607840492201442,3607840492385573,3607840493049395,0,12,96,128,model.layers.3.self_attn.attn
3607840493345796,3607840493350466,3607840493533966,3607840494193678,0,12,96,1,model.layers.0.self_attn.swa_cache
3607840494647700,3607840494654420,3607840494939931,3607840495539123,0,12,96,1,model.layers.1.self_attn.swa_cache
3607840495959534,3607840495966234,3607840496264595,3607840496860697,0,12,96,1,model.layers.2.self_attn.compressor.state_cache
3607840497099217,3607840497106207,3607840497415298,3607840498004470,0,12,96,1,model.layers.2.self_attn.indexer.compressor.state_cache
3607840498427882,3607840498483942,3607840498770723,3607840499358624,0,12,96,1,model.layers.3.self_attn.compressor.state_cache
3607840552395817,3607840552968179,3607840553152470,3607840558838677,1,12,96,4,model.layers.2.self_attn.indexer.k_cache
3607840559149698,3607840559155968,3607840559461359,3607840560134901,0,12,96,4,model.layers.2.self_attn.attn
3607840560560513,3607840560567253,3607840560847633,3607840561847797,0,12,96,128,model.layers.3.self_attn.attn
3607840562284118,3607840562290798,3607840562572519,3607840563582152,0,12,96,1,model.layers.0.self_attn.swa_cache
3607840563997853,3607840564015363,3607840564298644,3607840564874966,0,12,96,1,model.layers.1.self_attn.swa_cache
3607840565285777,3607840565291997,3607840565565598,3607840566147520,0,12,96,1,model.layers.2.self_attn.compressor.state_cache
3607840566376440,3607840566382180,3607840566679501,3607840567129933,0,12,96,1,model.layers.2.self_attn.indexer.compressor.state_cache
3607840567403334,3607840567438044,3607840567620214,3607840567996915,0,12,96,1,model.layers.3.self_attn.compressor.state_cache
3607840620194716,3607840620763288,3607840620940088,3607840626801576,1,12,96,4,model.layers.2.self_attn.indexer.k_cache
3607840627055907,3607840627060917,3607840627303248,3607840627810909,0,12,96,4,model.layers.2.self_attn.attn
3607840628159820,3607840628164920,3607840628379271,3607840629143453,0,12,96,128,model.layers.3.self_attn.attn
3607840629492085,3607840629496995,3607840629709045,3607840630453628,0,12,96,1,model.layers.0.self_attn.swa_cache
3607840630779869,3607840630784919,3607840630996019,3607840631430761,0,12,96,1,model.layers.1.self_attn.swa_cache
3607840631744111,3607840631749012,3607840631956242,3607840632565394,0,12,96,1,model.layers.2.self_attn.compressor.state_cache
3607840632763145,3607840632768395,3607840633018205,3607840633503717,0,12,96,1,model.layers.2.self_attn.indexer.compressor.state_cache
3607840633849028,3607840633897248,3607840634137459,3607840634621130,0,12,96,1,model.layers.3.self_attn.compressor.state_cache
3607840688600966,3607840689214398,3607840689404419,3607840694985106,1,12,96,4,model.layers.2.self_attn.indexer.k_cache
3607840695220447,3607840695224637,3607840695432327,3607840695862849,0,12,96,4,model.layers.2.self_attn.attn
3607840696165160,3607840696169720,3607840696355210,3607840697072442,0,12,96,128,model.layers.3.self_attn.attn
3607840697500004,3607840697506724,3607840697785325,3607840698783148,0,12,96,1,model.layers.0.self_attn.swa_cache
3607840699211879,3607840699218269,3607840699496640,3607840700096182,0,12,96,1,model.layers.1.self_attn.swa_cache
3607840700509423,3607840700515983,3607840700798774,3607840701376476,0,12,96,1,model.layers.2.self_attn.compressor.state_cache
3607840701609056,3607840701615016,3607840701915667,3607840702486409,0,12,96,1,model.layers.2.self_attn.indexer.compressor.state_cache
3607840702898450,3607840702954450,3607840703229441,3607840703797603,0,12,96,1,model.layers.3.self_attn.compressor.state_cache
3607840756945367,3607840757525048,3607840757711509,3607840763661967,1,12,96,4,model.layers.2.self_attn.indexer.k_cache
3607840763964728,3607840763970868,3607840764310089,3607840764977851,0,12,96,4,model.layers.2.self_attn.attn
3607840765407533,3607840765414223,3607840765693563,3607840766702967,0,12,96,128,model.layers.3.self_attn.attn
3607840767141858,3607840767148648,3607840767435449,3607840768452182,0,12,96,1,model.layers.0.self_attn.swa_cache
3607840768884413,3607840768890843,3607840769173964,3607840769767856,0,12,96,1,model.layers.1.self_attn.swa_cache
3607840770184487,3607840770191027,3607840770466478,3607840771025800,0,12,96,1,model.layers.2.self_attn.compressor.state_cache
3607840771178790,3607840771182480,3607840771385171,3607840771759562,0,12,96,1,model.layers.2.self_attn.indexer.compressor.state_cache
3607840772042933,3607840772079073,3607840772265684,3607840772633835,0,12,96,1,model.layers.3.self_attn.compressor.state_cache
3607840825961899,3607840826550681,3607840826741401,3607840832422749,1,12,96,4,model.layers.2.self_attn.indexer.k_cache
3607840832655969,3607840832659919,3607840832869750,3607840833303721,0,12,96,4,model.layers.2.self_attn.attn
3607840833590042,3607840833594352,3607840833775023,3607840834441415,0,12,96,128,model.layers.3.self_attn.attn
3607840834732496,3607840834736846,3607840834919336,3607840835561698,0,12,96,1,model.layers.0.self_attn.swa_cache
3607840835941889,3607840835948869,3607840836256860,3607840836842592,0,12,96,1,model.layers.1.self_attn.swa_cache
3607840837260664,3607840837267034,3607840837539414,3607840838118436,0,12,96,1,model.layers.2.self_attn.compressor.state_cache
3607840838347957,3607840838353877,3607840838659238,3607840839238110,0,12,96,1,model.layers.2.self_attn.indexer.compressor.state_cache
3607840839649771,3607840839707171,3607840839991102,3607840840578334,0,12,96,1,model.layers.3.self_attn.compressor.state_cache
3607840894940171,3607840895517273,3607840895702563,3607840901686412,1,12,96,4,model.layers.2.self_attn.indexer.k_cache
3607840901999353,3607840902005183,3607840902321264,3607840902989366,0,12,96,4,model.layers.2.self_attn.attn
3607840903416017,3607840903422377,3607840903704918,3607840904721791,0,12,96,128,model.layers.3.self_attn.attn
3607840905160852,3607840905167632,3607840905452483,3607840906472266,0,12,96,1,model.layers.0.self_attn.swa_cache
3607840906892548,3607840906899138,3607840907178359,3607840907757510,0,12,96,1,model.layers.1.self_attn.swa_cache
3607840908221962,3607840908228712,3607840908514193,3607840908981904,0,12,96,1,model.layers.2.self_attn.compressor.state_cache
3607840909140395,3607840909144075,3607840909344515,3607840909726966,0,12,96,1,model.layers.2.self_attn.indexer.compressor.state_cache
3607840910000477,3607840910037897,3607840910222988,3607840910599289,0,12,96,1,model.layers.3.self_attn.compressor.state_cache
3607840967405754,3607840967987946,3607840968181146,3607840973799173,1,12,96,4,model.layers.2.self_attn.indexer.k_cache
3607840974132334,3607840974138304,3607840974454755,3607840975112827,0,12,96,4,model.layers.2.self_attn.attn
3607840975539299,3607840975545599,3607840975827910,3607840976873103,0,12,96,128,model.layers.3.self_attn.attn
3607840977307534,3607840977313644,3607840977593135,3607840978588008,0,12,96,1,model.layers.0.self_attn.swa_cache
3607840979009809,3607840979016369,3607840979293120,3607840979869292,0,12,96,1,model.layers.1.self_attn.swa_cache
3607840980297513,3607840980303843,3607840980583914,3607840981157416,0,12,96,1,model.layers.2.self_attn.compressor.state_cache
3607840981385187,3607840981391037,3607840981691028,3607840982191429,0,12,96,1,model.layers.2.self_attn.indexer.compressor.state_cache
3607840982463570,3607840982500850,3607840982682961,3607840983054912,0,12,96,1,model.layers.3.self_attn.compressor.state_cache
3607841037148458,3607841037734330,3607841037921001,3607841043516778,1,12,96,4,model.layers.2.self_attn.indexer.k_cache
3607841043744269,3607841043748309,3607841043997959,3607841044446971,0,12,96,4,model.layers.2.self_attn.attn
3607841044732212,3607841044736532,3607841044925692,3607841045598544,0,12,96,128,model.layers.3.self_attn.attn
3607841045889775,3607841045894255,3607841046079856,3607841046906668,0,12,96,1,model.layers.0.self_attn.swa_cache
3607841047325390,3607841047332470,3607841047619840,3607841048218412,0,12,96,1,model.layers.1.self_attn.swa_cache
3607841048633054,3607841048639304,3607841048920434,3607841049512266,0,12,96,1,model.layers.2.self_attn.compressor.state_cache
3607841049742627,3607841049748567,3607841050055038,3607841050627310,0,12,96,1,model.layers.2.self_attn.indexer.compressor.state_cache
3607841051041021,3607841051096941,3607841051375992,3607841051950614,0,12,96,1,model.layers.3.self_attn.compressor.state_cache
3607841106255191,3607841106830823,3607841107015683,3607841112917581,1,12,96,4,model.layers.2.self_attn.indexer.k_cache
3607841113212902,3607841113218532,3607841113499543,3607841114087245,0,12,96,4,model.layers.2.self_attn.attn
3607841114463826,3607841114469866,3607841114724017,3607841115616830,0,12,96,128,model.layers.3.self_attn.attn
3607841116022001,3607841116028681,3607841116293592,3607841117191404,0,12,96,1,model.layers.0.self_attn.swa_cache
3607841117565216,3607841117571116,3607841117823726,3607841118335118,0,12,96,1,model.layers.1.self_attn.swa_cache
3607841118702939,3607841118708499,3607841118959990,3607841119483341,0,12,96,1,model.layers.2.self_attn.compressor.state_cache
3607841119649392,3607841119653442,3607841119866703,3607841120283534,0,12,96,1,model.layers.2.self_attn.indexer.compressor.state_cache
3607841120578105,3607841120618635,3607841120818586,3607841121221907,0,12,96,1,model.layers.3.self_attn.compressor.state_cache
3607841174481501,3607841175058532,3607841175243043,3607841180826570,1,12,96,4,model.layers.2.self_attn.indexer.k_cache
3607841181058391,3607841181062421,3607841181273642,3607841181708243,0,12,96,4,model.layers.2.self_attn.attn
3607841181990644,3607841181995034,3607841182182264,3607841182870866,0,12,96,128,model.layers.3.self_attn.attn
3607841183153417,3607841183157527,3607841183344908,3607841183996580,0,12,96,1,model.layers.0.self_attn.swa_cache
3607841184507111,3607841184513591,3607841184796832,3607841185381634,0,12,96,1,model.layers.1.self_attn.swa_cache
3607841185791095,3607841185797455,3607841186076416,3607841186645878,0,12,96,1,model.layers.2.self_attn.compressor.state_cache
3607841186875329,3607841186881019,3607841187186170,3607841187761801,0,12,96,1,model.layers.2.self_attn.indexer.compressor.state_cache
3607841188191943,3607841188248783,3607841188531974,3607841189112366,0,12,96,1,model.layers.3.self_attn.compressor.state_cache
3607841247203184,3607841247775916,3607841247962457,3607841253592094,1,12,96,4,model.layers.2.self_attn.indexer.k_cache
3607841253817525,3607841253821695,3607841254025525,3607841254463927,0,12,96,4,model.layers.2.self_attn.attn
3607841254746967,3607841254751398,3607841254935648,3607841255598090,0,12,96,128,model.layers.3.self_attn.attn
3607841255884291,3607841255888461,3607841256092372,3607841256758754,0,12,96,1,model.layers.0.self_attn.swa_cache
3607841257040255,3607841257044655,3607841257230795,3607841257614506,0,12,96,1,model.layers.1.self_attn.swa_cache
3607841258082478,3607841258089048,3607841258367929,3607841258938630,0,12,96,1,model.layers.2.self_attn.compressor.state_cache
3607841259167781,3607841259173791,3607841259480562,3607841260075434,0,12,96,1,model.layers.2.self_attn.indexer.compressor.state_cache
3607841260499005,3607841260556515,3607841260834566,3607841261408648,0,12,96,1,model.layers.3.self_attn.compressor.state_cache
3607841319182426,3607841319758987,3607841319938858,3607841325786926,1,12,96,4,model.layers.2.self_attn.indexer.k_cache
3607841326043597,3607841326048247,3607841326298788,3607841326821999,0,12,96,4,model.layers.2.self_attn.attn
3607841327159540,3607841327164830,3607841327399271,3607841328230433,0,12,96,128,model.layers.3.self_attn.attn
3607841328587565,3607841328593415,3607841328820955,3607841329617608,0,12,96,1,model.layers.0.self_attn.swa_cache
3607841329956299,3607841329961539,3607841330182729,3607841330636701,0,12,96,1,model.layers.1.self_attn.swa_cache
3607841330964012,3607841330969512,3607841331237003,3607841331723004,0,12,96,1,model.layers.2.self_attn.compressor.state_cache
3607841331915855,3607841331920585,3607841332187036,3607841332671247,0,12,96,1,model.layers.2.self_attn.indexer.compressor.state_cache
3607841333013198,3607841333058548,3607841333290049,3607841333772931,0,12,96,1,model.layers.3.self_attn.compressor.state_cache
3607841388861010,3607841389445632,3607841389632882,3607841395215299,1,12,96,4,model.layers.2.self_attn.indexer.k_cache
3607841395444650,3607841395448710,3607841395660751,3607841396234133,0,12,96,4,model.layers.2.self_attn.attn
3607841396669584,3607841396676394,3607841396963245,3607841397992878,0,12,96,128,model.layers.3.self_attn.attn
3607841398433219,3607841398439729,3607841398722970,3607841399720823,0,12,96,1,model.layers.0.self_attn.swa_cache
3607841400161195,3607841400168205,3607841400451496,3607841401034217,0,12,96,1,model.layers.1.self_attn.swa_cache
3607841401447019,3607841401453519,3607841401733880,3607841402323381,0,12,96,1,model.layers.2.self_attn.compressor.state_cache
3607841402552452,3607841402558302,3607841402867153,3607841403436555,0,12,96,1,model.layers.2.self_attn.indexer.compressor.state_cache
3607841403852196,3607841403908026,3607841404191057,3607841404572498,0,12,96,1,model.layers.3.self_attn.compressor.state_cache
3607841462901428,3607841463484799,3607841463678240,3607841469635918,1,12,96,4,model.layers.2.self_attn.indexer.k_cache
3607841469945949,3607841469952359,3607841470267260,3607841470934252,0,12,96,4,model.layers.2.self_attn.attn
3607841471362714,3607841471369794,3607841471655115,3607841472712338,0,12,96,128,model.layers.3.self_attn.attn
3607841473158949,3607841473165799,3607841473448310,3607841474435413,0,12,96,1,model.layers.0.self_attn.swa_cache
3607841474857414,3607841474864124,3607841475143455,3607841475728987,0,12,96,1,model.layers.1.self_attn.swa_cache
3607841476159668,3607841476166608,3607841476447559,3607841477020951,0,12,96,1,model.layers.2.self_attn.compressor.state_cache
3607841477261632,3607841477265482,3607841477466292,3607841477848854,0,12,96,1,model.layers.2.self_attn.indexer.compressor.state_cache
3607841478124994,3607841478162675,3607841478345075,3607841478724016,0,12,96,1,model.layers.3.self_attn.compressor.state_cache
3607841535054400,3607841535644291,3607841535835832,3607841541471939,1,12,96,4,model.layers.2.self_attn.indexer.k_cache
3607841541695320,3607841541699200,3607841541972201,3607841542630393,0,12,96,4,model.layers.2.self_attn.attn
3607841543095804,3607841543102644,3607841543390115,3607841544439128,0,12,96,128,model.layers.3.self_attn.attn
3607841544894320,3607841544901100,3607841545183831,3607841546198134,0,12,96,1,model.layers.0.self_attn.swa_cache
3607841546625455,3607841546632165,3607841546919736,3607841547499788,0,12,96,1,model.layers.1.self_attn.swa_cache
3607841547916459,3607841547923379,3607841548225110,3607841548810662,0,12,96,1,model.layers.2.self_attn.compressor.state_cache
3607841549049133,3607841549054713,3607841549357384,3607841549979855,0,12,96,1,model.layers.2.self_attn.indexer.compressor.state_cache
3607841550261096,3607841550297676,3607841550482637,3607841550861528,0,12,96,1,model.layers.3.self_attn.compressor.state_cache
3607841608830656,3607841609408548,3607841609594689,3607841615523647,1,12,96,4,model.layers.2.self_attn.indexer.k_cache
3607841615833838,3607841615840208,3607841616170669,3607841616824621,0,12,96,4,model.layers.2.self_attn.attn
3607841617252372,3607841617259012,3607841617539443,3607841618550406,0,12,96,128,model.layers.3.self_attn.attn
3607841618987618,3607841618994438,3607841619275819,3607841620304902,0,12,96,1,model.layers.0.self_attn.swa_cache
3607841620733733,3607841620740363,3607841621024344,3607841621612926,0,12,96,1,model.layers.1.self_attn.swa_cache
3607841622024427,3607841622031107,3607841622312078,3607841622872750,0,12,96,1,model.layers.2.self_attn.compressor.state_cache
3607841623026860,3607841623030660,3607841623230951,3607841623604472,0,12,96,1,model.layers.2.self_attn.indexer.compressor.state_cache
3607841623875213,3607841623914363,3607841624116323,3607841624496965,0,12,96,1,model.layers.3.self_attn.compressor.state_cache
3607841678001609,3607841678586321,3607841678782132,3607841684241068,1,11,88,4,model.layers.2.self_attn.indexer.k_cache
3607841684473879,3607841684477959,3607841684689420,3607841685139471,0,11,88,4,model.layers.2.self_attn.attn
3607841685431732,3607841685436162,3607841685624703,3607841686286295,0,11,88,128,model.layers.3.self_attn.attn
3607841686594146,3607841686598406,3607841686783536,3607841687442308,0,11,88,1,model.layers.0.self_attn.swa_cache
3607841687783039,3607841687789259,3607841688074780,3607841688623422,0,11,88,1,model.layers.1.self_attn.swa_cache
3607841689015003,3607841689021003,3607841689286734,3607841689828766,0,11,88,1,model.layers.2.self_attn.compressor.state_cache
3607841690046856,3607841690052326,3607841690335517,3607841690881889,0,11,88,1,model.layers.2.self_attn.indexer.compressor.state_cache
3607841691263930,3607841691315250,3607841691574921,3607841692125163,0,11,88,1,model.layers.3.self_attn.compressor.state_cache
3607841746158829,3607841746736771,3607841746924701,3607841752201167,1,10,80,4,model.layers.2.self_attn.indexer.k_cache
3607841752434968,3607841752438888,3607841752647629,3607841753263291,0,10,80,4,model.layers.2.self_attn.attn
3607841753629822,3607841753635382,3607841753878483,3607841754761015,0,10,80,128,model.layers.3.self_attn.attn
3607841755122406,3607841755128076,3607841755371517,3607841756250140,0,10,80,1,model.layers.0.self_attn.swa_cache
3607841756626461,3607841756632051,3607841756869092,3607841757369723,0,10,80,1,model.layers.1.self_attn.swa_cache
3607841757724254,3607841757729804,3607841757966865,3607841758450257,0,10,80,1,model.layers.2.self_attn.compressor.state_cache
3607841758645037,3607841758650127,3607841758904828,3607841759396260,0,10,80,1,model.layers.2.self_attn.indexer.compressor.state_cache
3607841759745401,3607841759793661,3607841760044232,3607841760535343,0,10,80,1,model.layers.3.self_attn.compressor.state_cache
3607841812830004,3607841813416976,3607841813603936,3607841818964283,1,10,80,4,model.layers.2.self_attn.indexer.k_cache
3607841819257674,3607841819262844,3607841819548755,3607841820168886,0,10,80,4,model.layers.2.self_attn.attn
3607841820591918,3607841820598388,3607841820846869,3607841821787581,0,10,80,128,model.layers.3.self_attn.attn
3607841822166273,3607841822171873,3607841822422753,3607841823309676,0,10,80,1,model.layers.0.self_attn.swa_cache
3607841823705167,3607841823710967,3607841823961538,3607841824498320,0,10,80,1,model.layers.1.self_attn.swa_cache
3607841824898481,3607841824904281,3607841825155882,3607841825671353,0,10,80,1,model.layers.2.self_attn.compressor.state_cache
3607841825908424,3607841825912484,3607841826113555,3607841826501916,0,10,80,1,model.layers.2.self_attn.indexer.compressor.state_cache
3607841826771667,3607841826811007,3607841826994187,3607841827371629,0,10,80,1,model.layers.3.self_attn.compressor.state_cache
3607841880356362,3607841880939303,3607841881128414,3607841886228200,1,10,80,4,model.layers.2.self_attn.indexer.k_cache
3607841886455930,3607841886460090,3607841886669251,3607841887116222,0,10,80,4,model.layers.2.self_attn.attn
3607841887401593,3607841887406243,3607841887594144,3607841888266446,0,10,80,128,model.layers.3.self_attn.attn
3607841888559577,3607841888563897,3607841888751037,3607841889419419,0,10,80,1,model.layers.0.self_attn.swa_cache
3607841889703990,3607841889708130,3607841889894971,3607841890274212,0,10,80,1,model.layers.1.self_attn.swa_cache
3607841890549183,3607841890553633,3607841890838054,3607841891384855,0,10,80,1,model.layers.2.self_attn.compressor.state_cache
3607841891603256,3607841891608876,3607841891901187,3607841892467969,0,10,80,1,model.layers.2.self_attn.indexer.compressor.state_cache
3607841892859250,3607841892912500,3607841893180101,3607841893722213,0,10,80,1,model.layers.3.self_attn.compressor.state_cache
3607841949258393,3607841949832975,3607841950021576,3607841955125612,1,10,80,4,model.layers.2.self_attn.indexer.k_cache
3607841955349922,3607841955354052,3607841955562013,3607841956154235,0,10,80,4,model.layers.2.self_attn.attn
3607841956562596,3607841956568756,3607841956839217,3607841957814760,0,10,80,128,model.layers.3.self_attn.attn
3607841958233881,3607841958240201,3607841958509442,3607841959445375,0,10,80,1,model.layers.0.self_attn.swa_cache
3607841959850436,3607841959856886,3607841960139687,3607841960695789,0,10,80,1,model.layers.1.self_attn.swa_cache
3607841961095990,3607841961101960,3607841961369741,3607841961924332,0,10,80,1,model.layers.2.self_attn.compressor.state_cache
3607841962139013,3607841962144713,3607841962440474,3607841962988126,0,10,80,1,model.layers.2.self_attn.indexer.compressor.state_cache
3607841963376737,3607841963429117,3607841963696788,3607841964171779,0,10,80,1,model.layers.3.self_attn.compressor.state_cache
3607842017194652,3607842017781314,3607842017974655,3607842023213071,1,10,80,4,model.layers.2.self_attn.indexer.k_cache
3607842023455462,3607842023460052,3607842023683342,3607842024180584,0,10,80,4,model.layers.2.self_attn.attn
3607842024489335,3607842024494175,3607842024695905,3607842025417538,0,10,80,128,model.layers.3.self_attn.attn
3607842025734869,3607842025739549,3607842025939649,3607842026655172,0,10,80,1,model.layers.0.self_attn.swa_cache
3607842026960932,3607842026965602,3607842027169213,3607842027583564,0,10,80,1,model.layers.1.self_attn.swa_cache
3607842027886595,3607842027891225,3607842028105796,3607842028519727,0,10,80,1,model.layers.2.self_attn.compressor.state_cache
3607842028751178,3607842028756248,3607842029018319,3607842029509560,0,10,80,1,model.layers.2.self_attn.indexer.compressor.state_cache
3607842029869341,3607842029915522,3607842030150122,3607842030650994,0,10,80,1,model.layers.3.self_attn.compressor.state_cache
3607842086661296,3607842087242208,3607842087432978,3607842092604344,1,10,80,4,model.layers.2.self_attn.indexer.k_cache
3607842092827195,3607842092831245,3607842093038576,3607842093473087,0,10,80,4,model.layers.2.self_attn.attn
3607842093836358,3607842093842478,3607842094110989,3607842095093352,0,10,80,128,model.layers.3.self_attn.attn
3607842095509423,3607842095515413,3607842095785364,3607842096748177,0,10,80,1,model.layers.0.self_attn.swa_cache
3607842097146188,3607842097152648,3607842097420529,3607842097971621,0,10,80,1,model.layers.1.self_attn.swa_cache
3607842098362172,3607842098368462,3607842098628483,3607842099169935,0,10,80,1,model.layers.2.self_attn.compressor.state_cache
3607842099386095,3607842099391655,3607842099676286,3607842100237558,0,10,80,1,model.layers.2.self_attn.indexer.compressor.state_cache
3607842100658389,3607842100711839,3607842100974280,3607842101513202,0,10,80,1,model.layers.3.self_attn.compressor.state_cache
3607842154325124,3607842154908726,3607842155096837,3607842160453503,1,10,80,4,model.layers.2.self_attn.indexer.k_cache
3607842160721144,3607842160726044,3607842160990405,3607842161540506,0,10,80,4,model.layers.2.self_attn.attn
3607842161901207,3607842161906638,3607842162147218,3607842162989631,0,10,80,128,model.layers.3.self_attn.attn
3607842163361202,3607842163366952,3607842163606253,3607842164464555,0,10,80,1,model.layers.0.self_attn.swa_cache
3607842164821016,3607842164826606,3607842165061597,3607842165546369,0,10,80,1,model.layers.1.self_attn.swa_cache
3607842165891640,3607842165897320,3607842166132040,3607842166614642,0,10,80,1,model.layers.2.self_attn.compressor.state_cache
3607842166804703,3607842166809833,3607842167065753,3607842167522255,0,10,80,1,model.layers.2.self_attn.indexer.compressor.state_cache
3607842167821016,3607842167859936,3607842168072206,3607842168488998,0,10,80,1,model.layers.3.self_attn.compressor.state_cache
3607842221710791,3607842222303743,3607842222491284,3607842227692420,1,10,80,4,model.layers.2.self_attn.indexer.k_cache
3607842227920391,3607842227924591,3607842228155221,3607842228594473,0,10,80,4,model.layers.2.self_attn.attn
3607842228880783,3607842228884974,3607842229072654,3607842229746806,0,10,80,128,model.layers.3.self_attn.attn
3607842230034037,3607842230038407,3607842230228338,3607842230892790,0,10,80,1,model.layers.0.self_attn.swa_cache
3607842231172651,3607842231177081,3607842231365121,3607842231747972,0,10,80,1,model.layers.1.self_attn.swa_cache
3607842232136434,3607842232143034,3607842232415834,3607842232970906,0,10,80,1,model.layers.2.self_attn.compressor.state_cache
3607842233192317,3607842233197387,3607842233487538,3607842234057149,0,10,80,1,model.layers.2.self_attn.indexer.compressor.state_cache
3607842234456921,3607842234507991,3607842234783242,3607842235335183,0,10,80,1,model.layers.3.self_attn.compressor.state_cache
3607842289072569,3607842289658540,3607842289847381,3607842294855906,1,9,72,4,model.layers.2.self_attn.indexer.k_cache
3607842295091547,3607842295095637,3607842295307848,3607842295748869,0,9,72,4,model.layers.2.self_attn.attn
3607842296048400,3607842296053170,3607842296247021,3607842297055103,0,9,72,128,model.layers.3.self_attn.attn
3607842297438084,3607842297444574,3607842297699255,3607842298589858,0,9,72,1,model.layers.0.self_attn.swa_cache
3607842298986129,3607842298992309,3607842299247970,3607842299769492,0,9,72,1,model.layers.1.self_attn.swa_cache
3607842300170503,3607842300176783,3607842300429954,3607842300934825,0,9,72,1,model.layers.2.self_attn.compressor.state_cache
3607842301144656,3607842301150266,3607842301423387,3607842301944138,0,9,72,1,model.layers.2.self_attn.indexer.compressor.state_cache
3607842302312479,3607842302364870,3607842302613920,3607842303130062,0,9,72,1,model.layers.3.self_attn.compressor.state_cache
3607842358654913,3607842359236874,3607842359419805,3607842364443950,1,9,72,4,model.layers.2.self_attn.indexer.k_cache
3607842364681481,3607842364686261,3607842364926232,3607842365425723,0,9,72,4,model.layers.2.self_attn.attn
3607842365760134,3607842365765145,3607842365977875,3607842366763328,0,9,72,128,model.layers.3.self_attn.attn
3607842367087369,3607842367092309,3607842367305269,3607842368087942,0,9,72,1,model.layers.0.self_attn.swa_cache
3607842368425733,3607842368431033,3607842368649393,3607842369090135,0,9,72,1,model.layers.1.self_attn.swa_cache
3607842369405536,3607842369410626,3607842369622926,3607842370061908,0,9,72,1,model.layers.2.self_attn.compressor.state_cache
3607842370236818,3607842370241078,3607842370476729,3607842370939610,0,9,72,1,model.layers.2.self_attn.indexer.compressor.state_cache
3607842371252441,3607842371295342,3607842371508172,3607842371948004,0,9,72,1,model.layers.3.self_attn.compressor.state_cache
3607842424179524,3607842424765766,3607842424953297,3607842429862522,1,8,64,4,model.layers.2.self_attn.indexer.k_cache
3607842430127512,3607842430132392,3607842430388643,3607842430910205,0,8,64,4,model.layers.2.self_attn.attn
3607842431293676,3607842431299046,3607842431526307,3607842432350589,0,8,64,128,model.layers.3.self_attn.attn
3607842432708410,3607842432713880,3607842432943521,3607842433741814,0,8,64,1,model.layers.0.self_attn.swa_cache
3607842434082765,3607842434087905,3607842434308655,3607842434770577,0,8,64,1,model.layers.1.self_attn.swa_cache
3607842435101298,3607842435106428,3607842435331178,3607842435789980,0,8,64,1,model.layers.2.self_attn.compressor.state_cache
3607842435975140,3607842435979830,3607842436332252,3607842436771893,0,8,64,1,model.layers.2.self_attn.indexer.compressor.state_cache
3607842437090944,3607842437134554,3607842437350235,3607842437780116,0,8,64,1,model.layers.3.self_attn.compressor.state_cache
3607842487689879,3607842488304591,3607842488492682,3607842492604075,1,8,64,4,model.layers.2.self_attn.indexer.k_cache
3607842492835145,3607842492838995,3607842493119976,3607842493682638,0,8,64,4,model.layers.2.self_attn.attn
3607842494052839,3607842494058699,3607842494301240,3607842495155202,0,8,64,128,model.layers.3.self_attn.attn
3607842495528514,3607842495534274,3607842495767654,3607842496630177,0,8,64,1,model.layers.0.self_attn.swa_cache
3607842496978538,3607842496984058,3607842497222369,3607842497703860,0,8,64,1,model.layers.1.self_attn.swa_cache
3607842498046501,3607842498051631,3607842498280842,3607842498764824,0,8,64,1,model.layers.2.self_attn.compressor.state_cache
3607842498954564,3607842498959194,3607842499217885,3607842499694916,0,8,64,1,model.layers.2.self_attn.indexer.compressor.state_cache
3607842500053058,3607842500100178,3607842500334148,3607842500812180,0,8,64,1,model.layers.3.self_attn.compressor.state_cache
3607842550707583,3607842551294895,3607842551488236,3607842555616578,1,8,64,4,model.layers.2.self_attn.indexer.k_cache
3607842555868249,3607842555872109,3607842556099240,3607842556535891,0,8,64,4,model.layers.2.self_attn.attn
3607842556828542,3607842556832992,3607842557030723,3607842557718455,0,8,64,128,model.layers.3.self_attn.attn
3607842558104576,3607842558110686,3607842558347977,3607842559181629,0,8,64,1,model.layers.0.self_attn.swa_cache
3607842559535580,3607842559541250,3607842559778611,3607842560282133,0,8,64,1,model.layers.1.self_attn.swa_cache
3607842560625964,3607842560631454,3607842560863795,3607842561346486,0,8,64,1,model.layers.2.self_attn.compressor.state_cache
3607842561537637,3607842561542617,3607842561796147,3607842562281779,0,8,64,1,model.layers.2.self_attn.indexer.compressor.state_cache
3607842562624310,3607842562670970,3607842562899691,3607842563372842,0,8,64,1,model.layers.3.self_attn.compressor.state_cache
3607842612605984,3607842613186725,3607842613371206,3607842617585929,1,8,64,4,model.layers.2.self_attn.indexer.k_cache
3607842617808070,3607842617812090,3607842618021870,3607842618462272,0,8,64,4,model.layers.2.self_attn.attn
3607842618749553,3607842618754013,3607842618937693,3607842619620805,0,8,64,128,model.layers.3.self_attn.attn
3607842619910706,3607842619915036,3607842620116097,3607842620776339,0,8,64,1,model.layers.0.self_attn.swa_cache
3607842621056890,3607842621060930,3607842621248820,3607842621626181,0,8,64,1,model.layers.1.self_attn.swa_cache
3607842621895642,3607842621899832,3607842622081873,3607842622456724,0,8,64,1,model.layers.2.self_attn.compressor.state_cache
3607842622666015,3607842622670835,3607842622923655,3607842623408887,0,8,64,1,model.layers.2.self_attn.indexer.compressor.state_cache
3607842623747988,3607842623795208,3607842624040259,3607842624529250,0,8,64,1,model.layers.3.self_attn.compressor.state_cache
3607842674208313,3607842674784545,3607842674968515,3607842679083528,1,8,64,4,model.layers.2.self_attn.indexer.k_cache
3607842679308889,3607842679312839,3607842679597930,3607842680159231,0,8,64,4,model.layers.2.self_attn.attn
3607842680513593,3607842680519263,3607842680750033,3607842681600026,0,8,64,128,model.layers.3.self_attn.attn
3607842681966427,3607842681972067,3607842682205098,3607842683041860,0,8,64,1,model.layers.0.self_attn.swa_cache
3607842683392281,3607842683397591,3607842683634142,3607842684129324,0,8,64,1,model.layers.1.self_attn.swa_cache
3607842684503425,3607842684508655,3607842684737486,3607842685202447,0,8,64,1,model.layers.2.self_attn.compressor.state_cache
3607842685396398,3607842685401018,3607842685652198,3607842686122190,0,8,64,1,model.layers.2.self_attn.indexer.compressor.state_cache
3607842686463341,3607842686509941,3607842686746572,3607842687221293,0,8,64,1,model.layers.3.self_attn.compressor.state_cache
3607842740968239,3607842741547110,3607842741732571,3607842746011934,1,8,64,4,model.layers.2.self_attn.indexer.k_cache
3607842746249185,3607842746253655,3607842746479525,3607842746948837,0,8,64,4,model.layers.2.self_attn.attn
3607842747257598,3607842747262448,3607842747462638,3607842748203591,0,8,64,128,model.layers.3.self_attn.attn
3607842748514392,3607842748519252,3607842748721262,3607842749435585,0,8,64,1,model.layers.0.self_attn.swa_cache
3607842749735055,3607842749739885,3607842749939606,3607842750357127,0,8,64,1,model.layers.1.self_attn.swa_cache
3607842750651568,3607842750656188,3607842750855919,3607842751266220,0,8,64,1,model.layers.2.self_attn.compressor.state_cache
3607842751431331,3607842751435371,3607842751651461,3607842752141653,0,8,64,1,model.layers.2.self_attn.indexer.compressor.state_cache
3607842752456474,3607842752498444,3607842752711975,3607842753147006,0,8,64,1,model.layers.3.self_attn.compressor.state_cache
3607842803596861,3607842804199203,3607842804386954,3607842808647007,1,8,64,4,model.layers.2.self_attn.indexer.k_cache
3607842808913897,3607842808919067,3607842809180578,3607842809731880,0,8,64,4,model.layers.2.self_attn.attn
3607842810088381,3607842810094211,3607842810330002,3607842811182084,0,8,64,128,model.layers.3.self_attn.attn
3607842811537336,3607842811542926,3607842811783866,3607842812635219,0,8,64,1,model.layers.0.self_attn.swa_cache
3607842812996100,3607842813001480,3607842813239991,3607842813718982,0,8,64,1,model.layers.1.self_attn.swa_cache
3607842814061503,3607842814066793,3607842814297564,3607842814778486,0,8,64,1,model.layers.2.self_attn.compressor.state_cache
3607842814969586,3607842814974386,3607842815225407,3607842815702518,0,8,64,1,model.layers.2.self_attn.indexer.compressor.state_cache
3607842816048559,3607842816094260,3607842816353650,3607842816731662,0,8,64,1,model.layers.3.self_attn.compressor.state_cache
3607842865220711,3607842865807912,3607842865995903,3607842870167356,1,8,64,4,model.layers.2.self_attn.indexer.k_cache
3607842870394387,3607842870398377,3607842870611627,3607842871058179,0,8,64,4,model.layers.2.self_attn.attn
3607842871344090,3607842871348640,3607842871537170,3607842872215012,0,8,64,128,model.layers.3.self_attn.attn
3607842872496083,3607842872500403,3607842872689454,3607842873350626,0,8,64,1,model.layers.0.self_attn.swa_cache
3607842873639417,3607842873643827,3607842873831377,3607842874217448,0,8,64,1,model.layers.1.self_attn.swa_cache
3607842874487009,3607842874491279,3607842874731120,3607842875210081,0,8,64,1,model.layers.2.self_attn.compressor.state_cache
3607842875400472,3607842875405112,3607842875658083,3607842876151154,0,8,64,1,model.layers.2.self_attn.indexer.compressor.state_cache
3607842876492325,3607842876540805,3607842876776636,3607842877248548,0,8,64,1,model.layers.3.self_attn.compressor.state_cache
3607842926632630,3607842927218461,3607842927402392,3607842931596225,1,8,64,4,model.layers.2.self_attn.indexer.k_cache
3607842931827946,3607842931831726,3607842932204227,3607842932754848,0,8,64,4,model.layers.2.self_attn.attn
3607842933114699,3607842933120160,3607842933357650,3607842934220763,0,8,64,128,model.layers.3.self_attn.attn
3607842934581524,3607842934587104,3607842934822665,3607842935658307,0,8,64,1,model.layers.0.self_attn.swa_cache
3607842936031588,3607842936037109,3607842936275819,3607842936755811,0,8,64,1,model.layers.1.self_attn.swa_cache
3607842937099952,3607842937105482,3607842937341163,3607842937820604,0,8,64,1,model.layers.2.self_attn.compressor.state_cache
3607842938008785,3607842938013755,3607842938267505,3607842938750017,0,8,64,1,model.layers.2.self_attn.indexer.compressor.state_cache
3607842939117908,3607842939164398,3607842939402489,3607842939892990,0,8,64,1,model.layers.3.self_attn.compressor.state_cache
3607842989007951,3607842989599713,3607842989788354,3607842993904496,1,8,64,4,model.layers.2.self_attn.indexer.k_cache
3607842994137317,3607842994141207,3607842994347708,3607842994777539,0,8,64,4,model.layers.2.self_attn.attn
3607842995060120,3607842995064600,3607842995249191,3607842995907543,0,8,64,128,model.layers.3.self_attn.attn
3607842996211534,3607842996215974,3607842996474764,3607842997274827,0,8,64,1,model.layers.0.self_attn.swa_cache
3607842997613308,3607842997618758,3607842997840729,3607842998300060,0,8,64,1,model.layers.1.self_attn.swa_cache
3607842998623641,3607842998628881,3607842998848582,3607842999304273,0,8,64,1,model.layers.2.self_attn.compressor.state_cache
3607842999485194,3607842999489714,3607842999729554,3607843000199936,0,8,64,1,model.layers.2.self_attn.indexer.compressor.state_cache
3607843000526067,3607843000572797,3607843000799688,3607843001272729,0,8,64,1,model.layers.3.self_attn.compressor.state_cache
3607843050708721,3607843051299973,3607843051484724,3607843055597746,1,8,64,4,model.layers.2.self_attn.indexer.k_cache
3607843055818807,3607843055822507,3607843056043088,3607843056484789,0,8,64,4,model.layers.2.self_attn.attn
3607843056770130,3607843056774540,3607843056961060,3607843057650683,0,8,64,128,model.layers.3.self_attn.attn
3607843057936903,3607843057941223,3607843058127964,3607843058775376,0,8,64,1,model.layers.0.self_attn.swa_cache
3607843059051977,3607843059056287,3607843059242217,3607843059632489,0,8,64,1,model.layers.1.self_attn.swa_cache
3607843059904429,3607843059908840,3607843060106300,3607843060485041,0,8,64,1,model.layers.2.self_attn.compressor.state_cache
3607843060641232,3607843060645322,3607843061001533,3607843061483094,0,8,64,1,model.layers.2.self_attn.indexer.compressor.state_cache
3607843061822865,3607843061867856,3607843062100576,3607843062582928,0,8,64,1,model.layers.3.self_attn.compressor.state_cache
3607843111811399,3607843112409871,3607843112594902,3607843116768994,1,8,64,4,model.layers.2.self_attn.indexer.k_cache
3607843116992815,3607843116996865,3607843117246276,3607843117790018,0,8,64,4,model.layers.2.self_attn.attn
3607843118145959,3607843118151259,3607843118384839,3607843119216302,0,8,64,128,model.layers.3.self_attn.attn
3607843119570773,3607843119576173,3607843119811384,3607843120655256,0,8,64,1,model.layers.0.self_attn.swa_cache
3607843121002567,3607843121007797,3607843121240558,3607843121723690,0,8,64,1,model.layers.1.self_attn.swa_cache
3607843122070131,3607843122075511,3607843122313201,3607843122789543,0,8,64,1,model.layers.2.self_attn.compressor.state_cache
3607843122979183,3607843122984053,3607843123241494,3607843123727026,0,8,64,1,model.layers.2.self_attn.indexer.compressor.state_cache
3607843124080877,3607843124127487,3607843124360938,3607843124835179,0,8,64,1,model.layers.3.self_attn.compressor.state_cache
3607843173273548,3607843173859680,3607843174082581,3607843178172503,1,8,64,4,model.layers.2.self_attn.indexer.k_cache
3607843178403814,3607843178407714,3607843178613015,3607843179044776,0,8,64,4,model.layers.2.self_attn.attn
3607843179330427,3607843179334697,3607843179519857,3607843180201630,0,8,64,128,model.layers.3.self_attn.attn
3607843180487970,3607843180492220,3607843180677531,3607843181341853,0,8,64,1,model.layers.0.self_attn.swa_cache
3607843181620854,3607843181625014,3607843181810714,3607843182237006,0,8,64,1,model.layers.1.self_attn.swa_cache
3607843182579757,3607843182584977,3607843182821678,3607843183300349,0,8,64,1,model.layers.2.self_attn.compressor.state_cache
3607843183492940,3607843183497610,3607843183750120,3607843184252922,0,8,64,1,model.layers.2.self_attn.indexer.compressor.state_cache
3607843184592013,3607843184638303,3607843184885704,3607843185382105,0,8,64,1,model.layers.3.self_attn.compressor.state_cache
3607843234437326,3607843235009808,3607843235196529,3607843239525192,1,8,64,4,model.layers.2.self_attn.indexer.k_cache
3607843239791093,3607843239795963,3607843240082824,3607843240631535,0,8,64,4,model.layers.2.self_attn.attn
3607843241014827,3607843241020507,3607843241252867,3607843242084400,0,8,64,128,model.layers.3.self_attn.attn
3607843242436381,3607843242441951,3607843242680272,3607843243505244,0,8,64,1,model.layers.0.self_attn.swa_cache
3607843243851605,3607843243857025,3607843244105846,3607843244590638,0,8,64,1,model.layers.1.self_attn.swa_cache
3607843244932919,3607843244938359,3607843245168819,3607843245649901,0,8,64,1,model.layers.2.self_attn.compressor.state_cache
3607843245840251,3607843245845131,3607843246096422,3607843246581044,0,8,64,1,model.layers.2.self_attn.indexer.compressor.state_cache
3607843246950915,3607843246988765,3607843247170325,3607843247547527,0,8,64,1,model.layers.3.self_attn.compressor.state_cache
3607843296284517,3607843296872228,3607843297057749,3607843301250952,1,8,64,4,model.layers.2.self_attn.indexer.k_cache
3607843301477233,3607843301481293,3607843301689163,3607843302118234,0,8,64,4,model.layers.2.self_attn.attn
3607843302400555,3607843302405125,3607843302597016,3607843303280488,0,8,64,128,model.layers.3.self_attn.attn
3607843303560049,3607843303564479,3607843303752790,3607843304568922,0,8,64,1,model.layers.0.self_attn.swa_cache
3607843304917603,3607843304923003,3607843305162204,3607843305645025,0,8,64,1,model.layers.1.self_attn.swa_cache
3607843305990806,3607843305996236,3607843306228437,3607843306707319,0,8,64,1,model.layers.2.self_attn.compressor.state_cache
3607843306902719,3607843306907829,3607843307159950,3607843307642091,0,8,64,1,model.layers.2.self_attn.indexer.compressor.state_cache
3607843307981163,3607843308040813,3607843308277613,3607843308764105,0,8,64,1,model.layers.3.self_attn.compressor.state_cache
3607843357756076,3607843358335337,3607843358519228,3607843362705551,1,8,64,4,model.layers.2.self_attn.indexer.k_cache
3607843362937722,3607843362941772,3607843363165472,3607843363635474,0,8,64,4,model.layers.2.self_attn.attn
3607843363941435,3607843363946125,3607843364170515,3607843364887618,0,8,64,128,model.layers.3.self_attn.attn
3607843365193488,3607843365198168,3607843365398679,3607843366159981,0,8,64,1,model.layers.0.self_attn.swa_cache
3607843366462162,3607843366467012,3607843366664083,3607843367072064,0,8,64,1,model.layers.1.self_attn.swa_cache
3607843367366815,3607843367371335,3607843367572316,3607843367983237,0,8,64,1,model.layers.2.self_attn.compressor.state_cache
3607843368158678,3607843368162738,3607843368381668,3607843368782750,0,8,64,1,model.layers.2.self_attn.indexer.compressor.state_cache
3607843369132471,3607843369175891,3607843369384161,3607843369816423,0,8,64,1,model.layers.3.self_attn.compressor.state_cache
3607843420035347,3607843420618339,3607843420808490,3607843424920072,1,8,64,4,model.layers.2.self_attn.indexer.k_cache
3607843425147823,3607843425152003,3607843425359024,3607843425916575,0,8,64,4,model.layers.2.self_attn.attn
3607843426268596,3607843426273936,3607843426508297,3607843427372220,0,8,64,128,model.layers.3.self_attn.attn
3607843427729071,3607843427734681,3607843427963512,3607843428801814,0,8,64,1,model.layers.0.self_attn.swa_cache
3607843429153725,3607843429159225,3607843429391566,3607843429868677,0,8,64,1,model.layers.1.self_attn.swa_cache
3607843430208158,3607843430213848,3607843430445499,3607843430926971,0,8,64,1,model.layers.2.self_attn.compressor.state_cache
3607843431119071,3607843431124011,3607843431375522,3607843431859254,0,8,64,1,model.layers.2.self_attn.indexer.compressor.state_cache
3607843432227175,3607843432273255,3607843432505296,3607843432983107,0,8,64,1,model.layers.3.self_attn.compressor.state_cache
3607843483465102,3607843484060164,3607843484249235,3607843488418948,1,8,64,4,model.layers.2.self_attn.indexer.k_cache
3607843488647708,3607843488651648,3607843488860019,3607843489293500,0,8,64,4,model.layers.2.self_attn.attn
3607843489588871,3607843489593351,3607843489777862,3607843490550634,0,8,64,128,model.layers.3.self_attn.attn
3607843490903755,3607843490909055,3607843491142666,3607843491982938,0,8,64,1,model.layers.0.self_attn.swa_cache
3607843492347020,3607843492352430,3607843492589080,3607843493068982,0,8,64,1,model.layers.1.self_attn.swa_cache
3607843493435823,3607843493441313,3607843493670674,3607843494150015,0,8,64,1,model.layers.2.self_attn.compressor.state_cache
3607843494341016,3607843494345986,3607843494599237,3607843495081358,0,8,64,1,model.layers.2.self_attn.indexer.compressor.state_cache
3607843495421589,3607843495467479,3607843495703180,3607843496190441,0,8,64,1,model.layers.3.self_attn.compressor.state_cache
3607843547330449,3607843547914861,3607843548122471,3607843552298394,1,8,64,4,model.layers.2.self_attn.indexer.k_cache
3607843552526235,3607843552530285,3607843552740315,3607843553179817,0,8,64,4,model.layers.2.self_attn.attn
3607843553465728,3607843553470178,3607843553659688,3607843554342120,0,8,64,128,model.layers.3.self_attn.attn
3607843554625451,3607843554629971,3607843554819022,3607843555605264,0,8,64,1,model.layers.0.self_attn.swa_cache
3607843555958225,3607843555963505,3607843556215986,3607843556699048,0,8,64,1,model.layers.1.self_attn.swa_cache
3607843557050779,3607843557056369,3607843557288699,3607843557762791,0,8,64,1,model.layers.2.self_attn.compressor.state_cache
3607843557955371,3607843557960681,3607843558212272,3607843558696324,0,8,64,1,model.layers.2.self_attn.indexer.compressor.state_cache
3607843559031685,3607843559078635,3607843559311376,3607843559790687,0,8,64,1,model.layers.3.self_attn.compressor.state_cache
3607843608759748,3607843609336159,3607843609518310,3607843613608263,1,7,56,4,model.layers.2.self_attn.indexer.k_cache
3607843613848943,3607843613853263,3607843614071994,3607843614536035,0,7,56,4,model.layers.2.self_attn.attn
3607843614838696,3607843614843616,3607843615040567,3607843615774239,0,7,56,128,model.layers.3.self_attn.attn
3607843616086120,3607843616090680,3607843616285791,3607843616987513,0,7,56,1,model.layers.0.self_attn.swa_cache
3607843617282884,3607843617287474,3607843617484034,3607843617892876,0,7,56,1,model.layers.1.self_attn.swa_cache
3607843618181727,3607843618186037,3607843618377057,3607843618780398,0,7,56,1,model.layers.2.self_attn.compressor.state_cache
3607843618944529,3607843618948689,3607843619158990,3607843619561161,0,7,56,1,model.layers.2.self_attn.indexer.compressor.state_cache
3607843619852222,3607843619892152,3607843620139673,3607843620542304,0,7,56,1,model.layers.3.self_attn.compressor.state_cache
3607843671317680,3607843671905372,3607843672107492,3607843676446236,1,7,56,4,model.layers.2.self_attn.indexer.k_cache
3607843676724797,3607843676730407,3607843676990968,3607843677545859,0,7,56,4,model.layers.2.self_attn.attn
3607843677912230,3607843677917920,3607843678150981,3607843678998714,0,7,56,128,model.layers.3.self_attn.attn
3607843679379155,3607843679384955,3607843679615846,3607843680461298,0,7,56,1,model.layers.0.self_attn.swa_cache
3607843680812349,3607843680817769,3607843681051640,3607843681526961,0,7,56,1,model.layers.1.self_attn.swa_cache
3607843681867953,3607843681873543,3607843682104413,3607843682582075,0,7,56,1,model.layers.2.self_attn.compressor.state_cache
3607843682772815,3607843682777755,3607843683026376,3607843683505788,0,7,56,1,model.layers.2.self_attn.indexer.compressor.state_cache
3607843683845249,3607843683892989,3607843684143170,3607843684583121,0,7,56,1,model.layers.3.self_attn.compressor.state_cache
3607843738699027,3607843739282099,3607843739467230,3607843743667153,1,7,56,4,model.layers.2.self_attn.indexer.k_cache
3607843743897783,3607843743901783,3607843744134584,3607843744569565,0,7,56,4,model.layers.2.self_attn.attn
3607843744853966,3607843744858446,3607843745044787,3607843745702119,0,7,56,128,model.layers.3.self_attn.attn
3607843746006890,3607843746011350,3607843746201470,3607843746860322,0,7,56,1,model.layers.0.self_attn.swa_cache
3607843747136163,3607843747140323,3607843747324964,3607843747701825,0,7,56,1,model.layers.1.self_attn.swa_cache
3607843747972686,3607843747976916,3607843748175046,3607843748555338,0,7,56,1,model.layers.2.self_attn.compressor.state_cache
3607843748709408,3607843748713478,3607843748913559,3607843749394830,0,7,56,1,model.layers.2.self_attn.indexer.compressor.state_cache
3607843749739931,3607843749785591,3607843750012862,3607843750487844,0,7,56,1,model.layers.3.self_attn.compressor.state_cache
3607843800956189,3607843801544661,3607843801736241,3607843805825854,1,6,48,4,model.layers.2.self_attn.indexer.k_cache
3607843806087765,3607843806092655,3607843806337225,3607843806858797,0,6,48,4,model.layers.2.self_attn.attn
3607843807203288,3607843807208918,3607843807430449,3607843808282231,0,6,48,128,model.layers.3.self_attn.attn
3607843808625532,3607843808630872,3607843808851523,3607843809644986,0,6,48,1,model.layers.0.self_attn.swa_cache
3607843809979197,3607843809984717,3607843810206707,3607843810670549,0,6,48,1,model.layers.1.self_attn.swa_cache
3607843810998340,3607843811003300,3607843811224020,3607843811687052,0,6,48,1,model.layers.2.self_attn.compressor.state_cache
3607843811870842,3607843811875602,3607843812127253,3607843812594525,0,6,48,1,model.layers.2.self_attn.indexer.compressor.state_cache
3607843812918556,3607843812962096,3607843813187576,3607843813643248,0,6,48,1,model.layers.3.self_attn.compressor.state_cache
3607843863418641,3607843864015653,3607843864207113,3607843868152676,1,6,48,4,model.layers.2.self_attn.indexer.k_cache
3607843868378726,3607843868382546,3607843868590107,3607843869022978,0,6,48,4,model.layers.2.self_attn.attn
3607843869310949,3607843869315259,3607843869500030,3607843870162422,0,6,48,128,model.layers.3.self_attn.attn
3607843870440733,3607843870445153,3607843870626833,3607843871275475,0,6,48,1,model.layers.0.self_attn.swa_cache
3607843871550436,3607843871554746,3607843871783337,3607843872259728,0,6,48,1,model.layers.1.self_attn.swa_cache
3607843872589989,3607843872595249,3607843872813430,3607843873261311,0,6,48,1,model.layers.2.self_attn.compressor.state_cache
3607843873440392,3607843873445542,3607843873685043,3607843874136624,0,6,48,1,model.layers.2.self_attn.indexer.compressor.state_cache
3607843874459975,3607843874503245,3607843874722306,3607843875178477,0,6,48,1,model.layers.3.self_attn.compressor.state_cache
3607843926941426,3607843927516358,3607843927700659,3607843931718681,1,6,48,4,model.layers.2.self_attn.indexer.k_cache
3607843931937992,3607843931942362,3607843932169082,3607843932612374,0,6,48,4,model.layers.2.self_attn.attn
3607843932897455,3607843932901905,3607843933082525,3607843933742077,0,6,48,128,model.layers.3.self_attn.attn
3607843934024098,3607843934028358,3607843934210159,3607843934861311,0,6,48,1,model.layers.0.self_attn.swa_cache
3607843935136972,3607843935141292,3607843935324352,3607843935706853,0,6,48,1,model.layers.1.self_attn.swa_cache
3607843935976894,3607843935981184,3607843936311105,3607843936769807,0,6,48,1,model.layers.2.self_attn.compressor.state_cache
3607843936953977,3607843936958707,3607843937196608,3607843937654589,0,6,48,1,model.layers.2.self_attn.indexer.compressor.state_cache
3607843937978520,3607843938020340,3607843938243151,3607843938693693,0,6,48,1,model.layers.3.self_attn.compressor.state_cache
3607843989809930,3607843990386922,3607843990571972,3607843994443954,1,5,40,4,model.layers.2.self_attn.indexer.k_cache
3607843994694735,3607843994699185,3607843994936126,3607843995439247,0,5,40,4,model.layers.2.self_attn.attn
3607843995757958,3607843995762928,3607843995974819,3607843996769981,0,5,40,128,model.layers.3.self_attn.attn
3607843997103292,3607843997108512,3607843997321503,3607843998107005,0,5,40,1,model.layers.0.self_attn.swa_cache
3607843998434726,3607843998439546,3607843998651157,3607843999082268,0,5,40,1,model.layers.1.self_attn.swa_cache
3607843999394989,3607843999400099,3607843999605630,3607844000049711,0,5,40,1,model.layers.2.self_attn.compressor.state_cache
3607844000225192,3607844000229922,3607844000461973,3607844000886224,0,5,40,1,model.layers.2.self_attn.indexer.compressor.state_cache
3607844001201195,3607844001243655,3607844001541196,3607844001918057,0,5,40,1,model.layers.3.self_attn.compressor.state_cache
3607844053135615,3607844053712586,3607844053897637,3607844057687259,1,5,40,4,model.layers.2.self_attn.indexer.k_cache
3607844057910319,3607844057914339,3607844058121170,3607844058682302,0,5,40,4,model.layers.2.self_attn.attn
3607844059020013,3607844059025463,3607844059247063,3607844060061846,0,5,40,128,model.layers.3.self_attn.attn
3607844060430697,3607844060436247,3607844060659898,3607844061462380,0,5,40,1,model.layers.0.self_attn.swa_cache
3607844061795641,3607844061801121,3607844062023592,3607844062482383,0,5,40,1,model.layers.1.self_attn.swa_cache
3607844062804594,3607844062809674,3607844063028725,3607844063495006,0,5,40,1,model.layers.2.self_attn.compressor.state_cache
3607844063675727,3607844063680187,3607844063918018,3607844064391009,0,5,40,1,model.layers.2.self_attn.indexer.compressor.state_cache
3607844064727620,3607844064771420,3607844064991471,3607844065437432,0,5,40,1,model.layers.3.self_attn.compressor.state_cache
3607844116256699,3607844116836260,3607844117022121,3607844120752313,1,5,40,4,model.layers.2.self_attn.indexer.k_cache
3607844121001313,3607844121005413,3607844121209104,3607844121642095,0,5,40,4,model.layers.2.self_attn.attn
3607844121924096,3607844121928326,3607844122112957,3607844122774359,0,5,40,128,model.layers.3.self_attn.attn
3607844123188770,3607844123194160,3607844123417841,3607844124229423,0,5,40,1,model.layers.0.self_attn.swa_cache
3607844124569424,3607844124574714,3607844124797735,3607844125254586,0,5,40,1,model.layers.1.self_attn.swa_cache
3607844125580757,3607844125585707,3607844125808578,3607844126268810,0,5,40,1,model.layers.2.self_attn.compressor.state_cache
3607844126453580,3607844126458120,3607844126696811,3607844127154262,0,5,40,1,model.layers.2.self_attn.indexer.compressor.state_cache
3607844127479373,3607844127526593,3607844127742874,3607844128213285,0,5,40,1,model.layers.3.self_attn.compressor.state_cache
3607844178342470,3607844178917721,3607844179105382,3607844182914704,1,5,40,4,model.layers.2.self_attn.indexer.k_cache
3607844183119894,3607844183124094,3607844183326455,3607844183760486,0,5,40,4,model.layers.2.self_attn.attn
3607844184063767,3607844184068287,3607844184255288,3607844184919790,0,5,40,128,model.layers.3.self_attn.attn
3607844185203211,3607844185207531,3607844185391221,3607844186049593,0,5,40,1,model.layers.0.self_attn.swa_cache
3607844186329324,3607844186333524,3607844186521485,3607844186896376,0,5,40,1,model.layers.1.self_attn.swa_cache
3607844187167917,3607844187172057,3607844187354847,3607844187727699,0,5,40,1,model.layers.2.self_attn.compressor.state_cache
3607844187879509,3607844187883189,3607844188221880,3607844188682551,0,5,40,1,model.layers.2.self_attn.indexer.compressor.state_cache
3607844189011792,3607844189055553,3607844189275923,3607844189732145,0,5,40,1,model.layers.3.self_attn.compressor.state_cache
3607844240643311,3607844241207383,3607844241384554,3607844245315536,1,5,40,4,model.layers.2.self_attn.indexer.k_cache
3607844245570426,3607844245575566,3607844245821747,3607844246342179,0,5,40,4,model.layers.2.self_attn.attn
3607844246681900,3607844246687020,3607844246909431,3607844247742343,0,5,40,128,model.layers.3.self_attn.attn
3607844248093324,3607844248098734,3607844248322275,3607844249109627,0,5,40,1,model.layers.0.self_attn.swa_cache
3607844249443548,3607844249448698,3607844249669909,3607844250126030,0,5,40,1,model.layers.1.self_attn.swa_cache
3607844250452981,3607844250458422,3607844250675972,3607844251136324,0,5,40,1,model.layers.2.self_attn.compressor.state_cache
3607844251319774,3607844251324664,3607844251558555,3607844252015486,0,5,40,1,model.layers.2.self_attn.indexer.compressor.state_cache
3607844252343967,3607844252387147,3607844252615928,3607844253153490,0,5,40,1,model.layers.3.self_attn.compressor.state_cache
3607844302811013,3607844303383904,3607844303568985,3607844307361907,1,5,40,4,model.layers.2.self_attn.indexer.k_cache
3607844307587597,3607844307591827,3607844307794638,3607844308243459,0,5,40,4,model.layers.2.self_attn.attn
3607844308531810,3607844308536310,3607844308721961,3607844309388483,0,5,40,128,model.layers.3.self_attn.attn
3607844309672064,3607844309676634,3607844309937494,3607844310739847,0,5,40,1,model.layers.0.self_attn.swa_cache
3607844311074558,3607844311080218,3607844311303419,3607844311756650,0,5,40,1,model.layers.1.self_attn.swa_cache
3607844312097861,3607844312103081,3607844312322992,3607844312785653,0,5,40,1,model.layers.2.self_attn.compressor.state_cache
3607844312993844,3607844312998184,3607844313238185,3607844313686206,0,5,40,1,model.layers.2.self_attn.indexer.compressor.state_cache
3607844314013667,3607844314058387,3607844314275818,3607844314732179,0,5,40,1,model.layers.3.self_attn.compressor.state_cache
3607844368241064,3607844368820586,3607844369006816,3607844372584947,1,4,32,4,model.layers.2.self_attn.indexer.k_cache
3607844372808728,3607844372812588,3607844373019649,3607844373454850,0,4,32,4,model.layers.2.self_attn.attn
3607844373741881,3607844373746131,3607844373932191,3607844374598873,0,4,32,128,model.layers.3.self_attn.attn
3607844374928684,3607844374933744,3607844375154375,3607844375918877,0,4,32,1,model.layers.0.self_attn.swa_cache
3607844376260958,3607844376266118,3607844376479059,3607844376919560,0,4,32,1,model.layers.1.self_attn.swa_cache
3607844377237121,3607844377242141,3607844377452032,3607844377889943,0,4,32,1,model.layers.2.self_attn.compressor.state_cache
3607844378066164,3607844378070564,3607844378299175,3607844378737116,0,4,32,1,model.layers.2.self_attn.indexer.compressor.state_cache
3607844379051277,3607844379093887,3607844379306928,3607844379742079,0,4,32,1,model.layers.3.self_attn.compressor.state_cache
3607844430676866,3607844431252048,3607844431436038,3607844434755298,1,3,24,4,model.layers.2.self_attn.indexer.k_cache
3607844434964509,3607844434968449,3607844435175630,3607844435619521,0,3,24,4,model.layers.2.self_attn.attn
3607844435900832,3607844435905122,3607844436104893,3607844436785395,0,3,24,128,model.layers.3.self_attn.attn
3607844437069526,3607844437073966,3607844437254896,3607844437911788,0,3,24,1,model.layers.0.self_attn.swa_cache
3607844438190159,3607844438194409,3607844438376620,3607844438756901,0,3,24,1,model.layers.1.self_attn.swa_cache
3607844439029302,3607844439033872,3607844439214172,3607844439700814,0,3,24,1,model.layers.2.self_attn.compressor.state_cache
3607844439870054,3607844439874574,3607844440102175,3607844440530206,0,3,24,1,model.layers.2.self_attn.indexer.compressor.state_cache
3607844440838207,3607844440881377,3607844441086348,3607844441504499,0,3,24,1,model.layers.3.self_attn.compressor.state_cache
3607844492738757,3607844493317189,3607844493501339,3607844496693819,1,3,24,4,model.layers.2.self_attn.indexer.k_cache
3607844496930730,3607844496935200,3607844497155940,3607844497620682,0,3,24,4,model.layers.2.self_attn.attn
3607844497931983,3607844497936613,3607844498136173,3607844498858716,0,3,24,128,model.layers.3.self_attn.attn
3607844499157986,3607844499163007,3607844499366087,3607844500090089,0,3,24,1,model.layers.0.self_attn.swa_cache
3607844500392160,3607844500396860,3607844500593411,3607844501001692,0,3,24,1,model.layers.1.self_attn.swa_cache
3607844501294573,3607844501299233,3607844501499564,3607844501908795,0,3,24,1,model.layers.2.self_attn.compressor.state_cache
3607844502073485,3607844502077485,3607844502291686,3607844502701447,0,3,24,1,model.layers.2.self_attn.indexer.compressor.state_cache
3607844502997888,3607844503038678,3607844503234179,3607844503636320,0,3,24,1,model.layers.3.self_attn.compressor.state_cache
3607844556549623,3607844557118965,3607844557302025,3607844560292005,1,3,24,4,model.layers.2.self_attn.indexer.k_cache
3607844560514945,3607844560518605,3607844560721796,3607844561151167,0,3,24,4,model.layers.2.self_attn.attn
3607844561492808,3607844561497618,3607844561700629,3607844562440751,0,3,24,128,model.layers.3.self_attn.attn
3607844562744162,3607844562748922,3607844562951093,3607844563666955,0,3,24,1,model.layers.0.self_attn.swa_cache
3607844563966536,3607844563971186,3607844564181847,3607844564595488,0,3,24,1,model.layers.1.self_attn.swa_cache
3607844564887689,3607844564892709,3607844565090219,3607844565503261,0,3,24,1,model.layers.2.self_attn.compressor.state_cache
3607844565667691,3607844565671671,3607844565883662,3607844566290573,0,3,24,1,model.layers.2.self_attn.indexer.compressor.state_cache
3607844566584424,3607844566623934,3607844566823105,3607844567229806,0,3,24,1,model.layers.3.self_attn.compressor.state_cache
3607844619221476,3607844619786108,3607844619969628,3607844623040778,1,3,24,4,model.layers.2.self_attn.indexer.k_cache
3607844623261118,3607844623265138,3607844623468099,3607844623906790,0,3,24,4,model.layers.2.self_attn.attn
3607844624203441,3607844624207871,3607844624392412,3607844625060974,0,3,24,128,model.layers.3.self_attn.attn
3607844625346325,3607844625350645,3607844625531445,3607844626187377,0,3,24,1,model.layers.0.self_attn.swa_cache
3607844626465978,3607844626470018,3607844626652119,3607844627092440,0,3,24,1,model.layers.1.self_attn.swa_cache
3607844627384281,3607844627388731,3607844627583602,3607844627992973,0,3,24,1,model.layers.2.self_attn.compressor.state_cache
3607844628165893,3607844628169683,3607844628383544,3607844628797055,0,3,24,1,model.layers.2.self_attn.indexer.compressor.state_cache
3607844629092096,3607844629133736,3607844629336167,3607844629744898,0,3,24,1,model.layers.3.self_attn.compressor.state_cache
3607844681423867,3607844681997799,3607844682181009,3607844685247289,1,3,24,4,model.layers.2.self_attn.indexer.k_cache
3607844685467160,3607844685471140,3607844685671970,3607844686112182,0,3,24,4,model.layers.2.self_attn.attn
3607844686411823,3607844686415793,3607844686598073,3607844687262855,0,3,24,128,model.layers.3.self_attn.attn
3607844687545826,3607844687550336,3607844687732807,3607844688411479,0,3,24,1,model.layers.0.self_attn.swa_cache
3607844688692430,3607844688696920,3607844688882730,3607844689265451,0,3,24,1,model.layers.1.self_attn.swa_cache
3607844689539912,3607844689544562,3607844689726383,3607844690103074,0,3,24,1,model.layers.2.self_attn.compressor.state_cache
3607844690254754,3607844690258534,3607844690456955,3607844690830466,0,3,24,1,model.layers.2.self_attn.indexer.compressor.state_cache
3607844691098417,3607844691135027,3607844691316878,3607844691729839,0,3,24,1,model.layers.3.self_attn.compressor.state_cache
3607844744906532,3607844745485584,3607844745672365,3607844748810004,1,3,24,4,model.layers.2.self_attn.indexer.k_cache
3607844749043335,3607844749047945,3607844749267726,3607844749731977,0,3,24,4,model.layers.2.self_attn.attn
3607844750038638,3607844750043448,3607844750240369,3607844750953421,0,3,24,128,model.layers.3.self_attn.attn
3607844751256422,3607844751261142,3607844751463043,3607844752190605,0,3,24,1,model.layers.0.self_attn.swa_cache
3607844752492356,3607844752497236,3607844752698466,3607844753110048,0,3,24,1,model.layers.1.self_attn.swa_cache
3607844753408519,3607844753412979,3607844753611769,3607844754015440,0,3,24,1,model.layers.2.self_attn.compressor.state_cache
3607844754179741,3607844754183741,3607844754401652,3607844754800643,0,3,24,1,model.layers.2.self_attn.indexer.compressor.state_cache
3607844755094484,3607844755135034,3607844755333595,3607844755743136,0,3,24,1,model.layers.3.self_attn.compressor.state_cache
3607844808029487,3607844808608548,3607844808792469,3607844811850608,1,3,24,4,model.layers.2.self_attn.indexer.k_cache
3607844812083319,3607844812087239,3607844812303800,3607844812739591,0,3,24,4,model.layers.2.self_attn.attn
3607844813025122,3607844813029352,3607844813213353,3607844813980135,0,3,24,128,model.layers.3.self_attn.attn
3607844814285816,3607844814290506,3607844814493537,3607844815207819,0,3,24,1,model.layers.0.self_attn.swa_cache
3607844815505080,3607844815509760,3607844815705450,3607844816116121,0,3,24,1,model.layers.1.self_attn.swa_cache
3607844816408632,3607844816413442,3607844816610993,3607844817014964,0,3,24,1,model.layers.2.self_attn.compressor.state_cache
3607844817179295,3607844817183335,3607844817398005,3607844817808647,0,3,24,1,model.layers.2.self_attn.indexer.compressor.state_cache
3607844818101838,3607844818141328,3607844818340798,3607844818741570,0,3,24,1,model.layers.3.self_attn.compressor.state_cache
3607844871002080,3607844871585452,3607844871773583,3607844874835862,1,3,24,4,model.layers.2.self_attn.indexer.k_cache
3607844875047613,3607844875052113,3607844875259523,3607844875693515,0,3,24,4,model.layers.2.self_attn.attn
3607844875983926,3607844875988286,3607844876190296,3607844876857148,0,3,24,128,model.layers.3.self_attn.attn
3607844877164759,3607844877169159,3607844877352640,3607844878009922,0,3,24,1,model.layers.0.self_attn.swa_cache
3607844878329783,3607844878334743,3607844878536764,3607844878944675,0,3,24,1,model.layers.1.self_attn.swa_cache
3607844879237886,3607844879242766,3607844879441076,3607844879847818,0,3,24,1,model.layers.2.self_attn.compressor.state_cache
3607844880022098,3607844880026128,3607844880244609,3607844880643530,0,3,24,1,model.layers.2.self_attn.indexer.compressor.state_cache
3607844880934641,3607844880974991,3607844881174942,3607844881582173,0,3,24,1,model.layers.3.self_attn.compressor.state_cache
3607844933270192,3607844933842734,3607844934024734,3607844937030563,1,3,24,4,model.layers.2.self_attn.indexer.k_cache
3607844937250644,3607844937254954,3607844937455315,3607844937884946,0,3,24,4,model.layers.2.self_attn.attn
3607844938164497,3607844938168877,3607844938353368,3607844939026470,0,3,24,128,model.layers.3.self_attn.attn
3607844939306120,3607844939310390,3607844939494851,3607844940170053,0,3,24,1,model.layers.0.self_attn.swa_cache
3607844940448064,3607844940452424,3607844940635005,3607844941015256,0,3,24,1,model.layers.1.self_attn.swa_cache
3607844941292267,3607844941296667,3607844941480777,3607844941862488,0,3,24,1,model.layers.2.self_attn.compressor.state_cache
3607844942021039,3607844942024939,3607844942224369,3607844942603161,0,3,24,1,model.layers.2.self_attn.indexer.compressor.state_cache
3607844942876901,3607844942912692,3607844943096572,3607844943521613,0,3,24,1,model.layers.3.self_attn.compressor.state_cache
3607844995009272,3607844995569984,3607844995752844,3607844998878294,1,3,24,4,model.layers.2.self_attn.indexer.k_cache
3607844999099804,3607844999104424,3607844999310525,3607844999785557,0,3,24,4,model.layers.2.self_attn.attn
3607845000114458,3607845000119388,3607845000330798,3607845001061290,0,3,24,128,model.layers.3.self_attn.attn
3607845001371291,3607845001376111,3607845001579322,3607845002304374,0,3,24,1,model.layers.0.self_attn.swa_cache
3607845002606935,3607845002611815,3607845002814396,3607845003235027,0,3,24,1,model.layers.1.self_attn.swa_cache
3607845003533928,3607845003538818,3607845003741279,3607845004192200,0,3,24,1,model.layers.2.self_attn.compressor.state_cache
3607845004365341,3607845004369881,3607845004614741,3607845005052453,0,3,24,1,model.layers.2.self_attn.indexer.compressor.state_cache
3607845005366524,3607845005412514,3607845005621114,3607845006044566,0,3,24,1,model.layers.3.self_attn.compressor.state_cache
3607845057093663,3607845057669245,3607845057849565,3607845060697914,1,2,16,4,model.layers.2.self_attn.indexer.k_cache
3607845060924575,3607845060928575,3607845061132855,3607845061564547,0,2,16,4,model.layers.2.self_attn.attn
3607845061854777,3607845061859427,3607845062044548,3607845062723880,0,2,16,128,model.layers.3.self_attn.attn
3607845063006321,3607845063010861,3607845063195132,3607845063852824,0,2,16,1,model.layers.0.self_attn.swa_cache
3607845064262535,3607845064267825,3607845064467075,3607845064873857,0,2,16,1,model.layers.1.self_attn.swa_cache
3607845065167708,3607845065172228,3607845065367248,3607845065773559,0,2,16,1,model.layers.2.self_attn.compressor.state_cache
3607845065937950,3607845065942110,3607845066157191,3607845066578632,0,2,16,1,model.layers.2.self_attn.indexer.compressor.state_cache
3607845066871353,3607845066912133,3607845067108884,3607845067514855,0,2,16,1,model.layers.3.self_attn.compressor.state_cache
3607845118334051,3607845118908483,3607845119090704,3607845123510907,1,2,16,4,model.layers.2.self_attn.indexer.k_cache
3607845123755938,3607845123760348,3607845123985969,3607845124477430,0,2,16,4,model.layers.2.self_attn.attn
3607845124786921,3607845124791691,3607845124992292,3607845125712094,0,2,16,128,model.layers.3.self_attn.attn
3607845126014825,3607845126019815,3607845126221485,3607845126934698,0,2,16,1,model.layers.0.self_attn.swa_cache
3607845127233149,3607845127238189,3607845127436649,3607845127839630,0,2,16,1,model.layers.1.self_attn.swa_cache
3607845128145371,3607845128150071,3607845128346532,3607845128755143,0,2,16,1,model.layers.2.self_attn.compressor.state_cache
3607845128944814,3607845128948844,3607845129162884,3607845129640156,0,2,16,1,model.layers.2.self_attn.indexer.compressor.state_cache
3607845129970827,3607845130014887,3607845130232618,3607845130680209,0,2,16,1,model.layers.3.self_attn.compressor.state_cache
3607845180996594,3607845181574066,3607845181758006,3607845185136067,1,2,16,4,model.layers.2.self_attn.indexer.k_cache
3607845185358837,3607845185362817,3607845185566678,3607845186000429,0,2,16,4,model.layers.2.self_attn.attn
3607845186367250,3607845186372270,3607845186583531,3607845187355063,0,2,16,128,model.layers.3.self_attn.attn
3607845187674044,3607845187679034,3607845187891115,3607845188674108,0,2,16,1,model.layers.0.self_attn.swa_cache
3607845188994259,3607845188999159,3607845189213689,3607845189653221,0,2,16,1,model.layers.1.self_attn.swa_cache
3607845189968122,3607845189973462,3607845190181302,3607845190622664,0,2,16,1,model.layers.2.self_attn.compressor.state_cache
3607845190799524,3607845190803764,3607845191028625,3607845191461816,0,2,16,1,model.layers.2.self_attn.indexer.compressor.state_cache
3607845191776737,3607845191820097,3607845192040028,3607845192472369,0,2,16,1,model.layers.3.self_attn.compressor.state_cache
3607845241984372,3607845242549343,3607845242733244,3607845247416448,1,2,16,4,model.layers.2.self_attn.indexer.k_cache
3607845247636639,3607845247640599,3607845247845050,3607845248303111,0,2,16,4,model.layers.2.self_attn.attn
3607845248585242,3607845248589402,3607845248776172,3607845249453125,0,2,16,128,model.layers.3.self_attn.attn
3607845249735935,3607845249740195,3607845249921276,3607845250587238,0,2,16,1,model.layers.0.self_attn.swa_cache
3607845250867849,3607845250872339,3607845251111070,3607845251644411,0,2,16,1,model.layers.1.self_attn.swa_cache
3607845252023812,3607845252029872,3607845252290583,3607845252811085,0,2,16,1,model.layers.2.self_attn.compressor.state_cache
3607845253019945,3607845253024936,3607845253300396,3607845253814558,0,2,16,1,model.layers.2.self_attn.indexer.compressor.state_cache
3607845254181569,3607845254231449,3607845254482530,3607845255004052,0,2,16,1,model.layers.3.self_attn.compressor.state_cache
3607845304986825,3607845305566527,3607845305751668,3607845309469539,1,2,16,4,model.layers.2.self_attn.indexer.k_cache
3607845309713090,3607845309717280,3607845309924251,3607845310369742,0,2,16,4,model.layers.2.self_attn.attn
3607845310652033,3607845310656543,3607845310840033,3607845311516715,0,2,16,128,model.layers.3.self_attn.attn
3607845311800396,3607845311805106,3607845311990567,3607845312663509,0,2,16,1,model.layers.0.self_attn.swa_cache
3607845312942300,3607845312946810,3607845313131850,3607845313514562,0,2,16,1,model.layers.1.self_attn.swa_cache
3607845313788972,3607845313793422,3607845313976623,3607845314354524,0,2,16,1,model.layers.2.self_attn.compressor.state_cache
3607845314505385,3607845314509275,3607845314704605,3607845315089126,0,2,16,1,model.layers.2.self_attn.indexer.compressor.state_cache
3607845315361577,3607845315399267,3607845315585158,3607845316054069,0,2,16,1,model.layers.3.self_attn.compressor.state_cache
3607845366705845,3607845367267707,3607845367449398,3607845372139792,1,2,16,4,model.layers.2.self_attn.indexer.k_cache
3607845372358393,3607845372362213,3607845372678924,3607845373272915,0,2,16,4,model.layers.2.self_attn.attn
3607845373654227,3607845373660097,3607845373909857,3607845374817510,0,2,16,128,model.layers.3.self_attn.attn
3607845375215701,3607845375221571,3607845375475862,3607845376401605,0,2,16,1,model.layers.0.self_attn.swa_cache
3607845376780946,3607845376786936,3607845377038547,3607845377555539,0,2,16,1,model.layers.1.self_attn.swa_cache
3607845377926850,3607845377932610,3607845378178951,3607845378690602,0,2,16,1,model.layers.2.self_attn.compressor.state_cache
3607845378896783,3607845378901783,3607845379169294,3607845379678725,0,2,16,1,model.layers.2.self_attn.indexer.compressor.state_cache
3607845380061346,3607845380110806,3607845380360677,3607845380795919,0,2,16,1,model.layers.3.self_attn.compressor.state_cache
3607845429963990,3607845430553172,3607845430742442,3607845434756835,1,1,8,4,model.layers.2.self_attn.indexer.k_cache
3607845434997685,3607845435001785,3607845435209746,3607845435640897,0,1,8,4,model.layers.2.self_attn.attn
3607845435931408,3607845435935648,3607845436142519,3607845436814531,0,1,8,128,model.layers.3.self_attn.attn
3607845437099632,3607845437103952,3607845437290102,3607845438060005,0,1,8,1,model.layers.0.self_attn.swa_cache
3607845438394006,3607845438399256,3607845438618966,3607845439081058,0,1,8,1,model.layers.1.self_attn.swa_cache
3607845439409149,3607845439414699,3607845439633990,3607845440103771,0,1,8,1,model.layers.2.self_attn.compressor.state_cache
3607845440287582,3607845440292272,3607845440536082,3607845440991514,0,1,8,1,model.layers.2.self_attn.indexer.compressor.state_cache
3607845441324375,3607845441370155,3607845441595316,3607845442041487,0,1,8,1,model.layers.3.self_attn.compressor.state_cache
3607845491344579,3607845491931350,3607845492130161,3607845498832212,1,1,8,4,model.layers.2.self_attn.indexer.k_cache
3607845499065162,3607845499069472,3607845499308473,3607845499783735,0,1,8,4,model.layers.2.self_attn.attn
3607845500110686,3607845500115626,3607845500317306,3607845501045948,0,1,8,128,model.layers.3.self_attn.attn
3607845501351719,3607845501356579,3607845501557210,3607845502271122,0,1,8,1,model.layers.0.self_attn.swa_cache
3607845502652963,3607845502659713,3607845502945644,3607845503523566,0,1,8,1,model.layers.1.self_attn.swa_cache
3607845503939667,3607845503946287,3607845504244168,3607845504824010,0,1,8,1,model.layers.2.self_attn.compressor.state_cache
3607845505054791,3607845505060541,3607845505362632,3607845505933043,0,1,8,1,model.layers.2.self_attn.indexer.compressor.state_cache
3607845506345475,3607845506400825,3607845506679826,3607845507258098,0,1,8,1,model.layers.3.self_attn.compressor.state_cache
3607845554727714,3607845555291585,3607845555475306,3607845561822615,1,1,8,4,model.layers.2.self_attn.indexer.k_cache
3607845562092176,3607845562097346,3607845562355607,3607845562899399,0,1,8,4,model.layers.2.self_attn.attn
3607845563255940,3607845563261170,3607845563501321,3607845564376403,0,1,8,128,model.layers.3.self_attn.attn
3607845564737814,3607845564743384,3607845564979355,3607845565818208,0,1,8,1,model.layers.0.self_attn.swa_cache
3607845566174909,3607845566180179,3607845566413920,3607845566896331,0,1,8,1,model.layers.1.self_attn.swa_cache
3607845567285262,3607845567290462,3607845567521893,3607845567994894,0,1,8,1,model.layers.2.self_attn.compressor.state_cache
3607845568202305,3607845568207295,3607845568463006,3607845568941217,0,1,8,1,model.layers.2.self_attn.indexer.compressor.state_cache
3607845569284418,3607845569329829,3607845569562709,3607845570035691,0,1,8,1,model.layers.3.self_attn.compressor.state_cache
3607845617280936,3607845617857148,3607845618041368,3607845625042360,1,1,8,4,model.layers.2.self_attn.indexer.k_cache
3607845625310491,3607845625315311,3607845625576232,3607845626126873,0,1,8,4,model.layers.2.self_attn.attn
3607845626477344,3607845626483014,3607845626716355,3607845627574098,0,1,8,128,model.layers.3.self_attn.attn
3607845627934439,3607845627939739,3607845628195870,3607845629021062,0,1,8,1,model.layers.0.self_attn.swa_cache
3607845629370093,3607845629375423,3607845629611074,3607845630092575,0,1,8,1,model.layers.1.self_attn.swa_cache
3607845630436436,3607845630441797,3607845630678097,3607845631155929,0,1,8,1,model.layers.2.self_attn.compressor.state_cache
3607845631348319,3607845631353199,3607845631606210,3607845632087732,0,1,8,1,model.layers.2.self_attn.indexer.compressor.state_cache
3607845632369812,3607845632408483,3607845632597513,3607845632992554,0,1,8,1,model.layers.3.self_attn.compressor.state_cache
3607845680470490,3607845681041712,3607845681223053,3607845688228104,1,1,8,4,model.layers.2.self_attn.indexer.k_cache
3607845688456505,3607845688460635,3607845688666566,3607845689095667,0,1,8,4,model.layers.2.self_attn.attn
3607845689578788,3607845689586178,3607845689893509,3607845691003873,0,1,8,128,model.layers.3.self_attn.attn
3607845691467534,3607845691475364,3607845691783635,3607845692900449,0,1,8,1,model.layers.0.self_attn.swa_cache
3607845693394260,3607845693401820,3607845693710191,3607845694346173,0,1,8,1,model.layers.1.self_attn.swa_cache
3607845694797464,3607845694804945,3607845695110235,3607845695733607,0,1,8,1,model.layers.2.self_attn.compressor.state_cache
3607845695984558,3607845695991168,3607845696344009,3607845696968671,0,1,8,1,model.layers.2.self_attn.indexer.compressor.state_cache
3607845697424753,3607845697461383,3607845697643643,3607845698019154,0,1,8,1,model.layers.3.self_attn.compressor.state_cache
3607845743953196,3607845744544368,3607845744731808,3607845750756797,1,1,8,4,model.layers.2.self_attn.indexer.k_cache
3607845750970957,3607845750974817,3607845751182638,3607845751622679,0,1,8,4,model.layers.2.self_attn.attn
3607845751901470,3607845751905820,3607845752112871,3607845752784013,0,1,8,128,model.layers.3.self_attn.attn
3607845753065494,3607845753069734,3607845753257764,3607845753959096,0,1,8,1,model.layers.0.self_attn.swa_cache
3607845754415338,3607845754422678,3607845754737279,3607845755371191,0,1,8,1,model.layers.1.self_attn.swa_cache
3607845755823952,3607845755831122,3607845756154823,3607845756782795,0,1,8,1,model.layers.2.self_attn.compressor.state_cache
3607845757034446,3607845757040466,3607845757374407,3607845757999569,0,1,8,1,model.layers.2.self_attn.indexer.compressor.state_cache
3607845758442430,3607845758503540,3607845758810011,3607845759429153,0,1,8,1,model.layers.3.self_attn.compressor.state_cache
3607845806481358,3607845807054390,3607845807237990,3607845811886235,1,1,8,4,model.layers.2.self_attn.indexer.k_cache
3607845812155886,3607845812160896,3607845812415636,3607845812953258,0,1,8,4,model.layers.2.self_attn.attn
3607845813290039,3607845813295259,3607845813514490,3607845814310662,0,1,8,128,model.layers.3.self_attn.attn
3607845814646703,3607845814651953,3607845814875864,3607845815666886,0,1,8,1,model.layers.0.self_attn.swa_cache
3607845816012687,3607845816018347,3607845816244698,3607845816709910,0,1,8,1,model.layers.1.self_attn.swa_cache
3607845817039901,3607845817044961,3607845817267321,3607845817728633,0,1,8,1,model.layers.2.self_attn.compressor.state_cache
3607845817912623,3607845817917263,3607845818155984,3607845818634315,0,1,8,1,model.layers.2.self_attn.indexer.compressor.state_cache
3607845818928676,3607845818966336,3607845819163337,3607845819573428,0,1,8,1,model.layers.3.self_attn.compressor.state_cache
3607845867291745,3607845867860067,3607845868052567,3607845874341187,1,1,8,4,model.layers.2.self_attn.indexer.k_cache
3607845874555197,3607845874559088,3607845874765958,3607845875200189,0,1,8,4,model.layers.2.self_attn.attn
3607845875484860,3607845875489190,3607845875736451,3607845876888125,0,1,8,128,model.layers.3.self_attn.attn
3607845877359496,3607845877366696,3607845877676717,3607845878795061,0,1,8,1,model.layers.0.self_attn.swa_cache
3607845879255972,3607845879263022,3607845879582803,3607845880232735,0,1,8,1,model.layers.1.self_attn.swa_cache
3607845880698486,3607845880705616,3607845881014297,3607845881658639,0,1,8,1,model.layers.2.self_attn.compressor.state_cache
3607845881909600,3607845881916270,3607845882248481,3607845882872623,0,1,8,1,model.layers.2.self_attn.indexer.compressor.state_cache
3607845883323364,3607845883383075,3607845883716186,3607845884102837,0,1,8,1,model.layers.3.self_attn.compressor.state_cache
3607845930342199,3607845930908131,3607845931105651,3607845936444628,1,1,8,4,model.layers.2.self_attn.indexer.k_cache
3607845936659179,3607845936663149,3607845936868599,3607845937310811,0,1,8,4,model.layers.2.self_attn.attn
3607845937591621,3607845937595711,3607845937780362,3607845938450774,0,1,8,128,model.layers.3.self_attn.attn
3607845938730935,3607845938735305,3607845938921046,3607845939581708,0,1,8,1,model.layers.0.self_attn.swa_cache
3607845939858318,3607845939862648,3607845940059989,3607845940443790,0,1,8,1,model.layers.1.self_attn.swa_cache
3607845940722721,3607845940726921,3607845941027702,3607845941568704,0,1,8,1,model.layers.2.self_attn.compressor.state_cache
3607845941789264,3607845941794664,3607845942082195,3607845942624847,0,1,8,1,model.layers.2.self_attn.indexer.compressor.state_cache
3607845943041748,3607845943093298,3607845943359739,3607845943893651,0,1,8,1,model.layers.3.self_attn.compressor.state_cache
3607845992232330,3607845992800671,3607845992980132,3607845999527582,1,1,8,4,model.layers.2.self_attn.indexer.k_cache
3607845999828863,3607845999835113,3607846000151394,3607846000773096,0,1,8,4,model.layers.2.self_attn.attn
3607846001179777,3607846001186027,3607846001455068,3607846002417051,0,1,8,128,model.layers.3.self_attn.attn
3607846002818452,3607846002824652,3607846003087153,3607846004061636,0,1,8,1,model.layers.0.self_attn.swa_cache
3607846004461067,3607846004467457,3607846004732368,3607846005288070,0,1,8,1,model.layers.1.self_attn.swa_cache
3607846005713501,3607846005718221,3607846005922342,3607846006340743,0,1,8,1,model.layers.2.self_attn.compressor.state_cache
3607846006507973,3607846006512093,3607846006732154,3607846007157005,0,1,8,1,model.layers.2.self_attn.indexer.compressor.state_cache
3607846007454066,3607846007494866,3607846007696757,3607846008127908,0,1,8,1,model.layers.3.self_attn.compressor.state_cache
3607846054920772,3607846055486214,3607846055670225,3607846061392182,1,1,8,4,model.layers.2.self_attn.indexer.k_cache
3607846061605323,3607846061609443,3607846061815844,3607846062245405,0,1,8,4,model.layers.2.self_attn.attn
3607846062524626,3607846062529136,3607846062792697,3607846063814700,0,1,8,128,model.layers.3.self_attn.attn
3607846064259341,3607846064265551,3607846064547752,3607846065573705,0,1,8,1,model.layers.0.self_attn.swa_cache
3607846066006576,3607846066013796,3607846066294107,3607846066875669,0,1,8,1,model.layers.1.self_attn.swa_cache
3607846067287610,3607846067293930,3607846067571661,3607846068150553,0,1,8,1,model.layers.2.self_attn.compressor.state_cache
3607846068382344,3607846068388174,3607846068692045,3607846069266636,0,1,8,1,model.layers.2.self_attn.indexer.compressor.state_cache
3607846069675348,3607846069729588,3607846070007519,3607846070570231,0,1,8,1,model.layers.3.self_attn.compressor.state_cache
3607846117002413,3607846117571095,3607846117758906,3607846122223999,1,1,8,4,model.layers.2.self_attn.indexer.k_cache
3607846122452670,3607846122456690,3607846122660031,3607846123089082,0,1,8,4,model.layers.2.self_attn.attn
3607846123375163,3607846123379143,3607846123562984,3607846124244446,0,1,8,128,model.layers.3.self_attn.attn
3607846124543787,3607846124548327,3607846124736607,3607846125402609,0,1,8,1,model.layers.0.self_attn.swa_cache
3607846125689330,3607846125693650,3607846125878771,3607846126260102,0,1,8,1,model.layers.1.self_attn.swa_cache
3607846126534183,3607846126538133,3607846126719013,3607846127092824,0,1,8,1,model.layers.2.self_attn.compressor.state_cache
3607846127297645,3607846127302545,3607846127566626,3607846128064687,0,1,8,1,model.layers.2.self_attn.indexer.compressor.state_cache
3607846128421568,3607846128469069,3607846128707749,3607846129200641,0,1,8,1,model.layers.3.self_attn.compressor.state_cache
3607846176914248,3607846177485989,3607846177672730,3607846183030376,1,1,8,4,model.layers.2.self_attn.indexer.k_cache
3607846183249437,3607846183253737,3607846183457688,3607846183895389,0,1,8,4,model.layers.2.self_attn.attn
3607846184297870,3607846184303470,3607846184556681,3607846185401304,0,1,8,128,model.layers.3.self_attn.attn
3607846185775555,3607846185781305,3607846186014816,3607846186854428,0,1,8,1,model.layers.0.self_attn.swa_cache
3607846187208599,3607846187214159,3607846187443220,3607846187925032,0,1,8,1,model.layers.1.self_attn.swa_cache
3607846188285083,3607846188290363,3607846188523143,3607846189001965,0,1,8,1,model.layers.2.self_attn.compressor.state_cache
3607846189194985,3607846189200065,3607846189454046,3607846189927968,0,1,8,1,model.layers.2.self_attn.indexer.compressor.state_cache
3607846190271629,3607846190317029,3607846190551720,3607846191020251,0,1,8,1,model.layers.3.self_attn.compressor.state_cache
3607846237832345,3607846238403797,3607846238589457,3607846244135924,1,1,8,4,model.layers.2.self_attn.indexer.k_cache
3607846244360705,3607846244364685,3607846244572696,3607846245004557,0,1,8,4,model.layers.2.self_attn.attn
3607846245315358,3607846245319678,3607846245505219,3607846246175941,0,1,8,128,model.layers.3.self_attn.attn
3607846246460752,3607846246465062,3607846246650352,3607846247315284,0,1,8,1,model.layers.0.self_attn.swa_cache
3607846247593845,3607846247598095,3607846247780886,3607846248179617,0,1,8,1,model.layers.1.self_attn.swa_cache
3607846248454888,3607846248459158,3607846248728259,3607846249268360,0,1,8,1,model.layers.2.self_attn.compressor.state_cache
3607846249485611,3607846249491231,3607846249778502,3607846250331984,0,1,8,1,model.layers.2.self_attn.indexer.compressor.state_cache
3607846250729005,3607846250781925,3607846251048686,3607846251589777,0,1,8,1,model.layers.3.self_attn.compressor.state_cache
3607846299310444,3607846299882946,3607846300078257,3607846305755684,1,1,8,4,model.layers.2.self_attn.indexer.k_cache
3607846306043425,3607846306049135,3607846306348166,3607846306982248,0,1,8,4,model.layers.2.self_attn.attn
3607846307390959,3607846307397259,3607846307663630,3607846308670713,0,1,8,128,model.layers.3.self_attn.attn
3607846309077574,3607846309084024,3607846309358195,3607846310301918,0,1,8,1,model.layers.0.self_attn.swa_cache
3607846310699139,3607846310705459,3607846310972150,3607846311526182,0,1,8,1,model.layers.1.self_attn.swa_cache
3607846311919433,3607846311925643,3607846312210134,3607846312752526,0,1,8,1,model.layers.2.self_attn.compressor.state_cache
3607846312973366,3607846312978956,3607846313265647,3607846313712439,0,1,8,1,model.layers.2.self_attn.indexer.compressor.state_cache
3607846313988319,3607846314024989,3607846314207770,3607846314583091,0,1,8,1,model.layers.3.self_attn.compressor.state_cache
3607846360902004,3607846361480575,3607846361667636,3607846368258146,1,1,8,4,model.layers.2.self_attn.indexer.k_cache
3607846368493957,3607846368497987,3607846368704878,3607846369151899,0,1,8,4,model.layers.2.self_attn.attn
3607846369438730,3607846369442740,3607846369628791,3607846370300583,0,1,8,128,model.layers.3.self_attn.attn
3607846370585533,3607846370590033,3607846370838354,3607846372039008,0,1,8,1,model.layers.0.self_attn.swa_cache
3607846372534749,3607846372542379,3607846372869410,3607846373560063,0,1,8,1,model.layers.1.self_attn.swa_cache
3607846374049194,3607846374056354,3607846374387295,3607846375055277,0,1,8,1,model.layers.2.self_attn.compressor.state_cache
3607846375327718,3607846375333918,3607846375694889,3607846376398251,0,1,8,1,model.layers.2.self_attn.indexer.compressor.state_cache
3607846376885433,3607846376952383,3607846377278574,3607846377949126,0,1,8,1,model.layers.3.self_attn.compressor.state_cache
3607846425853633,3607846426423855,3607846426611056,3607846434095039,1,1,8,4,model.layers.2.self_attn.indexer.k_cache
3607846434325430,3607846434329440,3607846434539000,3607846434974152,0,1,8,4,model.layers.2.self_attn.attn
3607846435333453,3607846435340963,3607846435673844,3607846436912848,0,1,8,128,model.layers.3.self_attn.attn
3607846437414799,3607846437422759,3607846437765490,3607846438960904,0,1,8,1,model.layers.0.self_attn.swa_cache
3607846439454175,3607846439462025,3607846439795356,3607846440518749,0,1,8,1,model.layers.1.self_attn.swa_cache
3607846441012590,3607846441020190,3607846441353451,3607846442028793,0,1,8,1,model.layers.2.self_attn.compressor.state_cache
3607846442298774,3607846442305924,3607846442663365,3607846443362907,0,1,8,1,model.layers.2.self_attn.indexer.compressor.state_cache
3607846443640938,3607846443678808,3607846443865279,3607846444261840,0,1,8,1,model.layers.3.self_attn.compressor.state_cache
3607846490592663,3607846491181244,3607846491367095,3607846496587861,1,1,8,4,model.layers.2.self_attn.indexer.k_cache
3607846496802552,3607846496806732,3607846497010462,3607846497440614,0,1,8,4,model.layers.2.self_attn.attn
3607846497720775,3607846497724915,3607846497906915,3607846498581767,0,1,8,128,model.layers.3.self_attn.attn
3607846498862658,3607846498866898,3607846499050159,3607846499715351,0,1,8,1,model.layers.0.self_attn.swa_cache
3607846499995492,3607846499999752,3607846500396623,3607846500958195,0,1,8,1,model.layers.1.self_attn.swa_cache
3607846501351816,3607846501357856,3607846501620137,3607846502163508,0,1,8,1,model.layers.2.self_attn.compressor.state_cache
3607846502420019,3607846502425829,3607846502717990,3607846503266392,0,1,8,1,model.layers.2.self_attn.indexer.compressor.state_cache
3607846503656673,3607846503708113,3607846503972074,3607846504536696,0,1,8,1,model.layers.3.self_attn.compressor.state_cache
3607846552016422,3607846552587213,3607846552768684,3607846559045273,1,1,8,4,model.layers.2.self_attn.indexer.k_cache
3607846559340864,3607846559346224,3607846559622375,3607846560230087,0,1,8,4,model.layers.2.self_attn.attn
3607846560610978,3607846560616708,3607846560862889,3607846561768662,0,1,8,128,model.layers.3.self_attn.attn
3607846562143493,3607846562149343,3607846562396964,3607846563292826,0,1,8,1,model.layers.0.self_attn.swa_cache
3607846563667357,3607846563673087,3607846563919708,3607846564478570,0,1,8,1,model.layers.1.self_attn.swa_cache
3607846564844761,3607846564850421,3607846565182262,3607846565594643,0,1,8,1,model.layers.2.self_attn.compressor.state_cache
3607846565764164,3607846565768684,3607846565983815,3607846566384026,0,1,8,1,model.layers.2.self_attn.indexer.compressor.state_cache
3607846566683027,3607846566723977,3607846566923477,3607846567330929,0,1,8,1,model.layers.3.self_attn.compressor.state_cache
3607846613795042,3607846614359193,3607846614542994,3607846621250625,1,1,8,4,model.layers.2.self_attn.indexer.k_cache
3607846621476015,3607846621479905,3607846621681426,3607846622111167,0,1,8,4,model.layers.2.self_attn.attn
3607846622493158,3607846622499138,3607846622762829,3607846623730472,0,1,8,128,model.layers.3.self_attn.attn
3607846624147304,3607846624153584,3607846624418014,3607846625380717,0,1,8,1,model.layers.0.self_attn.swa_cache
3607846625781639,3607846625787729,3607846626051819,3607846626604811,0,1,8,1,model.layers.1.self_attn.swa_cache
3607846626992692,3607846626998732,3607846627256333,3607846627788655,0,1,8,1,model.layers.2.self_attn.compressor.state_cache
3607846628021625,3607846628027185,3607846628313106,3607846628850098,0,1,8,1,model.layers.2.self_attn.indexer.compressor.state_cache
3607846629242039,3607846629293469,3607846629551200,3607846630086152,0,1,8,1,model.layers.3.self_attn.compressor.state_cache
3607846676549485,3607846677121876,3607846677305467,3607846683546626,1,1,8,4,model.layers.2.self_attn.indexer.k_cache
3607846683772357,3607846683776407,3607846683982148,3607846684433679,0,1,8,4,model.layers.2.self_attn.attn
3607846684720230,3607846684724480,3607846684908780,3607846685588083,0,1,8,128,model.layers.3.self_attn.attn
3607846685875203,3607846685879673,3607846686067434,3607846686823236,0,1,8,1,model.layers.0.self_attn.swa_cache
3607846687296488,3607846687304198,3607846687617899,3607846688266251,0,1,8,1,model.layers.1.self_attn.swa_cache
3607846688721392,3607846688728292,3607846689034473,3607846689667415,0,1,8,1,model.layers.2.self_attn.compressor.state_cache
3607846689922126,3607846689928696,3607846690261107,3607846690887209,0,1,8,1,model.layers.2.self_attn.indexer.compressor.state_cache
3607846691338160,3607846691396590,3607846691704711,3607846692351623,0,1,8,1,model.layers.3.self_attn.compressor.state_cache
